"Case","Region","Case_Name","Date_Filed","Date_Closed","City","State","Unit ID","Tally_Date","Num_Eligible_Voters","Void Ballots","Labor_Union","Votes_For_Union","Labor Union2","Votes for Labor Union2","Labor Union3","Votes for Labor Union3","Votes_Against","Total_Ballots_Counted","Runoff Required","Challenged Ballots","Challenges are Determinative","Union to Certify","Tally_Type","Ballot_Type","Reason_Closed","Status","Voting Unit (Unit A)","Voting Unit (Unit B)","Voting Unit (Unit C)","Voting Unit (Unit D)","Length","Tally_Quarter","Filed_Quarter","size","Unique","Case_Type","Election_Data","Plot_Labor_Union","National_Count","National","Margin","Union_Cer","Didnt_Vote"
"32-RD-392595","Region 32, Oakland, California","Sutter Health - Alta Bates Summit",2026-08-10,NA,"Oakland","CA",NA,NA,46,NA,"OPEIU - Local 29",NA,NA,NA,NA,NA,NA,NA,NA,NA,NA,NA,NA,NA,NA,"Open",NA,NA,NA,NA,NA,NA,2026-07-01,"26-50",TRUE,"RD","No","OPEIU - Local 29",1,"OPEIU",NA,"Still Open",NA
"08-RD-392505","Region 08, Cleveland, Ohio","Kinnect",2026-08-07,NA,"Cleveland","OH",NA,NA,33,NA,"Office and Professional Employees International Union, Local 792",NA,NA,NA,NA,NA,NA,NA,NA,NA,NA,NA,NA,NA,NA,"Open",NA,NA,NA,NA,NA,NA,2026-07-01,"26-50",TRUE,"RD","No","Office and Professional Employees International Union, Local 792",1,"OPEIU",NA,"Still Open",NA
"19-RM-392101","Region 19, Seattle, Washington","Protocall Services, Inc.",2026-07-31,NA,"Portland","OR",NA,NA,342,NA,"Office & Professional Employees International Union, Local 11, affiliated with the AFL-CIO",NA,NA,NA,NA,NA,NA,NA,NA,NA,NA,NA,NA,NA,NA,"Open",NA,NA,NA,NA,NA,NA,2026-07-01,"101-500",TRUE,"RM","No","Office & Professional Employees International Union, Local 11, affiliated with the AFL-CIO",1,"OPEIU",NA,"Still Open",NA
"18-RC-389358","Region 18, Minneapolis, Minnesota","Midwest Organic Services Association Inc",2026-06-22,NA,"Viroqua","WI",NA,NA,3,NA,"Office and Professional Employees International Union Local 39",NA,NA,NA,NA,NA,NA,NA,NA,NA,NA,NA,NA,NA,NA,"Open",NA,NA,NA,NA,NA,NA,2026-04-01,"<5",TRUE,"RC","No","Office and Professional Employees International Union Local 39",1,"OPEIU",NA,"Still Open",NA
"07-RC-386420","Region 07, Detroit, Michigan","Bronson-Acadia Joint Venture, LLC",2026-05-01,NA,"Battle Creek","MI",NA,NA,51,NA,"Local 459, Office and Professional Employees International Union (OPEIU), AFL-CIO",NA,NA,NA,NA,NA,NA,NA,NA,NA,NA,NA,NA,NA,NA,"Open",NA,NA,NA,NA,NA,NA,2026-04-01,"51-100",TRUE,"RC","No","Local 459, Office and Professional Employees International Union (OPEIU), AFL-CIO",1,"OPEIU",NA,"Still Open",NA
"18-RC-385103","Region 18, Minneapolis, Minnesota","Midwest Organic Services Association Inc.",2026-04-17,2026-06-18,"Viroqua","WI","A",2026-06-09,28,NA,"Office and Professional Employees International Union - Local 39",19,NA,NA,NA,NA,3,22,NA,4,NA,"Office and Professional Employees International Union - Local 39","Initial","Single Labor Organization","Certific. of Representative","Closed","Included: All full-time and regular part-time Administrative Team Leaders, Administrative Specialists, Assistant Inspection Managers, Certification Compliance Specialists, Certification Customer Service Specialists, Certification Specialists, Client Services Coordinators, Client Services Specialists, Handler Customer Service Specialists, Inspection Coordinators, Inspection Specialists, IT Systems Analysts, Materials Review Specialists, and Program Managers (TOPP) employed by the Employer remotely and/or at its facility located in Viroqua, Wisconsin.

Excluded: All confidential employees, Staff Inspector employees, managerial employees, and guards, and supervisors as defined under the Act.",NA,NA,NA,53,2026-04-01,2026-04-01,"26-50",TRUE,"RC","Yes","Office and Professional Employees International Union - Local 39",1,"OPEIU",0.863636363636364,"Yes",6
"21-RC-378671","Region 21, Los Angeles, California","Womanhaven, A Center for Family Solutions",2026-01-09,2026-03-04,"El Centro","CA","A",2026-02-23,2,NA,"Office and Professional Employees International Union, Local 30",1,NA,NA,NA,NA,1,2,NA,NA,NA,NA,"Initial","Single Labor Organization","Certific. of Representative","Closed","VOTING GROUP A - PROFESSIONAL EMPLOYEES

Included: All full-time and regular part-time professional employees, including mental health counselors, employed by the Employer at its facility currently located at 510 West Main Street, Suite 106, El Centro, California.

Excluded: All other employees, temporary employees, administrative assistants WP, advocate liaison and child program coordinators, client advocates, community outreach employees, donation center temps, eligibility intake workers/housing advocates, empowerment coach advocates, housing advocates/advocate liaisons, lead case managers/shelter advocates, lead sales associates, maintenance clerks,  mental health technicians, quality control associates, shelter advocate/bilingual advocate, thrift store associate/warehouse, thrift store retail staff, thrift store cashier/sales clerk, assistant thrift store assistant, office clerical employees, managerial employees, guards, and supervisors as defined in the Act.","VOTING GROUP B - NON-PROFESSIONAL EMPLOYEES

Included:  All full-time and regular part-time non-professional employees, including administrative assistants WP, advocate liaison and child program coordinators, client advocates, community outreach employees eligibility intake workers/housing advocates, empowerment coach advocates, housing advocates/advocate liaisons, lead case managers/shelter advocates, lead sales associates, maintenance clerks,  mental health technicians, office clerical employees,  shelter advocate/bilingual advocate, thrift store associate/warehouse, thrift store retail staff, thrift store cashier/sales clerk, and quality control associates, employed by the Employer at its facility currently located at 510 West Main Street, Suite 106, El Centro, California.

Excluded: All other employees, temporary employees, mental health counselors, managerial employees, guards, and supervisors as defined in the Act. 

Others Permitted to Vote – VOTING GROUP B - NON-PROFESSIONAL EMPLOYEES :  The parties have agreed that maintenance property workers, office administrators/finance technicians, account specialists, and records management analysts may vote in the election, but their ballots will be challenged since their eligibility has not been resolved.  No decision has been made regarding whether the individuals in these classifications or groups are included in, or excluded from, the bargaining unit.  The eligibility or inclusion of these individuals will be resolved, if necessary, following the election.","VOTING GROUP B - NON-PROFESSIONAL EMPLOYEES

Included:  All full-time and regular part-time non-professional employees, including administrative assistants WP, advocate liaison and child program coordinators, client advocates, community outreach employees eligibility intake workers/housing advocates, empowerment coach advocates, housing advocates/advocate liaisons, lead case managers/shelter advocates, lead sales associates, maintenance clerks,  mental health technicians, office clerical employees,  shelter advocate/bilingual advocate, thrift store associate/warehouse, thrift store retail staff, thrift store cashier/sales clerk, and quality control associates, employed by the Employer at its facility currently located at 510 West Main Street, Suite 106, El Centro, California.

Excluded: All other employees, temporary employees, mental health counselors, managerial employees, guards, and supervisors as defined in the Act. 

Others Permitted to Vote – VOTING GROUP B - NON-PROFESSIONAL EMPLOYEES :  The parties have agreed that maintenance property workers, office administrators/finance technicians, account specialists, and records management analysts may vote in the election, but their ballots will be challenged since their eligibility has not been resolved.  No decision has been made regarding whether the individuals in these classifications or groups are included in, or excluded from, the bargaining unit.  The eligibility or inclusion of these individuals will be resolved, if necessary, following the election.","VOTING GROUP B - NON-PROFESSIONAL EMPLOYEES

Included:  All full-time and regular part-time non-professional employees, including administrative assistants WP, advocate liaison and child program coordinators, client advocates, community outreach employees eligibility intake workers/housing advocates, empowerment coach advocates, housing advocates/advocate liaisons, lead case managers/shelter advocates, lead sales associates, maintenance clerks,  mental health technicians, office clerical employees,  shelter advocate/bilingual advocate, thrift store associate/warehouse, thrift store retail staff, thrift store cashier/sales clerk, and quality control associates, employed by the Employer at its facility currently located at 510 West Main Street, Suite 106, El Centro, California.

Excluded: All other employees, temporary employees, mental health counselors, managerial employees, guards, and supervisors as defined in the Act. 

Others Permitted to Vote – VOTING GROUP B - NON-PROFESSIONAL EMPLOYEES :  The parties have agreed that maintenance property workers, office administrators/finance technicians, account specialists, and records management analysts may vote in the election, but their ballots will be challenged since their eligibility has not been resolved.  No decision has been made regarding whether the individuals in these classifications or groups are included in, or excluded from, the bargaining unit.  The eligibility or inclusion of these individuals will be resolved, if necessary, following the election.",45,2026-01-01,2026-01-01,"<5",TRUE,"RC","Yes","Office and Professional Employees International Union, Local 30",1,"OPEIU",0.5,"Yes",0
"21-RC-378671","Region 21, Los Angeles, California","Womanhaven, A Center for Family Solutions",2026-01-09,2026-03-04,"El Centro","CA","B",2026-02-23,22,NA,"Office and Professional Employees International Union, Local 30",13,NA,NA,NA,NA,7,20,NA,1,NA,"Office and Professional Employees International Union, Local 30","Initial","Single Labor Organization","Certific. of Representative","Closed","VOTING GROUP A - PROFESSIONAL EMPLOYEES

Included: All full-time and regular part-time professional employees, including mental health counselors, employed by the Employer at its facility currently located at 510 West Main Street, Suite 106, El Centro, California.

Excluded: All other employees, temporary employees, administrative assistants WP, advocate liaison and child program coordinators, client advocates, community outreach employees, donation center temps, eligibility intake workers/housing advocates, empowerment coach advocates, housing advocates/advocate liaisons, lead case managers/shelter advocates, lead sales associates, maintenance clerks,  mental health technicians, quality control associates, shelter advocate/bilingual advocate, thrift store associate/warehouse, thrift store retail staff, thrift store cashier/sales clerk, assistant thrift store assistant, office clerical employees, managerial employees, guards, and supervisors as defined in the Act.","VOTING GROUP B - NON-PROFESSIONAL EMPLOYEES

Included:  All full-time and regular part-time non-professional employees, including administrative assistants WP, advocate liaison and child program coordinators, client advocates, community outreach employees eligibility intake workers/housing advocates, empowerment coach advocates, housing advocates/advocate liaisons, lead case managers/shelter advocates, lead sales associates, maintenance clerks,  mental health technicians, office clerical employees,  shelter advocate/bilingual advocate, thrift store associate/warehouse, thrift store retail staff, thrift store cashier/sales clerk, and quality control associates, employed by the Employer at its facility currently located at 510 West Main Street, Suite 106, El Centro, California.

Excluded: All other employees, temporary employees, mental health counselors, managerial employees, guards, and supervisors as defined in the Act. 

Others Permitted to Vote – VOTING GROUP B - NON-PROFESSIONAL EMPLOYEES :  The parties have agreed that maintenance property workers, office administrators/finance technicians, account specialists, and records management analysts may vote in the election, but their ballots will be challenged since their eligibility has not been resolved.  No decision has been made regarding whether the individuals in these classifications or groups are included in, or excluded from, the bargaining unit.  The eligibility or inclusion of these individuals will be resolved, if necessary, following the election.","VOTING GROUP B - NON-PROFESSIONAL EMPLOYEES

Included:  All full-time and regular part-time non-professional employees, including administrative assistants WP, advocate liaison and child program coordinators, client advocates, community outreach employees eligibility intake workers/housing advocates, empowerment coach advocates, housing advocates/advocate liaisons, lead case managers/shelter advocates, lead sales associates, maintenance clerks,  mental health technicians, office clerical employees,  shelter advocate/bilingual advocate, thrift store associate/warehouse, thrift store retail staff, thrift store cashier/sales clerk, and quality control associates, employed by the Employer at its facility currently located at 510 West Main Street, Suite 106, El Centro, California.

Excluded: All other employees, temporary employees, mental health counselors, managerial employees, guards, and supervisors as defined in the Act. 

Others Permitted to Vote – VOTING GROUP B - NON-PROFESSIONAL EMPLOYEES :  The parties have agreed that maintenance property workers, office administrators/finance technicians, account specialists, and records management analysts may vote in the election, but their ballots will be challenged since their eligibility has not been resolved.  No decision has been made regarding whether the individuals in these classifications or groups are included in, or excluded from, the bargaining unit.  The eligibility or inclusion of these individuals will be resolved, if necessary, following the election.","VOTING GROUP B - NON-PROFESSIONAL EMPLOYEES

Included:  All full-time and regular part-time non-professional employees, including administrative assistants WP, advocate liaison and child program coordinators, client advocates, community outreach employees eligibility intake workers/housing advocates, empowerment coach advocates, housing advocates/advocate liaisons, lead case managers/shelter advocates, lead sales associates, maintenance clerks,  mental health technicians, office clerical employees,  shelter advocate/bilingual advocate, thrift store associate/warehouse, thrift store retail staff, thrift store cashier/sales clerk, and quality control associates, employed by the Employer at its facility currently located at 510 West Main Street, Suite 106, El Centro, California.

Excluded: All other employees, temporary employees, mental health counselors, managerial employees, guards, and supervisors as defined in the Act. 

Others Permitted to Vote – VOTING GROUP B - NON-PROFESSIONAL EMPLOYEES :  The parties have agreed that maintenance property workers, office administrators/finance technicians, account specialists, and records management analysts may vote in the election, but their ballots will be challenged since their eligibility has not been resolved.  No decision has been made regarding whether the individuals in these classifications or groups are included in, or excluded from, the bargaining unit.  The eligibility or inclusion of these individuals will be resolved, if necessary, following the election.",45,2026-01-01,2026-01-01,"11-25",TRUE,"RC","Yes","Office and Professional Employees International Union, Local 30",1,"OPEIU",0.65,"Yes",2
"10-RC-378390","Region 10, Atlanta, Georgia","Residential Enhancements, Inc., d/b/a RE Global",2026-01-07,2026-03-24,"Fort Stewart","GA","A",2026-03-16,17,NA,"Industrial Technical and Professional Employees Union, OPEIU Local 4873",11,NA,NA,NA,NA,0,11,NA,NA,NA,"Industrial Technical and Professional Employees Union, OPEIU Local 4873","Initial","Single Labor Organization","Certific. of Representative","Closed","All full-time and regular part-time janitorial employees working at schools at Fort
Stewart, Georgia under federal contract number HE125425CE005, and any and all
successor government contract numbers, but excluding all other employees, clerical
employees, professionals, managers, guards and supervisors as defined in the Act.",NA,NA,NA,68,2026-01-01,2026-01-01,"11-25",TRUE,"RC","Yes","Industrial Technical and Professional Employees Union, OPEIU Local 4873",1,"OPEIU",1,"Yes",6
"08-RC-376011","Region 08, Cleveland, Ohio","Spencer Flora d/b/a Rising Star Coffee Roasters",2025-12-01,2026-01-28,"Cleveland","OH","A",2026-01-07,38,NA,"Office and Professional Employees International Union, Local 792",23,NA,NA,NA,NA,11,34,NA,NA,NA,"Office and Professional Employees International Union, Local 792","Initial","Single Labor Organization","Certific. of Representative","Closed","INCLUDED: All full-time and regular part-time Baristas, Delivery Drivers, Coffee
Production employees, and Head Roasters employed by the Employer at the
following locations:

• Arcade: 412 Superior Ave., Cleveland, OH 44114
• Roastery: 3617 Walton Ave., Cleveland, OH 44113
• Hingetown: 1455 W. 29th St., Cleveland, OH 44113
• Tremont: 710 Jefferson Ave., Cleveland, OH 44113
• Cleveland Heights: 2184 S. Taylor Rd., Cleveland Heights, OH 44118
• Lakewood: 13380 Madison Ave., Lakewood, OH 44107
• Van Aken: 3441 Tuttle Rd., Suite 001, Shaker Heights, OH 44122

EXCLUDED: All other employees, including Social Media Managers, Café Managers,
Assistant Café Managers, Executive Assistants, Production Managers,
Coffee Directors, and any other managerial employees, office clerical
employees, confidential employees, professional employees, guards, and
supervisors as defined by the Act.",NA,NA,NA,37,2026-01-01,2025-10-01,"26-50",TRUE,"RC","Yes","Office and Professional Employees International Union, Local 792",1,"OPEIU",0.676470588235294,"Yes",4
"21-RM-372941","Region 21, Los Angeles, California","California Community Foundation",2025-09-08,2025-12-18,"Los Angeles","CA","A",2025-12-10,49,1,"Office and Professional Employees International Union, Local 30",15,NA,NA,NA,NA,24,39,NA,6,NA,NA,"Initial","Single Labor Organization","Certification of Results","Closed","Included:  All full-time and regular part-time non-supervisory employees employed by the Employer at its facility currently located at 717 West Temple Street, Los Angeles, California.

Excluded:  All other employees, office clerical employees, managerial employees, independent contractors, confidential employees, professional employees, guards and supervisors as defined in the Act.",NA,NA,NA,93,2025-10-01,2025-07-01,"26-50",TRUE,"RM","Yes","Office and Professional Employees International Union, Local 30",1,"OPEIU",0.384615384615385,"No",10
"19-RC-371293","Region 19, Seattle, Washington","Ponderful LLC",2025-08-12,2025-09-08,"Bremerton","WA","A",2025-08-28,32,NA,"Industrial Technical & Professional Employees Union, OPEIU Local 4873, AFL-CIO",9,NA,NA,NA,NA,1,10,NA,NA,NA,"Industrial Technical & Professional Employees Union, OPEIU Local 4873, AFL-CIO","Initial","Single Labor Organization","Certific. of Representative","Closed","Included: All full-time and regular part-time Stocking, Janitorial, and RSHA employees employed by the Employer at Kitsap Naval Base in Bremerton, Washington. 

Excluded: All other employees, employees represented by other labor organizations, office clerical employees, professional employees, managerial employees, and guards and supervisors as defined by the Act.",NA,NA,NA,16,2025-07-01,2025-07-01,"26-50",TRUE,"RC","Yes","Industrial Technical & Professional Employees Union, OPEIU Local 4873, AFL-CIO",1,"OPEIU",0.9,"Yes",22
"18-RC-370519","Region 18, Minneapolis, Minnesota","Pathfinders Milwaukee, Inc.",2025-07-30,2025-09-26,"Milwaukee","WI","A",2025-09-18,48,NA,"Office and Professional Employees International Union, Local 39",26,NA,NA,NA,NA,9,35,NA,6,NA,"Office and Professional Employees International Union, Local 39","Initial","Single Labor Organization","Certific. of Representative","Closed","All full-time and regular part-time professional employees, including IT Support Specialists, New Paths Advocates, CCS Care Coordinators, CCS Clinical Services Therapists, CORE Care Coordinators, CORE Education and Employment Specialists, CORE Occupational Therapists, CORE Peer Support Specialists, CORE Psychotherapists/Clinicians, Grants Managers, Drop-In Center Therapists, Outreach Therapists, Youth & Family Advocates, and Youth Shelter Therapists,  employed by the Employer at and/or out of its Main Office located at 4200 N Holton Street, Suite 400, Milwaukee, Wisconsin and its Shelter located at 1614 E Kane Place, Milwaukee, Wisconsin; excluding all confidential employees, nonprofessional employees, managerial employees, and guards and supervisors as defined by the Act, as amended.

Also eligible to vote are all employees in the unit who have worked an average of four (4) hours or more per week during the 13 weeks immediately preceding the eligibility date for the election.

Others permitted to vote: The parties have agreed that Senior Accountants, Lead Care Coordinators, and Back-up Youth & Family Advocates, may vote in the election but their ballots will be challenged since their eligibility has not been resolved.  No decision has been made regarding whether the individuals in these classifications or groups are included in, or excluded from, the bargaining unit.  The eligibility or inclusion of these individuals will be resolved, if necessary, following the election.  The parties agree that Senior Accountants, Lead Care Coordinators, and Back-up Youth & Family Advocates are professional employees within the meaning of Section 2(12) of the Act and should be furnished ballots for Voting Group A- Professional Unit.","All full-time and regular part-time nonprofessional employees, including Operations Assistants, Receptionists, Housing Specialists, Development & Communications Coordinators, Development Specialists, Volunteer & Community Engagement Managers, Drop-In Center Peer Specialists, Drop-In Center Case Managers, PDP Community Case Managers, Street Outreach Coordinators, Supportive Employment Case Managers, Housing First Case Managers, OVC Case Managers, PATHS Housing Case Managers, QBLOK Housing Case Managers, TLP Housing Case Managers, and YHDP Youth Coordinated Entry Liaisons, employed by the Employer who work at and/or out of its Main Office located at 4200 N Holton Street, Suite 400, Milwaukee, Wisconsin and its Shelter located at 1614 E Kane Place, Milwaukee, Wisconsin; excluding all confidential employees, professional employees, managerial employees, and guards and supervisors as defined by the Act, as amended.

Also eligible to vote are all employees in the unit who have worked an average of four (4) hours or more per week during the 13 weeks immediately preceding the eligibility date for the election.","All full-time and regular part-time nonprofessional employees, including Operations Assistants, Receptionists, Housing Specialists, Development & Communications Coordinators, Development Specialists, Volunteer & Community Engagement Managers, Drop-In Center Peer Specialists, Drop-In Center Case Managers, PDP Community Case Managers, Street Outreach Coordinators, Supportive Employment Case Managers, Housing First Case Managers, OVC Case Managers, PATHS Housing Case Managers, QBLOK Housing Case Managers, TLP Housing Case Managers, and YHDP Youth Coordinated Entry Liaisons, employed by the Employer who work at and/or out of its Main Office located at 4200 N Holton Street, Suite 400, Milwaukee, Wisconsin and its Shelter located at 1614 E Kane Place, Milwaukee, Wisconsin; excluding all confidential employees, professional employees, managerial employees, and guards and supervisors as defined by the Act, as amended.

Also eligible to vote are all employees in the unit who have worked an average of four (4) hours or more per week during the 13 weeks immediately preceding the eligibility date for the election.","All full-time and regular part-time nonprofessional employees, including Operations Assistants, Receptionists, Housing Specialists, Development & Communications Coordinators, Development Specialists, Volunteer & Community Engagement Managers, Drop-In Center Peer Specialists, Drop-In Center Case Managers, PDP Community Case Managers, Street Outreach Coordinators, Supportive Employment Case Managers, Housing First Case Managers, OVC Case Managers, PATHS Housing Case Managers, QBLOK Housing Case Managers, TLP Housing Case Managers, and YHDP Youth Coordinated Entry Liaisons, employed by the Employer who work at and/or out of its Main Office located at 4200 N Holton Street, Suite 400, Milwaukee, Wisconsin and its Shelter located at 1614 E Kane Place, Milwaukee, Wisconsin; excluding all confidential employees, professional employees, managerial employees, and guards and supervisors as defined by the Act, as amended.

Also eligible to vote are all employees in the unit who have worked an average of four (4) hours or more per week during the 13 weeks immediately preceding the eligibility date for the election.",50,2025-07-01,2025-07-01,"26-50",TRUE,"RC","Yes","Office and Professional Employees International Union, Local 39",1,"OPEIU",0.742857142857143,"Yes",13
"32-RC-367029","Region 32, Oakland, California","Children's Hospital & Research Center at Oakland",2025-06-05,NA,"Oakland","CA",NA,NA,50,NA,"Office & Professional Employees, OPEIU Local 29",NA,NA,NA,NA,NA,NA,NA,NA,NA,NA,NA,NA,NA,NA,"Open",NA,NA,NA,NA,NA,NA,2025-04-01,"26-50",TRUE,"RC","No","Office & Professional Employees, OPEIU Local 29",1,"OPEIU",NA,"Still Open",NA
"19-RC-366815","Region 19, Seattle, Washington","LifeWire",2025-06-03,2025-07-07,"Bellevue","WA","A",2025-06-26,20,NA,"Office and Professional Employees International Union Local 8, AFL-CIO",10,NA,NA,NA,NA,3,13,NA,NA,NA,"Office and Professional Employees International Union Local 8, AFL-CIO","Initial","Single Labor Organization","Certific. of Representative","Closed","All regular, part-time, and on-call employees, employed by the Employer and working at or out of its facility located at 1401 140th Pl NE, Bellevue, WA 98007; excluding all confidential employees, payroll accountant & HR administrator, survivor advocacy services manager, and all other managers and guards and supervisors as defined in the Act.",NA,NA,NA,23,2025-04-01,2025-04-01,"11-25",TRUE,"RC","Yes","Office and Professional Employees International Union Local 8, AFL-CIO",1,"OPEIU",0.769230769230769,"Yes",7
"06-RC-365940","Region 06, Pittsburgh, Pennsylvania","ReproChoice LLC d/b/a Allegheny Reproductive Health Center",2025-05-20,2025-06-26,"Pittsburgh","PA","B",2025-06-17,13,1,"Office and Professional Employees International Union Local 98, AFL-CIO",9,NA,NA,NA,NA,1,10,NA,2,NA,"Office and Professional Employees International Union Local 98, AFL-CIO","Initial","Single Labor Organization","Certific. of Representative","Closed","Included: All full-time and regular part-time professional employees employed by the Employer at its facility currently located at 5910 Kirkwood Street, Pittsburgh, PA 15206, including Nurse and Registered Nurse; but excluding: All other employees, non-professional employees, managers, supervisors and guards as defined by the Act.","Included: All full-time and regular part-time non-professional employees employed by the Employer at its facility currently located at 5910 Kirkwood Street, Pittsburgh, PA 15206, including Back Lead, Counselor, Front Desk/Front Desk Intake, Front Lead, Imaging Assistant, Lab Technician, Medical Assistant, Observation Technician, Phone Flex, Ultrasound Technician, Billing/Insurance Verification, and Autoclave/Processing; but excluding: All other employees, professional employees, managers, supervisors and guards as defined by the Act.","Included: All full-time and regular part-time non-professional employees employed by the Employer at its facility currently located at 5910 Kirkwood Street, Pittsburgh, PA 15206, including Back Lead, Counselor, Front Desk/Front Desk Intake, Front Lead, Imaging Assistant, Lab Technician, Medical Assistant, Observation Technician, Phone Flex, Ultrasound Technician, Billing/Insurance Verification, and Autoclave/Processing; but excluding: All other employees, professional employees, managers, supervisors and guards as defined by the Act.","Included: All full-time and regular part-time non-professional employees employed by the Employer at its facility currently located at 5910 Kirkwood Street, Pittsburgh, PA 15206, including Back Lead, Counselor, Front Desk/Front Desk Intake, Front Lead, Imaging Assistant, Lab Technician, Medical Assistant, Observation Technician, Phone Flex, Ultrasound Technician, Billing/Insurance Verification, and Autoclave/Processing; but excluding: All other employees, professional employees, managers, supervisors and guards as defined by the Act.",28,2025-04-01,2025-04-01,"11-25",TRUE,"RC","Yes","Office and Professional Employees International Union Local 98, AFL-CIO",1,"OPEIU",0.9,"Yes",3
"08-RC-365364","Region 08, Cleveland, Ohio","Kinnect",2025-05-09,2025-07-23,"Cleveland","OH","A",2025-07-11,36,NA,"Office and Professional Employees International Union, Local 792",19,NA,NA,NA,NA,9,28,NA,1,NA,"Office and Professional Employees International Union, Local 792","Initial","Single Labor Organization","Certific. of Representative","Closed","Included: All full-time and regular part-time employees in the classifications of Benefits Coordinator, Branch Family Specialist, CCR Family Specialist, Community Engagement Coordinator, Data Coordinator, Family Specialist, Regional Coach Ohio KAN, Regional Coordinator Ohio KAN, Statewide Facilitator, Trainer, and Youth Navigator Network Coach employed by the Employer out of its 1427 E. 36th St, Suite 4203F, Cleveland, Ohio facility,

Excluded:  All managerial employees, temporary and confidential employees, office clerical employees, guards and supervisors as defined in the Act, and all other employees. 

Others permitted to vote: The parties have agreed that the individual(s) in the classification of KinFirst Coordinator may vote in the election, but their ballots will be challenged since their inclusion or exclusion from the bargaining unit has not been resolved. No decision has been made regarding whether the individual(s) in this classification are included in, or excluded from, the bargaining unit. The inclusion or exclusion of the individual(s) from the unit will be resolved, if necessary, following the election.",NA,NA,NA,63,2025-07-01,2025-04-01,"26-50",TRUE,"RC","Yes","Office and Professional Employees International Union, Local 792",1,"OPEIU",0.678571428571429,"Yes",8
"02-RC-362327","Region 02, New York, New York","Sesame Workshop",2025-03-20,2025-05-23,"Manhattan","NY","A",2025-05-15,107,NA,"OFFICE AND PROFESSIONAL EMPLOYEES INTERNATIONAL UNION LOCAL 153",55,NA,NA,NA,NA,19,74,NA,23,NA,"OFFICE AND PROFESSIONAL EMPLOYEES INTERNATIONAL UNION LOCAL 153","Initial","Single Labor Organization","Certific. of Representative","Closed","Included: All full-time and regular part-time employees in Level 1, Level 2, Level 3, Level 4, and Level 5, including remote employees, who report to the Employer's location at 1900 Broadway New York, NY 10023. 

Excluded: All employees in levels 6 and above, the human resources department, the strategy and ventures department, the finance and payroll department, confidential employees, managers, guards, professionals, and supervisors as defined by the Act.",NA,NA,NA,56,2025-04-01,2025-01-01,"101-500",TRUE,"RC","Yes","OFFICE AND PROFESSIONAL EMPLOYEES INTERNATIONAL UNION LOCAL 153",1,"OPEIU",0.743243243243243,"Yes",33
"04-RC-361077","Region 04, Philadelphia, Pennsylvania","AB Car Rental Services, Inc.",2025-02-27,2025-04-11,"Philadelphia","PA","A",2025-04-03,7,NA,"Office & Professional Employees International Union, Local No. 32, AFL-CIO-CLC",1,NA,NA,NA,NA,1,2,NA,NA,NA,NA,"Initial","Single Labor Organization","Certific. of Representative","Closed","Included: All full-time and regular part-time Lead Quality Control Agents, Return Agents and Runners employed by the Employer at its 1 Arrivals Road, Philadelphia, PA facility.

Excluded: All other employees, Service Agents, Rental Sales Associates, Fastbreak Representatives, Courtesy Bus Drivers, office employees, reservationists, shuttlers, administrative staff, trainers, maintenance employees, truck rental/lease employees, managerial employees, guards and supervisors as defined in the Act.

If a majority of valid ballots are cast for Office & Professional Employees International Union, Local No. 32, AFL-CIO-CLC, they will be taken to have indicated the employees’ desire to be included in the existing unit of all full-time and regular part-time Service Agents, Rental Sales Associates, Fastbreak Representatives, and Courtesy Bus Drivers currently represented by Office & Professional Employees International Union, Local No. 32, AFL-CIO-CLC.  If a majority of valid ballots are not cast for representation, they will be taken to have indicated the employees’ desire to remain unrepresented.",NA,NA,NA,35,2025-04-01,2025-01-01,"6-10",TRUE,"RC","Yes","Office & Professional Employees International Union, Local No. 32, AFL-CIO-CLC",1,"OPEIU",0.5,"Yes",5
"20-RC-359891","Region 20, San Francisco, California","The Queen's Medical Center",2025-02-06,2026-06-24,"Honolulu","HI","A",2025-04-03,61,NA,"Hawai?i Nurses' Association, OPEIU Local 50",43,NA,NA,NA,NA,4,47,NA,NA,NA,"Hawai?i Nurses' Association, OPEIU Local 50","Initial","Single Labor Organization","Certification of Results","Closed",NA,NA,NA,NA,56,2025-04-01,2025-01-01,"51-100",TRUE,"RC","Yes","Hawai?i Nurses' Association, OPEIU Local 50",1,"OPEIU",0.914893617021277,"No",14
"07-RC-359726","Region 07, Detroit, Michigan","McLaren Greater Lansing",2025-02-03,2025-04-07,"DeWitt","MI","A",2025-03-25,5,NA,"Local 459, Office and Professional Employees International Union AFL-CIO",4,NA,NA,NA,NA,1,5,NA,NA,NA,"Local 459, Office and Professional Employees International Union AFL-CIO","Initial","Single Labor Organization","Certific. of Representative","Closed","Included: All full-time and regular part-time medical assistants and patient access representatives employed by the Employer at its facility currently located at 12805 Escanaba Drive, Suite 1, Dewitt, Michigan. 

Excluded: All managers, assistant managers, office clerical employees, professional employees and guards and supervisors as defined by the Act, and all other employees.",NA,NA,NA,50,2025-01-01,2025-01-01,"<5",TRUE,"RC","Yes","Local 459, Office and Professional Employees International Union AFL-CIO",1,"OPEIU",0.8,"Yes",0
"20-RC-357834","Region 20, San Francisco, California","The Queen's Medical Center and The Queen's Health System",2025-01-06,2026-06-29,"Honolulu","HI","A",2025-02-20,8,NA,"Hawai'i Nurses' Association, OPEIU Local 50",7,NA,NA,NA,NA,0,7,NA,NA,NA,"Hawai'i Nurses' Association, OPEIU Local 50","Initial","Single Labor Organization","Certific. of Representative","Closed","INCLUDED: All full-time, part-time, and on-call Clinical Documentation Integrity Specialist Registered Nurses (CDISs) 
EXCLUDED: Other employees, managers, and supervisors as defined by the Act.",NA,NA,NA,45,2025-01-01,2025-01-01,"6-10",TRUE,"RC","Yes","Hawai'i Nurses' Association, OPEIU Local 50",1,"OPEIU",1,"Yes",1
"20-RC-356717","Region 20, San Francisco, California","Zenith American Solutions",2024-12-16,2025-02-25,"San Francisco","CA","A",2025-02-07,15,NA,"Office and Professional Employees International Union Local 29 AFL-CIO",9,NA,NA,NA,NA,2,11,NA,1,NA,"Office and Professional Employees International Union Local 29 AFL-CIO","Initial","Single Labor Organization","Certific. of Representative","Closed",NA,NA,NA,NA,53,2025-01-01,2024-10-01,"11-25",TRUE,"RC","Yes","Office and Professional Employees International Union Local 29 AFL-CIO",1,"OPEIU",0.818181818181818,"Yes",4
"20-RC-355087","Region 20, San Francisco, California","Kapi?olani Medical Center for Women & Children",2024-11-19,2025-01-03,"Honolulu","HI","A",2024-12-13,7,NA,"Hawaii Nurses' Association, OPEIU Local 50",5,NA,NA,NA,NA,0,5,NA,NA,NA,"Hawaii Nurses' Association, OPEIU Local 50","Initial","Single Labor Organization","Certific. of Representative","Closed","All full-time, regular part-time, and on-call registered nurse lactation consultants, excluding all other employees, guards, managers, and supervisors as defined by the Act.",NA,NA,NA,24,2024-10-01,2024-10-01,"6-10",TRUE,"RC","Yes","Hawaii Nurses' Association, OPEIU Local 50",1,"OPEIU",1,"Yes",2
"20-RC-353880","Region 20, San Francisco, California","The Queen's Medical Center",2024-10-31,2024-12-05,"Honolulu","HI","A",2024-11-20,4,NA,"Hawai?i Nurses` Association, OPEIU Local 50",4,NA,NA,NA,NA,0,4,NA,NA,NA,"Hawai?i Nurses` Association, OPEIU Local 50","Initial","Single Labor Organization","Certific. of Representative","Closed","Included: All full-time, regular part-time, and on-call Lead Mail Room Couriers and Mail Room Couriers

Excluded:  All other employees, managers, guards and supervisors as defined by the Act.",NA,NA,NA,20,2024-10-01,2024-10-01,"<5",TRUE,"RC","Yes","Hawai?i Nurses` Association, OPEIU Local 50",1,"OPEIU",1,"Yes",0
"16-RC-351121","Region 16, Fort Worth, Texas","Frontier Strategies, LLC",2024-09-23,2024-11-06,"San Antonio","TX","A",2024-10-29,21,NA,"Industrial Technical and Professional Employees Union, OPEIU Local 4873",10,NA,NA,NA,NA,5,15,NA,NA,NA,"Industrial Technical and Professional Employees Union, OPEIU Local 4873","Initial","Single Labor Organization","Certific. of Representative","Closed","Included: All full-time and regular part-time biomedical equipment technicians, system administrators, and advanced office clerks employed by the Employer at the Brooke Army Medical Center (BAMC) located at Fort Sam Houston Army Base, 3551 Roger Brooke Drive, Fort Sam Houston, Texas 78234.

Excluded: All other employees, including office clerical employees, guards, and supervisors as defined by the Act.",NA,NA,NA,36,2024-10-01,2024-07-01,"11-25",TRUE,"RC","Yes","Industrial Technical and Professional Employees Union, OPEIU Local 4873",1,"OPEIU",0.666666666666667,"Yes",6
"13-RD-350620","Region 13, Chicago, Illinois","Lewis University",2024-09-16,2024-11-18,"Romeoville","IL","A",2024-11-07,34,2,"Office & Professional Employees International Union, Local 9, AFL-CIO",10,NA,NA,NA,NA,18,28,NA,NA,NA,NA,"Initial","Single Labor Organization","Certification of Results","Closed","Included: All full-time and regular part-time office clerical employees employed by the Employer at Lewis University.
Excluded: All other employees, confidential employees, professional employees, managerial employees, guards and supervisors as defined by the Act.",NA,NA,NA,52,2024-10-01,2024-07-01,"26-50",TRUE,"RD","Yes","Office & Professional Employees International Union, Local 9, AFL-CIO",1,"OPEIU",0.357142857142857,"No",6
"10-RC-349751","Region 10, Atlanta, Georgia","International Rescue Committee, Inc.",2024-09-05,2024-10-28,"Atlanta","GA","A",2024-10-18,121,1,"Office and Professional Employees International Union, Local 179, AFL-CIO",71,NA,NA,NA,NA,4,75,NA,8,NA,"Office and Professional Employees International Union, Local 179, AFL-CIO","Initial","Single Labor Organization","Certific. of Representative","Closed","Unit A: Professional Employees 
Included: All full time and regular part time Staff Attorneys. 
Excluded: All non-professional employees, independent contractors, temporary employees, confidential employees, managerial employees, guards and supervisors as defined by the Act. 
Unit B: Non-Professional Employees
Included: All full time and regular part time Administrative Assistants; Career
Development Coordinators; Case Aides; Case Aides, Certified; Caseworkers; Client
Benefits Assistants; Community Outreach Assistants; Community Sponsorship
Coordinators; Development Specialists; Early Childhood Education Specialists; Early
Childhood Specialists; Early Education Navigators; ECM Caseworkers; Education
Specialists; Employment Services Caseworkers; Employment Specialists; ESOL &
Orientation Instructors; ESOL Instructors; Finance Coordinators; Financial Data
Coordinators; Grant management & Compliance Coordinators; Healthcare Assistants;
Healthcare Navigators; Housing Specialists; ICM Caseworkers; Immigration Legal
Assistants; Job Readiness ESOL and Digital Literacy Instructors; Legal Assistants,
Children Legal Services; Legal Representatives, Immigration; Mental Health and
Psychosocial Support Counselors; Mental Health Specialists; Small Business
Counselors; Operations Coordinators; Operations Specialists; Orientations Instructors;
Pre-Award Grants Coordinators; School Success Caseworkers; Senior Caseworkers,
HSPRS; Senior Caseworkers, Senior Education Specialists; Resettlement; Senior
Finance Specialists; Senior Financial Coaches; Senior Resettlement Administrative
Specialists; Student Support Specialists; Supply Chain Coordinators; Volunteer
Coordinators; Workforce Development Navigators; Youth Career Readiness Coaches;
and Youth Program Assistants employed by the Employer at its facility located at 2305
Parklake Dr. N.E., Atlanta, Georgia 30345.
Excluded: All professional employees, independent contractors, temporary employees,
confidential employees, managerial employees, guards and supervisors as defined by
the Act.

OTHERS PERMITTED TO VOTE (CHALLENGED BALLOTS) - NON­PROFESSIONALS: The parties have agreed that the job classification listed below may vote in the election, but their ballots will be challenged since their eligibiity has not been resolved. No decision has been made regarding whether the individuals in these classifications or groups are included in, or excluded from, the bargaining unit. The eligibility or inclusion of these individuals will be resolved, if necessary, following the election. The others permitted to vote category includes the following classifications: 
All full time and regular part time Community Health Response Coordinators; Connect 2 Success Coordinators; Early Education Coordinators; ECM Coordinators; Housing Coordinators; Logistics Coordinators; New Roots Program Coordinators; Operations Coordinators; School Success Coordinators; Two Generation Education Coordinators; and Youth Futures Coordinators. 

The parties stipulate, agree and take the position that all employees employed in the job classifications listed in Unit B are not Section 2(12) professional employees as defined in the Act. 
In the event that a majority of voters in Unit A vote to be included in a unit with non-professional employees (Unit B), the following combined unit is appropriate: 
Combined Unit 
INCLUDED: All full time and regular part time Administrative Assistants; Career
Development Coordinators; Case Aides; Case Aides, Certified; Caseworkers; Client Benefits Assistants; Community Outreach Assistants; Community Sponsorship Coordinatcrs; Development Specialists; Early Childhood Education Specialists; Early Childhood Specialists; Early Education Navigators; ECM Caseworkers; Education Specialists; Employment Services Caseworkers; Employment Specialists; ESOL & Orientation Instructors; ESOL Instructors; Finance Coordinators; Financial Data Coordinators; Grant management & Compliance Coordinators; Healthcare Assistants; Healthcare Navigators; Housing Specialists; ICM Caseworkers; Immigration Legal Assistants; Job Readiness ESOL and Digital Literacy Instructors; Legal Assistants, Children Legal Services; Legal Representatives, Immigration; Mental Health and Psychosocial Support Counselors; Mental Health Specialists; Small Business Counselors; Operations Coordinators; Operations Specialists; Orientations Instructors; Pre-Award Grants Coordinators; School Success Caseworkers; Senior Caseworkers, HSPRS; Senior Caseworkers, Senior Education Specialists; Resettlement; Senior Finance Specialists; Senior Financial Coaches; Senior Resettlement Administrative Specialists; Staff Attorneys, Children's Legal Services; Student Support Specialists; Supply Chain Coordinators; Volunteer Coordinators; Workforce Development Navigators; Youth Career Readiness Coaches; and Youth Program Assistants employed by the Employer at its facility located at 2305 Parklake Dr. N.E., Atlanta, Georgia 30345. 
EXCLUDED: All other employees, independent oontractors, temporary
employees, confidential employees, managerial employees, guards and supervisors as defined by the Act.",NA,NA,NA,43,2024-10-01,2024-07-01,"101-500",TRUE,"RC","Yes","Office and Professional Employees International Union, Local 179, AFL-CIO",1,"OPEIU",0.946666666666667,"Yes",46
"16-RC-349840","Region 16, Fort Worth, Texas","Business Enabled Acquisition and Technology, Inc.",2024-09-05,2024-10-22,"San Antonio","TX","A",2024-10-11,24,NA,"Industrial, Technical and Professional Employees Union, OPEIU Local 4873",15,NA,NA,NA,NA,1,16,NA,1,NA,"Industrial, Technical and Professional Employees Union, OPEIU Local 4873","Initial","Single Labor Organization","Certific. of Representative","Closed","INCLUDED: 	All full-time and regular part-time biomedical equipment technician I, biomedical equipment technician II, biomedical equipment technician III, and biomedical equipment repair technician III/system administrator II employed by the Employer at its facility located at 802 East Quincy Street, San Antonio, Texas 78215.

EXCLUDED: 	All other employees, professional employees, confidential employees, managerial employees, guards, and supervisors as defined in the Act.

Others permitted to vote: The parties have agreed that the advanced office clerks employed by the Employer at its facility located at 802 East Quincy Street, San Antonio, Texas 78215 may vote in the election, but their ballots will be challenged since their eligibility has not been resolved.  No decision has been made regarding whether the individuals in these classifications are included in, or excluded from, the bargaining unit.  The eligibility or inclusion of these individuals will be resolved, if necessary, following the election.",NA,NA,NA,36,2024-10-01,2024-07-01,"11-25",TRUE,"RC","Yes","Industrial, Technical and Professional Employees Union, OPEIU Local 4873",1,"OPEIU",0.9375,"Yes",8
"18-RC-349679","Region 18, Minneapolis, Minnesota","Toad Hill Montessori, Inc.",2024-09-04,2024-11-18,"Blooming Grove","WI","A",2024-10-02,16,NA,"Office and Professional Employees International Union, Local No. 39",12,NA,NA,NA,NA,3,15,NA,1,NA,"Office and Professional Employees International Union, Local No. 39","Initial","Single Labor Organization","Certific. of Representative","Closed","Unit A:
Included: All full-time and regular part-time teachers and directors employed by the Employer at its Madison, Wisconsin facilities.
Excluded: All other employees, nonprofessional employees, substitute teachers, confidential employees, managerial employees, and guards and supervisors as defined in the National Labor Relations Act.","Unit B:
Included: All full-time and regular part-time assistant teachers, teacher aides, assistants, and non-supervisory administrative assistants employed by the Employer at its Madison, Wisconsin facilities.
Excluded: All other employees, professional employees, substitute aides, substitute assistants, confidential employees, managerial employees, and guards and supervisors as defined in the National Labor Relations Act.","Unit B:
Included: All full-time and regular part-time assistant teachers, teacher aides, assistants, and non-supervisory administrative assistants employed by the Employer at its Madison, Wisconsin facilities.
Excluded: All other employees, professional employees, substitute aides, substitute assistants, confidential employees, managerial employees, and guards and supervisors as defined in the National Labor Relations Act.","Unit B:
Included: All full-time and regular part-time assistant teachers, teacher aides, assistants, and non-supervisory administrative assistants employed by the Employer at its Madison, Wisconsin facilities.
Excluded: All other employees, professional employees, substitute aides, substitute assistants, confidential employees, managerial employees, and guards and supervisors as defined in the National Labor Relations Act.",28,2024-10-01,2024-07-01,"11-25",TRUE,"RC","Yes","Office and Professional Employees International Union, Local No. 39",1,"OPEIU",0.8,"Yes",1
"05-RD-341247","Region 05, Baltimore, Maryland","Association of Community College Trustees",2024-05-01,2024-06-24,"Washington","DC","A",2024-05-21,10,NA,"Office and Professional Employees International Union, AFL-CIO, Local 2",6,NA,NA,NA,NA,4,10,NA,NA,NA,"Office and Professional Employees International Union, AFL-CIO, Local 2","Initial","Single Labor Organization","Certific. of Representative","Closed","All full-time and regular part-time digital media and communications specialists, policy associates, accounting/financial analysts, senior policy analysts, associate writers, member services associates, board services associates, board search services associate, project associate, senior project associate, educational programs and events associate, board and operations associates, board assessment associates, senior government relations associates, finance associates, information services specialists, and senior program managers employed by the Employer at its facility currently located at 1101 17th Street, NW, Suite 300, Washington, DC 20036, but excluding all other employees, managerial employees, temporary employees, professional employees, confidential employees, guards, and supervisors as defined in the National Labor Relations Act.",NA,NA,NA,20,2024-04-01,2024-04-01,"6-10",TRUE,"RD","Yes","Office and Professional Employees International Union, AFL-CIO, Local 2",1,"OPEIU",0.6,"Yes",0
"01-RC-341106","Region 01, Boston, Massachusetts","Wesleyan University",2024-04-29,2024-10-04,"Middletown","CT","A",2024-09-26,117,NA,"Office and Professional Employees International Union Local 153, AFL-CIO",86,NA,NA,NA,NA,7,93,NA,3,NA,"Office and Professional Employees International Union Local 153, AFL-CIO","Initial","Single Labor Organization","Certific. of Representative","Closed","Included:  All full-time and regular part-time students enrolled at Wesleyan in a two-year MA program or a Ph. D. program, in active or leave status, who receive stipends from the Employer, including graduate students who have completed coursework but have not yet completed their theses/dissertations who receive stipends from the Employer, and foreign language teaching assistants employed by the Employer. 

Excluded:  All students enrolled in BA/MA programs, graduate students on Fullbright grants, graduate students completing degrees at other universities, graduate students who have completed course work but have not completed their theses/dissertations (unless they receive a stipend), graduate students who have successfully defended their theses/dissertations but have not yet graduated, all faculty, staff employees, confidential employees, managers, guards, and professional employees and supervisors as defined in the Act.",NA,NA,NA,150,2024-07-01,2024-04-01,"101-500",TRUE,"RC","Yes","Office and Professional Employees International Union Local 153, AFL-CIO",1,"OPEIU",0.924731182795699,"Yes",24
"20-RC-339736","Region 20, San Francisco, California","CareResource Hawaii",2024-04-10,2024-05-24,"Honolulu","HI","C",2024-05-09,10,NA,"Hawaii Nurses' Association, OPEIU Local 50",4,NA,NA,NA,NA,5,9,NA,NA,NA,NA,"Initial","Single Labor Organization","Certific. of Representative","Closed","VOTING GROUP – UNIT A (Professional Unit):
Included:  All full-time and regular part-time Nurses (RNs and LPNs), Physical Therapist, Occupational Therapists, Clinical Team Leaders, Medical Social Workers, Speech/Language Pathologists, Clinical Documentation Improvement Specialist, Home Care Representative, Performance Improvement Specialist, and Performance Improvement and Infection Control Specialist, employed on the Island of Oahu.

Excluded:  All other employees, directors, managers, confidential employees, professional employees, office clerical employees, security guards, and supervisors as defined by the National Labor Relations Act.","VOTING GROUP – UNIT B (Non-Professional Unit):

Included:  All full-time and regular part-time Home Health Aides, Certified Physical Therapy Assistants, and Certified Occupational Therapy Assistants, employed on the Island of Oahu. 

Excluded:  All other employees, directors, managers, confidential employees, professional employees, office clerical employees, security guards, and supervisors as defined by the National Labor Relations Act.","VOTING GROUP – UNIT C

Included:  All full-time and regular part-time Home Care Representative Assistants, Accounts Payable/Patient Account Specialist, Business Services Support Specialist, Claims Reimbursement Specialist, Office Assistant, Clinical Office Assistant, Medical Records Clerk, and Patient Account Specialist, employed on the Island of Oahu.

Excluded:  All other employees, Senior IT System Specialist, IT Network Specialist, Executive Assistant, directors, managers, confidential employees, professional employees, office clerical employees, security guards, and supervisors as defined by the National Labor Relations Act.",NA,29,2024-04-01,2024-04-01,"6-10",TRUE,"RC","Yes","Hawaii Nurses' Association, OPEIU Local 50",1,"OPEIU",0.444444444444444,"Yes",1
"20-RC-339736","Region 20, San Francisco, California","CareResource Hawaii",2024-04-10,2024-05-24,"Honolulu","HI","A",2024-05-09,61,1,"Hawaii Nurses' Association, OPEIU Local 50",43,NA,NA,NA,NA,5,48,NA,NA,NA,NA,"Initial","Single Labor Organization","Certific. of Representative","Closed","VOTING GROUP – UNIT A (Professional Unit):
Included:  All full-time and regular part-time Nurses (RNs and LPNs), Physical Therapist, Occupational Therapists, Clinical Team Leaders, Medical Social Workers, Speech/Language Pathologists, Clinical Documentation Improvement Specialist, Home Care Representative, Performance Improvement Specialist, and Performance Improvement and Infection Control Specialist, employed on the Island of Oahu.

Excluded:  All other employees, directors, managers, confidential employees, professional employees, office clerical employees, security guards, and supervisors as defined by the National Labor Relations Act.","VOTING GROUP – UNIT B (Non-Professional Unit):

Included:  All full-time and regular part-time Home Health Aides, Certified Physical Therapy Assistants, and Certified Occupational Therapy Assistants, employed on the Island of Oahu. 

Excluded:  All other employees, directors, managers, confidential employees, professional employees, office clerical employees, security guards, and supervisors as defined by the National Labor Relations Act.","VOTING GROUP – UNIT C

Included:  All full-time and regular part-time Home Care Representative Assistants, Accounts Payable/Patient Account Specialist, Business Services Support Specialist, Claims Reimbursement Specialist, Office Assistant, Clinical Office Assistant, Medical Records Clerk, and Patient Account Specialist, employed on the Island of Oahu.

Excluded:  All other employees, Senior IT System Specialist, IT Network Specialist, Executive Assistant, directors, managers, confidential employees, professional employees, office clerical employees, security guards, and supervisors as defined by the National Labor Relations Act.",NA,29,2024-04-01,2024-04-01,"51-100",TRUE,"RC","Yes","Hawaii Nurses' Association, OPEIU Local 50",1,"OPEIU",0.895833333333333,"Yes",13
"20-RC-339736","Region 20, San Francisco, California","CareResource Hawaii",2024-04-10,2024-05-24,"Honolulu","HI","B",2024-05-09,72,NA,"Hawaii Nurses' Association, OPEIU Local 50",50,NA,NA,NA,NA,6,56,NA,NA,NA,"Hawaii Nurses' Association, OPEIU Local 50","Initial","Single Labor Organization","Certific. of Representative","Closed","VOTING GROUP – UNIT A (Professional Unit):
Included:  All full-time and regular part-time Nurses (RNs and LPNs), Physical Therapist, Occupational Therapists, Clinical Team Leaders, Medical Social Workers, Speech/Language Pathologists, Clinical Documentation Improvement Specialist, Home Care Representative, Performance Improvement Specialist, and Performance Improvement and Infection Control Specialist, employed on the Island of Oahu.

Excluded:  All other employees, directors, managers, confidential employees, professional employees, office clerical employees, security guards, and supervisors as defined by the National Labor Relations Act.","VOTING GROUP – UNIT B (Non-Professional Unit):

Included:  All full-time and regular part-time Home Health Aides, Certified Physical Therapy Assistants, and Certified Occupational Therapy Assistants, employed on the Island of Oahu. 

Excluded:  All other employees, directors, managers, confidential employees, professional employees, office clerical employees, security guards, and supervisors as defined by the National Labor Relations Act.","VOTING GROUP – UNIT C

Included:  All full-time and regular part-time Home Care Representative Assistants, Accounts Payable/Patient Account Specialist, Business Services Support Specialist, Claims Reimbursement Specialist, Office Assistant, Clinical Office Assistant, Medical Records Clerk, and Patient Account Specialist, employed on the Island of Oahu.

Excluded:  All other employees, Senior IT System Specialist, IT Network Specialist, Executive Assistant, directors, managers, confidential employees, professional employees, office clerical employees, security guards, and supervisors as defined by the National Labor Relations Act.",NA,29,2024-04-01,2024-04-01,"51-100",TRUE,"RC","Yes","Hawaii Nurses' Association, OPEIU Local 50",1,"OPEIU",0.892857142857143,"Yes",16
"21-RC-339300","Region 21, Los Angeles, California","Speech and Language Development Center, Inc.",2024-04-04,2024-05-23,"Buena Park","CA","A",2024-05-14,165,NA,"Office and Professional Employees International Union, Local 30",125,NA,NA,NA,NA,6,131,NA,9,NA,"Office and Professional Employees International Union, Local 30","Initial","Single Labor Organization","Certific. of Representative","Closed","Included: All full-time and regular part-time employees in the following job classifications: Drivers, Nutrition Coordinators, Staff Accountants, Life Coach 1, Life Coach 2, Paraprofessionals, Administrative Assistants, Certified Occupational Therapist Assistants, Maintenance, Receptionists, and Fleet Coordinators, employed by the Employer at its facilities located at 8699 Holder Street, Buena Park, CA 90620 and 43385 Business Park Drive, #140, Temecula, CA 92590.

Excluded:  All other employees, employees in the following job classifications: Board Certified Behavioral Analysts, Early Intervention Specialists, Occupational Therapists, Speech Therapists, Teachers, Teachers on Special Assignment, Counselors, Human Resources, Education Specialists Interns, Philanthropy Associates, Adapted Physical Education, Payroll Managers, managerial employees, confidential employees, guards, and supervisors as defined in the Act.

Others Permitted to Vote: The parties have agreed that Nurses, Speech Language Pathologist (SLP) Assistants, and Vocational Instructors may vote in the election but their ballots will be challenged since their eligibility has not been resolved.  No decision has been made regarding whether the individuals in these classifications are included in, or excluded from, the unit.  The eligibility or inclusion of these individuals will be resolved, if necessary, following the election.",NA,NA,NA,40,2024-04-01,2024-04-01,"101-500",TRUE,"RC","Yes","Office and Professional Employees International Union, Local 30",1,"OPEIU",0.954198473282443,"Yes",34
"05-RC-338505","Region 05, Baltimore, Maryland","Georgetown University",2024-03-22,2024-04-24,"Washington","DC","A",2024-04-16,102,NA,"Office & Professional Employees International Union Local 153, AFL-CIO",79,NA,NA,NA,NA,3,82,NA,1,NA,"Office & Professional Employees International Union Local 153, AFL-CIO","Initial","Single Labor Organization","Certific. of Representative","Closed","All undergraduate Resident Assistants at the Employer’s main campus in Georgetown, Washington, D.C., but excluding all other employees, professional employees, managerial employees, confidential employees, guards, and supervisors as defined in the Act.",NA,NA,NA,25,2024-04-01,2024-01-01,"101-500",TRUE,"RC","Yes","Office & Professional Employees International Union Local 153, AFL-CIO",1,"OPEIU",0.963414634146341,"Yes",20
"04-RC-337604","Region 04, Philadelphia, Pennsylvania","Drexel University",2024-03-11,2024-04-19,"Philadelphia","PA","A",2024-04-11,95,NA,"Office and Professional Employees International Union Local 153",63,NA,NA,NA,NA,4,67,NA,4,NA,"Office and Professional Employees International Union Local 153","Initial","Single Labor Organization","Certific. of Representative","Closed","Included: All resident assistants, graduate resident assistants and head resident assistants employed by the Employer at its Philadelphia, Pennsylvania campus residence halls.

Excluded: All other employees including managers, guards, and supervisors as defined in the Act.",NA,NA,NA,31,2024-04-01,2024-01-01,"51-100",TRUE,"RC","Yes","Office and Professional Employees International Union Local 153",1,"OPEIU",0.940298507462687,"Yes",28
"01-RC-337514","Region 01, Boston, Massachusetts","The Trustees of Smith College",2024-03-08,2024-04-17,"Northampton","MA","A",2024-04-09,43,NA,"Office & Professional Employees International Union, Local 153",26,NA,NA,NA,NA,0,26,NA,4,NA,"Office & Professional Employees International Union, Local 153","Initial","Single Labor Organization","Certific. of Representative","Closed","PROFESSIONAL UNIT:  VOTING GROUP A
Included:  All full-time and regular part-time librarians, archivists, and professional staff employed by the Employer at its libraries in Northampton, Massachusetts.
Excluded: All paraprofessional employees, student employees, confidential employees, managerial employees, all other employees, and guards and supervisors as defined in the Act.
Others Permitted to Vote: The parties agree that Instructional Technologists, Digital Hub Program Managers, Educational Media Producers, Electronic Resources and Serials Librarians, Acquisitions Librarians, Resource Sharing Librarians, Access Services Librarians, and Communications Managers may vote in the election, but their ballots will be challenged since their eligibility has not been resolved. No decision has been made regarding whether the individuals in these classifications or groups are included in, or excluded from, the bargaining unit. The eligibility or inclusion of these individuals will be resolved, if necessary, following the election.

NON-PROFESSIONAL UNIT:  VOTING GROUP B
Included:  All full-time and part-time paraprofessionals employed by the Employer at its libraries in Northampton, Massachusetts.

Excluded:  All librarians, archivists, professional staff, student employees, confidential employees, managerial employees, all other employees, and guards, professional employees and supervisors as defined in the Act.

OR

In the event the majority of the voting Professionals (Voting Group A) vote to be included in a unit with nonprofessional employees (Voting Group B), the following combined unit is appropriate. 
COMBINED UNIT
Included:  All full-time and regular part-time librarians, archivists, and professional staff, and paraprofessionals employed by the Employer at its libraries in Northampton, Massachusetts.
Excluded:   All student employees, confidential employees, managerial employees, all other employees, and guards and supervisors as defined in the Act.",NA,NA,NA,32,2024-04-01,2024-01-01,"26-50",TRUE,"RC","Yes","Office & Professional Employees International Union, Local 153",1,"OPEIU",1,"Yes",17
"06-RC-337047","Region 06, Pittsburgh, Pennsylvania","Bucknell University",2024-03-04,2024-04-12,"Lewisburg","PA","A",2024-04-04,111,NA,"Office & Professional Employees International Union, Local 153",74,NA,NA,NA,NA,2,76,NA,NA,NA,"Office & Professional Employees International Union, Local 153","Initial","Single Labor Organization","Certific. of Representative","Closed","Included:  All Resident Advisors and Lead Residential Advisors employed by the Employer at its 1 Dent Drive, Lewisburg, Pennsylvania campus. 
Excluded: All other employees including office clerical employees, managers, and guards and confidential employes and supervisors as defined in the Act.",NA,NA,NA,31,2024-04-01,2024-01-01,"101-500",TRUE,"RC","Yes","Office & Professional Employees International Union, Local 153",1,"OPEIU",0.973684210526316,"Yes",35
"21-RC-335075","Region 21, Los Angeles, California","Brilliant Corners",2024-02-05,2024-04-08,"Los Angeles","CA","A",2024-03-27,314,1,"Office and Professional Employees International Union Local 30, AFL-CIO",178,NA,NA,NA,NA,61,239,NA,3,NA,"Office and Professional Employees International Union Local 30, AFL-CIO","Initial","Single Labor Organization","Certific. of Representative","Closed","INCLUDED: All full-time and regular part-time Project Managers, Development Project Managers, Senior Development Project, Managers, Senior Project Managers, Project Coordinators, Associate Project Managers, Housing Coordinators, Housing Acquisition Specialists, Program Associates, Program, Operations Supervisors, Senior Case Managers, Case Managers, ERC Case Managers, Operations Specialists, Senior
Operations Specialists, Senior Housing Coordinators, Policy Analysts, FHSP Quality Assurance Managers, FHSP Communication Managers, Rent Subsidy Administrators, Operations Specialists-Grants and Contracts Payments, FHSP Housing Quality Standards Assistant Managers, Occupancy Specialists, CIIP Project Managers, CIIP Project Coordinators, SF Housing Platform Senior Housing Coordinators, Northern
California Contracts Specialists, Senior Housing Acquisition Specialists, Northern California Housing Services Occupancy Specialists, Lead Maintenance Technicians, Maintenance Technicians, Senior Maintenance Technicians, Compliance Specialists, Interim Program Coordinators, Community Managers, Staff Accountants, Senior Accountants, Budget Analysts, Financial Systems Analysts, Data Analysts, Help Desk
Specialists, Salesforce Administrators, IT Support Specialists, Technology Training Specialists, Analytics Engineers, Program
Trainers, Senior Recruiters, Senior Trainers, Trainers-Culture and Engagement, Lead Recruiters, Senior Receptionists, Receptionists, Training Coordinators, Community Programs Predictive Data Analysts, Marketing and Communications Specialists, Fund Development Associates, Marketing and Events Associates, Southern California External Affairs Associates, Salesforce Support Specialists, and Program
Managers (DHS) employed by the Employer at its facilities currently located at 854 Folsom Street, San Francisco, California; 1660 Hotel Circle North, Suite 204 San Diego, California; 527 West 7th Street, Los Angeles, California; 1650 So. Amphlett Blvd., Suite 210, San Mateo, California and 3600 Lime Street, Building #2, Suites 214-215, Riverside, California.

EXCLUDED: All other employees, professional employees, managerial
employees, guards, and supervisors as defined in the Act.

OTHERS PERMITTED TO VOTE: The parties have agreed that Tavares Robinson, Max Wilcox, Andrei Hluski and Ashley Mejia may vote in the election but their ballots will be challenged since their eligibility has not been resolved. No decision has been made regarding whether the individuals in these classifications or groups are included in, or excluded from, the bargaining unit. The eligibility or inclusion of these individuals will be resolved, if necessary, following the election.",NA,NA,NA,51,2024-01-01,2024-01-01,"101-500",TRUE,"RC","Yes","Office and Professional Employees International Union Local 30, AFL-CIO",1,"OPEIU",0.744769874476987,"Yes",75
"21-RM-335063","Region 21, Los Angeles, California","Brilliant Corners",2024-02-02,2024-04-08,"Los Angeles","CA","A",2024-03-27,314,1,"BC United a/w OPEIU Local 30",178,NA,NA,NA,NA,61,239,NA,3,NA,"BC United a/w OPEIU Local 30","Initial","Single Labor Organization","Certific. of Representative","Closed","INCLUDED:	All full-time and regular part-time Project Managers, Development Project Managers, Senior Development Project Managers, Senior Project Managers, Project Coordinators, Associate Project Managers, Housing Coordinators, Housing Acquisition Specialists, Program Associates, Program Operations Supervisors, Senior Case Managers, Case Managers, ERC Case Managers, Operations Specialists, Senior Operations Specialists, Senior Housing Coordinators, Policy Analysts, FHSP Quality Assurance Managers, FHSP Communication Managers, Rent Subsidy Administrators, Operations Specialists-Grants and Contracts Payments, FHSP Housing Quality Standards Assistant Managers, Occupancy Specialists, CIIP Project Managers, CIIP Project Coordinators, SF Housing Platform Senior Housing Coordinators, Northern California Contracts Specialists, Senior Housing Acquisition Specialists, Northern California Housing Services Occupancy Specialists, Lead Maintenance Technicians, Maintenance Technicians, Senior Maintenance Technicians, Compliance Specialists, Interim Program Coordinators, Community Managers, Staff Accountants, Senior Accountants, Budget Analysts, Financial Systems Analysts, Data Analysts, Help Desk Specialists, Salesforce Administrators, IT Support Specialists, Technology Training Specialists, Analytics Engineers, Program Trainers, Senior Recruiters, Senior Trainers, Trainers-Culture and Engagement, Lead Recruiters, Senior Receptionists, Receptionists, Training Coordinators, Community Programs Predictive Data Analysts, Marketing and Communications Specialists, Fund Development Associates, Marketing and Events Associates, Southern California External Affairs Associates, Salesforce Support Specialists, and Program Managers (DHS) employed by the Employer at its facilities currently located at 854 Folsom Street, San Francisco, California; 1660 Hotel Circle North, Suite 204 San Diego, California; 527 West 7th Street, Los Angeles, California; 1650 So. Amphlett Blvd., Suite 210, San Mateo, California and 3600 Lime Street, Building #2, Suites 214-215, Riverside, California. 
	
EXCLUDED:	All other employees, professional employees, managerial employees, guards, and supervisors as defined in the Act.

OTHERS PERMITTED TO VOTE: The parties have agreed that Tavares Robinson, Max Wilcox, Andrei Hluski and Ashley Mejia may vote in the election but their ballots will be challenged since their eligibility has not been resolved.  No decision has been made regarding whether the individuals in these classifications or groups are included in, or excluded from, the bargaining unit.  The eligibility or inclusion of these individuals will be resolved, if necessary, following the election.",NA,NA,NA,54,2024-01-01,2024-01-01,"101-500",TRUE,"RM","Yes","BC United a/w OPEIU Local 30",1,"OPEIU",0.744769874476987,"Yes",75
"19-RC-334122","Region 19, Seattle, Washington","Providence Health and Services - Western Washington, d/b/a Providence Regional Medical Center Everett",2024-01-23,2024-02-22,"Everett","WA","A",2024-02-13,6,NA,"Office and Professional Employees International Union Local 8, affiliated with the AFL-CIO",6,NA,NA,NA,NA,0,6,NA,NA,NA,"Office and Professional Employees International Union Local 8, affiliated with the AFL-CIO","Initial","Single Labor Organization","Certification of Results","Closed","All full-time and regular part-time Senior Patient Authorization and Referral Specialists employed by the Employer and working at its facility located at 1700 13th St, Everett, WA 98201; excluding all other employees, and guards and supervisors as defined by the Act.",NA,NA,NA,21,2024-01-01,2024-01-01,"6-10",TRUE,"RC","Yes","Office and Professional Employees International Union Local 8, affiliated with the AFL-CIO",1,"OPEIU",1,"No",0
"20-RC-333509","Region 20, San Francisco, California","The Queen's Medical Center",2024-01-12,2024-02-26,"Honolulu","HI","A",2024-02-07,14,NA,"Hawai'i Nurses' Association, OPEIU Local 50",10,NA,NA,NA,NA,0,10,NA,NA,NA,"Hawai'i Nurses' Association, OPEIU Local 50","Initial","Single Labor Organization","Certific. of Representative","Closed","Included: All full-time and regular part-time Patient Transfer Coordinators employed by
the Queen's Medical Center currently at the 1314 S. King St. Honolulu, Hawai'i facility.

Excluded: All other employees, managers, and supervisors as defined by the Act.",NA,NA,NA,26,2024-01-01,2024-01-01,"11-25",TRUE,"RC","Yes","Hawai'i Nurses' Association, OPEIU Local 50",1,"OPEIU",1,"Yes",4
"19-RC-333192","Region 19, Seattle, Washington","Friends of Youth",2024-01-08,2024-03-01,"Kirkland","WA","A",2024-02-22,121,1,"Office and Professional Employees International Union, Local 8, AFL-CIO",56,NA,NA,NA,NA,7,63,NA,2,NA,"Office and Professional Employees International Union, Local 8, AFL-CIO","Initial","Single Labor Organization","Certific. of Representative","Closed","All full-time, regular part-time, and on-call/relief psych ARNPs, substance use disorder professionals, substance use disorder professional trainees, therapist/internship supervisors, 1 therapists, and mental health therapists employed by the Employer at its facilities in King County, Washington; excluding all other employees, non-professional employees, confidential employees, managers, and guards and supervisors as defined in the Act","All full-time, regular part-time, and on-call/relief administrative assistants; case managers; coordinators; data specialists; development specialists; graphic designers; employment case managers; facilities technicians; manager - food services RFS; family support specialists; foster parent licensors; junior IT administrators; medical billers; risk and compliance specialists; diversity, equity, and inclusion specialists; marketing and communication specialists; treatment aides; and youth specialists employed by the Employer at its facilities in King County, Washington; excluding all other employees, professional employees, confidential employees, managers, and guards and supervisors as defined in the Act.","All full-time, regular part-time, and on-call/relief administrative assistants; case managers; coordinators; data specialists; development specialists; graphic designers; employment case managers; facilities technicians; manager - food services RFS; family support specialists; foster parent licensors; junior IT administrators; medical billers; risk and compliance specialists; diversity, equity, and inclusion specialists; marketing and communication specialists; treatment aides; and youth specialists employed by the Employer at its facilities in King County, Washington; excluding all other employees, professional employees, confidential employees, managers, and guards and supervisors as defined in the Act.","All full-time, regular part-time, and on-call/relief administrative assistants; case managers; coordinators; data specialists; development specialists; graphic designers; employment case managers; facilities technicians; manager - food services RFS; family support specialists; foster parent licensors; junior IT administrators; medical billers; risk and compliance specialists; diversity, equity, and inclusion specialists; marketing and communication specialists; treatment aides; and youth specialists employed by the Employer at its facilities in King County, Washington; excluding all other employees, professional employees, confidential employees, managers, and guards and supervisors as defined in the Act.",45,2024-01-01,2024-01-01,"101-500",TRUE,"RC","Yes","Office and Professional Employees International Union, Local 8, AFL-CIO",1,"OPEIU",0.888888888888889,"Yes",58
"01-RC-330314","Region 01, Boston, Massachusetts","The Trustees of the Smith College",2023-11-17,2024-02-09,"Northampton","MA","A",2024-02-01,152,NA,"Office & Professional Employees International Union, Local 153",66,NA,NA,NA,NA,1,67,NA,13,NA,"Office & Professional Employees International Union, Local 153","Initial","Single Labor Organization","Certific. of Representative","Closed","All undergraduate students enrolled at Smith College who are employed in Dining Services; but excluding all other employees, including non-student employees, managerial employees, and guards, professional employees and supervisors as defined in the Act.

ELIGIBLE VOTERS:  Those eligible to vote in the election are employees in the above unit who were employed during the payroll period ending December 2, 2023, and have worked an average of four (4) hours per week or more in dining services since the start of the 2023-2024 academic year, including employees who did not work during that period because they were ill, on vacation, or were temporarily laid off.",NA,NA,NA,76,2024-01-01,2023-10-01,"101-500",TRUE,"RC","Yes","Office & Professional Employees International Union, Local 153",1,"OPEIU",0.985074626865672,"Yes",85
"04-RC-330351","Region 04, Philadelphia, Pennsylvania","Thomas Jefferson University",2023-11-17,2024-01-24,"Philadelphia","PA","A",2024-01-16,61,NA,"OPEIU Local 32 a/w Office and Professional Employees International Union, AFL­-CIO",35,NA,NA,NA,NA,18,53,NA,2,NA,"OPEIU Local 32 a/w Office and Professional Employees International Union, AFL­-CIO","Initial","Single Labor Organization","Certific. of Representative","Closed","Included: All full-time and regular part-time* Standardized Patients employed by the Employer at its 1001 Locust Street, Philadelphia, Pennsylvania facility.

*Regular part-time employees are all employees in the unit who have worked an average of four (4) hours or more per week during the 13 weeks immediately preceding the eligibility date for the election.

Excluded: All other employees, managerial employees, confidential employees, guards and supervisors as defined in the Act.",NA,NA,NA,60,2024-01-01,2023-10-01,"51-100",TRUE,"RC","Yes","OPEIU Local 32 a/w Office and Professional Employees International Union, AFL­-CIO",1,"OPEIU",0.660377358490566,"Yes",8
"01-RC-329813","Region 01, Boston, Massachusetts","Emerson College",2023-11-13,2024-02-02,"Boston","MA","A",2024-01-24,81,NA,"Office & Professional Employees Int’l Union, Local 153",67,NA,NA,NA,NA,0,67,NA,NA,NA,"Office & Professional Employees Int’l Union, Local 153","Initial","Single Labor Organization","Certific. of Representative","Closed","Included: All undergraduate and graduate students currently enrolled in a degree program at Emerson College who are currently appointed to and serving in academic year or semester appointments as Resident Assistants at the Emerson College campus in Boston, Massachusetts.

Excluded: All students serving as Resident Assistants at the Emerson College campuses in Los Angeles, California and Well, Limburg, Netherlands, confidential employees, and guards, professional employees, and supervisors as defined by the Act.",NA,NA,NA,72,2024-01-01,2023-10-01,"51-100",TRUE,"RC","Yes","Office & Professional Employees Int’l Union, Local 153",1,"OPEIU",1,"Yes",14
"04-RC-329416","Region 04, Philadelphia, Pennsylvania","Swarthmore College",2023-11-06,2023-12-22,"Swarthmore","PA","A",2023-12-14,56,NA,"Office & Professional Employees International Union, Local 153",46,NA,NA,NA,NA,5,51,NA,NA,NA,"Office & Professional Employees International Union, Local 153","Initial","Single Labor Organization","Certific. of Representative","Closed","Included: All resident assistants employed by the Employer at its 500 College Avenue, Swarthmore, Pennsylvania campus.

Excluded: All other employees including managers, guards and supervisors as defined in the Act.",NA,NA,NA,38,2023-10-01,2023-10-01,"51-100",TRUE,"RC","Yes","Office & Professional Employees International Union, Local 153",1,"OPEIU",0.901960784313726,"Yes",5
"19-RC-327938","Region 19, Seattle, Washington","Roots Young Adult Shelter",2023-10-13,2023-11-27,"Seattle","WA","A",2023-11-16,16,NA,"Office and Professional Employees International Union, Local 8",9,NA,NA,NA,NA,0,9,NA,NA,NA,"Office and Professional Employees International Union, Local 8","Initial","Single Labor Organization","Certific. of Representative","Closed","All full-time, regular part-time and on-call employees employed by the Employer at its Seattle, Washington facility; excluding all confidential employees, managerial employees, and guards and supervisors as defined in the Act.",NA,NA,NA,34,2023-10-01,2023-10-01,"11-25",TRUE,"RC","Yes","Office and Professional Employees International Union, Local 8",1,"OPEIU",1,"Yes",7
"32-RC-327805","Region 32, Oakland, California","Alameda County Community Food Bank Inc.",2023-10-12,2023-11-22,"Alameda","CA","A",2023-11-09,91,NA,"Office & Professional Employees International Union, Local 29",57,NA,NA,NA,NA,11,68,NA,1,NA,"Office & Professional Employees International Union, Local 29","Initial","Single Labor Organization","Certific. of Representative","Closed","All full-time and regular part-time Accountants, AR & Inventory; Accounting Assistants; Administrative Assistants Impact; Annual Fund Specialists; CalFresh Outreach Coordinators; 
Capacity Development Leads; CEC Warehouse Coordinators; Channel Development Strategists; Class A Drivers; Class B Drivers; Class C Drivers; Client Services Associates; 
Client Voice Enrollment Specialists; Community Market Associates; Community Nutrition Educators; Countywide Health Systems Liaisons; CRM Systems Administrators; Data Entry 
Clerks; Desktop Support Technicians; Development Associates; Development Coordinators; Digital Marketing Coordinators; Distribution Specialists; Donor Relations Specialists; Facilities 
Coordinators; Food Helpline Supervisors; Food Recovery Program Truck Drivers (Class C); Food Resources Coordinators; Helpline & Outreach Associates; Home Delivery Drivers; 
Inventory & Distribution Associates; Inventory Specialists; Lead Class A Drivers; Lead Facilities Coordinators; Lead Warehouse Supervisors, Picking Area; Lead Warehouse Supervisors, 
Staging Area; Leadership Gifts Coordinators; Leadership Gifts Officers; Logistics Coordinators Direct to Client Distribution; Logistics Coordinators, Special Projects; Multimedia Coordinators; 
Outreach Administrative Associates; Outreach Associates; Partner Investment Strategists; Program Coordinators; Program Coordinators, Client Voice; Project Specialists; Research 
Coordinators; Senior Policy Advocates; Shipping & Receiving Coordinators; Sustainability Program Coordinators; Volunteer & Community Engagement Coordinators; Volunteer Logistics 
Coordinators; Warehouse Associates I; Warehouse Associates II; Development Assistants and Events Project Managers employed by the employer at its facility located at 7900 Edgewater 
Dr., Oakland, CA 94621; excluding managers, temporary employees, confidential employees, office clerical employees, guards, and supervisors as defined by the Act.

Others permitted to vote  The parties have agreed that CalFresh Outreach Supervisors, Community Organizing Managers and Internal Communications Leads may vote in the election, 
but their ballots will be challenged since their eligibility has not been resolved.  No decision has been made regarding whether the individuals in these classifications or groups are included in, 
or excluded from, the bargaining unit.  The eligibility or inclusion of these individuals will be 
resolved, if necessary, following the election.",NA,NA,NA,28,2023-10-01,2023-10-01,"51-100",TRUE,"RC","Yes","Office & Professional Employees International Union, Local 29",1,"OPEIU",0.838235294117647,"Yes",23
"19-RC-326394","Region 19, Seattle, Washington","Reed College",2023-09-22,2023-11-06,"Portland","OR","A",2023-10-27,44,NA,"Office and Professional Employees International Union Local 11",36,NA,NA,NA,NA,2,38,NA,NA,NA,"Office and Professional Employees International Union Local 11","Initial","Single Labor Organization","Certific. of Representative","Closed","All Housing Advisers employed by the Employer at its Portland, Oregon campus but excluding all non-student staff employed at the Employer’s Residence Life Department, all other student employees employed by the Employer and guards and supervisors as defined by the Act.",NA,NA,NA,35,2023-10-01,2023-07-01,"26-50",TRUE,"RC","Yes","Office and Professional Employees International Union Local 11",1,"OPEIU",0.947368421052632,"Yes",6
"20-RC-325558","Region 20, San Francisco, California","LightHouse for the Blind and Visually Impaired",2023-09-11,2023-12-04,"San Francisco","CA","A",2023-11-15,90,NA,"Office and Professional Employees International Union Local 29",50,NA,NA,NA,NA,22,72,NA,3,NA,"Office and Professional Employees International Union Local 29","Initial","Single Labor Organization","Certific. of Representative","Closed",NA,NA,NA,NA,65,2023-10-01,2023-07-01,"51-100",TRUE,"RC","Yes","Office and Professional Employees International Union Local 29",1,"OPEIU",0.694444444444444,"Yes",18
"06-RD-323814","Region 06, Pittsburgh, Pennsylvania","Charles E. Cole Memorial Hospital d/b/a UPMC Cole",2023-08-14,2023-09-21,"Coudersport","PA","B",2023-09-13,65,NA,"OPEIU Healthcare Pennsylvania, Local 153, AFL-CIO",31,NA,NA,NA,NA,15,46,NA,1,NA,"OPEIU Healthcare Pennsylvania, Local 153, AFL-CIO","Initial","Single Labor Organization","Certific. of Representative","Closed","VOTING GROUP - UNIT A (PROFESSIONAL UNIT):
All full-time and regular part-time registered nurses and graduate nurses employed by UPMC Cole at its Coudersport, Pennsylvania facility. Excluding all other employees, the Director of Nursing, the Assistant Director of Nursing, and guards, other professional employees and all supervisors as defined in the Act.

VOTING GROUP - UNIT B (NON-PROFESSIONAL UNIT):
All full-time and regular part-time licensed practical nurses and graduate practical nurses employed by UPMC Cole at its Coudersport facility. Excluding all other employees, the Director of Nursing, the Assistant Director of Nursing, and guards, professional employees and all supervisors as defined in the Act.","VOTING GROUP - UNIT B (NON-PROFESSIONAL UNIT):
All full-time and regular part-time licensed practical nurses and graduate practical nurses employed by UPMC Cole at its Coudersport facility. Excluding all other employees, the Director of Nursing, the Assistant Director of Nursing, and guards, professional employees and all supervisors as defined in the Act.","VOTING GROUP - UNIT B (NON-PROFESSIONAL UNIT):
All full-time and regular part-time licensed practical nurses and graduate practical nurses employed by UPMC Cole at its Coudersport facility. Excluding all other employees, the Director of Nursing, the Assistant Director of Nursing, and guards, professional employees and all supervisors as defined in the Act.","VOTING GROUP - UNIT B (NON-PROFESSIONAL UNIT):
All full-time and regular part-time licensed practical nurses and graduate practical nurses employed by UPMC Cole at its Coudersport facility. Excluding all other employees, the Director of Nursing, the Assistant Director of Nursing, and guards, professional employees and all supervisors as defined in the Act.",30,2023-07-01,2023-07-01,"51-100",TRUE,"RD","Yes","OPEIU Healthcare Pennsylvania, Local 153, AFL-CIO",1,"OPEIU",0.673913043478261,"Yes",19
"20-RC-318073","Region 20, San Francisco, California","Sutter Health Pacific dba Kahi Mohala",2023-05-15,2023-07-17,"Ewa Beach","HI","A",2023-06-20,42,NA,"Hawaii Nurses` Association, OPEIU Local 50",32,NA,NA,NA,NA,4,36,NA,NA,NA,"Hawaii Nurses` Association, OPEIU Local 50","Initial","Single Labor Organization","Certific. of Representative","Closed","Included: All full-time, and regular part-time and per-diem/call-in registered nurses (floor nurses)

Excluded: All other employees including Charge Nurse, Clinical Nurse Educator III, Clinical Program Coordinator II, Utilization Coordinator, managerial employees, confidential employees, guards, and supervisors as defined in the NLRA..

dkeola",NA,NA,NA,36,2023-04-01,2023-04-01,"26-50",TRUE,"RC","Yes","Hawaii Nurses` Association, OPEIU Local 50",1,"OPEIU",0.888888888888889,"Yes",6
"04-RC-313979","Region 04, Philadelphia, Pennsylvania","The Trustees of the University of Pennsylvania",2023-03-14,2023-10-06,"Philadelphia","PA","A",2023-09-28,220,NA,"Office and Professional Employees International Union Local 153",142,NA,NA,NA,NA,22,164,NA,NA,NA,"Office and Professional Employees International Union Local 153","Initial","Single Labor Organization","Certific. of Representative","Closed","Included: All resident advisors and graduate resident advisors employed by the Employer.

Excluded: All other employees including managers, guards, and supervisors as defined in the Act.",NA,NA,NA,198,2023-07-01,2023-01-01,"101-500",TRUE,"RC","Yes","Office and Professional Employees International Union Local 153",1,"OPEIU",0.865853658536585,"Yes",56
"03-RC-312135","Region 03, Buffalo, New York","Rensselaer Polytechnic Institute",2023-02-14,2023-04-06,"Troy","NY","A",2023-03-29,79,NA,"Office and Professional Employees International Union Local 153",55,NA,NA,NA,NA,9,64,NA,64,NA,"Office and Professional Employees International Union Local 153","Initial","Single Labor Organization","Certific. of Representative","Closed","All resident assistants employed by the Employer at its Troy, New York campus; excluding all confidential employees, guards, professional employees and supervisors as defined in the Act, and all other employees.",NA,NA,NA,43,2023-01-01,2023-01-01,"51-100",TRUE,"RC","Yes","Office and Professional Employees International Union Local 153",1,"OPEIU",0.859375,"Yes",15
"02-RC-312116","Region 02, New York, New York","Fordham University",2023-02-14,2023-04-18,"Bronx","NY","A",2023-03-21,101,NA,"Office and Professional Employees International Union Local 153",47,NA,NA,NA,NA,19,66,NA,NA,NA,"Office and Professional Employees International Union Local 153","Initial","Single Labor Organization","Certific. of Representative","Closed","Included: All Resident Advisors at the Rose Hill Campus who were on the
Employer’s payroll as of February 24, 2023.

Excluded: All other employees, including confidential employees, managers, guards,
and supervisors as defined in the Act.",NA,NA,NA,35,2023-01-01,2023-01-01,"101-500",TRUE,"RC","Yes","Office and Professional Employees International Union Local 153",1,"OPEIU",0.712121212121212,"Yes",35
"16-RC-310853","Region 16, Fort Worth, Texas","AUNT BERTHA, A PUBLIC BENEFIT CORPORATION D/B/A FINDHELP AND FINDHELP.ORG",2023-01-24,2023-04-19,"Austin","TX","A",2023-04-11,170,2,"OFFICE & PROFESSIONAL EMPLOYEES INTERNATIONAL UNION",95,NA,NA,NA,NA,52,147,NA,6,NA,"OFFICE & PROFESSIONAL EMPLOYEES INTERNATIONAL UNION","Initial","Single Labor Organization","Certific. of Representative","Closed","INCLUDED:  
Account Executive
Associate Principal, Customer Success
Business Analyst
Business Intelligence Analyst
Business Intelligence Associate
Cloud Database Administrator
Commercial Paralegal 
Community Engagement Manager
Community Engagement Manager -     California
Community Engagement Manager - Indiana
Community Engagement Manager - New England
Community Engagement Manager - Southwest
Community Engagement Manager - Texas
Community Engagement Marketing Strategist
Curator
Curator Research Specialist
Customer Engagement Marketing Strategist
Customer Happiness Executive
Customer Success Manager
Customer Success Manager-Schoolcare
Customer Support Manager
Customer Support Specialist
Customer Training Manager
Data Analyst
Data Engineer
Data Engineer I
Digital Marketing Manager
Engineer
Engineer I
Executive Administrative Assistant  
Government Sales Account Executive
IT Support Admin
Lead UI/Integration Designer
Learning and Development Specialist
National Community Engagement Manager
Network Support Analyst
Network Support Analyst I
Network Support Analyst II
Northeast Organization Onboarding Specialist (OOS)
Office Administrator 
Operations Specialist
Organization Onboarding Specialist – Southwest
Principal Business Analyst
Principal Curator Specialist
Product Manager
Product Owner
Production Coordinator
Production Support Analyst
Production Support Engineer
Program Manager 
Project Manager
QA Engineer
Regional Director of State Government-Relations
Research Analyst
RFP Specialist
School Partnership Executive-Sales
Scrum Master
Senior Account Executive
Senior Business Intelligence Analyst
Senior Cloud Infrastructure Engineer
Senior Community Engagement Manager
Senior CSM
Senior Customer Success Manager
Senior Executive Assistant 
Senior Financial Analyst
Senior Marketplace Analyst
Senior Partnership Analyst
Senior Policy Analyst
Senior Product Manager
Senior QA Engineer
Senior Site Reliability Engineer
Senior Software Engineer
Senior Staff Data Engineer
Senior Staff Engineer
Senior Staff Software Engineer
Senior Technical Writer
Software Engineer
Software Engineer I
Software Engineer II
Sr. Manager, Business Development
Staff Data Engineer
Staff Engineer
Staff Production Support Engineer
Staff Quality Engineer
Staff Software Engineer
Staff Technical Solutions Engineer
User Experience Designer
User Experience Generalist

EXCLUDED:
Director of Culture, Organizational and Leadership Development
People Operations Administrator
Senior Security Analyst
Talent Acquisition Specialist

All other employees including independent contractors, managerial, temporary, confidential, guards, and supervisors as defined in the Act.

Others permitted to vote:  The parties have agreed that the Director of Government Relations, and Channel Partner Manager may vote in the election but their ballots will be challenged since their eligibility has not been resolved.  No decision has been made regarding whether the individuals in these classifications are included in, or excluded from, the bargaining unit.  The eligibility or inclusion of these individuals will be resolved, if necessary, following the election.",NA,NA,NA,77,2023-04-01,2023-01-01,"101-500",TRUE,"RC","Yes","OFFICE & PROFESSIONAL EMPLOYEES INTERNATIONAL UNION",1,"OPEIU",0.646258503401361,"Yes",23
"19-RD-310014","Region 19, Seattle, Washington","International Brotherhood of Electrical Workers, Local Union No. 77",2023-01-09,2023-03-08,"SeaTac","WA","A",2023-02-28,12,NA,"OPEIU Local 8, AFL-CIO",1,NA,NA,NA,NA,10,11,NA,NA,NA,NA,"Initial","Single Labor Organization","Certification of Results","Closed","All full-time and regular part-time office employees employed by the Employer at or out of its Washington facilities, including: Office Manager, Executive Assistant, Supervisor, Systems Manager/Computer Programmer, Administrative Assistant, One Person Office, Paralegal, Bookkeeper, Computer Operator, Table Top Publishing/Graphics Specialist, Dispatcher, Dispatcher II, Word Processor I, Word Processor II/Typist, Cashier/Receptionist, Machine Operator, Dues Clerk, Keyboard Operator, Office Assistant, Clerk, and Student Intern; excluding elected officers, elected or hired business representatives, staff assistants, organizers, and guards and supervisors as defined by the Act.",NA,NA,NA,50,2023-01-01,2023-01-01,"11-25",TRUE,"RD","Yes","OPEIU Local 8, AFL-CIO",1,"OPEIU",0.0909090909090909,"No",1
"07-RC-309651","Region 07, Detroit, Michigan","Havenwyck Hospital, Inc.",2022-12-28,2023-03-24,"Auburn Hills","MI","A",2023-03-16,161,NA,"Local 459, Office and Professional Employees International Union (OPEIU), AFL-CIO",47,NA,NA,NA,NA,88,135,NA,NA,NA,"Local 459, Office and Professional Employees International Union (OPEIU), AFL-CIO","Initial","Single Labor Organization","Certification of Results","Closed","All full-time, regular part-time, and per diem (contingent) Techs (MH/BH) (a/k/a 
Psychiatric Care Specialists, Residential Care Specialists), Lead Techs (MH/BH) (a/k/a
Lead Psychiatric Care Specialists, Shift Leads - Residential Program), Supv-Mental
Health Techs (a/k/a Psychiatric Care Specialist Preceptors, Residential Care Specialist
Supervisors), and Milieu Specialists, employed by the Employer at its Main Hospital and
Residential Treatment Center facilities located at 1525 University Drive, Auburn Hills,
Michigan, but excluding all Certified Therapeutic Recreational Specialists (a/k/a
Recreational Therapists; Activity Therapists), Music/Art Therapists, Unit Secretary (a/k/a
Unit Coordinators), guards and supervisors as defined in the Act, and all other
employees.",NA,NA,NA,78,2023-01-01,2022-10-01,"101-500",TRUE,"RC","Yes","Local 459, Office and Professional Employees International Union (OPEIU), AFL-CIO",1,"OPEIU",0.348148148148148,"No",26
"02-RC-308938","Region 02, New York, New York","Freedom House, Inc.",2022-12-15,2023-03-08,"Manhattan","NY","A",2023-02-23,77,1,"Office and Professional Employees International Union Local 153",49,NA,NA,NA,NA,5,54,NA,NA,NA,"Office and Professional Employees International Union Local 153","Initial","Single Labor Organization","Certific. of Representative","Closed","INCLUDED: All full time and regular part time Advisors, Associate Editors, Community
Engagement Specialists, Development Associates, Digital Communications Specialists, Editors,
Evaluators, Executive Communications Specialists, Monitor, Evaluation, and Learning
Specialists, Operations Associates, Operations Coordinators, Policy & Advocacy Operations
Specialists, Policy and Advocacy Officers, Program Associates, Program Officers, Research
Analysts, Research Associates, Senior Monitoring, Learning and Evaluation Officers, Senior
Program Officers, Social Media Specialists, Sr. Development Associates employed by the
Employer and working out of its facilities located at 26 Broadway, NY, NY 10004 and 1850 M St.
NW Floor 11, Washington, DC 20036 who were employed during
the payroll period ending December 31, 2022
EXCLUDED: All other employees, confidential employees, managerial employees,
guards, professional employees, and supervisors as defined by the Act.",NA,NA,NA,70,2023-01-01,2022-10-01,"51-100",TRUE,"RC","Yes","Office and Professional Employees International Union Local 153",1,"OPEIU",0.907407407407407,"Yes",23
"19-RD-308411","Region 19, Seattle, Washington","Oregon Catholic Press",2022-12-07,2023-02-10,"Portland","OR","A",2023-02-02,8,NA,"Office & Professional Employees International Union, Local 11",1,NA,NA,NA,NA,7,8,NA,NA,NA,"Office & Professional Employees International Union, Local 11","Initial","Single Labor Organization","Certification of Results","Closed","INCLUDED:	All employees employed in office clerical positions by the Employer at its facility located in Portland, Oregon.
EXCLUDED:	All managerial employees, and guards and supervisors as defined by the Act.",NA,NA,NA,57,2023-01-01,2022-10-01,"6-10",TRUE,"RD","Yes","Office & Professional Employees International Union, Local 11",1,"OPEIU",0.125,"No",0
"01-RC-307294","Region 01, Boston, Massachusetts","Trustees of Tufts College",2022-11-17,2022-12-22,"Medford","MA","A",2022-12-14,142,102,"Office and Professional Employees International Union, Local 153",99,NA,NA,NA,NA,3,0,NA,NA,NA,"Office and Professional Employees International Union, Local 153",NA,"Single Labor Organization","Certific. of Representative","Closed","Included:  All undergraduate and graduate students currently enrolled in a degree program at the Tufts University School of Arts and Sciences and/or Engineering who are currently appointed to and serving in an academic year appointment as Resident Assistants in University Housing for students in the Tufts University School of Arts and Sciences and/or Engineering.
Excluded: All non-student employees, all employees who are already represented by a labor organization, confidential employees, professional employees, guards and supervisors as defined by the Act.",NA,NA,NA,27,2022-10-01,2022-10-01,"101-500",TRUE,"RC","Yes","Office and Professional Employees International Union, Local 153",1,"OPEIU",NA,"Yes",40
"01-RC-307294","Region 01, Boston, Massachusetts","Trustees of Tufts College",2022-11-17,2022-12-22,"Medford","MA","A",2022-12-14,142,NA,"Office and Professional Employees International Union, Local 153",99,NA,NA,NA,NA,3,102,NA,NA,NA,"Office and Professional Employees International Union, Local 153","Initial","Single Labor Organization","Certific. of Representative","Closed","Included:  All undergraduate and graduate students currently enrolled in a degree program at the Tufts University School of Arts and Sciences and/or Engineering who are currently appointed to and serving in an academic year appointment as Resident Assistants in University Housing for students in the Tufts University School of Arts and Sciences and/or Engineering.
Excluded: All non-student employees, all employees who are already represented by a labor organization, confidential employees, professional employees, guards and supervisors as defined by the Act.",NA,NA,NA,27,2022-10-01,2022-10-01,"101-500",FALSE,"RC","Yes","Office and Professional Employees International Union, Local 153",1,"OPEIU",0.970588235294118,"Yes",40
"02-RC-305306","Region 02, New York, New York","Barnard College",2022-10-17,2022-11-29,"New York","NY","A",2022-11-18,58,NA,"LOCAL 153 Office and Professional Employees International Union, AFL-CIO",47,NA,NA,NA,NA,2,49,NA,NA,NA,"LOCAL 153 Office and Professional Employees International Union, AFL-CIO","Initial","Single Labor Organization","Withdrawal Non-adjusted","Closed","INCLUDED: All full-time and regular part-time Resident Assistants employed by
the Employer at its facility located at 3009 Broadway, New York, NY 10027.
EXCLUDED: All other employees including confidential employees, guards,
managers, and supervisors as defined by the Act.",NA,NA,NA,32,2022-10-01,2022-10-01,"51-100",TRUE,"RC","Yes","LOCAL 153 Office and Professional Employees International Union, AFL-CIO",1,"OPEIU",0.959183673469388,"Other",9
"02-RC-305306","Region 02, New York, New York","Barnard College",2022-10-17,2022-11-20,"New York","NY","A",2022-11-18,58,NA,"LOCAL 153 Office and Professional Employees International Union, AFL-CIO",47,NA,NA,NA,NA,2,49,NA,NA,NA,"LOCAL 153 Office and Professional Employees International Union, AFL-CIO","Initial","Single Labor Organization","Certific. of Representative","Closed","INCLUDED: All full-time and regular part-time Resident Assistants employed by
the Employer at its facility located at 3009 Broadway, New York, NY 10027.
EXCLUDED: All other employees including confidential employees, guards,
managers, and supervisors as defined by the Act.",NA,NA,NA,32,2022-10-01,2022-10-01,"51-100",FALSE,"RC","Yes","LOCAL 153 Office and Professional Employees International Union, AFL-CIO",1,"OPEIU",0.959183673469388,"Yes",9
"07-RC-305125","Region 07, Detroit, Michigan","McLaren Greater Lansing",2022-10-13,2022-12-07,"Lansing","MI","A",2022-11-29,11,NA,"Local 459, Office and Professional Employees International Union (OPEIU), AFL-CIO",7,NA,NA,NA,NA,2,9,NA,NA,NA,"Local 459, Office and Professional Employees International Union (OPEIU), AFL-CIO","Initial","Single Labor Organization","Certific. of Representative","Closed","All full-time and regular part-time Registered Nurse Care Managers and Social Work Care Managers employed by the Employer at its facility at 2900 Collins Road, Lansing, Michigan; but excluding office clerical employees, guards, and supervisors as defined by the Act, and all other employees.",NA,NA,NA,47,2022-10-01,2022-10-01,"11-25",TRUE,"RC","Yes","Local 459, Office and Professional Employees International Union (OPEIU), AFL-CIO",1,"OPEIU",0.777777777777778,"Yes",2
"20-RC-304824","Region 20, San Francisco, California","Glide Foundation",2022-10-06,2022-11-22,"San Francisco","CA","A",2022-11-10,118,NA,"Office & Professional Employees International Union, Local 29",80,NA,NA,NA,NA,16,96,NA,5,NA,"Office & Professional Employees International Union, Local 29","Initial","Single Labor Organization","Certific. of Representative","Closed","All full-time and regular part-time employees employed by the Employer at its facilities located at 330 Ellis Street and 434 Ellis Street in San Francisco, California; excluding seasonal employees, temporary employees, professional employees, confidential employees, managers, guards, and supervisors as defined by the Act.",NA,NA,NA,35,2022-10-01,2022-10-01,"101-500",TRUE,"RC","Yes","Office & Professional Employees International Union, Local 29",1,"OPEIU",0.833333333333333,"Yes",22
"20-RC-303647","Region 20, San Francisco, California","Compass Family Services",2022-09-19,2022-12-14,"San Francisco","CA","A",2022-11-23,95,1,"OPEIU Local 29",63,NA,NA,NA,NA,21,84,NA,7,NA,"OPEIU Local 29","Initial","Single Labor Organization","Certific. of Representative","Closed","All full-time and regular part-time employees in the following classifications employed by the Employer at its facilities located in San Francisco, California at 37 Grove Street;1321 Mission Street; 111 Page Street; 626 Polk Street; and 144 Leavenworth Street, the sole facilities involved herein:
           Voting Group Unit A (Professional Unit):
	Included: Therapist; Bilingual Therapist 
	Excluded: All other employees, seasonal employees; temporary employees; confidential employees; managers;  guards; and supervisors as defined in the Act.","Voting Group Unit B (Non-Professional Unit):
	Included: Accounting Clerk; After School Coordinator; Bilingual Case Manager; Case Manager; Case Manager/Residential Counselor; Childcare Worker; Children's Activities Coordinator; Child Trauma Specialist; Communications Manager; Corporate Relations Manager; Development and Communications Associate; Events Manager; Family Services Coordinator; Floater Teacher; Grant Associate; Housing Coordinator; Housing Outreach Case Manager; Housing Problem Solving Specialist; Housing Programs Quality Assurance Specialist; Infant Toddler Teacher; Impact Analyst; Impact Associate; Janitor; Kitchen Aid; Operations and Maintenance Manager; Preschool Teacher; Program Manager – Parent Education; Receptionist/Office Manager; Senior Salesforce Administrator; Substitute Teacher; Teacher; Volunteer Coordinator
Excluded: Assistant Program Director; Senior Grants Manager; Talent Acquisition Manager; all other employees, seasonal employees; temporary employees; confidential employees; managers; guards; and supervisors as defined in the Act.",NA,NA,65,2022-10-01,2022-07-01,"51-100",TRUE,"RC","Yes","OPEIU Local 29",1,"OPEIU",0.75,"Yes",11
"07-RC-302435","Region 07, Detroit, Michigan","McLaren Greater Lansing",2022-08-30,2022-11-08,"Lansing","MI","A",2022-10-12,17,NA,"Local 459, Office and Professional Employees International Union (OPEIU), AFL-CIO",8,NA,NA,NA,NA,7,15,NA,1,"Y","Local 459, Office and Professional Employees International Union (OPEIU), AFL-CIO","Initial","Single Labor Organization","Certific. of Representative","Closed","Voting Group – Unit A (Professional Unit): All full-time and regular part-time lead medical technologists and medical technologists employed by the Employer at or out of its facility located at 2900 Collins Road, Lansing, Michigan; but excluding office clerical employees, guards and supervisors as defined in the Act, and all other employees.
Voting Group – Unit B (Non-Professional Unit): All full-time and regular part-time medical technicians employed by the Employer at or out of its facility located at 2900 Collins Road, Lansing, Michigan; but excluding office clerical employees, guards and supervisors as defined in the Act, and all other employees.",NA,NA,NA,43,2022-10-01,2022-07-01,"11-25",TRUE,"RC","Yes","Local 459, Office and Professional Employees International Union (OPEIU), AFL-CIO",1,"OPEIU",0.533333333333333,"Yes",2
"20-RC-301828","Region 20, San Francisco, California","The Queen`s Medical Center",2022-08-22,2022-10-27,"Honolulu","HI","A",2022-10-12,12,NA,"Hawai?i Nurses` Association - OPEIU Local 50",9,NA,NA,NA,NA,0,9,NA,NA,NA,"Hawai?i Nurses` Association - OPEIU Local 50","Initial","Single Labor Organization","Certific. of Representative","Closed","Included: All regular full-time and regular part-time Clinical Reviewers, Utilization
Management employees, employed by The Queen’s Medical Center currently based out
of 1301 Punchbowl Street, Honolulu, HI.

Excluded: All other employees, managerial employees, security personnel and
supervisors as described under the Act.",NA,NA,NA,51,2022-10-01,2022-07-01,"11-25",TRUE,"RC","Yes","Hawai?i Nurses` Association - OPEIU Local 50",1,"OPEIU",1,"Yes",3
"20-RC-301828","Region 20, San Francisco, California","The Queen`s Medical Center",2022-08-22,2022-10-27,"Honolulu","HI","A",2022-10-12,12,NA,"Hawaiʻi Nurses` Association - OPEIU Local 50",9,NA,NA,NA,NA,0,0,NA,NA,NA,"Hawaiʻi Nurses` Association - OPEIU Local 50","Initial","Single Labor Organization","Certific. of Representative","Closed","Included: All regular full-time and regular part-time Clinical Reviewers, Utilization
Management employees, employed by The Queen’s Medical Center currently based out
of 1301 Punchbowl Street, Honolulu, HI.

Excluded: All other employees, managerial employees, security personnel and
supervisors as described under the Act.",NA,NA,NA,51,2022-10-01,2022-07-01,"11-25",FALSE,"RC","Yes","Hawaiʻi Nurses` Association - OPEIU Local 50",1,"OPEIU",NA,"Yes",3
"02-RC-295300","Region 02, New York, New York","Guttmacher Institute, Inc.",2022-05-06,2022-07-25,"Manhattan","NY","A",2022-07-12,68,2,"OPEIU Local 153",61,NA,NA,NA,NA,2,63,NA,1,NA,"OPEIU Local 153","Initial","Single Labor Organization","Certific. of Representative","Closed","INCLUDED: All full-time and regular part-time Senior Research Associates, Senior Research Associate & Data Managers, Audio Visual Technicians, Senior Research Assistants, Custodians, Research Associates, Human Resources Assistants, Research Assistant I, Mailroom Clerks, Executive Assistants, Accountants, Publications Assistants, Help Desk Administrators, Policy Associate State Issues, Editors, Meetings and Events Associates, Senior Development Assistants,  U.S. Communications Assistants, Web Masters, Research Assistant II, Learning and Development Specialists, Assistant Manager of Information Technology, Global Communications Managers, Senior Editors, Research Administrative Coordinators, Payroll Assistants, Policy Administrative Assistants, Senior U.S. Communications Managers, Senior Dev. Associate Research and Data, Drupal Developers, Senior Digital Communications Assistants, Graphic Designers, Principal Policy Associate, State Issues, Development Associate Individual Giving, Senior Research Administrative Coordinators, Senior Research Writers, Accounting Associates, Production Associates, Meeting and Events Coordinators, Senior Web Production Assistants and Senior Digital Communications Manager.

EXCLUDED: All other employees, including employees working as Vice President for Research, HR Generalist, Director of Editing, Senior Research Scientist, Director of International Research, Director of Human Resources, Vice President for Public Policy, Director of Board Affairs & Meeting & Events, Vice President for Finance & Administration, Principal Digital Strategist, Associate Director of Global Communications, Director of Public Policy, State, Associate Director for U.S. Communications, Principal Research Scientist, Senior Global Communications Manager, Controller, Director of Finance, Director of Research- Domestic, Research Administrative Manager, Director of Research Operations, Senior Development Manager,, Director of Information Technology, President & CEO, Director of Administrative Services, Vice President for Comms & Pubs, Production Manager, Director of Production, Vice President for Development, Distinguished Scholar and Vice President for Global Science and Policy Integration, Communications & Publications Program Manager, Director of Institutional Giving, Director of C&P Administrative Operations, Executive Vice President, Director of Individual Giving, and managers, confidential employees, professionals, guards, and supervisors as defined in the Act.",NA,NA,NA,67,2022-07-01,2022-04-01,"51-100",TRUE,"RC","Yes","OPEIU Local 153",1,"OPEIU",0.968253968253968,"Yes",5
"05-RC-294639","Region 05, Baltimore, Maryland","International Foundation for Electoral Systems (IFES)",2022-04-26,2022-07-22,"Arlington","VA","A",2022-07-13,103,3,"Office and Professional Employees International Union, Local 2",54,NA,NA,NA,NA,19,73,NA,17,NA,"Office and Professional Employees International Union, Local 2","Initial","Single Labor Organization","Certific. of Representative","Closed","Included: All domestic full-time and regular part-time headquarters employees employed by
the Employer.

Excluded: All confidential employees employed in the executive office and/or in Human Resources, managers, interns, guards and supervisors as defined in the Act.",NA,NA,NA,78,2022-07-01,2022-04-01,"101-500",TRUE,"RC","Yes","Office and Professional Employees International Union, Local 2",1,"OPEIU",0.73972602739726,"Yes",30
"02-RC-293993","Region 02, New York, New York","Community Solutions, Inc.",2022-04-14,2022-10-28,"New York","NY","A",2022-06-22,37,1,"Office and Professional Employees International Union Local 153",22,NA,NA,NA,NA,1,23,NA,4,NA,"Office and Professional Employees International Union Local 153","Initial","Single Labor Organization","Certific. of Representative","Closed","INCLUDED: All full-time and regular part-time, Communications Manager, Learning, Contract and Compliance Coordinator, Data Coaching & Performance Advisor, Data Integrations Advisor, Data Solutions Analyst, Data Training & Capacity Building Advisor, Digital Media Strategist, Editorial Content Specialist (Writer), Improvement Advisor, Learning System and Evaluation Analyst, Media Strategist, Network and Engagement Advisor, Network Coordinator, Partnership Communications Coordinator, Project Manager, Catalytic Projects and Community Race Equity, Project Manager, Data and Learning System/Evaluation, System Improvement Advisor, System Improvement Advisor, Coordinated Entry, System Improvement Advisor, Funding and Partnerships, Systems Improvement Advisor, Systems Improvement Advisor - Coordinated Entry, Systems Improvement Advisor (Inflow), Catalytic Projects, Systems Improvement Advisor, Coordinated Entry, Systems Improvement Advisor, Large-Scale Change, and Systems Transformation Advisor, Charlotte/DC employed at the employer’s facility located at 60 Broad Street Suite 2412, New York, NY. 

EXCLUDED: All other employees, including managers, office clerical employees, guards, confidential employees, professional employees, and supervisors as defined by the Act.",NA,NA,NA,69,2022-04-01,2022-04-01,"26-50",TRUE,"RC","Yes","Office and Professional Employees International Union Local 153",1,"OPEIU",0.956521739130435,"Yes",14
"32-RC-292917","Region 32, Oakland, California","Impact Justice",2022-03-25,2022-05-25,"Oakland","CA","A",2022-05-13,56,NA,"Office & Professional Employees International Union, Local 29",23,NA,NA,NA,NA,3,26,NA,8,NA,"Office & Professional Employees International Union, Local 29","Initial","Single Labor Organization","Certific. of Representative","Closed","All full-time and regular part-time Community Navigators, Program Coordinators, Program Associates, Senior Program Associates, Senior Program Specialists, Research Analysts I, Research Analysts II, Administrative Associates, OAS Administrative Associates, Senior Grant Writers, Housing and Outreach Coordinators, Host Engagement and Marketing Coordinators, Data Specialists, Program Specialists, LeadOn Coordinators, Operations Coordinators, Accounts Payable Clerks and Communication Associates, Communication Coordinators, Development Associates, Senior Communication Associates, Senior Research Analysts, employed by the Employer from or assigned to its facilities located at 2930 Lakeshore Ave., #300, Oakland CA, 1019 E 4th Place, Los Angeles, CA, and 1101 Connecticut Avenue NW, Suite 810, Washington, DC; excluding managers, seasonal employees, temporary employees, confidential employees, guards, and supervisors as defined by the Act.


Others permitted to vote: The parties have agreed that Finance Managers, Finance Associates, Senior Finance Associates, Program Managers, Regional Program Managers Senior Administrative Associates, and Accounting Associates may vote in the election, but their ballots will be challenged since their eligibility has not been resolved.  No decision has been made regarding whether the individuals in these classifications or groups are included in, or excluded from, the bargaining unit.  The eligibility or inclusion of these individuals will be resolved, if necessary, following the election.",NA,NA,NA,49,2022-04-01,2022-01-01,"51-100",TRUE,"RC","Yes","Office & Professional Employees International Union, Local 29",1,"OPEIU",0.884615384615385,"Yes",30
"07-RC-290215","Region 07, Detroit, Michigan","Morrison Management Specialists, Inc.",2022-02-07,2022-04-13,"Lansing","MI","A",2022-04-04,60,2,"Local 459, Office and Professional Employees International Union (OPEIU), AFL-CIO",18,NA,NA,NA,NA,3,21,NA,4,NA,"Local 459, Office and Professional Employees International Union (OPEIU), AFL-CIO","Initial","Single Labor Organization","Certific. of Representative","Closed","Included:  All full-time and regular part-time food service workers, patient dining associates, cooks, lead cooks and food unit leads employed by the Employer at its operations located at 401 West Greenlawn Avenue, Lansing, Michigan, 2727 South Pennsylvania Avenue, Lansing Michigan and 2900 Collins Road, Lansing Michigan;
Excluded:  All other employees including chefs, dieticians, office clerical employees, managers, professional employees, confidential employees, guards and supervisors as defined in the Act.",NA,NA,NA,56,2022-04-01,2022-01-01,"51-100",TRUE,"RC","Yes","Local 459, Office and Professional Employees International Union (OPEIU), AFL-CIO",1,"OPEIU",0.857142857142857,"Yes",39
"19-RC-288289","Region 19, Seattle, Washington","Alliance for a Healthier Generation, Inc.",2021-12-29,2022-03-24,"Portland","OR","A",2022-03-16,53,NA,"Office & Professional Employees International Union, Local 11",19,NA,NA,NA,NA,27,46,NA,NA,NA,NA,"Initial","Single Labor Organization","Certification of Results","Closed","All full-time and regular part-time employees employed by the Employer; but excluding all non-professional employees, confidential employees, temporary employees, casual employees, seasonal employees, fellows, and guards and supervisors as defined by the Act.",NA,NA,NA,77,2022-01-01,2021-10-01,"51-100",TRUE,"RC","Yes","Office & Professional Employees International Union, Local 11",1,"OPEIU",0.41304347826087,"No",7
"31-RC-287430","Region 31, Los Angeles, California","International Guiding Eyes, Inc. d.b.a. Guide Dogs of America",2021-12-09,2022-02-16,"Sylmar","CA","A",2022-02-08,20,NA,"Office and Professional Employees International Union Local 30",19,NA,NA,NA,NA,0,19,NA,NA,NA,"Office and Professional Employees International Union Local 30","Initial","Single Labor Organization","Certific. of Representative","Closed","Included: Apprentice Trainers, Breeding Department Assistants, Breeding/Nursery Technicians, Kennel Technicians, Canine Development Assistants, Office Customer Service Support, Guide Dog Mobility Instructors, Lead Kennel Technicians, Maintenance Superintendents, Registered Veterinary Technicians, Veterinary Assistant/Adoption Coordinators, Veterinary Assistant/Kennel Technicians, and Volunteer Coordinator/Database Assistants. 

Excluded: Seasonal employees, temporary employees, confidential employees, managerial employees, guards, and supervisors as defined in the National Labor Relations Act.",NA,NA,NA,61,2022-01-01,2021-10-01,"11-25",TRUE,"RC","Yes","Office and Professional Employees International Union Local 30",1,"OPEIU",1,"Yes",1
"18-RD-287083","Region 18, Minneapolis, Minnesota","TruStone Financial Credit Union",2021-12-02,2022-04-05,"Maple Grove","MN","A",2022-01-25,83,3,"Office and Professional Employees International Union, Local 12",27,NA,NA,NA,NA,31,58,NA,1,NA,NA,"Initial","Single Labor Organization","Certification of Results","Closed","Included: All full-time and regular part-time office and clerical employees who work in the following positions at the Employer’s locations in Roseville, MN; St. Cloud, MN; Plymouth, MN (Administrative Processing Center); Maple Grove (Elm Creek), MN; Lyn-Lake, Minneapolis, MN; Boone Avenue, Golden Valley, MN; and Burnsville (Nicollet Court), MN: Operations Clerk, Accounting Clerk, Teller, Lending Processor I, Phone Banker I, Account Control Assistant, Card Services Processor, Indirect Lending Processor, Lead Teller, Operations Processor, Accounting Assistant, Electronic Payments Representative, Lead Phone Banker I, Lending Processor II, Operations Representative, Account Resolution Specialist, eBranch Representative, Personal Banker I, Phone Banker II, Production Coordinator, Senior Lending Processor, Account Control Officer, Product Specialist, Senior Accounting Assistant, Card Services Specialist, Consumer Lending Specialist, Documentation Specialist, Lending Operations Specialist, Lending Underwriter, Lending Underwriter/Processor, Membership Development Specialist, Personal Banker II, Senior Account Control Officer, Senior Product Specialist. 
Excluded: Field Representatives, Managerial Employees; Temporary Employees, Student Work Program Employees, Professional Employees, Watchmen, Confidential Employees, Guards and Supervisors as defined in the Act, and all other employees.",NA,NA,NA,54,2022-01-01,2021-10-01,"51-100",TRUE,"RD","Yes","Office and Professional Employees International Union, Local 12",1,"OPEIU",0.46551724137931,"No",25
"18-RC-284793","Region 18, Minneapolis, Minnesota","Headway Emotional Health Services",2021-10-18,2021-12-17,"Minneapolis","MN","C",2021-12-10,135,3,"Office and Professional Employees International Union (OPEIU), Local 12",55,NA,NA,NA,NA,59,115,NA,1,NA,NA,"Initial","Single Labor Organization","Certification of Results","Closed","Included: All full-time and regular part-time employees in the following classifications: Accountant, ALC+ Coordinator, Application Systems Administrator, Coordinator I (Case Management), Coordinator II (Case Management), Coordinator (Day Treatment), Coordinator (Healthy Families Program and Infant and Parent Specialist), Coordinator (Outpatient Services), Junior Business Process Analyst, Mental Health Specialist, Mental Health Therapist, Milieu Coordinator (Day Treatment), Nurse, School Based Therapist, Therapist, Therapist (Testing), and Therapist (Vision).

Excluded:  all other employees, independent contractors, managerial, temporary employees, confidential employees, interns, guards and supervisors as defined in the National Labor Relations Act.


If a majority of the professional employees voting in Unit A vote “Yes” to the first question, indicating their desire to be included in a unit with non-professional employees, they will be so included, and their votes on the second question will be counted together with the votes of the non-professional employees in Unit B to decide the question concerning representation for the overall unit consisting of the employees in Units A and B.  If on the other hand, a majority of the professional employees voting in Unit A do not vote “Yes” to the first question, their ballots will be counted separately to decide the question concerning representation in a separate Unit A.","Included:  All full-time and regular part-time employees in the following classifications: Administrative Assistant, Administrative Associate (Community MH), Building Maintenance, Case Manager, Diversion Case Manager, Diversion Outreach Worker, Family Spirit Infant/Parent Support Specialist, Mental Health Worker, Infant/Parent Specialist, Intake Coordinator, Operations Support, Project Manager, School Based Support, Technology Support, Truancy Case Manager, and Vision Skills Worker.

Excluded:  all other employees, independent contractors, managerial, temporary employees, confidential employees, interns, guards and supervisors as defined in the National Labor Relations Act.

If a majority of the professional employees voting in Unit A vote “Yes” to the first question, indicating their desire to be included in a unit with non-professional employees, they will be so included, and their votes on the second question will be counted together with the votes of the non-professional employees in Unit B to decide the question concerning representation for the overall unit consisting of the employees in Units A and B.  If on the other hand, a majority of the professional employees voting in Unit A do not vote “Yes” to the first question, their ballots will be counted separately to decide the question concerning representation in a separate Unit A.","Included:  All full-time and regular part-time employees in the following classifications: Administrative Assistant, Administrative Associate (Community MH), Building Maintenance, Case Manager, Diversion Case Manager, Diversion Outreach Worker, Family Spirit Infant/Parent Support Specialist, Mental Health Worker, Infant/Parent Specialist, Intake Coordinator, Operations Support, Project Manager, School Based Support, Technology Support, Truancy Case Manager, and Vision Skills Worker.

Excluded:  all other employees, independent contractors, managerial, temporary employees, confidential employees, interns, guards and supervisors as defined in the National Labor Relations Act.

If a majority of the professional employees voting in Unit A vote “Yes” to the first question, indicating their desire to be included in a unit with non-professional employees, they will be so included, and their votes on the second question will be counted together with the votes of the non-professional employees in Unit B to decide the question concerning representation for the overall unit consisting of the employees in Units A and B.  If on the other hand, a majority of the professional employees voting in Unit A do not vote “Yes” to the first question, their ballots will be counted separately to decide the question concerning representation in a separate Unit A.","Included:  All full-time and regular part-time employees in the following classifications: Administrative Assistant, Administrative Associate (Community MH), Building Maintenance, Case Manager, Diversion Case Manager, Diversion Outreach Worker, Family Spirit Infant/Parent Support Specialist, Mental Health Worker, Infant/Parent Specialist, Intake Coordinator, Operations Support, Project Manager, School Based Support, Technology Support, Truancy Case Manager, and Vision Skills Worker.

Excluded:  all other employees, independent contractors, managerial, temporary employees, confidential employees, interns, guards and supervisors as defined in the National Labor Relations Act.

If a majority of the professional employees voting in Unit A vote “Yes” to the first question, indicating their desire to be included in a unit with non-professional employees, they will be so included, and their votes on the second question will be counted together with the votes of the non-professional employees in Unit B to decide the question concerning representation for the overall unit consisting of the employees in Units A and B.  If on the other hand, a majority of the professional employees voting in Unit A do not vote “Yes” to the first question, their ballots will be counted separately to decide the question concerning representation in a separate Unit A.",53,2021-10-01,2021-10-01,"101-500",TRUE,"RC","Yes","Office and Professional Employees International Union (OPEIU), Local 12",1,"OPEIU",0.482456140350877,"No",21
"02-RC-284372","Region 02, New York, New York","Resources for Children with Special Needs, Inc. d/b/a INCLUDEnyc",2021-10-12,2021-12-28,"New York","NY","A",2021-12-17,26,1,"Office and Professional Employees International Union (OPEIU), Local 153, AFL-CIO",0,NA,NA,NA,NA,23,23,NA,NA,NA,"Office and Professional Employees International Union (OPEIU), Local 153, AFL-CIO","Initial","Single Labor Organization","Certific. of Representative","Closed","INCLUDED: All full-time and regular part-time Administration Coordinators,
Associates, Bi-Lingual Intake and Operations Coordinators, Bi-Lingual
Parent and Family Service Coordinators, Bi-Lingual Youth Coordinators,
Communications Coordinators, Communications and Policy Associates,
Community and Policy Associates, Design Coordinators, Educators,
Family Coordinators, Family Educators, Information Assistants, Intake
Coordinators, Operations Assistants, Operations Associates, Operations
Coordinators, Parent and Family Engagement Coordinators, Senior Family
Educators, Youth Coordinators, and Youth Educators employed by the
Employer at its 116 East 16th Street, New York, New York location.

EXCLUDED: All other , employees, temporary employees, confidential employees,
managerial employees, guards, and supervisors as defined by the Act.",NA,NA,NA,66,2021-10-01,2021-10-01,"26-50",TRUE,"RC","Yes","Office and Professional Employees International Union (OPEIU), Local 153, AFL-CIO",1,"OPEIU",0,"Yes",3
"19-RC-284341","Region 19, Seattle, Washington","Forterra NW",2021-10-12,2021-12-16,"Seattle","WA","A",2021-12-08,28,NA,"Office and Professional Employees International Union Local 8 affiliated with the AFL-CIO",18,NA,NA,NA,NA,7,25,NA,1,NA,"Office and Professional Employees International Union Local 8 affiliated with the AFL-CIO","Initial","Single Labor Organization","Certific. of Representative","Closed","All full-time and regular part-time employees employed by the Employer in the State of Washington; excluding all Director-level employees, professional employees, Construction and Development Department employees, managers, confidential employees, and guards, and supervisors as defined by the Act.",NA,NA,NA,57,2021-10-01,2021-10-01,"26-50",TRUE,"RC","Yes","Office and Professional Employees International Union Local 8 affiliated with the AFL-CIO",1,"OPEIU",0.72,"Yes",3
"19-RC-284046","Region 19, Seattle, Washington","NW Natural Water of Oregon, LLC",2021-10-05,2021-12-13,"Sunriver","OR","A",2021-12-03,14,NA,"Office & Professional Employees International Union, Local 11",3,NA,NA,NA,NA,8,11,NA,NA,NA,NA,"Initial","Single Labor Organization","Certification of Results","Closed","All full-time and regular part-time Utility Operators I, Utility Operators II, Utility Operators III, Utility Workers, Equipment Mechanics, and Compost Site/BIO Solids Leads employed by the Employer out of its Sunriver, Oregon facility; but excluding all other employees, office clerical employees, confidential employees, and guards and supervisors as defined by the Act.",NA,NA,NA,59,2021-10-01,2021-10-01,"11-25",TRUE,"RC","Yes","Office & Professional Employees International Union, Local 11",1,"OPEIU",0.272727272727273,"No",3
"07-RD-280684","Region 07, Detroit, Michigan","OMNI Community Credit Union",2021-07-30,2021-10-13,"Battle Creek","MI","A",2021-09-27,41,NA,"Local 42, Office and Professional Employees International  Union, (OPEIU),AFL-CIO",17,NA,NA,NA,NA,10,27,NA,NA,NA,"Local 42, Office and Professional Employees International  Union, (OPEIU),AFL-CIO","Initial","Single Labor Organization","Certific. of Representative","Closed","All full-time office and clerical employees of OMNI Community Credit Union employed at its offices in Calhoun, Kalamazoo and St. Joseph Counties; but excluding all managers, confidential employees, casual or temporary employees, information technology employees, guards and supervisors as defined in the Act.",NA,NA,NA,59,2021-07-01,2021-07-01,"26-50",TRUE,"RD","Yes","Local 42, Office and Professional Employees International  Union, (OPEIU),AFL-CIO",1,"OPEIU",0.62962962962963,"Yes",14
"05-RC-279676","Region 05, Baltimore, Maryland","Defenders of Wildlife",2021-07-09,2021-09-22,"Washington","DC","A",2021-09-14,100,3,"Office & Professional Employees International Union, Local 2, AFL-CIO",70,NA,NA,NA,NA,5,77,NA,2,NA,"Office & Professional Employees International Union, Local 2, AFL-CIO","Initial","Single Labor Organization","Certific. of Representative","Closed","VOTING GROUP A – PROFESSIONAL EMPLOYEES
All full-time and regular part-time staff attorneys, senior staff attorneys, legal fellows, and senior Endangered Species Act counsels, but excluding all non-professional employees, confidential employees, managerial employees, guards, and supervisors as defined in the Act. 

VOTING GROUP B – NONPROFESSIONAL EMPLOYEES
All full-time and regular part-time representatives, senior representatives, outreach representatives, government relations representatives, senior government relations representatives, government relations & external affairs coordinators, policy analysts, senior policy analysts, policy advisors, accountants, senior accountants, communication specialists, help desk associates, application developers, receptionists, program coordinators, finance and compliance coordinators, senior federal grant/award compliance managers, senior compliance managers, web marketing and social media associates, website administrators, database associates, database administrators, program associates, software support specialists, directors of member acquisition, international associates, national outreach managers, operations associates, foundation relations associates, federal lands associates, development research associates, development coordinators, graphic designers, senior foundation relations managers, philanthropy associates, philanthropy managers, directors of philanthropy, gift planning managers, senior field conservation managers, communications coordinators, data specialists, conservation law coordinators, landscape conservation coordinators, field conservation program assistants, enterprise infrastructure administrators, multimedia associates, digital fundraising associates, GIS analysts, digital campaigns producers, administrative assistants,  staff scientists, senior aquatic biologists, marketing coordinators, editors, marketing project specialists, direct mail associates, donor engagement & events managers, communications content writers, campaign managers, mail clerks, accounts payable specialists, gift planning associates, and philanthropy writers, but excluding all professional employees, confidential employees, managerial employees, guards, and supervisors as defined in the Act.",NA,NA,NA,67,2021-07-01,2021-07-01,"51-100",TRUE,"RC","Yes","Office & Professional Employees International Union, Local 2, AFL-CIO",1,"OPEIU",0.933333333333333,"Yes",25
"28-RC-277830","Region 28, Phoenix, Arizona","Special Applications Group, LLC",2021-05-28,2021-07-28,"Red Rock","AZ","A",2021-07-14,23,NA,"Professional Helicopter Pilots Association, Local 102 a/w OPEIU",5,NA,NA,NA,NA,17,22,NA,NA,NA,"Professional Helicopter Pilots Association, Local 102 a/w OPEIU","Initial","Single Labor Organization","Certification of Results","Closed","INCLUDED: All full-time and regular part-time In-Flight Aircraft Instructor Pilot, Aviation Life Support Equipment Technicians/NVG Custodian, Aircraft Maintenance Test Pilot, AATS Simulation Instructor/Operator, Academic Instructor, One Army School Systems/Quality Assurance, and Distance Learning Courseware Development/Web Development employees employed the Employer at its Red Rock, Arizona facility.

EXCLUDED: All other employees, office clerical employees, professional employees, managerial employees, guards, and supervisors as defined in the Act.",NA,NA,NA,47,2021-07-01,2021-04-01,"11-25",TRUE,"RC","Yes","Professional Helicopter Pilots Association, Local 102 a/w OPEIU",1,"OPEIU",0.227272727272727,"No",1
"05-RC-277535","Region 05, Baltimore, Maryland","ADT, LLC",2021-05-21,2021-08-11,"Bowie","MD","A",2021-07-29,68,NA,"Office and Professional Employees International Union, Local 2, AFL-CIO",17,NA,NA,NA,NA,45,62,NA,NA,NA,NA,"Initial","Single Labor Organization","Certification of Results","Closed","All full-time and regular part-time installer technicians, lead installer technicians, technician engineers, service technicians, including service technician II, service technician III, service technician IV, and service technician V, processor administrators, and material handlers employed by the Employer at the Employer’s facilities located at 5001 Howerton Way, Suite A, Bowie, Maryland 20715 and 7399 Boston Boulevard, Springfield, Virginia 22153; excluding: all clerical employees, professional employees, temporary employees, confidential employees, managerial employees, guards and supervisors as defined in the Act.",NA,NA,NA,69,2021-07-01,2021-04-01,"51-100",TRUE,"RC","Yes","Office and Professional Employees International Union, Local 2, AFL-CIO",1,"OPEIU",0.274193548387097,"No",6
"20-RC-277446","Region 20, San Francisco, California","Bio-Medical Applications of California, Inc. and Liberty Dialysis-Hawaii LLC; and Liberty Dialysis-North Hawaii LLC, Single Employer",2021-05-20,2021-09-13,"Waimea","HI","A",2021-08-30,2,NA,"Hawaii Nurses' Association, OPEIU Local 50",2,NA,NA,NA,NA,0,2,NA,NA,NA,"Hawaii Nurses' Association, OPEIU Local 50","Initial","Single Labor Organization","Certific. of Representative","Closed","All full-time and regular part-time registered nurses (RNs) employed by the Employer at the Liberty Dialysis North Hawaii dialysis center located at 67-1123 Mamalahoa Hwy., Suite 112, Waimea, HI 96743, excluding confidential employees, managers, guards, and supervisors as defined by the Act.",NA,NA,NA,102,2021-07-01,2021-04-01,"<5",TRUE,"RC","Yes","Hawaii Nurses' Association, OPEIU Local 50",1,"OPEIU",1,"Yes",0
"19-RC-276616","Region 19, Seattle, Washington","Cornish College of the Arts",2021-05-04,2021-12-09,"Seattle","WA","A",2021-12-01,42,NA,"Office & Professional Employees International Union, Local 8",25,NA,NA,NA,NA,5,30,NA,5,NA,"Office & Professional Employees International Union, Local 8","Initial","Single Labor Organization","Certific. of Representative","Closed","VOTING GROUP – UNIT A (PROFESSIONAL UNIT):

Counselor and Clinical Supervisor, Library Specialist, Access Services Librarian, and Performing Arts Librarian employed by the Employer at its Seattle, Washington, Campus; excluding all other employees, non-professional employees, managerial employees, confidential employees, and guards and supervisors as defined in the Act.","VOTING GROUP – UNIT B – (NON-PROFESSIONAL UNIT):

Admission Counselor, Student Success Coach, Academic Advisor, Lead Academic Advisor, Assistant Registrar, Assistant Dean of Student Affairs, Accounting Assistant, Resident Producer, Faculty Staff II, Department Coordinator, IT coordinator II help desk, grant and foundation relations manager, advancement services manager, assistant registrar NE, resource lab technicians, digital content specialists, administrative assistant, technical director and lighting designer, academic affairs department manager, multimedia manager, data systems engineers, ADSM office assistant, student accounts coordinator, program assistant, business systems analyst, visual arts computer support coordinator, lead custodian, senior financial aid specialist, financial aid specialist, alumni relations manager, foundations administrator, admission office coordinator, external rentals manager, and custodial staff; excluding all other employees, controller, payroll and accounting specialist, G/L account, finance administrative assistant, Patron services manager, IT support lead, associate director of enrollment, professional employees, managerial employees, confidential employees, and guards and supervisors as defined in the Act.","VOTING GROUP – UNIT B – (NON-PROFESSIONAL UNIT):

Admission Counselor, Student Success Coach, Academic Advisor, Lead Academic Advisor, Assistant Registrar, Assistant Dean of Student Affairs, Accounting Assistant, Resident Producer, Faculty Staff II, Department Coordinator, IT coordinator II help desk, grant and foundation relations manager, advancement services manager, assistant registrar NE, resource lab technicians, digital content specialists, administrative assistant, technical director and lighting designer, academic affairs department manager, multimedia manager, data systems engineers, ADSM office assistant, student accounts coordinator, program assistant, business systems analyst, visual arts computer support coordinator, lead custodian, senior financial aid specialist, financial aid specialist, alumni relations manager, foundations administrator, admission office coordinator, external rentals manager, and custodial staff; excluding all other employees, controller, payroll and accounting specialist, G/L account, finance administrative assistant, Patron services manager, IT support lead, associate director of enrollment, professional employees, managerial employees, confidential employees, and guards and supervisors as defined in the Act.","VOTING GROUP – UNIT B – (NON-PROFESSIONAL UNIT):

Admission Counselor, Student Success Coach, Academic Advisor, Lead Academic Advisor, Assistant Registrar, Assistant Dean of Student Affairs, Accounting Assistant, Resident Producer, Faculty Staff II, Department Coordinator, IT coordinator II help desk, grant and foundation relations manager, advancement services manager, assistant registrar NE, resource lab technicians, digital content specialists, administrative assistant, technical director and lighting designer, academic affairs department manager, multimedia manager, data systems engineers, ADSM office assistant, student accounts coordinator, program assistant, business systems analyst, visual arts computer support coordinator, lead custodian, senior financial aid specialist, financial aid specialist, alumni relations manager, foundations administrator, admission office coordinator, external rentals manager, and custodial staff; excluding all other employees, controller, payroll and accounting specialist, G/L account, finance administrative assistant, Patron services manager, IT support lead, associate director of enrollment, professional employees, managerial employees, confidential employees, and guards and supervisors as defined in the Act.",211,2021-10-01,2021-04-01,"26-50",TRUE,"RC","Yes","Office & Professional Employees International Union, Local 8",1,"OPEIU",0.833333333333333,"Yes",12
"05-RC-270349","Region 05, Baltimore, Maryland","Association of Community College Trustees",2020-12-16,2021-02-22,"Washington","DC","A",2021-02-10,8,NA,"Office and Professional Employees International Union, AFL-CIO, Local 2",4,NA,NA,NA,NA,1,5,NA,NA,NA,"Office and Professional Employees International Union, AFL-CIO, Local 2","Initial","Single Labor Organization","Certific. of Representative","Closed","All full-time and regular part-time senior policy analysts, associate writers, member services associates, board services associates, senior government relations associates, finance associates, information services specialists, and senior program managers employed by the Employer at its facility currently located at 1101 17th Street, NW, Suite 300, Washington, DC 20036, but excluding all other employees, managerial employees, temporary employees, professional employees, confidential employees, guards, and supervisors as defined in the Act.",NA,NA,NA,56,2021-01-01,2020-10-01,"6-10",TRUE,"RC","Yes","Office and Professional Employees International Union, AFL-CIO, Local 2",1,"OPEIU",0.8,"Yes",3
"02-RC-270080","Region 02, New York, New York","BioBus Inc.",2020-12-11,2021-02-08,"New York","NY","A",2021-01-29,14,1,"Office and Professional Employees International Union, Local 153",11,NA,NA,NA,NA,0,11,NA,1,NA,"Office and Professional Employees International Union, Local 153","Initial","Single Labor Organization","Certific. of Representative","Closed","INCLUDED: All full-time and regular part-time employees employed by the Employer. 

EXCLUDED: All other employees, including confidential employees, managers, guards, and supervisors as defined by the Act.",NA,NA,NA,49,2021-01-01,2020-10-01,"11-25",TRUE,"RC","Yes","Office and Professional Employees International Union, Local 153",1,"OPEIU",1,"Yes",3
"18-RC-270032","Region 18, Minneapolis, Minnesota","Wisconsin Voices, Inc.",2020-12-10,2021-03-02,"Milwaukee","WI","A",2021-03-02,13,NA,"Office & Professional Employees International Union, Local No. 9",5,NA,NA,NA,NA,0,5,NA,NA,NA,"Office & Professional Employees International Union, Local No. 9","Initial","Revised Single Labor Org","Certific. of Representative","Closed","All full-time and regular part-time employees employed by the Employer at its Milwaukee, Wisconsin, location, excluding all office clericals, confidential employees, supervisors, guards, and all other individuals excluded by the National Labor Relations Act, as amended.

Others permitted to vote: The parties have agreed that the following individuals may vote in the election, but their ballots will be challenged since their eligibility has not been resolved.  No decision has been made regarding whether the individuals in these classifications or groups are included in, or excluded from, the bargaining unit.  The eligibility or inclusion of these individuals will be resolved, if necessary, following the election.

Valeria Cerda, Civic Engagement Director
Julie Emery, Outreach Director
Iuscely Flores, Civic Engagement & Field Manager
Debra Gary, Voter Registration Outreach Manager/Quality Control Associate
Julia Lorentsen, Voter Registration Campaign Manager",NA,NA,NA,82,2021-01-01,2020-10-01,"11-25",TRUE,"RC","Yes","Office & Professional Employees International Union, Local No. 9",1,"OPEIU",1,"Yes",8
"18-RC-270032","Region 18, Minneapolis, Minnesota","Wisconsin Voices, Inc.",2020-12-10,2021-03-02,"Milwaukee","WI","A",2021-02-05,13,NA,"Office & Professional Employees International Union, Local No. 9",5,NA,NA,NA,NA,0,5,NA,6,"Y","Office & Professional Employees International Union, Local No. 9","Initial","Single Labor Organization","Certific. of Representative","Closed","All full-time and regular part-time employees employed by the Employer at its Milwaukee, Wisconsin, location, excluding all office clericals, confidential employees, supervisors, guards, and all other individuals excluded by the National Labor Relations Act, as amended.

Others permitted to vote: The parties have agreed that the following individuals may vote in the election, but their ballots will be challenged since their eligibility has not been resolved.  No decision has been made regarding whether the individuals in these classifications or groups are included in, or excluded from, the bargaining unit.  The eligibility or inclusion of these individuals will be resolved, if necessary, following the election.

Valeria Cerda, Civic Engagement Director
Julie Emery, Outreach Director
Iuscely Flores, Civic Engagement & Field Manager
Debra Gary, Voter Registration Outreach Manager/Quality Control Associate
Julia Lorentsen, Voter Registration Campaign Manager",NA,NA,NA,57,2021-01-01,2020-10-01,"11-25",FALSE,"RC","Yes","Office & Professional Employees International Union, Local No. 9",1,"OPEIU",1,"Yes",8
"05-RC-269817","Region 05, Baltimore, Maryland","National Association of County and City Health Officials (NACCHO)",2020-12-07,2021-07-21,"Washington","DC","A",2021-07-06,53,2,"Office and Professional Employees International Union, Local 2, AFL-CIO",35,NA,NA,NA,NA,9,44,NA,1,NA,"Office and Professional Employees International Union, Local 2, AFL-CIO","Initial","Single Labor Organization","Certific. of Representative","Closed","All full-time and regular part-time employees employed by the Employer at its 1201 Eye St. NW, Washington, DC 20005 facility, excluding all confidential employees, managers, guards, and supervisors as defined in the Act.",NA,NA,NA,211,2021-07-01,2020-10-01,"51-100",TRUE,"RC","Yes","Office and Professional Employees International Union, Local 2, AFL-CIO",1,"OPEIU",0.795454545454545,"Yes",9
"05-RC-268429","Region 05, Baltimore, Maryland","DC SAFE (Survivors and Advocates for Empowerment), Inc.",2020-11-02,2021-02-11,"Washington","DC","A",2021-01-28,17,NA,"Local 2, Office and Professional Employees International Union, AFL-CIO",9,NA,NA,NA,NA,1,10,NA,NA,NA,"Local 2, Office and Professional Employees International Union, AFL-CIO","Initial","Single Labor Organization","Certific. of Representative","Closed","Included:  All full-time and regular part-time employees employed by the Employer.
Excluded:  All confidential employees, managers, guards, and supervisors as defined by the Act.",NA,NA,NA,87,2021-01-01,2020-10-01,"11-25",TRUE,"RC","Yes","Local 2, Office and Professional Employees International Union, AFL-CIO",1,"OPEIU",0.9,"Yes",7
"19-RD-267770","Region 19, Seattle, Washington","The Communitas Group",2020-10-19,2020-12-11,"Bremerton","WA","A",2020-12-02,73,NA,"Office and Professional Employees International Union, Local 8",0,NA,NA,NA,NA,15,15,NA,NA,NA,NA,"Initial","Single Labor Organization","Certification of Results","Closed","Included: All full-time and regular part-time-time non-exempt employees employed by the Employer at its facilities in Kitsap County, Washington.
Excluded: Maintenance employees, on-call employees, temporary employees, confidential employees, managers, guards and supervisors as defined in the Act.",NA,NA,NA,44,2020-10-01,2020-10-01,"51-100",TRUE,"RD","Yes","Office and Professional Employees International Union, Local 8",1,"OPEIU",0,"No",58
"05-RC-266625","Region 05, Baltimore, Maryland","Transdev Services, Inc.",2020-09-25,2020-12-03,"Lorton","VA","A",2020-11-24,16,1,"Office and Professional Employees International Union, Local 2, AFL-CIO, CLC",11,NA,NA,NA,NA,0,11,NA,NA,NA,"Office and Professional Employees International Union, Local 2, AFL-CIO, CLC","Initial","Single Labor Organization","Certific. of Representative","Closed","All full-time and regular part-time non-supervisory operations supervisors and safety trainers at the facility located at 7901 Cinder Bed Road, Lorton, Virginia 22079; but excluding utility supervisors, safety supervisors, assistant chief supervisors, auditor driver certifications, and Supervisors as defined by the National Labor Relations Act.",NA,NA,NA,60,2020-10-01,2020-07-01,"11-25",TRUE,"RC","Yes","Office and Professional Employees International Union, Local 2, AFL-CIO, CLC",1,"OPEIU",1,"Yes",5
"21-RC-266702","Region 21, Los Angeles, California","International Association of Bridge, Structural, Ornamental and Reinforcing Iron Workers, Local Union No. 229, AFL-CIO",2020-09-25,2020-11-13,"San Diego","CA","A",2020-11-04,2,NA,"Office and Professional Employees International Union, Local 537, AFL-CIO, CLC",2,NA,NA,NA,NA,0,2,NA,NA,NA,"Office and Professional Employees International Union, Local 537, AFL-CIO, CLC","Initial","Single Labor Organization","Certific. of Representative","Closed","Included:  All full-time and regular part-time office clerical employees employed by the Employer at its facility currently located at 5155 Mercury Point, San Diego, California.

Excluded:  All other employees, professional employees, managerial employees, guards, and supervisors as defined in the Act.",NA,NA,NA,40,2020-10-01,2020-07-01,"<5",TRUE,"RC","Yes","Office and Professional Employees International Union, Local 537, AFL-CIO, CLC",1,"OPEIU",1,"Yes",0
"13-RC-262986","Region 13, Chicago, Illinois","La Casa Norte",2020-07-14,2020-09-25,"Chicago","IL","A",2020-09-17,62,1,"Office & Professional Employees International Union Local 39",24,NA,NA,NA,NA,8,32,NA,5,NA,"Office & Professional Employees International Union Local 39","Initial","Single Labor Organization","Certific. of Representative","Closed","Included:  All full-time and regular part-time employees of the Employer who work at the facilities currently located at 3533 W. North Ave., Chicago, IL 60647; 3507 W. North Ave., Chicago, IL 60647; 1940-1942 N. California Ave., Chicago, IL 60647; and 1736 W. 47th St.. Chicago, IL 60609; including the following classifications:  Housing Advocate, Lead Housing Advocate, Finance Associate, Maintenance Associate, Project-Based Housing Case Manager, Northside Drop-In Case Manager, Southside Drop-ln Case Manager, Scattered Site Case Manager, Scattered Site Lead Case Manager, Pregnant & Parenting Case Manager, Rapid Rehousing Case Manager, Academic Case Manager, Individual Giving & Special Events Coordinator, Drop-ln Specialist, Information & Referral Specialist, Youth Empowerment Specialist and Lead Youth Empowerment Specialist.
Excluded:  All confidential employees, office clerical employees, managerial employees, professional employees, guards and supervisors as defined by the Act.
Others Permitted to Vote:  At this time, no decision has been made regarding the eligibility of employees in the following classifications: Data and Evaluation Specialist, Bilingual Case Manager for Solid Ground Supportive Housing Program, Project Coordinator (TAP), Volunteer Coordinator, Leasing Associate, Grants Coordinator, and Development Associate. Since no decision has been made regarding whether these classifications are included in, or excluded from, the bargaining unit, I have determined that individuals in these classifications may vote in the election, but their ballots shall be challenged since their eligibility has not been resolved. The eligibility or inclusion of individuals in these classifications will be resolved, if necessary, following the election.",NA,NA,NA,65,2020-07-01,2020-07-01,"51-100",TRUE,"RC","Yes","Office & Professional Employees International Union Local 39",1,"OPEIU",0.75,"Yes",30
"07-RC-261365","Region 07, Detroit, Michigan","McLaren Greater Lansing",2020-06-08,2020-08-24,"Lansing","MI","C",2020-08-13,7,NA,"Local 459, Office and Professional Employees International Union (OPEIU), AFL-CIO",7,NA,NA,NA,NA,0,7,NA,NA,NA,"Local 459, Office and Professional Employees International Union (OPEIU), AFL-CIO","Initial","Single Labor Organization","Certific. of Representative","Closed","All full-time and regular part-time registered nurses, licensed practical nurses, medical assistants, medical-assistant – receptionists, patient account representatives and receptionists employed by the Employer at its Wound Care & Hyperbaric Clinic currently located at 2727 South Pennsylvania Avenue, Lansing, Michigan 48910; but excluding all other employees, physicians, coordinators, and guards and supervisors as defined in the Act.",NA,NA,NA,66,2020-07-01,2020-04-01,"6-10",TRUE,"RC","Yes","Local 459, Office and Professional Employees International Union (OPEIU), AFL-CIO",1,"OPEIU",1,"Yes",0
"19-RC-260510","Region 19, Seattle, Washington","Crisis Connections",2020-05-15,2020-07-20,"Seattle","WA","A",2020-07-10,129,4,"Office and Professional Employees International Union (OPEIU) Local 8",83,NA,NA,NA,NA,9,92,NA,4,NA,"Office and Professional Employees International Union (OPEIU) Local 8","Initial","Single Labor Organization","Certific. of Representative","Closed","All full-time and regular part-time and on-call professional employees employed by the Employer at its facilities located at 707 S. Grady Way Suite 350, Renton, WA, 98057 and 2901 3rd Ave STE #100, Seattle, WA 98121 and/or working remotely for the Employer; excluding all non-professional employees, confidential employees, managers, and guards and supervisors as defined by the Act.","All full-time and regular part-time and on-call non-professional employees employed by the Employer at its facilities located at 707 S. Grady Way Suite 350, Renton, WA 98057 and 2901 3rd Ave STE #100 Seattle, WA 98121 and/or working remotely for the Employer; excluding all professional employees, confidential employees, managers, and guards and supervisors as defined by the Act.","All full-time and regular part-time and on-call non-professional employees employed by the Employer at its facilities located at 707 S. Grady Way Suite 350, Renton, WA 98057 and 2901 3rd Ave STE #100 Seattle, WA 98121 and/or working remotely for the Employer; excluding all professional employees, confidential employees, managers, and guards and supervisors as defined by the Act.","All full-time and regular part-time and on-call non-professional employees employed by the Employer at its facilities located at 707 S. Grady Way Suite 350, Renton, WA 98057 and 2901 3rd Ave STE #100 Seattle, WA 98121 and/or working remotely for the Employer; excluding all professional employees, confidential employees, managers, and guards and supervisors as defined by the Act.",56,2020-07-01,2020-04-01,"101-500",TRUE,"RC","Yes","Office and Professional Employees International Union (OPEIU) Local 8",1,"OPEIU",0.902173913043478,"Yes",37
"02-RC-257605","Region 02, New York, New York","City Bar Justice Center",2020-03-06,2020-05-29,"New York","NY","A",2020-05-21,8,2,"Office and Professional Employees International Union, Local 153, AFL-CIO",6,NA,NA,NA,NA,0,6,NA,NA,NA,"Office and Professional Employees International Union, Local 153, AFL-CIO","Initial","Single Labor Organization","Certific. of Representative","Closed","Included:  All full-time and regular part-time Project Coordinators and Senior Project Coordinators employed by the Employer at its facility located at 42 west 44th Street, New York, NY   10036.

Excluded:  All other employees, including attorneys, managers, confidential employees, temporary, guards, and professional employees and supervisors as defined by the Act.",NA,NA,NA,76,2020-04-01,2020-01-01,"6-10",TRUE,"RC","Yes","Office and Professional Employees International Union, Local 153, AFL-CIO",1,"OPEIU",1,"Yes",2
"15-RC-254346","Region 15, New Orleans, Louisiana","St. Anthony's Hospital Association d/b/a CHI St. Vincent Morrilton",2020-01-09,2020-03-03,"Morrilton","AR","A",2020-02-06,54,NA,"United Healthcare OPEIU Local 22",12,NA,NA,NA,NA,35,47,NA,NA,NA,NA,"Initial","Single Labor Organization","Certification of Results","Closed","Included: All full-time and regular part-time Registered Nurses, Advanced Practice Nurses (Nurse Practitioners), Advanced Practice Registered Nurses, and all Pro Ra Nata (PRN) nurses who have worked an average of four (4) hours or more per week during the 13 weeks immediately preceding January 11, 2020 (the eligibility date for the election).
Excluded: All office employees, clerical employees, maintenance employees, technical employees, temporary employees, traveler employees, confidential employees, contract registered nurses, guards and supervisors as defined by the National Labor Relations Act.",NA,NA,NA,28,2020-01-01,2020-01-01,"51-100",TRUE,"RC","Yes","United Healthcare OPEIU Local 22",1,"OPEIU",0.25531914893617,"No",7
"20-RC-254327","Region 20, San Francisco, California","The Queen's Medical Center",2020-01-08,2020-02-11,"Honolulu","HI","A",2020-02-03,8,NA,"Hawaii Nurses' Association, OPEIU Local 50",3,NA,NA,NA,NA,3,6,NA,NA,NA,NA,"Initial","Single Labor Organization","Certification of Results","Closed","Included: All full-time and regular part-time Clinical Reviewers employed by The Queen’s Medical Center who are residual to the existing unit of Inpatient Case Managers represented by the Hawaii Nurses' Association - OPEIU Local 50.

Excluded: Call-in registered nurses and any and all managerial employees, security personnel and supervisors as described under the Act.",NA,NA,NA,26,2020-01-01,2020-01-01,"6-10",TRUE,"RC","Yes","Hawaii Nurses' Association, OPEIU Local 50",1,"OPEIU",0.5,"No",2
"29-RC-253896","Region 29, Brooklyn, New York","Kickstarter, PBC",2019-12-30,2020-02-27,"Brooklyn","NY","A",2020-02-18,88,NA,"Office and Professional Employees International Union, Local 153",46,NA,NA,NA,NA,37,0,NA,2,NA,"Office and Professional Employees International Union, Local 153","Initial","Single Labor Organization","Certific. of Representative","Closed","Included: All full-time and regular part-time employees in the below classifications: Accountants; Arts Outreach Leads; Associate Art Directors, Photo & Video; Associate Data Scientists; Associate Editorial Directors; Associate Product Managers; Comics Outreach Leads; Community Support Specialists II; Content Directors, Brand; Content Directors, Creator Development; Creative Content Directors; Creative  Project Coordinators; Directors of Documentary Film; Directors of Games Outreach; Directors of Integrity; Directors of Music; Directors of Narrative Film; Events & Workplace
Coordinators; Experimentation Managers; Facilities Coordinators; Front End Engineers; Front-end Software Developers; Graphic Designers; IT/AV Specialists; Marketing Specialists, Email & Automation; Operations Engineer; Outreach Leads, Japan; Product Designers; Product Managers; Recruiters; Senior Accountants; Senior Android Engineers;
Senior Business Analysts, Insights; Senior Data Engineers; Senior Data Scientists; Senior Editors; Senior Graphic Designers; Senior Managers, People Operations; Senior Marketing Managers; Senior Outreach Leads for Performing Arts; Senior Outreach Leads, Design & Technology; Senior Outreach Leads for Journalism; Senior Product Designers; Senior Product Managers; Senior Recruiters; Senior Research Analysts; Senior Software Engineers; Senior Support Specialists; Senior Support Specialists, Payments; Senior UX Writers; Social Media Specialists; Software Engineers; Trust & Safety Analysts I; Trust &
Safety Analysts, Moderation; Trust & Safety Analysts, Risk; and Trust & Safety, Legal & Compliance employed by the Employer remotely and at its premises located at 58 Kent Street, Brooklyn, New York.

Excluded: All temporary employees, managers, confidential employees, guards and supervisors as defined by the Act.",NA,NA,NA,50,2020-01-01,2019-10-01,"51-100",TRUE,"RC","Yes","Office and Professional Employees International Union, Local 153",1,"OPEIU",NA,"Yes",5
"12-RM-253468","Region 12, Tampa, Florida","Coqui.Net Corp.",2019-12-17,2020-02-04,"San Juan","PR","A",2020-01-21,6,NA,"Union Internacional de Empleados Profesionales y de Oficina (OPEIU)",0,NA,NA,NA,NA,5,5,NA,NA,NA,NA,"Initial","Single Labor Organization","Certification of Results","Closed","All regular full-time and part-time Video Operator Controllers (VOC) employees working for the Employer at the Hato Rey facility in Puerto Rico; excluding all other employees, temporary employees, managers, confidential employees, guards and supervisors as defined in the Act.",NA,NA,NA,35,2020-01-01,2019-10-01,"6-10",TRUE,"RM","Yes","Union Internacional de Empleados Profesionales y de Oficina (OPEIU)",1,"OPEIU",0,"No",1
"20-RC-249726","Region 20, San Francisco, California","San Francisco Food Bank d/b/a San Francisco-Marin Food Bank",2019-10-10,2019-10-31,"San Francisco","CA","A",2019-10-31,103,1,"Office & Professional Employees International Union, Local 29",63,NA,NA,NA,NA,2,85,NA,4,NA,"Office & Professional Employees International Union, Local 29","Initial","Single Labor Organization","Certific. of Representative","Closed","All full-time and regular part-time employees employed by the San Francisco-Marin Food Bank in the following classifications:
Annual fund coordinator, Business intelligence developer, CalFresh outreach specialist, CalFresh specialist, CalFresh program coordinator, Campaign project manager, Corporate giving officer, Custodian, Custodial assistant, Development manager, Distribution assistant, Intake specialist, Distribution clerk, Drivers including Class B driver, Class B driver/Warehouse, Class C driver, Class C driver/Warehouse, Lead Driver, Senior Driver, Senior lead driver, and SF operation driver, Food sourcing and logistics coordinator, Gift processing manager, HDG delivery driver, HDG intake & enrollment program associate, Intake and enrollment program associate, Intake specialist, Lead Dispatcher, Lead distribution clerk, Major gift coordinator, Major gift officer, Manager of foundation partnership, Nutrition & cooking instructor/Educator, Order builder, Order builder/Class B driver, Program associate, Program coordinator, Program coordinator/Home-delivered grocers, Programs associate, Project leader, Receiving clerk, Senior accounting associate, Senior allocation coordinator, Senior business analyst, Senior delivery driver, Senior development coordinator, Senior distribution assistant, Senior food sourcing and inventory coordinator, Senior fresh rescue driver, Senior intake specialist, Senior lead order builder, Senior nutrition education coordinator, Senior order builder, Senior program associate, Senior program coordinator, Senior project leader, Senior receiving clerk, Senior system administrator, SFP lead intake specialist, SFP operations manager, Volunteer services coordinator, and Warehouse workers-Recycle.

Excluding:  All other employees, temporary employees, confidential employees, guards, and supervisors as defined by the Act.",NA,NA,NA,21,2019-10-01,2019-10-01,"101-500",TRUE,"RC","Yes","Office & Professional Employees International Union, Local 29",1,"OPEIU",0.969230769230769,"Yes",38
"19-RC-248807","Region 19, Seattle, Washington","YouthCare",2019-09-24,2019-11-08,"Seattle","WA","A",2019-10-31,2,NA,"Office and Professional Employees International Union Local 8",0,NA,NA,NA,NA,2,0,NA,NA,NA,NA,"Initial","Single Labor Organization","Certific. of Representative","Closed","VOTING GROUP - UNIT A (PROFESSIONAL UNIT):

All full-time, regular part-time and on-call Mental Health Therapists employed by the Employer and working at or out of its facilities located in Seattle, Washington; excluding all other employees, non-professional employees, managers, confidential employees and guards and supervisors as defined in the Act.","VOTING GROUP - UNIT B (NON-PROFESSIONAL UNIT):


All full-time, regular part-time, and on-call non-professional employees employed by the Employer and working at or out of its facilities located in Seattle, Washington; excluding professional employees, managers, confidential employees, and guards and supervisors as defined in the Act.","VOTING GROUP - UNIT B (NON-PROFESSIONAL UNIT):


All full-time, regular part-time, and on-call non-professional employees employed by the Employer and working at or out of its facilities located in Seattle, Washington; excluding professional employees, managers, confidential employees, and guards and supervisors as defined in the Act.","VOTING GROUP - UNIT B (NON-PROFESSIONAL UNIT):


All full-time, regular part-time, and on-call non-professional employees employed by the Employer and working at or out of its facilities located in Seattle, Washington; excluding professional employees, managers, confidential employees, and guards and supervisors as defined in the Act.",37,2019-10-01,2019-07-01,"<5",TRUE,"RC","Yes","Office and Professional Employees International Union Local 8",1,"OPEIU",NA,"Yes",0
"19-RC-248807","Region 19, Seattle, Washington","YouthCare",2019-09-24,2019-11-08,"Seattle","WA","B",2019-10-31,161,NA,"Office and Professional Employees International Union Local 8",68,NA,NA,NA,NA,26,94,NA,6,NA,"Office and Professional Employees International Union Local 8","Initial","Single Labor Organization","Certific. of Representative","Closed","VOTING GROUP - UNIT A (PROFESSIONAL UNIT):

All full-time, regular part-time and on-call Mental Health Therapists employed by the Employer and working at or out of its facilities located in Seattle, Washington; excluding all other employees, non-professional employees, managers, confidential employees and guards and supervisors as defined in the Act.","VOTING GROUP - UNIT B (NON-PROFESSIONAL UNIT):


All full-time, regular part-time, and on-call non-professional employees employed by the Employer and working at or out of its facilities located in Seattle, Washington; excluding professional employees, managers, confidential employees, and guards and supervisors as defined in the Act.","VOTING GROUP - UNIT B (NON-PROFESSIONAL UNIT):


All full-time, regular part-time, and on-call non-professional employees employed by the Employer and working at or out of its facilities located in Seattle, Washington; excluding professional employees, managers, confidential employees, and guards and supervisors as defined in the Act.","VOTING GROUP - UNIT B (NON-PROFESSIONAL UNIT):


All full-time, regular part-time, and on-call non-professional employees employed by the Employer and working at or out of its facilities located in Seattle, Washington; excluding professional employees, managers, confidential employees, and guards and supervisors as defined in the Act.",37,2019-10-01,2019-07-01,"101-500",TRUE,"RC","Yes","Office and Professional Employees International Union Local 8",1,"OPEIU",0.723404255319149,"Yes",67
"05-RC-248082","Region 05, Baltimore, Maryland","National Endowment for Democracy",2019-09-12,2019-11-07,"Washington","DC","A",2019-10-30,150,1,"Local 2, Office and Professional Employees International Union, AFL-CIO",90,NA,NA,NA,NA,13,103,NA,19,NA,"Local 2, Office and Professional Employees International Union, AFL-CIO","Initial","Single Labor Organization","Certific. of Representative","Closed",NA,NA,NA,NA,48,2019-10-01,2019-07-01,"101-500",TRUE,"RC","Yes","Local 2, Office and Professional Employees International Union, AFL-CIO",1,"OPEIU",0.87378640776699,"Yes",47
"19-RC-245036","Region 19, Seattle, Washington","The Data Entry Company (TDEC)",2019-07-17,2019-08-23,"Seattle","WA","A",2019-08-15,15,NA,"Industrial Technical Professional Employees Union, OPEIU Local 4873 AFL-CIO (ITPEU)",1,NA,NA,NA,NA,14,15,NA,NA,NA,NA,"Initial","Single Labor Organization","Certification of Results","Closed","All full-time and regular part-time data entry employees employed by the Employer and working on its Department of Labor contract at 300 5th Ave, Seattle, WA; excluding all other employees, and guards and supervisors as defined by the Act.",NA,NA,NA,29,2019-07-01,2019-07-01,"11-25",TRUE,"RC","Yes","Industrial Technical Professional Employees Union, OPEIU Local 4873 AFL-CIO (ITPEU)",1,"OPEIU",0.0666666666666667,"No",0
"31-RC-244356","Region 31, Los Angeles, California","Art Directors Guild",2019-07-03,2019-11-22,"Studio City","CA","A",2019-11-14,28,NA,"Office & Professional Employees International Union, Local 537, AFL-CIO",15,NA,NA,NA,NA,12,27,NA,NA,NA,"Office & Professional Employees International Union, Local 537, AFL-CIO","Initial","Revised Single Labor Org","Certific. of Representative","Closed","INCLUDED:  All regular full time and part-time employees.

EXCLUDED:  All confidential employees, guards, watchmen, managerial employees and supervisors at defined by the Act, as amended.

Others permitted to vote: The parties have agreed that the Director of Operations may vote in the election but their ballots will be challenged since their eligibility has not been resolved. No decision has been made regarding whether the individuals in these classifications or groups are included in, or excluded from, the bargaining unit. The eligibility or inclusion of these individuals will be resolved, if necessary, following the election.",NA,NA,NA,134,2019-10-01,2019-07-01,"26-50",TRUE,"RC","Yes","Office & Professional Employees International Union, Local 537, AFL-CIO",1,"OPEIU",0.555555555555556,"Yes",1
"31-RC-244356","Region 31, Los Angeles, California","Art Directors Guild",2019-07-03,2019-11-22,"Studio City","CA","A",2019-07-29,18,NA,"Office & Professional Employees International Union, Local 537, AFL-CIO",11,NA,NA,NA,NA,7,18,NA,10,"Y",NA,"Initial","Single Labor Organization","Certific. of Representative","Closed","INCLUDED:  All regular full time and part-time employees.

EXCLUDED:  All confidential employees, guards, watchmen, managerial employees and supervisors at defined by the Act, as amended.

Others permitted to vote: The parties have agreed that the Director of Operations may vote in the election but their ballots will be challenged since their eligibility has not been resolved. No decision has been made regarding whether the individuals in these classifications or groups are included in, or excluded from, the bargaining unit. The eligibility or inclusion of these individuals will be resolved, if necessary, following the election.",NA,NA,NA,26,2019-07-01,2019-07-01,"11-25",FALSE,"RC","Yes","Office & Professional Employees International Union, Local 537, AFL-CIO",1,"OPEIU",0.611111111111111,"Yes",0
"07-RC-241466","Region 07, Detroit, Michigan","Ascension Providence Rochester Hospital",2019-05-14,2019-06-18,"Rochester","MI","A",2019-06-05,6,NA,"Local 40, RN Staff Council, Office and Professional Employees International Union (OPEIU), AFL-CIO",6,NA,NA,NA,NA,0,6,NA,NA,NA,"Local 40, RN Staff Council, Office and Professional Employees International Union (OPEIU), AFL-CIO","Initial","Single Labor Organization","Certification of Results","Closed","All full-time and regular part-time technician-cardiovascular (RCIS) employees employed by the Employer at its facility located at 1101 West University Drive, Rochester, Michigan, but excluding guards and supervisors under the Act, and all other employees.",NA,NA,NA,22,2019-04-01,2019-04-01,"6-10",TRUE,"RC","Yes","Local 40, RN Staff Council, Office and Professional Employees International Union (OPEIU), AFL-CIO",1,"OPEIU",1,"No",0
"21-RC-239940","Region 21, Los Angeles, California","SDH SERVICES WEST, LLC, ALSO KNOWN AS SODEXO",2019-04-18,2019-05-10,"Chula Vista","CA","A",2019-05-02,75,NA,"Office and Professional Employees International Union Local 30, AFL-CIO",52,NA,NA,NA,NA,15,67,NA,1,NA,"Office and Professional Employees International Union Local 30, AFL-CIO","Initial","Single Labor Organization","Certific. of Representative","Closed","Included:  All full-time and regular part-time environmental services employees employed by the Employer in its environmental services operations at Sharp Chula Vista Medical Center currently located at 751 Medical Center Court, Chula Vista, California
.
Excluded:  All other employees, including food service employees, confidential employees, office clerical employees, managerial employees, professional employees, guards and supervisors as defined in the Act.",NA,NA,NA,14,2019-04-01,2019-04-01,"51-100",TRUE,"RC","Yes","Office and Professional Employees International Union Local 30, AFL-CIO",1,"OPEIU",0.776119402985075,"Yes",8
"31-RD-239605","Region 31, Los Angeles, California","Southwest Carpenters Training Fund",2019-04-12,2019-06-04,"Ontario","CA","A",2019-05-24,17,NA,"Office & Professional Employees International Union, Local 537, AFL-CIO",0,NA,NA,NA,NA,13,13,NA,1,NA,NA,"Initial","Single Labor Organization","Certification of Results","Closed","INCLUDED: All employees performing any phase of office or clerical work including but not limited to those holding the titles of General Office Support, Office Administrator, and Office Manager.

EXCLUDED: All other employees, professional employees, managerial employees, guards, and supervisors as defined by the Act, as amended.",NA,NA,NA,42,2019-04-01,2019-04-01,"11-25",TRUE,"RD","Yes","Office & Professional Employees International Union, Local 537, AFL-CIO",1,"OPEIU",0,"No",4
"21-RC-237772","Region 21, Los Angeles, California","EDUCATORS FOR EXCELLENCE INC.",2019-03-15,2019-04-30,"Los Angeles","CA","A",2019-04-22,6,NA,"Office and Professional Employees International Union Local No. 537",1,NA,NA,NA,NA,5,6,NA,NA,NA,NA,"Initial","Single Labor Organization","Certification of Results","Closed","Included:  All full-time and part-time outreach directors, development associates and program coordinators employed by the Employer at its facility currently located at 448 South Hill Street, Suite 708, Los Angeles, CA 90013.

Excluded: All other employees, office clerical employees, confidential employees, professional employees, managerial employees, guards, and supervisors as defined by the Act.",NA,NA,NA,38,2019-04-01,2019-01-01,"6-10",TRUE,"RC","Yes","Office and Professional Employees International Union Local No. 537",1,"OPEIU",0.166666666666667,"No",0
"32-RD-235282","Region 32, Oakland, California","Operating Engineers Local Union No. 3",2019-02-04,2019-12-04,"Alameda","CA","A",2019-11-26,26,NA,"OFFICE AND PROFESSIONAL EMPLOYEES INTERNATIONAL UNION LOCAL 29",16,NA,NA,NA,NA,7,23,NA,1,NA,"OFFICE AND PROFESSIONAL EMPLOYEES INTERNATIONAL UNION LOCAL 29","Rerun","Single Labor Organization","Certific. of Representative","Closed","All full-time and regular-part-time file clerk/typists, stock/mail clerks, telephone operators/receptionists, cashiers, general clerk/floaters, member services clerks 1, control clerks, key data entry, administrative assistants 1, member services clerks 2, accounting clerks 1, accounting clerks 2, administrative assistants 2, contract opening/dues rate clerks, member services IUOE clerks, public relations administrative assistants, executive administrative assistants, legal administrative assistants, and word processing systems operators-contract department employed by the Employer at its offices located in Alameda, Burlingame, Fairfield, Eureka, Rohnert Park and Sacramento, California; excluding managers, elected officials, guards, and Supervisors as defined in the Act.",NA,NA,NA,295,2019-10-01,2019-01-01,"26-50",TRUE,"RD","Yes","OFFICE AND PROFESSIONAL EMPLOYEES INTERNATIONAL UNION LOCAL 29",1,"OPEIU",0.695652173913043,"Yes",3
"32-RD-235282","Region 32, Oakland, California","Operating Engineers Local Union No. 3",2019-02-04,2019-12-04,"Alameda","CA","A",2019-03-07,26,NA,"OFFICE AND PROFESSIONAL EMPLOYEES INTERNATIONAL UNION LOCAL 29",10,NA,NA,NA,NA,12,22,NA,1,NA,NA,"Initial","Single Labor Organization","Certific. of Representative","Closed","All full-time and regular-part-time file clerk/typists, stock/mail clerks, telephone operators/receptionists, cashiers, general clerk/floaters, member services clerks 1, control clerks, key data entry, administrative assistants 1, member services clerks 2, accounting clerks 1, accounting clerks 2, administrative assistants 2, contract opening/dues rate clerks, member services IUOE clerks, public relations administrative assistants, executive administrative assistants, legal administrative assistants, and word processing systems operators-contract department employed by the Employer at its offices located in Alameda, Burlingame, Fairfield, Eureka, Rohnert Park and Sacramento, California; excluding managers, elected officials, guards, and Supervisors as defined in the Act.",NA,NA,NA,31,2019-01-01,2019-01-01,"26-50",FALSE,"RD","Yes","OFFICE AND PROFESSIONAL EMPLOYEES INTERNATIONAL UNION LOCAL 29",1,"OPEIU",0.454545454545455,"Yes",4
"08-RD-230648","Region 08, Cleveland, Ohio","Vitalant",2018-11-07,2018-12-21,"Elyria","OH","A",2018-12-06,67,NA,"Office and Professional Employees International Union, Local No. 17",28,NA,NA,NA,NA,35,63,NA,1,NA,"Office and Professional Employees International Union, Local No. 17","Initial","Single Labor Organization","Certification of Results","Closed","All full-time and regular part-time employees working in the Employer’s facilities in Elyria and Canton, Ohio and all mobile and fixed sites, including: Laboratory Technician 1, Laboratory Technician 2, Laboratory Technician 3 (MLT), Donor Care Driver, Hospital Services Technician 1, Hospital Services Technician 2, Hospital Services Technician 3, Administrative Assistant 1, Administrative Assistant 2, Donor Recruitment Representative, Facilities Services Assistant, Warehouse Coordinator, Donor Specialist, Telerecruiter 2, Donor Care Specialist 1, Donor Care Specialist 2, Donor Care Specialist 3, but excluding all professional employees, guards and supervisors as defined by the National Labor Relations Act, as amended, including Regional Center Director, Director Donor Recruiting, Director Human Resources, Director Regional Administration, Hospital Services Manager, Donor Care Supervisor, RN, Manufacturing Supervisor, Manufacturing Manager, Technical Support Services Supervisor, Director Regional Technical Services, Technical Support Services Specialist, Manager Donor Care, Manager Donor Care RN, Resource Coordinator, Director Regional Donor Care, Sr. Warehouse Coordinator, PC Tech II, Technical Support Services Specialist, IT Systems Manager and also excluding the Confidential Secretaries to the Regional Center Director and assistant to the Human Resources Director.",NA,NA,NA,29,2018-10-01,2018-10-01,"51-100",TRUE,"RD","Yes","Office and Professional Employees International Union, Local No. 17",1,"OPEIU",0.444444444444444,"No",4
"16-RC-229793","Region 14, Saint Louis, Missouri","Book People, Inc.",2018-10-24,2018-11-28,"AUSTIN","TX","A",2018-11-13,76,NA,"Office and Professional Employees International Union, AFL-CIO, Local 277",39,NA,NA,NA,NA,28,67,NA,2,NA,"Office and Professional Employees International Union, AFL-CIO, Local 277","Initial","Single Labor Organization","Certific. of Representative","Closed","All full-time and regular part-time employees employed by the Employer at its facility located at 603 N. Lamar Blvd., Austin, TX, in the following classifications:  Accounting Assistant, Art Director, Assistant Adult Buyer, Assistant Inventory Manager, Barista, Bookfair Assistant, Bookseller, Corporate Orders Buyer, Event Staff, Gifts Inventory Manager, Gifts Receiver, Internet Orders Manager, Inventory Manager, Kids Inventory Manager, Magazine Buyer, Master Bookseller, MysteryPeople Coordinator, Receiver, Returns Processor, Remainders Buyer, and School Events Host, BUT EXCLUDING  managerial employees, temporary employees, confidential employees, guard and supervisors as defined in the Act.",NA,NA,NA,20,2018-10-01,2018-10-01,"51-100",TRUE,"RC","Yes","Office and Professional Employees International Union, AFL-CIO, Local 277",1,"OPEIU",0.582089552238806,"Yes",9
"10-RC-228544","Region 10, Atlanta, Georgia","Taher, Inc.",2018-10-02,2018-11-02,"Durham","NC","A",2018-10-25,11,NA,"Industrial Technical & Professional Employees Union, OPEIU Local 4873, AFL-CIO",0,NA,NA,NA,NA,8,8,NA,NA,NA,"Industrial Technical & Professional Employees Union, OPEIU Local 4873, AFL-CIO","Initial","Single Labor Organization","Certification of Results","Closed","All full-time and regular part-time food service employees employed by Taher, Inc., at the EPA campus located at 109 T.W. Alexander Drive, Durham, North Carolina; but excluding all office clerical, professional employees, managers, supervisors and guards as defined by the Act.",NA,NA,NA,23,2018-10-01,2018-10-01,"11-25",TRUE,"RC","Yes","Industrial Technical & Professional Employees Union, OPEIU Local 4873, AFL-CIO",1,"OPEIU",0,"No",3
"31-RC-228102","Region 31, Los Angeles, California","The GEO GROUP INC.",2018-09-26,2018-11-26,"ADELANTO","CA","A",2018-10-18,10,NA,"OFFICE AND PROFESSIONAL EMPLOYEES INTERNATIONAL UNION, LOCAL 30",8,NA,NA,NA,NA,0,8,NA,NA,NA,"OFFICE AND PROFESSIONAL EMPLOYEES INTERNATIONAL UNION, LOCAL 30","Initial","Single Labor Organization","Certific. of Representative","Closed","Included: All regular and part-time Maintenance Technicians and Janitors employed by the Employer at its facility located at 10400 Rancho Road, Adelanto, CA  92301.

Excluded: All other employees, including payroll clerks, managerial employees, confidential employees, guards and supervisors as defined by the Act, as amended.",NA,NA,NA,22,2018-10-01,2018-07-01,"6-10",TRUE,"RC","Yes","OFFICE AND PROFESSIONAL EMPLOYEES INTERNATIONAL UNION, LOCAL 30",1,"OPEIU",1,"Yes",2
"07-RC-224646","Region 07, Detroit, Michigan","McLaren Greater Lansing",2018-07-31,2018-09-07,"Lansing","MI","A",2018-08-30,27,NA,"Local 459, Office and Professional Employees International Union (OPEIU), AFL-CIO",8,NA,NA,NA,NA,14,22,NA,NA,NA,NA,"Initial","Single Labor Organization","Certification of Results","Closed","All full-time, regular part-time and per diem laboratory technician assistants and lead laboratory technician assistants employed by the Employer at or out of its facility located at 1540 Lake Lansing Road, Suite G-02, Lansing, Michigan 48912; but excluding office clerical employees, guards and supervisors as defined in the Act, and all other employees.",NA,NA,NA,30,2018-07-01,2018-07-01,"26-50",TRUE,"RC","Yes","Local 459, Office and Professional Employees International Union (OPEIU), AFL-CIO",1,"OPEIU",0.363636363636364,"No",5
"31-RC-224610","Region 31, Los Angeles, California","THE GEO GROUP INC.",2018-07-31,2018-09-07,"ADELANTO","CA","A",2018-08-23,21,NA,"OFFICE AND PROFESSIONAL EMPLOYEES INTERNATIONAL UNION LOCAL 30",21,NA,NA,NA,NA,0,21,NA,NA,NA,"OFFICE AND PROFESSIONAL EMPLOYEES INTERNATIONAL UNION LOCAL 30","Initial","Single Labor Organization","Certific. of Representative","Closed","INCLUDED: All regular full-time and part-time Booking Clerks, Bookkeepers, Clerks, Detainee Accounts Clerks, Detainee Records Clerks, Food Service Clerks, Mailroom Clerks, Programs Clerks, Receptionists, Security Clerks, Tool Clerks, and Warehouse Clerks employed by the Employer at its facility located at 10400 Rancho Road, Adelanto, CA 92301. 

EXCLUDED: All other employees, including Recreation Specialists, Payroll Clerks, managerial employees, confidential employees, supervisors, and guards as defined by the Act.",NA,NA,NA,23,2018-07-01,2018-07-01,"11-25",TRUE,"RC","Yes","OFFICE AND PROFESSIONAL EMPLOYEES INTERNATIONAL UNION LOCAL 30",1,"OPEIU",1,"Yes",0
"04-RD-223681","Region 04, Philadelphia, Pennsylvania","Carbon-Schuylkill Community Hospital, Inc. d/b/a St. Luke's Miners Memorial Hospital",2018-07-13,2018-08-21,"Coaldale","PA","A",2018-08-09,90,NA,"Office and Professional Employees International Union Local 112",25,NA,NA,NA,NA,52,77,NA,NA,NA,NA,"Initial","Single Labor Organization","Certification of Results","Closed","INCLUDED: All full-time and regular part-time registered nurses, physical therapists, occupational therapists, pharmacists, and professional laboratory employees (medical technologists) employed by the Employer at the following locations: 1) 360 West Ruddle Street, Coaldale, PA; 2) 1730 East Broad Street, City of Luzerne, PA; 3) 2 Brookhill Square South, Conyngham, PA; 4) 34 South Railroad Street, Tamaqua, PA; 5) 219 Claremont Avenue, Tamaqua, PA; 6) 801 East Broad Street, Tamaqua, PA; 7) 120 Pine Street, Tamaqua, PA; 8) 1299 East Broad Street, Tamaqua, PA; 9) 108 West Catawissa Street, Nesquehoning, PA; 10) 400 Pinebrook Place, Orwigsburg, PA; 11) 2092 West Penn Pike, New Ringgold, PA; 12) 212 West Centre Street, Mahanoy City, PA; 13) 575 South 9th Street, Lehighton, PA; 14) 693 Route 903, Jim Thorpe, PA; and 15) the junction of Route 940 East and Maple Road in Blakeslee, PA.

EXCLUDED: All other employees, guards and supervisors as defined in the Act.",NA,NA,NA,27,2018-07-01,2018-07-01,"51-100",TRUE,"RD","Yes","Office and Professional Employees International Union Local 112",1,"OPEIU",0.324675324675325,"No",13
"09-RD-220797","Region 09, Cincinnati, Ohio","DAYMET CREDIT UNION, INC.",2018-05-23,2018-06-19,"Dayton","OH","A",2018-06-11,15,NA,"OFFICE AND PROFESSIONAL EMPLOYEES INTERNATIONAL UNION AND ITS LOCAL UNION NO. 98, AFL-CIO, CLC",7,NA,NA,NA,NA,8,15,NA,NA,NA,NA,"Initial","Single Labor Organization","Certification of Results","Closed","All hourly non-exempt office and clerical employees employed at the Employer's main facility located at 4988 Wagner Ford Road, Dayton, Ohio, and any and all branches, including its facility located at 3199 S. Dixie Dr., Moraine, Ohio; but excluding all other employees, professional employees, managerial employees, confidential employees, and guards and supervisors as defined in the Act.",NA,NA,NA,19,2018-04-01,2018-04-01,"11-25",TRUE,"RD","Yes","OFFICE AND PROFESSIONAL EMPLOYEES INTERNATIONAL UNION AND ITS LOCAL UNION NO. 98, AFL-CIO, CLC",1,"OPEIU",0.466666666666667,"No",0
"21-RC-214410","Region 21, Los Angeles, California","Inner City Law Center",2018-02-07,2018-03-09,"Los Angeles","CA","A",2018-03-01,34,NA,"OFFICE AND PROFESSIONAL EMPLOYEES INTERNATIONAL UNION, LOCAL 537",27,NA,NA,NA,NA,3,30,NA,2,NA,"OFFICE AND PROFESSIONAL EMPLOYEES INTERNATIONAL UNION, LOCAL 537","Initial","Single Labor Organization","Certific. of Representative","Closed","Including: All full-time and regular part-time senior staff attorneys, staff attorneys, and land use advocates employed by the Employer at its facilities currently located at 1309 East 7th Street, Los Angeles, California, 90021 and 624 South Grand Avenue, Floor 25, Los Angeles, California, 90017.

Excluding: All other employees, non-professional employees, managerial employees, confidential employees, guards, and supervisors as defined in the Act.

Others Permitted to Vote: The parties have agreed that pro bono coordinators employed by the Employer at its facilities currently located at 1309 East 7th Street, Los Angeles, California, 90021 and 624 South Grand Avenue, Floor 25, Los Angeles, California, 90017 may vote in the election but their ballots will be challenged since their eligibility has not been resolved. No decision has been made regarding whether the individuals in this classification are included in, or excluded from, the professional bargaining unit.  The eligibility or inclusion of these individuals will be resolved, if necessary, following the election.","Including: All full-time and regular part-time administrative clerks, project coordinators, document specialists, paralegals, paralegal trainees, receptionists, senior paralegals, outreach representatives, senior tenant organizers, office managers, and tenant organizers employed by the Employer at its facilities currently located at 1309 East 7th Street, Los Angeles, California, 90021 and 624 South Grand Avenue, Floor 25, Los Angeles, California, 90017.

Excluding: All other employees, professional employees, managerial employees, program assistants, grants managers, confidential employees, guards, and supervisors as defined in the Act.

Others Permitted to Vote:  The parties have agreed that major gifts officers employed by the Employer at its facilities currently located at 1309 East 7th Street, Los Angeles, California, 90021 and 624 South Grand Avenue, Floor 25, Los Angeles, California, 90017 may vote in the election but their ballots will be challenged since their eligibility has not been resolved.  No decision has been made regarding whether the individuals in this classification are included in, or excluded from, the non-professional bargaining unit.  The eligibility or inclusion of these individuals will be resolved, if necessary, following the election.","Including: All full-time and regular part-time administrative clerks, project coordinators, document specialists, paralegals, paralegal trainees, receptionists, senior paralegals, outreach representatives, senior tenant organizers, office managers, and tenant organizers employed by the Employer at its facilities currently located at 1309 East 7th Street, Los Angeles, California, 90021 and 624 South Grand Avenue, Floor 25, Los Angeles, California, 90017.

Excluding: All other employees, professional employees, managerial employees, program assistants, grants managers, confidential employees, guards, and supervisors as defined in the Act.

Others Permitted to Vote:  The parties have agreed that major gifts officers employed by the Employer at its facilities currently located at 1309 East 7th Street, Los Angeles, California, 90021 and 624 South Grand Avenue, Floor 25, Los Angeles, California, 90017 may vote in the election but their ballots will be challenged since their eligibility has not been resolved.  No decision has been made regarding whether the individuals in this classification are included in, or excluded from, the non-professional bargaining unit.  The eligibility or inclusion of these individuals will be resolved, if necessary, following the election.","Including: All full-time and regular part-time administrative clerks, project coordinators, document specialists, paralegals, paralegal trainees, receptionists, senior paralegals, outreach representatives, senior tenant organizers, office managers, and tenant organizers employed by the Employer at its facilities currently located at 1309 East 7th Street, Los Angeles, California, 90021 and 624 South Grand Avenue, Floor 25, Los Angeles, California, 90017.

Excluding: All other employees, professional employees, managerial employees, program assistants, grants managers, confidential employees, guards, and supervisors as defined in the Act.

Others Permitted to Vote:  The parties have agreed that major gifts officers employed by the Employer at its facilities currently located at 1309 East 7th Street, Los Angeles, California, 90021 and 624 South Grand Avenue, Floor 25, Los Angeles, California, 90017 may vote in the election but their ballots will be challenged since their eligibility has not been resolved.  No decision has been made regarding whether the individuals in this classification are included in, or excluded from, the non-professional bargaining unit.  The eligibility or inclusion of these individuals will be resolved, if necessary, following the election.",22,2018-01-01,2018-01-01,"26-50",TRUE,"RC","Yes","OFFICE AND PROFESSIONAL EMPLOYEES INTERNATIONAL UNION, LOCAL 537",1,"OPEIU",0.9,"Yes",4
"12-RC-213169","Region 12, Tampa, Florida","Planned Parenthood Federation of America, Inc.",2018-01-17,2018-03-14,"Miami","FL","A",2018-02-28,11,NA,"Office & Professional Employees International Union, Local 153, AFL-CIO",7,NA,NA,NA,NA,1,8,NA,NA,NA,"Office & Professional Employees International Union, Local 153, AFL-CIO","Initial","Single Labor Organization","Certific. of Representative","Closed","Included:  All full time and regular part time program officers, senior program officers and administrative assistants employed by the Employer at or out of its Miami, Florida facility.*

Excluded:  All other employees, managers, directors, guards and supervisors as defined in the Act.


*The undersigned parties stipulate and agree that program officers Ksenia Varlyguina and Blanca Torres are eligible to vote in the election to be conducted in this case because they are telecommuters who have been assigned to work at or out of the Employer’s Miami, Florida facility during all or a portion of the 12 month period immediately preceding February 13, 2018, the scheduled date of the start of the election in this matter.",NA,NA,NA,42,2018-01-01,2018-01-01,"11-25",TRUE,"RC","Yes","Office & Professional Employees International Union, Local 153, AFL-CIO",1,"OPEIU",0.875,"Yes",3
"04-RD-210733","Region 04, Philadelphia, Pennsylvania","Berks Visiting Nurse Association, Inc.",2017-11-30,2017-12-28,"Reading","PA","A",2017-12-15,17,NA,"Office and Professional Employees International Union Local 112",3,NA,NA,NA,NA,11,14,NA,NA,NA,NA,"Initial","Single Labor Organization","Certification of Results","Closed","INCLUDED: All full-time and regular part-time registered and graduate nurses employed by the Employer out of its 1170 Berkshire Boulevard, Wyomissing, Pennsylvania facility, including public health staff nurses and public health nurse coordinators. 
EXCLUDED: All other employees, office clerical employees, confidential employees, managerial employees, guards, and supervisors as defined in the Act.",NA,NA,NA,15,2017-10-01,2017-10-01,"11-25",TRUE,"RD","Yes","Office and Professional Employees International Union Local 112",1,"OPEIU",0.214285714285714,"No",3
"18-RD-208852","Region 18, Minneapolis, Minnesota","World Council of Credit Unions, Inc.",2017-10-30,2017-12-07,"Madison","WI","A",2017-11-30,4,NA,"Office and Professional Employees International Union Local 39",1,NA,NA,NA,NA,3,0,NA,NA,NA,NA,"Initial","Single Labor Organization","Certification of Results","Closed","All professional and administrative employees, employed by the Employer and working in Dane County, Wisconsin; but, excluding managers, confidential employees, temporary employees, and all supervisors as defined in the National Labor Relations Act.",NA,NA,NA,31,2017-10-01,2017-10-01,"<5",TRUE,"RD","Yes","Office and Professional Employees International Union Local 39",1,"OPEIU",NA,"No",0
"32-RC-205743","Region 32, Oakland, California","Sutter Shared Lab, LLC",2017-09-07,2017-10-24,"Livermore","CA","A",2017-09-28,70,NA,"OFFICE AND PROFESSIONAL EMPLOYEES INTERNATIONAL UNION, LOCAL 29",30,NA,NA,NA,NA,36,66,NA,1,NA,NA,"Initial","Single Labor Organization","Certification of Results","Closed","All full-time and regular part-time customer service representatives, lead customer service representatives, inventory specialists, lab assistants I, and lab assistants II, employed by the Employer at its facility located at 2950 Collier Canyon Road, Livermore CA; excluding confidential employees, guards, and supervisors as defined in the Act.

Also eligible to vote are all employees in the unit who have worked an average of four (4) hours or more per week during the 13 weeks immediately preceding the eligibility date for the election.",NA,NA,NA,21,2017-07-01,2017-07-01,"51-100",TRUE,"RC","Yes","OFFICE AND PROFESSIONAL EMPLOYEES INTERNATIONAL UNION, LOCAL 29",1,"OPEIU",0.454545454545455,"No",4
"32-RC-204635","Region 32, Oakland, California","Sutter Health - Alta Bates Summit Medical Center",2017-08-18,2017-09-20,"Berkeley","CA","A",2017-09-12,20,NA,"OFFICE AND PROFESSIONAL EMPLOYEES INTERNATIONAL UNION, LOCAL 29, AFL-CIO, CLC",11,NA,NA,NA,NA,4,15,NA,NA,NA,"OFFICE AND PROFESSIONAL EMPLOYEES INTERNATIONAL UNION, LOCAL 29, AFL-CIO, CLC","Initial","Single Labor Organization","Certific. of Representative","Closed","All full-time, regular part-time, and casual in-patient pharmacy techs employed by the Employer at its facility located at 2450 Ashby Avenue, Berkeley, California; excluding confidential employees, guards, and supervisors as defined in the Act.",NA,NA,NA,25,2017-07-01,2017-07-01,"11-25",TRUE,"RC","Yes","OFFICE AND PROFESSIONAL EMPLOYEES INTERNATIONAL UNION, LOCAL 29, AFL-CIO, CLC",1,"OPEIU",0.733333333333333,"Yes",5
"32-RC-203157","Region 32, Oakland, California","Sutter Health - Alta Bates Summit Medical Center",2017-07-26,2017-08-30,"Oakland","CA","A",2017-08-22,6,NA,"OFFICE AND PROFESSIONAL EMPLOYEES INTERNATIONAL UNION, LOCAL 29",4,NA,NA,NA,NA,1,5,NA,NA,NA,"OFFICE AND PROFESSIONAL EMPLOYEES INTERNATIONAL UNION, LOCAL 29","Initial","Single Labor Organization","Certific. of Representative","Closed","All full-time and regular part-time laboratory clerks employed by the Employer at its facility located at 350 Hawthorne Street Oakland, CA; excluding confidential employees, guards, and supervisors as defined in the Act.",NA,NA,NA,27,2017-07-01,2017-07-01,"6-10",TRUE,"RC","Yes","OFFICE AND PROFESSIONAL EMPLOYEES INTERNATIONAL UNION, LOCAL 29",1,"OPEIU",0.8,"Yes",1
"19-RC-201965","Region 19, Seattle, Washington","Northwest Justice Project",2017-07-06,2017-08-30,"Seattle","WA","A",2017-08-22,163,NA,"Office and Professional Employees International Union,  Local  No. 8",113,NA,NA,NA,NA,24,137,NA,1,NA,"Office and Professional Employees International Union,  Local  No. 8","Initial","Single Labor Organization","Certific. of Representative","Closed","All full-time and regular part-time attorneys, EJW fellows, NTAP coordinators, and Stanford Public Interest fellows, employed by the Employer at its facilities throughout the State of Washington; excluding all non-professional employees, accounting assistants, accounts payable specialists, advocacy coordinators, controllers, desktop support/help desk technicians, IT network systems administrators, payroll specialists, PBIG attorneys, webmaster/publications managers, and all other employees, and confidential employees, managers, guards and supervisors as defined in the Act.","All full-time and regular part-time legal assistants, outreach workers, paralegals, receptionists, and screeners, employed by the Employer at its facilities throughout the State of Washington; excluding all professional employees, accounting assistants, accounts payable specialists, advocacy coordinators, controllers, desktop support/help desk technicians, IT network systems administrators, payroll specialists, PBIG attorneys, webmaster/publications managers, and all other employees, and confidential employees, managers, guards and supervisors as defined in the Act.","All full-time and regular part-time legal assistants, outreach workers, paralegals, receptionists, and screeners, employed by the Employer at its facilities throughout the State of Washington; excluding all professional employees, accounting assistants, accounts payable specialists, advocacy coordinators, controllers, desktop support/help desk technicians, IT network systems administrators, payroll specialists, PBIG attorneys, webmaster/publications managers, and all other employees, and confidential employees, managers, guards and supervisors as defined in the Act.","All full-time and regular part-time legal assistants, outreach workers, paralegals, receptionists, and screeners, employed by the Employer at its facilities throughout the State of Washington; excluding all professional employees, accounting assistants, accounts payable specialists, advocacy coordinators, controllers, desktop support/help desk technicians, IT network systems administrators, payroll specialists, PBIG attorneys, webmaster/publications managers, and all other employees, and confidential employees, managers, guards and supervisors as defined in the Act.",47,2017-07-01,2017-07-01,"101-500",TRUE,"RC","Yes","Office and Professional Employees International Union,  Local  No. 8",1,"OPEIU",0.824817518248175,"Yes",26
"08-RD-200346","Region 08, Cleveland, Ohio","BFG Federal Credit Union",2017-06-09,2018-01-29,"Akron","OH","A",2018-01-18,18,NA,"Office and Professional Employees International Union, Local No. 1794, AFL-CIO",6,NA,NA,NA,NA,12,18,NA,NA,NA,"Office and Professional Employees International Union, Local No. 1794, AFL-CIO","Initial","Single Labor Organization","Certification of Results","Closed","All full-time and regular part-time financial and customer service employees employed at the Akron and Hudson, Ohio BFG Federal Credit Union facilities, including tellers, loan and credit card officers, and office clerical employees, but excluding all managers and professional employees, head tellers, plastic card service manager, vice-presidents, assistant vice-president, systems administrator supervisor, management trainee, CPA/compliance officer, collection manager, confidential employees, guards, and supervisors as defined in the Act.",NA,NA,NA,223,2018-01-01,2017-04-01,"11-25",TRUE,"RD","Yes","Office and Professional Employees International Union, Local No. 1794, AFL-CIO",1,"OPEIU",0.333333333333333,"No",0
"21-RD-199419","Region 21, Los Angeles, California","Southwest Carpenters Training Fund",2017-05-24,2017-09-22,"Los Angeles","CA","A",2017-09-12,22,NA,"Office and Professional Employees International Union Local 537, AFL-CIO, CLC",11,NA,NA,NA,NA,9,20,NA,NA,NA,"Office and Professional Employees International Union Local 537, AFL-CIO, CLC","Initial","Single Labor Organization","Certific. of Representative","Closed","Included:	All employees performing any phase of office or clerical work including office clerks, office managers, typist clerks, switchboard operator receptionists, office cashiers, assistant bookkeepers, stenographers, secretaries, bookkeepers, skilled trade union office employees, bookkeeper accountants, and administrative assistants employed by the Employer at the Training Fund Facilities currently located in California, Nevada, and Utah;

Excluded:	All other employees, professional employees, managerial employees, guards, and supervisors as defined in the Act.",NA,NA,NA,111,2017-07-01,2017-04-01,"11-25",TRUE,"RD","Yes","Office and Professional Employees International Union Local 537, AFL-CIO, CLC",1,"OPEIU",0.55,"Yes",2
"21-RD-196242","Region 21, Los Angeles, California","SOUTHWEST REGIONAL COUNCIL OF CARPENTERS, FOR AND ON BEHALF OF ITS AFFILIATED LOCALS",2017-04-05,2017-05-15,"LOS ANGELES","CA","A",2017-05-05,39,3,"OFFICE AND PROFESSIONAL EMPLOYEES INTERNATIONAL UNION, LOCAL 537",6,NA,NA,NA,NA,30,36,NA,NA,NA,NA,"Initial","Single Labor Organization","Certification of Results","Closed","Included: All employees working in any phase of office or clerical work, including but not limited to general office support employees, receptionists, membership/dues clerks, assistant bookkeepers, administrative assistants (office/clerical), bookkeepers, senior bookkeepers/accountants, and executive administrative assistants (office/clerical) employed by the Employer and its affiliated local unions in California and Utah, which local unions include Local 184, Local 209, Local 409, Local 547, Local 630, Local 721, Local 803, Local 944, Local 1506, Local 1507, Local 1607, Local 2007, Local 2361, Local 2375, and Local 1800;

Excluded: All other employees, administrative assistants (business representatives), executive administrative assistants (business representatives), confidential employees, professional employees, managerial employees, guards, and supervisors as defined in the Act.",NA,NA,NA,30,2017-04-01,2017-04-01,"26-50",TRUE,"RD","Yes","OFFICE AND PROFESSIONAL EMPLOYEES INTERNATIONAL UNION, LOCAL 537",1,"OPEIU",0.166666666666667,"No",3
"32-RD-196044","Region 32, Oakland, California","Laborers International Union of North America, Local 270",2017-03-31,2017-05-03,"San Jose","CA","A",2017-04-25,7,NA,"OFFICE AND PROFESSIONAL EMPLOYEES INTERNATIONAL UNION, LOCAL 29",1,NA,NA,NA,NA,5,6,NA,NA,NA,NA,"Initial","Single Labor Organization","Certification of Results","Closed","All full-time and regular part-time administrative assistants I, II, and III, bookkeepers, and executive secretaries employed by the Employer at its facility located at 509 Emory Street, San Jose, California; excluding janitors, business agents and officers, guards, and supervisors as defined in the Act.",NA,NA,NA,25,2017-04-01,2017-01-01,"6-10",TRUE,"RD","Yes","OFFICE AND PROFESSIONAL EMPLOYEES INTERNATIONAL UNION, LOCAL 29",1,"OPEIU",0.166666666666667,"No",1
"12-RC-191766","Region 12, Tampa, Florida","Coqui.Net Corporation",2017-01-25,2017-03-01,"SAN JUAN","PR","A",2017-02-15,11,NA,"OFFICE & PROFESSIONAL EMPLOYEES INTERNATIONAL UNION (OPEIU) AFL-CIO, CLC",11,NA,NA,NA,NA,0,11,NA,NA,NA,"OFFICE & PROFESSIONAL EMPLOYEES INTERNATIONAL UNION (OPEIU) AFL-CIO, CLC","Initial","Single Labor Organization","Certific. of Representative","Closed","Included:  All regular full-time and part-time Video Operators Controllers (VOC) employees that work for the above employer at the Hato Rey facility in Puerto Ricol; exluding:  All other part-time employees and full-time employees, managers, confidential employees, guards and supervisors as defined in the Act.",NA,NA,NA,21,2017-01-01,2017-01-01,"11-25",TRUE,"RC","Yes","OFFICE & PROFESSIONAL EMPLOYEES INTERNATIONAL UNION (OPEIU) AFL-CIO, CLC",1,"OPEIU",1,"Yes",0
"12-RC-191781","Region 12, Tampa, Florida","Coqui.Net Corporation",2017-01-25,2017-03-01,"SAN JUAN","PR","A",2017-02-15,15,NA,"OFFICE & PROFESSIONAL EMPLOYEES INTERNATIONAL UNION (OPEIU) AFL-CIO, CLC",7,NA,NA,NA,NA,8,15,NA,NA,NA,NA,"Initial","Single Labor Organization","Certification of Results","Closed","Included:  All regular full-time and part-time Tech Support (Techo) employees that work for the above employer at the Hato Rey facility in Puerto Rico; excluding:  All other part-time and full-time employees, managers, confidential employees, guards and supervisors as defined in the Act.",NA,NA,NA,21,2017-01-01,2017-01-01,"11-25",TRUE,"RC","Yes","OFFICE & PROFESSIONAL EMPLOYEES INTERNATIONAL UNION (OPEIU) AFL-CIO, CLC",1,"OPEIU",0.466666666666667,"No",0
"18-RD-191323","Region 18, Minneapolis, Minnesota","Moundview Memorial Hospital & Clinics, Inc.",2017-01-17,2017-02-15,"Friendship","WI","A",2017-02-08,17,NA,"Office and Professional Employees International Union, Local #95",8,NA,NA,NA,NA,8,16,NA,NA,NA,NA,"Initial","Single Labor Organization","Certification of Results","Closed","Included: All regular full-time and part-time employees engaged in business office functions including Health Information Coders, Lead Coder, Transcriptionists and Clerks, Patient Account Clerks, Insurance Biller, Collections/Insurance Biller, Patient Financial Advisor, Lead Admitter, Lead Biller, Admitting Clerks, Home Health Care Secretaries, Data Processing Clerks, Coders, and Purchasing Assistant/Maintenance Clerks;
Excluded:Administrative Assistants, Chief Accounting Clerks, Admitting Supervisors, Patient Account Supervisors, Medical Record Supervisors, Lab Clerks, Pharmacy Technicians, Tally Clerks, temporary employees, casual employees, managerial, professional, and confidential employees, guards and supervisors as defined in the Act.",NA,NA,NA,22,2017-01-01,2017-01-01,"11-25",TRUE,"RD","Yes","Office and Professional Employees International Union, Local #95",1,"OPEIU",0.5,"No",1
"20-RC-191081","Region 20, San Francisco, California","The Queen's Medical Center",2017-01-10,2017-02-14,"Honolulu","HI","A",2017-02-03,229,NA,"Hawaii Nurses' Association, OPEIU Local 50",60,NA,NA,NA,NA,120,180,NA,7,NA,NA,"Initial","Single Labor Organization","Certification of Results","Closed","Anesthesia monitoring techs, Angio techs, CT techs, SP instrument techs, CAIII, Instrument techs, Interventional techs, Mammography techs, MRI techs, Nuclear med techs, PET techs, Radiological techs, Diag/Medical Sonographer Techs, Cardio Vasc Techs, Surgical Assist techs, Surgical techs, Ultra sound techs, X-ray techs, Endoscopic procedure Techs, Electroneuro techs, Polysomnographic techs, Pulmonary techs, Radiologic special procedure techs, Cardiac special procedure techs, Excluding All other employees including managers, office personnel, confidential employees and supervisors as defined by the Act.",NA,NA,NA,24,2017-01-01,2017-01-01,"101-500",TRUE,"RC","Yes","Hawaii Nurses' Association, OPEIU Local 50",1,"OPEIU",0.333333333333333,"No",49
"07-RC-191087","Region 07, Detroit, Michigan","Medilodge of Montrose",2017-01-10,2017-02-13,"Montrose","MI","A",2017-02-03,150,NA,"Local 393, Office and Professional Employees International Union (OPEIU), AFL-CIO",28,NA,NA,NA,NA,81,81,NA,7,NA,"Local 393, Office and Professional Employees International Union (OPEIU), AFL-CIO","Initial","Single Labor Organization","Certification of Results","Closed","All full-time, regular part-time and contingent certified nursing assistants, activities aides, restorative aides, transportation aides, housekeeping aides, laundry aides, dietary aides, cooks, maintenance employees, licensed practical nurses and clerical employees employed by the Employer at its facility located at 9317 Vienna Road, Montrose, Michigan; but excluding all salaried employees, confidential employees, registered nurses, managers, directors, schedulers, dieticians, social workers, MDS nurses, department heads, and guards and supervisors as defined by the Act, and all other employees.",NA,NA,NA,24,2017-01-01,2017-01-01,"101-500",TRUE,"RC","Yes","Local 393, Office and Professional Employees International Union (OPEIU), AFL-CIO",1,"OPEIU",0.256880733944954,"No",41
"32-RC-190926","Region 32, Oakland, California","Zenith American Solutions, Inc.",2017-01-06,2017-02-08,"Alameda","CA","A",2017-01-31,45,NA,"OFFICE AND PROFESSIONAL EMPLOYEES INTERNATIONAL UNION, OPEIU LOCAL 29",8,NA,NA,NA,NA,21,29,NA,9,NA,NA,"Initial","Single Labor Organization","Certification of Results","Closed","All full-time and regular part-time customer service representatives, pension processors, contribution processors, contribution accountants, claims support specialists, and claims processors employed by the Employer at its facility located at 1600 Harbor Bay Parkway, Suite 200, Alameda, CA 94502; excluding managers, professionals, temporary employees, contract workers, training and quality specialists, fund representatives, confidential employees, office clerical employees, guards, and supervisors as defined in the Act.

Others permitted to vote: The parties have agreed that client services assistants may vote in the election but their ballots will be challenged since their eligibility has not been resolved. No decision has been made regarding whether the individuals in these classifications or groups are included in, or excluded from, the bargaining unit. The eligibility or inclusion of these individuals will be resolved, if necessary, following the election.",NA,NA,NA,25,2017-01-01,2017-01-01,"26-50",TRUE,"RC","Yes","OFFICE AND PROFESSIONAL EMPLOYEES INTERNATIONAL UNION, OPEIU LOCAL 29",1,"OPEIU",0.275862068965517,"No",16
"07-RC-188096","Region 07, Detroit, Michigan","TouchPoint Support Services, A Division of Compass Group",2016-11-14,2016-12-16,"Detroit","MI","A",2016-12-07,180,NA,"Local 459, Office and Professional Employees International Union (OPEIU), AFL-CIO",103,NA,NA,NA,NA,55,158,NA,NA,NA,"Local 459, Office and Professional Employees International Union (OPEIU), AFL-CIO","Initial","Single Labor Organization","Certific. of Representative","Closed","INCLUDED: All full-time and regular part-time and contingent housekeepers, and environmental support service-utility employees employed by the Employer at its 22101 Moross Road, Detroit, Michigan location. 
EXCLUDED: All office clerical employees, managers, , and guards and supervisors as defined in the Act, and all other employees.",NA,NA,NA,23,2016-10-01,2016-10-01,"101-500",TRUE,"RC","Yes","Local 459, Office and Professional Employees International Union (OPEIU), AFL-CIO",1,"OPEIU",0.651898734177215,"Yes",22
"07-RC-187654","Region 07, Detroit, Michigan","TouchPoint Support Services,LLC, a Division of Compass Group USA, Inc.",2016-11-04,2016-12-15,"Detroit","MI","A",2016-12-07,199,1,"Local 459, Office and Professional Employees International Union (OPEIU), AFL-CIO, CLC",96,NA,NA,NA,NA,43,139,NA,3,NA,"Local 459, Office and Professional Employees International Union (OPEIU), AFL-CIO, CLC","Initial","Single Labor Organization","Certific. of Representative","Closed","INCLUDED: All full-time and regular part-time and contingent food service workers, cashiers, food service support workers, food service utility workers, cooks, cook helpers, grill cooks, food unit leads, and food service storeroom/delivery workers employed by the Employer at its 22101 Moross Road, Detroit, Michigan location. 
EXCLUDED: All office clerical employees, managers, contingent food service workers, and guards and supervisors as defined in the Act, and all other employees.",NA,NA,NA,33,2016-10-01,2016-10-01,"101-500",TRUE,"RC","Yes","Local 459, Office and Professional Employees International Union (OPEIU), AFL-CIO, CLC",1,"OPEIU",0.690647482014389,"Yes",60
"29-RC-187058","Region 29, Brooklyn, New York","Transit Workers Union, Local 100 New York City Transit Authority Training & Upgrading Fund and New York City Transit Authority Childcare Fund",2016-10-26,2016-12-01,"Brooklyn","NY","A",2016-11-17,11,NA,"Office & Professional Employees International Union,  Local 153",0,NA,NA,NA,NA,0,9,NA,NA,NA,"Office & Professional Employees International Union,  Local 153","Initial","Single Labor Organization","Certific. of Representative","Closed","Included: All Full-time and regular part-time CCF Administrative Coordinators, Account Managers, Database Administrators, Receptionists, TUF Program Coordinators, and Tuition Reimbursement Coordinators. 

Excluded: All other employees, guards and supervisors as defined in the Act.",NA,NA,NA,22,2016-10-01,2016-10-01,"11-25",TRUE,"RC","Yes","Office & Professional Employees International Union,  Local 153",1,"OPEIU",NA,"Yes",11
"01-RM-182788","Region 01, Boston, Massachusetts","AMERICAN MEDICAL RESPONSE OF MASSACHUSETTS, INC.",2016-08-24,2016-09-21,"SPRINGFIELD","MA","A",2016-09-13,195,NA,"OFFICE AND PROFESSIONAL EMPLOYEES INTERNATIONAL UNION, LOCAL 6",67,NA,NA,NA,NA,11,78,NA,NA,NA,"OFFICE AND PROFESSIONAL EMPLOYEES INTERNATIONAL UNION, LOCAL 6","Initial","Single Labor Organization","Certific. of Representative","Closed","INCLUDED:  ALL FULL-TIME AND REGULAR PART-TIME EMERGENCY MEDICAL TECHNICIANS, PARAMEDICS AND CHAIR VAN DRIVERS.

EXCLUDED:  ALL OTHER EMPLOYEES INCLUDING BUT NOT LIMITED TO BUILDING AND GROUNDS EMPLOYEES, MAINTENANCE EMPLOYEES, OFFICE CLERICAL EMPLOYEES, PROFESSIONAL EMPLOYEES, DISPATCHERS, CALL TAKERS, PER DIEM EMPLOYEES, GUARDS, MANAGERIAL EMPLOYEES AND SUPERVISORS AS DEFINED IN THE NATIONAL LABOR RELATIONS ACT.",NA,NA,NA,20,2016-07-01,2016-07-01,"101-500",TRUE,"RM","Yes","OFFICE AND PROFESSIONAL EMPLOYEES INTERNATIONAL UNION, LOCAL 6",1,"OPEIU",0.858974358974359,"Yes",117
"20-RC-179963","Region 20, San Francisco, California","The Queen's Medical Center",2016-07-12,2016-08-11,"Honolulu","HI","A",2016-08-03,10,NA,"Hawai'i Nurses' Association, OPEIU Local 50",6,NA,NA,NA,NA,4,10,NA,NA,NA,"Hawai'i Nurses' Association, OPEIU Local 50","Initial","Single Labor Organization","Certific. of Representative","Closed","INCLUDED: Wound Care and Hyperbaric Community Case Managers (aka RNs)
EXCLUDED: All medical assistants, managers, office personnel, confidential employees, all other employees, and supervisors as defined by the Act.",NA,NA,NA,22,2016-07-01,2016-07-01,"6-10",TRUE,"RC","Yes","Hawai'i Nurses' Association, OPEIU Local 50",1,"OPEIU",0.6,"Yes",0
"07-RC-179046","Region 07, Detroit, Michigan","McLaren Greater Lansing",2016-06-27,2016-07-29,"Lansing","MI","A",2016-07-20,6,NA,"Local 459, Office and Professional Employees International Union (OPEIU), AFL-CIO, CLC",4,NA,NA,NA,NA,1,5,NA,NA,NA,"Local 459, Office and Professional Employees International Union (OPEIU), AFL-CIO, CLC","Initial","Single Labor Organization","Certification of Results","Closed","all full-time and regular part-time",NA,NA,NA,23,2016-07-01,2016-04-01,"6-10",TRUE,"RC","Yes","Local 459, Office and Professional Employees International Union (OPEIU), AFL-CIO, CLC",1,"OPEIU",0.8,"No",1
"19-RD-173381","Region 19, Seattle, Washington","Tri-Cities Community Federal Credit Union",2016-04-06,2016-05-11,"Kennewick","WA","A",2016-05-03,8,NA,"Office &  Professional Employees International Union, Local 11, AFL-CIO",1,NA,NA,NA,NA,7,8,NA,NA,NA,"Office &  Professional Employees International Union, Local 11, AFL-CIO","Initial","Single Labor Organization","Certification of Results","Closed","All full-time and regular part-time tellers, teller supervisors, loan processors, collection officers, and loan managers; excluding all sales employees, professional employees, managerial employees, and guards and supervisors as defined by the Act",NA,NA,NA,27,2016-04-01,2016-04-01,"6-10",TRUE,"RD","Yes","Office &  Professional Employees International Union, Local 11, AFL-CIO",1,"OPEIU",0.125,"No",0
"20-RC-171148","Region 20, San Francisco, California","Pediahealth Corp. d/b/a Kulana Malama",2016-03-04,2016-04-22,"Ewa Beach","HI","A",2016-04-04,67,NA,"Hawaii Nurses' Association - OPEIU Local 50",53,NA,NA,NA,NA,2,55,NA,6,NA,"Hawaii Nurses' Association - OPEIU Local 50","Initial","Single Labor Organization","Certific. of Representative","Closed","VOTING GROUP - UNIT A (PROFESSIONAL UNIT)
All full-time and regular part-time registered nurses, but excluding all other employees, non-profesisonal employees, administrative employees, managers, guards, and supervisors as defined by the Act.","VOTING GROUP - UNIT B (NON-PROFESSIONAL UNIT) All full-time and regular part-time licensed practical nurses and certified nursing assistants, but excluding all other employees, professional employees, administrative employees, managers guards, and supervisors as defined by the Act.","VOTING GROUP - UNIT B (NON-PROFESSIONAL UNIT) All full-time and regular part-time licensed practical nurses and certified nursing assistants, but excluding all other employees, professional employees, administrative employees, managers guards, and supervisors as defined by the Act.","VOTING GROUP - UNIT B (NON-PROFESSIONAL UNIT) All full-time and regular part-time licensed practical nurses and certified nursing assistants, but excluding all other employees, professional employees, administrative employees, managers guards, and supervisors as defined by the Act.",31,2016-04-01,2016-01-01,"51-100",TRUE,"RC","Yes","Hawaii Nurses' Association - OPEIU Local 50",1,"OPEIU",0.963636363636364,"Yes",12
"07-RD-170367","Region 07, Detroit, Michigan","Ingham Regional Medical Center d/b/a McLaren Greater Lansing",2016-03-02,2016-06-27,"Lansing","MI","A",2016-06-17,3,NA,"LOCAL 459, OFFICE & PROFESSIONAL EMPLOYEES INTERNATIONAL UNION (OPEIU), AFL-CIO",0,NA,NA,NA,NA,2,2,NA,NA,NA,NA,"Initial","Single Labor Organization","Certification of Results","Closed","Voting Group - UNIT A (PROFESSIONAL UNIT):
All full time and regular part-time Registered Nurses employed by the Employer at its McLaren Cardiovascular Group facility located at 2134 Hampton Place, Okemos, Michigan; but excluding all confidential employees, managerial employees, temporary and casual employees, and guards and supervisors as defined in the Act, and all other employees.","VOTING GROUP - UNIT B (NON-PROFESSIONAL UNIT):
All full time and regular part time administrative assistants, medical office coordinators, echo cardiographers, exercise physiologists, exercise physiologist special procedure technicians, health information technicians, medical assistants, medical assistant/receptionists, receptionists, nuclear medical technologists, property caretakers, and vascular technologists employed by the Employer at its McLaren Cardiovascular Group facility located at 2134 Hampton Place, Okemos, Michigan; but excluding confidential employees, registered nurses, managerial employees, temporary and casual employees, and guards and supervisors as defined in the Act, and all other employees.","VOTING GROUP - UNIT B (NON-PROFESSIONAL UNIT):
All full time and regular part time administrative assistants, medical office coordinators, echo cardiographers, exercise physiologists, exercise physiologist special procedure technicians, health information technicians, medical assistants, medical assistant/receptionists, receptionists, nuclear medical technologists, property caretakers, and vascular technologists employed by the Employer at its McLaren Cardiovascular Group facility located at 2134 Hampton Place, Okemos, Michigan; but excluding confidential employees, registered nurses, managerial employees, temporary and casual employees, and guards and supervisors as defined in the Act, and all other employees.","VOTING GROUP - UNIT B (NON-PROFESSIONAL UNIT):
All full time and regular part time administrative assistants, medical office coordinators, echo cardiographers, exercise physiologists, exercise physiologist special procedure technicians, health information technicians, medical assistants, medical assistant/receptionists, receptionists, nuclear medical technologists, property caretakers, and vascular technologists employed by the Employer at its McLaren Cardiovascular Group facility located at 2134 Hampton Place, Okemos, Michigan; but excluding confidential employees, registered nurses, managerial employees, temporary and casual employees, and guards and supervisors as defined in the Act, and all other employees.",107,2016-04-01,2016-01-01,"<5",TRUE,"RD","Yes","LOCAL 459, OFFICE & PROFESSIONAL EMPLOYEES INTERNATIONAL UNION (OPEIU), AFL-CIO",1,"OPEIU",0,"No",1
"07-RD-170367","Region 07, Detroit, Michigan","Ingham Regional Medical Center d/b/a McLaren Greater Lansing",2016-03-02,2016-06-27,"Lansing","MI","B",2016-06-17,15,NA,"LOCAL 459, OFFICE & PROFESSIONAL EMPLOYEES INTERNATIONAL UNION (OPEIU), AFL-CIO",2,NA,NA,NA,NA,10,12,NA,NA,NA,"LOCAL 459, OFFICE & PROFESSIONAL EMPLOYEES INTERNATIONAL UNION (OPEIU), AFL-CIO","Initial","Single Labor Organization","Certification of Results","Closed","Voting Group - UNIT A (PROFESSIONAL UNIT):
All full time and regular part-time Registered Nurses employed by the Employer at its McLaren Cardiovascular Group facility located at 2134 Hampton Place, Okemos, Michigan; but excluding all confidential employees, managerial employees, temporary and casual employees, and guards and supervisors as defined in the Act, and all other employees.","VOTING GROUP - UNIT B (NON-PROFESSIONAL UNIT):
All full time and regular part time administrative assistants, medical office coordinators, echo cardiographers, exercise physiologists, exercise physiologist special procedure technicians, health information technicians, medical assistants, medical assistant/receptionists, receptionists, nuclear medical technologists, property caretakers, and vascular technologists employed by the Employer at its McLaren Cardiovascular Group facility located at 2134 Hampton Place, Okemos, Michigan; but excluding confidential employees, registered nurses, managerial employees, temporary and casual employees, and guards and supervisors as defined in the Act, and all other employees.","VOTING GROUP - UNIT B (NON-PROFESSIONAL UNIT):
All full time and regular part time administrative assistants, medical office coordinators, echo cardiographers, exercise physiologists, exercise physiologist special procedure technicians, health information technicians, medical assistants, medical assistant/receptionists, receptionists, nuclear medical technologists, property caretakers, and vascular technologists employed by the Employer at its McLaren Cardiovascular Group facility located at 2134 Hampton Place, Okemos, Michigan; but excluding confidential employees, registered nurses, managerial employees, temporary and casual employees, and guards and supervisors as defined in the Act, and all other employees.","VOTING GROUP - UNIT B (NON-PROFESSIONAL UNIT):
All full time and regular part time administrative assistants, medical office coordinators, echo cardiographers, exercise physiologists, exercise physiologist special procedure technicians, health information technicians, medical assistants, medical assistant/receptionists, receptionists, nuclear medical technologists, property caretakers, and vascular technologists employed by the Employer at its McLaren Cardiovascular Group facility located at 2134 Hampton Place, Okemos, Michigan; but excluding confidential employees, registered nurses, managerial employees, temporary and casual employees, and guards and supervisors as defined in the Act, and all other employees.",107,2016-04-01,2016-01-01,"11-25",TRUE,"RD","Yes","LOCAL 459, OFFICE & PROFESSIONAL EMPLOYEES INTERNATIONAL UNION (OPEIU), AFL-CIO",1,"OPEIU",0.166666666666667,"No",3
"32-RC-168507","Region 32, Oakland, California","California Federation of Interpreters Local 39000, News Guild-Communications Workers of America",2016-01-27,2016-03-04,"Oakland","CA","A",2016-02-25,2,NA,"Office and Professional Employees International Union, Local 537, AFL-CIO",2,NA,NA,NA,NA,0,2,NA,NA,NA,"Office and Professional Employees International Union, Local 537, AFL-CIO","Initial","Single Labor Organization","Certific. of Representative","Closed","All full-time and regular part-time office clerical employees employed by the Employer at its offices located in Oakland and Santa Fe Springs, California; excluding confidential employees, guards, and supervisors as defined in the Act.",NA,NA,NA,29,2016-01-01,2016-01-01,"<5",TRUE,"RC","Yes","Office and Professional Employees International Union, Local 537, AFL-CIO",1,"OPEIU",1,"Yes",0
"20-RD-167802","Region 20, San Francisco, California","Operating Engineers Local 3 JATC",2016-01-20,2016-05-03,"Sloughhouse","CA","A",2016-04-21,5,NA,"OFFICE AND PROFESSIONAL EMPLOYEES INTERNATIONAL UNION, OPEIU LOCAL 29",2,NA,NA,NA,NA,3,5,NA,NA,NA,NA,"Initial","Single Labor Organization","Certification of Results","Closed","All regular, regular part-time, part-time and temporary General Office Assistants, Administrative Assistants, Administrative Assistants-Bookkeepers, Office Managers, and Executive Secretaries employed by the Employer at its facility located at 14738 Cantova Way, Sloughhouse, California; excluding all other employees, regularly elected officers and appointed officers, guards and supervisors as defined in the Act.",NA,NA,NA,92,2016-04-01,2016-01-01,"<5",TRUE,"RD","Yes","OFFICE AND PROFESSIONAL EMPLOYEES INTERNATIONAL UNION, OPEIU LOCAL 29",1,"OPEIU",0.4,"No",0
"07-RC-159544","Region 07, Detroit, Michigan","Touchpoint Support Services, A Division of Compass Group",2015-09-08,2015-09-24,"Detroit","MI","A",2015-09-16,171,NA,"Local 459, Office and Professional Employees International Union (OPEIU), AFL-CIO",58,NA,NA,NA,NA,72,130,NA,NA,NA,"Local 459, Office and Professional Employees International Union (OPEIU), AFL-CIO","Initial","Single Labor Organization","Certification of Results","Closed",NA,NA,NA,NA,8,2015-07-01,2015-07-01,"101-500",TRUE,"RC","Yes","Local 459, Office and Professional Employees International Union (OPEIU), AFL-CIO",1,"OPEIU",0.446153846153846,"No",41
"07-RC-158785","Region 07, Detroit, Michigan","TouchPoint Support Services, A Division of Compass Group",2015-08-26,2015-09-24,"Detroit","MI","A",2015-09-16,171,NA,"Local 459, Office and Professional Employees International Union (OPEIU), AFL-CIO",54,NA,NA,NA,NA,78,132,NA,NA,NA,"Local 459, Office and Professional Employees International Union (OPEIU), AFL-CIO","Initial","Single Labor Organization","Certification of Results","Closed",NA,NA,NA,NA,21,2015-07-01,2015-07-01,"101-500",TRUE,"RC","Yes","Local 459, Office and Professional Employees International Union (OPEIU), AFL-CIO",1,"OPEIU",0.409090909090909,"No",39
"14-RC-157634","Region 14, Saint Louis, Missouri","Office Remedies, Inc. d/b/a ORI",2015-08-10,2015-09-14,"Kansas City","MO","A",2015-08-31,116,NA,"OFFICE & PROFESSIONAL EMPLOYEES INTERNATIONAL UNION, AFL-CIO",38,NA,NA,NA,NA,74,112,NA,NA,NA,"OFFICE & PROFESSIONAL EMPLOYEES INTERNATIONAL UNION, AFL-CIO","Initial","Single Labor Organization","Certification of Results","Closed","All full-time and regular part-time Interviewers I and II employed by the Employer at its facility located at 2300 Main Street, Suite N90, Kansas City, Missouri, but EXCLUDING all office clerical employees, professional employees, guards and supervisors as defined in the Act.",NA,NA,NA,21,2015-07-01,2015-07-01,"101-500",TRUE,"RC","Yes","OFFICE & PROFESSIONAL EMPLOYEES INTERNATIONAL UNION, AFL-CIO",1,"OPEIU",0.339285714285714,"No",4
"18-RC-157172","Region 18, Minneapolis, Minnesota","ARAMARK CORPORATION",2015-08-03,2015-09-09,"Maplewood","MN","A",2015-09-02,5,NA,"OFFICE & PROFESSIONAL EMPLOYEES INTERNATIONAL UNION, LOCAL 12",3,NA,NA,NA,NA,2,5,NA,NA,NA,"OFFICE & PROFESSIONAL EMPLOYEES INTERNATIONAL UNION, LOCAL 12","Initial","Single Labor Organization","Certific. of Representative","Closed","All full-time and regular part-time employees Scanners and Preppers employed at the Employer's 3M operation in Maplewood, Minnesota; excluding all other employees, managerial employees, supervisors and guards as defined by the National Labor Relations Act.",NA,NA,NA,30,2015-07-01,2015-07-01,"<5",TRUE,"RC","Yes","OFFICE & PROFESSIONAL EMPLOYEES INTERNATIONAL UNION, LOCAL 12",1,"OPEIU",0.6,"Yes",0
"27-RD-155950","Region 27, Denver, Colorado","Utah Pipe Trades Educational Program",2015-07-14,2015-07-31,"Salt Lake City","UT","A",2015-07-31,2,NA,"OFFICE & PROFESSIONAL EMPLOYEES INTERNATIONAL UNION, LOCAL 11",0,NA,NA,NA,NA,2,2,NA,NA,NA,NA,"Initial","Single Labor Organization","Certification of Results","Closed",NA,NA,NA,NA,17,2015-07-01,2015-07-01,"<5",TRUE,"RD","Yes","OFFICE & PROFESSIONAL EMPLOYEES INTERNATIONAL UNION, LOCAL 11",1,"OPEIU",0,"No",0
"19-RC-154449","Region 19, Seattle, Washington","Compass Housing Alliance",2015-06-17,2015-07-22,"SEATTLE","WA","A",2015-07-14,89,NA,"Office and Professional Employees International Union Local 8",51,NA,NA,NA,NA,18,69,NA,5,NA,"Office and Professional Employees International Union Local 8","Initial","Single Labor Organization","Certific. of Representative","Closed","Included: All full-time and regular part-time employees employed by the Employer at its Seattle, Renton, and Shoreline, Washington facilities.
Excluded: Information technology employees, Human Resources employees, Finance employees, relief staff, temporary employees, confidential employees, managers, and guards and supervisors as defined by the Act.

 The parties have agreed that 1) building specialists; 2) lead building specialists; 3) volunteer specialists; 4) leasing specialists; and 5) kitchen managers may vote in the election but their ballots will be challenged since their eligibility has not been resolved. No decision has been made regarding whether the individuals in these classifications or groups are included in, or excluded from, the bargaining unit. The eligibility or inclusion of these individuals will be resolved, if necessary, following the election.",NA,NA,NA,27,2015-07-01,2015-04-01,"51-100",TRUE,"RC","Yes","Office and Professional Employees International Union Local 8",1,"OPEIU",0.739130434782609,"Yes",20
"06-RC-152861","Region 06, Pittsburgh, Pennsylvania","Pennsylvania Interscholastic Athletic Association, Inc.",2015-05-22,2017-07-11,"Mechanicsburg","PA","A",2015-09-15,116,NA,"Office and Professional Employees International Union",53,NA,NA,NA,NA,31,4,NA,11,NA,"Office and Professional Employees International Union","Initial","Single Labor Organization","Certific. of Representative","Closed","All registered sports officials employed by Pennsylvania Interscholastic Athletic Association (PIAA) in the georgraphic areas of PIAA District VII and District VIII who;
1.  officiaed",NA,NA,NA,116,2015-07-01,2015-04-01,"101-500",TRUE,"RC","Yes","Office and Professional Employees International Union",1,"OPEIU",0.630952380952381,"Yes",32
"20-RC-152357","Region 20, San Francisco, California","Public Health Foundation Enterprises d/b/a San Francisco Homeless Outreach Team",2015-05-15,2015-06-15,"San Francisco","CA","A",2015-06-04,52,1,"OFFICE AND PROFESSIONAL EMPLOYEES INTERNATIONAL UNION (OPEIU), LOCAL No. 3",26,NA,NA,NA,NA,20,46,NA,NA,NA,"An Individual","Initial","Single Labor Organization","Certific. of Representative","Closed","All full-time and regular part-time non-professional employees employed by the
Employer in the San Francisco Homeless Outreach Team (SFHOT) program
within the City and County of San Francisco, California; excluding Program
Coordinator, Psychiatric Social Worker, professional employees, confidential
employees', guards, and supervisors as defined by the Act.",NA,NA,NA,20,2015-04-01,2015-04-01,"51-100",TRUE,"RC","Yes","OFFICE AND PROFESSIONAL EMPLOYEES INTERNATIONAL UNION (OPEIU), LOCAL No. 3",1,"OPEIU",0.565217391304348,"Yes",6
"05-RC-150645","Region 05, Baltimore, Maryland","Kaiser Permanente Mid-Atlantic",2015-04-22,2015-05-14,"Rockville","MD","A",2015-05-06,20,NA,"OPEIU Local 2, AFL-CIO",18,NA,NA,NA,NA,1,19,NA,NA,NA,"OPEIU Local 2, AFL-CIO","Initial","Single Labor Organization","Certific. of Representative","Closed","All full-time and regular part-time Appeals & Correspondence Department employees employed by the Employer at its facilities located in Maryland, Washington DC, and Virginia; but excluding all other employees, on-call employees, managerial employees, professional employees, guards and supervisors as defined in the Act.",NA,NA,NA,14,2015-04-01,2015-04-01,"11-25",TRUE,"RC","Yes","OPEIU Local 2, AFL-CIO",1,"OPEIU",0.947368421052632,"Yes",1
"32-RC-147814","Region 32, Oakland, California","American Red Cross, Northern California Blood Services Region",2015-03-09,2015-04-24,"Oakland","CA","A",2015-04-16,4,NA,"OFFICE & PROFESSIONAL EMPLOYEES INTERNATIONAL UNION LOCAL 29, AFL-CIO",3,NA,NA,NA,NA,1,4,NA,NA,NA,"OFFICE & PROFESSIONAL EMPLOYEES INTERNATIONAL UNION LOCAL 29, AFL-CIO","Initial","Single Labor Organization","Certification of Results","Closed","All full-time and regular part-time Manufacturing Technologists IIs employed by the Employer at its facility located at 6230 Claremont Avenue, Oakland, California; excluding all other employees, office clerical employees, professional employees, confidential employees, guards, and supervisors as defined in the Act.",NA,NA,NA,38,2015-04-01,2015-01-01,"<5",TRUE,"RC","Yes","OFFICE & PROFESSIONAL EMPLOYEES INTERNATIONAL UNION LOCAL 29, AFL-CIO",1,"OPEIU",0.75,"No",0
"07-RC-145077","Region 07, Detroit, Michigan","Touch Point",2015-01-26,2015-03-13,"Warren","MI","A",2015-03-05,94,NA,"Local 459, Office and Professional Employees International Union (OPEIU), AFL-CIO",47,NA,NA,NA,NA,13,60,NA,2,NA,"Local 459, Office and Professional Employees International Union (OPEIU), AFL-CIO","Initial","Single Labor Organization","Certific. of Representative","Closed",NA,NA,NA,NA,38,2015-01-01,2015-01-01,"51-100",TRUE,"RC","Yes","Local 459, Office and Professional Employees International Union (OPEIU), AFL-CIO",1,"OPEIU",0.783333333333333,"Yes",34
"08-RC-142586","Region 08, Cleveland, Ohio","BFG Federal Credit Union",2014-12-09,2015-01-29,"Rocky River","OH","A",2015-01-20,30,NA,"Office and Professional Employees International Union, Local No. 1794",19,NA,NA,NA,NA,11,30,NA,NA,NA,"Office and Professional Employees International Union, Local No. 1794","Initial","Single Labor Organization","Certific. of Representative","Closed","All full-time and regular part-time financial and customer service employees employed at the Twinsburg, Hudson and Akron, Ohio BFG Federal Credit Union facilities, including tellers, loan and credit card officers, and office clerical employees, but excluding all managers and professional employees, head tellers, plastic card service manager, vice-presidents, assistant vice-president, systems administrator supervisor, management trainee, CPA/compliance officer, collection manager, confidential employees, guards, and supervisors as defined in the Act.",NA,NA,NA,42,2015-01-01,2014-10-01,"26-50",TRUE,"RC","Yes","Office and Professional Employees International Union, Local No. 1794",1,"OPEIU",0.633333333333333,"Yes",0
"07-RC-141844","Region 07, Detroit, Michigan","Ingham Regional Medical Center d/b/a McLaren Greater Lansing",2014-11-28,2015-01-22,"Lansing","MI","A",2015-01-14,1,NA,"Local 459, Office and Professional Employees International Union (OPEIU), AFL-CIO",1,NA,NA,NA,NA,0,1,NA,NA,NA,"Local 459, Office and Professional Employees International Union (OPEIU), AFL-CIO","Initial","Single Labor Organization","Certific. of Representative","Closed",NA,NA,NA,NA,47,2015-01-01,2014-10-01,"<5",TRUE,"RC","Yes","Local 459, Office and Professional Employees International Union (OPEIU), AFL-CIO",1,"OPEIU",1,"Yes",0
"07-RC-141834","Region 07, Detroit, Michigan","Ingham Regional Medical Center d/b/a McLaren Greater Lansing",2014-11-28,2015-01-22,"Okemos","MI","A",2015-01-14,2,NA,"Local 459, Office and Professional Employees International Union (OPEIU), AFL-CIO",2,NA,NA,NA,NA,0,2,NA,NA,NA,"Local 459, Office and Professional Employees International Union (OPEIU), AFL-CIO","Initial","Single Labor Organization","Certific. of Representative","Closed","All full time and regular part-time Registered Nurses employed by the Employer at its McLaren Cardiovascular Group facility located at 2134 Hampton Place, Okemos, Michigan; but excluding all confidential employees, managerial employees, temporary and casual employees, and guards and supervisors as defined in the Act, and all other employees.","All full time and regular part time administrative assistants, medical office coordinators, echo cardiographers, exercise physiologists, exercise physiologist special procedure technicians, health information technicians, medical assistants, medical assistant/receptionists, receptionists, nuclear medical technologists, property caretakers, and vascular technologists employed by the Employer at its McLaren Cardiovascular Group facility located at 2134 Hampton Place, Okemos, Michigan; but excluding confidential employees, registered nurses, managerial employees, temporary and casual employees, and guards and supervisors as defined in the Act, and all other employees.","All full time and regular part time administrative assistants, medical office coordinators, echo cardiographers, exercise physiologists, exercise physiologist special procedure technicians, health information technicians, medical assistants, medical assistant/receptionists, receptionists, nuclear medical technologists, property caretakers, and vascular technologists employed by the Employer at its McLaren Cardiovascular Group facility located at 2134 Hampton Place, Okemos, Michigan; but excluding confidential employees, registered nurses, managerial employees, temporary and casual employees, and guards and supervisors as defined in the Act, and all other employees.","All full time and regular part time administrative assistants, medical office coordinators, echo cardiographers, exercise physiologists, exercise physiologist special procedure technicians, health information technicians, medical assistants, medical assistant/receptionists, receptionists, nuclear medical technologists, property caretakers, and vascular technologists employed by the Employer at its McLaren Cardiovascular Group facility located at 2134 Hampton Place, Okemos, Michigan; but excluding confidential employees, registered nurses, managerial employees, temporary and casual employees, and guards and supervisors as defined in the Act, and all other employees.",47,2015-01-01,2014-10-01,"<5",TRUE,"RC","Yes","Local 459, Office and Professional Employees International Union (OPEIU), AFL-CIO",1,"OPEIU",1,"Yes",0
"07-RC-141844","Region 07, Detroit, Michigan","Ingham Regional Medical Center d/b/a McLaren Greater Lansing",2014-11-28,2015-01-22,"Lansing","MI","B",2015-01-14,6,NA,"Local 459, Office and Professional Employees International Union (OPEIU), AFL-CIO",6,NA,NA,NA,NA,0,6,NA,NA,NA,"Local 459, Office and Professional Employees International Union (OPEIU), AFL-CIO","Initial","Single Labor Organization","Certific. of Representative","Closed",NA,NA,NA,NA,47,2015-01-01,2014-10-01,"6-10",TRUE,"RC","Yes","Local 459, Office and Professional Employees International Union (OPEIU), AFL-CIO",1,"OPEIU",1,"Yes",0
"07-RC-141834","Region 07, Detroit, Michigan","Ingham Regional Medical Center d/b/a McLaren Greater Lansing",2014-11-28,2015-01-22,"Okemos","MI","B",2015-01-14,20,NA,"Local 459, Office and Professional Employees International Union (OPEIU), AFL-CIO",14,NA,NA,NA,NA,3,17,NA,NA,NA,"Local 459, Office and Professional Employees International Union (OPEIU), AFL-CIO","Initial","Single Labor Organization","Certific. of Representative","Closed","All full time and regular part-time Registered Nurses employed by the Employer at its McLaren Cardiovascular Group facility located at 2134 Hampton Place, Okemos, Michigan; but excluding all confidential employees, managerial employees, temporary and casual employees, and guards and supervisors as defined in the Act, and all other employees.","All full time and regular part time administrative assistants, medical office coordinators, echo cardiographers, exercise physiologists, exercise physiologist special procedure technicians, health information technicians, medical assistants, medical assistant/receptionists, receptionists, nuclear medical technologists, property caretakers, and vascular technologists employed by the Employer at its McLaren Cardiovascular Group facility located at 2134 Hampton Place, Okemos, Michigan; but excluding confidential employees, registered nurses, managerial employees, temporary and casual employees, and guards and supervisors as defined in the Act, and all other employees.","All full time and regular part time administrative assistants, medical office coordinators, echo cardiographers, exercise physiologists, exercise physiologist special procedure technicians, health information technicians, medical assistants, medical assistant/receptionists, receptionists, nuclear medical technologists, property caretakers, and vascular technologists employed by the Employer at its McLaren Cardiovascular Group facility located at 2134 Hampton Place, Okemos, Michigan; but excluding confidential employees, registered nurses, managerial employees, temporary and casual employees, and guards and supervisors as defined in the Act, and all other employees.","All full time and regular part time administrative assistants, medical office coordinators, echo cardiographers, exercise physiologists, exercise physiologist special procedure technicians, health information technicians, medical assistants, medical assistant/receptionists, receptionists, nuclear medical technologists, property caretakers, and vascular technologists employed by the Employer at its McLaren Cardiovascular Group facility located at 2134 Hampton Place, Okemos, Michigan; but excluding confidential employees, registered nurses, managerial employees, temporary and casual employees, and guards and supervisors as defined in the Act, and all other employees.",47,2015-01-01,2014-10-01,"11-25",TRUE,"RC","Yes","Local 459, Office and Professional Employees International Union (OPEIU), AFL-CIO",1,"OPEIU",0.823529411764706,"Yes",3
"20-RC-141828","Region 20, San Francisco, California","Oahu Care Facility",2014-11-28,2015-01-20,"Honolulu","HI","A",2015-01-08,13,NA,"Hawaii Nurses' Association, OPEIU Local 50",13,NA,NA,NA,NA,0,13,NA,NA,NA,"Kulana Malama","Initial","Single Labor Organization","Certific. of Representative","Closed","All full-time and part-time registerd nurses and licensed practical nurses working primarily in patient care, but excluding all other employees, MDS/RAI nurses, managers, guards, and supervisors.",NA,NA,NA,41,2015-01-01,2014-10-01,"11-25",TRUE,"RC","Yes","Hawaii Nurses' Association, OPEIU Local 50",1,"OPEIU",1,"Yes",0
"07-RC-141785","Region 07, Detroit, Michigan","Ingham Regional Medical Center d/b/a McLaren Greater Lansing-Holt",2014-11-26,2015-01-22,"Holt","MI","A",2015-01-14,3,NA,"Local 459, Office and Professional Employees International Union (OPEIU), AFL-CIO",3,NA,NA,NA,NA,0,3,NA,NA,NA,"Local 459, Office and Professional Employees International Union (OPEIU), AFL-CIO","Initial","Single Labor Organization","Certific. of Representative","Closed","All full time and regular part time medical assistants, medical assistant/receptionists, and receptionists employed by the Employer at its Holt Family Medicine facility located at 2450 Delhi Commerce, Suite 16, Holt, Michigan; but excluding confidential employees, managerial employees, temporary and casual employees, and guards and supervisors as defined in the Act, and all other employees.",NA,NA,NA,49,2015-01-01,2014-10-01,"<5",TRUE,"RC","Yes","Local 459, Office and Professional Employees International Union (OPEIU), AFL-CIO",1,"OPEIU",1,"Yes",0
"07-RC-140587","Region 07, Detroit, Michigan","Touchpoint Support Services, LLC",2014-11-10,2014-12-23,"Warren","MI","A",2014-12-11,79,1,"Local 459, Office and Professional Employees International Union (OPEIU), AFL-CIO",57,NA,NA,NA,NA,10,67,NA,NA,NA,"Local 459, Office and Professional Employees International Union (OPEIU), AFL-CIO","Initial","Single Labor Organization","Certific. of Representative","Closed",NA,NA,NA,NA,31,2014-10-01,2014-10-01,"51-100",TRUE,"RC","Yes","Local 459, Office and Professional Employees International Union (OPEIU), AFL-CIO",1,"OPEIU",0.850746268656716,"Yes",12
"32-RC-137989","Region 32, Oakland, California","Laborer's International Union of North America, Local 169",2014-10-02,2015-02-17,"Reno","NV","A",2015-02-06,2,NA,"OFFICE & PROFESSIONAL EMPLOYEES INTERNATIONAL UNION LOCAL 29, AFL-CIO",1,NA,NA,NA,NA,1,2,NA,NA,NA,NA,"Initial","Single Labor Organization","Certification of Results","Closed","All full time and regular part time office clerical employees employed 
by the employer at its office located at 570 Reactor Way in Reno, Nevada, 
excluding union business representatives, Union officers, IT employees,
guards and supervisors as defined in the Act.",NA,NA,NA,127,2015-01-01,2014-10-01,"<5",TRUE,"RC","Yes","OFFICE & PROFESSIONAL EMPLOYEES INTERNATIONAL UNION LOCAL 29, AFL-CIO",1,"OPEIU",0.5,"No",0
"19-RC-135941","Region 19, Seattle, Washington","Plymouth Housing Group",2014-09-03,2014-10-15,"SEATTLE","WA","A",2014-10-07,76,NA,"Office and Professional Employees International Union Local 8",48,NA,NA,NA,NA,14,62,NA,2,NA,"Office and Professional Employees International Union Local 8","Initial","Single Labor Organization","Certific. of Representative","Closed","Included:  All full-time and regular part-time housing case managers, assistant managers, building coordinators, building assistants, senior building assistants, janitors, tenant support aids, maintenance leads, maintenance coordinators, maintenance techs I and maintenance techs II employed by the Employer at its Seattle Washington facilities.

Excluding:  All other employees, managers, confidential employees, and guards and supervisors as defined in the Act.",NA,NA,NA,34,2014-10-01,2014-07-01,"51-100",TRUE,"RC","Yes","Office and Professional Employees International Union Local 8",1,"OPEIU",0.774193548387097,"Yes",14
"10-RC-135404","Region 10, Atlanta, Georgia","Coca Cola Bottling Company United, Inc., d/b/a Chattanooga Coca-Cola Bottling Company",2014-08-26,2014-10-08,"CHATTANOOGA","TN","A",2014-09-30,15,NA,"Office and Professional Employees International Union, Local 179",7,NA,NA,NA,NA,4,11,NA,NA,NA,"Office and Professional Employees International Union, Local 179","Initial","Single Labor Organization","Certific. of Representative","Closed","All full-time and regular part-time warehouse checkers and hot fill lab technicians,
but excluding production and maintenance employees currently represented in
an existing bargaining unit represented by Office & Professional Employees
International Union, Local No. 179, watchmen, office clerical employees,
managerial employees, guards and supervisors as defined by the Act.",NA,NA,NA,35,2014-07-01,2014-07-01,"11-25",TRUE,"RC","Yes","Office and Professional Employees International Union, Local 179",1,"OPEIU",0.636363636363636,"Yes",4
"20-RC-134646","Region 20, San Francisco, California","Queens Medical Center",2014-08-13,2014-09-26,"Honolulu","HI","A",2014-09-17,20,NA,"Hawaii Nurses' Association, OPEIU Local 50",10,NA,NA,NA,NA,6,16,NA,1,NA,"Hawaii Nurses' Association, OPEIU Local 50","Initial","Single Labor Organization","Certific. of Representative","Closed","All full-time and part-time Inpatient Case Managers employed at Queen's Medical Center but excluding any and all managerial employees, security personnel and call-in registered nurses as described under the Act.",NA,NA,NA,35,2014-07-01,2014-07-01,"11-25",TRUE,"RC","Yes","Hawaii Nurses' Association, OPEIU Local 50",1,"OPEIU",0.625,"Yes",4
"14-RC-133288","Region 14, Saint Louis, Missouri","International Union of Painters and Allied Trades District Council 58",2014-07-23,2014-08-29,"Saint Louis","MO","A",2014-08-19,7,NA,"OFFICE & PROFESSIONAL EMPLOYEES INTERNATIONAL UNION, LOCAL 13, AFL-CIO",1,NA,NA,NA,NA,5,6,NA,NA,NA,"OFFICE & PROFESSIONAL EMPLOYEES INTERNATIONAL UNION, LOCAL 13, AFL-CIO","Initial","Single Labor Organization","Certification of Results","Closed","All Administrative Assistants employed by the Employer at its Collinsville, Illinois, and Chesterfield and St. Louis, Missouri facilities, EXCLUDING professional employees, guards, supervisors as defined in the Act, and all other employees.",NA,NA,NA,27,2014-07-01,2014-07-01,"6-10",TRUE,"RC","Yes","OFFICE & PROFESSIONAL EMPLOYEES INTERNATIONAL UNION, LOCAL 13, AFL-CIO",1,"OPEIU",0.166666666666667,"No",1
"18-RD-129594","Region 18, Minneapolis, Minnesota","International Brotherhood of Electrical Workers Local 159",2014-05-30,2014-07-21,"Madison","WI","A",2014-07-10,2,NA,"Office and Professional Employees International Union Local 39",0,NA,NA,NA,NA,2,0,NA,NA,NA,NA,"Initial","Single Labor Organization","Certification of Results","Closed","All full-time and regularly scheduled part-time office employees employed by the Employer at its Madison, Wisconsin facility; excluding guards, and supervisors as defined by the Act.",NA,NA,NA,41,2014-07-01,2014-04-01,"<5",TRUE,"RD","Yes","Office and Professional Employees International Union Local 39",1,"OPEIU",NA,"No",0
"19-RC-125646","Region 19, Seattle, Washington","Franke Tobey Jones",2014-04-01,2014-05-14,"TACOMA","WA","B",2014-05-06,55,NA,"OPEIU LOCAL 23",29,NA,NA,NA,NA,7,36,NA,NA,NA,"OPEIU LOCAL 23","Initial","Single Labor Organization","Certific. of Representative","Closed","VOTING GROUP — UNIT A (PROFESSIONAL UNIT)

Included: All full-time, regular part-time and on-call Registered Nurses employed by the
Employer at its Tacoma, Washington facility.
Excluded: All other employees, Licensed Practical Nurses, Certified Nursing Assistants,
Nursing Assistants Certified, office clerical employees, managerial employees, and
guards and supervisors as defined in the Act.

VOTING GROUP — UNIT B (NON-PROFESSIONAL UNIT)

Included: All full-time, regular part-time and on-call Licensed Practical Nurses, Certified
Nursing Assistants and Nursing Assistants Certified employed by the Employer at its
Tacoma, Washington facility.
Excluded: All other employees, Registered Nurses, office clerical employees,
managerial employees, and guards and supervisors as defined in the Act.",NA,NA,NA,35,2014-04-01,2014-04-01,"51-100",TRUE,"RC","Yes","OPEIU LOCAL 23",1,"OPEIU",0.805555555555556,"Yes",19
"31-RC-124944","Region 31, Los Angeles, California","JDD, Inc.",2014-03-21,2014-05-13,"Edwards AFB","CA","A",2014-05-02,29,NA,"Industrial, Technical & Professional Employees Union, OPEIU Local 4873, AFL-CIO",13,NA,NA,NA,NA,1,14,NA,NA,NA,"Industrial, Technical & Professional Employees Union, OPEIU Local 4873, AFL-CIO","Initial","Single Labor Organization","Certific. of Representative","Closed","Included: All full-time and regular part-time custodial employees and leads employed by the Employer at Edwards Air Force Base, California. 
Excluded: All other employees, office clerical employees, professional employees, guards and supervisors as defined in the Act, as amended.",NA,NA,NA,42,2014-04-01,2014-01-01,"26-50",TRUE,"RC","Yes","Industrial, Technical & Professional Employees Union, OPEIU Local 4873, AFL-CIO",1,"OPEIU",0.928571428571429,"Yes",15
"14-RC-120748","Region 14, Saint Louis, Missouri","J&M Management Services, Inc.",2014-01-16,2014-03-10,"Overland Park","KS","A",2014-02-26,53,NA,"Office and Professional Employees International Union",28,NA,NA,NA,NA,20,48,NA,NA,NA,"Office and Professional Employees International Union","Initial","Single Labor Organization","Certific. of Representative","Closed","All full-time and regular part-time General Clerks I, and General Clerks III, employed by J&M Management Services, Inc. at its facility located at 7720 West 119th Street, Overland Park, Kansas but EXCLUDING office clerical employees, confidential employees, managerial employees, guards and supervisors as defined in the Act, and all other employees.",NA,NA,NA,41,2014-01-01,2014-01-01,"51-100",TRUE,"RC","Yes","Office and Professional Employees International Union",1,"OPEIU",0.583333333333333,"Yes",5
"14-RC-120746","Region 14, Saint Louis, Missouri","Serco Management Services, Inc.",2014-01-16,2014-03-10,"Overland Park","KS","A",2014-02-26,627,NA,"Office and Professional Employees International Union",188,NA,NA,NA,NA,379,567,NA,NA,NA,"Office and Professional Employees International Union","Initial","Single Labor Organization","Certification of Results","Closed","All full-time and regular part-time General Clerks I, General Clerks II, and General Clerks III, Tutors, Computer Operators, Laborers and Truck Drivers employed by Serco Inc. at its facilities located at 850 NW Chipman Road, Lee’s Summit, Missouri, 7600 West 119th Street, Overland Park, Kansas and 7720 West 119th Street, Overland Park, Kansas but EXCLUDING office clerical employees, confidential employees, managerial employees, guards and supervisors as defined in the Act, and all other employees.",NA,NA,NA,41,2014-01-01,2014-01-01,"500>",TRUE,"RC","Yes","Office and Professional Employees International Union",1,"OPEIU",0.331569664902998,"No",60
"13-RC-115257","Region 13, Chicago, Illinois","Local No. 4 SEIU Health and Welfare Fund",2013-10-22,2013-12-03,"Chicago","IL","A",2013-11-20,32,NA,"OPEIU, Local 9",18,NA,NA,NA,NA,13,31,NA,NA,NA,"OPEIU, Local 9","Initial","Single Labor Organization","Certific. of Representative","Closed","All full-time and regular part-time employees employed by the Employer as claims adjusters, receptionists, financial assistants, financial project assistants, member service representatives, member service leads, pension clerks, pension assistants, in-person counselors, and pension specialists at the Employer's facility located at 2229 South Halsted Street Chicago, IL, but excluding the Associate Financial Manager, all other employees, office clerical employees, guards, and supervisors as defined in the Act.",NA,NA,NA,29,2013-10-01,2013-10-01,"26-50",TRUE,"RC","Yes","OPEIU, Local 9",1,"OPEIU",0.580645161290323,"Yes",1
"20-RC-114065","Region 20, San Francisco, California","Oahu Care Facility",2013-09-24,2013-12-03,"Honolulu","HI","A",2013-11-25,4,NA,"Hawai'i Nurses' Association, OPEIU Local 50",2,NA,NA,NA,NA,2,0,NA,NA,NA,"Hawai'i Nurses' Association, OPEIU Local 50","Initial","Single Labor Organization","Certification of Results","Closed","Any and all Full-Time and Part Time Activity Assistants, but excluding any and all supervisors, management, independent contractors and security appropriate for such exclusions under the Act.",NA,NA,NA,62,2013-10-01,2013-07-01,"<5",TRUE,"RC","Yes","Hawai'i Nurses' Association, OPEIU Local 50",1,"OPEIU",NA,"No",0
"14-RC-113856","Region 14, Saint Louis, Missouri","Dextera Corporation",2013-09-23,2013-11-25,"Lees Summit","MO","A",2013-11-14,36,NA,"Office and Professional Employees International Union",14,NA,NA,NA,NA,22,36,NA,NA,NA,"Office and Professional Employees International Union","Initial","Single Labor Organization","Certification of Results","Closed","All full-time and regular part-time General Clerk 1, General Clerk II, and General Clerk III employees and Production Control Clerk employees employed by Dextera Corporation at its facilities located at 850 NW Chipman Road, Lee’s Summit, Missouri, 7600 West 119th Street, Overland Park, Kansas and 7720 West 119th Street, Overland Park, Kansas but EXCLUDING office clerical employees, confidential employees, professional employees, managerial employees, guards and Supervisors as defined in the Act, and all other employees.",NA,NA,NA,52,2013-10-01,2013-07-01,"26-50",TRUE,"RC","Yes","Office and Professional Employees International Union",1,"OPEIU",0.388888888888889,"No",0
"14-RC-112509","Region 14, Saint Louis, Missouri","Base One Technologies Inc.",2013-09-04,2013-10-31,"Lees Summit","MO","A",2013-10-21,22,1,"Office and Professional Employees International Union",15,NA,NA,NA,NA,2,17,NA,NA,NA,"Office and Professional Employees International Union","Initial","Single Labor Organization","Certific. of Representative","Closed","All full-time and regular part-time General Clerk I, General Clerk II, and General Clerk III employees employed by the Employer at its facility located at 850 Northwest Chipman Road, Lee’s Summit, Missouri but EXCLUDING office clerical employees, professional employees, managerial employees, guards and supervisors as defined in the Act, and all other employees.",NA,NA,NA,47,2013-10-01,2013-07-01,"11-25",TRUE,"RC","Yes","Office and Professional Employees International Union",1,"OPEIU",0.882352941176471,"Yes",5
"12-RC-110941","Region 12, Tampa, Florida","FCi Federal, Inc.",2013-08-09,2013-09-16,"Miami","FL","A",2013-09-05,16,15,"Industrial, Technical & Professional Employees Union, OPEIU Local 4873, AFL-CIO",8,NA,NA,NA,NA,7,0,NA,NA,NA,"Industrial, Technical & Professional Employees Union, OPEIU Local 4873, AFL-CIO","Initial","Single Labor Organization","Certific. of Representative","Closed",NA,NA,NA,NA,27,2013-07-01,2013-07-01,"11-25",TRUE,"RC","Yes","Industrial, Technical & Professional Employees Union, OPEIU Local 4873, AFL-CIO",1,"OPEIU",NA,"Yes",1
"19-RC-109805","Region 19, Seattle, Washington","MASSAGE BAR, INC.",2013-07-24,2013-08-30,"SEATTLE","WA","A",2013-08-22,40,NA,"Office and Professional Employees International Union Local 8",25,NA,NA,NA,NA,8,34,NA,1,NA,"Office and Professional Employees International Union Local 8","Initial","Single Labor Organization","Certific. of Representative","Closed","All full-time and regular part-time, and on-call  Licensed Massage Practitioners (massage therapists) employed by the Employer and working at its facilities in SeaTac Airport and the Washington State Convention Center in Seattle, Washington.  
 All other employees, managers, confidential employees, and guards and supervisors as defined by the Act.",NA,NA,NA,29,2013-07-01,2013-07-01,"26-50",TRUE,"RC","Yes","Office and Professional Employees International Union Local 8",1,"OPEIU",0.757575757575758,"Yes",7
"14-RD-102983","Region 14, Saint Louis, Missouri","International Union of Operating Engineers Local 148",2013-04-16,2013-05-28,"Saint Louis","MO","A",2013-05-15,2,NA,"OFFICE & PROFESSIONAL EMPLOYEES INTERNATIONAL UNION, LOCAL 13, AFL-CIO",0,NA,NA,NA,NA,2,2,NA,NA,NA,NA,"Initial","Single Labor Organization","Certification of Results","Closed","All office clerical employees employed by the Employer at its Saint Louis, Missouri facility, but EXCLUDING Professional employees, guards and supervisors as defined in the Act.",NA,NA,NA,29,2013-04-01,2013-04-01,"<5",TRUE,"RD","Yes","OFFICE & PROFESSIONAL EMPLOYEES INTERNATIONAL UNION, LOCAL 13, AFL-CIO",1,"OPEIU",0,"No",0
"04-RD-102611","Region 04, Philadelphia, Pennsylvania","NATIONAL UNION OF HOSPITAL AND HEALTH CARE EMPLOYEES DISRICT 1199C, AFSCME, AFL-CIO",2013-04-11,2013-05-24,"PHILADELPHIA","PA","A",2013-05-15,19,NA,"OFFICE AND PROFESSIONAL EMPLOYEES UNION, LOCAL 1319",10,NA,NA,NA,NA,9,19,NA,NA,NA,"OFFICE AND PROFESSIONAL EMPLOYEES UNION, LOCAL 1319","Initial","Single Labor Organization","Certific. of Representative","Closed","INCLUDED:  All full-time and regular part-time union staff employees on District 1199C payroll, including administrative organizers, office clericals, dues clerk, maintenance, receptionist, and mail room/copy clerks, employed by the Employer at its 1319 Locust Street, Philadelphia, Pennsylvania facility.

EXCLUDED:  All other employees, elected officers, managers, bookeepers, guards and supervisors as defined in the Act.",NA,NA,NA,34,2013-04-01,2013-04-01,"11-25",TRUE,"RD","Yes","OFFICE AND PROFESSIONAL EMPLOYEES UNION, LOCAL 1319",1,"OPEIU",0.526315789473684,"Yes",0
"19-RC-101713","Region 19, Seattle, Washington","ARAMARK BUSINESS AND INDUSTRY, LLC.",2013-04-02,2013-05-20,"Fairchild Air Force Base","WA","A",2013-05-10,28,NA,"INDUSTRIAL TECHNICAL & PROFESSIONAL  EMPLOYEES UNION, OPEIU LOCAL 4873, AFL-CIO",10,NA,NA,NA,NA,18,28,NA,NA,NA,NA,"Initial","Single Labor Organization","Certification of Results","Closed","All full-time and regular part-time Cooks, Cooks II, Cashiers, Bartenders and Food Service Workers employed by the Employer at its Fairchild Air Force Base, Washington facilities; excluding all other employees, and guards and supervisors as defined by the National Labor Relations Act.",NA,NA,NA,38,2013-04-01,2013-04-01,"26-50",TRUE,"RC","Yes","INDUSTRIAL TECHNICAL & PROFESSIONAL  EMPLOYEES UNION, OPEIU LOCAL 4873, AFL-CIO",1,"OPEIU",0.357142857142857,"No",0
"28-RC-100893","Region 28, Phoenix, Arizona","Sun Cab, Inc. d/b/a Nellis Cab Company",2013-03-22,2013-04-30,"Las Vegas","NV","A",2013-04-20,386,2,"INDUSTRIAL, TECHNICAL & PROFESSIONAL EMPLOYEES UNION, OPEIU LOCAL 4873, AFL-CIO",125,NA,NA,NA,NA,227,352,NA,1,NA,"INDUSTRIAL, TECHNICAL & PROFESSIONAL EMPLOYEES UNION, OPEIU LOCAL 4873, AFL-CIO","Initial","Single Labor Organization","Certification of Results","Closed",NA,NA,NA,NA,29,2013-04-01,2013-01-01,"101-500",TRUE,"RC","Yes","INDUSTRIAL, TECHNICAL & PROFESSIONAL EMPLOYEES UNION, OPEIU LOCAL 4873, AFL-CIO",1,"OPEIU",0.355113636363636,"No",34
"20-RC-099717","Region 20, San Francisco, California","Queens Medical Center",2013-03-06,2013-04-25,"Honolulu","HI","A",2013-04-17,37,NA,"Hawai'i Nurses' Association, OPEIU Local 50",31,NA,NA,NA,NA,3,34,NA,NA,NA,"Hawai'i Nurses' Association, OPEIU Local 50","Initial","Single Labor Organization","Certific. of Representative","Closed","All full-time, part-time and part-time quarterly transporters employed at Queens Medical Center at 1301 Punchbowl Street, Honolulu, Hawaii, excluding Any and all managerial, supervisory and security personal as described under the Act, and all casual employees.",NA,NA,NA,42,2013-04-01,2013-01-01,"26-50",TRUE,"RC","Yes","Hawai'i Nurses' Association, OPEIU Local 50",1,"OPEIU",0.911764705882353,"Yes",3
"20-RC-097944","Region 20, San Francisco, California","Massage Bar Inc.",2013-02-08,2013-03-26,"Sacramento","CA","A",2013-03-16,12,1,"Office And Professional Employees International Union Local 29 AFL-CIO",7,NA,NA,NA,NA,1,8,NA,1,NA,"Office And Professional Employees International Union Local 29 AFL-CIO","Initial","Single Labor Organization","Certific. of Representative","Closed","All full-time and regular part-time Massage Therapists employed at the
Employer's Sacramento International Airport location, in Sacramento,
California; excluding all confidential employees, guards, administrative
employees, accounting personnel, and supervisors as defined by the Act.",NA,NA,NA,36,2013-01-01,2013-01-01,"11-25",TRUE,"RC","Yes","Office And Professional Employees International Union Local 29 AFL-CIO",1,"OPEIU",0.875,"Yes",4
"07-RC-095445","Region 07, Detroit, Michigan","McLaren Greater Lansing",2012-12-26,2013-02-15,"Lansing","MI","A",2013-02-06,5,NA,"Local 459, Office and Professional Employees International Union (OPEIU), AFL-CIO",4,NA,NA,NA,NA,0,4,NA,NA,NA,"Local 459, Office and Professional Employees International Union (OPEIU), AFL-CIO","Initial","Single Labor Organization","Certific. of Representative","Closed","All full time and regular part time receptionists, medical assistants, medical assistants/receptionists, radiology technologist employed by the Employer at its Lainsburg Family Medical practice located at 317 East Grand River Avenue but excluding; professional employees, confidential employees, managerial employees, temporary and casual employees, and guards and supervisors as defined in the Act and all other employees.",NA,NA,NA,42,2013-01-01,2012-10-01,"<5",TRUE,"RC","Yes","Local 459, Office and Professional Employees International Union (OPEIU), AFL-CIO",1,"OPEIU",1,"Yes",1
"34-RC-093633","Region 01, Boston, Massachusetts","Wesleyan University",2012-11-21,2012-12-27,"Middletown","CT","A",2012-12-19,2,NA,"OFFICE AND PROFESSIONAL EMPLOYEES INTERNATIONAL UNION, LOCAL 153",1,NA,NA,NA,NA,1,2,NA,NA,NA,NA,"Initial","Single Labor Organization","Certification of Results","Closed","All full-time and regular part-time athletic maintenance employees employed by the Employer at its Middletown, Connecticut campus; but excluding all other employees, office clerical employees, and professional employees, guards, and supervisors as defined in the Act.",NA,NA,NA,28,2012-10-01,2012-10-01,"<5",TRUE,"RC","Yes","OFFICE AND PROFESSIONAL EMPLOYEES INTERNATIONAL UNION, LOCAL 153",1,"OPEIU",0.5,"No",0
"04-RC-092120","Region 04, Philadelphia, Pennsylvania","MV TRANSPORTATION",2012-10-26,2012-12-11,"PHILADELPHIA","PA","A",2012-11-30,20,NA,"OFFICE AND PROFESSIONAL EMPLOYEES LOCAL 32",20,NA,NA,NA,NA,0,20,NA,NA,NA,"OFFICE AND PROFESSIONAL EMPLOYEES LOCAL 32","Initial","Single Labor Organization","Certific. of Representative","Closed","INCLUDED:  All full-time and regular part-time Road Supervisors, Operations Supervisors (Dispatchers), Drive Cam Specialists and Trainers employed by the Employer at its 2625 Wheatsheaf Lane, Philadelphia, Pennsylvania facility.

EXCLUDED:  All other employees, including managers, clericals, guards and supervisors as defined in the Act.",NA,NA,NA,35,2012-10-01,2012-10-01,"11-25",TRUE,"RC","Yes","OFFICE AND PROFESSIONAL EMPLOYEES LOCAL 32",1,"OPEIU",1,"Yes",0
"20-RC-086686","Region 20, San Francisco, California","QUEENS MEDICAL CENTER",2012-08-06,2012-09-21,"Honolulu","HI","A",2012-09-13,19,NA,"Hawai?i Nurses` Association - OPEIU Local 50",5,NA,NA,NA,NA,14,19,NA,NA,NA,"Hawai?i Nurses` Association - OPEIU Local 50","Initial","Single Labor Organization","Certification of Results","Closed","All F/T and P/T Inpatient Case Managers employed at Queens Medical Center, excluding any and all managerial employees, security personel, call in RN's as described under the Act.",NA,NA,NA,38,2012-07-01,2012-07-01,"11-25",TRUE,"RC","Yes","Hawai?i Nurses` Association - OPEIU Local 50",1,"OPEIU",0.263157894736842,"No",0
"32-RC-081827","Region 32, Oakland, California","Sutter East Bay Hospitals, Inc. d/b/a Alta Bates Summit Medical Center",2012-05-25,2012-07-16,"Berkeley","CA","A",2012-07-06,3,NA,"OFFICE &  PROFESSIONAL EMPLOYEES INTERNATIONAL UNION, LOCAL 29, AFL-CIO",0,NA,NA,NA,NA,2,2,NA,NA,NA,NA,"Initial","Single Labor Organization","Certification of Results","Closed","Included:  All full-time, regular part-time, and per diem/on-call  Pharmacy Technicians and Lead Pharmacy Technicians employed by the Employer at its Herrick campus located at 2001 Dwight Way, Berkeley, California.  

Excluded:  All other employees, employees already represented by another labor organization, managerial and administrative employees, professional employees, office clerical employees, buyers, guards, and supervisors as defined in the Act.","Included:  All full-time, regular part-time, and per diem/on-call  Pharmacy Technicians and Lead Pharmacy Technicians employed by the Employer at its Alta Bates campus located at 2450 Ashby Avenue, Berkeley, California.  

Excluded:  All other employees, employees already represented by another labor organization, managerial and administrative employees, professional employees, office clerical employees, buyers, guards, and supervisors as defined in the Act.",NA,NA,42,2012-07-01,2012-04-01,"<5",TRUE,"RC","Yes","OFFICE &  PROFESSIONAL EMPLOYEES INTERNATIONAL UNION, LOCAL 29, AFL-CIO",1,"OPEIU",0,"No",1
"32-RC-081827","Region 32, Oakland, California","Sutter East Bay Hospitals, Inc. d/b/a Alta Bates Summit Medical Center",2012-05-25,2012-07-16,"Berkeley","CA","B",2012-07-06,21,NA,"OFFICE &  PROFESSIONAL EMPLOYEES INTERNATIONAL UNION, LOCAL 29, AFL-CIO",6,NA,NA,NA,NA,10,16,NA,NA,NA,NA,"Initial","Single Labor Organization","Certification of Results","Closed","Included:  All full-time, regular part-time, and per diem/on-call  Pharmacy Technicians and Lead Pharmacy Technicians employed by the Employer at its Herrick campus located at 2001 Dwight Way, Berkeley, California.  

Excluded:  All other employees, employees already represented by another labor organization, managerial and administrative employees, professional employees, office clerical employees, buyers, guards, and supervisors as defined in the Act.","Included:  All full-time, regular part-time, and per diem/on-call  Pharmacy Technicians and Lead Pharmacy Technicians employed by the Employer at its Alta Bates campus located at 2450 Ashby Avenue, Berkeley, California.  

Excluded:  All other employees, employees already represented by another labor organization, managerial and administrative employees, professional employees, office clerical employees, buyers, guards, and supervisors as defined in the Act.",NA,NA,42,2012-07-01,2012-04-01,"11-25",TRUE,"RC","Yes","OFFICE &  PROFESSIONAL EMPLOYEES INTERNATIONAL UNION, LOCAL 29, AFL-CIO",1,"OPEIU",0.375,"No",5
"11-RC-075342","Region 10, Atlanta, Georgia","K & C BUILDING SERVICE",2012-02-27,2012-04-16,"GOLDSBORO","NC","A",2012-04-06,20,NA,"INDUSTRIAL, TECHNICAL & PROFESSIONAL EMPLOYEES UNION, AFL-CIO AFFILIATED WITH OPEIU AS LOCAL 4873",2,NA,NA,NA,NA,15,17,NA,1,NA,NA,"Initial","Single Labor Organization","Certification of Results","Closed","All full-time, regular part-time, and on-call custodial employees employed by the Employer at Seymour Johnson Air Force Base; excluding confidential employees, office clerical employees. and guards, professional employees and supervisors as defined in the Act.",NA,NA,NA,39,2012-04-01,2012-01-01,"11-25",TRUE,"RC","Yes","INDUSTRIAL, TECHNICAL & PROFESSIONAL EMPLOYEES UNION, AFL-CIO AFFILIATED WITH OPEIU AS LOCAL 4873",1,"OPEIU",0.117647058823529,"No",3
"05-RC-075192","Region 05, Baltimore, Maryland","MV TRANSPORTATION INC.",2012-02-24,2012-04-06,"Baltimore","MD","A",2012-03-30,8,NA,"Office & Professional Employees International Union, Local 2, AFL-CIO",7,NA,NA,NA,NA,1,8,NA,NA,NA,"Office & Professional Employees International Union, Local 2, AFL-CIO","Initial","Single Labor Organization","Certific. of Representative","Closed","All full-time and regular part-time road supervisors and trip edit clerks employed by the employer
at its location in Baltimore, Maryland; but excluding all other employees represented by a labor
organization, dispatch supervisors, schedulers, payroll clerks, professional employees, guards,
and supervisors as defined by the Act.",NA,NA,NA,35,2012-01-01,2012-01-01,"6-10",TRUE,"RC","Yes","Office & Professional Employees International Union, Local 2, AFL-CIO",1,"OPEIU",0.875,"Yes",0
"34-RC-074878","Region 01, Boston, Massachusetts","Aramark",2012-02-21,2012-04-06,"New Haven","CT","A",2012-03-28,8,NA,"Office and Professional Employees International Union, Local 153, AFL-CIO",5,NA,NA,NA,NA,3,8,NA,NA,NA,"Office and Professional Employees International Union, Local 153, AFL-CIO","Initial","Single Labor Organization","Certific. of Representative","Closed","All full-time and regular part-time food service employees, including dishwashers, grill cooks, wait staff, cashiers, deli workers, salad bar workers and frontline servers employed by the Employer at its Knights of Columbus, New Haven, Connecticut location; but excluding all other employees, executive chefs and sous chefs, and professional employees, guards and supervisors as defined in the Act.",NA,NA,NA,36,2012-01-01,2012-01-01,"6-10",TRUE,"RC","Yes","Office and Professional Employees International Union, Local 153, AFL-CIO",1,"OPEIU",0.625,"Yes",0
"07-RD-072942","Region 07, Detroit, Michigan","Ingham Regional Medical Center",2012-01-23,2012-02-23,"Lansing","MI","A",2012-02-15,466,NA,"LOCAL 459, OFFICE & PROFESSIONAL EMPLOYEE UNION INTERNATIONAL UNION (OPEIU), AFL-CIO, CLC",236,NA,NA,NA,NA,8,388,NA,NA,NA,"LOCAL 459, OFFICE & PROFESSIONAL EMPLOYEE UNION INTERNATIONAL UNION (OPEIU), AFL-CIO, CLC","Initial","Single Labor Organization","Certific. of Representative","Closed","All full-time and regular part-time Registered Nurses employed by Ingham Regional Medical Center at 2727 South Pennsylvania Avenue and at 401 West Greenlawn Avenue, Lansing, including the Pennsylvania Campus B.O.C., or any new buildings built on such real estate or contiguous to such real estate; 
but excluding all other locations, other related entities, and corporations and also excluding MCAPS, a/k/a On-calls, Per Diems, Vice-President of Nursing, Directors, Patient Care Managers, Administrative Supervisors, Case Managers, Clinical Nurse Specialists, Clinical Supervisors, Nurse Practitioners, Admissions Coordinator, Charge Nurses, Employee Health Nurses, Nurse Educators, Outpatient Clinic Nurses (except those in the  Breslin Cancer Center), Admitting Nurses, Utilization Review Coordinators  Home Care Coordinators, Certified Registered Nurse Anesthetists, Professional Recruiter, all Registered Nurses not responsible for Direct Patient Care, Supervisorye employees, Managerial employees, Confidential employees, Guards and all other employees.",NA,NA,NA,23,2012-01-01,2012-01-01,"101-500",TRUE,"RD","Yes","LOCAL 459, OFFICE & PROFESSIONAL EMPLOYEE UNION INTERNATIONAL UNION (OPEIU), AFL-CIO, CLC",1,"OPEIU",0.967213114754098,"Yes",222
"32-RC-072866","Region 32, Oakland, California","Sutter East Bay Hospitals, Inc. d/b/a Alta Bates Summit Medical Center",2012-01-20,2012-03-08,"Oakland","CA","A",2012-02-29,20,NA,"OFFICE & PROFESSIONAL EMPLOYEES INTERNATIONAL UNION, LOCAL 29 AFL-CIO-CLC",16,NA,NA,NA,NA,4,20,NA,NA,NA,"OFFICE & PROFESSIONAL EMPLOYEES INTERNATIONAL UNION, LOCAL 29 AFL-CIO-CLC","Initial","Single Labor Organization","Certific. of Representative","Closed","All full-time, regular part-time, and per diem/on-call Pharmacy Technicians and Lead Pharmacy Technicians employed by the Employer at the Summit Medical Campus located at 350 Hawthorne Avenue, Oakland, California; excluding all other employees, including employees already represented by another labor organization, all managerial and administrative employees, professional employees, office clerical employees, buyers, guards, and supervisors as defined in the Act.",NA,NA,NA,40,2012-01-01,2012-01-01,"11-25",TRUE,"RC","Yes","OFFICE & PROFESSIONAL EMPLOYEES INTERNATIONAL UNION, LOCAL 29 AFL-CIO-CLC",1,"OPEIU",0.8,"Yes",0
"05-RC-070011","Region 05, Baltimore, Maryland","Kaiser Permanente Mid-Atlantic",2011-12-02,2012-02-06,"Rockville","MD","A",2012-01-20,16,1,"OFFICE and PROFESSIONAL EMPLOYEES INTERNATIONAL UNION, LOCAL 2, AFL-CIO",9,NA,NA,NA,NA,0,9,NA,NA,NA,"OFFICE and PROFESSIONAL EMPLOYEES INTERNATIONAL UNION, LOCAL 2, AFL-CIO","Initial","Single Labor Organization","Certific. of Representative","Closed","All full-time and part-time Lead Member Assistance Resources Specialists; Member Assistance Resources Specialists; Admin. Assistants; Exec. Admin. Assistants; and Admin. Secretaries employed by the Employer at its Maryland, Virginia, and Washington, DC facilities",NA,NA,NA,49,2012-01-01,2011-10-01,"11-25",TRUE,"RC","Yes","OFFICE and PROFESSIONAL EMPLOYEES INTERNATIONAL UNION, LOCAL 2, AFL-CIO",1,"OPEIU",1,"Yes",7
"05-RC-066704","Region 05, Baltimore, Maryland","First Transit, Inc.",2011-10-14,2011-11-10,"Washington","DC","A",2011-11-04,38,NA,"Local 2, Office and Professional Employees International Union, AFL-CIO",29,NA,NA,NA,NA,3,32,NA,NA,NA,"Local 2, Office and Professional Employees International Union, AFL-CIO","Initial","Single Labor Organization","Certific. of Representative","Closed","All full-time and regular part·time Road Supervisors, Dispatchers, Maintenance
Technicians, Administrative Payroll Clerks, Central Traffic Control Supervisors, and
Office Managers employed by the Employer at its Washinglon Metropolitan Area Transit
Authority worksite currently located In Washington, DC; but excluding all Bus Operators,
Senior Accountants. Safety and Training Supervisors, Safety Managers, Operations, Managers, Assistant General Managers, General Managers. on-call employees.
professional employees, guards and supervisors as defined in the Act.",NA,NA,NA,21,2011-10-01,2011-10-01,"26-50",TRUE,"RC","Yes","Local 2, Office and Professional Employees International Union, AFL-CIO",1,"OPEIU",0.90625,"Yes",6
"13-RD-063096","Region 13, Chicago, Illinois","Mangrove COBRAsource, Inc.",2011-08-22,2011-10-13,"Grayslake","IL","A",2011-09-30,21,NA,"LOCAL 35, OFFICE AND PROFESSIONAL EMPLOYEES INTERNATIONAL UNION",2,NA,NA,NA,NA,18,20,NA,NA,NA,NA,"Initial","Single Labor Organization","Certification of Results","Closed",NA,NA,NA,NA,39,2011-07-01,2011-07-01,"11-25",TRUE,"RD","Yes","LOCAL 35, OFFICE AND PROFESSIONAL EMPLOYEES INTERNATIONAL UNION",1,"OPEIU",0.1,"No",1
"05-RC-061489","Region 05, Baltimore, Maryland","MV Transportation Inc.",2011-07-21,2011-09-26,"Hyattsville","MD","A",2011-09-01,56,NA,"OFFICE & PROFESSIONAL EMPLOYEES INTERNATIONAL UNION, LOCAL 2",46,NA,NA,NA,NA,4,50,NA,NA,NA,"OFFICE & PROFESSIONAL EMPLOYEES, LOCAL 2","Initial","Single Labor Organization","Certific. of Representative","Closed",NA,NA,NA,NA,42,2011-07-01,2011-07-01,"51-100",TRUE,"RC","Yes","OFFICE & PROFESSIONAL EMPLOYEES INTERNATIONAL UNION, LOCAL 2",1,"OPEIU",0.92,"Yes",6
"04-RD-060556","Region 04, Philadelphia, Pennsylvania","Shamokin Area Community Hospital",2011-06-22,2011-08-05,"Coal Township","PA","A",2011-07-27,74,NA,"Office and Professional Employees International Union Local 112",8,NA,NA,NA,NA,33,41,NA,NA,NA,NA,"Initial","Single Labor Organization","Certification of Results","Closed","INCLUDED:  All full-time and regular part-time registered nurses (including Operating Room Nurses, Ambulatory Surgical Center Nurses, and Certified Registered Nurse Anesthetists (CRNAs)) and Medical Technologists employed by the Employer at its 4200 Hospital Road, Coa Township, PA facility.
EXCLUDED:  All other employees, temporary employees, guards and supervisors as defined in the Act.",NA,NA,NA,35,2011-07-01,2011-04-01,"51-100",TRUE,"RD","Yes","Office and Professional Employees International Union Local 112",1,"OPEIU",0.195121951219512,"No",33
"28-RC-060265","Region 28, Phoenix, Arizona","First Transit, Inc.",2011-06-13,2011-07-18,"Phoenix","AZ","A",2011-07-06,24,NA,"OFFICE AND PROFESSIONAL EMPLOYEES INTERNATIONAL UNION, LOCAL 30, AFL-CIO",13,NA,NA,NA,NA,7,21,NA,1,NA,"OFFICE AND PROFESSIONAL EMPLOYEES INTERNATIONAL UNION, LOCAL 30, AFL-CIO","Initial","Single Labor Organization","Certific. of Representative","Closed",NA,NA,NA,NA,23,2011-07-01,2011-04-01,"11-25",TRUE,"RC","Yes","OFFICE AND PROFESSIONAL EMPLOYEES INTERNATIONAL UNION, LOCAL 30, AFL-CIO",1,"OPEIU",0.65,"Yes",4
"07-RD-003698","Region 07, Detroit, Michigan","Local 324, International Union of Operating Engineers (IUOE), AFL-CIO",2011-06-01,2011-07-21,"Bloomfield Hills","MI","A",2011-07-13,9,NA,"LOCAL 42, OFFICE AND PROFESSIONAL EMPLOYEES INTERNATIONAL UNION (OPEIU), AFL-CIO",2,NA,NA,NA,NA,7,9,NA,NA,NA,NA,"Initial","Single Labor Organization","Certification of Results","Closed",NA,NA,NA,NA,42,2011-07-01,2011-04-01,"6-10",TRUE,"RD","Yes","LOCAL 42, OFFICE AND PROFESSIONAL EMPLOYEES INTERNATIONAL UNION (OPEIU), AFL-CIO",1,"OPEIU",0.222222222222222,"No",0
"05-RC-016668","Region 05, Baltimore, Maryland","Kaiser Permanente Mid-Atlantic",2011-05-19,2011-07-20,"Rockville","MD","A",2011-05-19,45,1,"OPEIU, Local 2",19,NA,NA,NA,NA,4,23,NA,1,NA,"OPEIU, Local 2","Initial","Single Labor Organization","Certific. of Representative","Closed","All
full-time and part-time Medical Coders (Certified Professional Coder 1, 2 & 3). Tumor Registrars, and
Revenue Integrity Coding Analysts in the HIMS Department, and all full-time and part-time Material
Coordinators at Kaiser Foundation Healthplan of the Mid-Atlantic States, Inc.'s Medical Centers located
in Maryland, Washington DC, and Virginia, but excluding all other employees, on-call employees,
professional employees, guards, and supervisors as defined in the Act.",NA,NA,NA,0,2011-04-01,2011-04-01,"26-50",TRUE,"RC","Yes","OPEIU, Local 2",1,"OPEIU",0.826086956521739,"Yes",22
"28-RC-006766","Region 28, Phoenix, Arizona","Lucky Cab Company",2011-03-30,2021-04-21,"Las Vegas","NV","A",2011-05-06,235,1,"INDUSTRIAL, TECHNICAL AND PROFESSIONAL EMPLOYEES UNION, OPEIU LOCAL 4873, AFL-CIO",93,NA,NA,NA,NA,105,198,"N",3,"N",NA,"Initial","Single Labor Organization","Withdrawal Non-adjusted","Closed","Included:  All full-time and regular part-time taxicab drivers employed by the Employer at its facility located at 4195 West Diablo Drive, Las Vegas, Nevada.

Excluded:  All other employees, including mechanics, dispatchers, limousine drivers, conf",NA,NA,NA,37,2011-04-01,2011-01-01,"101-500",TRUE,"RC","Yes","INDUSTRIAL, TECHNICAL AND PROFESSIONAL EMPLOYEES UNION, OPEIU LOCAL 4873, AFL-CIO",1,"OPEIU",0.46969696969697,"Other",37
"24-RC-008702","Region 12, Tampa, Florida","Avance de Puerto Rico",2011-03-14,2011-04-19,"Caguas","PR","A",2011-04-08,9,NA,"OFFICE AND PROFESSIONAL EMPLOYEES INTERNATIONAL UNION (OPEIU) AFL-CIO, CLC",5,NA,NA,NA,NA,1,6,"N",NA,"N","OFFICE AND PROFESSIONAL EMPLOYEES INTERNATIONAL UNION (OPEIU) AFL-CIO, CLC","Initial","Single Labor Organization","Certific. of Representative","Closed","Included:  All full time health services technicians employed by the Employer at its facilities located in Loiza, Canovanas, Rio Grande and Luquillo in Puerto Rico.

Excluded:  All other employees, supervisors, managers and guards as defined in the",NA,NA,NA,25,2011-04-01,2011-01-01,"6-10",TRUE,"RC","Yes","OFFICE AND PROFESSIONAL EMPLOYEES INTERNATIONAL UNION (OPEIU) AFL-CIO, CLC",1,"OPEIU",0.833333333333333,"Yes",3
"28-RC-006761","Region 28, Phoenix, Arizona","First Transit, Inc.",2011-02-09,2011-03-11,"Phoenix","AZ","A",2011-03-02,14,NA,"OFFICE AND PROFESSIONAL EMPLOYEES INTERNATIONAL UNION, LOCAL 30, AFL-CIO",13,NA,NA,NA,NA,1,14,"N",NA,"N","OFFICE AND PROFESSIONAL EMPLOYEES INTERNATIONAL UNION, LOCAL 30, AFL-CIO","Initial","Single Labor Organization","Certific. of Representative","Closed","Included:  All full-time and regular part-time operations supervisors and dispatchers employed by First Transit, Inc. (the Employer) at its facility located at 405 North 79th Avenue, Phoenix, Arizona.

Excluded:  All other employees, including offi",NA,NA,NA,21,2011-01-01,2011-01-01,"11-25",TRUE,"RC","Yes","OFFICE AND PROFESSIONAL EMPLOYEES INTERNATIONAL UNION, LOCAL 30, AFL-CIO",1,"OPEIU",0.928571428571429,"Yes",0
"28-RC-006750","Region 28, Phoenix, Arizona","Alternate Concepts Inc.",2010-12-07,2012-05-24,"Phoenix","AZ","A",2012-05-16,23,NA,"OFFICE AND PROFESSIONAL EMPLOYEES INTERNATIONAL UNION, LOCAL 30, AFL-CIO",18,NA,NA,NA,NA,2,20,NA,NA,NA,"OFFICE AND PROFESSIONAL EMPLOYEES INTERNATIONAL UNION, LOCAL 30, AFL-CIO","Initial","Single Labor Organization","Certific. of Representative","Closed","INCLUDED:  All full-time and regular part-time field supervisors and supervisor/instructors employed by the Employer at its Phoenix, Arizona facilities, but

EXCLUDED:  excluding all other employees, office clerical employees, guards, and superviso",NA,NA,NA,526,2012-04-01,2010-10-01,"11-25",TRUE,"RC","Yes","OFFICE AND PROFESSIONAL EMPLOYEES INTERNATIONAL UNION, LOCAL 30, AFL-CIO",1,"OPEIU",0.9,"Yes",3
"32-RC-005796","Region 32, Oakland, California","Allied Waste Systems of California, Inc., d/b/a Allied Waste Services of Contra Costa County",2010-10-08,2010-11-24,"Pacheco","CA","A",2010-11-16,22,NA,"OFFICE & PROFESSIONAL EMPLOYEES INTERNATIONAL UNION, LOCAL 29, AFL-CIO",7,NA,NA,NA,NA,12,19,"N",NA,"N",NA,"Initial","Single Labor Organization","Certification of Results","Closed","All full-time and regular part-time Customer Service Representatives l, ll and lll, including lead Customer Service Representatives, Dispatchers, and Operations Clerks employed by the Employer at its Pacheco, California facility; excluding all manage",NA,NA,NA,39,2010-10-01,2010-10-01,"11-25",TRUE,"RC","Yes","OFFICE & PROFESSIONAL EMPLOYEES INTERNATIONAL UNION, LOCAL 29, AFL-CIO",1,"OPEIU",0.368421052631579,"No",3
"13-RD-002657","Region 13, Chicago, Illinois","Villa Park Combo, Inc.",2010-10-04,2012-02-10,"Elgin","IL","A",2010-11-04,43,1,"OFFICE AND PROFESSIONAL EMPLOYEES INTERNATIONAL UNION, LOCAL 35",4,NA,NA,NA,NA,35,39,"N",NA,"N",NA,"Initial","Single Labor Organization","Certification of Results","Closed","All full-time and regular part-time bakers, friers, finishers, delivery drivers, and janitors employed by the Employer at its facility currently located at 812 E. Chicago St., Elgin, IL; but excluding all others employees, office clerical employees a",NA,NA,NA,31,2010-10-01,2010-10-01,"26-50",TRUE,"RD","Yes","OFFICE AND PROFESSIONAL EMPLOYEES INTERNATIONAL UNION, LOCAL 35",1,"OPEIU",0.102564102564103,"No",4
"28-RC-006734","Region 28, Phoenix, Arizona","Ace Cleaning Services, Inc., and Genesis Total Management, Inc.",2010-08-20,2010-09-24,"El Paso","TX","A",2010-09-14,69,NA,"INDUSTRIAL, TECHNICAL & PROFESSIONAL EMPLOYEES UNION, OPEIU LOCAL 4873, AFL-CIO",30,NA,NA,NA,NA,38,68,"N",NA,"N",NA,"Initial","Single Labor Organization","Certification of Results","Closed","INCLUDED:  All full-time and regular part-time custodians (including custodians designated as cleaning crew employees), custodian team leaders, and custodian area leaders employed by the Employer in the states of New Mexico and Texas.

EXCLUDED:  A",NA,NA,NA,25,2010-07-01,2010-07-01,"51-100",TRUE,"RC","Yes","INDUSTRIAL, TECHNICAL & PROFESSIONAL EMPLOYEES UNION, OPEIU LOCAL 4873, AFL-CIO",1,"OPEIU",0.441176470588235,"No",1
"14-RD-001941","Region 14, Saint Louis, Missouri","The International Brotherhood of Electrical Workers, Local No. 1439, AFL-CIO",2010-07-01,2010-08-11,"Saint Louis","MO","A",2010-08-02,2,NA,"LOCAL 13, OFFICE AND PROFESSIONAL EMPLOYEES INTERNATIONAL UNION, AFL-CIO",0,NA,NA,NA,NA,2,2,"N",NA,"N",NA,"Initial","Single Labor Organization","Certification of Results","Closed","INCLUDED:   All office and clerical employees employed by the Employer at its St. Louis, Missouri facility, EXCLUDING:  professional employees, guards and supervisors as defined in the Act.",NA,NA,NA,32,2010-07-01,2010-07-01,"<5",TRUE,"RD","Yes","LOCAL 13, OFFICE AND PROFESSIONAL EMPLOYEES INTERNATIONAL UNION, AFL-CIO",1,"OPEIU",0,"No",0
"14-RD-001941",NA,"The International Brotherhood of Electrical Workers, Local No. 1439, AFL-CIO",2010-07-01,2010-08-11,"St. Louis","MO","A",2010-08-02,2,0,"Local 13, Office and Professional Employees International Union, AFL-CIO",0,NA,NA,NA,NA,2,2,"N",0,"N",NA,"Initial","Single Labor Organization","Certification of Results","Closed",NA,NA,NA,NA,32,2010-07-01,2010-07-01,"<5",FALSE,"RD","Yes","Local 13, Office and Professional Employees International Union, AFL-CIO",1,"OPEIU",0,"No",0
"27-RC-008613","Region 27, Denver, Colorado","Union Taxi Cooperative",2010-06-14,2010-07-23,"Englewood","CO","A",2010-07-15,11,NA,"OFFICE & PROFESSIONAL EMPLOYEES INT'L UNION #5",8,NA,NA,NA,NA,1,9,"N",NA,"N","OFFICE & PROFESSIONAL EMPLOYEES INT'L UNION #5","Initial","Single Labor Organization","Certific. of Representative","Closed","Included:  All full-time and regular part-time dispatchers, call takers, and office clerical employees, employed by the Employer at its facility located in Englewood, CO
Excluded:  All taxi drivers, managers, guards and supervisors as defined in the",NA,NA,NA,31,2010-07-01,2010-04-01,"11-25",TRUE,"RC","Yes","OFFICE & PROFESSIONAL EMPLOYEES INT'L UNION #5",1,"OPEIU",0.888888888888889,"Yes",2
"17-RC-012662","Region 14, Saint Louis, Missouri","Atchison Hospital Association",2010-05-18,2010-07-06,"Atchison","KS","A",2010-06-23,50,NA,"OPEIU LOCAL 320",15,NA,NA,NA,NA,28,43,"N",1,"N",NA,"Initial","Single Labor Organization","Certification of Results","Closed","All full time and regular part time Registered Nurses, PRN nurses, graduate nurses, infection control/employee health, utilization review and education coordinators, employed by the Employer at the Atchison Hospital campus located at 800 Raven Hill D",NA,NA,NA,36,2010-04-01,2010-04-01,"26-50",TRUE,"RC","Yes","OPEIU LOCAL 320",1,"OPEIU",0.348837209302326,"No",7
"13-RC-021940","Region 13, Chicago, Illinois","Cobra Source, Inc. ",2010-05-05,2010-06-24,"Grayslake","IL","A",2010-06-11,38,NA,"LOCAL 35, OPEIU",26,NA,NA,NA,NA,12,38,"N",NA,"N","LOCAL 35, OPEIU","Initial","Single Labor Organization","Certific. of Representative","Closed","All full-time and regular part-time office, administrative and IT personnel employed by the Employer at its facility currently located at 15 Commerce Drive, Grayslake, Illinois; but excluding guards, professional employees and supervisors as defined",NA,NA,NA,37,2010-04-01,2010-04-01,"26-50",TRUE,"RC","Yes","LOCAL 35, OPEIU",1,"OPEIU",0.684210526315789,"Yes",0
"25-RD-001543","Region 25, Indianapolis, Indiana","IBEW Local 723",2010-05-03,2010-06-21,"Fort Wayne","IN","A",2010-06-11,2,NA,"OPEIU LOCAL 1",1,NA,NA,NA,NA,1,2,"N",NA,"N",NA,"Initial","Single Labor Organization","Certification of Results","Closed","All office employees employed by the Employer at its facility located in Fort Wayne, Indiana;

BUT EXCLUDING all business managers, guards and supervisors as defined in the Act.",NA,NA,NA,39,2010-04-01,2010-04-01,"<5",TRUE,"RD","Yes","OPEIU LOCAL 1",1,"OPEIU",0.5,"No",0
"07-RC-023347","Region 07, Detroit, Michigan","Lansing Area Aids Network",2010-04-29,2010-06-11,"Lansing","MI","A",2010-06-03,8,NA,"LOCAL 459, OFFICE AND PROFESSIONAL EMPLOYEES INTERNATIONAL UNION (OPEIU), AFL-CIO",4,NA,NA,NA,NA,4,8,"N",NA,"N",NA,"Initial","Single Labor Organization","Certification of Results","Closed",NA,NA,NA,NA,35,2010-04-01,2010-04-01,"6-10",TRUE,"RC","Yes","LOCAL 459, OFFICE AND PROFESSIONAL EMPLOYEES INTERNATIONAL UNION (OPEIU), AFL-CIO",1,"OPEIU",0.5,"No",0
"07-RM-001494","Region 07, Detroit, Michigan","Local 169 Boilers & Blacksmiths",2010-04-20,2010-05-28,"Allen Park","MI","A",2010-05-20,2,NA,"Local 42, Office and Professional Employees International Union (OPEIU), AFL-CIO",0,NA,NA,NA,NA,2,2,"N",NA,"N",NA,"Initial","Single Labor Organization","Certification of Results","Closed","All full-time and regular part-time clerical employees employed by the Employer at its facility located at 1755 Fairlane Drive, Allen Park, Michigan; but excluding guards and supervisors as defined in the Act.",NA,NA,NA,30,2010-04-01,2010-04-01,"<5",TRUE,"RM","Yes","Local 42, Office and Professional Employees International Union (OPEIU), AFL-CIO",1,"OPEIU",0,"No",0
"07-RM-001494",NA,"Local 169 Boilers & Blacksmiths",2010-04-20,2010-05-28,"Allen Park","MI","A",2010-05-20,2,0,"Local 42 OPEIU",0,NA,NA,NA,NA,2,2,"N",0,"N",NA,"Initial","Single Labor Organization","Certification of Results","Closed",NA,NA,NA,NA,30,2010-04-01,2010-04-01,"<5",FALSE,"RM","Yes","Local 42 OPEIU",1,"OPEIU",0,"No",0
"37-RC-004216","Region 20, San Francisco, California","Hospice of Hilo",2010-04-09,2010-05-12,"Hilo","HI","A",2010-05-04,9,NA,"HAWAII NURSES ASSOCIATION - OPEIU LOCAL 50, AFL-CIO",8,NA,NA,NA,NA,1,9,"N",NA,"N","HAWAII NURSES ASSOCIATION - OPEIU LOCAL 50, AFL-CIO","Initial","Single Labor Organization","Certific. of Representative","Closed","All regular full-time and regular part-time registered nurses, and call-in registered nurses who work an average of 240 hours per quarter in the previous 6-month period who are employeed by the Employer, whose place of business is 1011 Waianuenue Ave",NA,NA,NA,25,2010-04-01,2010-04-01,"6-10",TRUE,"RC","Yes","HAWAII NURSES ASSOCIATION - OPEIU LOCAL 50, AFL-CIO",1,"OPEIU",0.888888888888889,"Yes",0
"28-RC-006711","Region 28, Phoenix, Arizona","Veolia Transportation Service, Inc.",2010-03-25,2010-05-10,"Tempe","AZ","A",2010-04-29,28,NA,"OFFICE AND PROFESSIONAL EMPLOYEES INTERNATIONAL UNION, LOCAL 30, AFL-CIO",26,NA,NA,NA,NA,0,26,"N",NA,"N","OFFICE AND PROFESSIONAL EMPLOYEES INTERNATIONAL UNION, LOCAL 30, AFL-CIO","Initial","Single Labor Organization","Certific. of Representative","Closed","Included:  All full-time and regular part-time Transportation Operations Supervisors employed by the Employer at its 2050 West Rio Salado Parkway, Tempe, Arizona.

Excluded:  All other employees, guards and supervisors as defined by the Act.",NA,NA,NA,35,2010-04-01,2010-01-01,"26-50",TRUE,"RC","Yes","OFFICE AND PROFESSIONAL EMPLOYEES INTERNATIONAL UNION, LOCAL 30, AFL-CIO",1,"OPEIU",1,"Yes",2
"28-RC-006711",NA,"Veolia Transportation Service, Inc.",2010-03-25,2010-05-10,"Tempe","AZ","A",2010-04-29,28,0,"Office and Professional Employees International Union, Local 30, AFL-CIO",26,NA,NA,NA,NA,0,26,"N",0,"N","Office and Professional Employees International Union, Local 30, AFL-CIO","Initial","Single Labor Organization","Certific. of Representative","Closed",NA,NA,NA,NA,35,2010-04-01,2010-01-01,"26-50",FALSE,"RC","Yes","Office and Professional Employees International Union, Local 30, AFL-CIO",1,"OPEIU",1,"Yes",2
"32-RC-005747","Region 32, Oakland, California","SEIU United Healthcare Workers-West and Joint Employer Education Fund",2010-03-12,2010-05-07,"Oakland","CA","A",2010-04-29,33,3,"OFFICE & PROFESSIONAL EMPLOYEES INTERNATIONAL UNION, LOCAL 29, AFL-CIO",29,NA,NA,NA,NA,0,29,"N",NA,"N","OFFICE & PROFESSIONAL EMPLOYEES INTERNATIONAL UNION, LOCAL 29, AFL-CIO","Initial","Single Labor Organization","Certific. of Representative","Closed","All full-time and regular part-time Program Coordinators, Implementation Specialists, Skills Assessment Specialists, Program Assistants, and Receptionists employed by the Employer at or out of its facilities located in Oakland, California and through","All full-time and regular part-time Career Counselors and Lead Career Counselors, employed by the Employer at or out of its facilities located in Oakland, California and throughout the Western United States; excluding All managerial employees, all no","All full-time and regular part-time Career Counselors and Lead Career Counselors, employed by the Employer at or out of its facilities located in Oakland, California and throughout the Western United States; excluding All managerial employees, all no","All full-time and regular part-time Career Counselors and Lead Career Counselors, employed by the Employer at or out of its facilities located in Oakland, California and throughout the Western United States; excluding All managerial employees, all no",48,2010-04-01,2010-01-01,"26-50",TRUE,"RC","Yes","OFFICE & PROFESSIONAL EMPLOYEES INTERNATIONAL UNION, LOCAL 29, AFL-CIO",1,"OPEIU",1,"Yes",4
"32-RC-005747",NA,"SEIU United Healthcare Workers-West and Joint Employer Education Fund",2010-03-12,2010-05-07,"Oakland","CA","A",2010-04-29,33,3,"Office & Professional Employees International Union, Local 29, AFL-CIO",29,NA,NA,NA,NA,0,29,"N",0,"N","Office & Professional Employees International Union, Local 29, AFL-CIO","Initial","Single Labor Organization","Certific. of Representative","Closed",NA,NA,NA,NA,48,2010-04-01,2010-01-01,"26-50",FALSE,"RC","Yes","Office & Professional Employees International Union, Local 29, AFL-CIO",1,"OPEIU",1,"Yes",4
"19-RC-015283","Region 19, Seattle, Washington","Group Health Cooperative",2010-02-19,2010-09-29,"Seattle","WA","A",2010-09-22,77,NA,"OPEIU LOCAL 8 & OPEIU LOCAL 23",40,NA,NA,NA,NA,28,68,NA,2,NA,"OPEIU LOCAL 8 & OPEIU LOCAL 23","Rerun","Single Labor Organization","Certific. of Representative","Closed","Included:  All full-time and regular part-time employees employed within the following job classifications: Accounting Representative I, Accounting Representative II, Accounts Payable Representative II, Accounts Receivable Rep II, Accredited Records",NA,NA,NA,215,2010-07-01,2010-01-01,"51-100",TRUE,"RC","Yes","OPEIU LOCAL 8 & OPEIU LOCAL 23",1,"OPEIU",0.588235294117647,"Yes",9
"19-RC-015283","Region 19, Seattle, Washington","Group Health Cooperative",2010-02-19,2010-09-29,"Seattle","WA","A",2010-03-31,83,NA,"OPEIU LOCAL 8 & OPEIU LOCAL 23",35,NA,NA,NA,NA,39,74,"N",1,"N",NA,"Initial","Single Labor Organization","Certific. of Representative","Closed","Included:  All full-time and regular part-time employees employed within the following job classifications: Accounting Representative I, Accounting Representative II, Accounts Payable Representative II, Accounts Receivable Rep II, Accredited Records",NA,NA,NA,40,2010-01-01,2010-01-01,"51-100",FALSE,"RC","Yes","OPEIU LOCAL 8 & OPEIU LOCAL 23",1,"OPEIU",0.472972972972973,"Yes",9
"32-RC-005707","Region 32, Oakland, California","Celera Corporation",2010-01-13,2010-02-24,"Alameda","CA","A",2010-02-16,21,NA,"OFFICE & PROFESSIONAL EMPLOYEES INTERNATIONAL UNION, LOCAL 29, AFL-CIO",12,NA,NA,NA,NA,8,20,"N",NA,"N","OFFICE & PROFESSIONAL EMPLOYEES INTERNATIONAL UNION, LOCAL 29, AFL-CIO","Initial","Single Labor Organization","Certific. of Representative","Closed","All full-time and regular part-time Clinical Laboratory Scientists employed by the Employer at its Alameda, California facility; excluding all managerial and administrative employees, salespersons, office clerical employees, all other employees, guar",NA,NA,NA,34,2010-01-01,2010-01-01,"11-25",TRUE,"RC","Yes","OFFICE & PROFESSIONAL EMPLOYEES INTERNATIONAL UNION, LOCAL 29, AFL-CIO",1,"OPEIU",0.6,"Yes",1
"06-RD-001649","Region 06, Pittsburgh, Pennsylvania","Sun Home Health Services, Inc.",2009-12-24,2010-03-25,"Harrisburg","PA","A",2010-01-28,22,1,"OFFICE AND PROFESSIONAL EMPLOYEES INTERNATIONAL UNION, HEALTHCARE PA A/W OPEIU",4,NA,NA,NA,NA,10,14,"N",NA,"N",NA,"Initial","Single Labor Organization","Certification of Results","Closed","All full-time and regular part-time registered nurses and licensed practical nurses employed by the Employer at its main facility located in Northunmberland, Pennsylvania, as well as those full-time and regular part-time practical nurses employed in",NA,NA,NA,35,2010-01-01,2009-10-01,"11-25",TRUE,"RD","Yes","OFFICE AND PROFESSIONAL EMPLOYEES INTERNATIONAL UNION, HEALTHCARE PA A/W OPEIU",1,"OPEIU",0.285714285714286,"No",8
"07-RD-003655","Region 07, Detroit, Michigan","Local 876 United Food & Commercial Workers Union",2009-11-24,2010-01-29,"Madison Heights","MI","A",2010-01-21,5,NA,"LOCAL 42, OFFICE AND PROFESSIONAL EMPLOYEES INTERNATIONAL UNION, AFL-CIO",0,NA,NA,NA,NA,5,5,"N",NA,"N",NA,"Initial","Single Labor Organization","Certification of Results","Closed","All office and clerical employees; excluded, confidential secretaries, bookkeepers and guards and supervisors as defined in the Act.",NA,NA,NA,58,2010-01-01,2009-10-01,"<5",TRUE,"RD","Yes","LOCAL 42, OFFICE AND PROFESSIONAL EMPLOYEES INTERNATIONAL UNION, AFL-CIO",1,"OPEIU",0,"No",0
"07-RD-003655",NA,"Local 876 United Food & Commercial Workers Union",2009-11-24,2010-01-29,"Madison Heights","MI","A",2010-01-21,5,0,"Local 42, Office and Professional Employees International Union, AFL-CIO",0,NA,NA,NA,NA,5,5,"N",0,"N",NA,"Initial","Single Labor Organization","Certification of Results","Closed",NA,NA,NA,NA,58,2010-01-01,2009-10-01,"<5",FALSE,"RD","Yes","Local 42, Office and Professional Employees International Union, AFL-CIO",1,"OPEIU",0,"No",0
"30-RC-006765","Region 18, Minneapolis, Minnesota","Automated Health Systems, Inc.",2009-10-05,2009-11-20,"Madison","WI","A",2009-11-12,56,NA,"OPEIU LOCAL 39",10,NA,NA,NA,NA,44,54,"N",1,"N",NA,"Initial","Single Labor Organization","Certification of Results","Closed","All full-time and regular part-time help desk employees, customer service representatives and doucment processing agents employed by the Employer at tis Madison, Wisconsin location; excluding team leads, administrative assistants, clerical employees,",NA,NA,NA,38,2009-10-01,2009-10-01,"51-100",TRUE,"RC","Yes","OPEIU LOCAL 39",1,"OPEIU",0.185185185185185,"No",2
"32-RD-001583","Region 32, Oakland, California","Alta Bates Summit Medical Centers",2009-09-21,2009-11-10,"Alameda","CA","A",2009-11-02,18,NA,"OFFICE AND PROFESSIONAL EMPLOYEES INTERNATIONAL UNION LOCAL 29, AFL-CIO",9,NA,NA,NA,NA,8,17,"N",NA,"N","OFFICE AND PROFESSIONAL EMPLOYEES INTERNATIONAL UNION LOCAL 29, AFL-CIO","Initial","Single Labor Organization","Certific. of Representative","Closed","All full-time and regular part-time Laboratory Assistants employed by the Employer and physically located at 350 Hawthorne Street, Oakland, California, whose duties are under the control and supervision of the Pathologist who directs the activities o",NA,NA,NA,42,2009-10-01,2009-07-01,"11-25",TRUE,"RD","Yes","OFFICE AND PROFESSIONAL EMPLOYEES INTERNATIONAL UNION LOCAL 29, AFL-CIO",1,"OPEIU",0.529411764705882,"Yes",1
"24-RD-000525","Region 12, Tampa, Florida","Fondo Fomento Industria Lechera, Inc.",2009-08-13,2009-09-15,"San Juan","PR","A",2009-09-03,33,NA,"OFFICE AND PROFESSIONAL EMPLOYEES INTERNATIONAL UNION (OPEIU) AFL-CIO, CLC",23,NA,NA,NA,NA,7,30,"N",2,"N","OFFICE AND PROFESSIONAL EMPLOYEES INTERNATIONAL UNION (OPEIU) AFL-CIO, CLC","Initial","Single Labor Organization","Certific. of Representative","Closed","Included:

Included:  All regular full-time and part-time employees, including dairy quaility program inspectors, clerical employees that provide services to the public schools lunch program, laboratory analysts, secretaries and clerical employees,",NA,NA,NA,21,2009-07-01,2009-07-01,"26-50",TRUE,"RD","Yes","OFFICE AND PROFESSIONAL EMPLOYEES INTERNATIONAL UNION (OPEIU) AFL-CIO, CLC",1,"OPEIU",0.766666666666667,"Yes",3
"13-RC-021860","Region 13, Chicago, Illinois","Villa Park Combo Inc. Dunkin Donuts Bakery",2009-07-28,2009-09-21,"Elgin","IL","A",2009-09-09,40,NA,"OFFICE AND PROFESSIONAL EMPLOYEES INTERNATIONAL UNION LOCAL NO. 35",25,NA,NA,NA,NA,12,37,"N",NA,"N","OFFICE AND PROFESSIONAL EMPLOYEES INTERNATIONAL UNION LOCAL NO. 35","Initial","Single Labor Organization","Certific. of Representative","Closed","All full-time and regular part-time bakers, friers, finishers, delivery drivers, and janitors employed by the Employer at its facility currently located at 812 E. Chicago St., Elgin, IL; but excluding all others employees, office clerical employees a",NA,NA,NA,43,2009-07-01,2009-07-01,"26-50",TRUE,"RC","Yes","OFFICE AND PROFESSIONAL EMPLOYEES INTERNATIONAL UNION LOCAL NO. 35",1,"OPEIU",0.675675675675676,"Yes",3
"14-RD-001927","Region 14, Saint Louis, Missouri","American Eagle Credit Union",2009-07-20,2009-09-17,"Bridgeton","MO","A",2009-09-09,25,NA,"LOCAL 13, OFFICE & PROFESSIONAL EMPLOYEES INTERNATIONAL UNION, AFL-CIO",1,NA,NA,NA,NA,20,21,"N",NA,"N",NA,"Initial","Single Labor Organization","Certification of Results","Closed","All office employees employed by the Employer at its facilities located at 4650 Hampton Avenue, St. Louis, Missouri, 8995 Dunn Road, Hazelwood, Missouri, 2175 Barret Station Road, Des Peres, Missouri; and 2531 Highway K, O'Fallon, Missouri,  EXCLUDIN",NA,NA,NA,51,2009-07-01,2009-07-01,"11-25",TRUE,"RD","Yes","LOCAL 13, OFFICE & PROFESSIONAL EMPLOYEES INTERNATIONAL UNION, AFL-CIO",1,"OPEIU",0.0476190476190476,"No",4
"19-RC-015227","Region 19, Seattle, Washington","Safe Street Campaign",2009-07-17,2009-09-02,"Tacoma","WA","A",2009-08-25,14,NA,"OPEIU LOCAL 23",7,NA,NA,NA,NA,5,12,"N",NA,"N","OPEIU LOCAL 23","Initial","Single Labor Organization","Certific. of Representative","Closed","Including:  All full-time and regular part-time Mobilization Specialists, Coordinators, Gang Prevention Specialists, Administrative Assistants and Accounts Payable Assistants employed by the Employer in Pierce County, Washington.

Excluding:  All o",NA,NA,NA,39,2009-07-01,2009-07-01,"11-25",TRUE,"RC","Yes","OPEIU LOCAL 23",1,"OPEIU",0.583333333333333,"Yes",2
"19-RD-003839","Region 19, Seattle, Washington","Central Area Citizens' Committee d/b/a Central Area Motivation Program",2009-07-08,2009-08-21,"Seattle","WA","A",2009-08-13,21,NA,"OPEIU LOCAL 8",12,NA,NA,NA,NA,8,20,"N",NA,"N","OPEIU LOCAL 8","Initial","Single Labor Organization","Certific. of Representative","Closed","Included:  All regular full-time and regular part-time administrative, fiscal and proogram staff including those working in the following programs: Energy Assistance, Food Bank & Housing, Employment & Training, and the Learning Center, employed by th",NA,NA,NA,36,2009-07-01,2009-07-01,"11-25",TRUE,"RD","Yes","OPEIU LOCAL 8",1,"OPEIU",0.6,"Yes",1
"24-RC-008634","Region 12, Tampa, Florida","Programa Avance en Puerto Rico, Inc.",2009-03-31,2009-05-18,"Caguas","PR","A",2009-05-06,67,NA,"OFFICE AND PROFESSIONAL EMPLOYEES INTERNATIONAL UNION, AFL-CIO CLC",31,NA,NA,NA,NA,20,51,"N",8,"N","OFFICE AND PROFESSIONAL EMPLOYEES INTERNATIONAL UNION, AFL-CIO CLC","Initial","Single Labor Organization","Certific. of Representative","Closed","Unit A- Professional Unit

Included: All full-time and part time regular professional employees, including social workers, coordinator of activities with the parents, nurses, special needs coordinators and teachers employed by the Employer at its f","Unit B-Non-Professional Unit

Included:  All regular-full-time and part-time non-professional employees including those responsible of food services, assistant in food services, assistant teachers, office clerks, secretaries, other clerical employe",NA,NA,36,2009-04-01,2009-01-01,"51-100",TRUE,"RC","Yes","OFFICE AND PROFESSIONAL EMPLOYEES INTERNATIONAL UNION, AFL-CIO CLC",1,"OPEIU",0.607843137254902,"Yes",16
"24-RC-008634","Region 12, Tampa, Florida","Programa Avance en Puerto Rico, Inc.",2009-03-31,2009-05-18,"Caguas","PR","B",2009-05-06,94,NA,"OFFICE AND PROFESSIONAL EMPLOYEES INTERNATIONAL UNION, AFL-CIO CLC",45,NA,NA,NA,NA,33,78,"N",7,"N","OFFICE AND PROFESSIONAL EMPLOYEES INTERNATIONAL UNION, AFL-CIO CLC","Initial","Single Labor Organization","Certific. of Representative","Closed","Unit A- Professional Unit

Included: All full-time and part time regular professional employees, including social workers, coordinator of activities with the parents, nurses, special needs coordinators and teachers employed by the Employer at its f","Unit B-Non-Professional Unit

Included:  All regular-full-time and part-time non-professional employees including those responsible of food services, assistant in food services, assistant teachers, office clerks, secretaries, other clerical employe",NA,NA,36,2009-04-01,2009-01-01,"51-100",TRUE,"RC","Yes","OFFICE AND PROFESSIONAL EMPLOYEES INTERNATIONAL UNION, AFL-CIO CLC",1,"OPEIU",0.576923076923077,"Yes",16
"06-RC-012667","Region 06, Pittsburgh, Pennsylvania","Briarcliff Leasing Partnership LP, d/b/a Briarcliff Pavilion",2009-03-16,2009-05-11,"North Huntingdon","PA","A",2009-04-29,17,NA,"OPEIU HEALTHCARE PENNSYLVANIA, LOCAL 112 OPEIU, AFL-CIO, CLC",10,NA,NA,NA,NA,7,17,"N",NA,"N","OPEIU HEALTHCARE PENNSYLVANIA, LOCAL 112 OPEIU, AFL-CIO, CLC","Initial","Single Labor Organization","Certific. of Representative","Closed","All full-time and regular part-time registered nurses and licensed practical nurses employed by the Employer at its North Huntingdon, Pennsylvania, facility; excluding service and maintenance employees, including certified nursing assistants, activies aides, dietary aides, cooks, housekeeping aides, laundry aides, maintenance aides and unit clerks, office clerical employees, confidential employees, managerial employees, the director of nursing, the assistant director of nursing, registered nurse assessment coordinators (RNACs) and guards, other professional employees and other supervisors as defined in the Act, and all other employees.",NA,NA,NA,44,2009-04-01,2009-01-01,"11-25",TRUE,"RC","Yes","OPEIU HEALTHCARE PENNSYLVANIA, LOCAL 112 OPEIU, AFL-CIO, CLC",1,"OPEIU",0.588235294117647,"Yes",0
"28-RC-006651","Region 28, Phoenix, Arizona","Lucky Cab Company",2009-03-13,2009-05-04,"Las Vegas","NV","A",2009-04-24,245,2,"INDUSTRIAL, TECHNICAL AND PROFESSIONAL EMPLOYEES, (AFL-CIO) OPEIU LOCAL 4873",59,NA,NA,NA,NA,130,189,"N",4,"N",NA,"Initial","Single Labor Organization","Certification of Results","Closed","Included:  All full-time and regular part-time taxicab drivers employed by the Employer at its facility located at 4195 West Diablo Drive, Las Vegas, Nevada.

Excluded:  All other employees including mechanics, dispatchers, limousine drivers, professional employees, confidential and office clerical employees, guards, managers and supervisors as defined in the Act.",NA,NA,NA,42,2009-04-01,2009-01-01,"101-500",TRUE,"RC","Yes","INDUSTRIAL, TECHNICAL AND PROFESSIONAL EMPLOYEES, (AFL-CIO) OPEIU LOCAL 4873",1,"OPEIU",0.312169312169312,"No",56
"32-RC-005609","Region 32, Oakland, California","Alta Bates Summit Medical Center",2009-01-05,2009-02-05,"Oakland","CA","A",2009-01-28,4,NA,"OFFICE & PROFESSIONAL EMPLOYEES INTERNATIONAL UNION, LOCAL 29, AFL-CIO",4,NA,NA,NA,NA,0,4,"N",NA,"N","OFFICE & PROFESSIONAL EMPLOYEES INTERNATIONAL UNION, LOCAL 29, AFL-CIO","Initial","Single Labor Organization","Certific. of Representative","Closed","All full-time and regular part-time Clinical Laboratory Scientists regularly assigned to work in the Employer's Cryopreservation Laboratory currently located in Room 128 at the Employer's facility located at 2500 Milvia Avenue, Berkeley, California; excluding all managerial and confidential employees, all other employees, guards, and supervisors as defined in the Act.",NA,NA,NA,23,2009-01-01,2009-01-01,"<5",TRUE,"RC","Yes","OFFICE & PROFESSIONAL EMPLOYEES INTERNATIONAL UNION, LOCAL 29, AFL-CIO",1,"OPEIU",1,"Yes",0
"32-RC-005609",NA,"Alta Bates Summit Medical Center",2009-01-05,2009-02-05,"Berkeley","CA","A",2009-01-28,4,0,"Office & Professional Employees International Union, Local 29, AFL-CIO",4,NA,NA,NA,NA,0,4,"N",0,"N","Office & Professional Employees International Union, Local 29, AFL-CIO","Initial","Single Labor Organization","Certific. of Representative","Closed","All full-time and regular part-time Clinical Laboratory Scientists regularly assigned to work in the Employer's Cryopreservation Laboratory currently located in Room 128 at the Employer's facility located at 2500 Milvia Avenue, Berkeley, California; excluding all managerial and confidential employees, all other employees, guards, and supervisors as defined in the Act.",NA,NA,NA,23,2009-01-01,2009-01-01,"<5",FALSE,"RC","Yes","Office & Professional Employees International Union, Local 29, AFL-CIO",1,"OPEIU",1,"Yes",0
"24-RC-008623","Region 12, Tampa, Florida","Colegio de Profesionales de la Enfermeria de PR",2008-11-14,2008-12-31,"San Juan","PR","A",2008-12-17,10,NA,"OFFICE & PROFESSIONAL EMPLOYEES INTERNATION UNION, AFL-CIO, CLC",10,NA,NA,NA,NA,0,10,"N",NA,"N","OFFICE & PROFESSIONAL EMPLOYEES INTERNATION UNION, AFL-CIO, CLC","Initial","Single Labor Organization","Certific. of Representative","Closed","INCLUDED:  All clerical and office employees including, general services employees, clerks, receptionist, collectors, secretaries, and maintenance employee.

EXCLUDED:  All other employees, including the accountant, the administrator of the office systems assigned to the Board of Governors and to the Board President, the administrator of office systems to the Executive Director, and the informative systems technician ( system administrator), supervisors and guards as defind in the Act.",NA,NA,NA,33,2008-10-01,2008-10-01,"6-10",TRUE,"RC","Yes","OFFICE & PROFESSIONAL EMPLOYEES INTERNATION UNION, AFL-CIO, CLC",1,"OPEIU",1,"Yes",0
"24-RC-008623",NA,"Colegio de Profesionales de la Enfermeria de PR",2008-11-14,2008-12-31,"Hato Rey","PR","A",2008-12-17,10,0,"Office & Professional Employees Internation Union, AFL-CIO, CLC",10,NA,NA,NA,NA,0,10,"N",0,"N","Office & Professional Employees Internation Union, AFL-CIO, CLC","Initial","Single Labor Organization","Certific. of Representative","Closed","INCLUDED:  All clerical and office employees including, general services employees, clerks, receptionist, collectors, secretaries, and maintenance employee.

EXCLUDED:  All other employees, including the accountant, the administrator of the office systems assigned to the Board of Governors and to the Board President, the administrator of office systems to the Executive Director, and the informative systems technician ( system administrator), supervisors and guards as defind in the Act.",NA,NA,NA,33,2008-10-01,2008-10-01,"6-10",FALSE,"RC","Yes","Office & Professional Employees Internation Union, AFL-CIO, CLC",1,"OPEIU",1,"Yes",0
"06-RD-001629","Region 06, Pittsburgh, Pennsylvania","Harmon House Care Center, LLC",2008-10-16,2008-12-05,"Mount Pleasant","PA","A",2008-11-25,30,NA,"OPEIU HEALTHCARE PENNSYLVANIA LOCAL 112 AND ITS AFFILIATE OPEIU HEALTHCARE PENNSYLVANIA LOCAL 733",13,NA,NA,NA,NA,12,25,"N",NA,"N","OPEIU HEALTHCARE PENNSYLVANIA LOCAL 112 AND ITS AFFILIATE OPEIU HEALTHCARE PENNSYLVANIA LOCAL 733","Initial","Single Labor Organization","Certific. of Representative","Closed","All full-time and regular part-time licensed practical nurses and registered nurses employed by the Employer at its Mt. Pleasant, Pennsylvania facility, excluding nurse aides, physical therapy aides, physical therapy technicians, occupational therapy aides, activities aides, ward/central supply clerks, maintenance employees, office clerical employees, and guards, other professional employees and supervisors as defined in the Act, and all other employees.",NA,NA,NA,40,2008-10-01,2008-10-01,"26-50",TRUE,"RD","Yes","OPEIU HEALTHCARE PENNSYLVANIA LOCAL 112 AND ITS AFFILIATE OPEIU HEALTHCARE PENNSYLVANIA LOCAL 733",1,"OPEIU",0.52,"Yes",5
"05-RC-016251","Region 05, Baltimore, Maryland","Kaiser Permanente Mid-Atlantic",2008-08-11,2008-10-06,"Rockville","MD","A",2008-09-23,145,3,"OFFICE & PROFESSIONAL EMPLOYEES INTL UNION, LOCAL 2",49,NA,NA,NA,NA,11,60,"N",NA,"N","OFFICE & PROFESSIONAL EMPLOYEES INTL UNION, LOCAL 2","Initial","Single Labor Organization","Certific. of Representative","Closed","All full-time and regular part-time clinical pharmacitst, admixture pharmacists, ambulatory care pharmacists and staff pharmacists employed by the Employer at its facilities located in Maryland, Virginia and the District of Columbia; but excluding cl",NA,NA,NA,43,2008-07-01,2008-07-01,"101-500",TRUE,"RC","Yes","OFFICE & PROFESSIONAL EMPLOYEES INTL UNION, LOCAL 2",1,"OPEIU",0.816666666666667,"Yes",85
"07-RC-023193","Region 07, Detroit, Michigan","Teamsters Local 214",2008-05-16,2008-07-08,"Detroit","MI","A",2008-06-27,7,NA,"LOCAL 42, OFFICE AND PROFESSIONAL EMPLOYEES INT'L UNION",6,NA,NA,NA,NA,0,6,"N",NA,"N","LOCAL 42, OFFICE AND PROFESSIONAL EMPLOYEES INT'L UNION","Initial","Single Labor Organization","Certific. of Representative","Closed","All clerical employees employed by the Employer out of its offices located at 2825 Trumbull Avenue, Detroit, Michigan and 697 Hannah, Suite E, Traverse City, Michigan; but excluding confidential employees, managers, and guards and supervisors as defi",NA,NA,NA,42,2008-04-01,2008-04-01,"6-10",TRUE,"RC","Yes","LOCAL 42, OFFICE AND PROFESSIONAL EMPLOYEES INT'L UNION",1,"OPEIU",1,"Yes",1
"07-RC-023193",NA,"Teamsters Local 214",2008-05-16,2008-07-08,"Detroit","MI","A",2008-06-27,7,0,"Local 42, Office and Professional Employees Int'l Union",6,NA,NA,NA,NA,0,6,"N",0,"N","Local 42, Office and Professional Employees Int'l Union","Initial","Single Labor Organization","Certific. of Representative","Closed","All clerical employees employed by the Employer out of its offices located at 2825 Trumbull Avenue, Detroit, Michigan and 697 Hannah, Suite E, Traverse City, Michigan; but excluding confidential employees, managers, and guards and supervisors as defined in the Act.",NA,NA,NA,42,2008-04-01,2008-04-01,"6-10",FALSE,"RC","Yes","Local 42, Office and Professional Employees Int'l Union",1,"OPEIU",1,"Yes",1
"30-RD-001490","Region 18, Minneapolis, Minnesota","Seagrave Fire Apparatus, LLC",2008-01-31,2008-03-07,"Clintonville","WI","A",2008-02-28,19,NA,"OPEIU LOCAL 95",8,NA,NA,NA,NA,11,19,"N",NA,"N",NA,"Initial","Single Labor Organization","Certification of Results","Closed","All salaried office employees employed by the Employer at its facility located in Clintonville, Wisconsin; but excluding all executives, field representatives, office managers, department heads, professional and confidential employees, guards and sup",NA,NA,NA,28,2008-01-01,2008-01-01,"11-25",TRUE,"RD","Yes","OPEIU LOCAL 95",1,"OPEIU",0.421052631578947,"No",0
"32-RC-005540","Region 32, Oakland, California","Alta Bates Summit Medical Center",2007-11-13,2007-12-31,"Oakland","CA","A",2007-12-18,17,NA,"OFFICE & PROFESSIONAL EMPLOYEES INTERNATIONAL UNION, LOCAL 29, AFL-CIO",8,NA,NA,NA,NA,7,15,"N",NA,"N","OFFICE & PROFESSIONAL EMPLOYEES INTERNATIONAL UNION, LOCAL 29, AFL-CIO","Initial","Single Labor Organization","Certific. of Representative","Closed","All full-time and regular part-time laboratory assistants, including lead laboratory assistants, employed by the Employer at its  facility located at 350 Hawthorne Avenue, Oakland, California; excluding all managerial and administrative employees, pr",NA,NA,NA,35,2007-10-01,2007-10-01,"11-25",TRUE,"RC","Yes","OFFICE & PROFESSIONAL EMPLOYEES INTERNATIONAL UNION, LOCAL 29, AFL-CIO",1,"OPEIU",0.533333333333333,"Yes",2
"25-RD-001510","Region 25, Indianapolis, Indiana","WGE FEDERAL CREDIT UNION",2007-11-06,2008-07-28,"Muncie","IN","A",2008-07-17,47,NA,"OPEIU # 1",29,NA,NA,NA,NA,17,46,"N",1,"N","OPEIU # 1","Initial","Single Labor Organization","Certific. of Representative","Closed","All full-time and regular part-time non-supervisory employees;

BUT EXCLUDING all professional employees, all Leadership group employees (e.g. Marketing Director, Accounting Manager, Business Development Manager, Manager of Facilities and Informati",NA,NA,NA,254,2008-07-01,2007-10-01,"26-50",TRUE,"RD","Yes","OPEIU # 1",1,"OPEIU",0.630434782608696,"Yes",1
"34-RD-000342","Region 01, Boston, Massachusetts","VNA of South Central CT",2007-11-05,2007-12-20,"New Haven","CT","A",2007-12-07,34,NA,"OFFICE & PROFESSIONAL EMPLOYEES INTERNATIONAL UNION, LOCAL 153, AFL-CIO",17,NA,NA,NA,NA,16,33,"N",NA,"N","OFFICE & PROFESSIONAL EMPLOYEES INTERNATIONAL UNION, LOCAL 153, AFL-CIO","Initial","Single Labor Organization","Certific. of Representative","Closed","All full-time and regular part-time Licensed Practical Nurses and business staff employees including intake LPNs, accounting clerk, data entry clerk, referral clerk, physician orders medical records clerks, performance improvement clerks, Well Child",NA,NA,NA,32,2007-10-01,2007-10-01,"26-50",TRUE,"RD","Yes","OFFICE & PROFESSIONAL EMPLOYEES INTERNATIONAL UNION, LOCAL 153, AFL-CIO",1,"OPEIU",0.515151515151515,"Yes",1
"04-RC-021364","Region 04, Philadelphia, Pennsylvania","Aramark Facilities Services",2007-10-29,2008-04-22,"Cherry Hill","NJ","A",2007-12-06,95,NA,"OFFICE AND PROFESSIONAL EMPLOYEES INTERNATIONAL UNION, AFL-CIO LOCAL 153",46,NA,NA,NA,NA,42,88,"N",NA,"N","OFFICE AND PROFESSIONAL EMPLOYEES INTERNATIONAL UNION, AFL-CIO LOCAL 153","Initial","Single Labor Organization","Certific. of Representative","Closed","INCLUDED:  All full-time and regular part-time Custodians including Lead Custodians, Head Custodian and Floaters employed by the Employer at Cherry Hill Public Schools.
EXCLUDED:  All other employees including office clerical employees, guards and s",NA,NA,NA,38,2007-10-01,2007-10-01,"51-100",TRUE,"RC","Yes","OFFICE AND PROFESSIONAL EMPLOYEES INTERNATIONAL UNION, AFL-CIO LOCAL 153",1,"OPEIU",0.522727272727273,"Yes",7
"27-RD-001202","Region 27, Denver, Colorado","Teamsters, Local Union 961",2007-08-30,2007-09-26,"Denver","CO","A",2007-09-17,4,NA,"OPEIU, LOCAL 5",0,NA,NA,NA,NA,4,4,"N",NA,"N",NA,"Initial","Single Labor Organization","Certification of Results","Closed","Included:  All office clerical employees and technical employees employed at the Employer's offices currently located at 3245 Eliot St., Denver, CO and 1025 E. Burlington Ave., Ft. Morgan, CO.

Excluded:  All regularly elected Union officers of the",NA,NA,NA,18,2007-07-01,2007-07-01,"<5",TRUE,"RD","Yes","OPEIU, LOCAL 5",1,"OPEIU",0,"No",0
"27-RD-001202",NA,"Teamsters, Local Union 961",2007-08-30,2007-09-26,"Denver, Fort Morgan","CO","A",2007-09-17,4,0,"OPEIU, Local 5",0,NA,NA,NA,NA,4,4,"N",0,"N",NA,"Initial","Single Labor Organization","Certification of Results","Closed","Included:  All office clerical employees and technical employees employed at the Employer's offices currently located at 3245 Eliot St., Denver, CO and 1025 E. Burlington Ave., Ft. Morgan, CO.

Excluded:  All regularly elected Union officers of the employer, full-time Union appointed employees, confidential employees and supervisory employees as defined in the Act.",NA,NA,NA,18,2007-07-01,2007-07-01,"<5",FALSE,"RD","Yes","OPEIU, Local 5",1,"OPEIU",0,"No",0
"01-RC-022142","Region 01, Boston, Massachusetts","American Medical Response",2007-08-28,2007-10-17,"New Haven","CT","A",2007-10-04,4,NA,"OFFICE AND PROFESSIONAL EMPLOYEES INTERNATIONAL UNION, LOCAL 6, AFL-CIO",2,NA,NA,NA,NA,2,4,"N",NA,"N",NA,"Initial","Single Labor Organization","Certification of Results","Closed","All full-time and regular part-time mechanics employed by American Medical Response of Massachusetts, Inc., at its Springfield, Massachusetts location, but excluding all other employees, guards, and supervisors as defined in the Act.",NA,NA,NA,37,2007-10-01,2007-07-01,"<5",TRUE,"RC","Yes","OFFICE AND PROFESSIONAL EMPLOYEES INTERNATIONAL UNION, LOCAL 6, AFL-CIO",1,"OPEIU",0.5,"No",0
"31-RC-008657","Region 31, Los Angeles, California","HSI Productions",2007-08-16,2007-11-06,"Culver City","CA","A",2007-10-25,11,NA,"OFFICE AND PROFESSIONAL EMPLOYEES INTERNATIONAL UNION",2,NA,NA,NA,NA,1,3,"N",NA,"N","OFFICE AND PROFESSIONAL EMPLOYEES INTERNATIONAL UNION","Initial","Single Labor Organization","Certific. of Representative","Closed","INCLUDED:  All employees classified as, or employed by the Employer in the capacity of, Freelance Production Coordinator, Freelance Assistant Production Coordinator, Freelance Assistant Production Supervisor, and Freelance Production and/or Payroll A",NA,NA,NA,70,2007-10-01,2007-07-01,"11-25",TRUE,"RC","Yes","OFFICE AND PROFESSIONAL EMPLOYEES INTERNATIONAL UNION",1,"OPEIU",0.666666666666667,"Yes",8
"31-RC-008652","Region 31, Los Angeles, California","Park Pictures",2007-07-12,2008-01-29,"Santa Monica","CA","A",2007-09-20,2,NA,"OFFICE AND PROFESSIONAL EMPLOYEES INTERNATIONAL UNION",0,NA,NA,NA,NA,0,0,"N",2,"Y",NA,"Initial","Single Labor Organization","Dismissal Non-adjusted","Closed","INCLUDED:  All employees classified as Freelance Assistant Production Supervisors employed by the Employer out of its Santa Monica, California Location.

EXCLUDED:  Office clerical employees, professional employees, staff employees, all other emplo",NA,NA,NA,70,2007-07-01,2007-07-01,"<5",TRUE,"RC","Yes","OFFICE AND PROFESSIONAL EMPLOYEES INTERNATIONAL UNION",1,"OPEIU",NA,"Other",2
"31-RC-008652",NA,"Park Pictures",2007-07-12,2008-01-29,"Los Angeles","CA","A",2007-09-20,2,0,"Office and Professional Employees International Union",0,NA,NA,NA,NA,0,0,"N",2,"Y",NA,"Initial","Single Labor Organization","Dismissal","Closed","INCLUDED:  All employees classified as Freelance Assistant Production Supervisors employed by the Employer out of its Santa Monica, California Location.

EXCLUDED:  Office clerical employees, professional employees, staff employees, all other employees, guards and supervisors as defined in the Act.",NA,NA,NA,70,2007-07-01,2007-07-01,"<5",FALSE,"RC","Yes","Office and Professional Employees International Union",1,"OPEIU",NA,"Other",2
"31-RC-008651","Region 31, Los Angeles, California","NBC/Universal Television",2007-07-12,2007-09-05,"Universal City","CA","A",2007-08-23,4,NA,"OFFICE AND PROFESSIONAL EMPLOYEES INTERNATIONAL UNION",2,NA,NA,NA,NA,2,4,"N",NA,"N",NA,"Initial","Single Labor Organization","Certification of Results","Closed","Included:  Assistants working in post-production, script coordinator, and writer's assistnat working on the production Battlestar Gallactica for executive producer Ron Moore, employed by the Employer at its facility located at 100 Universal City Pl",NA,NA,NA,42,2007-07-01,2007-07-01,"<5",TRUE,"RC","Yes","OFFICE AND PROFESSIONAL EMPLOYEES INTERNATIONAL UNION",1,"OPEIU",0.5,"No",0
"02-RC-023207","Region 02, New York, New York","Joralemon Dental Services PC",2007-07-03,2007-08-17,"Brooklyn","NY","B",2007-08-09,27,NA,"LOCAL 153, OPEIU",20,NA,NA,NA,NA,0,20,"N",NA,"N","LOCAL 153, OPEIU","Initial","Single Labor Organization","Certific. of Representative","Closed","Unit A - (Professional Unit)

INCLUDED:     All full-time and regular part-time dentists at Joralemon Dental Services, Inc., located at 115 Chambers Street, New York, NY.

EXCLUDED:   All non-professional employees set forth in Unit B, below, and","Unit B-(Non-Professional Unit)

INCLUDED:  All full-time and aregular part-time hygienists employed by the Employer at 115 Chambers Street, New York, N:Y and 186 Joralemon Street, Brooklyn, NY.

EXCLUDED:  All professional employees as set forth",NA,NA,37,2007-07-01,2007-07-01,"26-50",TRUE,"RC","Yes","LOCAL 153, OPEIU",1,"OPEIU",1,"Yes",7
"02-RC-023207",NA,"Joralemon Dental Services PC",2007-07-03,2007-08-17,"Brooklyn and Manhattan","NY","B",2007-08-09,27,0,"Local 153, OPEIU",20,NA,NA,NA,NA,0,20,"N",0,"N","Local 153, OPEIU","Initial","Single Labor Organization","Certific. of Representative","Closed","Unit A - (Professional Unit)

INCLUDED:     All full-time and regular part-time dentists at Joralemon Dental Services, Inc., located at 115 Chambers Street, New York, NY.

EXCLUDED:   All non-professional employees set forth in Unit B, below, and clerical receptionists, podiatry aides, dental assistants, laboratory clerks, supply clerks, and confidential employees, and guards and supervisors as defined in the Act.","Unit B-(Non-Professional Unit)

INCLUDED:  All full-time and aregular part-time hygienists employed by the Employer at 115 Chambers Street, New York, N:Y and 186 Joralemon Street, Brooklyn, NY.

EXCLUDED:  All professional employees as set forth in Unit A, above, and clerical receptionists, podiatry aides, dental assistants, laboratory clerks, and confidential employees, and guards and su[ervosprs as defined in the Act.",NA,NA,37,2007-07-01,2007-07-01,"26-50",FALSE,"RC","Yes","Local 153, OPEIU",1,"OPEIU",1,"Yes",7
"31-RC-008647","Region 31, Los Angeles, California","The Directors Bureau",2007-06-27,2007-10-04,"Hollywood","CA","A",2007-09-11,3,NA,"OFFICE AND PROFESSIONAL EMPLOYEES INTERNATIONAL UNION",1,NA,NA,NA,NA,0,1,"N",1,"N",NA,"Initial","Single Labor Organization","Certific. of Representative","Closed","INCLUDED:  All employees classified as Freelance Assistant Production Supervisors employed by the Employer.

EXCLUDED:  Office clerical employees, professional employees, staff employees, all other employees, guards and supervisors as defined in th",NA,NA,NA,76,2007-07-01,2007-04-01,"<5",TRUE,"RC","Yes","OFFICE AND PROFESSIONAL EMPLOYEES INTERNATIONAL UNION",1,"OPEIU",1,"Yes",2
"31-RC-008647",NA,"The Directors Bureau",2007-06-27,2007-10-04,"Los Angeles","CA","A",2007-09-11,3,0,"Office and Professional Employees International Union",1,NA,NA,NA,NA,0,1,"N",1,"N",NA,"Initial","Single Labor Organization","Certific. of Representative","Closed","INCLUDED:  All employees classified as Freelance Assistant Production Supervisors employed by the Employer.

EXCLUDED:  Office clerical employees, professional employees, staff employees, all other employees, guards and supervisors as defined in the Act.",NA,NA,NA,76,2007-07-01,2007-04-01,"<5",FALSE,"RC","Yes","Office and Professional Employees International Union",1,"OPEIU",1,"Yes",2
"14-RC-012672","Region 14, Saint Louis, Missouri","St. Louis Teachers and School Related Employees, Local 420, affiliated with American Federation of T",2007-06-18,2007-07-25,"Saint Louis","MO","A",2007-07-17,3,NA,"OFFICE AND PROFESSIONAL EMPLOYEES INTERNATIONAL UNION, LOCAL 13, AFL-CIO",2,NA,NA,NA,NA,0,2,"N",NA,"N","OFFICE AND PROFESSIONAL EMPLOYEES INTERNATIONAL UNION, LOCAL 13, AFL-CIO","Initial","Single Labor Organization","Certific. of Representative","Closed","All full-time and regular part-time office clerical employees employed by the Employer at its St. Louis, Missouri facility, EXCLUDING field representatives, professional employees, guards, and supervisors as defined in the Act.",NA,NA,NA,29,2007-07-01,2007-04-01,"<5",TRUE,"RC","Yes","OFFICE AND PROFESSIONAL EMPLOYEES INTERNATIONAL UNION, LOCAL 13, AFL-CIO",1,"OPEIU",1,"Yes",1
"14-RC-012672",NA,"St. Louis Teachers and School Related Employees, Local 420, affiliated with American Federation of Teachers, AFL-CIO",2007-06-18,2007-07-25,"St. Louis","MO","A",2007-07-17,3,0,"Office and Professional Employees International Union, Local 13, AFL-CIO",2,NA,NA,NA,NA,0,2,"N",0,"N","Office and Professional Employees International Union, Local 13, AFL-CIO","Initial","Single Labor Organization","Certific. of Representative","Closed","All full-time and regular part-time office clerical employees employed by the Employer at its St. Louis, Missouri facility, EXCLUDING field representatives, professional employees, guards, and supervisors as defined in the Act.",NA,NA,NA,29,2007-07-01,2007-04-01,"<5",FALSE,"RC","Yes","Office and Professional Employees International Union, Local 13, AFL-CIO",1,"OPEIU",1,"Yes",1
"14-RC-012671","Region 14, Saint Louis, Missouri","St. Louis Teachers and School Related Employees, Local 420, affiliated with American Federation of T",2007-06-12,2007-07-25,"Saint Louis","MO","A",2007-07-17,2,NA,"OFFICE AND PROFESSIONAL EMPLOYEES INTERNATIONAL UNION, LOCAL 13, AFL-CIO",2,NA,NA,NA,NA,0,2,"N",NA,"N","OFFICE AND PROFESSIONAL EMPLOYEES INTERNATIONAL UNION, LOCAL 13, AFL-CIO","Initial","Single Labor Organization","Certific. of Representative","Closed","All full-time and regular part-time field representatives employed by the Employer at its St. Louis, Missouri facility, EXCLUDING office clerical and professional employees, guards, and supervisors as defined in the Act.",NA,NA,NA,35,2007-07-01,2007-04-01,"<5",TRUE,"RC","Yes","OFFICE AND PROFESSIONAL EMPLOYEES INTERNATIONAL UNION, LOCAL 13, AFL-CIO",1,"OPEIU",1,"Yes",0
"14-RC-012671",NA,"St. Louis Teachers and School Related Employees, Local 420, affiliated with American Federation of Teachers, AFL-CIO",2007-06-12,2007-07-25,"St. Louis","MO","A",2007-07-17,2,0,"Office and Professional Employees International Union, Local 13, AFL-CIO",2,NA,NA,NA,NA,0,2,"N",0,"N","Office and Professional Employees International Union, Local 13, AFL-CIO","Initial","Single Labor Organization","Certific. of Representative","Closed","All full-time and regular part-time field representatives employed by the Employer at its St. Louis, Missouri facility, EXCLUDING office clerical and professional employees, guards, and supervisors as defined in the Act.",NA,NA,NA,35,2007-07-01,2007-04-01,"<5",FALSE,"RC","Yes","Office and Professional Employees International Union, Local 13, AFL-CIO",1,"OPEIU",1,"Yes",0
"36-RC-006389","Region 19, Seattle, Washington","Community Tissue Services",2007-05-29,2007-08-01,"Portland","OR","A",2007-07-24,32,NA,"OPEIU, LOCAL 11",9,NA,NA,NA,NA,17,26,"N",NA,"N",NA,"Initial","Single Labor Organization","Certification of Results","Closed","All full and regular part-time and per diem procurement coordinators and all full and regular part-time and per diem procurement technicians employed by the Employer in Portland, Oregon, Medford, Oregon, and Boise, Idaho; excluding all quality contro",NA,NA,NA,56,2007-07-01,2007-04-01,"26-50",TRUE,"RC","Yes","OPEIU, LOCAL 11",1,"OPEIU",0.346153846153846,"No",6
"06-RD-001604","Region 06, Pittsburgh, Pennsylvania","UPMC Braddock",2007-04-23,2007-06-15,"Braddock","PA","A",2007-05-30,120,NA,"OPEIU HEALTHCARE PENNSYLVANIA, LOCAL 112 AND ITS REGISTERED NURSE AFFILIATE LOCAL #702 A/W OPEIU, AF",59,NA,NA,NA,NA,45,104,"N",1,"N","OPEIU HEALTHCARE PENNSYLVANIA, LOCAL 112 AND ITS REGISTERED NURSE AFFILIATE LOCAL #702 A/W OPEIU, AF","Initial","Single Labor Organization","Certific. of Representative","Closed","All full-time and regular part-time registered nurses employed by the Employer at its Braddock, Pennsylvania, facility; excluding all head nurses, nurse anesthetists, casual nurses, per diem nurses, agency nurses, first level supervisors, confidentia",NA,NA,NA,37,2007-04-01,2007-04-01,"101-500",TRUE,"RD","Yes","OPEIU HEALTHCARE PENNSYLVANIA, LOCAL 112 AND ITS REGISTERED NURSE AFFILIATE LOCAL #702 A/W OPEIU, AF",1,"OPEIU",0.567307692307692,"Yes",16
"05-RC-016093","Region 05, Baltimore, Maryland","Planned Parenthood Metropolitan Washington",2007-04-19,2007-07-17,"Washington","DC","A",2007-06-21,20,NA,"LOCAL 2 OFFICE & PROFESSIONAL EMPLOYEES INTERNATIONAL UNION, AFL-CIO",13,NA,NA,NA,NA,1,14,"N",2,"N","LOCAL 2 OFFICE & PROFESSIONAL EMPLOYEES INTERNATIONAL UNION, AFL-CIO","Initial","Single Labor Organization","Certific. of Representative","Closed","All full-time, regular part-time, and per diem professional employees, including clinicians, registered nurses, nurse practitioners, midwives, and pharmacists, employed by the Employer at its Metropolitan Washington D.C. facilities; but excluding all","All full-time, regular part-time, and per diem non-professional employees, including clinical assistants, medical assistants, and licensed practical nurses, employed by the Employer at its Metropolitan Wasington D.C. facilities; but excluding all pro",NA,NA,63,2007-04-01,2007-04-01,"11-25",TRUE,"RC","Yes","LOCAL 2 OFFICE & PROFESSIONAL EMPLOYEES INTERNATIONAL UNION, AFL-CIO",1,"OPEIU",0.928571428571429,"Yes",6
"05-RC-016093","Region 05, Baltimore, Maryland","Planned Parenthood Metropolitan Washington",2007-04-19,2007-07-17,"Washington","DC","B",2007-06-21,37,2,"LOCAL 2 OFFICE & PROFESSIONAL EMPLOYEES INTERNATIONAL UNION, AFL-CIO",20,NA,NA,NA,NA,2,22,"N",2,"N","LOCAL 2 OFFICE & PROFESSIONAL EMPLOYEES INTERNATIONAL UNION, AFL-CIO","Initial","Single Labor Organization","Certific. of Representative","Closed","All full-time, regular part-time, and per diem professional employees, including clinicians, registered nurses, nurse practitioners, midwives, and pharmacists, employed by the Employer at its Metropolitan Washington D.C. facilities; but excluding all","All full-time, regular part-time, and per diem non-professional employees, including clinical assistants, medical assistants, and licensed practical nurses, employed by the Employer at its Metropolitan Wasington D.C. facilities; but excluding all pro",NA,NA,63,2007-04-01,2007-04-01,"26-50",TRUE,"RC","Yes","LOCAL 2 OFFICE & PROFESSIONAL EMPLOYEES INTERNATIONAL UNION, AFL-CIO",1,"OPEIU",0.909090909090909,"Yes",15
"20-RC-018120","Region 20, San Francisco, California","Sutter Regional Medical Foundation",2007-02-01,2007-04-18,"Fairfield","CA","A",2007-04-04,272,1,"OFFICE & PROFESSIONAL EMPLOYEES INTERNATIONAL UNION, LOCAL 29, AFL-CIO",106,NA,NA,NA,NA,147,253,"N",14,"N",NA,"Initial","Single Labor Organization","Certification of Results","Closed","All full-time and regular part-time LVNs, Med Assts, Registration Reps, PT Aides, Radiology and Ultrasound Techs, Mtn Techs, Lab Assts, Buyers, Switchboard Operators and Clerical Employees employed by the Employer at its facilities located at 3505, 3",NA,NA,NA,62,2007-04-01,2007-01-01,"101-500",TRUE,"RC","Yes","OFFICE & PROFESSIONAL EMPLOYEES INTERNATIONAL UNION, LOCAL 29, AFL-CIO",1,"OPEIU",0.41897233201581,"No",19
"31-RC-008624","Region 31, Los Angeles, California","Community Clinic Association",2006-12-29,2007-02-13,"Los Angeles","CA","A",2007-02-02,8,NA,"OPEIU LOCAL 30",2,NA,NA,NA,NA,5,7,"N",1,"N",NA,"Initial","Single Labor Organization","Certification of Results","Closed","Included:  Community Development Facilitator; Administrative Services Coordinator; Policy associate; Policy Analyst I and II; Policy Information Officer; Administrative Assistants, Member Services; Project Assistant - Skid Row Homeless health Care In",NA,NA,NA,35,2007-01-01,2006-10-01,"6-10",TRUE,"RC","Yes","OPEIU LOCAL 30",1,"OPEIU",0.285714285714286,"No",1
"29-RC-011408","Region 29, Brooklyn, New York","Queens Long Island Medical Group",2006-12-18,2007-04-24,"Valley Stream","NY","A",2007-04-10,10,NA,"LOCAL 153 OFFICE & PROFESSIONAL EMPLOYEES INT'L UNION",7,NA,NA,NA,NA,3,10,"N",NA,"N","LOCAL 153 OFFICE & PROFESSIONAL EMPLOYEES INT'L UNION","Initial","Single Labor Organization","Certific. of Representative","Closed","Included:  All full-time and regular part-time Implementation Specialists employed by the Employer at its facilities located in Queens, Nassau and Suffolk Counties, New York.

Excluded:  Al other employees, guards and supervisors as defined in the",NA,NA,NA,113,2007-04-01,2006-10-01,"6-10",TRUE,"RC","Yes","LOCAL 153 OFFICE & PROFESSIONAL EMPLOYEES INT'L UNION",1,"OPEIU",0.7,"Yes",0
"05-RD-001408","Region 05, Baltimore, Maryland","ADT Security Services",2006-11-28,2007-06-18,"Gaithersburg","MD","A",2007-06-07,48,NA,"OFFICE AND PROFESSIONAL EMPLOYEES INTERNATIONAL UNION, LOCAL 2, AFL-CIO, CLC",26,NA,NA,NA,NA,17,43,"N",NA,"N","OFFICE AND PROFESSIONAL EMPLOYEES INTERNATIONAL UNION, LOCAL 2, AFL-CIO, CLC","Initial","Single Labor Organization","Certific. of Representative","Closed","All full-time and regular part-time installers, maintenance employees, administrative employees, and warehouse employees employed by the Employer at its Gaithersburg, Maryland service facility, but excluding all employees classified by the Employer a",NA,NA,NA,191,2007-04-01,2006-10-01,"26-50",TRUE,"RD","Yes","OFFICE AND PROFESSIONAL EMPLOYEES INTERNATIONAL UNION, LOCAL 2, AFL-CIO, CLC",1,"OPEIU",0.604651162790698,"Yes",5
"07-RC-023061","Region 07, Detroit, Michigan","National Council on Alcoholism/Lansing Regional Area",2006-11-27,2007-01-05,"Lansing","MI","B",2006-12-28,11,NA,"LOCAL 459 OPEIU",4,NA,NA,NA,NA,5,9,"N",NA,"N",NA,"Initial","Single Labor Organization","Certification of Results","Closed","All regular part time professional employees, including senior clinicians, outpatient counselors, intensive outpatient counselors, residential counselor, intake counselors and substance abuse counselors; EXCLUDED:  all other employees, full time empl","All regular part-time non-professionals employees, including residential specialists, case managers, reimbursement specialists, residential technicians, secretaries, billing clerks and clininical records clerks; EXCLUDED:  all other employees, full t",NA,NA,31,2006-10-01,2006-10-01,"11-25",TRUE,"RC","Yes","LOCAL 459 OPEIU",1,"OPEIU",0.444444444444444,"No",2
"07-RC-023061","Region 07, Detroit, Michigan","National Council on Alcoholism/Lansing Regional Area",2006-11-27,2007-01-05,"Lansing","MI","A",2006-11-28,3,NA,"LOCAL 459 OPEIU",1,NA,NA,NA,NA,1,2,"N",NA,"N",NA,"Initial","Single Labor Organization","Certification of Results","Closed","All regular part time professional employees, including senior clinicians, outpatient counselors, intensive outpatient counselors, residential counselor, intake counselors and substance abuse counselors; EXCLUDED:  all other employees, full time empl","All regular part-time non-professionals employees, including residential specialists, case managers, reimbursement specialists, residential technicians, secretaries, billing clerks and clininical records clerks; EXCLUDED:  all other employees, full t",NA,NA,1,2006-10-01,2006-10-01,"<5",TRUE,"RC","Yes","LOCAL 459 OPEIU",1,"OPEIU",0.5,"No",1
"01-RD-002086","Region 01, Boston, Massachusetts","Verso Paper Holdings, LLC",2006-11-17,2007-01-16,"Jay","ME","A",2007-01-04,25,NA,"OFFICE & PROFESSIONAL EMPLOYEES INTERNATIONAL UNION, LOCAL NO. 442, AFL-CIO",6,NA,NA,NA,NA,19,25,"N",NA,"N",NA,"Initial","Single Labor Organization","Certification of Results","Closed","Included:  All office and clerical employees including programmers, assistants to storekeeper supervisors, lead billing clerk, and purchasing associates employed at the Androscoggin Mill, but excluding: All other employees, receiving and issuing cler",NA,NA,NA,48,2007-01-01,2006-10-01,"11-25",TRUE,"RD","Yes","OFFICE & PROFESSIONAL EMPLOYEES INTERNATIONAL UNION, LOCAL NO. 442, AFL-CIO",1,"OPEIU",0.24,"No",0
"30-RD-001471",NA,"Menomonee Falls Prescription Center, Ltd. d/b/a Valucare Pharmacy",2006-10-11,2006-11-24,"Menomonee Falls","WI","A",2006-11-16,3,0,"OPEIU, Local 9, AFL-CIO",1,NA,NA,NA,NA,2,3,"N",0,"N",NA,"Initial","Single Labor Organization","Certification of Results","Closed","All full time and regular part time employees employed by the Employer at is N85 W15882 Appleton Avenue, Menomonee Falls, Wisconsin location, but excluding owners, professional employees, guards, and supervisors as defined in the National Labor Relations Act.",NA,NA,NA,36,2006-10-01,2006-10-01,"<5",TRUE,"RD","Yes","OPEIU, Local 9, AFL-CIO",1,"OPEIU",0.333333333333333,"No",0
"07-RC-023042",NA,"Gateway Community Services",2006-09-26,2006-11-15,"Lansing","MI","A",2006-11-06,7,0,"Local 459 OPEIU",7,NA,NA,NA,NA,0,7,"N",0,"N","Local 459 OPEIU","Initial","Single Labor Organization","Certific. of Representative","Closed","All full-time and regular part-time direct care workers employed by the Employer in and out of its facility located at 3240 Waverly, Lansing, Michigan; but excluding office clerical employees, administrative employees and guards and supervisors as defined in the Act, and all other employees.",NA,NA,NA,41,2006-10-01,2006-07-01,"6-10",TRUE,"RC","Yes","Local 459 OPEIU",1,"OPEIU",1,"Yes",0
"13-RC-021540",NA,"Wheaton Care Center",2006-09-07,2006-11-01,"Wheaton","IL","A",2006-10-19,5,0,"Office & Professional Employees Assn., Div. of Local #12 I.U.A.N. & P.W.",3,NA,NA,NA,NA,2,5,"N",0,"N","Office & Professional Employees Assn., Div. of Local #12 I.U.A.N. & P.W.","Initial","Single Labor Organization","Certific. of Representative","Closed","All full time and regular part time cooks and receptionists employed by the Em[ployer at its facility currently located at 1325 Manchester Road, Wheaton, Illinois; but excluding all other employees, guards, professional employees, and supervisors as defined in the National Labor Relations Act.

*If a majority of the valid votes counted are cast for the Office of Professional Employees Assn., Division of Local #12 I.U.A.N. & P.W., they will be taken to have indicated the employees desire to be included in the existing unit consisting of Nurses Aides, Certified Nurses Aide, Dietary employees, Houskeeping employees, and Laundry employees employed by the Employer and currently represented by the Office of Professional Employees Assn., Division of Local #12 I.U.A.N. & P.W.  If a majority of the valid ballots are not cast for Office of Professional Employees Assn., Division of Local #12 I.U.A.N. & P.W., they will be taken to have indicated the employees'' desire to remain unrepresented.",NA,NA,NA,42,2006-10-01,2006-07-01,"<5",TRUE,"RC","Yes","Office & Professional Employees Assn., Div. of Local #12 I.U.A.N. & P.W.",1,"OPEIU",0.6,"Yes",0
"18-RD-002587",NA,"Kemps LLC",2006-08-15,2006-09-28,"St. Paul","MN","A",2006-09-21,17,0,"Office and Professional Employees International Union Local 12",13,NA,NA,NA,NA,3,16,"N",0,"N","Office and Professional Employees International Union Local 12","Initial","Single Labor Organization","Certific. of Representative","Closed","All full-time and regular part-time office clerical employees employed by the Employer at its facility located at 1270 Energy Lane, St. Paul, MN, including accounts receivable, order entry & billing, and vacation relief; excluding pricing and administrative support employees, production and maintenance employees, managerial and professional employees, guards and supervisors as defined in the Act, and all other employees.",NA,NA,NA,37,2006-07-01,2006-07-01,"11-25",TRUE,"RD","Yes","Office and Professional Employees International Union Local 12",1,"OPEIU",0.8125,"Yes",1
"27-RC-008447",NA,"Teamsters, Local Union No. 961",2006-07-26,2006-08-28,"Denver","CO","A",2006-08-18,4,0,"Office and Professional Employees International Union, Local 5",4,NA,NA,NA,NA,0,0,"N",0,"N","Office and Professional Employees International Union, Local 5","Initial","Single Labor Organization","Certific. of Representative","Closed","Included:  All office clerical employees and technical employees employed at the Employer's offices currently located at 3245 Eliot Street, Denver, CO  & 1025 E. Burlington Ave., Ft. Morgan, CO.

Excluded:  All regularly elected Union officers of the employer, full-time Union appointed employees, confidential employees and supervisory employees as defined in the Act.",NA,NA,NA,23,2006-07-01,2006-07-01,"<5",TRUE,"RC","Yes","Office and Professional Employees International Union, Local 5",1,"OPEIU",NA,"Yes",0
"19-RC-014835",NA,"Pacific Aging Council Endeavors, Inc. (PACE In-Home Care)",2006-04-25,2006-08-31,"Seattle","WA","A",2006-06-14,63,1,"OPEIU Local 8",23,NA,NA,NA,NA,23,46,"N",1,"Y",NA,"Initial","Single Labor Organization","Certification of Results","Closed","Included:  All full-time and regular part-time home care providers employed by the Employer and working at or out of its IIwaco and Raymond, Washington facilities.

Excluded:  All other employees, all clerical employees, managers, confidential employees, professional employees, temporary employees, guard and supervisors as defined by the Act.",NA,NA,NA,50,2006-04-01,2006-04-01,"51-100",TRUE,"RC","Yes","OPEIU Local 8",1,"OPEIU",0.5,"No",17
"05-RC-015969",NA,"Kaiser Permanente Mid-Atlantic",2006-04-03,2006-06-12,"Baltimore","MD","A",2006-05-19,32,0,"Office and Professional Employees International Union, Local 2",28,NA,NA,NA,NA,2,30,"N",0,"N","Office and Professional Employees International Union, Local 2","Initial","Single Labor Organization","Certific. of Representative","Closed","All full-time and regular part-time Optometrists and lead Optometrists employed by the Employer at its facilities located in Maryland, the District of Columbia and Virginia but excluding all other employees, guards and supervisors as defined in the Act.",NA,NA,NA,46,2006-04-01,2006-04-01,"26-50",TRUE,"RC","Yes","Office and Professional Employees International Union, Local 2",1,"OPEIU",0.933333333333333,"Yes",2
"13-RD-002526",NA,"Chicago Federation of Musicians, Local 10-208",2006-03-01,2006-04-24,"Chicago","IL","A",2006-04-12,4,0,"Office and Professional Employees International Union, Local 9",2,NA,NA,NA,NA,2,4,"N",0,"N",NA,"Initial","Single Labor Organization","Certification of Results","Closed","all full-time clerical employees employed by the Employer at its facility currently located at 656 West Randolph street in Chicago, Ilinois; excluding all other staff employees, management employees, officers, executive board members, confidential employees and guards, professional employees and supervisors as defined in the Act.",NA,NA,NA,42,2006-04-01,2006-01-01,"<5",TRUE,"RD","Yes","Office and Professional Employees International Union, Local 9",1,"OPEIU",0.5,"No",0
"32-RC-005393",NA,"Alta Bates Summit Medical Center",2005-10-31,2006-11-14,"Berkeley, Oakland","CA","B",2005-12-07,16,0,"Office &  Professional Employees International Union, Local 29, AFL-CIO",6,NA,NA,NA,NA,8,14,"N",0,"N",NA,"Initial","Single Labor Organization","Certific. of Representative","Closed","All full-time and regular part-time laboratory assistants, including lead laboratory assistants, employed by the Employer at its  facility located at 2450 Ashby Avenue, Berkeley, California; excluding all managerial and administrative employees, professional employees, office clerical employees, all employees currently working in collective bargaining units represented by a labor organization, all other employees, guards, and supervisors as defined in the Act.","All full-time and regular part-time laboratory assistants, including lead laboratory  assistants, employed by the Employer at its  facility located at 350 Hawthorne Avenue, Oakland, California; excluding all managerial and administrative employees, professional employees, office clerical employees, all employees currently working in collective bargaining units represented by a labor organization, all other employees, guards, and supervisors as defined in the Act.",NA,NA,37,2005-10-01,2005-10-01,"11-25",TRUE,"RC","Yes","Office &  Professional Employees International Union, Local 29, AFL-CIO",1,"OPEIU",0.428571428571429,"Yes",2
"32-RC-005393",NA,"Alta Bates Summit Medical Center",2005-10-31,2006-11-14,"Berkeley, Oakland","CA","A",2005-12-07,30,0,"Office &  Professional Employees International Union, Local 29, AFL-CIO",14,NA,NA,NA,NA,12,26,"N",1,"N","Office &  Professional Employees International Union, Local 29, AFL-CIO","Initial","Single Labor Organization","Certific. of Representative","Closed","All full-time and regular part-time laboratory assistants, including lead laboratory assistants, employed by the Employer at its  facility located at 2450 Ashby Avenue, Berkeley, California; excluding all managerial and administrative employees, professional employees, office clerical employees, all employees currently working in collective bargaining units represented by a labor organization, all other employees, guards, and supervisors as defined in the Act.","All full-time and regular part-time laboratory assistants, including lead laboratory  assistants, employed by the Employer at its  facility located at 350 Hawthorne Avenue, Oakland, California; excluding all managerial and administrative employees, professional employees, office clerical employees, all employees currently working in collective bargaining units represented by a labor organization, all other employees, guards, and supervisors as defined in the Act.",NA,NA,37,2005-10-01,2005-10-01,"26-50",TRUE,"RC","Yes","Office &  Professional Employees International Union, Local 29, AFL-CIO",1,"OPEIU",0.538461538461538,"Yes",4
"04-RC-021081",NA,"Hazleton General Hospital (d/b/a Hi-Tech Home Care)",2005-09-28,2005-11-21,"Hazleton","PA","A",2005-11-10,10,0,"OPEIU Healthcare Pennsylvania Local 112, AFL-CIO",7,NA,NA,NA,NA,3,10,"N",0,"N","OPEIU Healthcare Pennsylvania Local 112, AFL-CIO","Initial","Single Labor Organization","Certific. of Representative","Closed","All full time and regular part time registered nurses in the Home Care Division employed by the Employer at its Hazleton, Pennsylvania facility.  Regular part time is defined as being regularly scheduled to work at least 32 hours per week.  EXCLUDED: All other health care employees, including casual registered nurses in the Home Care division, LPNs, aides, clerical employees, guards and supervisors as defined in the Act.",NA,NA,NA,43,2005-10-01,2005-07-01,"6-10",TRUE,"RC","Yes","OPEIU Healthcare Pennsylvania Local 112, AFL-CIO",1,"OPEIU",0.7,"Yes",0
"13-RC-021359",NA,"Brake & Wheel Parts, Inc.",2005-06-23,2005-09-09,"Chicago","IL","A",2005-08-02,3,0,"Office & Professional Employees Assn., Div. of Local No. 12, AFL-CIO",0,NA,NA,NA,NA,2,2,"N",0,"N",NA,"Initial","Single Labor Organization","Certification of Results","Closed","all regular full time and regular part time clerical employees employed by the Employer at its facility located at 2415  W.  21st Street, Chicago, IL; excluding all other employees, warehouse employees, managers, and guards and supervisors as defined in thr Act.",NA,NA,NA,40,2005-07-01,2005-04-01,"<5",TRUE,"RC","Yes","Office & Professional Employees Assn., Div. of Local No. 12, AFL-CIO",1,"OPEIU",0,"No",1
"16-RC-010663",NA,"Tecom, Inc.",2005-04-08,2005-05-31,"San Antonio","TX","A",2005-05-20,20,0,"Industrial, Technical and Professional Employees Union, Local 4873, OPEIU, AFL-CIO",14,NA,NA,NA,NA,1,15,"N",0,"N","Industrial, Technical and Professional Employees Union, Local 4873, OPEIU, AFL-CIO","Initial","Single Labor Organization","Certific. of Representative","Closed","INCLUDED:  All aircraft servicers, fuel distribution system operators, lab technicians, accountants, lead aircraft servicers, and dispatchers employed at the Employer's faciltiy located at Randolph Air Force Base, San Antonio, TX.

EXCLUDED:  All other employees, office clerical employees, quality control employees, guards, and supervisors as defined in the Act.",NA,NA,NA,42,2005-04-01,2005-04-01,"11-25",TRUE,"RC","Yes","Industrial, Technical and Professional Employees Union, Local 4873, OPEIU, AFL-CIO",1,"OPEIU",0.933333333333333,"Yes",5
"20-RD-002416",NA,"International Union of Operating Engineers, Local 3, AFL-CIO",2005-04-07,2005-09-15,"San Francisco","CA","A",2005-05-31,19,0,"Office and Professional Employees International Union, Local 3",6,NA,NA,NA,NA,11,17,"N",2,"N",NA,"Initial","Single Labor Organization","Certification of Results","Closed","All full-time and regular part-time and temporary File Clerks/Receptionists, Generarl Clerks, Office Secretaries, Experienced Office Secretaries, and Office Managers of the Employer's non-Joint Apprenticeship Committee offices (non-JAC offices) located in Stockton, Modesto, Fresno, Yuba City, Oakland, Redding, Sacramento, and San Jose, California; and in Carson City, Reno and Elko, Nevada; excluding all employees employed by the employer at its JAC offices, clerical employees guards, and supervisors as defined in the Act.",NA,NA,NA,54,2005-04-01,2005-04-01,"11-25",FALSE,"RD","Yes","Office and Professional Employees International Union, Local 3",1,"OPEIU",0.352941176470588,"No",2
"20-RC-018024",NA,"CAUSE - Statewide Law Enforcement Association",2005-03-14,2005-06-08,"Sacramento","CA","A",2005-05-10,4,0,"Office and Professional Employees International Union, Local 29",2,NA,NA,NA,NA,0,4,"N",0,"N",NA,"Initial","Single Labor Organization","Certific. of Representative","Closed","Group A:  All full-time and regular part-time professional employees, including legal representatives, employed by the Employer in its Sacramento and Westminster, California offices; excluding all lobbyists, confidential employees, non-professional employees (union representatives and support staff), guards, and supervisors as defined in the Act.

Group B:  All full-time and regular part-time non-professional employees, including union representatives and support staff, employed by the Employer in its Sacramento and Westiminster, Calfiornia offices; excluding all lobbyists, confidential employees, professional employees (legal representatives), guards, and supervisors as defined in the Act.",NA,NA,NA,57,2005-04-01,2005-01-01,"<5",TRUE,"RC","Yes","Office and Professional Employees International Union, Local 29",1,"OPEIU",1,"Yes",2
"20-RC-018024",NA,"CAUSE - Statewide Law Enforcement Association",2005-03-14,2005-06-08,"Sacramento","CA","C",2005-05-10,4,0,"Office and Professional Employees International Union, Local 29",2,NA,NA,NA,NA,2,4,"N",0,"N",NA,"Initial","Single Labor Organization","Certific. of Representative","Closed","Group A:  All full-time and regular part-time professional employees, including legal representatives, employed by the Employer in its Sacramento and Westminster, California offices; excluding all lobbyists, confidential employees, non-professional employees (union representatives and support staff), guards, and supervisors as defined in the Act.

Group B:  All full-time and regular part-time non-professional employees, including union representatives and support staff, employed by the Employer in its Sacramento and Westiminster, Calfiornia offices; excluding all lobbyists, confidential employees, professional employees (legal representatives), guards, and supervisors as defined in the Act.",NA,NA,NA,57,2005-04-01,2005-01-01,"<5",TRUE,"RC","Yes","Office and Professional Employees International Union, Local 29",1,"OPEIU",0.5,"Yes",0
"20-RC-018024",NA,"CAUSE - Statewide Law Enforcement Association",2005-03-14,2005-06-08,"Sacramento","CA","B",2005-05-10,7,0,"Office and Professional Employees International Union, Local 29",5,NA,NA,NA,NA,1,6,"N",1,"N","Office and Professional Employees International Union, Local 29","Initial","Single Labor Organization","Certific. of Representative","Closed","Group A:  All full-time and regular part-time professional employees, including legal representatives, employed by the Employer in its Sacramento and Westminster, California offices; excluding all lobbyists, confidential employees, non-professional employees (union representatives and support staff), guards, and supervisors as defined in the Act.

Group B:  All full-time and regular part-time non-professional employees, including union representatives and support staff, employed by the Employer in its Sacramento and Westiminster, Calfiornia offices; excluding all lobbyists, confidential employees, professional employees (legal representatives), guards, and supervisors as defined in the Act.",NA,NA,NA,57,2005-04-01,2005-01-01,"6-10",TRUE,"RC","Yes","Office and Professional Employees International Union, Local 29",1,"OPEIU",0.833333333333333,"Yes",1
"24-RC-008451",NA,"Fondo para el Fomento de la Industria Lechera",2005-03-03,2005-04-25,"San Juan","PR","A",2005-04-13,37,2,"Office and Professional Employees International Union (OPEIU)",34,NA,NA,NA,NA,1,35,"N",0,"N","Office and Professional Employees International Union (OPEIU)","Initial","Single Labor Organization","Certific. of Representative","Closed","Included:  All regular full-time and part-time employees including dairy quality program inspectors, clerical employees that provide services to the public schools lunch room programs, laboratory analysts, secretaries and clerical employees, data-entry employees, and sample carriers employed by the Employer at its place of business at San Juan, Puerto Rico.

Excluded:  All other employees, managers, confidential employees, guards and supervisors as defined by the Act.",NA,NA,NA,41,2005-04-01,2005-01-01,"26-50",TRUE,"RC","Yes","Office and Professional Employees International Union (OPEIU)",1,"OPEIU",0.971428571428571,"Yes",2
"15-RC-008592",NA,"AECOM Government Services, Inc.",2005-02-25,2005-04-11,"Ft. Polk","LA","A",2005-03-30,461,0,"Industrial, Technical & Professional Employees Union, OPEIU Local 4873, AFL-CIO",157,NA,NA,NA,NA,274,431,"N",1,"N",NA,"Initial","Single Labor Organization","Certification of Results","Closed","Including:  All full-time and regular part-time employees employed by the Employer at Fort Polk, Louisiana.  Excluding:  All Confidential, Temporary (less than 90 days), Project Management and Professional employees, Clerical employees who provide administrative support to the Employer, Guards, Managers and Supervisors as defined in the Act.",NA,NA,NA,33,2005-01-01,2005-01-01,"101-500",TRUE,"RC","Yes","Industrial, Technical & Professional Employees Union, OPEIU Local 4873, AFL-CIO",1,"OPEIU",0.364269141531323,"No",30
"13-RC-021290",NA,"Chicago Federation of Musicians",2004-12-29,2008-07-08,"Chicago","IL","A",2005-02-09,6,1,"Office & Professional Employees International Union,  Local #28",5,NA,NA,NA,NA,0,5,"N",0,"N","Office & Professional Employees International Union,  Local #28","Initial","Single Labor Organization","Certification of Results","Closed","all full-time clerical employees employed by Chicago Federation of Musicians, Local 10208 at its facility currently located at 656 W. Randolph Street, Chicago, Illinois; excluding all other staff employees, management employees, officers, executive board members, confidential employees and guards, professional employees and supervisors as defined in the Act.",NA,NA,NA,42,2005-01-01,2004-10-01,"6-10",TRUE,"RC","Yes","Office & Professional Employees International Union,  Local #28",1,"OPEIU",1,"No",1
"08-RC-016677",NA,"Hampson Corporation",2004-11-19,2005-01-18,"North Ridgeville","OH","A",2005-01-06,99,84,"Office & Professional Employees International Union, Local 17, AFL-CIO",21,NA,NA,NA,NA,63,84,"N",0,"N",NA,"Initial","Single Labor Organization","Certification of Results","Closed","All full-time and regular part-time production and maintenance employees employed by the Employer at its facility located at 38850 Taylor Parkway, North Ridgeville, Ohio 44039 including machine operators, set ups, assembly, wheel assembly, shipping and warehouse, utility, floor men (material techs), tool room, QC auditors, grinding, mixers, and maintenance employees, excluding all office clerical employees, managerial employees, quality techs/quality assurance, customer service, accounts payable/receivable, scheduler, professional employees, guards and supervisors as defined in the Act.",NA,NA,NA,48,2005-01-01,2004-10-01,"51-100",TRUE,"RC","Yes","Office & Professional Employees International Union, Local 17, AFL-CIO",1,"OPEIU",0.25,"No",15
"19-RC-014606",NA,"Community Health Center La Clinica",2004-10-29,2005-04-13,"Kennewick & Pasco","WA","B",2004-12-09,195,0,"OPEIU Local 8",86,NA,NA,NA,NA,66,152,"N",9,"N","OPEIU Local 8","Initial","Single Labor Organization","Certific. of Representative","Closed","Included:  All full-time, regular part-time and per diem professional employees, including Chemical Dependency Professionals, Dental Hygieniats, Intake Specialists, Medical Technologists, Mental Health Case Managers, Mental Health Therapists and Radiology Technologists employed by the Employer at their facilities located at Pasco Medical/Dental (515 West Court Street, Pasco, Washington), Kennewick Dental (5601 West Clearwater, Suite 9, Kennewick, Washington), Kennewick Medical (5219 West Clearwater, Suite 6, Kennewick, Washington), Nueva Esperanza Community Counseling Center (720 West Court Street, Pasco, Washington), Self Help Housing (1517 North 5th Street, Pasco, Washington), 
Benton-Franklin county Detox Center (1020 South 7th Avenue, Pasco, Washington), and North Franklin Social Services Center (6950 Road 170, Basin City, Washington).

Excluded:  All full-time, regular part-time and per diem non-professional employees, Including Billing Clerks, Breast and Cervical Coordinators, Chemical Dependency Professional Trainees, Childbirth Educators, Construction Supervisors, Credit/Collection Clerks, Data Entry Specialists, Dental Assistants, Grant Fund/Volunteer Coordinators, Health Care Assistants, Health Care Assistant Trainees, Housing Group Coordinators, Infant Case Managers, Janitors, Laboratory Technicians, Managed Care Specialists, Maintenance Workers, Medical Records Clerks, Medical Staff Assistants, Nursing Assistants, Operators/Schedulers, Outreach Community Health Workers, Patient Accounts Clerks, Patient Greeters, Phlebotomists, Purchasing Clerks, Radiology Technicians, Receptionists, Special Projects Coordinators, Team Services Specialist, Transportation/Outreach Workers, WIC Certifiers/Clerks and WIC Nutritionists; Medical Doctors; Clinical Leads and/or Clinical Chairs (fn 1: As set forth in the unit description in Case 19-RC-14551); Registered Nurses; Registered Nurse Leads; Physician Assistant; Nurse Practitioners; Nurse Midwifes; Behavioral Health Specialists; Registered Dieticians; the Kennewick Lead (fn 2: As set forth in the unit description in Cae 19-RC-14551); Dentists; Fiscal Administrative Assistants; Accountants; Acounting Clerks; Accounting Assistants; Human Resources Generalisrs; Human Resources/Payroll Specialists; Human Resources Administrative Assistants; Administrative Assistants (Administration Department); Executive Assistants (Administration Departmment); Executive/Administrative Assistants (Administration Department); Patient Flow/Productivity Specialists (Administration Department); Couriers (Administration Department); IT Technicians; all other locations; managers; confidential employees; guards and supervisors as defined in the Act.","Included:	All full-time, regular part-time and per diem professional employees, including Chemical Dependency Professionals, Dental Hygienists, Intake Specialists, Medical Technologists, Mental Health Case Managers, Mental Health Therapists and Radiology Technoligists and all full-tiime, regular part-time and per diem non professional employees, Billing Clerks, Breast and Cervical Coordinators, Chemical Dependency Professional Trainees, Childbirth Educators, Construction Supervisors; (fn 3 The parties agree that the construction supervisors in bargaininng unit B are not statutory supervisors in that they do not hire or fire employees nor do they possess or exercise any of the other indicia set forth in Section 2(11) of the Act),  Credit/Collection Clerks, Data Entry Specialists, Dental Assistants, Grant Fund/Volunteer Coordinators, Health Care Assistants, Health Care Assistant Trainees; Housing Group Coordinators, Infant Case Managers, Janitors, Laboratory Technicians, Managed Care Specialists, Maintenance Workers, Medical Records Clerks, Medical Staff Assistants, Nursing Assistants, Operators/Schedulers, Outreach Community Health Workers, Patient Accounts Clerks, Patient Greeters, Phlebotomists, Purchasing Clerks, Radiology Technicians, Receptionists, Special Projects Coordinators, Team Services Specialists, Transportation/Outreach Workers, WIC Certifiers/Clerks and WIC Nutritionists employed by the Employer at their facilities located at Pasco Medical/Dental (515 West Court Street, Pasco, Washington), Kennewick Dental (5601 West Clearwater, Suite 9, Kennewick, Washington), Kennewick Medical (5219 West Clearwater, Suite 6, Kennewick, Washington), Nueva Esperanza Community Counseling Center (720 West Court Street, Pasco, Washington), Self Help Housing (1517 North 5th Street, Pasco, Washington), Benton-Franklin County Detox Center (1020 South 7th Avenue, Pasco, Washington), and North Franklin Social Services Center (6950 Road 170, Basin City, Washington).


Excluded:	All full-time, regular part-time and per diem professional employees, including Chemical Dependency Professionals, Dental Hygienists, Intake Specialists, Medical Technologists, Mental Health Case Managers, Mental Health Therapists, Radiology Technologists; Medical Doctors; Clinical Leads and/or Clinical Chairs; Registered Nurses; Registered Nurse Leads; Physician Assistants; Nurse Practitioners; Nurse Midwifes; Behavioral Health Specialists; Registered Dieticians; the Kennewick Lead; Dentists; Fiscal Administrative Assistants; Accountants; Accounting Clerks; Accounting Assistants; Human Resources Generalists; Human Resources/Payroll Specialists; Human Resources Administrative Assistants; Administrative Assistants (Administration Department); Executive Assistants (Administration Department); Executive/Administrative Assistants (Administration Department); Patient Flow/Productivity Specialists (Administration Department); Couriers (Administration Department); IT Technicians; all other locations; managers; confidential employees; guards and supervisors as defined in the Act.",NA,NA,41,2004-10-01,2004-10-01,"101-500",TRUE,"RC","Yes","OPEIU Local 8",1,"OPEIU",0.565789473684211,"Yes",43
"07-RC-022805",NA,"Turning Point Youth Center",2004-10-26,2004-12-17,"St. Johns","MI","A",2004-12-09,32,0,"Local 459 OPEIU",13,NA,NA,NA,NA,17,30,"N",1,"N",NA,"Initial","Single Labor Organization","Certification of Results","Closed","All full-time and regular part-time youth service workers, transporters, cooks, housekeeping employees, maintenance employees, group leaders, and assistant group leaders but excluding doctors, registered nurses, professional employees, office clerical employees, casual employees  and guards and supervisors as defined in the Act.",NA,NA,NA,44,2004-10-01,2004-10-01,"26-50",TRUE,"RC","Yes","Local 459 OPEIU",1,"OPEIU",0.433333333333333,"No",2
"22-RC-012498",NA,"HRC Manor Health Care, Inc., d/b/a Heartland Hospice",2004-06-29,2005-04-13,"Plymouth Meeting","PA","A",2005-03-31,18,0,"OPEIU Healthcare Local 112, AFL-CIO",7,NA,NA,NA,NA,9,16,"N",0,"N",NA,"Initial","Single Labor Organization","Certification of Results","Closed",NA,NA,NA,NA,275,2005-01-01,2004-04-01,"11-25",TRUE,"RC","Yes","OPEIU Healthcare Local 112, AFL-CIO",1,"OPEIU",0.4375,"No",2
"05-RC-015747",NA,"ADT Security Services, Inc.",2004-06-29,2004-08-25,"Gaithersburg","MD","A",2004-07-30,6,0,"Local 2, Office & Professional Employees International Union, AFL-CIO",6,NA,NA,NA,NA,0,6,"N",0,"N",NA,"Initial","Single Labor Organization","Certific. of Representative","Closed","All full time and regular part time warehouse and administrative employees employed by the Employer at its Gaithersburg, Maryland, facility, but excluding all service technicians, install technicians, sales employees, professionals, confidential employees, and guards and supervisors as defined by the Act.",NA,NA,NA,31,2004-07-01,2004-04-01,"6-10",TRUE,"RC","Yes","Local 2, Office & Professional Employees International Union, AFL-CIO",1,"OPEIU",1,"Yes",0
"11-RC-006570",NA,"A & A Facility Services, Inc.",2004-04-26,2004-06-28,"Research Triangle Park","NC","A",2004-06-10,41,0,"Industrial, Technical and Professional Employees Union, Local 4873, OPEIU AFL-CIO",14,NA,NA,NA,NA,1,15,"N",0,"N","Industrial, Technical and Professional Employees Union, Local 4873, OPEIU AFL-CIO","Initial","Single Labor Organization","Certific. of Representative","Closed","All full time and regular part time janitorial employees employed by the Employer at the National Institute of Environmental Health Sciences at Research Triangle Park, North Carolina; but excluding all office clerical employees and guards, professional employees and supervisors as defined in the Act.",NA,NA,NA,45,2004-04-01,2004-04-01,"26-50",TRUE,"RC","Yes","Industrial, Technical and Professional Employees Union, Local 4873, OPEIU AFL-CIO",1,"OPEIU",0.933333333333333,"Yes",26
"19-RD-003609",NA,"Washington Dental Service",2004-04-01,2004-06-24,"Seattle","WA","A",2004-06-16,26,0,"OPEIU Local 8",12,NA,NA,NA,NA,13,25,"N",1,"N",NA,"Rerun","Single Labor Organization","Certification of Results","Closed","Included:  All full-time and regular part-time employees employed by the Employer's Colville, Washington locatiion.  Excluding:  All managers, confidential employees, temporary employees, guards and supervisors as defined by the Act.",NA,NA,NA,76,2004-04-01,2004-04-01,"26-50",TRUE,"RD","Yes","OPEIU Local 8",1,"OPEIU",0.48,"No",1
"19-RD-003609",NA,"Washington Dental Service",2004-04-01,2004-06-24,"Colville","WA","A",2004-05-06,27,0,"OPEIU Local 8",12,NA,NA,NA,NA,15,27,"N",0,"N",NA,"Initial","Single Labor Organization","Certification of Results","Closed","Included:  All full-time and regular part-time employees employed by the Employer's Colville, Washington locatiion.  Excluding:  All managers, confidential employees, temporary employees, guards and supervisors as defined by the Act.",NA,NA,NA,35,2004-04-01,2004-04-01,"26-50",FALSE,"RD","Yes","OPEIU Local 8",1,"OPEIU",0.444444444444444,"No",0
"36-RC-006246",NA,"DeLon Olds Co.",2004-03-24,2004-05-27,"Salem","OR","A",2004-05-20,14,0,"OPEIU, Local 11",9,NA,NA,NA,NA,4,13,"N",0,"N","OPEIU, Local 11","Initial","Single Labor Organization","Certific. of Representative","Closed","All clerical employees employed by DeLon Olds Co. at its BMW/Volvo, Mitsubishi, Honda and Volkswagen dealerships located in the city of Salem, including payroll employees, contract employees, title clerks, warranty clerks, accounts payable clerks, accounts receivable clerks, receptionists, after sales coordinators, shipping and receiving clerks, and cashiers; excluding sales employees, service employees, controller, parts manager, sales managers, service managers, fixed operations managers, guards and supervisors as defined in the Act.",NA,NA,NA,57,2004-04-01,2004-01-01,"11-25",TRUE,"RC","Yes","OPEIU, Local 11",1,"OPEIU",0.692307692307692,"Yes",1
"22-RC-012445",NA,"Prudential Insurance Co. of America",2004-02-18,2004-04-30,"Newark","NJ","A",2004-04-20,964,13,"Office & Professional Employees International Union, Local 153",617,NA,NA,NA,NA,151,768,"N",15,"N",NA,"Initial","Single Labor Organization","Certific. of Representative","Closed","incl;
All Prudential Representatives employed by the Employer in its parent offices at the locations specified in Attachement 1,
excl;
all other employees, including office clerical employees, managers, office managers, associate office managers, managing directors, sales managers, other managerial employees, field service staff employees, regional auditors, guards and supervisors as defined in the Act.",NA,NA,NA,62,2004-04-01,2004-01-01,"500>",TRUE,"RC","Yes","Office & Professional Employees International Union, Local 153",1,"OPEIU",0.803385416666667,"Yes",196
"36-RD-001641",NA,"Unified Western Grocers, Inc.",2004-02-12,2004-03-31,"Portland","OR","A",2004-03-23,21,0,"OPEIU, Local 11",5,NA,NA,NA,NA,13,18,"N",0,"N",NA,"Initial","Single Labor Organization","Certification of Results","Closed","All full-time and regular part-time computer operators, file clerks, input facilitator clerks, mail clerks, receptionists, secretaries, and warehouse clerks; excluding confidential employees, managers, guards and supervisors as defined in the Act, and all other employees.",NA,NA,NA,40,2004-01-01,2004-01-01,"11-25",TRUE,"RD","Yes","OPEIU, Local 11",1,"OPEIU",0.277777777777778,"No",3
"05-RC-015680",NA,"ADT Security Services",2004-02-11,2004-04-06,"Columbia","MD","A",2004-03-24,92,0,"Office and Professional Employees, International Union, Local 2",53,NA,NA,NA,NA,36,89,"N",0,"N","Office and Professional Employees, International Union, Local 2","Initial","Single Labor Organization","Certific. of Representative","Closed","All full-time and regular part-time service, installation, warehouse, CAD, administrative and clerical employees employed by the Employer at its Columbia, Maryland facility; but excluding all other employees, salesmen, professional employees, managerial employees, confidential employees, guards and supervisors as defined in the Act.",NA,NA,NA,42,2004-01-01,2004-01-01,"51-100",TRUE,"RC","Yes","Office and Professional Employees, International Union, Local 2",1,"OPEIU",0.595505617977528,"Yes",3
"20-RC-017925",NA,"Nortre Dame De Namur University",2004-01-15,2004-03-09,"Belmont","CA","A",2004-02-20,41,0,"Office and Professional Employees International Union , Local No. 3",26,NA,NA,NA,NA,10,36,"N",3,"N","Office and Professional Employees International Union , Local No. 3","Initial","Single Labor Organization","Certific. of Representative","Closed","All regular full-time and regular part-timenon-exempt staff employees employed performing work of Central Services Copy clerk; Library Clerk; Mailroom Clerk; Receptionist; Applications Processor; Groundskeeper; Accounts Receivable/Cahshier; Accounts Receivable Clerk; Administrative Coordinator; Accounts Payable Clerk; Accounts Payable clerk Purchasing; Sr. Library Assistnat; Tech assistnat Library; Evening Office Coordinator; Public Relations Specialist; Administrative Analyst; Assistant Credential Analyst; Excutive Administrative Assistant; Gallery Coordinator Registar Assistant; Administrative Assistant; conference/Event Coordinator; and Lab/Administrative Coordinator; excluding all other employees employed by the University; professional employees; exempt employees; faculty; teachers; confidential employees; managerial employees; student-employees; temporary employees; public safety officers; maintenance engineers; utility engineers; all other employees within the unit represented by Local 39; and guards and supervisors as defined in the Act..",NA,NA,NA,36,2004-01-01,2004-01-01,"26-50",TRUE,"RC","Yes","Office and Professional Employees International Union , Local No. 3",1,"OPEIU",0.722222222222222,"Yes",5
"07-RC-022602",NA,"Great Lakes American Red Cross",2004-01-05,2004-02-20,"Flint","MI","A",2004-02-12,2,0,"OPEIU Local 459",2,NA,NA,NA,NA,0,2,"N",0,"N","OPEIU Local 459","Initial","Single Labor Organization","Certific. of Representative","Closed","All full-time, regular part-time, and per diem apheresis technicians employed by the Employer out of its facility located at 1401 South Grant Traverse Street, Flint, Michigan; but excluding all office clerical employees, confidential employees, guards and supervisors as defined in the Act.",NA,NA,NA,38,2004-01-01,2004-01-01,"<5",TRUE,"RC","Yes","OPEIU Local 459",1,"OPEIU",1,"Yes",0
"24-RC-008351",NA,"Archdiocese of San Juan - Head Start",2003-10-08,2003-11-28,"Loiza, Carolina, Trujillo Alto","PR","A",2003-11-14,94,1,"Office & Professional Employees Internation Union, Local 402",86,NA,NA,NA,NA,4,90,"N",1,"N","Office & Professional Employees Internation Union, Local 402","Initial","Single Labor Organization","Certific. of Representative","Closed","Included:  All full time and regular part-time professional employees, including social workers, teachers, registered nurses, speech pathologists, special needs coordinators, parent activities coordinators employed by the Employer within the Puerto Rico municipalities of Canovanas, Loiza, Juncos, Carolina and Trujillo Alto.

Excluded: All other employees, including non-professional employees, general coordinators for children with special needs, home economists, nutritionists, accountants, educational supervisors, educational coordinators, nutritional coordinators, health coordinators, family and community coordinators, transition coordinators, child and adult care food program coordinators, confidential employees, guards and supervisors as defined in the Act.","Included:  All full time and regular part-time non-professional employees, including meal attendants, meal attendant aides, teacher assistants, clerical employees, secretaries, maintenance employees and chauffeurs employed by the Employer within the Puerto Rico municipalities of Canovanas, Loiza, Juncos, Carolina and Trujillo Alto.

Excluded: All other employees, including professional employees, head of warehouse, purchasing agents, accountant secretaries, personnel officials, all confidentioal employees, including secretaries to the director, assistant director, personnel offices secretaries, administrative assistants, administrative managers, development and health managers, alliance with family and community managers, program director and assitant directors, guards and supervisors as defined in the Act.",NA,NA,37,2003-10-01,2003-10-01,"51-100",TRUE,"RC","Yes","Office & Professional Employees Internation Union, Local 402",1,"OPEIU",0.955555555555556,"Yes",4
"24-RC-008351",NA,"Archdiocese of San Juan - Head Start",2003-10-08,2003-11-28,"Loiza, Carolina, Trujillo Alto","PR","B",2003-11-14,158,1,"Office & Professional Employees Internation Union, Local 402",138,NA,NA,NA,NA,11,149,"N",3,"N","Office & Professional Employees Internation Union, Local 402","Initial","Single Labor Organization","Certific. of Representative","Closed","Included:  All full time and regular part-time professional employees, including social workers, teachers, registered nurses, speech pathologists, special needs coordinators, parent activities coordinators employed by the Employer within the Puerto Rico municipalities of Canovanas, Loiza, Juncos, Carolina and Trujillo Alto.

Excluded: All other employees, including non-professional employees, general coordinators for children with special needs, home economists, nutritionists, accountants, educational supervisors, educational coordinators, nutritional coordinators, health coordinators, family and community coordinators, transition coordinators, child and adult care food program coordinators, confidential employees, guards and supervisors as defined in the Act.","Included:  All full time and regular part-time non-professional employees, including meal attendants, meal attendant aides, teacher assistants, clerical employees, secretaries, maintenance employees and chauffeurs employed by the Employer within the Puerto Rico municipalities of Canovanas, Loiza, Juncos, Carolina and Trujillo Alto.

Excluded: All other employees, including professional employees, head of warehouse, purchasing agents, accountant secretaries, personnel officials, all confidentioal employees, including secretaries to the director, assistant director, personnel offices secretaries, administrative assistants, administrative managers, development and health managers, alliance with family and community managers, program director and assitant directors, guards and supervisors as defined in the Act.",NA,NA,37,2003-10-01,2003-10-01,"101-500",TRUE,"RC","Yes","Office & Professional Employees Internation Union, Local 402",1,"OPEIU",0.926174496644295,"Yes",9
"08-RC-016561",NA,"Neighborhood Health Association (NHA)",2003-10-08,2003-11-24,"Toledo","OH","A",2003-11-13,59,0,"Office & Professional Employees International Union Local 19",22,NA,NA,NA,NA,35,57,"N",2,"N",NA,"Initial","Single Labor Organization","Certification of Results","Closed","Those eligible to vote are all full-time and regular part-time MA/UC/medical records workers, LPNs, OB/perinatal nurses, data entry clerks, WIC clerks, maintenance workers, registration specialists I, registration specialists II, receiving/mail couriers, homeless case workers, HUD dispatchers, HUD van drivers, center van drivers, LPN/lab technicians, payroll - accounts payable clerks, collection specialists, family house nurses, WIC dieticians, translators, program assistants, project black bag LPNs, project black bag MAs, project black bag CNAs, perinatal outreach workers, licensed social workers, bi-ling Medicaid outreach assistants, follow up clerks, cash app clerks, and medical lab technicians employed by the Employer at its River East Community Health Center, 117 Main Street, Toledo, OH 43605; Mildred Bayer Clinic for the Homeless, 2101 Jefferson Street, Toledo, OH 43624; Southside Community Center, 732 South Avenue, Toledo, OH 43609; Mayores Senior Center, 1 Aurora Gonzales Drive, Toledo, OH 43606; Huron Street Medical Clinic, 923 North Huron Street, Toledo, OH 43604; Daisy Smith Community Health Center, 430 Nebraska Avenue, Toledo, OH 43607; Cordella Martin Health Center, 905 Nebraska Avenue, Toledo, OH 43607, and  313 Jefferson Avenue, Toledo, OH 43604 facilities, but excluding physicians, certified nurse practitioners, confidential employees, office clerical employees, professional employees, guards and supervisors as defined in the Act and all other employees.",NA,NA,NA,36,2003-10-01,2003-10-01,"51-100",TRUE,"RC","Yes","Office & Professional Employees International Union Local 19",1,"OPEIU",0.385964912280702,"No",2
"25-RC-010205",NA,"WGE FEDERAL CREDIT UNION",2003-10-06,2003-11-21,"Muncie","IN","A",2003-11-13,48,0,"OPEIU Local 1",31,NA,NA,NA,NA,16,47,"N",0,"N","OPEIU Local 1","Initial","Single Labor Organization","Certific. of Representative","Closed","All full-time and regular part-time tellers, head tellers, loan officers, loan writers, locan clerks, mortgage loan officers, member service representatives, receptionists, and bookkeepers employed by the Employer at its Muncie, Indiana facilities, including its branches located at 3700 W. Bethel Avenue, 4018 N. Broadway, 3230 S. Madison Avenue, and 5401 Kilgore Avenue;

BUT EXCLUDING all managerial employees, confidential employees, and guards and supervisors as defined in the Act.",NA,NA,NA,38,2003-10-01,2003-10-01,"26-50",TRUE,"RC","Yes","OPEIU Local 1",1,"OPEIU",0.659574468085106,"Yes",1
"28-RD-000897",NA,"Teamsters Local 104, AFL-CIO",2003-09-17,2003-11-07,"Phoenix","AZ","A",2003-10-22,6,0,"Office and Professional Employees International Union, Local 56, AFL-CIO",4,NA,NA,NA,NA,2,6,"N",0,"N","Office and Professional Employees International Union, Local 56, AFL-CIO","Initial","Single Labor Organization","Certific. of Representative","Closed","Including:  All full-time and part-time receptionists, dispatchers, general secretaries, and titan operators.

Excluding:  All other employees, guards and supervisors as defined in the Act.",NA,NA,NA,35,2003-10-01,2003-07-01,"6-10",TRUE,"RD","Yes","Office and Professional Employees International Union, Local 56, AFL-CIO",1,"OPEIU",0.666666666666667,"Yes",0
"11-RC-006546",NA,"Global Associates",2003-09-02,2003-10-14,"Research Triangle Park","NC","A",2003-09-25,8,0,"Industrial Technical and Professional Employees Union Local 4873 of OPEIU, AFL-CIO",6,NA,NA,NA,NA,0,6,"N",0,"N","Industrial Technical and Professional Employees Union Local 4873 of OPEIU, AFL-CIO","Initial","Single Labor Organization","Certific. of Representative","Closed","All full-time and regular part time drivers, helpers and mailroom employees employed by the Employer at the Old Page Road location and the new Enriomental Protection Agency site located in Research Triangle Park, North Carolina; excluding all office clerical employees and professional employees, guards and supervisors as defined in the Act.",NA,NA,NA,23,2003-07-01,2003-07-01,"6-10",TRUE,"RC","Yes","Industrial Technical and Professional Employees Union Local 4873 of OPEIU, AFL-CIO",1,"OPEIU",1,"Yes",2
"11-RC-006543",NA,"Bob Holtz Services, Inc.",2003-08-19,2003-10-14,"Researh Traingle Park","NC","A",2003-09-25,11,0,"Industrial Technicial and Professional Employees Union Local 4873 of OPEIU AFL-CIO",8,NA,NA,NA,NA,3,11,"N",0,"N","Industrial Technicial and Professional Employees Union Local 4873 of OPEIU AFL-CIO","Initial","Single Labor Organization","Certific. of Representative","Closed","All full-time and regular part time drivers, mailroom, shipping and receiving employees and the data entry clerk employed by the Employer at the Old Page Road location and the new Environmentla Protection Agency site located in Researhc Triangle Park, NC; excluding all othe employees employed and professional employees, guards and supervisors as defined in the Act.",NA,NA,NA,37,2003-07-01,2003-07-01,"11-25",TRUE,"RC","Yes","Industrial Technicial and Professional Employees Union Local 4873 of OPEIU AFL-CIO",1,"OPEIU",0.727272727272727,"Yes",0
"36-RD-001627",NA,"CNF Service Company, Inc.",2003-08-07,2003-12-01,"Portland","OR","A",2003-11-20,252,1,"Office & Professional Employees Union, Local 11, AFL-CIO",106,NA,NA,NA,NA,132,238,"N",0,"N",NA,"Rerun","Single Labor Organization","Certification of Results","Closed","All regular full-time, regular part-time, student, and temporary employees employed by the Employer at its LJC, Adtech I, Adtech II, and Vantage Warehouse facilities located in Portland, Oregon, employed in the following classifications:  Accountant I, Accountant II, Accountant III, Admin I, Admin II, Admin II-IT, AP Clerk, AP Oracle Specialist, Bank Reconciliation Coordinator, Billing Clerk, Call Specialist, Call Technician, Cash Application Clerk, Casualty Claims Clerk, Chief Clerk, Claims Clerk, Collection Services Clerk, Computer Operator, Computer Repair Tech, Computer Systems Coordinator, Console Operator, Corrections Clerk, Cost Accountant, Data Entry Clerk, Desktop Publisher, Document Support Clerk, EDI/EFT Coordinator, Fuel Data Entry Clerk, General Clerk, Graphic Specialist, Image Operations Clerk, Imaging Clerk, Insurance Specialist, Invoice Control Clerk, Invoicing Clerk, License Clerk, Linehaul Rating Clerk, Maintenance Accounting Clerk, Menlo Customer Service, MLG General Clerk, Output Control Clerk, Payroll Mileage Clerk, Payroll Process Clerk, Payroll Tax Accountant, PC Warehouse Clerk, Printer Operator, Processing Clerk, Production Support Tech, Property Accounting Clerk, Rate/Review Clerk, Research Clerk, Sr. Computer Operator, Sr. Computer System Coordinator, Sr. License Clerk, Sr. Typesetter, Supplemental Support, Tax Specialist, TMS Clerk, Typesetter, Unapplied Coordinator, Unlimited Code Clerk, Vendor Master Clerk, Warranty Clerk, and Warranty Specialist; but excluding professional employees, confidential employees, managers, guards and supervisors as defined in the Act and all other employees.",NA,NA,NA,105,2003-10-01,2003-07-01,"101-500",TRUE,"RD","Yes","Office & Professional Employees Union, Local 11, AFL-CIO",1,"OPEIU",0.445378151260504,"No",14
"36-RD-001627",NA,"CNF Service Company, Inc.",2003-08-07,2003-12-01,"Portland","OR","A",2003-10-02,239,0,"Office & Professional Employees Union, Local 11, AFL-CIO",118,NA,NA,NA,NA,120,238,"N",1,"N",NA,"Initial","Single Labor Organization","Certification of Results","Closed","All regular full-time, regular part-time, student, and temporary employees employed by the Employer at its LJC, Adtech I, Adtech II, and Vantage Warehouse facilities located in Portland, Oregon, employed in the following classifications:  Accountant I, Accountant II, Accountant III, Admin I, Admin II, Admin II-IT, AP Clerk, AP Oracle Specialist, Bank Reconciliation Coordinator, Billing Clerk, Call Specialist, Call Technician, Cash Application Clerk, Casualty Claims Clerk, Chief Clerk, Claims Clerk, Collection Services Clerk, Computer Operator, Computer Repair Tech, Computer Systems Coordinator, Console Operator, Corrections Clerk, Cost Accountant, Data Entry Clerk, Desktop Publisher, Document Support Clerk, EDI/EFT Coordinator, Fuel Data Entry Clerk, General Clerk, Graphic Specialist, Image Operations Clerk, Imaging Clerk, Insurance Specialist, Invoice Control Clerk, Invoicing Clerk, License Clerk, Linehaul Rating Clerk, Maintenance Accounting Clerk, Menlo Customer Service, MLG General Clerk, Output Control Clerk, Payroll Mileage Clerk, Payroll Process Clerk, Payroll Tax Accountant, PC Warehouse Clerk, Printer Operator, Processing Clerk, Production Support Tech, Property Accounting Clerk, Rate/Review Clerk, Research Clerk, Sr. Computer Operator, Sr. Computer System Coordinator, Sr. License Clerk, Sr. Typesetter, Supplemental Support, Tax Specialist, TMS Clerk, Typesetter, Unapplied Coordinator, Unlimited Code Clerk, Vendor Master Clerk, Warranty Clerk, and Warranty Specialist; but excluding professional employees, confidential employees, managers, guards and supervisors as defined in the Act and all other employees.",NA,NA,NA,56,2003-10-01,2003-07-01,"101-500",FALSE,"RD","Yes","Office & Professional Employees Union, Local 11, AFL-CIO",1,"OPEIU",0.495798319327731,"No",1
"09-RC-017817",NA,"F.M.F. CORPORATION",2003-06-24,2003-08-04,"BEAVER","WV","A",2003-07-25,3,0,"Industrial, Technical and Professional Employees Union Local 4873 of OPEIU AFL-CIO",0,NA,NA,NA,NA,3,3,"N",0,"N",NA,"Initial","Single Labor Organization","Certification of Results","Closed","All permanent, full-time Pool Operators and Recreational Specialists employed at the Employer's National Mine Health & Safety Academy in Beaver, West Virginia, but excluding all temporary Pool Operators and Recreational Specialists, all office clerical employees, confidential employees, and guards and supervisors as defined in the Act.",NA,NA,NA,31,2003-07-01,2003-04-01,"<5",TRUE,"RC","Yes","Industrial, Technical and Professional Employees Union Local 4873 of OPEIU AFL-CIO",1,"OPEIU",0,"No",0
"11-RC-006535",NA,"Lukeann Concepts, Inc.",2003-06-03,2003-07-25,"Camp Lejeune","NC","A",2003-07-11,8,0,"Industrial, Technical, and Professional Employees Union Local 4873 of OPEIU AFL-CIO",8,NA,NA,NA,NA,0,8,"N",1,"N","Industrial, Technical, and Professional Employees Union Local 4873 of OPEIU AFL-CIO","Initial","Single Labor Organization","Certific. of Representative","Closed","All full time and regular part time computer operators employed by the Employer at the Naval Hospital at Camp Lejeune, North Carolina; excluding all office clerical employees and professional employees, guards and supervisors as defined in the Act.",NA,NA,NA,38,2003-07-01,2003-04-01,"6-10",TRUE,"RC","Yes","Industrial, Technical, and Professional Employees Union Local 4873 of OPEIU AFL-CIO",1,"OPEIU",1,"Yes",0
"12-RC-008921",NA,"Florida Power and  Light Co.",2003-04-30,2003-06-24,"West Palm Beach","FL","A",2003-06-11,8,0,"Office and Professional Employees International Union",3,NA,NA,NA,NA,5,8,"N",0,"N",NA,"Initial","Single Labor Organization","Certification of Results","Closed","All regular full-time pilots employed by the Employer's Aviation Department Hangar at the Palm Beach International Airport located at 3800 Southern Boulevard, West Palm Beach, Florida; who were employed during the payroll period ending May 2, 2003.

All other employees, including the Chief Pilot, Assistant Chief Pilot/Safety Officer, Administrative Technicians, Aviation Specialist, Chief Mechanics mechanics, guards and supervisors as defined in the Act.",NA,NA,NA,42,2003-04-01,2003-04-01,"6-10",TRUE,"RC","Yes","Office and Professional Employees International Union",1,"OPEIU",0.375,"No",0
"06-RD-001487",NA,"UPMC  Braddock",2003-01-29,2003-07-28,"Braddock","PA","A",2003-07-15,113,0,"Pennsylvania Nurses Association, Local 112  a/w Office and Professional Employees International Union, AFL-CIO",64,NA,NA,NA,NA,33,97,"N",0,"N","Pennsylvania Nurses Association, Local 112  a/w Office and Professional Employees International Union, AFL-CIO","Initial","Single Labor Organization","Certific. of Representative","Closed","All full-time and regular part-time registered nurses employed by the Employer at its Braddock, Pennsylvania, facility; excluding all head nurses, nurse anesthetists, casual nurses, per diem nurses, agency nurses, first level supervisors, confidential employees and guards, other professional employees and supervisors as defined in the Act, and all other employees.",NA,NA,NA,167,2003-07-01,2003-01-01,"101-500",TRUE,"RD","Yes","Pennsylvania Nurses Association, Local 112  a/w Office and Professional Employees International Union, AFL-CIO",1,"OPEIU",0.65979381443299,"Yes",16
"14-RD-001783",NA,"Carpenters' District Council of Greater St. Louis and Vicinity",2003-01-24,2003-04-08,"St. Louis","MO","A",2003-03-27,27,0,"Office and Professional Employees International Union, Local No. 13, AFL-CIO",6,NA,NA,NA,NA,18,24,"N",0,"N",NA,"Initial","Single Labor Organization","Certification of Results","Closed","All office clerical employees employed by the Employer at its 1401 Hampton Avenue, St. Louis, Missouri, Belleville, Illinois, Mt. Vernon, Illinois, Cape Girardeau, Missouri, Salem, Illinois, Metropolis, Illinois, Wood River, Illinois, and Marion, Illinois facilities, EXCLUDING professional employees, guards and supervisors as defined in the Act.",NA,NA,NA,62,2003-01-01,2003-01-01,"26-50",TRUE,"RD","Yes","Office and Professional Employees International Union, Local No. 13, AFL-CIO",1,"OPEIU",0.25,"No",3
"09-RC-017738",NA,"DISTRICT 1199, THE HEALTHCARE AND SOCIAL SERVICE UNION, SEIU,  AFL-CIO",2003-01-10,2003-03-17,"Columbus","OH","A",2003-03-07,55,0,"Office and Professional Employees International Union, Local 1794, AFL-CIO,CLC",31,NA,NA,NA,NA,19,50,"N",4,"N","Office and Professional Employees International Union, Local 1794, AFL-CIO,CLC","Initial","Single Labor Organization","Certific. of Representative","Closed","All full-time and regular part-time administrative organizers, organizers, field staff, receptionist, secretaries, accounts payable and accounts receivable employees, the newsletter editor, membership coordinator, research analyst, political director, and organizing interns, employed by the Employer at its Ohio, Kentucky, and West Virginia operations, excluding all managerial employees, confidential employees, and guards and supervisors as defined in the Act.",NA,NA,NA,56,2003-01-01,2003-01-01,"51-100",TRUE,"RC","Yes","Office and Professional Employees International Union, Local 1794, AFL-CIO,CLC",1,"OPEIU",0.62,"Yes",5
"05-RC-015511",NA,"ADT Security Services Inc.",2003-01-10,2003-02-26,"Gaithersburg","MD","A",2003-02-14,50,0,"Office and Professional Employees International Union, Local No. 2, AFL-CIO",30,NA,NA,NA,NA,20,50,"N",0,"N","Office and Professional Employees International Union, Local No. 2, AFL-CIO","Initial","Single Labor Organization","Certific. of Representative","Closed","All full-time and regular part-time service and installation technicians employed by the Employer at its Gaithersburg, Maryland facility; but excluding all office clerical employees, salesmen, managerial and professional employees, confidential employees, guards and supervisors as defined by the National Labor Relations Act.",NA,NA,NA,35,2003-01-01,2003-01-01,"26-50",TRUE,"RC","Yes","Office and Professional Employees International Union, Local No. 2, AFL-CIO",1,"OPEIU",0.6,"Yes",0
"12-RC-008886",NA,"Southern Food Services Management",2003-01-03,2003-03-04,"Brunswick","GA","A",2003-02-14,139,0,"Industrial, Technical & Professional Employees (OPEIU Local 4873)",90,NA,NA,NA,NA,27,117,"N",2,"N","Industrial, Technical & Professional Employees (OPEIU Local 4873)","Initial","Single Labor Organization","Certific. of Representative","Closed","All full-time and regular part-time food service employees employed by the Southern Food Services Management at the Federal Law Enforcement Training Center in Brunswick, Georgia, who were employed during the payroll period ending January 10, 2003

All other clerical employees, professional employees, maintenance employees, guards and supervisor as defined in the Act, as amended.",NA,NA,NA,42,2003-01-01,2003-01-01,"101-500",TRUE,"RC","Yes","Industrial, Technical & Professional Employees (OPEIU Local 4873)",1,"OPEIU",0.769230769230769,"Yes",22
"19-RC-014340",NA,"Lower Columbia Community Action Council",2003-01-02,2003-02-19,"Longview","WA","A",2003-02-10,44,1,"OPEIU Local 8",29,NA,NA,NA,NA,11,40,"N",0,"N","OPEIU Local 8","Initial","Single Labor Organization","Certific. of Representative","Closed","All in-yome care workers employed by the Employer out of its Longview, Washington, facility; excluding managers, confidential employees, temporary employees, all other employees, guards and supervisors as defined in the Act.",NA,NA,NA,39,2003-01-01,2003-01-01,"26-50",TRUE,"RC","Yes","OPEIU Local 8",1,"OPEIU",0.725,"Yes",4
"32-RD-001412",NA,"Andronico's Market",2002-11-12,2002-12-17,"Albany","CA","A",2002-12-09,12,0,"Office & Professional Employees International Union, Local 29",5,NA,NA,NA,NA,7,12,"N",0,"N",NA,"Initial","Single Labor Organization","Certification of Results","Closed",NA,NA,NA,NA,27,2002-10-01,2002-10-01,"11-25",TRUE,"RD","Yes","Office & Professional Employees International Union, Local 29",1,"OPEIU",0.416666666666667,"No",0
"07-RC-022343",NA,"Hospice of Lansing, Inc.",2002-10-21,2002-12-13,"Lansing","MI","B",2002-12-04,6,0,"OPEIU Local 459",3,NA,NA,NA,NA,3,6,"N",0,"N",NA,"Initial","Single Labor Organization","Certific. of Representative","Closed","All full-time and regular part-time registered nurses employed by the Employer at its facilities located at 3411 Stoneleigh and 6035 Executive Drive, Lansing, Michigan, but excluding all licensed practical nurses, all other professional employees, non-professional employees, office clerical employees, all casual employees, guards and supervisors as defined in the Act.","All full-time and regular part-time Social Workers and Coordinators employed by the Employer at its facilities located at 3411 Stoneleigh and 6035 Executive Drive, Lansing, Michigan, but excluding all registered nurses, licensed practical nurses, non-professional employees, office clerical employees, all casual employees, guards and supervisors as defined in the Act.",NA,NA,44,2002-10-01,2002-10-01,"6-10",TRUE,"RC","Yes","OPEIU Local 459",1,"OPEIU",0.5,"Yes",0
"07-RC-022343",NA,"Hospice of Lansing, Inc.",2002-10-21,2002-12-13,"Lansing","MI","A",2002-12-04,11,0,"OPEIU Local 459",6,NA,NA,NA,NA,4,10,"N",1,"N","OPEIU Local 459","Initial","Single Labor Organization","Certific. of Representative","Closed","All full-time and regular part-time registered nurses employed by the Employer at its facilities located at 3411 Stoneleigh and 6035 Executive Drive, Lansing, Michigan, but excluding all licensed practical nurses, all other professional employees, non-professional employees, office clerical employees, all casual employees, guards and supervisors as defined in the Act.","All full-time and regular part-time Social Workers and Coordinators employed by the Employer at its facilities located at 3411 Stoneleigh and 6035 Executive Drive, Lansing, Michigan, but excluding all registered nurses, licensed practical nurses, non-professional employees, office clerical employees, all casual employees, guards and supervisors as defined in the Act.",NA,NA,44,2002-10-01,2002-10-01,"11-25",TRUE,"RC","Yes","OPEIU Local 459",1,"OPEIU",0.6,"Yes",1
"07-RC-022344",NA,"Hospice of Lansing, Inc.",2002-10-21,2002-12-13,"Lansing","MI","A",2002-12-04,14,0,"OPEIU Local 459",7,NA,NA,NA,NA,4,11,"N",2,"N","OPEIU Local 459","Initial","Single Labor Organization","Certific. of Representative","Closed","All full-time and regular part-time licensed practical nurses, home health aides, residential aides, office clerical employees, including medical biller and accounting clerks employed by the Employer at its facilities located at 3411 Stoneleigh and 6035 Executive Drive, Lansing, Michigan, but excluding all registered nurses, professional employees, casual employees, confidential employees, guards and supervisors as defined in the Act.",NA,NA,NA,44,2002-10-01,2002-10-01,"11-25",TRUE,"RC","Yes","OPEIU Local 459",1,"OPEIU",0.636363636363636,"Yes",3
"02-RC-022618",NA,"Interboro Institute",2002-09-09,2002-11-04,"NY","NY","A",2002-10-25,85,0,"Office & Professional Employees International Union, Local 153, AFL-CIO",47,NA,NA,NA,NA,32,79,"N",3,"N","Office & Professional Employees International Union, Local 153, AFL-CIO","Initial","Single Labor Organization","Certific. of Representative","Closed","INCLUDED:   All full-time and regular part-time Office Clerical employees, including Admissions Associate, Admissions Retention, Student Activities Coordinator; Office Manager, Advisor, Information Technology, Financial Aid Counselor, Financial Analyst, ARC Coordinator, TAP Coordinator, Tutor, Library Assistant, Duplicating Services, Receptionist, Registrar Assistant, File Clerk, Switchboard Operator, Assistant Director of Admissions, Administrative Assistant, Bursar Assistant, and Junior Accountant employed by the Employer at its facilities located at 450 West 56th Street, New York, New York; 254 West 54th Street, New York, New York; 260 Audubon Avenue, New York, New York; 135-21 38th Avenue Flushing, New York and 45 Park Avenue, Yonkers, New York, during the payroll period ending Wednesday, September 18, 2002*.

EXCLUDED:   All other employees, including Administrative Service Center Coordinator, Administrative Assistant-Academic Affairs, faculty and professors, maintenance employees, managerial employees, and guards and supervisors as defined in the Act.",NA,NA,NA,46,2002-10-01,2002-07-01,"51-100",TRUE,"RC","Yes","Office & Professional Employees International Union, Local 153, AFL-CIO",1,"OPEIU",0.594936708860759,"Yes",6
"13-RC-020843",NA,"Service Employees International Union, AFL-CIO, #73-HC",2002-08-30,2003-12-10,"Chicago","IL","A",2002-11-08,9,0,"Office & Professional Employees International Union Local #28",4,NA,NA,NA,NA,3,7,"N",2,"Y",NA,"Initial","Single Labor Organization","Withdrawal","Closed",NA,NA,NA,NA,70,2002-10-01,2002-07-01,"6-10",TRUE,"RC","Yes","Office & Professional Employees International Union Local #28",1,"OPEIU",0.571428571428571,"Other",2
"13-RC-020822",NA,"Illinois Nurses Association",2002-07-31,2002-10-02,"Chicago","IL","A",2002-09-19,4,0,"Office and Professional Employees International Union, AFL-CIO, CLC, Local #28",4,NA,NA,NA,NA,0,4,"N",0,"N","Office and Professional Employees International Union, AFL-CIO, CLC, Local #28","Initial","Single Labor Organization","Certific. of Representative","Closed","all full-time office clerical employees employed by the Employer at its facility currently located at 105 West Adams, Suite 2101, Chicago, Ilinois and 107 West Cook, Suite E, Springfield, Illinois; but excluding all Associate Directors, Staff Specialists, External Organizer, managerial employees, confidential employees, guards and supervisors as defined in the Act., and all other employees.","all full-time Associate Director, Communications; Associate Director, Marketing & Membership; Staff Specialists, andExternal Organizer employed by the Employer at its facility currently located at 105 West Adams, Suite 2101, Chicago, Illinois, and 107 West Cook, Suite E, Springfield, Illinois; but excluding all office clerical employees, managerial employees, confidential employees, guards and supervisors, as defined in the Act, and all other employees.",NA,NA,50,2002-07-01,2002-07-01,"<5",TRUE,"RC","Yes","Office and Professional Employees International Union, AFL-CIO, CLC, Local #28",1,"OPEIU",1,"Yes",0
"13-RC-020822",NA,"Illinois Nurses Association",2002-07-31,2002-10-02,"Chicago","IL","B",2002-09-19,11,1,"Office and Professional Employees International Union, AFL-CIO, CLC, Local #28",10,NA,NA,NA,NA,0,10,"N",0,"N","Office and Professional Employees International Union, AFL-CIO, CLC, Local #28","Initial","Single Labor Organization","Certific. of Representative","Closed","all full-time office clerical employees employed by the Employer at its facility currently located at 105 West Adams, Suite 2101, Chicago, Ilinois and 107 West Cook, Suite E, Springfield, Illinois; but excluding all Associate Directors, Staff Specialists, External Organizer, managerial employees, confidential employees, guards and supervisors as defined in the Act., and all other employees.","all full-time Associate Director, Communications; Associate Director, Marketing & Membership; Staff Specialists, andExternal Organizer employed by the Employer at its facility currently located at 105 West Adams, Suite 2101, Chicago, Illinois, and 107 West Cook, Suite E, Springfield, Illinois; but excluding all office clerical employees, managerial employees, confidential employees, guards and supervisors, as defined in the Act, and all other employees.",NA,NA,50,2002-07-01,2002-07-01,"11-25",TRUE,"RC","Yes","Office and Professional Employees International Union, AFL-CIO, CLC, Local #28",1,"OPEIU",1,"Yes",1
"20-RC-017772",NA,"Independent Living Resource Center of San Francisco",2002-07-16,2002-09-06,"San Francisco","CA","A",2002-08-20,16,0,"OPEIU Local 3",14,NA,NA,NA,NA,1,15,"N",0,"N","OPEIU Local 3","Initial","Single Labor Organization","Certific. of Representative","Closed","All full-time and regular part-time Latino Educator/Advocates; Eligibility Specialists; Transition Counselors; Latino Community Outreach Coordinators; Information Managers; Receptionists; Administrative Assistants; Data Entry Clerks; Systems Change Coordinators; Independent Living Assistive Technology Advocates; Deaf Services Counselors; Housing Advocates; Benefits Coordinators; Chinese Access Specialists; Chinese Community Resource Specialists; Disability Leadership Coordinators; and Special Employees employed at the Employer's San Francisco, California facility; excluding the Executive Director; Policy/Advocacy Directors; Program Managers; Administrative Managers; Development Directors; Outreach & Training Managers; and all management officials; confidential employees; guards and supervisors as defined by the Act.",NA,NA,NA,35,2002-07-01,2002-07-01,"11-25",TRUE,"RC","Yes","OPEIU Local 3",1,"OPEIU",0.933333333333333,"Yes",1
"32-RD-001404",NA,"ILWU-FSC Federal Credit Union",2002-07-02,2002-12-30,"Oakland","CA","A",2002-12-20,5,0,"Office & Professional Employees International Union, Local 29",1,NA,NA,NA,NA,5,6,"N",1,"N",NA,"Initial","Revised Single Labor Org","Certification of Results","Closed",NA,NA,NA,NA,171,2002-10-01,2002-07-01,"<5",TRUE,"RD","Yes","Office & Professional Employees International Union, Local 29",1,"OPEIU",0.166666666666667,"No",-1
"32-RD-001404",NA,"ILWU-FSC Federal Credit Union",2002-07-02,2002-12-30,"Oakland","CA","A",2002-11-21,5,1,"Office & Professional Employees International Union, Local 29",1,NA,NA,NA,NA,4,5,"N",3,"N",NA,"Initial","Single Labor Organization","Certification of Results","Closed",NA,NA,NA,NA,142,2002-10-01,2002-07-01,"<5",FALSE,"RD","Yes","Office & Professional Employees International Union, Local 29",1,"OPEIU",0.2,"No",0
"30-RC-006462",NA,"Wisconsin NECA-IBEW Apprenticeship and Training Trust Fund",2002-06-24,2002-08-13,"Madison","WI","A",2002-08-05,4,0,"Office and Professional Employees Local Union 39",3,NA,NA,NA,NA,1,4,"N",0,"N","Office and Professional Employees Local Union 39","Initial","Single Labor Organization","Certific. of Representative","Closed","All full-time and regular part-time office clerical employees employed by employer at its Madison, Wisconsin location, but excluding the Director, Assistant Director, managers, confidential employees, guards, and supervisors as defined under the Act.",NA,NA,NA,42,2002-07-01,2002-04-01,"<5",TRUE,"RC","Yes","Office and Professional Employees Local Union 39",1,"OPEIU",0.75,"Yes",0
"30-RD-001348",NA,"CUNA Credit Union",2002-06-20,2002-10-03,"Madison","WI","A",2002-09-25,82,0,"Office and Professional Employees Local Union 39",13,NA,NA,NA,NA,59,72,"N",4,"N",NA,"Initial","Single Labor Organization","Certification of Results","Closed","All full-time and regular part-time employees employed by the Employer at its Madison, Wisconsin facilities, excluding the President, the Vice President, managers, confidential employees and supervisors as defined in the National Labor Relations Act.",NA,NA,NA,97,2002-07-01,2002-04-01,"51-100",TRUE,"RD","Yes","Office and Professional Employees Local Union 39",1,"OPEIU",0.180555555555556,"No",10
"36-RD-001606",NA,"Human Services Council",2002-06-17,2002-07-30,"Vancouver","WA","A",2002-07-22,15,0,"OPEIU, Local 11",8,NA,NA,NA,NA,5,13,"N",0,"N","OPEIU, Local 11","Initial","Single Labor Organization","Certific. of Representative","Closed","All full time and regular part-time managers and case aides employed by the Employer at its Vancouver, Washington facility; excluding office clerical employees, managers, guards and supervisors as defined in the Act and all other employees.",NA,NA,NA,35,2002-07-01,2002-04-01,"11-25",TRUE,"RD","Yes","OPEIU, Local 11",1,"OPEIU",0.615384615384615,"Yes",2
"19-RD-003531",NA,"Belmont Terrace, Inc.",2002-05-23,2002-06-21,"Bremerton","WA","A",2002-06-13,93,1,"OPEIU Local 23",30,NA,NA,NA,NA,47,77,"N",1,"N",NA,"Initial","Single Labor Organization","Certification of Results","Closed","All full-time and regular part-time activity assistants, beauticians, buffet attendants, cooks, cook helpers, dietary aides, health information assistants, housekeepers, laundry aides, maintenance workers, medical data entry specialists, nursing assistants, nurse technicians, receptionists, therapy assistants, transportation aides and ward clerks employed by the Employer at Belmont Terrace located at 560 Lebo Boulevard and at the Belmont located at 570 Lebo Boulevard, Bremerton, Washington; excluding all temporary employees, on-call employees, registered nurses, physical therapists, occupational therapists, speech therapists, social services, all other professional employees, all other employees, managers, confidential employees, guards and supervisors as defined in the Act.",NA,NA,NA,21,2002-04-01,2002-04-01,"51-100",TRUE,"RD","Yes","OPEIU Local 23",1,"OPEIU",0.38961038961039,"No",16
"26-RD-001065","Region 15, New Orleans, Louisiana","St Vincent Infirmary Medical Center d/b/a St Vincent Health System",2002-05-08,2007-05-02,"Little Rock","AR","A",2007-04-21,829,NA,"OPEIU AFL-CIO",334,NA,NA,NA,NA,224,558,"N",5,"N","OPEIU AFL-CIO","Initial","Single Labor Organization","Certific. of Representative","Closed","Included:  All full-time and part-time Registered Nurses, including those working in the pool for a sufficient number of hours to warrant inclusion in the bargaining unit under existing law, Nurse Consulting Coordinators, Case Managers II, III, and I",NA,NA,NA,1809,2007-04-01,2002-04-01,"500>",TRUE,"RD","Yes","OPEIU AFL-CIO",1,"OPEIU",0.598566308243728,"Yes",271
"21-RC-020469",NA,"San Diego Blood Bank",2002-04-29,2002-06-17,"San Diego","CA","A",2002-06-08,216,0,"Office and Professional Employees International Union, Local 30, AFL-CIO",82,NA,NA,NA,NA,113,195,"N",0,"N",NA,"Initial","Single Labor Organization","Certification of Results","Closed","Included:  All full-time, regular part-time and per diem employees, including accounting clerks, bloodmobile drivers, bone marrow donor recruiters, claims processors, clinical unit assistants, coordinator donor programs, data entry clerks, department clerks, desktop publishing specialists, drivers, help desk administrators, hospital services representatives, lab technicians I, lab technicians II, lead data entry clerks, licensed vocational nurses, medical technicians I, medical technicians II, medical technicians III, network administrators, nursing administrative coordinators, phlebotomists, plant operations specialists, print shop technicians, refreshment center hosts/hostesses, secretaries, senior hospital services representatives, senior plant operations specialists, supply clerks I, supply clerks II, systems analysts-web, systems analysts, telecommunications representatives I and telecommunications representatives II, employed by the Employer at and out of its facilities located at 440 Upas Street, San Diego, 1717 Sweetwater Road, National City, 161 Thunder Drive, Vista, 6880 Fletcher Parkway, 1340 West Valley Parkway, Escondido, 1415 Ross Street, El Centro, and 11229 Slater Avenue, Fountain Valley, California.

Excluded:  Registered nurses, accounting clerks senior, administrative assistants to the director, administrative coordinators, executive assistants to the medical director, executive secretaries, hospital services specialists/training, lab administrative coordinators, senior human resources representatives, managers, guards and supervisors as defined in the Act.",NA,NA,NA,40,2002-04-01,2002-04-01,"101-500",TRUE,"RC","Yes","Office and Professional Employees International Union, Local 30, AFL-CIO",1,"OPEIU",0.420512820512821,"No",21
"36-RD-001601",NA,"Roman Catholic Archbishop of Portland in Oregon, and Successors, a Corporation Sole d/b/a Archdiocese of Portland in Oregon",2002-04-25,2002-06-07,"Portland","OR","A",2002-05-29,33,0,"OPEIU, Local 11, AFL-CIO",21,NA,NA,NA,NA,8,29,"N",0,"N","OPEIU, Local 11, AFL-CIO","Initial","Single Labor Organization","Certific. of Representative","Closed","All office clerical employees, custodians and lead custodians employed by the Employer at its pastoral center located in Portland, Oregon; but excluding administrative, religious order and supervisory employees.",NA,NA,NA,34,2002-04-01,2002-04-01,"26-50",TRUE,"RD","Yes","OPEIU, Local 11, AFL-CIO",1,"OPEIU",0.724137931034483,"Yes",4
"34-RC-001940",NA,"Trinity College",2002-02-01,2002-03-22,"Hartford","CT","A",2002-03-14,133,0,"Office & Professional Employees International Union,, Local 153, AFL-CIO",62,NA,NA,NA,NA,65,127,"N",2,"N",NA,"Initial","Single Labor Organization","Certification of Results","Closed","All full-time and regular part-time office clerical, secretarial and technical employees,   employed at the Employer's Hartford, Connecticut facility; but excluding confidential employees, and guards, professional employees and supervisors as defined by the Act.",NA,NA,NA,41,2002-01-01,2002-01-01,"101-500",TRUE,"RC","Yes","Office & Professional Employees International Union,, Local 153, AFL-CIO",1,"OPEIU",0.488188976377953,"No",6
"22-RC-012173",NA,"Prudential Insurance Co. of America",2002-01-30,2004-02-02,"Newark","NJ","A",2002-04-29,1990,17,"Office & Professional Employees International Union, Local 153, AFL-CIO",748,NA,NA,NA,NA,811,1559,"N",41,"N",NA,"Initial","Single Labor Organization","Certification of Results","Closed","All Prudential Representatives employed by the Employer in its parent offices in the locations specified in Attachment 1, but excluding all other employees, including office clerical employees, managers, office managers, associate office managers, nanaging directors, sales managers, other managerial employees, field service staff employees, service staff employees, regional auditors, guards and supervisors as defined in the Act.",NA,NA,NA,89,2002-04-01,2002-01-01,"500>",TRUE,"RC","Yes","Office & Professional Employees International Union, Local 153, AFL-CIO",1,"OPEIU",0.479794740218089,"No",431
"22-RC-012174",NA,"Prudential Insurance Co. of America",2002-01-30,2004-02-02,"Newark","NJ","A",2002-04-29,1990,17,"Office & Professional Employees International Union, Local 153",748,NA,NA,NA,NA,811,1559,"N",41,"N",NA,"Initial","Single Labor Organization","Certification of Results","Closed","All Prudential Representatives employed by the Employer in its parent offices in the locations specified in Attachment 1, but excluding all other employees, including office clerical employees, managers, office managers, associate office managers, managing directors, sales managers, other managerial employees, field service staff employees, service staff employees, regional auditors, guards and supervisors as defined in the Act.",NA,NA,NA,89,2002-04-01,2002-01-01,"500>",TRUE,"RC","Yes","Office & Professional Employees International Union, Local 153",1,"OPEIU",0.479794740218089,"No",431
"05-RC-015310",NA,"ADT Security Systems, Inc.",2001-12-04,2002-01-02,"Gaithersburg","MD","A",2001-12-21,5,0,"Office & Professional Employees International Union, Local 2, AFL-CIO",1,NA,NA,NA,NA,4,5,"N",0,"N",NA,"Initial","Single Labor Organization","Certification of Results","Closed","All full-time and regular part-time processor administration employees, processor data entry employees, receptionists and coordinator installation employees employed by the Employer at its Gaithersburg, Maryland facility; but excluding all other employees, managerial and professional employees, confidential employees, guards and supervisors as defined by the Act.",NA,NA,NA,17,2001-10-01,2001-10-01,"<5",TRUE,"RC","Yes","Office & Professional Employees International Union, Local 2, AFL-CIO",1,"OPEIU",0.2,"No",0
"13-RM-001706",NA,"Lewis University",2001-09-28,2001-12-04,"Romeoville","IL","A",2001-11-08,48,0,"Office and Professional Employees International Union, Local 28, AFL-CIO",32,NA,NA,NA,NA,14,46,"N",0,"N","Office and Professional Employees International Union, Local 28, AFL-CIO","Initial","Single Labor Organization","Certific. of Representative","Closed","all full-time and regular part-time office clerical employees employed at Lewis University, excluding all other employees, student employees, temporary employees, profesional employees, confidential employees, guards and supervisors as defined in the Act.",NA,NA,NA,41,2001-10-01,2001-07-01,"26-50",TRUE,"RM","Yes","Office and Professional Employees International Union, Local 28, AFL-CIO",1,"OPEIU",0.695652173913043,"Yes",2
"07-RC-022091",NA,"UAW-Daimler Chrysler National Training Center",2001-09-27,2001-12-13,"Detroit","MI","A",2001-12-05,3,0,"OPEIu Local 512",2,NA,NA,NA,NA,1,3,"N",0,"N","OPEIu Local 512","Initial","Single Labor Organization","Certific. of Representative","Closed",NA,NA,NA,NA,69,2001-10-01,2001-07-01,"<5",TRUE,"RC","Yes","OPEIu Local 512",1,"OPEIU",0.666666666666667,"Yes",0
"21-RC-020391",NA,"Quadramed Corporation",2001-09-21,2001-11-09,"Escondido","CA","A",2001-11-01,103,0,"Office and Professional Employees International Union, Local 537",23,NA,NA,NA,NA,76,99,"N",5,"N",NA,"Initial","Single Labor Organization","Certification of Results","Closed","Included:  All full time and regular part time office and clerical employees employed by the Employer at its facility located at 1121 East Washington Avenue, Escondido, CA 92025.

Excluded:  All managers, confidential employees, guards, and supervisors as defined in the Act, and all Field Representatives.",NA,NA,NA,41,2001-10-01,2001-07-01,"101-500",TRUE,"RC","Yes","Office and Professional Employees International Union, Local 537",1,"OPEIU",0.232323232323232,"No",4
"13-RC-020622",NA,"American Postal Worker's Union",2001-07-10,2001-10-30,"Chicago","IL","A",2001-08-20,2,0,"Office and Professional Employees International Union, Union Cities Local #28",2,NA,NA,NA,NA,0,2,"N",0,"N","Office and Professional Employees International Union, Union Cities Local #28","Initial","Single Labor Organization","Certific. of Representative","Closed","all full-time and regular part-time employees employed by the Employer currently located at 2118 S. Michigan Avenue, Chicago, Illinois; but excluding all confidential employees, management employees, officers of the Employer, executive board members, guards, professional employees and supervisors as defined in the Act.",NA,NA,NA,41,2001-07-01,2001-07-01,"<5",TRUE,"RC","Yes","Office and Professional Employees International Union, Union Cities Local #28",1,"OPEIU",1,"Yes",0
"17-RC-011996",NA,"NEO Federal Credit Union",2001-06-26,2001-08-04,"Miami","OK","A",2001-07-24,4,0,"OPEIU Local 330",3,NA,NA,NA,NA,1,4,"N",0,"N","OPEIU Local 330","Initial","Single Labor Organization","Certific. of Representative","Closed","[ Regular part-time clerical employees of the Employer who are not included in a collective-bargaining unit, but EXCLUDING, guards and supervisors as defined in the Act, and all other employees.  ]",NA,NA,NA,28,2001-07-01,2001-04-01,"<5",TRUE,"RC","Yes","OPEIU Local 330",1,"OPEIU",0.75,"Yes",0
"24-RC-008189",NA,"Mova Pharmaceutical Corp.",2001-06-12,2001-08-01,"Caguas","PR","A",2001-07-20,339,0,"Office & Professional Employees Internation Union, Local 402",43,NA,NA,NA,NA,268,311,"N",7,"N",NA,"Initial","Single Labor Organization","Certification of Results","Closed","Included:  All production and maintenance employees employed by the Employer in Caguas, Puerto Ric.",NA,NA,NA,38,2001-07-01,2001-04-01,"101-500",TRUE,"RC","Yes","Office & Professional Employees Internation Union, Local 402",1,"OPEIU",0.138263665594855,"No",28
"19-RC-014106",NA,"Group Health Cooperative",2001-05-17,2001-07-03,"Bellingham","WA","A",2001-06-25,14,1,"OPEIU Local 8",9,NA,NA,NA,NA,4,13,"N",0,"N","OPEIU Local 8","Initial","Single Labor Organization","Certific. of Representative","Closed","All Network Provider Representatives employed by Group Health Cooperative at its Bellingham, Washington, facility; excluding all other employees, guards, and supervisors as defined in the Act.",NA,NA,NA,39,2001-04-01,2001-04-01,"11-25",TRUE,"RC","Yes","OPEIU Local 8",1,"OPEIU",0.692307692307692,"Yes",1
"19-RC-014102",NA,"Group Health Cooperative",2001-05-04,2002-03-15,"Spokane","WA","A",2002-03-07,224,0,"OPEIU Local 8",76,NA,NA,NA,NA,132,208,"N",3,"N",NA,"Initial","Single Labor Organization","Certification of Results","Closed","All Clerical Assistant IIs, Mail Clerks, Medical Record Clerks, Medical Record Specialists, Medical Transcriptionists, PBX Operators, Membership Accounting Representatives, Patient Representatives, Medical Billing Specialists, A/R Billing Specialists, Patient Billing Specialists, Coding Specialists, Duplication Specialists, Claims Specialist Eligibility Verifiers, Claims Specialist Visiting Members, Claims Processors, Insurance Specialist (COB)s, Insurance Specialist (OPL)s, Claims Examiners, Referral Management Specialists, Customer Service Specialists, and Inpatient Authorization Specialists employed by the Employer in its """"Eastern Division""""; but excluding all other employees, managers, confidential employees, temporary employees, guards and supervisors as defined in the Act.",NA,NA,NA,307,2002-01-01,2001-04-01,"101-500",TRUE,"RC","Yes","OPEIU Local 8",1,"OPEIU",0.365384615384615,"No",16
"18-RC-016784",NA,"Reliant Energy Minnegasco",2001-04-02,2001-05-17,"Mankato","MN","A",2001-05-10,18,0,"Office & Professional Employees International Union, Local 12",15,NA,NA,NA,NA,3,18,"N",1,"N","Office & Professional Employees International Union, Local 12","Initial","Single Labor Organization","Certific. of Representative","Closed","All full-time and regular part-time Customer Information Phone Representatives employed by the Employer at its facility located at 2400 North Riverfront Drive, Mankato, Minnesota; excluding Dispatchers, Administrative Specialists, Administrative Assistants, EMS Outstate Clerks, Operations Support Representatives, Field Collections Representatives, Retail Sales Field Representatives, Forecasting Analysts, Sales Associates R/M II, Telephone Sales Associates, technical employees, employees represented by IUOE Local 949, office clerical employees, managerial employees, guards and supervisors as defined in the Act, and all other employees.",NA,NA,NA,38,2001-04-01,2001-04-01,"11-25",TRUE,"RC","Yes","Office & Professional Employees International Union, Local 12",1,"OPEIU",0.833333333333333,"Yes",0
"36-RC-006065",NA,"Columbia Ford, Inc.",2001-03-28,2001-05-14,"Longview","WA","A",2001-05-04,16,0,"OPEIU, Local 11",10,NA,NA,NA,NA,6,16,"N",0,"N","OPEIU, Local 11","Initial","Single Labor Organization","Certific. of Representative","Closed","All porters, lot persons, detailers and greeters employed by the Employer at its Longview, Washington facility; but excluding all professional employees; sales persons; parts department managers; journeyman parts countermen; experienced parts department employees; parts department helpers; fast lube specialists; truck and heavy duty mechanics and machinists; truck and heavy duty mechanics and machinists apprentices; body and fender-men; body and fender-men apprentices; welders; welder apprentices; ignition, electrical, instrument and radio repairmen; ignition, electrical, instrument and radio repairmen apprentices; trimmers and upholstery-men; trimmers and upholstery-men apprentices; painters; painters apprentices; shop foremen using the tools of the trade; all receptionists, accounting clerks, cashiers, service clerks, secretaries, rental car coordinators, customer relations employees, title clerks, and inventory clerks; all guards and supervisors as defined in the Act and all other employees.",NA,NA,NA,37,2001-04-01,2001-01-01,"11-25",TRUE,"RC","Yes","OPEIU, Local 11",1,"OPEIU",0.625,"Yes",0
"36-RC-006064",NA,"Human Services Council",2001-03-27,2001-05-10,"Vancouver","WA","A",2001-05-02,16,0,"OPEIU, Local #11",11,NA,NA,NA,NA,4,15,"N",0,"N","OPEIU, Local #11","Initial","Single Labor Organization","Certific. of Representative","Closed","All full time and regular part-time case managers and case aides employed by the Employer at its Vancouver, Washington facility; excluding office clerical employees, managers, guards and supervisors as defined in the Act and all other employees.",NA,NA,NA,36,2001-04-01,2001-01-01,"11-25",TRUE,"RC","Yes","OPEIU, Local #11",1,"OPEIU",0.733333333333333,"Yes",1
"36-RC-006061",NA,"Columbia Ford, Inc.",2001-03-19,2001-05-23,"Longview","WA","A",2001-05-04,15,0,"Office & Professional Employees Union, Local 11, AFL-CIO",5,NA,NA,NA,NA,3,8,"N",7,"Y",NA,"Initial","Single Labor Organization","Withdrawal","Closed","All office clerical support employees employed by the Employer at its Longview, Washington facility including all receptionists, accounting clerks, cashiers, service clerks, secretaries, rental car coordinators, customer relations employees, title clerks, and inventory clerks; but excluding all professional employees; sales persons; parts department managers; journeyman parts countermen; experienced parts department employees; parts department helpers; fast lube specialists; truck and heavy duty mechanics and machinists; truck and heavy duty mechanics and machinists apprentices; body and fender-men; body and fender-men apprentices; welders; welder apprentices; ignition, electrical, instrument and radio repairmen; ignition, electrical, instrument and radio repairmen apprentices; trimmers and upholstery-men; trimmers and upholstery-men apprentices; painters; painters apprentices; shop foremen using the tools of the trade; all porters, lot persons, detailers and greeters; all guards and supervisors as defined in the Act and all other employees.",NA,NA,NA,46,2001-04-01,2001-01-01,"11-25",TRUE,"RC","Yes","Office & Professional Employees Union, Local 11, AFL-CIO",1,"OPEIU",0.625,"Other",7
"19-RC-014062",NA,"Belmont Terrace",2001-01-22,2001-05-14,"Bremerton","WA","A",2001-05-04,102,1,"OPEIU Union Local 23",46,NA,NA,NA,NA,35,81,"N",6,"N","OPEIU Union Local 23","Initial","Single Labor Organization","Certific. of Representative","Closed","All full-time and regular part-time activity assistants, beauticians, buffet attendants, cooks, cook helpers, dietary aides, health information assistants, housekeepers, laundry aides, maintenance workers, medical data entry specialist, nursing assistants, nurse technicians, receptionist, theraphy assistants, transportation aides and ward clerks employed by the Employer at its Bremerton, Washington, facility; excluding all temporary employees, on-call employees, registered nurses, physical therapists, occupational therapists, speech therapists, social services, all other professional employees, all other employees, managers, confidential employees, guards and supervisors as defined in the Act.",NA,NA,NA,102,2001-04-01,2001-01-01,"101-500",TRUE,"RC","Yes","OPEIU Union Local 23",1,"OPEIU",0.567901234567901,"Yes",21
"05-RC-015146",NA,"Alliance for Retired Americans",2001-01-05,2001-02-07,"Washington","DC","A",2001-01-23,9,0,"Office and Professional Employees International Union, Local No. 2, AFL-CIO",8,NA,NA,NA,NA,1,9,"N",0,"N","Office and Professional Employees International Union, Local No. 2, AFL-CIO","Initial","Single Labor Organization","Certific. of Representative","Closed","Voting Group #1
All professional employees employed by the Employer, but excluding all other employees, confidential employees, managers, guards and supervisors as defined by the Act.

Voting Group #2
All employees employed by the Employer, but excluding professional employees, confidential employees, managers, guards and supervisors as defined by the Act.

If a majority of the professional employees in Voting Group #1 vote """"Yes"""" to the first question, indicating their wish to be included in a unit with the non-professional employees, they will be so included.  Their votes in the second question will then be counted together with the votes of the non-professional Voting Group #2 to decide the representative for the whole unit.  If less than a majority of the employees in Voting Group #1 vote yes to the first question, they will not be included with the non-professional employees.  Their Votes on the second question will then be separately counted to decide whether or not they desire to bre represented by the Office & Professional Employees International Union, Local 2, AFL-CIO, in a separate professional unit.",NA,NA,NA,18,2001-01-01,2001-01-01,"6-10",TRUE,"RC","Yes","Office and Professional Employees International Union, Local No. 2, AFL-CIO",1,"OPEIU",0.888888888888889,"Yes",0
"14-RM-000722",NA,"Aerospace Community Credit Union",2000-11-28,2001-01-18,"St. Charles","MO","A",2001-01-09,53,0,"Office & Professional Employees International Union, Local No. 13",27,NA,NA,NA,NA,16,43,"N",0,"N","Office & Professional Employees International Union, Local No. 13","Initial","Single Labor Organization","Certific. of Representative","Closed","All office and clerical employees employed by the Employer at its Missouri facilities, EXCLUDING the executive secretary, professional employees, guards and supervisors as defined in the Act.",NA,NA,NA,42,2001-01-01,2000-10-01,"51-100",TRUE,"RM","Yes","Office & Professional Employees International Union, Local No. 13",1,"OPEIU",0.627906976744186,"Yes",10
"28-RC-005917",NA,"The Hertz Corporation",2000-11-28,2001-01-18,"Phoenix","AZ","A",2001-01-09,86,1,"Office and Professional Employees International Union, Local 56 AFL-CIO, CLC",27,NA,NA,NA,NA,53,80,"N",0,"N",NA,"Initial","Single Labor Organization","Certification of Results","Closed","INCLUDED;  All full-time and regular part-time counter service representatives, instant return representatives, DRB clerks, gold runners and dispatchers employed by the Employer at its Sky Harbor Airport, Phoenix, AZ, facilities, including but not limited to 500 S. 24th St., Phoenix, AZ.
EXCLUDED:  All other employees, employe relations clerks, maintenance clerks, confidentials, and supervisors as defined in the Act.",NA,NA,NA,42,2001-01-01,2000-10-01,"51-100",TRUE,"RC","Yes","Office and Professional Employees International Union, Local 56 AFL-CIO, CLC",1,"OPEIU",0.3375,"No",6
"21-RD-002687",NA,"Kaiser Foundation Hospitals, Southern California Permanente Medical Group, Kaiser Foundation Health Plan",2000-08-28,2000-10-30,"San Diego","CA","A",2000-10-19,55,0,"Office and Professional Employees International Union, Local 30, AFL-CIO",1,NA,NA,NA,NA,43,44,"N",2,"N",NA,"Initial","Single Labor Organization","Certification of Results","Closed","Included:  All full-time and regular part-time professional clinical laboratory scientists employed by the Employer at its facilities located in San Diego county, California.

Excluded:  All other unrepresented professional employees, all professional employees represented by other bargaining units, all other employees, all nonprofessional employees, guards and supervisors as defined in the Act.",NA,NA,NA,52,2000-10-01,2000-07-01,"51-100",TRUE,"RD","Yes","Office and Professional Employees International Union, Local 30, AFL-CIO",1,"OPEIU",0.0227272727272727,"No",11
"18-RC-016703",NA,"OBA Midwest, Ltd.",2000-08-09,2000-10-10,"Des Moines","IA","A",2000-10-03,2,0,"Office & Professional Employees International Union - Local 28",2,NA,NA,NA,NA,0,2,"N",0,"N","Office & Professional Employees International Union - Local 28","Initial","Single Labor Organization","Certific. of Representative","Closed","All full-time and regular part-time office staff, clerks, processors and support staff employed at the Employer's Des Moines, Iowa location; excluding guards and supervisors as defined in the National Labor Relations Act, as amended, and all other employees.",NA,NA,NA,55,2000-10-01,2000-07-01,"<5",TRUE,"RC","Yes","Office & Professional Employees International Union - Local 28",1,"OPEIU",1,"Yes",0
"19-RD-003454",NA,"KPS Health Plans",2000-07-07,2000-10-12,"Bremerton","WA","A",2000-10-04,35,0,"OPEIU Local 23",16,NA,NA,NA,NA,18,34,"N",0,"N",NA,"Initial","Single Labor Organization","Certification of Results","Closed","All claims control clerks, claims general clerks, data entry claimms examiners, customer service general clerks, general services clerks, manage care general clerks, medical services general clerks, telephone receptionists, accounting clerks, claims support clerks, general services technicians, medical services support clerks, receptionists, claims examiners, membership accounts technicians, senior claims examiners, system maintenance examiners, accounting technicians, customer service representatives, membership accounts leads, senior accounting technicians, claims leads and customer service leads employed by the Employer at its Bremerton, Washington, facility; excluding all other employees, managers, guards and supervisors as defined by the Act.",NA,NA,NA,89,2000-10-01,2000-07-01,"26-50",TRUE,"RD","Yes","OPEIU Local 23",1,"OPEIU",0.470588235294118,"No",1
"36-RC-006016",NA,"Crate's Point",2000-06-30,2000-08-18,"The Dalles","OR","A",2000-08-10,7,0,"OPEIU Local 11",3,NA,NA,NA,NA,3,6,"N",0,"N",NA,"Initial","Single Labor Organization","Certification of Results","Closed","All full-time and regular part-time employees employed by the Employer at its The Dalles, Oregon facility, excluding temporary employees, managerial employees, confidential employees, and all professional employees, guards and supervisors as defined in the Act.",NA,NA,NA,41,2000-07-01,2000-04-01,"6-10",TRUE,"RC","Yes","OPEIU Local 11",1,"OPEIU",0.5,"No",1
"03-RC-011000",NA,"WELLCARE OF NEW YORK",2000-06-26,2000-08-25,"Albany","NY","A",2000-08-16,8,1,"Office & Professional Employees International Union, Local 153, AFL-CIO",0,NA,NA,NA,NA,4,4,"N",0,"N",NA,"Initial","Single Labor Organization","Certification of Results","Closed","All full-time and regular marketing representatives employed by the Employer at its Kingston, Binghamton and Albany facilities, excluding all other employees, office clerical employees, managerial employees, confidential employees, guards and supervisors as defined in the Act.",NA,NA,NA,51,2000-07-01,2000-04-01,"6-10",TRUE,"RC","Yes","Office & Professional Employees International Union, Local 153, AFL-CIO",1,"OPEIU",0,"No",4
"32-RC-004777",NA,"University of the Pacific",2000-06-23,2000-09-07,"Stockton","CA","A",2000-08-30,203,1,"Office and Professional Employees Int'l. Union, Local 3",78,NA,NA,NA,NA,102,180,"N",5,"N",NA,"Initial","Single Labor Organization","Certification of Results","Closed",NA,NA,NA,NA,68,2000-07-01,2000-04-01,"101-500",TRUE,"RC","Yes","Office and Professional Employees Int'l. Union, Local 3",1,"OPEIU",0.433333333333333,"No",23
"03-RC-011001",NA,"Comprehensive Health Management Inc.",2000-06-23,2000-08-07,"Kingston","NY","B",2000-07-28,8,0,"Office & Professional Employees International Union, Local 153, AFL-CIO",2,NA,NA,NA,NA,2,4,"N",0,"N",NA,"Initial","Single Labor Organization","Certification of Results","Closed","All full-time and regular part-time office clerical employees, maintenance employees and licensed practical nurses employed by the Employer at the Kingston, NY facility; 
Excluded: all other employees, registered nurses, guards, managerial employees, confidential employees and supervisors as defined in the Act.","Included: All full-time and regular part-time registered nurses employed by the Employer at the Kingston, New York facility; 
Excluded:  all other employees, office clerical employees, maintenance employees, licensed practical nurses, guards, managerial employees, confidential employees and supervisors as defined in the Act.",NA,NA,35,2000-07-01,2000-04-01,"6-10",TRUE,"RC","Yes","Office & Professional Employees International Union, Local 153, AFL-CIO",1,"OPEIU",0.5,"No",4
"03-RC-011001",NA,"Comprehensive Health Management Inc.",2000-06-23,2000-08-07,"Kingston","NY","A",2000-07-28,50,0,"Office & Professional Employees International Union, Local 153, AFL-CIO",18,NA,NA,NA,NA,26,44,"N",3,"N",NA,"Initial","Single Labor Organization","Certification of Results","Closed","All full-time and regular part-time office clerical employees, maintenance employees and licensed practical nurses employed by the Employer at the Kingston, NY facility; 
Excluded: all other employees, registered nurses, guards, managerial employees, confidential employees and supervisors as defined in the Act.","Included: All full-time and regular part-time registered nurses employed by the Employer at the Kingston, New York facility; 
Excluded:  all other employees, office clerical employees, maintenance employees, licensed practical nurses, guards, managerial employees, confidential employees and supervisors as defined in the Act.",NA,NA,35,2000-07-01,2000-04-01,"26-50",TRUE,"RC","Yes","Office & Professional Employees International Union, Local 153, AFL-CIO",1,"OPEIU",0.409090909090909,"No",6
"02-RC-022255",NA,"Magellan Behavioral Health, Inc.",2000-06-15,2000-08-30,"New York","NY","A",2000-08-22,110,4,"Office & Professional Employees International Union, Local 153, AFL-CIO",44,NA,NA,NA,NA,49,93,"N",2,"N",NA,"Initial","Single Labor Organization","Certification of Results","Closed","INCLUDED:  All full-time and regular part-time employees of the Employer employed as counselors providing employee assistance program services for the benefit of United States Postal Service employees at the United States Postal Service and/or the Employer's facilities located in the states of New York, Connecticut, Pennsylvania, Vermont, Massachusetts, Ohio, Kentucky, Tennessee, Georgia, South Carolina, North Carolina, Mississippi, Alabama, Florida, New Jersey, Delaware, New Hampshire, West Virginia, Virginia, Maine, Rhode Island and Maryland, and the Commonwealth of Puerto Rico and in the District of Columbia.

EXCLUDED:  All other employees, including office clerical employees, managerial employees, confidential employees and all guards, professional employees and supervisors as defined in the Act.",NA,NA,NA,68,2000-07-01,2000-04-01,"101-500",TRUE,"RC","Yes","Office & Professional Employees International Union, Local 153, AFL-CIO",1,"OPEIU",0.473118279569892,"No",17
"18-RD-002324",NA,"Marigold Foods, Inc.",2000-05-26,2000-06-30,"Minneapolis","MN","A",2000-06-23,13,0,"Local 12 Office & Professional Employees (OPEIU)",7,NA,NA,NA,NA,6,13,"N",0,"N","Local 12 Office & Professional Employees (OPEIU)","Initial","Single Labor Organization","Certific. of Representative","Closed","All full-time and regular part-time office clerical employees employed by the Employer at its facility located at 1055 - 10th Avenue SE, Minneapolis, MN, including receptionists, accounts receivable, order entry & billing, and vacation relief; excluding pricing and administrative support employees, production and maintenance employees, managerial and professional employees, guards and supervisors as defined in the Act, and all other employees.",NA,NA,NA,28,2000-04-01,2000-04-01,"11-25",TRUE,"RD","Yes","Local 12 Office & Professional Employees (OPEIU)",1,"OPEIU",0.538461538461538,"Yes",0
"22-RC-011917",NA,"Chartwell/Manalapan-Englishtown Reg. Board of Education",2000-05-10,2000-07-05,"Manalapan-Englishtown","NJ","A",2000-06-15,33,0,"Office & Professional Employees International Union Local 153",32,NA,NA,NA,NA,0,32,"N",0,"N","Office & Professional Employees International Union Local 153","Initial","Single Labor Organization","Certific. of Representative","Closed","Included:  All full time and regular part time leaders, cooks, food transporters/stockroom employees, grill cooks, and food service workers/cashiers/utility employees.

Excluding:  All office clerical employees, managerial employees, confidential employees, guards and supervisors as defined in the Act.",NA,NA,NA,36,2000-04-01,2000-04-01,"26-50",TRUE,"RC","Yes","Office & Professional Employees International Union Local 153",1,"OPEIU",1,"Yes",1
"24-RC-008094",NA,"Adriana Pharmaceutical Distribution",2000-03-15,2001-09-27,"Ponce","PR","A",2000-09-11,12,0,"Office & Professional Employees Internation Union, Local 402",7,NA,NA,NA,NA,5,12,"N",0,"N","Office & Professional Employees Internation Union, Local 402","Initial","Revised Single Labor Org","Certific. of Representative","Closed","Included:  All office clerical employees including salesmen and warehouse employees employed by the Employer at its Ponce, Puerto Rico facility.

Excluded:  All other employees, guards and supervisors as defined by the Act",NA,NA,NA,180,2000-07-01,2000-01-01,"11-25",TRUE,"RC","Yes","Office & Professional Employees Internation Union, Local 402",1,"OPEIU",0.583333333333333,"Yes",0
"24-RC-008094",NA,"Adriana Pharmaceutical Distribution",2000-03-15,2001-09-27,"Ponce","PR","A",2000-04-18,12,0,"Office & Professional Employees Internation Union, Local 402",5,NA,NA,NA,NA,5,10,"N",2,"Y",NA,"Initial","Single Labor Organization","Certific. of Representative","Closed","Included:  All office clerical employees including salesmen and warehouse employees employed by the Employer at its Ponce, Puerto Rico facility.

Excluded:  All other employees, guards and supervisors as defined by the Act",NA,NA,NA,34,2000-04-01,2000-01-01,"11-25",FALSE,"RC","Yes","Office & Professional Employees Internation Union, Local 402",1,"OPEIU",0.5,"Yes",2
"17-RC-011836",NA,"Swope Ridge Geriatric Center",2000-02-29,2000-04-13,"Kansas City","MO","A",2000-04-03,22,0,"OPEIU, Local 320",17,NA,NA,NA,NA,3,20,"N",0,"N","OPEIU, Local 320","Initial","Single Labor Organization","Certific. of Representative","Closed","[  All full-time and regular part-time licensed practical nurses employed by Swope Ridge Geriatric Center at its facility located at 5900 Swope Parkway, Kansas City, Missouri, but EXCLUDING all office clerical employees, supervisors as defined in the Act, and all other employees. ]",NA,NA,NA,34,2000-04-01,2000-01-01,"11-25",TRUE,"RC","Yes","OPEIU, Local 320",1,"OPEIU",0.85,"Yes",2
"05-RC-014974",NA,"Magellan Behavioral Health - A Division of Magellan Health Services, Inc.",2000-02-15,2000-04-12,"Columbia","MD","A",2000-03-30,200,2,"Office and Professional Employees International Union, Local 2, AFL-CIO, CLC",63,NA,NA,NA,NA,104,167,"N",1,"N",NA,"Initial","Single Labor Organization","Certification of Results","Closed","All full time and regular part time Claims Department employees employed by the Employer at its location in Columbia, Maryland; but excluding all other employees, managers, guards and supervisors as defined by the Act.",NA,NA,NA,44,2000-01-01,2000-01-01,"101-500",TRUE,"RC","Yes","Office and Professional Employees International Union, Local 2, AFL-CIO, CLC",1,"OPEIU",0.377245508982036,"No",33
"21-RD-002682",NA,"ConAgra Grocery Products Company",2000-02-01,2000-03-20,"Fullerton; Placentia","CA","A",2000-03-08,137,0,"Office & Professional Employees' Interna",51,NA,NA,NA,NA,51,128,"N",0,"N","Office & Professional Employees' Interna","Initial","Single Labor Organization","Certific. of Representative","Closed","Included:  All full-time and regular part-time office, plant office, and clerical employees employed by the Employer at its facilities located at 1645 West Valencia Drive, Fullerton, California, 535 North Gilbert Street, Fullerton, California, and 200 Boysenberry Lane, Placentia, California.

Excluded:  All other employees, confidential employees, watchmen, guards, professional employees, and supervisors as defined in the Act.",NA,NA,NA,36,2000-01-01,2000-01-01,"101-500",TRUE,"RD","Yes","Office & Professional Employees' Interna",1,"OPEIU",0.5,"Yes",35
"31-RC-007821",NA,"Warner Bros. Studios Facilities",2000-01-14,2000-03-13,"Los Angeles","CA","A",2000-03-02,114,1,"Office & Professional Employees IntÆl Un",69,NA,NA,NA,NA,17,86,"N",0,"N","Office & Professional Employees IntÆl Un","Initial","Single Labor Organization","Certific. of Representative","Closed",NA,NA,NA,NA,48,2000-01-01,2000-01-01,"101-500",TRUE,"RC","Yes","Office & Professional Employees IntÆl Un",1,"OPEIU",0.802325581395349,"Yes",28
"07-RC-021707",NA,"McLaren Medical Mgt. Inc.",1999-10-28,2000-06-13,"LANSING","MI","A",2000-04-27,8,0,"OPEIU Local 459",7,NA,NA,NA,NA,1,8,"N",0,"N","OPEIU Local 459","Initial","Single Labor Organization","Certific. of Representative","Closed",NA,NA,NA,NA,182,2000-04-01,1999-10-01,"6-10",TRUE,"RC","Yes","OPEIU Local 459",1,"OPEIU",0.875,"Yes",0
"07-RC-021706",NA,"McLaren Medical Mgt.",1999-10-28,2000-06-13,"Lansing","MI","A",2000-04-27,16,0,"Local 459 OPEIU",11,NA,NA,NA,NA,2,13,"N",3,"N","Local 459 OPEIU","Initial","Single Labor Organization","Certific. of Representative","Closed",NA,NA,NA,NA,182,2000-04-01,1999-10-01,"11-25",TRUE,"RC","Yes","Local 459 OPEIU",1,"OPEIU",0.846153846153846,"Yes",3
"07-RC-021699",NA,"G.E. National Tec. Team",1999-10-22,2000-05-16,"Sault Ste. Marie","MI","A",1999-12-03,246,0,"OPEIU, Local 512, AFL-CIO-CLC",39,NA,NA,NA,NA,186,225,"N",0,"N",NA,"Initial","Single Labor Organization","Certification of Results","Closed",NA,NA,NA,NA,42,1999-10-01,1999-10-01,"101-500",TRUE,"RC","Yes","OPEIU, Local 512, AFL-CIO-CLC",1,"OPEIU",0.173333333333333,"No",21
"18-RC-016565",NA,"Dakota Clinic Ltd.",1999-10-18,1999-11-30,"Thief River Falls","MN","A",1999-11-23,85,0,"Office & Professional Employees International Union, Local 12",27,NA,NA,NA,NA,54,81,"N",0,"N",NA,"Initial","Single Labor Organization","Certification of Results","Closed","All full-time and regular part-time clinic employees employed by the Employer at its Thief River Falls, Minnesota facility; excluding managerial employees, confidential employees, casual employees, temporary employees, doctors, podiatrists, professional employees (including, but not limited to:  RNs, physicians assistants and physical therapists), guards and supervisors as defined in the Act, as amended.",NA,NA,NA,36,1999-10-01,1999-10-01,"51-100",TRUE,"RC","Yes","Office & Professional Employees International Union, Local 12",1,"OPEIU",0.333333333333333,"No",4
"30-RC-006157",NA,"Daily Press, a subsidiary of Ogden News Publishing of Michigan",1999-10-13,1999-11-22,"Escanaba","MI","A",1999-11-12,20,0,"Office & Professional Employees International Union, Local 512, AFL-CIO-CLC",2,NA,NA,NA,NA,17,19,"N",0,"N",NA,"Initial","Single Labor Organization","Certification of Results","Closed","All full time and regular part time support employees employed by the Daily Press; excluding all district managers, managerial employees, confidential employees, guards and supervisors as defined in the Act.",NA,NA,NA,30,1999-10-01,1999-10-01,"11-25",TRUE,"RC","Yes","Office & Professional Employees International Union, Local 512, AFL-CIO-CLC",1,"OPEIU",0.105263157894737,"No",1
"30-RC-006153",NA,"Daily Press, a subsidiary of Ogden News Publishing of Michigan",1999-10-01,1999-11-22,"Escanaba","MI","A",1999-11-12,13,0,"Office & Professional Employees International Union, Local 512, AFL-CIO-CLC",3,NA,NA,NA,NA,10,13,"N",0,"N",NA,"Initial","Single Labor Organization","Certification of Results","Closed","Those eligible to vote are all full time and regular part-time newsroom employees employed by the Daily Press, who were employed during the payroll period ending October 2, 1999; excluding the editor, guards and supervisors as defined in the Act.",NA,NA,NA,42,1999-10-01,1999-10-01,"11-25",TRUE,"RC","Yes","Office & Professional Employees International Union, Local 512, AFL-CIO-CLC",1,"OPEIU",0.230769230769231,"No",0
"31-RC-007793",NA,"United Paradyne Corp.",1999-09-29,1999-11-30,"Lancaster","CA","A",1999-11-04,42,0,"Office & Professional Employees Int'l. Union, AFL-CIO",15,NA,NA,NA,NA,24,39,"N",1,"N",NA,"Initial","Single Labor Organization","Certification of Results","Closed",NA,NA,NA,NA,36,1999-10-01,1999-07-01,"26-50",TRUE,"RC","Yes","Office & Professional Employees Int'l. Union, AFL-CIO",1,"OPEIU",0.384615384615385,"No",3
"26-RC-008124",NA,"St. Vincent Health System",1999-09-28,2000-06-26,"Pulaski County","AR","A",2000-05-27,851,0,"Office & Professional Employees International Union, AFL-CIO",358,NA,NA,NA,NA,316,674,"N",48,"Y","Office & Professional Employees International Union, AFL-CIO","Rerun","Single Labor Organization","Certific. of Representative","Closed","INCLUDED:  All full-time and regular part-time Registered Nurses, including those working in the pool for a sufficient number of hours to warrant inclusion in the bargaining unit under existing law, Nurse Consulting Coordinators, Case Managers II, III and IV, Home Health Nurses, """"Charge Nurse Function"""", Nursing Instructors, Employee Health Nurses, Health Ministry Coordinators, Senior Epidemiologists, Hospice Nurses, Utilization Review Nurses, Nurse Team Leaders, VNA Nurses, Community Health Nurses and Nurse Practitioners employed by St. Vincent Health System in Pulaski County, Arkansas.

EXCLUDED:  All office clerical employees, physicians, service employees, maintenance employees, technical employees, temporary employees, traveler employees, contract registered nurses, confidential employees, guards and supervisors as defined in the Act.",NA,NA,NA,242,2000-04-01,1999-07-01,"500>",TRUE,"RC","Yes","Office & Professional Employees International Union, AFL-CIO",1,"OPEIU",0.531157270029674,"Yes",177
"26-RC-008124",NA,"St. Vincent Health System",1999-09-28,2000-06-26,"Little Rock","AR","A",1999-11-06,850,0,"Office & Professional Employees International Union, AFL-CIO",374,NA,NA,NA,NA,382,756,"N",26,"Y",NA,"Initial","Single Labor Organization","Certific. of Representative","Closed","INCLUDED:  All full-time and regular part-time Registered Nurses, including those working in the pool for a sufficient number of hours to warrant inclusion in the bargaining unit under existing law, Nurse Consulting Coordinators, Case Managers II, III and IV, Home Health Nurses, """"Charge Nurse Function"""", Nursing Instructors, Employee Health Nurses, Health Ministry Coordinators, Senior Epidemiologists, Hospice Nurses, Utilization Review Nurses, Nurse Team Leaders, VNA Nurses, Community Health Nurses and Nurse Practitioners employed by St. Vincent Health System in Pulaski County, Arkansas.

EXCLUDED:  All office clerical employees, physicians, service employees, maintenance employees, technical employees, temporary employees, traveler employees, contract registered nurses, confidential employees, guards and supervisors as defined in the Act.",NA,NA,NA,39,1999-10-01,1999-07-01,"500>",FALSE,"RC","Yes","Office & Professional Employees International Union, AFL-CIO",1,"OPEIU",0.494708994708995,"Yes",94
"05-RC-014886",NA,"Reed Technology & Information Services, Inc.",1999-08-20,1999-10-15,"Alexandria","VA","A",1999-10-01,59,2,"Local 2, OPEIU",20,NA,NA,NA,NA,34,54,"N",1,"N",NA,"Initial","Single Labor Organization","Certification of Results","Closed",NA,NA,NA,NA,42,1999-10-01,1999-07-01,"51-100",TRUE,"RC","Yes","Local 2, OPEIU",1,"OPEIU",0.37037037037037,"No",5
"17-RC-011785",NA,"Shalom Geriatric Center, Inc.",1999-08-18,1999-10-07,"Kansas City","MO","A",1999-09-24,6,0,"OPEIU, Local 320",1,NA,NA,NA,NA,4,5,"N",0,"N",NA,"Initial","Single Labor Organization","Certification of Results","Closed","All full-time, regular part-time, and """"on-call"""" employees in the classification of Registered Nurse employed at Shalom Geriatric Center at its facility located at 7801 Holmes Road, Kansas City, Missouri, but excluding the classifications of Director of Nurses, Assistant Director of Nurses, Quality Assurance RN, Care Planning Coordinator, Unit Manager, House Supervisor and office clerical employees, guards and supervisors as defined by the Act, and all other employees.","All  full-time, regular part-time, and """"on-call"""" employees in the classification of Licensed Practical Nurse employed at Shalom Geriatric Center at its facility located at 7801 Holmes Road, Kansas City, Missouri, but excluding the classifications of Director of Nurses, Assistant Director of Nurses, Quality Assurance RN, Care Planning Coordinator, Unit Manager, House Supervisor and office clerical employees, guards and supervisors as defined by the Act, and all other employees.",NA,NA,37,1999-07-01,1999-07-01,"6-10",TRUE,"RC","Yes","OPEIU, Local 320",1,"OPEIU",0.2,"No",1
"17-RC-011785",NA,"Shalom Geriatric Center, Inc.",1999-08-18,1999-10-07,"Kansas City","MO","B",1999-09-24,26,0,"OPEIU, Local 320",20,NA,NA,NA,NA,2,22,"N",0,"N","OPEIU, Local 320","Initial","Single Labor Organization","Certification of Results","Closed","All full-time, regular part-time, and """"on-call"""" employees in the classification of Registered Nurse employed at Shalom Geriatric Center at its facility located at 7801 Holmes Road, Kansas City, Missouri, but excluding the classifications of Director of Nurses, Assistant Director of Nurses, Quality Assurance RN, Care Planning Coordinator, Unit Manager, House Supervisor and office clerical employees, guards and supervisors as defined by the Act, and all other employees.","All  full-time, regular part-time, and """"on-call"""" employees in the classification of Licensed Practical Nurse employed at Shalom Geriatric Center at its facility located at 7801 Holmes Road, Kansas City, Missouri, but excluding the classifications of Director of Nurses, Assistant Director of Nurses, Quality Assurance RN, Care Planning Coordinator, Unit Manager, House Supervisor and office clerical employees, guards and supervisors as defined by the Act, and all other employees.",NA,NA,37,1999-07-01,1999-07-01,"26-50",TRUE,"RC","Yes","OPEIU, Local 320",1,"OPEIU",0.909090909090909,"No",4
"02-RC-022117",NA,"College of Mount Saint Vincent",1999-08-13,1999-10-01,"New York","NY","A",1999-09-23,56,0,"Local 153, OPEIU",41,NA,NA,NA,NA,13,54,"N",0,"N","Local 153, OPEIU","Initial","Single Labor Organization","Certific. of Representative","Closed","INCLUDED:   All full-time and regular part-time custodial, maintenance and housekeeping employees, including electricians, janitors, painters, housekeeping aides, mason plasterers, custodians, groundspersons, utility persons, plumbers, carpenters and hall directors employed by the Employer at its facility located at 6301 Riverdale Avenue, Riverdale, New York.

EXCLUDED:  All other employees, including desk sitters, and guards, professional employees and supervisors as defined in the Act.",NA,NA,NA,41,1999-07-01,1999-07-01,"51-100",TRUE,"RC","Yes","Local 153, OPEIU",1,"OPEIU",0.759259259259259,"Yes",2
"06-RC-011723",NA,"Abby Health Care Inc.",1999-08-12,1999-11-17,"Uniontown","PA","B",1999-11-04,22,0,"Office & Professional Employees Internat",10,NA,NA,NA,NA,11,21,"N",0,"N",NA,"Initial","Revised Single Labor Org","Certification of Results","Closed","Combined Unit:
All full-time, regular part-time and """"per visit"""" registered nurses and all full-time, regular part-time """"per visit"""" licensed practical nurses, home health aides and office support staff employees, employed by the Employer, at its Uniontown, Pennsylvania, facility; excluding the Administrator, Director of Finance, Director of Human Resources, Director of Professional Services, RN supervisor and guards, other supervisors and other professional employees as defined in the Act.","See Unit A.",NA,NA,84,1999-10-01,1999-07-01,"11-25",TRUE,"RC","Yes","Office & Professional Employees Internat",1,"OPEIU",0.476190476190476,"No",1
"06-RC-011723",NA,"Abby Health Care Inc.",1999-08-12,1999-11-17,"Uniontown","PA","B",1999-09-21,22,0,"Office & Professional Employees Internat",10,NA,NA,NA,NA,10,20,"N",2,"Y",NA,"Initial","Single Labor Organization","Certification of Results","Closed","Combined Unit:
All full-time, regular part-time and """"per visit"""" registered nurses and all full-time, regular part-time """"per visit"""" licensed practical nurses, home health aides and office support staff employees, employed by the Employer, at its Uniontown, Pennsylvania, facility; excluding the Administrator, Director of Finance, Director of Human Resources, Director of Professional Services, RN supervisor and guards, other supervisors and other professional employees as defined in the Act.","See Unit A.",NA,NA,40,1999-07-01,1999-07-01,"11-25",FALSE,"RC","Yes","Office & Professional Employees Internat",1,"OPEIU",0.5,"No",2
"14-RC-012072",NA,"Associated General Contractors of St. Louis",1999-08-09,1999-09-20,"St. Louis","MO","A",1999-09-10,8,0,"Office and Professional Employees International Union, Local No. 13",7,NA,NA,NA,NA,1,8,"N",0,"N","Office and Professional Employees International Union, Local No. 13","Initial","Single Labor Organization","Certific. of Representative","Closed",NA,NA,NA,NA,32,1999-07-01,1999-07-01,"6-10",TRUE,"RC","Yes","Office and Professional Employees International Union, Local No. 13",1,"OPEIU",0.875,"Yes",0
"01-RD-001917",NA,"Rutland Regional Health Services",1999-06-15,1999-07-26,"Rutland","VT","A",1999-07-15,318,0,"Office & Professional Employees Internat",160,NA,NA,NA,NA,124,284,"N",12,"N","Office & Professional Employees Internat","Initial","Single Labor Organization","Certific. of Representative","Closed",NA,NA,NA,NA,30,1999-07-01,1999-04-01,"101-500",TRUE,"RD","Yes","Office & Professional Employees Internat",1,"OPEIU",0.563380281690141,"Yes",34
"01-RC-021017",NA,"LeFevre Ambulance",1999-05-10,1999-07-07,"Bellow Falls","VT","A",1999-06-24,18,0,"Office & Professional Employees Internat",9,NA,NA,NA,NA,5,14,"N",0,"N","Office & Professional Employees Internat","Initial","Single Labor Organization","Certific. of Representative","Closed",NA,NA,NA,NA,45,1999-04-01,1999-04-01,"11-25",TRUE,"RC","Yes","Office & Professional Employees Internat",1,"OPEIU",0.642857142857143,"Yes",4
"14-RC-012014",NA,"International Leather Goods, Plastics, Novelty and Service Workers Health, Welfare and Pension Fund",1999-01-19,1999-02-22,"St. Louis","MO","A",1999-02-12,5,0,"Office & Professional Employees International Union AFL-CIO, CLC Local 13",5,NA,NA,NA,NA,0,5,"N",1,"N","Office & Professional Employees International Union AFL-CIO, CLC Local 13","Initial","Single Labor Organization","Certific. of Representative","Closed",NA,NA,NA,NA,24,1999-01-01,1999-01-01,"<5",TRUE,"RC","Yes","Office & Professional Employees International Union AFL-CIO, CLC Local 13",1,"OPEIU",1,"Yes",0
"22-RC-011666",NA,"I.K.G. Industries",1999-01-07,1999-03-03,"Marlboro","NJ","A",1999-02-18,18,0,"Local 32, OPEIU, AFL-CIO",8,NA,NA,NA,NA,10,18,"N",0,"N",NA,"Initial","Single Labor Organization","Certification of Results","Closed",NA,NA,NA,NA,42,1999-01-01,1999-01-01,"11-25",TRUE,"RC","Yes","Local 32, OPEIU, AFL-CIO",1,"OPEIU",0.444444444444444,"No",0
"14-RC-012005",NA,"Midwest Council affiliated with the International Leather Goods, Plastics and Novelty Service Union",1998-12-30,1999-02-22,"St. Louis","MO","A",1999-02-12,3,0,"Office & Professional Employees International Union AFL-CIO & CLC Local 13",3,NA,NA,NA,NA,0,3,"N",0,"N","Office & Professional Employees International Union AFL-CIO & CLC Local 13","Initial","Single Labor Organization","Certific. of Representative","Closed",NA,NA,NA,NA,44,1999-01-01,1998-10-01,"<5",TRUE,"RC","Yes","Office & Professional Employees International Union AFL-CIO & CLC Local 13",1,"OPEIU",1,"Yes",0
"32-RC-004549",NA,"Chabot Federal Credit Union",1998-11-24,1999-01-13,"Dublin","CA","A",1999-01-05,5,0,"Office & Professional Employees, Local 2",5,NA,NA,NA,NA,0,5,"N",0,"N",NA,"Initial","Single Labor Organization","Certific. of Representative","Closed",NA,NA,NA,NA,42,1999-01-01,1998-10-01,"<5",TRUE,"RC","Yes","Office & Professional Employees, Local 2",1,"OPEIU",1,"Yes",0
"07-RC-020650",NA,"Wayne County Neighborhood Legal Services",1995-07-06,2001-01-31,"Detroit","MI","A",1995-09-13,65,0,"Office and Professional Employees International Union, Local 42, AFL-CIO, CLC",0,NA,NA,NA,NA,38,0,"N",0,"N",NA,"Initial","Single Labor Organization","Certification of Results","Closed","All employees; but excluding attorneys, confidential & supervisory employees",NA,NA,NA,69,1995-07-01,1995-07-01,"51-100",TRUE,"RC","Yes","Office and Professional Employees International Union, Local 42, AFL-CIO, CLC",1,"OPEIU",NA,"No",27
