"Case","Region","Case_Name","Date_Filed","Date_Closed","City","State","Unit ID","Tally_Date","Num_Eligible_Voters","Void Ballots","Labor_Union","Votes_For_Union","Labor Union2","Votes for Labor Union2","Labor Union3","Votes for Labor Union3","Votes_Against","Total_Ballots_Counted","Runoff Required","Challenged Ballots","Challenges are Determinative","Union to Certify","Tally_Type","Ballot_Type","Reason_Closed","Status","Voting Unit (Unit A)","Voting Unit (Unit B)","Voting Unit (Unit C)","Voting Unit (Unit D)","Length","Tally_Quarter","Filed_Quarter","size","Unique","Case_Type","Election_Data","Plot_Labor_Union","National_Count","National","Margin","Union_Cer","Didnt_Vote"
"10-RC-392839","Region 10, Atlanta, Georgia","RATP Dev, Inc.",2026-08-14,NA,"Asheville","NC",NA,NA,85,NA,"Amalgamated Transit Union, Local Union 128",NA,NA,NA,NA,NA,NA,NA,NA,NA,NA,NA,NA,NA,NA,"Open",NA,NA,NA,NA,NA,NA,2026-07-01,"51-100",TRUE,"RC","No","Amalgamated Transit Union, Local Union 128",1,"ATU",NA,"Still Open",NA
"21-RC-389086","Region 21, Los Angeles, California","Transdev Services, Inc.",2026-06-18,2026-07-31,"Chula Vista","CA","A",2026-07-23,6,NA,"San Diego Bus Drivers', Amalgamated Transit Union, Local 1309, A.F.L. - C.I.O.",5,NA,NA,NA,NA,1,6,NA,NA,NA,"San Diego Bus Drivers', Amalgamated Transit Union, Local 1309, A.F.L. - C.I.O.","Initial","Single Labor Organization","Certification of Results","Closed","Included: All full-time and regular part-time safety and training supervisors employed by the Employer at its facility currently located at 3610 Main Street, Chula Vista, California.

Excluded: All other employees, drivers, mechanics, service workers, office clerical employees, confidential employees, professional employees, managerial employees, guards, and supervisors as defined in the Act.

If a majority of valid ballots are cast for the Petitioner, San Diego Bus Drivers', Amalgamated Transit Union, Local 1309, A.F.L. - C.I.O., they will be taken to have indicated the employees' desire to be included in the existing unit of non-supervisory radio dispatchers, non-supervisory desk dispatchers, and non-supervisory road supervisors currently represented by the Petitioner. 

If a majority of valid ballots are not cast for representation, they will be taken to have indicated the employees' desire to remain unrepresented.",NA,NA,NA,35,2026-07-01,2026-04-01,"6-10",TRUE,"RC","Yes","San Diego Bus Drivers', Amalgamated Transit Union, Local 1309, A.F.L. - C.I.O.",1,"ATU",0.833333333333333,"No",0
"10-RC-388966","Region 10, Atlanta, Georgia","MV Transportation, Inc.",2026-06-17,2026-07-23,"Cary","NC","A",2026-07-15,95,NA,"Amalgamated Transit Union 1328",31,NA,NA,NA,NA,4,35,NA,NA,NA,"Amalgamated Transit Union 1328","Initial","Single Labor Organization","Certific. of Representative","Closed","Included: All full-time and regular part-time drivers and road supervisors 
employed at the Employer’s RDU facility located at 200 Haleys Branch Road 
Morrisville, North Carolina, 27560. 

Excluded: All other employees, office clerical employees, professional 
employees, managers, guards, and supervisors as defined by the Act.",NA,NA,NA,28,2026-07-01,2026-04-01,"51-100",TRUE,"RC","Yes","Amalgamated Transit Union 1328",1,"ATU",0.885714285714286,"Yes",60
"03-RC-388942","Region 03, Buffalo, New York","First Student, Inc.",2026-06-16,2026-07-27,"Syracuse","NY","A",2026-07-17,2,NA,"Local Union 580, Amalgamated Transit Union- A.F.L.-C.I.O",2,NA,NA,NA,NA,0,3,NA,1,NA,"Local Union 580, Amalgamated Transit Union- A.F.L.-C.I.O","Initial","Single Labor Organization","Certific. of Representative","Closed","Included: All full-time and regular part-time Road Supervisors employed by the Employer at its 2001 Lemoyne Avenue, Syracuse, New York facility.
Excluded: Confidential employees, guards, managers, and supervisors, as defined by the Act, and all other employees.",NA,NA,NA,31,2026-07-01,2026-04-01,"<5",TRUE,"RC","Yes","Local Union 580, Amalgamated Transit Union- A.F.L.-C.I.O",1,"ATU",1,"Yes",0
"07-RD-383654","Region 07, Detroit, Michigan","MV Transportation, Inc.",2026-03-24,2026-06-29,"Ypsilanti (Charter Township)","MI","A",2026-06-17,51,NA,"Local 26, Amalgamated Transit Union (ATU), AFL-CIO",8,NA,NA,NA,NA,23,0,NA,6,NA,NA,"Initial","Single Labor Organization","Certification of Results","Closed","Included:All  full-time and regular part-time employees employed by the Employer at its Division 106 currently located at 4037 Morgan Road, Ypsilanti Michigan, including drivers, technicians, schedulers, dispatchers, road supervisors, utility workers, and administrative clerks; 

Excluded: but excluding guards and supervisors as defined in the Act.",NA,NA,NA,85,2026-04-01,2026-01-01,"51-100",TRUE,"RD","Yes","Local 26, Amalgamated Transit Union (ATU), AFL-CIO",1,"ATU",NA,"No",20
"10-RD-382493","Region 10, Atlanta, Georgia","First Student, Inc.",2026-03-09,NA,"Dalton","GA",NA,NA,59,NA,"Amalgamated Transit Union",NA,NA,NA,NA,NA,NA,NA,NA,NA,NA,NA,NA,NA,NA,"Open",NA,NA,NA,NA,NA,NA,2026-01-01,"51-100",TRUE,"RD","No","Amalgamated Transit Union",1,"ATU",NA,"Still Open",NA
"14-RC-377910","Region 14, Saint Louis, Missouri","Transdev Services, Inc.",2025-12-29,2026-02-10,"Olathe","KS","A",2026-01-29,4,NA,"Amalgamated Transit Union Local 1287",3,NA,NA,NA,NA,0,3,NA,NA,NA,"Amalgamated Transit Union Local 1287","Initial","Single Labor Organization","Certific. of Representative","Closed","All full time and regular part-time utility employees employed by the Employer at its 1701 West 56 Highway, Olathe, Kansas  66061 location, but EXCLUDING All office clerical employees, confidential managers, professional employees, guards and supervisors as defined in the Act, and all other employees.",NA,NA,NA,31,2026-01-01,2025-10-01,"<5",TRUE,"RC","Yes","Amalgamated Transit Union Local 1287",1,"ATU",1,"Yes",1
"05-RM-376970","Region 05, Baltimore, Maryland","Transit Management of Alexandria, Inc.",2025-12-11,2026-01-14,"Alexandria","VA","A",2026-01-06,19,NA,"Amalgamated Transit Union Local 689 a/w Amalgamated Transit Union, AFL-CIO, CLC",17,NA,NA,NA,NA,2,19,NA,NA,NA,"Amalgamated Transit Union Local 689 a/w Amalgamated Transit Union, AFL-CIO, CLC","Initial","Single Labor Organization","Certification of Results","Closed","Included:  All full-time and regular part-time Transit Operations Supervisors and Field Supervisors employed by the Employer at its facility located at 3000 Business Center Drive, Alexandria, Virginia 22314.

Excluded:  All other employees, foremen, office clerical employees, professional employees, managerial employees, confidential employees, guards and supervisors as defined by the Act.

If a majority of valid ballots are cast for Amalgamated Transit Union Local 689 a/w Amalgamated Transit Union, AFL-CIO, CLC, they will be taken to have indicated the employees’ desire to be included in the following existing unit currently represented by Amalgamated Transit Union Local 689 a/w Amalgamated Transit Union, AFL-CIO, CLC, as certified in Case 05-RC-322975:

Included:  All full-time and regular part-time operators, mechanics, parts clerks, service workers, and cleaners. 

Excluded: All other employees, foremen, office clerical employees, professional employees, managerial employees, confidential employees, guards and supervisors as defined by the Act. 

If a majority of valid ballots are not cast for representation, they will be taken to have indicated the employees’ desire to remain unrepresented.",NA,NA,NA,26,2026-01-01,2025-10-01,"11-25",TRUE,"RM","Yes","Amalgamated Transit Union Local 689 a/w Amalgamated Transit Union, AFL-CIO, CLC",1,"ATU",0.894736842105263,"No",0
"12-RM-376256","Region 12, Tampa, Florida","MV Transportation, Inc.",2025-12-04,2026-01-05,"Port Saint Lucie","FL","A",2025-12-19,1,NA,"Amalgamated Transit Union, Local 1577, AFL-CIO",0,NA,NA,NA,NA,1,1,NA,NA,NA,NA,"Initial","Single Labor Organization","Certification of Results","Closed","Included:  All full-time and regular part-time maintenance foremen employed by the Employer at its facility located at 8620 LTC Parkway, Suite 103, Port St. Lucie, Florida.

Excluded:  All other employees, professional employees, managers, guards and supervisors as defined in the Act.",NA,NA,NA,15,2025-10-01,2025-10-01,"<5",TRUE,"RM","Yes","Amalgamated Transit Union, Local 1577, AFL-CIO",1,"ATU",0,"No",0
"27-RC-375602","Region 27, Denver, Colorado","Transdev Services, Inc.",2025-11-25,2026-01-14,"Denver","CO","A",2026-01-06,14,NA,"Amalgamated Transit Union, Local 1001, AFL-CIO/CLC",6,NA,NA,NA,NA,7,13,NA,NA,NA,NA,"Initial","Single Labor Organization","Certification of Results","Closed","Included: All full-time and regular part-time dispatchers and road supervisors employed
by the Employer at its Denver, Colorado facility.
Excluded: All office clerical employees, professional employees, managers, guards, and
supervisors, as defined in the Act, and all other employees.",NA,NA,NA,42,2026-01-01,2025-10-01,"11-25",TRUE,"RC","Yes","Amalgamated Transit Union, Local 1001, AFL-CIO/CLC",1,"ATU",0.461538461538462,"No",1
"10-RC-374558","Region 10, Atlanta, Georgia","RATP-Dev USA, Inc.",2025-11-14,2025-12-11,"Asheville","NC","A",2025-12-03,6,NA,"Amalgamated Transit Union, Local Union 128",4,NA,NA,NA,NA,1,5,NA,NA,NA,"Amalgamated Transit Union, Local Union 128","Initial","Single Labor Organization","Certific. of Representative","Closed","All full-time and regular part-time customer service representatives and dispatchers employed at the Employer’s Asheville, North Carolina facility, but excluding all other employees, office clerical employees, professionals, managers, guards and supervisors as defined by the Act.",NA,NA,NA,19,2025-10-01,2025-10-01,"6-10",TRUE,"RC","Yes","Amalgamated Transit Union, Local Union 128",1,"ATU",0.8,"Yes",1
"02-RC-373310","Region 02, New York, New York","EWC Growth Partners, LLC",2025-09-12,2025-12-15,"Scarsdale","NY","A",2025-12-05,9,NA,"Local 1181-1061 Amalgamated Transit Union, AFL-CIO",5,NA,NA,NA,NA,3,8,NA,NA,NA,"Local 1181-1061 Amalgamated Transit Union, AFL-CIO","Initial","Single Labor Organization","Certific. of Representative","Closed","Included: All full-lime and regular part-time wax specialists employed by the Employer at its facility located at 777 White Plains Rd. Scarsdale, NY 10583.
 
Excluded: All other employees, including guards, professional employees, and supervisors, as defined by the Act.",NA,NA,NA,84,2025-10-01,2025-07-01,"6-10",TRUE,"RC","Yes","Local 1181-1061 Amalgamated Transit Union, AFL-CIO",1,"ATU",0.625,"Yes",1
"27-RC-373032","Region 27, Denver, Colorado","Transdev Services, Inc.",2025-09-10,2025-12-11,"Longmont","CO","A",2025-12-03,10,NA,"Amalgamated Transit Union, Local 1001, AFL-CIO/CLC",8,NA,NA,NA,NA,2,10,NA,NA,NA,"Amalgamated Transit Union, Local 1001, AFL-CIO/CLC","Initial","Single Labor Organization","Certification of Results","Closed","Included: All full-time and regular part-time technicians and parts clerks employed by the Employer 
at its 811 South Sherman Street, Longmont, Colorado 80501 facility.

Excluded: office clerical employees, managers, professional employees, guards,
and supervisors as defined in the Act, and all other employees.",NA,NA,NA,84,2025-10-01,2025-07-01,"6-10",TRUE,"RC","Yes","Amalgamated Transit Union, Local 1001, AFL-CIO/CLC",1,"ATU",0.8,"No",0
"27-RC-369661","Region 27, Denver, Colorado","Transdev Services, Inc.",2025-07-18,2025-08-14,"Boise","ID","A",2025-08-06,2,NA,"Amalgamated Transit Union, Local 398, AFL-CIO/CLC",2,NA,NA,NA,NA,0,2,NA,NA,NA,"Amalgamated Transit Union, Local 398, AFL-CIO/CLC","Initial","Single Labor Organization","Certification of Results","Closed","Included: All full-time and regular pa1t-time employees employed  by the Employer performing 
administrative or payroll duties at or out of the Employer's facility currently located at 4701 S 
Northrup Street, Boise, Idaho 83705
Excluded: Managers, professional employees, guards and supervisors as defined in the Act, and all 
other employees.",NA,NA,NA,19,2025-07-01,2025-07-01,"<5",TRUE,"RC","Yes","Amalgamated Transit Union, Local 398, AFL-CIO/CLC",1,"ATU",1,"No",0
"10-RC-369430","Region 22, Newark, New Jersey","A-National Limousine Services, Inc., and A-National Transit, LLC, joint and single employers",2025-07-16,NA,"Atlanta","GA","A",2025-08-27,156,2,"Local Union 732 of the Amalgamated Transit Union, AFLCIO",46,NA,NA,NA,NA,34,80,NA,NA,NA,"Local Union 732 of the Amalgamated Transit Union, AFLCIO","Initial","Single Labor Organization",NA,"Open","Included: All employees employed at or out of both the A-National Limousine
Services, Inc. facility at 1990 Metropolitan Parkway, Atlanta, Georgia 30325, and
the A-National Transit, LLC facility at 3385 Hamilton Boulevard, SW, Atlanta,
Georgia 30354, including operators, maintenance, dispatchers, and road supervisor
employees.

Excluded: All other employees, office clerical employees, confidential employees,
professional employees, managers, guards, and supervisors as defined by the
National Labor Relations Act.",NA,NA,NA,42,2025-07-01,2025-07-01,"101-500",TRUE,"RC","Yes","Local Union 732 of the Amalgamated Transit Union, AFLCIO",1,"ATU",0.575,"Still Open",76
"10-RC-369435","Region 10, Atlanta, Georgia","People's Transit, Ltd.",2025-07-16,2025-08-14,"Atlanta","GA","A",2025-08-06,69,NA,"Local Union 732 of the Amalgamated Transit Union, AFL-CIO",11,NA,NA,NA,NA,3,14,NA,NA,NA,"Local Union 732 of the Amalgamated Transit Union, AFL-CIO","Initial","Single Labor Organization","Certific. of Representative","Closed","Included: All full-time and part-time employees at or out of the Atlanta facility.

Excluded: All office clerical employees, professionals, managers, guards and supervisors as defined in the Act.",NA,NA,NA,21,2025-07-01,2025-07-01,"51-100",TRUE,"RC","Yes","Local Union 732 of the Amalgamated Transit Union, AFL-CIO",1,"ATU",0.785714285714286,"Yes",55
"16-RC-366424","Region 16, Fort Worth, Texas","MV Transportation, Inc.",2025-05-28,2025-06-30,"San Antonio","TX","A",2025-06-18,254,NA,"Amalgamated Transit Union Local 694",107,NA,NA,NA,NA,78,185,NA,NA,NA,"Amalgamated Transit Union Local 694","Initial","Single Labor Organization","Certific. of Representative","Closed","Included: All full-time and regular part-time operators/drivers employed at the Employer’s
facility located at 9718 I-35, San Antonio, Texas 78233.

Excluded: All other employees, managers, guards and supervisors as defined by the Act.",NA,NA,NA,21,2025-04-01,2025-04-01,"101-500",TRUE,"RC","Yes","Amalgamated Transit Union Local 694",1,"ATU",0.578378378378378,"Yes",69
"05-RM-365409","Region 05, Baltimore, Maryland","RHG Group, Inc.",2025-05-12,2025-07-02,"Hyattsville","MD","A",2025-06-24,24,NA,"Amalgamated Transit Union Local 689 a/w Amalgamated Transit Union, AFL-CIO/CLC",9,NA,NA,NA,NA,0,9,NA,NA,NA,"Amalgamated Transit Union Local 689 a/w Amalgamated Transit Union, AFL-CIO/CLC","Initial","Single Labor Organization","Certific. of Representative","Closed","All full-time and regular part-time drivers and couriers employed by the Employer at its facility currently located in Hyattsville, Maryland; but excluding all office clerical employees, managerial employees, professional employees, guards, and supervisors as defined in the Act.

If a majority of valid ballots are cast for Amalgamated Transit Union Local 689 a/w Amalgamated Transit Union, AFL-CIO/CLC, they will be taken to have indicated the employees’ desire to be included in the following existing unit currently represented by Amalgamated Transit Union Local 689 a/w Amalgamated Transit Union, AFL-CIO/CLC:

All full-time and regular part-time vehicle operators and attendants employed by Battle’s Transportation, Inc. currently located at 3000 V. Street, N.E., Washington, DC; but excluding all mechanics, professional employees, clerical, administrative, confidential, managerial employees, guards and supervisors as defined by the Act.

If a majority of valid ballots are not cast for representation, they will be taken to have indicated the employees’ desire to remain unrepresented.",NA,NA,NA,43,2025-04-01,2025-04-01,"11-25",TRUE,"RM","Yes","Amalgamated Transit Union Local 689 a/w Amalgamated Transit Union, AFL-CIO/CLC",1,"ATU",1,"Yes",15
"14-RD-365408","Region 14, Saint Louis, Missouri","First Student, Inc.",2025-05-09,2025-06-03,"Granite City","IL","A",2025-05-23,130,NA,"Amalgamated Transit Union Division 788",75,NA,NA,NA,NA,33,108,NA,NA,NA,"Amalgamated Transit Union Division 788","Initial","Single Labor Organization","Certific. of Representative","Closed","Included: All school bus drivers and monitors located at the Employer's facilities at 5552 Dial Drive, Granite City, Illinois 62040, only employed under the Employer's contract with the
Granite City School District in Illinois.

Excluded: All supervisors, office clerical employees, professional employees, guards and all other employees.",NA,NA,NA,14,2025-04-01,2025-04-01,"101-500",TRUE,"RD","Yes","Amalgamated Transit Union Division 788",1,"ATU",0.694444444444444,"Yes",22
"21-RC-364165","Region 21, Los Angeles, California","Keolis Transit Services, LLC",2025-04-22,2025-05-23,"Pomona","CA","A",2025-05-14,4,NA,"AMALGAMATED TRANSIT UNION LOCAL 1756, AFL-CIO",3,NA,NA,NA,NA,1,4,NA,NA,NA,"AMALGAMATED TRANSIT UNION LOCAL 1756, AFL-CIO","Initial","Single Labor Organization","Certific. of Representative","Closed","Included:  All full-time and regular part-time maintenance supervisors and fueler supervisors employed by the Employer at its facility currently located at 200 East End Avenue, Pomona, California.

Excluded:  All other employees, office clerical employees, professional employees, managerial employees, guards and supervisors as defined in the Act.

If a majority of valid ballots are cast for AMALGAMATED TRANSIT UNION LOCAL 1756, AFL-CIO, they will be taken to have indicated the employees’ desire to be included in the existing unit of all full-time and regular part-time Technicians (Mechanics), Parts Clerks, Fuelers/Probers, Cleaners, Custodians, Buffers, AP Clerk, Facility Tech, Body Repair Tech, Electronic Tech, and EV Tech currently represented by AMALGAMATED TRANSIT UNION LOCAL 1756, AFL-CIO. If a majority of valid ballots are not cast for representation, they will be taken to have indicated the employees’ desire to remain unrepresented.",NA,NA,NA,22,2025-04-01,2025-04-01,"<5",TRUE,"RC","Yes","AMALGAMATED TRANSIT UNION LOCAL 1756, AFL-CIO",1,"ATU",0.75,"Yes",0
"16-RC-359172","Region 16, Fort Worth, Texas","Transdev Services, Inc.",2025-01-28,2025-06-27,"Dallas","TX","A",2025-03-05,178,NA,"AMALGAMATED TRANSIT UNION, AFL-CIO/CLC, LOCAL 1338",106,NA,NA,NA,NA,2,116,NA,8,NA,"AMALGAMATED TRANSIT UNION, AFL-CIO/CLC, LOCAL 1338","Initial","Single Labor Organization","Certific. of Representative","Closed","Included: All full-time and regular part-time operators employed by the Employer at its facility located at 8998 Senate Street, Dallas, Texas 75228.

Excluded: All other employees including office clerical employees, managers, guards, and supervisors as defined in the Act.",NA,NA,NA,36,2025-01-01,2025-01-01,"101-500",TRUE,"RC","Yes","AMALGAMATED TRANSIT UNION, AFL-CIO/CLC, LOCAL 1338",1,"ATU",0.981481481481482,"Yes",70
"01-RC-359010","Region 01, Boston, Massachusetts","H.N.S. Management Company, Inc. d/b/a CTTransit",2025-01-24,2025-02-28,"Stamford","CT","A",2025-02-20,9,NA,"Amalgamated Transit Union Local 443",7,NA,NA,NA,NA,2,9,NA,NA,NA,"Amalgamated Transit Union Local 443","Initial","Single Labor Organization","Certific. of Representative","Closed","All full-time and regular part-time Transportation Supervisors employed at the Employer’s Stamford, Connecticut location, excluding confidential employees, managers, and professional employees, guards, and supervisors as defined in the Act and all other employees.",NA,NA,NA,27,2025-01-01,2025-01-01,"6-10",TRUE,"RC","Yes","Amalgamated Transit Union Local 443",1,"ATU",0.777777777777778,"Yes",0
"01-RC-358638","Region 01, Boston, Massachusetts","TRANSDEV SERVICES, INC. d/b/a SOUTH COAST TRANSIT MANAGEMENT",2025-01-21,2026-06-10,"New Bedford","MA","A",2025-06-05,40,NA,"FALL RIVER LOCAL UNION NUMBER 174 OF THE AMALGAMATED TRANSIT UNION and AMALGAMATED TRANSIT UNION LOCAL 1037",19,NA,NA,NA,NA,11,30,NA,2,NA,"FALL RIVER LOCAL UNION NUMBER 174 OF THE AMALGAMATED TRANSIT UNION and AMALGAMATED TRANSIT UNION LOCAL 1037","Initial","Single Labor Organization","Certific. of Representative","Closed","All full-time and regular part-time ticket agents, call center employees, customer service employees, operations supervisors (including dispatchers, road supervisors, dispatch supervisors, and training supervisors), garage foremen, procurement officers (buyers), and parts managers employed by the Employer out of  its 601 Brayton Avenue, Fall River, MA; 118 4th Street, Fall River, MA; 65 Potomska Street, New Bedford, MA; and 134 Elm Street New Bedford, MA, 846 Cumberland Hill Road, Woonsocket, Rhode Island facilities, but excluding all confidential employees, managers, guards, and professional employees and supervisors as defined in the Act.",NA,NA,NA,135,2025-04-01,2025-01-01,"26-50",TRUE,"RC","Yes","FALL RIVER LOCAL UNION NUMBER 174 OF THE AMALGAMATED TRANSIT UNION and AMALGAMATED TRANSIT UNION LOCAL 1037",1,"ATU",0.633333333333333,"Yes",10
"29-RC-355119","Region 29, Brooklyn, New York","Towne Bus, LLC & We Transport, Inc.",2024-11-19,2024-12-30,"Medford","NY","A",2024-12-17,6,NA,"Amalgamated Transit Union (ATU) Local 1181",5,NA,NA,NA,NA,1,6,NA,NA,NA,"Amalgamated Transit Union (ATU) Local 1181","Initial","Single Labor Organization","Certific. of Representative","Closed","Included: All full-time and regular part-time shop employees including Class A, Class B, and Class C Mechanics employed at the employer’s facility located at 3601 Horseblock Road, Medford, New York, who were employed during the payroll period ending November 29, 2024.
Excluded: All other employees, including dispatchers, drivers, driver’s assistants, maintenance employees, Radio/Camera Installers, outside contractors, managerial employees, professional employees, clerical employees, guards, and supervisors, as defined in the Act.",NA,NA,NA,28,2024-10-01,2024-10-01,"6-10",TRUE,"RC","Yes","Amalgamated Transit Union (ATU) Local 1181",1,"ATU",0.833333333333333,"Yes",0
"05-RC-354223","Region 05, Baltimore, Maryland","Transdev Services, Inc.",2024-11-06,2024-12-23,"Baltimore","MD","A",2024-12-13,2,NA,"Amalgamated Transit Union Local 1764 a/w Amalgamated Transit Union, AFL-CIO, CLC",2,NA,NA,NA,NA,0,2,NA,NA,NA,"Amalgamated Transit Union Local 1764 a/w Amalgamated Transit Union, AFL-CIO, CLC","Initial","Single Labor Organization","Certific. of Representative","Closed","Included: All full-time and regular part-time payroll administrators and HR generalists employed at or out of the facility currently located at 1601 Wicomico Street, Baltimore, Maryland 21230.

Excluded: All other employees, all guards, and supervisors as defined in the Act.",NA,NA,NA,37,2024-10-01,2024-10-01,"<5",TRUE,"RC","Yes","Amalgamated Transit Union Local 1764 a/w Amalgamated Transit Union, AFL-CIO, CLC",1,"ATU",1,"Yes",0
"15-RC-354217","Region 15, New Orleans, Louisiana","First Student, Inc.",2024-11-05,2024-12-17,"Zachary","LA","A",2024-12-09,149,NA,"Amalgamated Transit Union, AFL-CIO, CLC, Local 1546",65,NA,NA,NA,NA,9,0,NA,NA,NA,"Amalgamated Transit Union, AFL-CIO, CLC, Local 1546","Initial","Single Labor Organization","Certific. of Representative","Closed","Included: All full-time and regular part-time drivers, monitors/aides, trainers, and mechanics employed at the First Student’s facility currently located at 23280 Jacocks Road in Slaughter, LA 70777.

Excluded: All other employees, including dispatchers, managers, supervisors, and guards as defined in the Act.",NA,NA,NA,34,2024-10-01,2024-10-01,"101-500",TRUE,"RC","Yes","Amalgamated Transit Union, AFL-CIO, CLC, Local 1546",1,"ATU",NA,"Yes",75
"18-RC-353058","Region 18, Minneapolis, Minnesota","Transdev Services, Inc.",2024-10-18,2024-11-21,"Milwaukee","WI","A",2024-11-13,26,NA,"Local 998 of the Amalgamated Transit Union",19,NA,NA,NA,NA,6,25,NA,NA,NA,"Local 998 of the Amalgamated Transit Union","Initial","Single Labor Organization","Certific. of Representative","Closed","Included: All full-time and regular part-time employees employed by the Employer at its facility located at 450 N 5th Street, Milwaukee, including operators, maintenance employees, road supervisors, operator supervisors, and dispatchers

Excluded: All confidential employees, managers, guards, and supervisors as defined in the Act.",NA,NA,NA,26,2024-10-01,2024-10-01,"26-50",TRUE,"RC","Yes","Local 998 of the Amalgamated Transit Union",1,"ATU",0.76,"Yes",1
"15-RC-351579","Region 15, New Orleans, Louisiana","First Student, Inc.",2024-09-30,2024-12-03,"Baton Rouge","LA","A",2024-11-25,200,13,"Amalgamated Transit Union, AFL-CIO, CLC, Local 1546",73,NA,NA,NA,NA,2,75,NA,1,NA,"Amalgamated Transit Union, AFL-CIO, CLC, Local 1546","Initial","Single Labor Organization","Certific. of Representative","Closed","Included: All full-time and regular part-time drivers, monitors/aides, trainers, and mechanics employed at and/or out of the Employer's facility located at 9432 Joor Road, Baton Rouge, Louisiana

Excluded: All other employees, including managers, supervisors, and guards as defined by the Act.",NA,NA,NA,56,2024-10-01,2024-07-01,"101-500",TRUE,"RC","Yes","Amalgamated Transit Union, AFL-CIO, CLC, Local 1546",1,"ATU",0.973333333333333,"Yes",125
"28-RC-350291","Region 28, Phoenix, Arizona","Keolis Transit Services, LLC",2024-09-11,2025-03-13,"Tempe","AZ","A",2025-02-13,45,NA,"Amalgamated Transit Union Local 1433, AFL-CIO, CLC",25,NA,NA,NA,NA,19,45,NA,1,NA,"Amalgamated Transit Union Local 1433, AFL-CIO, CLC","Initial","Single Labor Organization","Certific. of Representative","Closed","INCLUDED: All full-time and regular part-time Dispatchers, OCC Controllers, and Road Supervisors employed by the Employer at its facilities located at 2050 West Rio Salado Parkway, Tempe, AZ 85281, and 3320 North Greenfield Road, Mesa, AZ 85215.

EXCLUDED: All other employees, office and clerical employees, managers, guards and supervisors as defined in the Act.",NA,NA,NA,155,2025-01-01,2024-07-01,"26-50",TRUE,"RC","Yes","Amalgamated Transit Union Local 1433, AFL-CIO, CLC",1,"ATU",0.568181818181818,"Yes",1
"18-RC-349867","Region 18, Minneapolis, Minnesota","Transdev Services, Inc. d/b/a First Transit",2024-09-06,2024-10-04,"Milwaukee","WI","A",2024-09-27,9,NA,"Amalgamated Transit Union Local 998",5,NA,NA,NA,NA,0,5,NA,NA,NA,"Amalgamated Transit Union Local 998","Initial","Single Labor Organization","Certification of Results","Closed","Included: All full-time and regular part-time dispatchers employed by the Employer at its facility currently located at 4524 South 13th Street, Milwaukee, Wisconsin. 

Excluded: All other employees, and guards and supervisors as defined in the National Labor Relations Act.


If a majority of valid ballots are cast for Amalgamated Transit Union Local 998, they will be taken to have indicated the employees’ desire to be included in the existing driver, mechanic, scheduler, and reservationist employee unit employed at the Employer’s Milwaukee, Wisconsin, facility currently represented by Amalgamated Transit Union Local 998. If a majority of valid ballots are not cast for representation, they will be taken to have indicated the employees’ desire to remain unrepresented.",NA,NA,NA,21,2024-07-01,2024-07-01,"6-10",TRUE,"RC","Yes","Amalgamated Transit Union Local 998",1,"ATU",1,"No",4
"05-RC-348427","Region 05, Baltimore, Maryland","Keolis Transit Services, LLC, a subsidiary of Keolis Transit America",2024-08-16,2024-09-12,"Leesburg","VA","A",2024-09-04,2,NA,"Amalgamated Transit Union Local 689 a/w Amalgamated Transit Union, AFL-CIO",1,NA,NA,NA,NA,0,1,NA,NA,NA,"Amalgamated Transit Union Local 689 a/w Amalgamated Transit Union, AFL-CIO","Initial","Single Labor Organization","Certific. of Representative","Closed","Included: All full-time and regular part-time safety and training supervisors employed by the Employer at or out of the Leesburg, VA facility.

Excluded: All other employees, and all managers and supervisors and guards as defined in the Act.",NA,NA,NA,19,2024-07-01,2024-07-01,"<5",TRUE,"RC","Yes","Amalgamated Transit Union Local 689 a/w Amalgamated Transit Union, AFL-CIO",1,"ATU",1,"Yes",1
"12-RC-348016","Region 12, Tampa, Florida","Transdev Services, Inc.",2024-08-09,2024-10-01,"West Palm Beach","FL","A",2024-09-20,20,NA,"Amalgamated Transit Union, Local 1577, AFL-CIO, CLC",17,NA,NA,NA,NA,3,20,NA,NA,NA,"Amalgamated Transit Union, Local 1577, AFL-CIO, CLC","Initial","Single Labor Organization","Certific. of Representative","Closed","Included: All full-time and regular part-time employees,
including payroll clerks, window dispatchers, schedulers,
schedulers/routers, road supervisors, techs-in-charge,
trainer/driver instructors and parts clerks employed by the
Employer at 375 Kelly Dr., West Palm Beach, FL 33411
and/or 1220 W. Industrial Ave, Boynton Beach, FL 33426.

Excluded: All employees currently represented by a labor
union, guards, managers, and supervisors as defined in the
Act.",NA,NA,NA,42,2024-07-01,2024-07-01,"11-25",TRUE,"RC","Yes","Amalgamated Transit Union, Local 1577, AFL-CIO, CLC",1,"ATU",0.85,"Yes",0
"32-RC-346069","Region 32, Oakland, California","National Express Transit Corporation",2024-07-10,2024-10-10,"Fresno","CA","A",2024-07-31,1,NA,"Amalgamated Transit Union Local 1027",1,NA,NA,NA,NA,0,1,NA,NA,NA,"Amalgamated Transit Union Local 1027","Initial","Single Labor Organization","Certification of Results","Closed","All full-time and regular part-time road supervisors employed by the Employer at the Employer’s facility located at 4488 N. Blackstone Ave. Fresno, CA 93726; excluding employees represented by a labor organization, all other employees, confidential employees, guards, and supervisors as defined in the Act.",NA,NA,NA,21,2024-07-01,2024-07-01,"<5",TRUE,"RC","Yes","Amalgamated Transit Union Local 1027",1,"ATU",1,"No",0
"12-RC-340989","Region 12, Tampa, Florida","MV Transportation, Inc.",2024-04-26,2025-07-10,"Port St. Lucie","FL","A",2025-06-24,20,NA,"Amalgamated Transit Union, Local 1577, AFL-CIO",15,NA,NA,NA,NA,5,20,NA,NA,NA,"Amalgamated Transit Union, Local 1577, AFL-CIO","Rerun","Single Labor Organization","Certification of Results","Closed","Included: All employees not currently represented by a labor organization, including all full-time and regular part-time dispatchers, schedulers, reservationists, road supervisors safety supervisors, classroom instructors/trainers, assistants, and clerks (including maintenance and payroll clerks), employed by the Employer at its facility located at 8620 LTC Parkway, Suite 
103, Port St. Lucie, Florida.

Excluded: All other employees, office clerical employees, guards and supervisors as defined by the Act.

If a majority of valid ballots are cast for Amalgamated Transit Union, Local 1577, AFL-CIO they will be taken to have indicated the employees’ desire to be included in the existing unit of all full- time and regular part-time Drivers, Auto A Techs, Auto B Techs and Utility employees employed by the Employer out of its facility located at 8620 LTC Parkway, Suite 103, Port St. Lucie, Florida, currently represented by Amalgamated Transit Union, Local 1577, AFL-CIO. If a majority of valid ballots are not cast for representation, they will be taken to have indicated the employees’ desire to remain unrepresented.",NA,NA,NA,424,2025-04-01,2024-04-01,"11-25",TRUE,"RC","Yes","Amalgamated Transit Union, Local 1577, AFL-CIO",1,"ATU",0.75,"No",0
"12-RC-340989","Region 12, Tampa, Florida","MV Transportation, Inc.",2024-04-26,2025-07-10,"Port St. Lucie","FL","A",2024-05-21,20,NA,"Amalgamated Transit Union, Local 1577, AFL-CIO",6,NA,NA,NA,NA,12,18,NA,1,NA,NA,"Initial","Single Labor Organization","Certification of Results","Closed","Included: All employees not currently represented by a labor organization, including all full-time and regular part-time dispatchers, schedulers, reservationists, road supervisors safety supervisors, classroom instructors/trainers, assistants, and clerks (including maintenance and payroll clerks), employed by the Employer at its facility located at 8620 LTC Parkway, Suite 
103, Port St. Lucie, Florida.

Excluded: All other employees, office clerical employees, guards and supervisors as defined by the Act.

If a majority of valid ballots are cast for Amalgamated Transit Union, Local 1577, AFL-CIO they will be taken to have indicated the employees’ desire to be included in the existing unit of all full- time and regular part-time Drivers, Auto A Techs, Auto B Techs and Utility employees employed by the Employer out of its facility located at 8620 LTC Parkway, Suite 103, Port St. Lucie, Florida, currently represented by Amalgamated Transit Union, Local 1577, AFL-CIO. If a majority of valid ballots are not cast for representation, they will be taken to have indicated the employees’ desire to remain unrepresented.",NA,NA,NA,25,2024-04-01,2024-04-01,"11-25",FALSE,"RC","Yes","Amalgamated Transit Union, Local 1577, AFL-CIO",1,"ATU",0.333333333333333,"No",2
"18-RC-336823","Region 18, Minneapolis, Minnesota","First Transit",2024-02-27,2024-03-28,"Milwaukee","WI","A",2024-03-21,4,NA,"Amalgamated Transit Union Local 998",3,NA,NA,NA,NA,0,3,NA,NA,NA,"Amalgamated Transit Union Local 998","Initial","Single Labor Organization","Certification of Results","Closed","All full-time and regular part-time schedulers employed by the Employer at its facility currently located at 4524 South 13th Street, Milwaukee; but excluding employees already represented by Amalgamated Transit Union Local 998, and guards and supervisors as defined in the National Labor Relations Act, as amended.",NA,NA,NA,23,2024-01-01,2024-01-01,"<5",TRUE,"RC","Yes","Amalgamated Transit Union Local 998",1,"ATU",1,"No",1
"29-RM-336431","Region 29, Brooklyn, New York","GOGO BUS TOURS INC.",2024-02-21,2024-04-10,"Valley Stream","NY","A",2024-03-29,40,NA,"Amalgamated Transit Union Local 1181-1061",2,NA,NA,NA,NA,19,21,NA,NA,NA,NA,"Initial","Single Labor Organization","Certification of Results","Closed","Included: Drivers, Mechanics and Maintenance Workers 
Excluded: All other employees including dispatchers, clerical workers, managers and supervisors as defined in the Act",NA,NA,NA,37,2024-01-01,2024-01-01,"26-50",TRUE,"RM","Yes","Amalgamated Transit Union Local 1181-1061",1,"ATU",0.0952380952380952,"No",19
"15-RC-335788","Region 15, New Orleans, Louisiana","SP Plus Corporation",2024-02-15,2024-03-22,"St. Rose","LA","A",2024-03-14,64,2,"Amalgamated Transit Union, Division No. 1535",39,NA,NA,NA,NA,12,51,NA,1,NA,"Amalgamated Transit Union, Division No. 1535","Initial","Single Labor Organization","Certific. of Representative","Closed","Included: All full-time and regular part-time operators, hostlers, mechanics, and customer service representatives employed at or out of 141 I-310 Service Road, St. Rose, LA 70087.

Excluded: All office clericals, guards, professional employees and supervisors as defined in the Act.",NA,NA,NA,28,2024-01-01,2024-01-01,"51-100",TRUE,"RC","Yes","Amalgamated Transit Union, Division No. 1535",1,"ATU",0.764705882352941,"Yes",13
"05-RC-335517","Region 05, Baltimore, Maryland","Transdev Services, Inc.",2024-02-12,2024-04-01,"Arlington","VA","A",2024-03-22,161,NA,"Amalgamated Transit Union Local 689, AFL-CIO, a/w Amalgamated Transit Union, AFL-CIO, CLC",102,NA,NA,NA,NA,1,103,NA,1,NA,"Amalgamated Transit Union Local 689, AFL-CIO, a/w Amalgamated Transit Union, AFL-CIO, CLC","Initial","Single Labor Organization","Certific. of Representative","Closed","All full time and regular part-time motor vehicle operators, mechanics (including Tech A or I, Tech B or II, and Tech C or III mechanics), LMNT/Fuel Island Attendants, Technicians in Charge and cleaners employed by the Employer to service its contract with Arlington Regional Transit (ART), excluding all other employees, guards, and supervisors as defined in the Act.",NA,NA,NA,39,2024-01-01,2024-01-01,"101-500",TRUE,"RC","Yes","Amalgamated Transit Union Local 689, AFL-CIO, a/w Amalgamated Transit Union, AFL-CIO, CLC",1,"ATU",0.990291262135922,"Yes",58
"28-RC-335658","Region 28, Phoenix, Arizona","National Express Transit Corporation",2024-02-12,2024-03-26,"Tucson","AZ","A",2024-03-05,24,1,"Amalgamated Transit Union Local 1433",21,NA,NA,NA,NA,1,22,NA,3,NA,"Amalgamated Transit Union Local 1433","Initial","Single Labor Organization","Certific. of Representative","Closed","INCLUDED: All full-time and regular part-time bus operators employed by the Employer at its facility located in Tucson, Arizona.
 
EXCLUDED: All other employees, office clerical employees, mechanics, dispatchers, managerial employees, guards, and supervisors as defined in the Act.",NA,NA,NA,22,2024-01-01,2024-01-01,"11-25",TRUE,"RC","Yes","Amalgamated Transit Union Local 1433",1,"ATU",0.954545454545455,"Yes",2
"18-RC-335083","Region 18, Minneapolis, Minnesota","SunTransit, LLC",2024-02-01,2024-03-08,"Rochester","MN","A",2024-03-01,20,17,"Amalgamated Transit Union Local 1005",14,NA,NA,NA,NA,3,0,NA,NA,NA,"Amalgamated Transit Union Local 1005","Initial","Single Labor Organization","Certific. of Representative","Closed","All full-time and regular part-time drivers employed by the Employer at its facility located at 4300 East River Road NE, Rochester, MN 55906; excluding all other employees, confidential employees, and guards and supervisors as defined by the National Labor Relations Act.",NA,NA,NA,29,2024-01-01,2024-01-01,"11-25",TRUE,"RC","Yes","Amalgamated Transit Union Local 1005",1,"ATU",NA,"Yes",3
"32-RC-333135","Region 32, Oakland, California","Transdev Services, Inc.",2024-01-08,2024-04-05,"Tulare","CA","A",2024-03-27,7,NA,"Amalgamated Transit Union Local 1027",6,NA,NA,NA,NA,0,6,NA,1,NA,"Amalgamated Transit Union Local 1027","Initial","Single Labor Organization","Certification of Results","Closed","All full-time and regular part-time customer service representatives employed by the Employer at 25430 Road 140, Tulare, CA 93274, 360 N. K Street, Tulare, CA 93274; and 180 E. Merced Street, Dinuba, CA; excluding all other employees, employees represented by a labor organization, professional employees, employees represented by a labor origination, confidential employees, office clerical employees, guards, and supervisors as defined by the Act.",NA,NA,NA,79,2024-01-01,2024-01-01,"6-10",TRUE,"RC","Yes","Amalgamated Transit Union Local 1027",1,"ATU",1,"No",1
"32-RM-332687","Region 32, Oakland, California","Transdev North America, Inc.",2023-12-28,2024-04-05,"Tulare","CA","A",2024-03-27,7,NA,"Amalgamated Transit Union Local 1027",6,NA,NA,NA,NA,0,6,NA,1,NA,"Amalgamated Transit Union Local 1027","Initial","Single Labor Organization","Certification of Results","Closed","All full-time and regular part-time customer service representatives employed by the Employer at 25430 Road 140, Tulare, CA 93274, 360 N. K Street, Tulare, CA 93274; and 180 E. Merced Street, Dinuba, CA; excluding all other employees, employees represented by a labor organization, professional employees, employees represented by a labor origination, confidential employees, office clerical employees, guards, and supervisors as defined by the Act.",NA,NA,NA,90,2024-01-01,2023-10-01,"6-10",TRUE,"RM","Yes","Amalgamated Transit Union Local 1027",1,"ATU",1,"No",1
"01-RC-331994","Region 01, Boston, Massachusetts","Transdev Services, Inc.",2023-12-15,2024-01-25,"East Hartford","CT","A",2024-01-17,4,NA,"Amalgamated Transit Union Local 1763, AFL-CIO, CLC",4,NA,NA,NA,NA,0,4,NA,NA,NA,"Amalgamated Transit Union Local 1763, AFL-CIO, CLC","Initial","Single Labor Organization","Certific. of Representative","Closed","All full-time and regular part-time schedulers employed by the Employer at its East Hartford, Connecticut facility; but excluding all office clerical employees, and guards, professional employees and supervisors as defined in the Act.

If a majority of valid ballots are cast for Amalgamated Transit Union Local 1763, AFL-CIO, CLC this will be taken to have indicated employees’ desire to be included in the existing unit of hourly rated employees currently represented by Amalgamated Transit Union Local 425, AFL-CIO, CLC. If a majority of valid ballots are not cast for representation, this will be taken to have indicated the employees’ desire to remain unrepresented.",NA,NA,NA,33,2024-01-01,2023-10-01,"<5",TRUE,"RC","Yes","Amalgamated Transit Union Local 1763, AFL-CIO, CLC",1,"ATU",1,"Yes",0
"19-RM-331797","Region 19, Seattle, Washington","Gron Confections, LLC",2023-12-13,2024-01-18,"Portland","OR","A",2024-01-09,13,NA,"Amalgamated Transit Union, Local 757",11,NA,NA,NA,NA,2,13,NA,1,NA,"Amalgamated Transit Union, Local 757","Initial","Single Labor Organization","Certific. of Representative","Closed","All full-time and regular part-time production employees employed by the Employer at its facility located at 5134 SE Foster Road in Portland, Oregon; but excluding all kitchen managers, operations managers, professional employees, managerial employees, office clerical employees, and guards and supervisors as defined by the Act.",NA,NA,NA,27,2024-01-01,2023-10-01,"11-25",TRUE,"RM","Yes","Amalgamated Transit Union, Local 757",1,"ATU",0.846153846153846,"Yes",0
"12-RM-330588","Region 12, Tampa, Florida","MV Transportation, Inc..",2023-11-22,2024-01-23,"West Palm Beach","FL","A",2024-01-04,10,NA,"Amalgamated Transit Union, Local 1577, AFL-CIO",6,NA,NA,NA,NA,0,6,NA,NA,NA,"Amalgamated Transit Union, Local 1577, AFL-CIO","Initial","Single Labor Organization","Certific. of Representative","Closed","Included: All full-time and regular part-time road supervisors, dispatchers, lead dispatchers,
drive-cam specialists, and trainers employed by the Employer at its facilities located at 3301
Electronics Way, Unit D, West Palm Beach, Florida and 190 US 27 N, South Bay, Florida.

Excluded: All other employees, professional employees, managers, guards and supervisors as
defined in the Act.",NA,NA,NA,43,2024-01-01,2023-10-01,"6-10",TRUE,"RM","Yes","Amalgamated Transit Union, Local 1577, AFL-CIO",1,"ATU",1,"Yes",4
"15-RC-329363","Region 15, New Orleans, Louisiana","Transdev Services, Inc.",2023-11-03,2023-12-08,"Baton Rouge","LA","A",2023-11-30,48,NA,"Amalgamated Transit Union, Local 1546",33,NA,NA,NA,NA,1,34,NA,NA,NA,"Amalgamated Transit Union, Local 1546","Initial","Single Labor Organization","Certific. of Representative","Closed","Included: All full-time and regular part-time vehicle operators, including but not limited to operators providing ?xed route and/or on-demand services, employed at or out of 2779 Gourrier Avenue, Baton Rouge, LA 70820.

Excluded: All other employees, guards, managers and supervisors as de?ned in the National Labor Relations Act.",NA,NA,NA,27,2023-10-01,2023-10-01,"26-50",TRUE,"RC","Yes","Amalgamated Transit Union, Local 1546",1,"ATU",0.970588235294118,"Yes",14
"19-RC-329254","Region 19, Seattle, Washington","Doppelmayr USA, Inc.",2023-11-02,2023-12-21,"Portland","OR","A",2023-12-13,16,NA,"Amalgamated Transit Union, Division 757",7,NA,NA,NA,NA,8,15,NA,NA,NA,NA,"Initial","Single Labor Organization","Certification of Results","Closed","Included: All full-time and regular part-time attendants and mechanics employed by the Employer at its Portland, Oregon facility.
Excluded: All other employees, office clerical employees, managerial employees, and guards and supervisors as defined in the Act.",NA,NA,NA,41,2023-10-01,2023-10-01,"11-25",TRUE,"RC","Yes","Amalgamated Transit Union, Division 757",1,"ATU",0.466666666666667,"No",1
"05-RC-329047","Region 05, Baltimore, Maryland","Global Executive Staffing, LLC",2023-10-31,NA,"Baltimore","MD","A",2025-05-14,13,NA,"Amalgamated Transit Union Local 1764",0,NA,NA,NA,NA,1,1,NA,NA,NA,NA,"Rerun","Single Labor Organization",NA,"Open","All full-time and regular part-time utility workers and dispatchers employed by the Employer at the facilities currently located at 1615 Bush St., Baltimore, MD 21230, and 19 Thomas Ave., Brooklyn, MD 21225, but excluding all other employees, managers, guards, and supervisors as defined in the Act.",NA,NA,NA,561,2025-04-01,2023-10-01,"11-25",TRUE,"RC","Yes","Amalgamated Transit Union Local 1764",1,"ATU",0,"Still Open",12
"01-RC-328504","Region 01, Boston, Massachusetts","Western Maine Transportation Services, Inc.",2023-10-24,2023-12-08,"Auburn","ME","A",2023-11-29,15,NA,"Amalgamated Transit Union Local 714",10,NA,NA,NA,NA,5,15,NA,NA,NA,"Amalgamated Transit Union Local 714","Initial","Single Labor Organization","Certific. of Representative","Closed","All full-time and regular part-time fixed-route drivers employed at or out of the Employer's facility currently located at 76 Merrow Road, Auburn, ME, but excluding all office clerical employees, confidential employees, managers, and guards and supervisors as defined by the Act.",NA,NA,NA,36,2023-10-01,2023-10-01,"11-25",TRUE,"RC","Yes","Amalgamated Transit Union Local 714",1,"ATU",0.666666666666667,"Yes",0
"28-RC-327218","Region 28, Phoenix, Arizona","Silver State Transportation Services, LLC",2023-09-28,2023-11-30,"Las Vegas","NV","A",2023-11-09,101,NA,"Amalgamated Transit Union, Local 1637, AFL-CIO, CLC",52,NA,NA,NA,NA,10,73,NA,11,NA,"Amalgamated Transit Union, Local 1637, AFL-CIO, CLC","Initial","Single Labor Organization","Certific. of Representative","Closed","INCLUDED:  All full-time and regular part-time employees employed by the Employer at its facilities currently located at 5165 W. Sunset Road in Las Vegas, Nevada (Sunset Yard) and 3210 Citizen Ave. in North Las Vegas, Nevada (Simmons Yard) including bus cleaners, bus cleaner leads, bus cleaner supervisors, utility workers, utility worker leads, janitors, sprayers, probers, porters, upholstery technicians, fuelers, fueler leads, and detailers.

EXCLUDED:  All other employees, managers, and guards and supervisors as defined in the Act.",NA,NA,NA,42,2023-10-01,2023-07-01,"101-500",TRUE,"RC","Yes","Amalgamated Transit Union, Local 1637, AFL-CIO, CLC",1,"ATU",0.838709677419355,"Yes",39
"28-RM-326087","Region 28, Phoenix, Arizona","Transdev Services, Inc.",2023-09-15,2023-11-14,"Las Vegas","NV","A",2023-10-13,4,NA,"ATU Local 1637",3,NA,NA,NA,NA,0,3,NA,NA,NA,"ATU Local 1637","Initial","Single Labor Organization","Certific. of Representative","Closed","INCLUDED: All full-time and regular part-time Tire Maintenance Technicians employed by the Employer at its facilities located at 5165 West Sunset Road, Las Vegas, Nevada and 3210 Citizen Avenue, North Las Vegas, Nevada.

EXCLUDED: All other employees, including office clericals, managers, guards, and supervisors as defined by the National Labor Relations Act.",NA,NA,NA,28,2023-10-01,2023-07-01,"<5",TRUE,"RM","Yes","ATU Local 1637",1,"ATU",1,"Yes",1
"01-RM-325910","Region 01, Boston, Massachusetts","National Express Transit, Inc. d/b/a Kiessling Transit Inc.",2023-09-15,2023-10-23,"Framingham","MA","A",2023-10-13,41,NA,"AMALGAMATED TRANSIT UNION, LOCAL 22, AFL-CIO",24,NA,NA,NA,NA,9,33,NA,NA,NA,"AMALGAMATED TRANSIT UNION, LOCAL 22, AFL-CIO","Initial","Single Labor Organization","Certific. of Representative","Closed","All full-time and regular part-time demand response drivers employed by the Employer at its Framingham, MA facility, but excluding office clerical employees, dispatchers, road supervisors, professional employees, guards and supervisors as defined in the Act.",NA,NA,NA,28,2023-10-01,2023-07-01,"26-50",TRUE,"RM","Yes","AMALGAMATED TRANSIT UNION, LOCAL 22, AFL-CIO",1,"ATU",0.727272727272727,"Yes",8
"18-RC-324100","Region 18, Minneapolis, Minnesota","Transdev Services, Inc.",2023-08-18,2023-10-03,"Rochester","MN","A",2023-09-26,2,NA,"Amalgamated Transit Union, Local 1005",2,NA,NA,NA,NA,0,2,NA,NA,NA,"Amalgamated Transit Union, Local 1005","Initial","Single Labor Organization","Certification of Results","Closed","All Call Takers and Paratransit Routers employed by the Employer at its facility located at 4300 East River Road NE, Rochester, MN 55906; excluding guards and supervisors as defined by the National Labor Relations Act, and all other employees.

If a majority of valid ballots are cast for Amalgamated Transit Union, Local 1005, they will be taken to have indicated the employees’ desire to be included in the existing unit of drivers, dispatchers, utilities, and payroll clerks at Transdev Services, Inc. currently represented by Amalgamated Transit Union, Local 1005. If a majority of the valid ballots are not cast for representation, they will be taken to have indicated the employees desire to remain unrepresented.",NA,NA,NA,39,2023-07-01,2023-07-01,"<5",TRUE,"RC","Yes","Amalgamated Transit Union, Local 1005",1,"ATU",1,"No",0
"32-RC-323469","Region 32, Oakland, California","Transdev Services, Inc.",2023-08-08,2023-09-25,"Concord","CA","A",2023-09-15,2,NA,"Local 1605, Amalgamated Transit Union, AFL-CIO",1,NA,NA,NA,NA,0,1,NA,NA,NA,"Local 1605, Amalgamated Transit Union, AFL-CIO","Initial","Single Labor Organization","Certification of Results","Closed","All full-time and regular part-time employees employed by the Employer in the classifications of utility worker and road supervisor at the Employer’s facility located at 2477 Arnold Industrial Way, Concord, CA; excluding all other employees, employees represented by a labor organization, managers, confidential employees, office clerical employees, guards, and supervisors as defined in the Act.",NA,NA,NA,38,2023-07-01,2023-07-01,"<5",TRUE,"RC","Yes","Local 1605, Amalgamated Transit Union, AFL-CIO",1,"ATU",1,"No",1
"05-RC-323055","Region 05, Baltimore, Maryland","Diamond Transportation Services, Inc., a subsidiary of National Express, LLC",2023-08-02,2023-09-15,"Temple Hills","MD","A",2023-09-06,16,1,"Amalgamated Transit Union Local 689 a/w Amalgamated Transit Union, AFL-CIO/CLC",11,NA,NA,NA,NA,0,11,NA,1,NA,"Amalgamated Transit Union Local 689 a/w Amalgamated Transit Union, AFL-CIO/CLC","Initial","Single Labor Organization","Certific. of Representative","Closed","All full-time and regular part-time dispatchers, maintenance clerks, road supervisors, utility workers, and trainers employed by the Employer at its facility currently located in Temple Hills, Maryland; but excluding all office clerical employees, managerial employees, professional employees, guards, and supervisors as defined in the Act.

Others permitted to vote: The parties have agreed that the Customer Service Representative may vote in the election, but their ballots will be challenged since their eligibility has not been resolved.  No decision has been made regarding whether the individuals in this classification or group are included in, or excluded from, the bargaining unit.  The eligibility or inclusion of these individuals will be resolved, if necessary, following the election.",NA,NA,NA,35,2023-07-01,2023-07-01,"11-25",TRUE,"RC","Yes","Amalgamated Transit Union Local 689 a/w Amalgamated Transit Union, AFL-CIO/CLC",1,"ATU",1,"Yes",5
"05-RC-322975","Region 05, Baltimore, Maryland","Transit Management of Alexandria, Inc.",2023-08-01,2023-09-18,"Alexandria","VA","A",2023-09-08,24,NA,"Amalgamated Transit Union, Local 689 a/w Amalgamated Transit Union, AFL-CIO, CLC",15,NA,NA,NA,NA,6,21,NA,NA,NA,"Amalgamated Transit Union, Local 689 a/w Amalgamated Transit Union, AFL-CIO, CLC","Initial","Single Labor Organization",NA,"Closed","Included:  All full-time and regular part-time mechanics, parts clerks, service workers, and cleaners. 
Excluded: All foremen, office clerical employees, professional employees, managerial employees, confidential employees, guards and supervisors as defined by the National Labor Relations Act.",NA,NA,NA,38,2023-07-01,2023-07-01,"11-25",TRUE,"RC","Yes","Amalgamated Transit Union, Local 689 a/w Amalgamated Transit Union, AFL-CIO, CLC",1,"ATU",0.714285714285714,"Other",3
"05-RC-322975","Region 05, Baltimore, Maryland","Transit Management of Alexandria, Inc.",2023-08-01,2023-09-18,"Alexandria","VA","A",2023-09-08,24,NA,"Amalgamated Transit Union, Local 689 a/w Amalgamated Transit Union, AFL-CIO, CLC",15,NA,NA,NA,NA,6,21,NA,NA,NA,"Amalgamated Transit Union, Local 689 a/w Amalgamated Transit Union, AFL-CIO, CLC","Initial","Single Labor Organization","Certific. of Representative","Closed","Included:  All full-time and regular part-time mechanics, parts clerks, service workers, and cleaners. 
Excluded: All foremen, office clerical employees, professional employees, managerial employees, confidential employees, guards and supervisors as defined by the National Labor Relations Act.",NA,NA,NA,38,2023-07-01,2023-07-01,"11-25",FALSE,"RC","Yes","Amalgamated Transit Union, Local 689 a/w Amalgamated Transit Union, AFL-CIO, CLC",1,"ATU",0.714285714285714,"Yes",3
"21-RC-316782","Region 21, Los Angeles, California","Strive Well-Being, Inc.",2023-04-25,NA,"Los Angeles","CA","A",2023-06-10,113,NA,"Amalgamated Transit Union Local 1756, AFL-CIO/CLC",30,NA,NA,NA,NA,65,95,NA,3,NA,NA,"Initial","Single Labor Organization",NA,"Open","Included:  All full-time and regular part-time ambassadors and ambassador supervisors employed by the Employer.

Excluded:  All other employees, office clerical employees, professional employees, managerial employees, guards, and supervisors defined in the Act. 

",NA,NA,NA,46,2023-04-01,2023-04-01,"101-500",TRUE,"RC","Yes","Amalgamated Transit Union Local 1756, AFL-CIO/CLC",1,"ATU",0.315789473684211,"Still Open",18
"05-RC-315848","Region 05, Baltimore, Maryland","National Express Transit Corporation",2023-04-10,2023-05-18,"Richmond","VA","A",2023-05-09,13,NA,"Amalgamated Transit Union, Local Union 1220, AFL-CIO/CLC, a/w Amalgamated Transit Union, AFL-CIO/CLC",8,NA,NA,NA,NA,2,10,NA,NA,NA,"Amalgamated Transit Union, Local Union 1220, AFL-CIO/CLC, a/w Amalgamated Transit Union, AFL-CIO/CLC","Initial","Single Labor Organization","Certific. of Representative","Closed","Included:  All full time and regular part-time employees employed at or out of the Employer’s facility currently located at 301 E. Belt Blvd. in Richmond, VA, including customer service representatives, dispatchers, schedulers, and safety trainers.


Excluded: All employees currently represented by a labor union, office clerical employees, professional employees, guards, and supervisors as defined in the Act.",NA,NA,NA,29,2023-04-01,2023-04-01,"11-25",TRUE,"RC","Yes","Amalgamated Transit Union, Local Union 1220, AFL-CIO/CLC, a/w Amalgamated Transit Union, AFL-CIO/CLC",1,"ATU",0.8,"Yes",3
"29-RC-311229","Region 29, Brooklyn, New York","We Transport, Inc.",2023-01-31,2023-03-13,"Plainview","NY","A",2023-03-02,3,NA,"Amalgamated Transit Union, Local 1181-1061",2,NA,NA,NA,NA,1,3,NA,3,NA,"Amalgamated Transit Union, Local 1181-1061","Initial","Single Labor Organization","Certific. of Representative","Closed","Included: All full-time and regular part-time Radio/Camera Installers employed by the Employer at its facility located at 190 South Fehr Way, Bay Shore, NY 11706. 

Excluded: All other employees based at the Employer's facility located at 190 South Fehr Way, Bay Shore, NY 11706, including dispatchers, drivers, driver's assistants, mechanics, maintenance employees, outside contractors, clerical, guards, managerial employees, professional employees and supervisors as defined by the Act.",NA,NA,NA,30,2023-01-01,2023-01-01,"<5",TRUE,"RC","Yes","Amalgamated Transit Union, Local 1181-1061",1,"ATU",0.666666666666667,"Yes",0
"01-RC-310062","Region 01, Boston, Massachusetts","Durham School Services, L.P.",2023-01-10,2023-02-21,"Providence","RI","A",2023-02-08,41,NA,"Amalgamated Transit Union Division 618",23,NA,NA,NA,NA,17,40,NA,NA,NA,"Amalgamated Transit Union Division 618","Initial","Single Labor Organization","Certific. of Representative","Closed","­All full-time and regular part-time employees employed at the Employer’s facility located at 50 Houghton Street, Providence, Rhode Island; but excluding all managers, guards and professional employees and supervisors as defined by the Act.",NA,NA,NA,29,2023-01-01,2023-01-01,"26-50",TRUE,"RC","Yes","Amalgamated Transit Union Division 618",1,"ATU",0.575,"Yes",1
"22-RD-309128","Region 22, Newark, New Jersey","WeDriveU, Inc.",2022-12-19,2023-04-11,"Princeton","NJ","A",2023-04-03,32,2,"Amalgamated Transit Union Local 1181",13,NA,NA,NA,NA,12,25,NA,NA,NA,"Amalgamated Transit Union Local 1181","Initial","Single Labor Organization","Certific. of Representative","Closed","INCLUDED: All full time and regular part-time drivers employed by the Employer who work on the Employer’s Princeton, New Jersey account.

EXCLUDED: All supervisory dispatchers, cleaners, mechanics, and all other employees, including  office clericals, guards, professional employees and supervisors as defined in the Act, and all other employees.",NA,NA,NA,105,2023-04-01,2022-10-01,"26-50",TRUE,"RD","Yes","Amalgamated Transit Union Local 1181",1,"ATU",0.52,"Yes",7
"32-RC-309106","Region 32, Oakland, California","TransDev Services, Inc.",2022-12-19,2023-05-11,"Lodi","CA","A",2023-02-17,5,NA,"Amalgamated Transit Union Local 256",4,NA,NA,NA,NA,0,4,NA,1,NA,"Amalgamated Transit Union Local 256","Initial","Single Labor Organization","Certification of Results","Closed","All full-time and regular part-time dispatchers, reservationists, and utility workers employed at or out of the Employer’s facility located at 24 S. Sacramento Street, Lodi, California; excluding all other employees, employees represented by a labor organization, managers, confidential employees, office clerical employees, guards, and supervisors as defined by the Act.

The parties have agreed that the classification of lead dispatcher is in dispute.  No decision has been made regarding whether that classification is included in, or excluded from, the bargaining unit. The eli
gibility or inclusion of that classification will be resolved, if necessary, following the election.",NA,NA,NA,60,2023-01-01,2022-10-01,"<5",TRUE,"RC","Yes","Amalgamated Transit Union Local 256",1,"ATU",1,"No",1
"27-RC-307610","Region 27, Denver, Colorado","Transit Management of Canyon County, Inc., a wholly owned subsidiary of First Transit, Inc.",2022-11-22,2022-12-27,"Caldwell","ID","A",2022-12-14,2,NA,"Amalgamated Transit Union, Local 398, AFL-CIO/CLC",2,NA,NA,NA,NA,0,2,NA,NA,NA,"Amalgamated Transit Union, Local 398, AFL-CIO/CLC","Initial","Single Labor Organization","Certification of Results","Closed","Include: All full-time and part-time dispatchers employed by the Employer at or out of the Employer's facility located in Caldwell, Idaho. Exclude: All managerial and administrative employees, office clerical employees, guards, and supervisors as defined in the National Labor Relations Act.",NA,NA,NA,22,2022-10-01,2022-10-01,"<5",TRUE,"RC","Yes","Amalgamated Transit Union, Local 398, AFL-CIO/CLC",1,"ATU",1,"No",0
"05-RC-307496","Region 05, Baltimore, Maryland","First Transit",2022-11-21,2022-12-30,"Glen Burnie","MD","A",2022-12-20,6,NA,"Amalgamated Transit Union Local 1764 a/w Amalgamated Transit Union, AFL-CIO/CLC",1,NA,NA,NA,NA,0,1,NA,NA,NA,"Amalgamated Transit Union Local 1764 a/w Amalgamated Transit Union, AFL-CIO/CLC","Initial","Single Labor Organization","Certific. of Representative","Closed","All full-time and regular part-time dispatchers and road supervisors employed by
the Employer at its facilities currently located at 7409 Baltimore Annapolis Blvd.,
Glen Burnie, Maryland and 2666 Riva Road, Annapolis, Maryland 21401,
excluding all office clericals, managerial employees, professional employees,
guards, and supervisors under the Act.",NA,NA,NA,29,2022-10-01,2022-10-01,"6-10",TRUE,"RC","Yes","Amalgamated Transit Union Local 1764 a/w Amalgamated Transit Union, AFL-CIO/CLC",1,"ATU",1,"Yes",5
"10-RC-307164","Region 10, Atlanta, Georgia","First Student, Inc.",2022-11-15,2022-12-16,"Dalton","GA","A",2022-12-07,84,1,"Amalgamated Transit Union Local 1212",47,NA,NA,NA,NA,12,60,NA,1,NA,"Amalgamated Transit Union Local 1212","Initial","Single Labor Organization","Certific. of Representative","Closed","Included:  All full-time and regular part-time employees employed by the Employer at the facility located at 1810 S. Hamilton St. in Dalton, Georgia, including drivers, monitors/attendants, trainees, dispatchers, and technicians. 

Excluded all guards and supervisors as defined in the Act.",NA,NA,NA,22,2022-10-01,2022-10-01,"51-100",TRUE,"RC","Yes","Amalgamated Transit Union Local 1212",1,"ATU",0.796610169491525,"Yes",25
"05-RC-303421","Region 05, Baltimore, Maryland","Transdev Services, Inc.",2022-09-14,2024-10-02,"Baltimore","MD","A",2023-05-18,5,NA,"Amalgamated Transit Union Local 1764",5,NA,NA,NA,NA,0,5,NA,NA,NA,"Amalgamated Transit Union Local 1764","Initial","Single Labor Organization","Certific. of Representative","Closed","Included: All full-time and regular part-time customer service representatives, dispatchers, and schedulers employed by the Employer at its facility currently located at 1601 Wicomico Street, Baltimore, Maryland. 

Excluded: Operations supervisors, confidential employees, office clerical employees, guards, and supervisors as defined by the Act.",NA,NA,NA,246,2023-04-01,2022-07-01,"<5",TRUE,"RC","Yes","Amalgamated Transit Union Local 1764",1,"ATU",1,"Yes",0
"10-RC-301838","Region 10, Atlanta, Georgia","Transdev Services, Inc. d/b/a GoRaleigh",2022-08-23,2022-10-04,"Raleigh","NC","A",2022-09-26,14,NA,"Amalgamated Transit Union Local 1328",7,NA,NA,NA,NA,5,12,NA,NA,NA,"Amalgamated Transit Union Local 1328","Initial","Single Labor Organization","Certific. of Representative","Closed","All full-time and regular part-time road supervisors and dispatchers employed by the Employer, at its 4104 Poole Road, Raleigh, North Carolina facility, but excluding all other employees, guards, managers, and supervisors as defined by the Act.",NA,NA,NA,34,2022-07-01,2022-07-01,"11-25",TRUE,"RC","Yes","Amalgamated Transit Union Local 1328",1,"ATU",0.583333333333333,"Yes",2
"05-RC-300083","Region 05, Baltimore, Maryland","River North Transit, LLC and HA Transportation Services, LLC",2022-07-25,2023-09-18,"Norfolk","VA","A",2022-08-24,160,NA,"Amalgamated Transit Union, Local 1177",57,NA,NA,NA,NA,35,92,NA,2,NA,"Amalgamated Transit Union, Local 1177","Initial","Single Labor Organization","Certific. of Representative","Closed",NA,NA,NA,NA,30,2022-07-01,2022-07-01,"101-500",TRUE,"RC","Yes","Amalgamated Transit Union, Local 1177",1,"ATU",0.619565217391304,"Yes",68
"01-RC-299908","Region 01, Boston, Massachusetts","H.N.S. Management Company, Inc.",2022-07-22,2022-09-19,"Hartford","CT","A",2022-09-09,7,NA,"AMALGAMATED TRANSIT UNION LOCAL 425, AFL-CIO/CLC",5,NA,NA,NA,NA,0,5,NA,1,NA,"AMALGAMATED TRANSIT UNION LOCAL 425, AFL-CIO/CLC","Initial","Single Labor Organization","Certific. of Representative","Closed","Included: All employees employed by the Employer in the Finance Department at its Hartford, CT facility.

Excluded: Director of Finance, Finance Manager/Payroll Administrator, Accounting Supervisor/Financial Associate II, Financial Associates I, and all managers, confidential employees, and guards, professional employees and supervisors as defined in the Act.",NA,NA,NA,49,2022-07-01,2022-07-01,"6-10",TRUE,"RC","Yes","AMALGAMATED TRANSIT UNION LOCAL 425, AFL-CIO/CLC",1,"ATU",1,"Yes",2
"07-RC-299417","Region 07, Detroit, Michigan","MV Transportation, Inc.",2022-07-13,2022-09-13,"Ypsilanti","MI","A",2022-09-01,47,NA,"Amalgamated Transit Union, AFL-CIO/CLC",18,NA,NA,NA,NA,3,21,NA,NA,NA,"Amalgamated Transit Union, AFL-CIO/CLC","Initial","Single Labor Organization","Certific. of Representative","Closed","All employees employed by the Employer at its Division 106 currently located at 4037 Morgan Road, Ypsilanti MI 48197, including drivers, technicians, schedulers, dispatchers, road supervisors, utility workers, and administrative clerks, but excluding guards and supervisors as defined in the Act.",NA,NA,NA,50,2022-07-01,2022-07-01,"26-50",TRUE,"RC","Yes","Amalgamated Transit Union, AFL-CIO/CLC",1,"ATU",0.857142857142857,"Yes",26
"06-RC-299141","Region 06, Pittsburgh, Pennsylvania","First Student, Inc.",2022-07-12,2022-11-02,"Pittsburgh","PA","A",2022-08-19,3,NA,"Amalgamated Transit Union Local 1743",1,NA,NA,NA,NA,1,2,NA,NA,NA,"Amalgamated Transit Union Local 1743","Initial","Single Labor Organization","Certification of Results","Closed","Included

All mechanics employed at the Employer's facility at 1720 W North Ave in Pittsburgh.

Excluded

All other employees, managers, guards, and supervisors under the Act.",NA,NA,NA,38,2022-07-01,2022-07-01,"<5",TRUE,"RC","Yes","Amalgamated Transit Union Local 1743",1,"ATU",0.5,"No",1
"01-RC-297988","Region 01, Boston, Massachusetts","H.N.S. Management Company, Inc.",2022-06-22,2022-08-22,"Hartford","CT","A",2022-08-12,15,1,"AMALGAMATED TRANSIT UNION LOCAL 425, AFL-CIO, CLC",10,NA,NA,NA,NA,1,11,NA,NA,NA,"AMALGAMATED TRANSIT UNION LOCAL 425, AFL-CIO, CLC","Initial","Single Labor Organization","Certific. of Representative","Closed","All full-time and regular part-time employees in the Customer Service Department employed by the Employer at its Hartford, Connecticut facility, including Customer Service Representatives, Customer Service Sales Representatives, Customer Relations Specialists, and Assistant Customer Sales Center Supervisor; but excluding Administrator of Customer Service, Customer Service Sales Supervisor, and all managers, and guards, professional employees, and supervisors as defined in the Act. 

If a majority of valid ballots are cast for Amalgamated Transit Union Local 425, AFL-CIO/CLC, this will be taken to have indicated employees’ desire to be included in the existing unit of hourly rated employees, Enterprise Systems Support Analysts, Planner/System Support employees, Assistant Planner/Data Quality Assistants, Lead Traffic Specialists, Traffic Specialists, Bus Stop Maintenance and Installation Specialists, Transportation Planners, Transportation Planner/GIS Analysts, and Assistant Supervisors of Fare Compliance currently represented by Amalgamated Transit Union Local 425, AFL-CIO/CLC. If a majority of valid ballots are cast against representation, this will be taken to have indicated the employees’ desire to remain unrepresented.",NA,NA,NA,51,2022-07-01,2022-04-01,"11-25",TRUE,"RC","Yes","AMALGAMATED TRANSIT UNION LOCAL 425, AFL-CIO, CLC",1,"ATU",0.909090909090909,"Yes",4
"10-RC-295697","Region 10, Atlanta, Georgia","First Transit, Inc.",2022-05-12,2022-08-08,"Atlanta","GA","A",2022-07-29,3,NA,"Amalgamated Transit Union Local 732",0,NA,NA,NA,NA,0,0,NA,NA,NA,NA,"Initial","Single Labor Organization","Certification of Results","Closed","Included: All full-time and part-time operators, bus maintenance mechanics, utilities workers, building support mechanics, and dispatchers employed by the Company at its 1040 Brady Avenue locations.

Excluded: All guards, professional employees, and supervisors as
defined by the Act.",NA,NA,NA,78,2022-07-01,2022-04-01,"<5",TRUE,"RC","Yes","Amalgamated Transit Union Local 732",1,"ATU",NA,"No",3
"10-RC-295685","Region 10, Atlanta, Georgia","Atlanta Transportation Systems, Inc. d/b/a ATS",2022-05-12,2022-07-25,"Atlanta","GA","A",2022-07-15,39,2,"Amalgamated Transit Union Local 732",4,NA,NA,NA,NA,0,0,NA,NA,NA,"Amalgamated Transit Union Local 732","Initial","Single Labor Organization","Certific. of Representative","Closed","All full-time and part-time regular Drivers employed by the Employer at its 1040 Brady Avenue location; but excluding all independent contractors, guards, professional employees and supervisors as defined by the Act.",NA,NA,NA,64,2022-07-01,2022-04-01,"26-50",TRUE,"RC","Yes","Amalgamated Transit Union Local 732",1,"ATU",NA,"Yes",35
"01-RC-295103","Region 01, Boston, Massachusetts","Durham School Services",2022-05-03,2022-07-12,"Waterbury","CT","A",2022-07-01,119,3,"AMALGAMATED TRANSIT UNION, LOCAL 448",85,NA,NA,NA,NA,10,95,NA,4,NA,"AMALGAMATED TRANSIT UNION, LOCAL 448","Initial","Single Labor Organization","Certific. of Representative","Closed","All full-time and regular part-time employees employed at the Employer’s facility in Waterbury, Connecticut; but excluding the office administrator, and guards, and professional employees and supervisors as defined in the Act.

Others permitted to vote: The parties have agreed that dispatchers and routers may vote in the election but their ballots may be challenged since their eligibility has not been resolved. No decision has been made regarding whether the individuals in this classification are included in, or excluded from, the bargaining unit. The eligibility or inclusion of these individuals will be resolved, if necessary, following the election.",NA,NA,NA,59,2022-07-01,2022-04-01,"101-500",TRUE,"RC","Yes","AMALGAMATED TRANSIT UNION, LOCAL 448",1,"ATU",0.894736842105263,"Yes",24
"21-RC-294196","Region 21, Los Angeles, California","First Student, Inc.",2022-04-15,2022-05-18,"Riverside","CA","A",2022-05-10,214,NA,"Local No. 1756 of the Amalgamated Transit Union",113,NA,NA,NA,NA,26,139,NA,NA,NA,"Local No. 1756 of the Amalgamated Transit Union","Initial","Single Labor Organization","Certific. of Representative","Closed","Included:  All full-time and regular part-time bus drivers, technicians/mechanics, maintenance utility workers, monitors/attendants, and driver-trainers employed by the Employer at its facility currently located at 3031 Franklin Avenue, Riverside, California.

Excluded:  All other employees, professional employees, managerial employees, guards, and supervisors as defined in the Act.",NA,NA,NA,25,2022-04-01,2022-04-01,"101-500",TRUE,"RC","Yes","Local No. 1756 of the Amalgamated Transit Union",1,"ATU",0.81294964028777,"Yes",75
"20-RC-293947","Region 20, San Francisco, California","MV Transportation, Inc.",2022-04-13,2022-05-24,"Petaluma","CA","A",2022-05-11,3,NA,"Amalgamated Transit Union, Local 1575",3,NA,NA,NA,NA,0,3,NA,NA,NA,"Amalgamated Transit Union, Local 1575","Initial","Single Labor Organization","Certification of Results","Closed","Included: All full-time and regular part-time dispatchers and lead dispatchers employed by the Employer at its facility located at 555 North McDowell Boulevard, Petaluma, California; 

Excluding: all other employees, managers, guards and supervisors as defined by the Act",NA,NA,NA,28,2022-04-01,2022-04-01,"<5",TRUE,"RC","Yes","Amalgamated Transit Union, Local 1575",1,"ATU",1,"No",0
"04-RC-293875","Region 04, Philadelphia, Pennsylvania","Frank Martz Coach Co., Martz Express, Inc., and Stroudsburg Bus Terminal, Inc., as a single employer",2022-04-12,2022-10-27,"Delaware Water Gap","PA","A",2022-10-19,15,NA,"Division No. 1119 of the Amalgamated Transit Union",7,NA,NA,NA,NA,6,13,NA,NA,NA,"Division No. 1119 of the Amalgamated Transit Union","Initial","Single Labor Organization","Certific. of Representative","Closed","Included: All full-time and regular part-time ticket agents, porters, and ticket agents/porters employed by Stroudsburg Bus Terminal, Inc., and Martz Express Inc. at their facilities

Excluded: All other employees, managers, guards, and supervisors as defined in the Act.",NA,NA,NA,190,2022-10-01,2022-04-01,"11-25",TRUE,"RC","Yes","Division No. 1119 of the Amalgamated Transit Union",1,"ATU",0.538461538461538,"Yes",2
"05-RC-293386","Region 05, Baltimore, Maryland","Transdev Services, Inc.",2022-04-04,2022-05-25,"Baltimore","MD","A",2022-05-12,5,NA,"Amalgamated Transit Union Local 1764",5,NA,NA,NA,NA,0,5,NA,NA,NA,"Amalgamated Transit Union Local 1764","Initial","Single Labor Organization","Certific. of Representative","Closed","All full-time and regular part-time starter employees employed by the Employer at its facility currently located at 1601 Wicomico Street, Baltimore, Maryland, but excluding all road supervisors, safety trainers, ready desk clerks, quality assurance employees, schedule analysts, drivers, mechanics, utility workers, managers, guards and supervisors as defined in the Act.",NA,NA,NA,38,2022-04-01,2022-04-01,"<5",TRUE,"RC","Yes","Amalgamated Transit Union Local 1764",1,"ATU",1,"Yes",0
"19-RC-293270","Region 19, Seattle, Washington","TransDev Services, Inc.",2022-03-31,2022-05-27,"Portland","OR","A",2022-05-19,4,NA,"Amalgamated Transit Union, Division 757",1,NA,NA,NA,NA,0,1,NA,NA,NA,"Amalgamated Transit Union, Division 757","Initial","Single Labor Organization","Certification of Results","Closed","All full-time and regular part-time Road Supervisors  employed by the Employer at its facility located at 3618 SE 92nd Avenue, Portland, Oregon 97232; but excluding all managerial employees, guards and supervisors as defined by the Act, and all other employees.",NA,NA,NA,49,2022-04-01,2022-01-01,"<5",TRUE,"RC","Yes","Amalgamated Transit Union, Division 757",1,"ATU",1,"No",3
"16-RC-290822","Region 16, Fort Worth, Texas","BMR JANITORIAL & PRESSURE WASHING SERVICE, LLC",2022-02-17,2022-04-28,"Austin","TX","A",2022-04-22,25,NA,"AMALGAMATED TRANSIT UNION LOCAL 1091",7,NA,NA,NA,NA,0,7,NA,NA,NA,"AMALGAMATED TRANSIT UNION LOCAL 1091","Initial","Single Labor Organization","Certific. of Representative","Closed","INCLUDED: All full-time and regular part-time employees employed by BMR Janitorial & Pressure Washing Service, LLC, at the facility currently located at 9315 McNeil Road, Austin, Texas 78758.

EXCLUDED: All other employees, including office clerical employees, professional employees, confidential employees, managers, guards and supervisors as defined by the Act.",NA,NA,NA,64,2022-04-01,2022-01-01,"11-25",TRUE,"RC","Yes","AMALGAMATED TRANSIT UNION LOCAL 1091",1,"ATU",1,"Yes",18
"16-RC-290822","Region 16, Fort Worth, Texas","BMR JANITORIAL & PRESSURE WASHING SERVICE, LLC",2022-02-17,2022-04-28,"Austin","TX","A",2022-04-20,25,NA,"AMALGAMATED TRANSIT UNION LOCAL 1091",7,NA,NA,NA,NA,0,7,NA,NA,NA,"AMALGAMATED TRANSIT UNION LOCAL 1091","Initial","Single Labor Organization","Certific. of Representative","Closed","INCLUDED: All full-time and regular part-time employees employed by BMR Janitorial & Pressure Washing Service, LLC, at the facility currently located at 9315 McNeil Road, Austin, Texas 78758.

EXCLUDED: All other employees, including office clerical employees, professional employees, confidential employees, managers, guards and supervisors as defined by the Act.",NA,NA,NA,62,2022-04-01,2022-01-01,"11-25",FALSE,"RC","Yes","AMALGAMATED TRANSIT UNION LOCAL 1091",1,"ATU",1,"Yes",18
"28-RC-289883","Region 28, Phoenix, Arizona","Tucson Streetcar, Inc.",2022-02-01,2022-04-06,"Tucson","AZ","A",2022-03-25,25,2,"Amalgamated Transit Union Local #1433",13,NA,NA,NA,NA,3,16,NA,NA,NA,"Amalgamated Transit Union Local #1433","Initial","Single Labor Organization","Certific. of Representative","Closed","INCLUDED:  All full-time and regular part-time operators and maintenance workers employed by the Employer at its facility located in Tucson, Arizona.

EXCLUDED:  All other employees, including professional employees, managerial employees, guards, supervisors, and other employees as defined by the Act.",NA,NA,NA,52,2022-01-01,2022-01-01,"11-25",TRUE,"RC","Yes","Amalgamated Transit Union Local #1433",1,"ATU",0.8125,"Yes",9
"05-RC-289191","Region 05, Baltimore, Maryland","Catherine A. Keller Inc., Edwin A. Keller Bus Service Inc.",2022-01-20,2022-05-17,"Waldorf","MD","A",2022-05-05,44,1,"Amalgamated Transit Union, Local 689 a/w Amalgamated Transit Union, AFL-CIO, CLC",29,NA,NA,NA,NA,9,38,NA,NA,NA,"Amalgamated Transit Union, Local 689 a/w Amalgamated Transit Union, AFL-CIO, CLC","Initial","Single Labor Organization","Certific. of Representative","Closed","All full-time and regular part-time Charles County Public School Bus drivers, attendants, substitute School Bus drivers and trip drivers employed by Edwin A. Keller Bus Service, Inc. or Catherine A. Keller Inc. at the facility currently located at 4426 Gallant Green Road, Waldorf, Maryland location; excluding all other employees, office clerical employees, managerial employees, mechanics, guards, and supervisors as defined in the Act.",NA,NA,NA,105,2022-04-01,2022-01-01,"26-50",TRUE,"RC","Yes","Amalgamated Transit Union, Local 689 a/w Amalgamated Transit Union, AFL-CIO, CLC",1,"ATU",0.763157894736842,"Yes",6
"01-RD-289065","Region 01, Boston, Massachusetts","Plymouth & Brockton Street Railway Co.",2022-01-18,2022-04-06,"Hyannis","MA","A",2022-03-29,41,NA,"Amalgamated Transit Union Local 1548",3,NA,NA,NA,NA,34,37,NA,NA,NA,NA,"Initial","Single Labor Organization","Certification of Results","Closed","Included: All full-time and part-time drivers, call operators, and maintenance employees employed by the Company at its terminals in Boston, Brockton, Chatham, Hyannis, Orleans, Plymouth, Provincetown, Scituate, and Braintree, Massachusetts, and any other terminal or garage put into operation during the term of the parties' collective-bargaining agreement.

Excluded: All ticket agents, office and clerical employees, guards and supervisors as defined by the Act.",NA,NA,NA,70,2022-01-01,2022-01-01,"26-50",TRUE,"RD","Yes","Amalgamated Transit Union Local 1548",1,"ATU",0.0810810810810811,"No",4
"05-RC-288769","Region 05, Baltimore, Maryland","Stanley Bus Company, Inc.",2022-01-11,2022-05-06,"Marbury","MD","A",2022-04-27,12,NA,"Amalgamated Transit Union Local 689 a/w Amalgamated Transit Union, AFL-CIO/CLC",5,NA,NA,NA,NA,2,7,NA,1,NA,"Amalgamated Transit Union Local 689 a/w Amalgamated Transit Union, AFL-CIO/CLC","Initial","Single Labor Organization","Certific. of Representative","Closed","All full-time and regular part-time Charles County certified route school bus drivers and substitute drivers employed by the Employer at its facility currently located in Marbury, Maryland, but excluding all other employees, guards and supervisors as defined in the Act.",NA,NA,NA,106,2022-04-01,2022-01-01,"11-25",TRUE,"RC","Yes","Amalgamated Transit Union Local 689 a/w Amalgamated Transit Union, AFL-CIO/CLC",1,"ATU",0.714285714285714,"Yes",5
"05-RC-288770","Region 05, Baltimore, Maryland","BJ’s Transportation Service, LLC.",2022-01-11,2022-05-06,"Bryans Road","MD","A",2022-04-27,21,NA,"Amalgamated Transit Union, Local 689 a/w Amalgamated Transit Union, AFL-CIO, CLC",9,NA,NA,NA,NA,11,18,NA,2,NA,NA,"Initial","Single Labor Organization","Certification of Results","Closed",NA,NA,NA,NA,106,2022-04-01,2022-01-01,"11-25",TRUE,"RC","Yes","Amalgamated Transit Union, Local 689 a/w Amalgamated Transit Union, AFL-CIO, CLC",1,"ATU",0.45,"No",1
"05-RC-288825","Region 05, Baltimore, Maryland","Compton Bus Services, Inc.",2022-01-11,2022-05-24,"Port Tobacco","MD","A",2022-04-21,50,NA,"Amalgamated Transit Union, Local 689, a/w Amalgamated Transit Union, AFL-CIO, CLC",20,NA,NA,NA,NA,25,45,NA,NA,NA,NA,"Initial","Single Labor Organization","Certification of Results","Closed","Included: All full-time and regular part-time Charles County Public School Bus Drivers, Attendants, and Substitute School Bus Drivers employed by Compton Bus Services, Inc. at its facility currently located at 6950 Rose Hill Road, Port Tobacco, Maryland. 

Excluded: All other employees, managerial employees, guards, and supervisors as defined by the Act.",NA,NA,NA,100,2022-04-01,2022-01-01,"26-50",TRUE,"RC","Yes","Amalgamated Transit Union, Local 689, a/w Amalgamated Transit Union, AFL-CIO, CLC",1,"ATU",0.444444444444444,"No",5
"05-RC-288795","Region 05, Baltimore, Maryland","G & M Transportation, Inc.",2022-01-11,2022-05-10,"Bryans Road","MD","A",2022-04-21,7,NA,"Amalgamated Transit Union, Local 689 a/w Amalgamated Transit Union, AFL-CIO, CLC",5,NA,NA,NA,NA,0,5,NA,1,NA,"Amalgamated Transit Union, Local 689 a/w Amalgamated Transit Union, AFL-CIO, CLC","Initial","Single Labor Organization","Certific. of Representative","Closed",NA,NA,NA,NA,100,2022-04-01,2022-01-01,"6-10",TRUE,"RC","Yes","Amalgamated Transit Union, Local 689 a/w Amalgamated Transit Union, AFL-CIO, CLC",1,"ATU",1,"Yes",2
"05-RC-288803","Region 05, Baltimore, Maryland","H&H Bus Service, Inc.",2022-01-11,2022-05-11,"Bryans Road","MD","A",2022-04-08,31,NA,"Amalgamated Transit Union Local 689 a/w Amalgamated Transit Union, AFL-CIO/CLC",6,NA,NA,NA,NA,20,26,NA,2,NA,NA,"Initial","Single Labor Organization","Certification of Results","Closed","Included:	All full-time and regular part-time Charles County Public School bus drivers, attendants, and substitute school bus drivers employed by H&H Bus Service, Inc. at its facility currently located at 2890 Camp Hedges Place, Bryans Road, Maryland.
Excluded:	All other employees, guards, and supervisors as defined in the Act.",NA,NA,NA,87,2022-04-01,2022-01-01,"26-50",TRUE,"RC","Yes","Amalgamated Transit Union Local 689 a/w Amalgamated Transit Union, AFL-CIO/CLC",1,"ATU",0.230769230769231,"No",5
"05-RC-288773","Region 05, Baltimore, Maryland","Buck-P & Son's Bus Service, LLC",2022-01-11,2022-04-18,"Indian Head","MD","A",2022-04-08,5,NA,"Amalgamated Transit Union, Local 689 a/w Amalgamated Transit Union, AFL-CIO, CLC",2,NA,NA,NA,NA,3,5,NA,NA,NA,NA,"Initial","Single Labor Organization","Certification of Results","Closed","All full-time and regular part-time Charles County Public School Bus Drivers employed by the Employer at its facility currently located in Indian Head, Maryland, but excluding all other employees, guards and supervisors as defined in the Act.",NA,NA,NA,87,2022-04-01,2022-01-01,"<5",TRUE,"RC","Yes","Amalgamated Transit Union, Local 689 a/w Amalgamated Transit Union, AFL-CIO, CLC",1,"ATU",0.4,"No",0
"05-RC-288811","Region 05, Baltimore, Maryland","Helen E Keller, E. Keller III Bus Service Inc, Keller Transportation Inc.",2022-01-11,2022-04-18,"Waldorf","MD","A",2022-04-08,54,NA,"Amalgamated Transit Union Local 689 a/w Amalgamated Transit Union, AFL-CIO/CLC",35,NA,NA,NA,NA,10,50,NA,5,NA,"Amalgamated Transit Union Local 689 a/w Amalgamated Transit Union, AFL-CIO/CLC","Initial","Single Labor Organization","Certific. of Representative","Closed","All full-time, regular part-time and substitute/on-call school bus drivers and attendants, employed by the Employer at its Waldorf, Maryland facility; excluding all other employees, office clerical employees, professional employees, dispatchers, mechanics, cleaners, guards, and supervisors as defined by the Act.",NA,NA,NA,87,2022-04-01,2022-01-01,"51-100",TRUE,"RC","Yes","Amalgamated Transit Union Local 689 a/w Amalgamated Transit Union, AFL-CIO/CLC",1,"ATU",0.777777777777778,"Yes",9
"05-RC-288768","Region 05, Baltimore, Maryland","P&C Dunnington, Inc.",2022-01-11,2022-04-15,"Marbury","MD","A",2022-04-07,6,NA,"Amalgamated Transit Union Local 689 a/w Amalgamated Transit Union, AFL-CIO/CLC",4,NA,NA,NA,NA,2,6,NA,NA,NA,"Amalgamated Transit Union Local 689 a/w Amalgamated Transit Union, AFL-CIO/CLC","Initial","Single Labor Organization","Certific. of Representative","Closed","All full-time and regular part-time Charles County Certified Route School Bus drivers and substitute drivers employed by the Employer at its facility currently located in Marbury, Maryland, but excluding all other employees, guards, and supervisors as defined in the Act.",NA,NA,NA,86,2022-04-01,2022-01-01,"6-10",TRUE,"RC","Yes","Amalgamated Transit Union Local 689 a/w Amalgamated Transit Union, AFL-CIO/CLC",1,"ATU",0.666666666666667,"Yes",0
"05-RC-288790","Region 05, Baltimore, Maryland","D & J Buses, Inc.",2022-01-11,2022-04-15,"Bryans Road","MD","A",2022-04-07,16,NA,"Amalgamated Transit Union Local 689 a/w Amalgamated Transit Union, AFL-CIO/CLC",11,NA,NA,NA,NA,5,16,NA,NA,NA,"Amalgamated Transit Union Local 689 a/w Amalgamated Transit Union, AFL-CIO/CLC","Initial","Single Labor Organization","Certific. of Representative","Closed","All full-time and regular part-time Charles County Public School Bus drivers, attendants, and substitute school bus drivers employed by the Employer at its facility currently located at 7329 Judi Drive, Bryans Road, Maryland, but excluding all other employees, guards, and supervisors as defined in the Act.",NA,NA,NA,86,2022-04-01,2022-01-01,"11-25",TRUE,"RC","Yes","Amalgamated Transit Union Local 689 a/w Amalgamated Transit Union, AFL-CIO/CLC",1,"ATU",0.6875,"Yes",0
"05-RC-288827","Region 05, Baltimore, Maryland","James H. Stone Jr. LLC",2022-01-11,2022-04-15,"Waldorf","MD","A",2022-04-07,24,NA,"Amalgamated Transit Union Local 689 a/w Amalgamated Transit Union, AFL-CIO/CLC",4,NA,NA,NA,NA,15,19,NA,NA,NA,NA,"Initial","Single Labor Organization","Certification of Results","Closed",NA,NA,NA,NA,86,2022-04-01,2022-01-01,"11-25",TRUE,"RC","Yes","Amalgamated Transit Union Local 689 a/w Amalgamated Transit Union, AFL-CIO/CLC",1,"ATU",0.210526315789474,"No",5
"05-RC-288808","Region 05, Baltimore, Maryland","Dink's Bus Services, Inc.",2022-01-11,2022-04-14,"Indian Head","MD","A",2022-04-06,20,NA,"Amalgamated Transit Union, Local 689 a/w Amalgamated Transit Union, AFL-CIO, CLC",11,NA,NA,NA,NA,2,13,NA,NA,NA,"Amalgamated Transit Union, Local 689 a/w Amalgamated Transit Union, AFL-CIO, CLC","Initial","Single Labor Organization","Certific. of Representative","Closed","All full-time and regular part-time Charles County Public School Bus drivers, attendants, substitute School Bus drivers and substitute attendants employed by Dink’s Bus Services, Inc. at the Employer’s 5400 Bicknell Road, Indian Head, MD 20640 location, but excluding all other employees, guards, and supervisors as defined in the Act.",NA,NA,NA,85,2022-04-01,2022-01-01,"11-25",TRUE,"RC","Yes","Amalgamated Transit Union, Local 689 a/w Amalgamated Transit Union, AFL-CIO, CLC",1,"ATU",0.846153846153846,"Yes",7
"05-RC-288786","Region 05, Baltimore, Maryland","Celestine C. Dyson, Inc.,  Dyson Bus Services Inc., Dyson Trucking, Inc., A Single Employer",2022-01-11,2022-04-13,"Port Tobacco","MD","A",2022-04-05,11,NA,"Amalgamated Transit Union, Local 689 a/w Amalgamated Transit Union, AFL-CIO, CLC",10,NA,NA,NA,NA,1,11,NA,NA,NA,"Amalgamated Transit Union, Local 689 a/w Amalgamated Transit Union, AFL-CIO, CLC","Initial","Single Labor Organization","Certific. of Representative","Closed","All full-time and regular part-time Charles County Public School Bus drivers and all substitute school bus drivers employed by Celestine C. Dyson, Inc., Dyson Bus Services, Inc., Dyson Trucking, Inc. at the Employer’s currently located in Port Tobacco, Maryland, but excluding all other employees, guards and supervisors as defined in the Act.",NA,NA,NA,84,2022-04-01,2022-01-01,"11-25",TRUE,"RC","Yes","Amalgamated Transit Union, Local 689 a/w Amalgamated Transit Union, AFL-CIO, CLC",1,"ATU",0.909090909090909,"Yes",0
"05-RC-288787","Region 05, Baltimore, Maryland","G. Wade Compton, Inc.",2022-01-11,2022-04-13,"Port Tobacco","MD","A",2022-04-05,11,NA,"Amalgamated Transit Union Local 689 a/w Amalgamated Transit Union, AFL-CIO/CLC",2,NA,NA,NA,NA,9,11,NA,NA,NA,NA,"Initial","Single Labor Organization","Certification of Results","Closed","All full-time and regular part-time Charles County Public School Bus Drivers, Attendants and Substitute School Bus Drivers employed by the Employer at its facility currently located at 6970 Rose Hill Road, Port Tobacco, MD 20677, but excluding all other employees, managers, guards, and supervisors as defined in the Act.",NA,NA,NA,84,2022-04-01,2022-01-01,"11-25",TRUE,"RC","Yes","Amalgamated Transit Union Local 689 a/w Amalgamated Transit Union, AFL-CIO/CLC",1,"ATU",0.181818181818182,"No",0
"05-RC-288807","Region 05, Baltimore, Maryland","H.O. Sheff & Sons, LLC and Nannie's Bus Company LLC, a Single Employer",2022-01-11,2022-04-13,"Marbury","MD","A",2022-04-05,22,NA,"Amalgamated Transit Union, Local 689, a/w Amalgamated Transit Union, AFL-CIO, CLC",16,NA,NA,NA,NA,2,18,NA,3,NA,"Amalgamated Transit Union, Local 689, a/w Amalgamated Transit Union, AFL-CIO, CLC","Initial","Single Labor Organization","Certific. of Representative","Closed","All full-time and regular part-time Charles County Public School Bus Drivers, Attendants, and Substitute School Bus Drivers employed by the Employer at its facility currently located at 4050 Sweetman Road in Marbury, Maryland, but excluding all other all other employees, supervisors and guards as defined by the Act.",NA,NA,NA,84,2022-04-01,2022-01-01,"11-25",TRUE,"RC","Yes","Amalgamated Transit Union, Local 689, a/w Amalgamated Transit Union, AFL-CIO, CLC",1,"ATU",0.888888888888889,"Yes",4
"05-RC-288777","Region 05, Baltimore, Maryland","James H. Duffy Company",2022-01-11,2022-03-16,"Waldorf","MD","A",2022-03-08,24,NA,"Amalgamated Transit Union Local 689 a/w Amalgamated Transit Union, AFL-CIO/CLC",18,NA,NA,NA,NA,0,18,NA,NA,NA,"Amalgamated Transit Union Local 689 a/w Amalgamated Transit Union, AFL-CIO/CLC","Initial","Single Labor Organization","Certific. of Representative","Closed","All full-time Charles County Certified Route School Bus Drivers, Attendants and Substitute Drivers employed by the Employer at its facility currently located in Waldorf, Maryland but excluding all other employees, casual employees, bus-maintenance workers, managerial employees, guards and supervisors as defined in the Act.",NA,NA,NA,56,2022-01-01,2022-01-01,"11-25",TRUE,"RC","Yes","Amalgamated Transit Union Local 689 a/w Amalgamated Transit Union, AFL-CIO/CLC",1,"ATU",1,"Yes",6
"01-RC-286493","Region 01, Boston, Massachusetts","First Transit, Inc.",2021-11-18,2022-01-26,"Exeter","RI","A",2022-01-18,14,NA,"Amalgamated Transit Union Division 618",9,NA,NA,NA,NA,0,0,NA,NA,NA,"Amalgamated Transit Union Division 618","Initial","Single Labor Organization","Certific. of Representative","Closed","All full-time and regular part-time employees employed by the Employer at its 100 Exeter Road, Exeter, Rhode Island facility, excluding office clericals, managers, guards, and professional employees and supervisors as defined in the Act.",NA,NA,NA,61,2022-01-01,2021-10-01,"11-25",TRUE,"RC","Yes","Amalgamated Transit Union Division 618",1,"ATU",NA,"Yes",5
"06-RC-286438","Region 06, Pittsburgh, Pennsylvania","MV Transportation, Inc.",2021-11-18,2022-01-21,"Butler","PA","A",2022-01-12,18,1,"Amalgamated Transit Union Local 1743",9,NA,NA,NA,NA,3,12,NA,NA,NA,"Amalgamated Transit Union Local 1743","Initial","Single Labor Organization","Certific. of Representative","Closed","Included: All employees at the Employer's Butler, Pennsylvania facility, including Shop Foremen, Drivers, Utility Workers, and C Mechanics.

Excluded: All managerial employees, guards and supervisors as defined in the Act.",NA,NA,NA,55,2022-01-01,2021-10-01,"11-25",TRUE,"RC","Yes","Amalgamated Transit Union Local 1743",1,"ATU",0.75,"Yes",6
"01-RC-285150","Region 01, Boston, Massachusetts","Precision Human Resource Solutions, Inc.",2021-10-26,2021-12-22,"Hartford","CT","A",2021-12-14,148,4,"AMALGAMATED TRANSIT UNION",86,NA,NA,NA,NA,3,89,NA,2,NA,"AMALGAMATED TRANSIT UNION","Initial","Single Labor Organization","Certific. of Representative","Closed","All full-time and regular part-time Transportation Counsellors, School Bus Monitors, Aides, and employees assisting with the coordination of Transportation Counsellors, School Bus Monitors or Aides with their assigned buses working at or out of the Employer’s Hartford facility; but excluding office clerical employees and guards, professional employees and supervisors as defined in the Act.",NA,NA,NA,49,2021-10-01,2021-10-01,"101-500",TRUE,"RC","Yes","AMALGAMATED TRANSIT UNION",1,"ATU",0.966292134831461,"Yes",59
"01-RC-284055","Region 01, Boston, Massachusetts","HNS Management Company d/b/a CT Transit",2021-10-06,2022-03-11,"Hartford","CT","A",2022-03-02,14,NA,"AMALGAMATED TRANSIT UNION LOCAL 425, AFL-CIO, CLC",9,NA,NA,NA,NA,2,11,NA,NA,NA,"AMALGAMATED TRANSIT UNION LOCAL 425, AFL-CIO, CLC","Initial","Single Labor Organization","Certific. of Representative","Closed","All full-time and regular part-time Enterprise Systems Support Analysts, Planner/System Support employees, Assistant Planner/Data Quality Assistants, Lead Traffic Specialists, Traffic Specialists, Bus Stop Maintenance and Installation Specialists, Transportation Planners, Transportation Planner/GIS Analysts, and Assistant Supervisor of Fare Compliance employed by the Employer at its Hartford, Connecticut facility; but excluding temporary employees, office clerical employees, managers, guards, and professional employees and supervisors as defined in the Act.",NA,NA,NA,147,2022-01-01,2021-10-01,"11-25",TRUE,"RC","Yes","AMALGAMATED TRANSIT UNION LOCAL 425, AFL-CIO, CLC",1,"ATU",0.818181818181818,"Yes",3
"01-RC-284132","Region 01, Boston, Massachusetts","Durham School Services, LP",2021-10-06,2022-01-03,"Trumbull","CT","A",2021-12-22,5,NA,"Amalgamated Transit Union Local 1336",3,NA,NA,NA,NA,2,5,NA,NA,NA,"Amalgamated Transit Union Local 1336","Initial","Single Labor Organization","Certific. of Representative","Closed","All full-time and regular part-time drivers, monitors, dispatchers, and maintenance technicians I-III (mechanics) employed by the Employer at its Trumbull, Connecticut location; but excluding managers and guards, and professional employees and supervisors as defined in the Act.",NA,NA,NA,77,2021-10-01,2021-10-01,"<5",TRUE,"RC","Yes","Amalgamated Transit Union Local 1336",1,"ATU",0.6,"Yes",0
"29-RC-281183","Region 29, Brooklyn, New York","X-L Escort Services, Inc.",2021-08-12,2021-10-27,"Brooklyn","NY","A",2021-10-15,109,NA,"Amalgamated Transit Workers Local 854",38,NA,NA,NA,NA,0,40,NA,NA,NA,"Amalgamated Transit Workers Local 854","Initial","Single Labor Organization","Certific. of Representative","Closed","Employees Included: All full time and part time Attendants and Matrons 
Employees Excluded: All other employees, including clerical, supervisors and security guards as defined under the Act.",NA,NA,NA,64,2021-10-01,2021-07-01,"101-500",TRUE,"RC","Yes","Amalgamated Transit Workers Local 854",1,"ATU",1,"Yes",71
"29-RC-281184","Region 29, Brooklyn, New York","Careful Bus Service, Inc.",2021-08-12,2021-10-25,"Brooklyn","NY","A",2021-10-15,137,10,"Amalgamated Transit Workers Local 854",44,NA,NA,NA,NA,0,50,NA,NA,NA,"Amalgamated Transit Workers Local 854","Initial","Single Labor Organization","Certific. of Representative","Closed","Included: All full and part time drivers, mechanics, attendants and matrons.

Excluded: All other employees, including clerical employees, supervisors and security guards as defined under the Act.",NA,NA,NA,64,2021-10-01,2021-07-01,"101-500",TRUE,"RC","Yes","Amalgamated Transit Workers Local 854",1,"ATU",1,"Yes",93
"05-RC-280970","Region 05, Baltimore, Maryland","First Transit, Inc.",2021-08-06,2021-09-28,"Glen Burnie","MD","A",2021-09-15,3,NA,"Amalgamated Transit Union Local 1764",0,NA,NA,NA,NA,0,0,NA,NA,NA,NA,"Initial","Single Labor Organization","Certification of Results","Closed",NA,NA,NA,NA,40,2021-07-01,2021-07-01,"<5",TRUE,"RC","Yes","Amalgamated Transit Union Local 1764",1,"ATU",NA,"No",3
"01-RC-280837","Region 01, Boston, Massachusetts","Transdev Services, Inc.",2021-08-03,2021-10-14,"Bridgeport","CT","A",2021-10-04,4,NA,"Amalgamated Transit Union Local 1336",2,NA,NA,NA,NA,1,3,NA,NA,NA,"Amalgamated Transit Union Local 1336","Initial","Single Labor Organization","Certific. of Representative","Closed","Including: All full-time, regular part-time Customer Service Representatives employed by the Employer at its 1 Cross Street, Bridgeport, Connecticut location.

Excluding: Mechanics, Maintenance Employees, Office Clerical Employees, Guards, Professional Employees, and Supervisors as defined in the Act.",NA,NA,NA,62,2021-10-01,2021-07-01,"<5",TRUE,"RC","Yes","Amalgamated Transit Union Local 1336",1,"ATU",0.666666666666667,"Yes",1
"05-RC-279427","Region 05, Baltimore, Maryland","First Transit, Inc.",2021-07-02,2021-09-02,"Baltimore","MD","A",2021-08-10,2,NA,"Amalgamated Transit Union Local 1764",2,NA,NA,NA,NA,0,0,NA,NA,NA,"Amalgamated Transit Union Local 1764","Initial","Single Labor Organization","Certific. of Representative","Closed",NA,NA,NA,NA,39,2021-07-01,2021-07-01,"<5",TRUE,"RC","Yes","Amalgamated Transit Union Local 1764",1,"ATU",NA,"Yes",0
"05-RC-279327","Region 05, Baltimore, Maryland","LAZ Parking Mid Atlantic, LLC, d/b/a LT Transportation",2021-07-01,2022-05-06,"Washington","DC","A",2022-04-26,62,7,"Amalgamated Transit Union",27,NA,NA,NA,NA,7,34,NA,2,NA,"Amalgamated Transit Union","Rerun","Single Labor Organization","Certific. of Representative","Closed",NA,NA,NA,NA,299,2022-04-01,2021-07-01,"51-100",TRUE,"RC","Yes","Amalgamated Transit Union",1,"ATU",0.794117647058823,"Yes",28
"05-RC-278524","Region 05, Baltimore, Maryland","Transdev Services, Inc.",2021-06-14,2021-08-26,"Baltimore","MD","A",2021-08-03,22,1,"Amalgamated Transit Union Local 1764 a/w Amalgamated Transit Union AFL-CIO/CLC",9,NA,NA,NA,NA,3,12,NA,NA,NA,"Amalgamated Transit Union Local 1764 a/w Amalgamated Transit Union AFL-CIO/CLC","Initial","Single Labor Organization","Certific. of Representative","Closed",NA,NA,NA,NA,50,2021-07-01,2021-04-01,"11-25",TRUE,"RC","Yes","Amalgamated Transit Union Local 1764 a/w Amalgamated Transit Union AFL-CIO/CLC",1,"ATU",0.75,"Yes",10
"29-RC-276206","Region 29, Brooklyn, New York","Jofaz Transportation, Inc. and Y & M Transit, Inc.",2021-04-26,2021-07-30,"Brooklyn","NY","A",2021-07-20,995,12,"Amalgamated Transit Workers Local 854",375,NA,NA,NA,NA,6,400,NA,NA,NA,"Amalgamated Transit Workers Local 854","Initial","Single Labor Organization","Certific. of Representative","Closed","Including: All full-time and regular part-time drivers, attendants, mechanics, helpers, dispatchers, and office clericals employed by the Employer at its facility located at 1 Coffey Street,  Brooklyn, New York, 11231.

Excluding: Guards and supervisors as defined in Section 2(11) of the Act.",NA,NA,NA,85,2021-07-01,2021-04-01,"500>",TRUE,"RC","Yes","Amalgamated Transit Workers Local 854",1,"ATU",0.984251968503937,"Yes",614
"21-RC-276059","Region 21, Los Angeles, California","MV Transportation, Inc.",2021-04-22,2021-06-21,"Oceanside","CA","A",2021-06-10,30,2,"Amalgamated Transit Union Local 1309, AFL-CIO/CLC",17,NA,NA,NA,NA,0,17,NA,6,NA,"Amalgamated Transit Union Local 1309, AFL-CIO/CLC","Initial","Single Labor Organization","Certific. of Representative","Closed","Included:  All full-time and regular part-time road supervisors, OCC dispatchers, traffic controllers/radio dispatchers, and maintenance clerks employed by the Employer at its facilities currently located at 305 Via Del Norte, Oceanside, California and 755 Norlak Avenue, Escondido, California.  

Others Permitted to Vote:  The parties have agreed that maintenance supervisors may vote in the election, but their ballots will be challenged since their eligibility has not been resolved.  No decision has been made regarding whether the individuals in these classifications or groups are included in, or excluded from, the bargaining unit.  The eligibility or inclusion of these individuals will be resolved, if necessary, following the election.

Excluded:  All other employees, interns, office clerical employees, professional employees, managerial employees, guards and supervisors as defined in the Act.",NA,NA,NA,49,2021-04-01,2021-04-01,"26-50",TRUE,"RC","Yes","Amalgamated Transit Union Local 1309, AFL-CIO/CLC",1,"ATU",1,"Yes",13
"05-RM-275681","Region 05, Baltimore, Maryland","Keolis Transit America, LLC",2021-04-15,2022-03-17,"Leesburg","VA","A",2022-03-09,118,6,"Amalgamated Transit Union (ATU), Local 689 a/w Amalgamated Transit Union, AFL-CIO",71,NA,NA,NA,NA,2,73,NA,NA,NA,"Amalgamated Transit Union (ATU), Local 689 a/w Amalgamated Transit Union, AFL-CIO","Initial","Single Labor Organization","Certific. of Representative","Closed","All full-time and regular part-time drivers/operators, cleaners/washers, dispatchers, road supervisors, maintenance foreman, mechanics, lead mechanics, utility workers, and parts clerks employed by the Employer at its Leesburg, Virginia facility; excluding all other employees, office clericals, managers, guards and supervisors as defined by the Act.",NA,NA,NA,328,2022-01-01,2021-04-01,"101-500",TRUE,"RM","Yes","Amalgamated Transit Union (ATU), Local 689 a/w Amalgamated Transit Union, AFL-CIO",1,"ATU",0.972602739726027,"Yes",45
"05-RC-275433","Region 05, Baltimore, Maryland","First Transit, Inc.",2021-04-12,2021-06-10,"Glen Burnie","MD","A",2021-05-19,47,3,"Amalgamated Transit Union Local 1764",13,NA,NA,NA,NA,2,15,NA,NA,NA,"Amalgamated Transit Union Local 1764","Initial","Single Labor Organization","Certific. of Representative","Closed","All full-time and regular part-time drivers employed by the Employer at its Annapolis, Maryland facility; but excluding all clerical employees, dispatchers, professional employees, guards and supervisors as defined by the Act.",NA,NA,NA,37,2021-04-01,2021-04-01,"26-50",TRUE,"RC","Yes","Amalgamated Transit Union Local 1764",1,"ATU",0.866666666666667,"Yes",32
"16-RC-272435","Region 16, Fort Worth, Texas","MTM TRANSIT D/B/A RIDE RIGHT",2021-02-09,2021-04-07,"Austin","TX","A",2021-03-30,3,NA,"AMALGAMATED TRANSIT UNION LOCAL 1091",1,NA,NA,NA,NA,1,2,NA,NA,NA,NA,"Initial","Single Labor Organization","Certification of Results","Closed","Included: All full-time  and regular part-time Transit Resolution Specialists, Administrative Assistants and Operatins Assistants employed at the Employer's facility located at 817 West Howard Lane in Austin, Texas.

Excluded: All other employees, guards and supervisors as defined by the Act.

NOTE: If a majority of valid ballots are cast for AMALGAMATED TRANSIT UNION LOCAL 1091, they
will be taken to have indicated the employees' desire to be included in the existing unit currently
represented by AMALGAMATED TRANSIT UNION LOCAL 1091 at the Employer’s facility
located at 817 West Howard Lane in Austin, Texas, consisting of Road Supervisors,
Transportation and Maintenance employees. lf a majority of valid ballots are not cast for
representation, they will be taken to have indicated the employees' desire to remain
unrepresented.",NA,NA,NA,49,2021-01-01,2021-01-01,"<5",TRUE,"RC","Yes","AMALGAMATED TRANSIT UNION LOCAL 1091",1,"ATU",0.5,"No",1
"16-RC-272436","Region 16, Fort Worth, Texas","MTM TRANSIT D/B/A RIDE RIGHT",2021-02-09,2021-04-07,"Austin","TX","A",2021-03-30,5,NA,"AMALGAMATED TRANSIT UNION LOCAL 1091",5,NA,NA,NA,NA,0,5,NA,NA,NA,"AMALGAMATED TRANSIT UNION LOCAL 1091","Initial","Single Labor Organization","Certific. of Representative","Closed","INCLUDED: All full-lime and regular part-time Safety Trainers, Transit Resolution Specialists and Payroll Specialists employed at the Employer's facility located at 509 Thompson Lane in Austin, Texas.

EXCLUDED: All other employees, guards and supervisors as defined by the Act.

NOTE: lf a majority of valid ballots are cast for AMALGAMATED TMNSIT UNION LOCAL 1091, they will be taken to have indicated the employees 'desire to be included in the existing unit currently represented by AMALGAMATED TRANSIT UNION LOCAL 1091 at the Employer's facility located at 509 Thompson Lane in Austin, Texas, consisting of Road Supervisors, Shop Foremen, Facilities Foremen, Transportation and Maintenance employees. lf a majority of valid ballots are not cast for representation, they will be taken to have indicated the employees' desire to remain unrepresented.",NA,NA,NA,49,2021-01-01,2021-01-01,"<5",TRUE,"RC","Yes","AMALGAMATED TRANSIT UNION LOCAL 1091",1,"ATU",1,"Yes",0
"06-RC-271401","Region 06, Pittsburgh, Pennsylvania","First Transit, Inc.",2021-01-15,2021-03-02,"Houston","PA","A",2021-02-22,5,NA,"Amalgamated Transit Union Local 1743",4,NA,NA,NA,NA,0,4,NA,NA,NA,"Amalgamated Transit Union Local 1743","Initial","Single Labor Organization","Certific. of Representative","Closed","All full-time and regular part-time dispatchers employed by the Employer at or out of its Houston, PA facility; excluding all other employees, managers and guards, and supervisors as defined in the Act.",NA,NA,NA,38,2021-01-01,2021-01-01,"<5",TRUE,"RC","Yes","Amalgamated Transit Union Local 1743",1,"ATU",1,"Yes",1
"05-RC-269448","Region 05, Baltimore, Maryland","Imperial Parking (U.S.), LLC",2020-11-24,2021-01-08,"Hanover","MD","A",2021-01-29,27,1,"Local 1300 of the Amalgamated Transit Union a/w Amalgamated Transit Union, AFL-CIO/CLC",16,NA,NA,NA,NA,2,18,NA,1,NA,"Local 1300 of the Amalgamated Transit Union a/w Amalgamated Transit Union, AFL-CIO/CLC","Initial","Single Labor Organization","Certific. of Representative","Closed","All full-time and regular part-time Shuttle Bus Operators employed by the Employer at its facility currently located at 7238 Ridge Road, Hanover, Maryland 21076, but excluding all other employees, dispatchers, customer service representatives, office clerical employees, guards, and supervisors as defined in the Act.",NA,NA,NA,66,2021-01-01,2020-10-01,"26-50",TRUE,"RC","Yes","Local 1300 of the Amalgamated Transit Union a/w Amalgamated Transit Union, AFL-CIO/CLC",1,"ATU",0.888888888888889,"Yes",9
"06-RC-268130","Region 06, Pittsburgh, Pennsylvania","First Transit, Inc.",2020-10-27,2021-02-03,"Aaronsburg","PA","A",2021-01-26,18,NA,"Amalgamated Transit Union Local 1743",10,NA,NA,NA,NA,3,13,NA,1,NA,"Amalgamated Transit Union Local 1743","Initial","Single Labor Organization","Certific. of Representative","Closed","Included: All full-time and regular part-time Fixed Route/CDL drivers employed by the
Employer at its Houston, Pennsylvania facility.

Excluded: Mechanics, office clericals, paratransit drivers, sedan drivers, professional employees, guards, managers and supervisors as defined in the Act.",NA,NA,NA,91,2021-01-01,2020-10-01,"11-25",TRUE,"RC","Yes","Amalgamated Transit Union Local 1743",1,"ATU",0.769230769230769,"Yes",5
"20-RD-266933","Region 20, San Francisco, California","Transdev",2020-10-01,2020-12-30,"Woodland","CA","A",2020-12-14,80,3,"Amalgamated Transit Union Local 256",29,NA,NA,NA,NA,15,49,NA,NA,NA,"Amalgamated Transit Union Local 256","Initial","Single Labor Organization","Certific. of Representative","Closed","All full-time and regular part-time drivers, mechanics, and utility employees employed by the Employer at its 352 Industrial Way, Woodland, California location; excluding all managerial and administrative employees, dispatchers, office clerical employees, guards, and supervisors as defined by the National Labor Relations Act.",NA,NA,NA,74,2020-10-01,2020-10-01,"51-100",TRUE,"RD","Yes","Amalgamated Transit Union Local 256",1,"ATU",0.659090909090909,"Yes",36
"09-RC-265737","Region 09, Cincinnati, Ohio","MYCITY TRANSPORTATION, LLC",2020-09-08,2020-11-17,"Louisville","KY","A",2020-11-09,25,NA,"AMALGAMATED TRANSIT UNION (ATU), LOCAL1447, AFL-CIO",2,NA,NA,NA,NA,0,2,NA,NA,NA,"AMALGAMATED TRANSIT UNION (ATU), LOCAL1447, AFL-CIO","Initial","Single Labor Organization","Certific. of Representative","Closed","All full-time and regular part-time drivers employed at the Employer’s facility currently located at 830 S 13th Street, Louisville, Kentucky; but excluding all other employees, professional employees, office clerical employees, guards and supervisors as defined by the Act.",NA,NA,NA,62,2020-10-01,2020-07-01,"11-25",TRUE,"RC","Yes","AMALGAMATED TRANSIT UNION (ATU), LOCAL1447, AFL-CIO",1,"ATU",1,"Yes",23
"12-RC-264514","Region 12, Tampa, Florida","MV Transportation, Inc.",2020-08-11,2020-10-28,"Stuart","FL","A",2020-09-29,21,2,"Amalgamated Transit Union Local 1577",7,NA,NA,NA,NA,0,7,NA,NA,NA,"Amalgamated Transit Union Local 1577","Initial","Single Labor Organization","Certific. of Representative","Closed","Included:  All full-time and regular part time para-drivers, fixed-drivers, maintenance and utility employees employed by the employer out of its facility located at 3091 Southeast Waaler Street, Stuart, Florida.

Excluded:  All other employees, dispatchers, guards and supervisors as defined in the Act.",NA,NA,NA,49,2020-07-01,2020-07-01,"11-25",TRUE,"RC","Yes","Amalgamated Transit Union Local 1577",1,"ATU",1,"Yes",14
"12-RC-264545","Region 12, Tampa, Florida","MV Transportation, Inc.",2020-08-11,2020-10-28,"Port Saint Lucie","FL","A",2020-09-29,57,3,"Amalgamated Transit Union Local 1577",20,NA,NA,NA,NA,4,24,NA,NA,NA,"Amalgamated Transit Union Local 1577","Initial","Single Labor Organization","Certific. of Representative","Closed","Included:  All full-time and regular part-time Drivers, Auto A Tech, Auto B Tech and Utility employees employed by the Employer out of its facility located at 8620 NW LTC Parkway, Port St. Lucie, Florida

Exclude:  All other employees, office clericals, guards and supervisors as defined in the Act.",NA,NA,NA,49,2020-07-01,2020-07-01,"51-100",TRUE,"RC","Yes","Amalgamated Transit Union Local 1577",1,"ATU",0.833333333333333,"Yes",33
"14-RC-264061","Region 14, Saint Louis, Missouri","Herzog Transit Services, Inc.",2020-08-04,2020-10-05,"Oklahoma City","OK","A",2020-09-22,27,NA,"Amalgamated Transit Union Local 993",14,NA,NA,NA,NA,8,22,NA,NA,NA,"Amalgamated Transit Union Local 993","Initial","Single Labor Organization","Certific. of Representative","Closed","All full-time and regular part-time street car operators, maintenance technicians, and maintenance right of way technicians employed by the Employer from its facility located at 406 SW 7th St Oklahoma City, OK, but EXCLUDING all other employees, including store/inventory clerks, cleaners, office clerical employees, professional employees, managerial employees, guards and supervisors as defined in the Act.",NA,NA,NA,49,2020-07-01,2020-07-01,"26-50",TRUE,"RC","Yes","Amalgamated Transit Union Local 993",1,"ATU",0.636363636363636,"Yes",5
"19-RC-262082","Region 19, Seattle, Washington","First Transit, Inc.",2020-06-23,2020-08-31,"McMinnville","OR","A",2020-08-21,28,NA,"Amalgamated Transit Union, Local 757",19,NA,NA,NA,NA,1,20,NA,NA,NA,"Amalgamated Transit Union, Local 757","Initial","Single Labor Organization","Certific. of Representative","Closed","All full-time and regular part-time Drivers/Operators, Dispatchers, Road Supervisors, and Safety & Training Supervisors employed by the Employer at its facility located in McMinnville, Oregon; but excluding maintenance workers, payroll clerks, and guards and supervisors as defined by the Act.",NA,NA,NA,59,2020-07-01,2020-04-01,"26-50",TRUE,"RC","Yes","Amalgamated Transit Union, Local 757",1,"ATU",0.95,"Yes",8
"07-RC-261835","Region 07, Detroit, Michigan","Transdev Services, Inc.",2020-06-18,2020-12-08,"Lansing","MI","A",2020-09-03,103,NA,"Local 1778, Amalgamated Transit Union, AFL-CIO",46,NA,NA,NA,NA,23,69,NA,1,NA,"Local 1778, Amalgamated Transit Union, AFL-CIO","Initial","Single Labor Organization","Certification of Results","Closed","All full-time and regular part-time dispatchers employed by the Employer at its facility located at 1415 Lake Lansing Rd., Lansing, Michigan; but excluding drivers, utility workers, road supervisors, safety supervisors, mechanics, office clerical employees, professional employees, and guards and supervisors as defined in the Act, and all other employees.",NA,NA,NA,77,2020-07-01,2020-04-01,"101-500",TRUE,"RC","Yes","Local 1778, Amalgamated Transit Union, AFL-CIO",1,"ATU",0.666666666666667,"No",34
"16-RC-260987","Region 16, Fort Worth, Texas","MTM TRANSIT D/B/A RIDE RIGHT",2020-05-28,2020-09-04,"Austin","TX","A",2020-08-27,3,NA,"AMALGAMATED TRANSIT UNION LOCAL 1091",3,NA,NA,NA,NA,0,3,NA,NA,NA,"AMALGAMATED TRANSIT UNION LOCAL 1091","Initial","Single Labor Organization","Certific. of Representative","Closed","INCLUDED: All road supervisors who are employed at the Employer’s facility located at 817 E. Howard Lane in Austin, Texas. 

EXCLUDED: All other employees, office clerical employees, guards, and supervisors as defined in the Act.  


The National Labor Relations Board will conduct a secret ballot election among the employees in the unit found appropriate above.  Employees will vote whether or not they wish to be represented for purposes of collective bargaining by the Amalgamated Transit Union, Local Union 1091 as part of the existing unit of transportation and maintenance employees represented by the Amalgamated Transit Union, Local Union 1091 at the Employer’s 817 E. Howard Lane facility located in Austin, Texas.",NA,NA,NA,91,2020-07-01,2020-04-01,"<5",TRUE,"RC","Yes","AMALGAMATED TRANSIT UNION LOCAL 1091",1,"ATU",1,"Yes",0
"16-RC-260984","Region 16, Fort Worth, Texas","MTM TRANSIT D/B/A RIDE RIGHT",2020-05-28,2020-09-04,"Austin","TX","A",2020-08-27,8,NA,"AMALGAMATED TRANSIT UNION, LOCAL 1091",7,NA,NA,NA,NA,0,7,NA,NA,NA,"AMALGAMATED TRANSIT UNION, LOCAL 1091","Initial","Single Labor Organization","Certific. of Representative","Closed","INCLUDED: All road supervisors, shop foremen, and facilities foremen who are employed at the Employer’s facility located at 509 Thompson Lane in Austin, Texas.
 
EXCLUDED: All other employees, office clerical employees, guards, and supervisors as defined in the Act.

NOTE:    If a majority of valid ballots are cast for Amalgamated Transit Union, Local Union 1091 Employees will vote whether or not they wish to be represented for purposes of collective bargaining by the Amalgamated Transit Union, Local Union 1091 as part of the existing unit of transportation and maintenance employees represented by the Amalgamated Transit Union, Local Union 1091 at the Employer’s 509 Thompson Lane facility located in Austin, Texas.",NA,NA,NA,91,2020-07-01,2020-04-01,"6-10",TRUE,"RC","Yes","AMALGAMATED TRANSIT UNION, LOCAL 1091",1,"ATU",1,"Yes",1
"16-RC-260092","Region 16, Fort Worth, Texas","MyCity Transportation",2020-05-07,2020-07-07,"Dallas","TX","A",2020-06-29,65,NA,"Amalgamated Transit Union Local 1338",40,NA,NA,NA,NA,0,40,NA,NA,NA,"Amalgamated Transit Union Local 1338","Initial","Single Labor Organization","Certific. of Representative","Closed","INCLUDED: All full-time and part-time drivers employed by the Employer at its facility located at 8998 Senate Street, Dallas, Texas 75228.

EXCLUDED: All other employees including office clericals, guards, and supervisors as defined in the Act.",NA,NA,NA,53,2020-04-01,2020-04-01,"51-100",TRUE,"RC","Yes","Amalgamated Transit Union Local 1338",1,"ATU",1,"Yes",25
"01-RC-257363","Region 01, Boston, Massachusetts","First Transit, Inc.",2020-03-03,2020-10-05,"Providence","RI","A",2020-09-25,14,2,"Amalgamated Transit Union Division 618",4,NA,NA,NA,NA,4,8,NA,NA,NA,NA,"Initial","Revised Single Labor Org","Certification of Results","Closed","Bargaining Unit:  All full-time and regular part-time bus drivers employed by the Employer at its 100 Exeter Road, Exeter, RI lot servicing the University of Rhode Island Kingston campus, excluding all other employees, temporary employees, office and clerical employees, managers, guards, confidential employees, professional employees, and supervisors as defined by the Act.  
 
Others Permitted to Vote:  The parties agree the position of Operations Supervisor will vote but their ballots will be challenged since their eligibility has not been resolved. No decision has been made regarding whether the individuals in this classification are included in, or excluded from, the bargaining unit. The eligibility or inclusion of these individuals will be resolved, if necessary, following the election.",NA,NA,NA,206,2020-07-01,2020-01-01,"11-25",TRUE,"RC","Yes","Amalgamated Transit Union Division 618",1,"ATU",0.5,"No",6
"01-RC-257363","Region 01, Boston, Massachusetts","First Transit, Inc.",2020-03-03,2020-10-05,"Providence","RI","A",2020-07-06,14,2,"Amalgamated Transit Union Division 618",3,NA,NA,NA,NA,3,6,NA,2,"Y",NA,"Initial","Single Labor Organization","Certification of Results","Closed","Bargaining Unit:  All full-time and regular part-time bus drivers employed by the Employer at its 100 Exeter Road, Exeter, RI lot servicing the University of Rhode Island Kingston campus, excluding all other employees, temporary employees, office and clerical employees, managers, guards, confidential employees, professional employees, and supervisors as defined by the Act.  
 
Others Permitted to Vote:  The parties agree the position of Operations Supervisor will vote but their ballots will be challenged since their eligibility has not been resolved. No decision has been made regarding whether the individuals in this classification are included in, or excluded from, the bargaining unit. The eligibility or inclusion of these individuals will be resolved, if necessary, following the election.",NA,NA,NA,125,2020-07-01,2020-01-01,"11-25",FALSE,"RC","Yes","Amalgamated Transit Union Division 618",1,"ATU",0.5,"No",8
"25-RC-255852","Region 25, Indianapolis, Indiana","MV Transportation, Inc.",2020-02-05,2020-03-05,"Decatur","IL","A",2020-02-26,12,NA,"Amalgamated Transit Union Local 859",9,NA,NA,NA,NA,0,9,NA,NA,NA,"Amalgamated Transit Union Local 859","Initial","Single Labor Organization","Certific. of Representative","Closed","Included: All full-time and regular part-time road supervisors, dispatchers, schedulers, reservationists, customer service representatives, administrative assistants, payroll clerks, and parts clerks employed by the Employer at its Decatur, Illinois facilities;

Excluded: All professional employees, managers, and guards and supervisors, as defined in the Act.  

If a majority of valid ballots are cast for THE AMALGAMATED TRANSIT UNION LOCAL 859, they will be taken to have indicated the employees' desire to be included in the existing unit consisting of operating and maintenance employees, including mechanics, utility employees, custodian employees, drivers, and paratransit drivers, currently represented by the AMALGAMATED TRANSIT UNION LOCAL 859.  If a majority of valid ballots are not cast for representation, they will be taken to have indicated the employees' desire to remain unrepresented.",NA,NA,NA,21,2020-01-01,2020-01-01,"11-25",TRUE,"RC","Yes","Amalgamated Transit Union Local 859",1,"ATU",1,"Yes",3
"07-RD-255421","Region 07, Detroit, Michigan","Transdev Services, Inc.",2020-01-29,2020-09-11,"Lansing","MI","A",2020-09-03,103,NA,"Amalgamated Transit Union (ATU)",46,NA,NA,NA,NA,23,69,NA,1,NA,"Amalgamated Transit Union (ATU)","Initial","Single Labor Organization","Certific. of Representative","Closed","All full-time and regular part-time drivers and utility workers employed by the Employer at or out of its facility located at 1415 Lake Lansing Rd., Lansing, Michigan; but excluding road supervisors, safety supervisors, mechanics, dispatchers, office clerical employees, professional employees, and guards and supervisors as defined in the Act, and all other employees.",NA,NA,NA,218,2020-07-01,2020-01-01,"101-500",TRUE,"RD","Yes","Amalgamated Transit Union (ATU)",1,"ATU",0.666666666666667,"Yes",34
"10-RC-253493","Region 10, Atlanta, Georgia","Durham D&M LLC",2019-12-18,2020-01-23,"Roanoke","VA","A",2020-01-14,232,1,"Amalgamated Transit Union Local 1493",43,NA,NA,NA,NA,162,205,NA,NA,NA,NA,"Initial","Single Labor Organization","Certification of Results","Closed","All full-time and regular part-time bus drivers, van drivers, and aides at the employer’s Roanoke, Virginia facility; but excluding all other employees, office clerical employees, guards, and supervisors as defined by the Act.",NA,NA,NA,27,2020-01-01,2019-10-01,"101-500",TRUE,"RC","Yes","Amalgamated Transit Union Local 1493",1,"ATU",0.209756097560976,"No",27
"01-RC-253164","Region 01, Boston, Massachusetts","Durham D&M LLC",2019-12-11,2020-01-15,"Trumbull","CT","A",2020-01-07,5,NA,"Amalgamated Transit Union Local 1336",2,NA,NA,NA,NA,3,5,NA,NA,NA,NA,"Initial","Single Labor Organization","Certification of Results","Closed","All full-time and regular part-time dispatchers and mechanics/technicians employed by the Employer at its Trumbull, Connecticut facility; but excluding all other employees, office clerical employees, and guards, professional employees and supervisors as defined in the Act.

If a majority of valid ballots are cast for the Petitioner, they will be taken to have indicated the employees’ desire to be included in the existing unit of drivers and monitors/aides currently represented by the Petitioner. If a majority of valid ballots are not cast for representation, they will be taken to have indicated the employees’ desire to remain unrepresented.",NA,NA,NA,27,2020-01-01,2019-10-01,"<5",TRUE,"RC","Yes","Amalgamated Transit Union Local 1336",1,"ATU",0.4,"No",0
"05-RC-252753","Region 05, Baltimore, Maryland","First Transit, Inc.",2019-12-03,2020-01-09,"Baltimore","MD","A",2019-12-31,13,NA,"Amalgamated Transit Union Local 1764",12,NA,NA,NA,NA,0,12,NA,NA,NA,"Amalgamated Transit Union Local 1764","Initial","Single Labor Organization","Certific. of Representative","Closed","All full-time and regular part-time road supervisors/dispatchers employed by the Employer at its facility currently located at 761 C Elkridge Landing Road, Linthicum Heights, Maryland 21090, but excluding all other employees, temporary employees, office clerical employees, confidential employees, managerial employees, guards and supervisors as defined by the National Labor Relations Act.",NA,NA,NA,28,2019-10-01,2019-10-01,"11-25",TRUE,"RC","Yes","Amalgamated Transit Union Local 1764",1,"ATU",1,"Yes",1
"01-RC-250671","Region 01, Boston, Massachusetts","First Transit, Inc.",2019-10-28,2019-11-25,"East Hartford","CT","A",2019-11-15,7,NA,"Amalgamated Transit Union Local 1763",3,NA,NA,NA,NA,4,7,NA,NA,NA,NA,"Initial","Single Labor Organization","Certification of Results","Closed","All full-time and regular part-time trip editors and technicians employed by the Employer at its East Hartford, Connecticut facility; but excluding Tech in Charge, office clerical employees, managers, and guards, professional employees, and supervisors as defined in the Act.
If a majority of valid ballots are cast for representation, they will be taken to have indicated the desire to be included in the existing unit of bus drivers, dispatchers, reservationists and fuelers represented by Amalgamated Transit Union Local 1763. If a majority of valid ballots are cast against representation, they will be taken to have indicated the desire to remain unrepresented.",NA,NA,NA,18,2019-10-01,2019-10-01,"6-10",TRUE,"RC","Yes","Amalgamated Transit Union Local 1763",1,"ATU",0.428571428571429,"No",0
"10-RC-250405","Region 10, Atlanta, Georgia","Keolis Transit America Inc.",2019-10-23,2019-12-02,"Greensboro","NC","A",2019-11-20,17,NA,"Amalgamated Transit Union Local 1493",17,NA,NA,NA,NA,0,0,NA,NA,NA,"Amalgamated Transit Union Local 1493","Initial","Single Labor Organization","Certific. of Representative","Closed","All full-time and regular part-time Road Supervisors and Dispatchers at the Employer's Greensboro, North Carolina facility, but excluding all other employees, Lead Dispatch Supervisors, Training Supervisors, office clerical employees, guards, and supervisors as defined by the Act.",NA,NA,NA,28,2019-10-01,2019-10-01,"11-25",TRUE,"RC","Yes","Amalgamated Transit Union Local 1493",1,"ATU",NA,"Yes",0
"05-RC-246277","Region 05, Baltimore, Maryland","Transdev Services, Inc.",2019-08-09,2019-09-06,"Leesburg","VA","A",2019-09-06,11,NA,"Amalgamated Transit Union Local 1764",5,NA,NA,NA,NA,3,8,NA,NA,NA,"Amalgamated Transit Union Local 1764","Initial","Single Labor Organization","Certific. of Representative","Closed",NA,NA,NA,NA,28,2019-07-01,2019-07-01,"11-25",TRUE,"RC","Yes","Amalgamated Transit Union Local 1764",1,"ATU",0.625,"Yes",3
"05-RC-244804","Region 05, Baltimore, Maryland","Thrifty Transportation Inc.",2019-07-15,2019-08-13,"Baltimore","MD","A",2019-07-05,69,NA,"Amalgamated Transit Union Local 1764",51,NA,NA,NA,NA,25,56,NA,1,NA,"Amalgamated Transit Union Local 1764","Initial","Single Labor Organization","Certific. of Representative","Closed",NA,NA,NA,NA,-10,2019-07-01,2019-07-01,"51-100",TRUE,"RC","Yes","Amalgamated Transit Union Local 1764",1,"ATU",0.671052631578947,"Yes",-7
"05-RC-244798","Region 05, Baltimore, Maryland","MV Transportation, Inc.",2019-07-12,2019-09-06,"Fairfax","VA","A",2019-08-29,17,4,"Amalgamated Transit Union, Local 689",5,NA,NA,NA,NA,1,6,NA,NA,NA,"Amalgamated Transit Union, Local 689","Initial","Single Labor Organization","Certific. of Representative","Closed",NA,NA,NA,NA,48,2019-07-01,2019-07-01,"11-25",TRUE,"RC","Yes","Amalgamated Transit Union, Local 689",1,"ATU",0.833333333333333,"Yes",11
"05-RC-244797","Region 05, Baltimore, Maryland","First Transit, Inc.",2019-07-12,2019-08-12,"Baltimore","MD","A",2019-08-02,21,NA,"Amalgamated Transit Union Local 1764",17,NA,NA,NA,NA,1,18,NA,NA,NA,"Amalgamated Transit Union Local 1764","Initial","Single Labor Organization","Certific. of Representative","Closed",NA,NA,NA,NA,21,2019-07-01,2019-07-01,"11-25",TRUE,"RC","Yes","Amalgamated Transit Union Local 1764",1,"ATU",0.944444444444444,"Yes",3
"01-RC-244514","Region 01, Boston, Massachusetts","Transdev Services Inc.",2019-07-09,2019-08-08,"Bridgeport","CT","A",2019-07-31,5,NA,"Amalgamated Transit Union Local 1336",5,NA,NA,NA,NA,0,5,NA,NA,NA,"Amalgamated Transit Union Local 1336","Initial","Single Labor Organization","Certific. of Representative","Closed","All full-time and regular part-time Road Supervisors and Dispatchers employed by the Employer at its Bridgeport, Connecticut facility; but excluding all other employees, reservationists, office clerical employees, and guards, professional employees and supervisors as defined in the Act.

If a majority of valid ballots are cast for the Petitioner, they will be taken to have indicated the employees’ desire to be included in the existing unit of bus and van drivers currently represented by the Petitioner. If a majority of valid ballots are not cast for representation, they will be taken to have indicated the employees’ desire to remain unrepresented.",NA,NA,NA,22,2019-07-01,2019-07-01,"<5",TRUE,"RC","Yes","Amalgamated Transit Union Local 1336",1,"ATU",1,"Yes",0
"22-RC-242282","Region 22, Newark, New Jersey","First Transit, Inc.",2019-05-29,2019-07-03,"Trenton","NJ","A",2019-06-19,34,NA,"Amalgamated Transit Union",20,NA,NA,NA,NA,10,31,NA,1,NA,"Amalgamated Transit Union","Initial","Single Labor Organization","Certific. of Representative","Closed","Included:	All full-time and regular part-time drivers employed by the Employer at its Hamilton, New Jersey facility.
Excluded:	All office clerical employees, dispatchers, mechanics, managers, guards, and supervisors as defined in the Act, and all other employees.",NA,NA,NA,21,2019-04-01,2019-04-01,"26-50",TRUE,"RC","Yes","Amalgamated Transit Union",1,"ATU",0.666666666666667,"Yes",4
"16-RC-241110","Region 16, Fort Worth, Texas","TRAVIS TRANSIT MANAGEMENT, INC.",2019-05-09,2019-06-14,"AUSTIN","TX","A",2019-06-06,3,NA,"AMALGAMATED TRANSIT UNION LOCAL 1091",3,NA,NA,NA,NA,0,3,NA,NA,NA,"AMALGAMATED TRANSIT UNION LOCAL 1091","Initial","Single Labor Organization","Certific. of Representative","Closed","Included: All full-time and regular part-time service writers working for the Employer at its Austin, Texas facility.

Excluded: All other employees, office clerical employees, guards and supervisors as defined by the Act.",NA,NA,NA,28,2019-04-01,2019-04-01,"<5",TRUE,"RC","Yes","AMALGAMATED TRANSIT UNION LOCAL 1091",1,"ATU",1,"Yes",0
"01-RC-240853","Region 01, Boston, Massachusetts","Specialty Transportation, Inc.",2019-05-06,2019-06-07,"Guilford","CT","A",2019-05-29,43,NA,"Amalgamated Transit Union",16,NA,NA,NA,NA,27,43,NA,1,NA,NA,"Initial","Single Labor Organization","Certification of Results","Closed","All full-time and regular part-time Drivers and Monitors employed by the Employer at its Guilford, Connecticut facility; but excluding all other employees, mechanics, office clerical employees, managers, and guards, professional employees and supervisors as defined in the Act.
Others permitted to vote:  The parties have agreed that Dispatchers employed by the Employer may vote in the election, but that their ballots will be challenged. The Regional Director has not decided whether the individuals in this classification are included in, or excluded from, the bargaining unit. The eligibility or inclusion of these individuals will be resolved, if necessary, following the election.",NA,NA,NA,23,2019-04-01,2019-04-01,"26-50",TRUE,"RC","Yes","Amalgamated Transit Union",1,"ATU",0.372093023255814,"No",0
"16-RC-238365","Region 16, Fort Worth, Texas","FIRST STUDENT, INC.",2019-03-26,2019-04-24,"CEDAR HILL","TX","A",2019-04-16,101,1,"AMALGAMATED TRANSIT UNION LOCAL 1338",99,NA,NA,NA,NA,2,101,NA,NA,NA,"AMALGAMATED TRANSIT UNION LOCAL 1338","Initial","Single Labor Organization","Certific. of Representative","Closed","INCLUDED: All full-time and regular part-time drivers and monitors employed by the Employer in and out of its facility located in Cedar Hill, Texas. 

EXCLUDED: Mechanics, all other employees, office clerical employees, managers, guards and supervisors as defined by the Act.",NA,NA,NA,21,2019-04-01,2019-01-01,"101-500",TRUE,"RC","Yes","AMALGAMATED TRANSIT UNION LOCAL 1338",1,"ATU",0.98019801980198,"Yes",0
"01-RC-235689","Region 01, Boston, Massachusetts","Dattco, Inc.",2019-02-11,2019-03-15,"New Britain","CT","A",2019-03-07,110,NA,"Amalgamated Transit Union",24,NA,NA,NA,NA,83,109,NA,2,NA,NA,"Initial","Single Labor Organization","Certification of Results","Closed","All full-time and regular part-time Bus Drivers employed by the Employer at its facility located at 710 Nutmeg Road North, South Windsor, Connecticut; but excluding all other employees, mechanics, office clerical employees, managers, and guards, professional employees and supervisors as defined in the Act.",NA,NA,NA,24,2019-01-01,2019-01-01,"101-500",TRUE,"RC","Yes","Amalgamated Transit Union",1,"ATU",0.224299065420561,"No",3
"12-RC-234171","Region 12, Tampa, Florida","Lake County Transit Management, Inc.",2019-01-16,2019-02-14,"Tavares","FL","A",2019-02-05,54,NA,"Amalgamated Transit Union, Local 1596, AFL-CIO, CLC",36,NA,NA,NA,NA,12,48,NA,NA,NA,"Amalgamated Transit Union, Local 1596, AFL-CIO, CLC","Initial","Single Labor Organization","Certific. of Representative","Closed","INCLUDED:  All full-time and regular part-time fixed route operators, paratransit operators and mechanics employed by the Employer at 560 E. Burleigh Boulevard, Tavares, Florida.
EXCLUDED:  All other employees, office clerical employees, guards and supervisors as defined in the Act.",NA,NA,NA,20,2019-01-01,2019-01-01,"51-100",TRUE,"RC","Yes","Amalgamated Transit Union, Local 1596, AFL-CIO, CLC",1,"ATU",0.75,"Yes",6
"01-RC-232849","Region 01, Boston, Massachusetts","Durham D&M LLC",2018-12-17,2019-01-17,"Stratford","CT","A",2019-01-09,78,NA,"Amalgamated Transit Union Local 1336",41,NA,NA,NA,NA,29,70,NA,NA,NA,"Amalgamated Transit Union Local 1336","Initial","Single Labor Organization","Certific. of Representative","Closed","All full-time and regular part-time operators, monitors, mechanics, fuelers and dispatchers employed by the Employer at its Stratford, Connecticut facility; but excluding all other employees, office clerical employees and guards, professional employees and supervisors as defined in the Act.",NA,NA,NA,23,2019-01-01,2018-10-01,"51-100",TRUE,"RC","Yes","Amalgamated Transit Union Local 1336",1,"ATU",0.585714285714286,"Yes",8
"05-RC-231755","Region 05, Baltimore, Maryland","MV Transportation, Inc.",2018-11-28,2019-01-28,"Hyattsville","MD","A",2019-01-18,88,2,"Amalgamated Transit Union",16,NA,NA,NA,NA,0,16,NA,NA,NA,"Amalgamated Transit Union","Initial","Single Labor Organization","Certific. of Representative","Closed",NA,NA,NA,NA,51,2019-01-01,2018-10-01,"51-100",TRUE,"RC","Yes","Amalgamated Transit Union",1,"ATU",1,"Yes",72
"10-RC-230716","Region 10, Atlanta, Georgia","First Transit, Inc.",2018-11-08,2018-12-07,"Marietta","GA","A",2018-11-28,21,NA,"Amalgamated Transit Union, Local 732",15,NA,NA,NA,NA,2,15,NA,NA,NA,"Amalgamated Transit Union, Local 732","Initial","Single Labor Organization","Certific. of Representative","Closed","All full-time and regular part-time Maintenance Technicians and Technicians in Charge employed by First Transit, Inc. at its facility currently located at 463 Commerce Park Drive Southeast, Marietta, Georgia 30060, but excluding all clerical employees, guards, professional employees, and supervisors as defined in the Act.",NA,NA,NA,20,2018-10-01,2018-10-01,"11-25",TRUE,"RC","Yes","Amalgamated Transit Union, Local 732",1,"ATU",0.882352941176471,"Yes",4
"05-RC-230097","Region 05, Baltimore, Maryland","Transit Management of Alexandria, Inc.",2018-10-29,2018-11-30,"Alexandria","VA","A",2018-11-15,130,1,"Amalgamated Transit Union",97,NA,NA,NA,NA,13,110,NA,NA,NA,"Amalgamated Transit Union","Initial","Single Labor Organization","Certific. of Representative","Closed","Included:  All full-time and regular part-time operators employed by the Employer at its Alexandria, Virginia facility.
Excluded: All other employees, mechanics, dispatchers, office clerical employees, managers, guards, professional employees, and supervisors as defined in the Act.",NA,NA,NA,17,2018-10-01,2018-10-01,"101-500",TRUE,"RC","Yes","Amalgamated Transit Union",1,"ATU",0.881818181818182,"Yes",20
"01-RC-228331","Region 01, Boston, Massachusetts","Lecrenski Bros. Inc.",2018-10-01,2018-12-14,"Westfield","MA","A",2018-12-06,24,NA,"Amalgamated Transit Union Local 448",11,NA,NA,NA,NA,12,23,NA,1,NA,NA,"Rerun","Single Labor Organization","Certification of Results","Closed","All full-time and regular part-time monitors employed by the Employer at its facility in Westfield, Massachusetts; but excluding all other employees, office clerical employees and guards, and 
professional employees and supervisors as defined in the Act.


If a majority of valid ballots are cast for the Petitioner, they will be taken to have indicated the employees’ desire to be included in the existing unit of mini-bus drivers currently represented by the Petitioner. If a majority of valid ballots are not cast for representation, they will be taken to have indicated the employees’ desire to remain unrepresented.",NA,NA,NA,66,2018-10-01,2018-10-01,"11-25",TRUE,"RC","Yes","Amalgamated Transit Union Local 448",1,"ATU",0.478260869565217,"No",1
"07-RC-228354","Region 07, Detroit, Michigan","Transdev Services, Inc.",2018-10-01,2018-11-05,"Lansing","MI","A",2018-10-26,109,NA,"Amalgamated Transit Union",46,NA,NA,NA,NA,33,79,NA,NA,NA,"Amalgamated Transit Union","Initial","Single Labor Organization","Certific. of Representative","Closed","All full-time and regular part-time drivers and utility workers employed by the Employer at or out of its facility located at 1415 Lake Lansing Rd., Lansing, Michigan; but excluding road supervisors, safety supervisors, mechanics, dispatchers, office clerical employees, professional employees, and guards and supervisors as defined in the Act, and all other employees.",NA,NA,NA,25,2018-10-01,2018-10-01,"101-500",TRUE,"RC","Yes","Amalgamated Transit Union",1,"ATU",0.582278481012658,"Yes",30
"01-RC-228331","Region 01, Boston, Massachusetts","Lecrenski Bros. Inc.",2018-10-01,2018-12-14,"Westfield","MA","A",2018-10-22,21,NA,"Amalgamated Transit Union Local 448",8,NA,NA,NA,NA,9,17,"Y",NA,NA,NA,"Initial","Single Labor Organization","Certification of Results","Closed","All full-time and regular part-time monitors employed by the Employer at its facility in Westfield, Massachusetts; but excluding all other employees, office clerical employees and guards, and 
professional employees and supervisors as defined in the Act.


If a majority of valid ballots are cast for the Petitioner, they will be taken to have indicated the employees’ desire to be included in the existing unit of mini-bus drivers currently represented by the Petitioner. If a majority of valid ballots are not cast for representation, they will be taken to have indicated the employees’ desire to remain unrepresented.",NA,NA,NA,21,2018-10-01,2018-10-01,"11-25",FALSE,"RC","Yes","Amalgamated Transit Union Local 448",1,"ATU",0.470588235294118,"No",4
"16-RC-226860","Region 16, Fort Worth, Texas","ECHO TOURS & CHARTERS L.P.,  DBA ECHO TRANSPORTATION",2018-09-06,2018-10-18,"Dallas","TX","A",2018-10-10,22,1,"AMALGAMATED TRANSIT UNION LOCAL 1338",7,NA,NA,NA,NA,3,10,NA,NA,NA,"AMALGAMATED TRANSIT UNION LOCAL 1338","Initial","Single Labor Organization","Certific. of Representative","Closed","Included:	All full-time and regular part-time bus operators employed by the Employer who provide service on Dallas Area Rapid Transit Route 768 in and out of the Employer’s facility currently located at 13350 T I Boulevard in Dallas, Texas (Southern Methodist University campus); and who provide service on Dallas Area Rapid Transit Route 883 in and out of the lot currently located at 17919 Waterview Parkway in Dallas, Texas (University of Texas at Dallas campus).

Excluded:	All other employees, bus operators employed by the Employer who provide service to Texas Instruments and or City of Richardson in and out of its facility currently located at 13350 T I Boulevard in Dallas, Texas, office clerical employees, professional employees, managerial employees, guards and supervisors as defined by the Act.",NA,NA,NA,34,2018-10-01,2018-07-01,"11-25",TRUE,"RC","Yes","AMALGAMATED TRANSIT UNION LOCAL 1338",1,"ATU",0.7,"Yes",12
"19-RC-226161","Region 19, Seattle, Washington","MTRWestern, LLC",2018-08-23,2018-10-05,"Saint Helens","OR","A",2018-09-27,22,NA,"Amalgamated Transit Union Division 757, AFL-CIO-CLC",13,NA,NA,NA,NA,7,20,NA,NA,NA,"Amalgamated Transit Union Division 757, AFL-CIO-CLC","Initial","Single Labor Organization","Certific. of Representative","Closed","All full time and regular part-time employees employed by the Employer at its St. Helens, Oregon facility who are contracted by Columbia County Rider; but excluding confidential employees, managerial employees, and guards and supervisors as defined by the Act.",NA,NA,NA,35,2018-07-01,2018-07-01,"11-25",TRUE,"RC","Yes","Amalgamated Transit Union Division 757, AFL-CIO-CLC",1,"ATU",0.65,"Yes",2
"29-RC-225857","Region 29, Brooklyn, New York","MV Transportation WAV",2018-08-17,2018-10-12,"College Point","NY","A",2018-10-01,133,NA,"Amalgamated Transit Union Local 1181-1061",26,NA,NA,NA,NA,7,33,NA,NA,NA,"Amalgamated Transit Union Local 1181-1061","Initial","Single Labor Organization","Certific. of Representative","Closed",NA,NA,NA,NA,45,2018-10-01,2018-07-01,"101-500",TRUE,"RC","Yes","Amalgamated Transit Union Local 1181-1061",1,"ATU",0.787878787878788,"Yes",100
"21-RC-221263","Region 21, Los Angeles, California","San Gabriel Transit Inc. and California Transit Inc., a Single Employer",2018-06-01,2018-07-02,"El Monte","CA","A",2018-06-22,120,NA,"Amalgamated Transit Union Local 1756",28,NA,NA,NA,NA,66,94,NA,5,NA,NA,"Initial","Single Labor Organization","Certification of Results","Closed","Included:  All full-time and regular part-time customer service representatives and dispatchers employed by the Employer at its facility currently located at 3650 Rockwell Avenue, El Monte, California.

Others Permitted to Vote:  The parties have agreed that customer service representative supervisors and dispatch supervisors employed by the Employer may vote in the election, but their ballots will be challenged since their eligibility has not been resolved.  No decision has been made regarding whether the individuals in these classifications have been included in, or excluded from, the bargaining unit.  The eligibility or inclusion of these individuals will be resolved, if necessary, following the election.

Those eligible to vote in the election are employees in the above unit, employed by San Gabriel Transit Inc., who were employed during the payroll period ending June 3, 2018, including employees who did not work during that period because they were ill, on vacation, or were temporarily laid off. 

Also eligible to vote in the election are employees in the above unit, employed by California Transit Inc., who were employed during the payroll period ending May 28, 2018, including employees who did not work during that period because they were ill, on vacation, or were temporarily laid off.

Excluded:  All other employees, office clerical employees, professional employees, managerial employees, guards, and supervisors as defined in the Act.",NA,NA,NA,21,2018-04-01,2018-04-01,"101-500",TRUE,"RC","Yes","Amalgamated Transit Union Local 1756",1,"ATU",0.297872340425532,"No",26
"01-RD-221160","Region 01, Boston, Massachusetts","First Student",2018-05-31,2018-06-29,"Gardner","MA","A",2018-06-21,42,NA,"AMALGAMATED TRANSIT UNION LOCAL NO. 690, AFL-CIO",10,NA,NA,NA,NA,21,31,NA,NA,NA,"AMALGAMATED TRANSIT UNION LOCAL NO. 690, AFL-CIO","Initial","Single Labor Organization","Certification of Results","Closed","All full time and regular part time bus and van drivers employed by the Employer out of its Gardner, Massachusetts location; but excluding all other employees, managers, and supervisors as defined by the Act.",NA,NA,NA,21,2018-04-01,2018-04-01,"26-50",TRUE,"RD","Yes","AMALGAMATED TRANSIT UNION LOCAL NO. 690, AFL-CIO",1,"ATU",0.32258064516129,"No",11
"01-RC-220168","Region 01, Boston, Massachusetts","Lecrenski Bros. Inc.",2018-05-14,2018-06-15,"Russell","MA","A",2018-06-05,30,NA,"Amalgamated Transit Union Local 448",22,NA,NA,NA,NA,4,26,NA,NA,NA,"Amalgamated Transit Union Local 448","Initial","Single Labor Organization","Certific. of Representative","Closed","All full-time, regular part-time drivers, trainers, monitors, mechanics and fuelers employed by the Employer at its 289 Huntington Road, Russell, Massachusetts facility but excluding  all other employees, office clerical employees, managers, and guards, professional employees, and supervisors as defined in the Act.",NA,NA,NA,22,2018-04-01,2018-04-01,"26-50",TRUE,"RC","Yes","Amalgamated Transit Union Local 448",1,"ATU",0.846153846153846,"Yes",4
"32-RC-220150","Region 32, Oakland, California","First Transit, Inc.",2018-05-14,2018-06-13,"Concord","CA","A",2018-06-05,12,NA,"AMALGAMATED TRANSIT UNION LOCAL 1605",11,NA,NA,NA,NA,0,11,NA,1,NA,"AMALGAMATED TRANSIT UNION LOCAL 1605","Initial","Single Labor Organization","Certific. of Representative","Closed","All full-time and regular part-time reservationists, dispatchers, and schedulers employed by the Employer at its facility located at 2477 Arnold Industrial Way, Concord, California; excluding confidential employees, guards, and supervisors as defined in the Act.

Others permitted to vote: The parties have agreed that administrative assistants may vote in the election but their ballots will be challenged since their eligibility has not been resolved. No decision has been made regarding whether the individuals in this classification are included in, or excluded from, the bargaining unit. The eligibility or inclusion of these individuals will be resolved, if necessary, following the election.",NA,NA,NA,22,2018-04-01,2018-04-01,"11-25",TRUE,"RC","Yes","AMALGAMATED TRANSIT UNION LOCAL 1605",1,"ATU",1,"Yes",1
"10-RC-219365","Region 10, Atlanta, Georgia","First Transit, Inc.",2018-05-01,2018-05-30,"Birmingham","AL","A",2018-05-18,38,NA,"Amalgamated Transit Union Local 725",23,NA,NA,NA,NA,5,29,NA,1,NA,"Amalgamated Transit Union Local 725","Initial","Single Labor Organization","Certific. of Representative","Closed","All full-time and regular part-time drivers, technicians, dispatchers, fuelers, and lot attendants/coordinators employed by the Employer at its Birmingham facility, currently located at 610 8th St. South, Birmingham, AL 35233; but excluding all clerical employees and guards, professional employees and supervisors as defined in the Act.

OTHERS PERMITTED TO VOTE: At this time, no decision has been made regarding whether road supervisors are included in, or excluded from, the bargaining unit, and individuals in those classifications may vote in the election but their ballots shall be challenged since their eligibility has not been determined.  The eligibility or inclusion of these individuals will be resolved, if necessary, following the election in UC proceedings upon the Petitioner filing a UC petition if the parties are unable to reach agreement.",NA,NA,NA,17,2018-04-01,2018-04-01,"26-50",TRUE,"RC","Yes","Amalgamated Transit Union Local 725",1,"ATU",0.821428571428571,"Yes",10
"01-RC-218899","Region 01, Boston, Massachusetts","Dattco, Inc.",2018-04-23,2018-05-17,"Fairfield","CT","A",2018-05-09,38,NA,"Amalgamated Transit Union Local 1336",15,NA,NA,NA,NA,19,34,NA,NA,NA,NA,"Initial","Single Labor Organization","Certification of Results","Closed","All full-time and regular part-time Sacred Heart University and Fairfield University campus shuttle drivers employed by the Employer at its Bridgeport, Connecticut facility; but excluding all other employees, dispatchers, office clerical employees, and guards, professional employees and supervisors as defined in the Act.",NA,NA,NA,16,2018-04-01,2018-04-01,"26-50",TRUE,"RC","Yes","Amalgamated Transit Union Local 1336",1,"ATU",0.441176470588235,"No",4
"15-RC-218692","Region 15, New Orleans, Louisiana","National Express Transit Corporation",2018-04-19,2018-05-23,"Jackson","MS","A",2018-05-15,6,NA,"Amalgamated Transit Union Local 1208",6,NA,NA,NA,NA,0,6,NA,NA,NA,"Amalgamated Transit Union Local 1208","Initial","Single Labor Organization","Certific. of Representative","Closed","INCLUDED: All full-time and regular part-time dispatchers, customer service
representatives, and parts clerks employed by the Employer at the facility located at 1785
Highway 80W, Jackson, Mississippi 39204.
EXCLUDED: All other employees, office clerical employees, managers, guards,
professional employees and supervisors as defined by the Act.",NA,NA,NA,26,2018-04-01,2018-04-01,"6-10",TRUE,"RC","Yes","Amalgamated Transit Union Local 1208",1,"ATU",1,"Yes",0
"20-RC-217605","Region 20, San Francisco, California","LAZ Parking California, LLC",2018-04-02,2018-05-10,"Sacramento","CA","A",2018-05-02,14,NA,"Amalgamated Transit Union Local 256",11,NA,NA,NA,NA,1,12,NA,NA,NA,"Amalgamated Transit Union Local 256","Initial","Single Labor Organization","Certific. of Representative","Closed","All full-time and regular part-time supervisors and lead supervisors employed by LAZ Parking California, LLC (Employer) at and about its facility located at 6891 Airport Boulevard East, Sacramento, California; excluding all office and clerical employees, managers, guards, and statutory supervisors within the meaning of Section 2(11) of the Act.",NA,NA,NA,30,2018-04-01,2018-04-01,"11-25",TRUE,"RC","Yes","Amalgamated Transit Union Local 256",1,"ATU",0.916666666666667,"Yes",2
"20-RC-217514","Region 20, San Francisco, California","First Transit, Inc.",2018-03-30,2018-04-30,"Sacramento","CA","A",2018-04-18,13,NA,"Amalgamated Transit Union Local 256",8,NA,NA,NA,NA,0,8,NA,NA,NA,"Amalgamated Transit Union Local 256","Initial","Single Labor Organization","Certific. of Representative","Closed","All full-time and regular part-time road supervisors, field supervisors, and dispatchers employed by the Employer at its facility located at 5621 Alan Boyd Drive, Sacramento, California; excluding all other employees, office clerical employees, managers, guards and supervisors as defined in the Act.",NA,NA,NA,19,2018-04-01,2018-01-01,"11-25",TRUE,"RC","Yes","Amalgamated Transit Union Local 256",1,"ATU",1,"Yes",5
"21-RC-216490","Region 21, Los Angeles, California","FIRST STUDENT, INC.",2018-03-14,2018-04-19,"Riverside","CA","A",2018-04-10,72,NA,"Amalgamated Transit Union Local 1756",39,NA,NA,NA,NA,26,65,NA,NA,NA,"Amalgamated Transit Union Local 1756","Initial","Single Labor Organization","Certific. of Representative","Closed","Included:  All full-time and regular part-time drivers, driver trainers and mechanics employed by the Employer at its facility currently located at 10365 Keller Avenue, Riverside, CA 92505.
Excluded:  All other employees, dispatchers, office clerical employees, professional employees, managerial employees, guards, and supervisors as defined in the Act.",NA,NA,NA,27,2018-04-01,2018-01-01,"51-100",TRUE,"RC","Yes","Amalgamated Transit Union Local 1756",1,"ATU",0.6,"Yes",7
"28-RC-215890","Region 28, Phoenix, Arizona","National Express Transit Service Corporation d/b/a National Express",2018-03-02,2018-03-22,"Yuma","AZ","A",2018-03-13,2,NA,"Amalgamated Transit Union Local No. 1433",1,NA,NA,NA,NA,0,1,NA,NA,NA,"Amalgamated Transit Union Local No. 1433","Initial","Single Labor Organization","Certific. of Representative","Closed","Included:  All full-time and regular part-time Dispatchers employed by the Employer at its facility in Yuma, Arizona.

Excluded:  All other employees, office clerical employees, professional employees, guards, managers, and supervisors as defined in the Act.",NA,NA,NA,11,2018-01-01,2018-01-01,"<5",TRUE,"RC","Yes","Amalgamated Transit Union Local No. 1433",1,"ATU",1,"Yes",1
"21-RC-215159","Region 21, Los Angeles, California","TRANSDEV SERVICES, INC.",2018-02-20,2018-03-19,"El Cajon","CA","A",2018-03-09,9,NA,"ATU Local 1309",1,NA,NA,NA,NA,7,8,NA,NA,NA,NA,"Initial","Single Labor Organization","Certification of Results","Closed","Included:  All full-time and regular part-time non-supervisory radio dispatchers, non-supervisory desk dispatchers and non-supervisory road supervisors employed by the Employer at its facility currently located at 544 Vernon Way, El Cajon, California.

Excluded:  All other employees, supervisory radio dispatchers, supervisory desk dispatchers, supervisory road supervisors, lead radio dispatchers, lead desk dispatchers, lead road supervisors, office clerical employees, managerial employees, guards and supervisors as defined in the Act.",NA,NA,NA,17,2018-01-01,2018-01-01,"6-10",TRUE,"RC","Yes","ATU Local 1309",1,"ATU",0.125,"No",1
"01-RC-213853","Region 01, Boston, Massachusetts","First Transit, Inc.",2018-01-30,2018-03-01,"East Hartford","CT","A",2018-02-21,12,NA,"Amalgamated Transit Union Local 1763",6,NA,NA,NA,NA,3,9,NA,NA,NA,"Amalgamated Transit Union Local 1763","Initial","Single Labor Organization","Certific. of Representative","Closed","All full-time and regular part-time dispatchers employed by the Employer at its Hartford, Connecticut facility; but excluding all other employees, office clerical  employees, managers, and guards, professional employees, and supervisors as defined in the Act.
If a majority of valid ballots are cast for representation, they will be taken to have indicated the desire to be included in the existing unit of bus drivers, reservationists and fuelers represented by Amalgamated Transit Union Local 1763. If a majority of valid ballots are cast against representation, they will be taken to have indicated the desire to remain unrepresented.",NA,NA,NA,22,2018-01-01,2018-01-01,"11-25",TRUE,"RC","Yes","Amalgamated Transit Union Local 1763",1,"ATU",0.666666666666667,"Yes",3
"05-RC-213594","Region 05, Baltimore, Maryland","Dillon's Bus Service, Inc.",2018-01-25,2018-03-06,"Silver Spring","MD","A",2018-02-26,128,NA,"Amalgamated Transit Union, Local 1764",46,NA,NA,NA,NA,44,90,NA,NA,NA,"Amalgamated Transit Union, Local 1764","Initial","Revised Single Labor Org","Certific. of Representative","Closed",NA,NA,NA,NA,32,2018-01-01,2018-01-01,"101-500",TRUE,"RC","Yes","Amalgamated Transit Union, Local 1764",1,"ATU",0.511111111111111,"Yes",38
"05-RC-213594","Region 05, Baltimore, Maryland","Dillon's Bus Service, Inc.",2018-01-25,2018-03-06,"Silver Spring","MD","A",2018-02-20,128,NA,"Amalgamated Transit Union, Local 1764",45,NA,NA,NA,NA,44,89,NA,1,"Y",NA,"Initial","Single Labor Organization","Certific. of Representative","Closed",NA,NA,NA,NA,26,2018-01-01,2018-01-01,"101-500",FALSE,"RC","Yes","Amalgamated Transit Union, Local 1764",1,"ATU",0.50561797752809,"Yes",39
"14-RC-213491","Region 14, Saint Louis, Missouri","Transdev On Demand",2018-01-24,2018-02-27,"Kansas City","MO","A",2018-02-15,106,1,"Amalgamated Transit Union Local 1287",26,NA,NA,NA,NA,63,89,NA,NA,NA,"Amalgamated Transit Union Local 1287","Initial","Single Labor Organization","Certification of Results","Closed","All full-time and regular part-time drivers employed by the Employer and operating in and out of the Employer’s 1316 East 14th Street, Kansas City, Missouri facility, but EXCLUDING all dispatchers, washers, cleaners, operation supervisors, mechanics, quality assurance personnel, recruiters, road supervisors, safety supervisors, customer service representatives, maintenance employees, office clerical employees, managers, professional employees, guards and supervisors as defined by the Act.",NA,NA,NA,22,2018-01-01,2018-01-01,"101-500",TRUE,"RC","Yes","Amalgamated Transit Union Local 1287",1,"ATU",0.292134831460674,"No",17
"18-RC-209367","Region 18, Minneapolis, Minnesota","National Express Transit",2017-11-07,2018-01-02,"Milwaukee","WI","A",2017-12-05,111,NA,"AMALGAMATED TRANSIT UNION, LOCAL 998",48,NA,NA,NA,NA,44,92,NA,2,NA,"AMALGAMATED TRANSIT UNION, LOCAL 998","Initial","Single Labor Organization","Certific. of Representative","Closed","All full-time and regular part-time drivers, maintenance employees, receptionists and reservationists employed by the Employer at its Milwaukee, Wisconsin facility; excluding all mechanics, dispatchers, office clerical employees, managers, and guards and supervisors as defined in the Act",NA,NA,NA,28,2017-10-01,2017-10-01,"101-500",TRUE,"RC","Yes","AMALGAMATED TRANSIT UNION, LOCAL 998",1,"ATU",0.521739130434783,"Yes",19
"01-RC-208568","Region 01, Boston, Massachusetts","Bill's Taxi Service, Inc.",2017-10-24,2017-12-01,"Bridgewater","MA","A",2017-11-17,13,NA,"Amalgamated Transit Union Local 1548",11,NA,NA,NA,NA,1,12,NA,11,"Y","Amalgamated Transit Union Local 1548","Initial","Single Labor Organization","Certific. of Representative","Closed","All full-time and regular part-time bus drivers, dispatchers and schedulers employed by the Employer at its Wareham, Massachusetts facility and who work exclusively for Dial-a-Ride and fixed route services in Wareham and Plymouth under the contract entitled “Contract Between GATRA and Bill’s Taxi Service Inc., for Fixed Route Transit Service in the Town of Wareham and Dial-A-Ride Service in the Town of Plymouth” (the GATRA contract), but excluding all other employees, all bus drivers, dispatchers and schedulers who do not work exclusively under the GATRA contract, office and clerical employees, professional employees, guards and supervisors as defined in the National Labor Relations Act.",NA,NA,NA,24,2017-10-01,2017-10-01,"11-25",TRUE,"RC","Yes","Amalgamated Transit Union Local 1548",1,"ATU",0.916666666666667,"Yes",1
"28-RC-208285","Region 28, Phoenix, Arizona","RTW Management, Inc.",2017-10-18,2017-11-21,"Phoenix","AZ","A",2017-11-07,37,NA,"Amalgamated Transit Union, Local 1433",4,NA,NA,NA,NA,21,25,NA,1,NA,"Amalgamated Transit Union, Local 1433","Initial","Single Labor Organization","Certification of Results","Closed","Included: All full-time fixed-route trolley drivers employed by the Employer in Scottsdale, Arizona

Excluded: All other employees, office clerical employees, guards, and supervisors as defined in the Act.",NA,NA,NA,20,2017-10-01,2017-10-01,"26-50",TRUE,"RC","Yes","Amalgamated Transit Union, Local 1433",1,"ATU",0.16,"No",12
"10-RC-206732","Region 10, Atlanta, Georgia","MV Transportation, Inc.",2017-09-22,2017-10-13,"Atlanta","GA","A",2017-10-05,12,NA,"Amalgamated Transit Union",9,NA,NA,NA,NA,0,12,NA,NA,NA,"Amalgamated Transit Union","Initial","Single Labor Organization","Certific. of Representative","Closed","All full-time and regular part-time paratransit dispatchers employed by the Employer at its facility located at 1040 Brady Avenue in Atlanta, Georgia; but excluding all other employees including guards, managers and supervisors as defined in the Act.",NA,NA,NA,13,2017-10-01,2017-07-01,"11-25",TRUE,"RC","Yes","Amalgamated Transit Union",1,"ATU",1,"Yes",3
"05-RC-204536","Region 05, Baltimore, Maryland","First Transit, Inc.",2017-08-16,2017-09-19,"Baltimore","MD","A",2017-09-07,30,NA,"Amalgamated Transit Union, Local 1764",19,NA,NA,NA,NA,2,21,NA,NA,NA,"Amalgamated Transit Union, Local 1764","Initial","Single Labor Organization","Amended Certification","Closed","All full-time and regular part-time dispatchers, parts clerks, dispatchers/customer service clerks, and road supervisors employed by the Employer at its facilities currently located at 2600 Sisson Street and 4201 Patterson Avenue in Baltimore, Maryland, but excluding bus operators, office-clericals, managerial employees, dispatch supervisors, guards and supervisors as defined in the Act.",NA,NA,NA,22,2017-07-01,2017-07-01,"26-50",TRUE,"RC","Yes","Amalgamated Transit Union, Local 1764",1,"ATU",0.904761904761905,"Other",9
"31-RC-204301","Region 31, Los Angeles, California","First Transit, Inc.",2017-08-14,2017-09-12,"Ontario","CA","A",2017-08-31,27,NA,"Amalgamated Transit Union",18,NA,NA,NA,NA,6,24,NA,NA,NA,"Amalgamated Transit Union","Initial","Single Labor Organization","Certific. of Representative","Closed","Included:  All full-time and part-time drivers, dispatchers, mechanics, and utility workers employed by the Employer at its facility located at 1027 Brooks St., Ontario, CA 91763.

Excluded:  All other employees, road supervisors, dedicated trainers, office/administrative employees, managerial employees, guards and supervisors as defined by the Act, as amended.",NA,NA,NA,17,2017-07-01,2017-07-01,"26-50",TRUE,"RC","Yes","Amalgamated Transit Union",1,"ATU",0.75,"Yes",3
"28-RC-204189","Region 28, Phoenix, Arizona","Total Transit Enterprises, L.L.C.",2017-08-11,2018-05-03,"Tucson","AZ","A",2017-08-30,32,NA,"Amalgamated Transit Union Local #1433, AFL-CIO",11,NA,NA,NA,NA,13,24,NA,4,"Y",NA,"Initial","Single Labor Organization","Certification of Results","Closed","INCLUDED:  All full-time and regular part-time bus drivers employed by the Employer at 829 West Silverlake Road, Tucson, Arizona  85713.

EXCLUDED:  All other employees, road supervisors, cab drivers, ride-share drivers, owner-operators, cab and ride-share trainers, facilitators, CSC leads, CSC agents, recruiters, cashiers, cashier leads, business development representatives, mechanics, operations supervisors, dispatchers, schedulers, customer service employees, office clerical employees, professional employees, managerial employees, guards, independent contractors and supervisors as defined in the Act.",NA,NA,NA,19,2017-07-01,2017-07-01,"26-50",TRUE,"RC","Yes","Amalgamated Transit Union Local #1433, AFL-CIO",1,"ATU",0.458333333333333,"No",8
"06-RC-197979","Region 06, Pittsburgh, Pennsylvania","National Express LLC",2017-05-02,2017-06-02,"Greensburg","PA","A",2017-05-25,59,NA,"Amalgamated Transit Union, Local 1738, AFL-CIO, CLC",20,NA,NA,NA,NA,35,55,NA,NA,NA,NA,"Initial","Single Labor Organization","Certification of Results","Closed","All full-time and regular part-time drivers, mechanics, and maintenance employees employed at the Employer's Latrobe, Greensburg and New Kensington, Pennsylvania facilities; excluding dispatchers, office clerical employees, guards, professional employees and supervisors as defined in the Act, and all other employees.",NA,NA,NA,23,2017-04-01,2017-04-01,"51-100",TRUE,"RC","Yes","Amalgamated Transit Union, Local 1738, AFL-CIO, CLC",1,"ATU",0.363636363636364,"No",4
"18-RC-194862","Region 18, Minneapolis, Minnesota","First Transit, Inc.",2017-03-15,2017-04-07,"Rochester","MN","A",2017-03-31,3,NA,"AMALGAMATED TRANSIT UNION, LOCAL 1005",3,NA,NA,NA,NA,0,3,NA,NA,NA,"AMALGAMATED TRANSIT UNION, LOCAL 1005","Initial","Single Labor Organization","Certific. of Representative","Closed","All full time and regular part time utility workers and payroll clerks employed at the Employer's Rochester, MN facility; excluding all other job classifications, and guards and supervisors as defined by the Act, as amended.",NA,NA,NA,16,2017-01-01,2017-01-01,"<5",TRUE,"RC","Yes","AMALGAMATED TRANSIT UNION, LOCAL 1005",1,"ATU",1,"Yes",0
"21-RC-192965","Region 21, Los Angeles, California","FIRST TRANSIT INC",2017-02-13,2017-03-16,"Oceanside","CA","A",2017-03-02,20,NA,"AMALGAMATED TRANSIT UNION LOCAL 1309",7,NA,NA,NA,NA,8,15,NA,NA,NA,NA,"Rerun","Single Labor Organization","Certification of Results","Closed","Included: All full-time and regular part-time road supervisors and dispatchers, and all full-time trainers, employed by the Employer at its facilities currently located at 305 Via DerNorte, Oceanside, California and 775 Norlak Avenue, Escondido, California, both of which are operated out of the 305 Via Del Norte, Oceanside, California facility;

Excluded: All other employees, paratransit employees, drivers/operators,...part7time trainers, employees represented in other bargaining units, prOfekalonal. employees, managerial - employees, office Clerical employees, •di:rardi and iiiperVior's AS defined in the Act.",NA,NA,NA,17,2017-01-01,2017-01-01,"11-25",TRUE,"RC","Yes","AMALGAMATED TRANSIT UNION LOCAL 1309",1,"ATU",0.466666666666667,"No",5
"22-RC-192975","Region 22, Newark, New Jersey","Shred-It USA, LLC",2017-02-10,2017-03-21,"Parsippany","NJ","A",2017-03-09,33,NA,"Amalgamated Transit Union, Local 822",12,NA,NA,NA,NA,19,31,NA,NA,NA,"Amalgamated Transit Union, Local 822","Initial","Single Labor Organization","Certification of Results","Closed","Included:   All full-time and regular part-time Customer Service Representatives (CSRs) and Balers employed at the Employer’s Parsippany, New Jersey facility. 

Excluded:   All sales employees, dispatchers, office clerical employees, managers, guards and supervisors, as defined in the Act.",NA,NA,NA,27,2017-01-01,2017-01-01,"26-50",TRUE,"RC","Yes","Amalgamated Transit Union, Local 822",1,"ATU",0.387096774193548,"No",2
"05-RC-191857","Region 05, Baltimore, Maryland","Transdev Services, Inc.",2017-01-26,2017-02-27,"Leesburg","VA","A",2017-02-17,96,1,"Amalgamated Transit Union",62,NA,NA,NA,NA,5,67,NA,1,NA,"Amalgamated Transit Union","Initial","Single Labor Organization","Certific. of Representative","Closed","All full-time and regular part-time bus operators, mechanics, utility employees and cleaners/washers employed by the Employer at its Leesburg, Virginia facility; but excluding all other employees, office clerical employees, guards, managers and supervisors as defined in the Act.",NA,NA,NA,22,2017-01-01,2017-01-01,"51-100",TRUE,"RC","Yes","Amalgamated Transit Union",1,"ATU",0.925373134328358,"Yes",29
"18-RC-190472","Region 18, Minneapolis, Minnesota","R & S TRANSPORT, INC.",2016-12-28,2017-01-18,"Rochester","MN","A",2017-01-11,8,NA,"AMALGAMATED TRANSIT UNION, LOCAL 1005",8,NA,NA,NA,NA,0,8,NA,1,NA,"AMALGAMATED TRANSIT UNION, LOCAL 1005","Initial","Single Labor Organization","Certific. of Representative","Closed","All regular part time and full time ZIPS para-transit drivers; excluding all office clericals and guards and supervisors as defined by the Act, as amended.",NA,NA,NA,14,2017-01-01,2016-10-01,"6-10",TRUE,"RC","Yes","AMALGAMATED TRANSIT UNION, LOCAL 1005",1,"ATU",1,"Yes",0
"29-RC-190281","Region 29, Brooklyn, New York","Juice Press, LLC",2016-12-22,2019-05-13,"Long Island City","NY","A",2019-04-30,104,1,"Local 1181-1061, Amalgamated Transit Union, AFL-CIO",39,NA,NA,NA,NA,41,0,NA,NA,NA,NA,"Initial","Single Labor Organization","Certification of Results","Closed","Included:All full time and regular part time employees working in the back of the house, commissary kitchen, packers, transportation and maintenance, employed by the Employer at its Long Island City facility.


Excluded: Managers, clericals employees, professional employees, guards and supervisors as defined in the Act.",NA,NA,NA,859,2019-04-01,2016-10-01,"101-500",TRUE,"RC","Yes","Local 1181-1061, Amalgamated Transit Union, AFL-CIO",1,"ATU",NA,"No",24
"29-RC-190281","Region 29, Brooklyn, New York","Juice Press, LLC",2016-12-22,2019-05-13,"Long Island City","NY","A",2017-01-23,192,1,"Local 1181-1061, Amalgamated Transit Union, AFL-CIO",38,NA,NA,NA,NA,79,117,NA,3,NA,NA,"Initial","Single Labor Organization","Certification of Results","Closed","Included:All full time and regular part time employees working in the back of the house, commissary kitchen, packers, transportation and maintenance, employed by the Employer at its Long Island City facility.


Excluded: Managers, clericals employees, professional employees, guards and supervisors as defined in the Act.",NA,NA,NA,32,2017-01-01,2016-10-01,"101-500",FALSE,"RC","Yes","Local 1181-1061, Amalgamated Transit Union, AFL-CIO",1,"ATU",0.324786324786325,"No",75
"21-RC-185590","Region 21, Los Angeles, California","FIRST TRANSIT, INC.",2016-10-03,2016-10-27,"SAN DIEGO","CA","A",2016-10-18,30,NA,"AMALGAMATED TRANSIT UNION LOCAL 1309",21,NA,NA,NA,NA,6,27,NA,NA,NA,"AMALGAMATED TRANSIT UNION LOCAL 1309","Initial","Single Labor Organization","Certific. of Representative","Closed","Including:  All full-time and regular part-time road supervisors, dispatchers/routers, and office clerks employed by the Employer at its facility currently located at 7490 Coplay Park Place, San Diego, California.  

Excluding:  All other employees, casual drivers, professional employees, managerial employees, guards, and supervisors as defined in the Act.",NA,NA,NA,15,2016-10-01,2016-10-01,"26-50",TRUE,"RC","Yes","AMALGAMATED TRANSIT UNION LOCAL 1309",1,"ATU",0.777777777777778,"Yes",3
"29-RC-184968","Region 29, Brooklyn, New York","Alina Services Corp.",2016-09-26,2016-10-24,"Little Neck","NY","A",2016-10-11,161,NA,"Local 1181-1061, Amalgamated Transit Union, AFL-CIO",17,NA,NA,NA,NA,58,75,NA,11,NA,"Local 1181-1061, Amalgamated Transit Union, AFL-CIO","Initial","Single Labor Organization","Withdrawal Non-adjusted","Closed","INCLUDED: All full-time and regular part-time drivers and matron/attendants employed by the
Employer out of its 245-37 60th Avenue, Douglaston, New York, location.

EXCLUDED: All other employees including clerical employees, mechanics, maintenance
employees, managers, professional employees, guards and supervisors as defined in the Act.",NA,NA,NA,15,2016-10-01,2016-07-01,"101-500",TRUE,"RC","Yes","Local 1181-1061, Amalgamated Transit Union, AFL-CIO",1,"ATU",0.226666666666667,"Other",86
"27-RC-184734","Region 27, Denver, Colorado","First Transit, Inc.",2016-09-21,2016-10-28,"Denver","CO","A",2016-10-19,33,1,"Amalgamated Transit Union, Local 1001",25,NA,NA,NA,NA,6,31,NA,NA,"N","Amalgamated Transit Union, Local 1001","Initial","Single Labor Organization","Certific. of Representative","Closed","All full-time and regular part-time bus Mechanics/Technicians and Parts Clerks/Maintenance Clerks, and Fuelers employed by the Employer  at its Denver location, and excluding all office clerical employees, dispatchers, managers, guards and supervisors as defined by the National Labor Relations Act.",NA,NA,NA,28,2016-10-01,2016-07-01,"26-50",TRUE,"RC","Yes","Amalgamated Transit Union, Local 1001",1,"ATU",0.806451612903226,"Yes",2
"09-RC-184262","Region 09, Cincinnati, Ohio","TRANSDEV SERVICES, INC.",2016-09-15,2016-10-19,"Cincinnati","OH","A",2016-10-11,6,NA,"Amalgamated Transit Union Local 627, AFL-CIO",5,NA,NA,NA,NA,1,6,NA,NA,NA,"Amalgamated Transit Union Local 627, AFL-CIO","Initial","Single Labor Organization","Certific. of Representative","Closed","All full-time and regular part-time maintenance employees employed by the Employer at its facility located at 1927 Race Street, Cincinnati, Ohio; but excluding all other employees, professional employees, office clerical employees, guards, managers, supervisors, and supervisory foremen as defined by the Act.",NA,NA,NA,26,2016-10-01,2016-07-01,"6-10",TRUE,"RC","Yes","Amalgamated Transit Union Local 627, AFL-CIO",1,"ATU",0.833333333333333,"Yes",0
"12-RC-183224","Region 12, Tampa, Florida","Council on Aging of St. Lucie, Inc.",2016-08-31,2016-10-04,"Port Saint Lucie","FL","A",2016-09-23,45,NA,"Amalgamated Transit Union Local 1577",17,NA,NA,NA,NA,20,37,NA,NA,NA,NA,"Initial","Single Labor Organization","Certification of Results","Closed","Included:  All full-time and regular part-time bus operators, including floaters, working for the Employer out of its facilites currently located at 2501 SW Bayshore Blvd., Port St. Lucie, Florida and 1505 Orange Avenue, Fort Pierce, Florida.

Excluded:  All other employees, office clerical employees, guards, managers, and supervisors as defined by the Act.",NA,NA,NA,23,2016-07-01,2016-07-01,"26-50",TRUE,"RC","Yes","Amalgamated Transit Union Local 1577",1,"ATU",0.459459459459459,"No",8
"01-RC-183023","Region 01, Boston, Massachusetts","First Transit, Inc.",2016-08-29,2016-09-22,"Hartford","CT","A",2016-09-14,5,NA,"Amalgamated Transit Union Local 1763",3,NA,NA,NA,NA,1,4,NA,NA,NA,"Amalgamated Transit Union Local 1763","Initial","Single Labor Organization","Certific. of Representative","Closed","All full-time and regular part-time fuelers employed by the Employer at its Hartford, Connecticut facility; but excluding all other employees, clerical employees, and guards, professional employees, and supervisors as defined in the Act.
If a majority of valid ballots are cast for representation, they will be taken to have indicated the desire to be included in the existing unit of bus drivers, and reservationists represented by Amalgamated Transit Union Local 1763.  If a majority of valid ballots are cast against representation, they will be taken to have indicated the desire to remain unrepresented.",NA,NA,NA,16,2016-07-01,2016-07-01,"<5",TRUE,"RC","Yes","Amalgamated Transit Union Local 1763",1,"ATU",0.75,"Yes",1
"21-RC-182244","Region 21, Los Angeles, California","TRANSDEV SERVICES, INC.",2016-08-16,2016-09-20,"CHULA VISTA","CA","A",2016-09-09,17,NA,"AMALGAMATED TRANSIT UNION LOCAL 1309",11,NA,NA,NA,NA,1,16,NA,4,NA,"AMALGAMATED TRANSIT UNION LOCAL 1309","Initial","Single Labor Organization","Certific. of Representative","Closed","Included: All full-time and regular part time non-supervisory radio dispatchers, non-supervisory
desk dispatchers and non-supervisory road supervisors employed by the
Employer at its facilities currently located at 3610 Main Street, Chula Vista, California
and 1600 Imperial Avenue, San Diego, California

Excluded: All other employees, supervisory radio dispatchers, supervisory desk
dispatchers, supervisory road supervisors, lead radio dispatchers, lead desk
dispatchers, lead road supervisors, offlce clerical employees, managerial empioyees,
guards and supervisors as defined in the Act.",NA,NA,NA,24,2016-07-01,2016-07-01,"11-25",TRUE,"RC","Yes","AMALGAMATED TRANSIT UNION LOCAL 1309",1,"ATU",0.916666666666667,"Yes",5
"21-RC-179023","Region 21, Los Angeles, California","Southland Transit, Inc.",2016-06-24,2016-07-26,"Baldwin Park","CA","A",2016-07-15,94,NA,"Amalgamated Transit Union",61,NA,NA,NA,NA,16,78,NA,1,NA,"Amalgamated Transit Union","Initial","Single Labor Organization","Certific. of Representative","Closed","INCLUDING: All full-time and regular part-time bus operators, dispatchers and street supervisors employed by the Employer at its facility currently located at 14913 Ramona Boulevard, Baldwin Park, California 91706

EXCLUDING: All mechanics, bus washers, office clerical employees, professional employees, managerial employees, confidential employees, guards, and supervisors as defined in the Act.",NA,NA,NA,21,2016-07-01,2016-04-01,"51-100",TRUE,"RC","Yes","Amalgamated Transit Union",1,"ATU",0.792207792207792,"Yes",17
"32-RC-176336","Region 32, Oakland, California","First Transit, Inc.",2016-05-17,2016-06-15,"Madera","CA","A",2016-06-07,26,NA,"Amalgamated Transit Union Local 1027",26,NA,NA,NA,NA,0,26,NA,NA,NA,"Amalgamated Transit Union Local 1027","Initial","Single Labor Organization","Certific. of Representative","Closed","All full-time and regular part-time vehicle operators and dispatchers employed by the Employer at its facility located at 123 North E Street, Suite 102, Madera, California; excluding managerial employees, professional employees, office clerical employees, guards, and supervisors as defined in the Act.",NA,NA,NA,21,2016-04-01,2016-04-01,"26-50",TRUE,"RC","Yes","Amalgamated Transit Union Local 1027",1,"ATU",1,"Yes",0
"19-RD-176137","Region 19, Seattle, Washington","First Student, Inc.",2016-05-12,2016-06-14,"Corvallis","OR","A",2016-06-06,72,NA,"Amalgamated Transit Union, Division 757",41,NA,NA,NA,NA,21,63,NA,1,NA,"Amalgamated Transit Union, Division 757","Initial","Single Labor Organization","Certific. of Representative","Closed","Included: All school bus and city transit operators employed by the Employer out of its Corvallis, Oregon facility.

Excluded: Office clericals, dispatchers, professional employees, mechanics, parts persons, shop clerks, managerial employees, fuelers, washers, safety and security personnel.",NA,NA,NA,25,2016-04-01,2016-04-01,"51-100",TRUE,"RD","Yes","Amalgamated Transit Union, Division 757",1,"ATU",0.661290322580645,"Yes",10
"19-RC-175571","Region 19, Seattle, Washington","First Transit, Inc.",2016-05-05,2016-06-23,"Portland","OR","A",2016-06-15,3,NA,"AMALGAMATED TRANSIT UNION, DIVISION 757",3,NA,NA,NA,NA,0,3,NA,NA,NA,"AMALGAMATED TRANSIT UNION, DIVISION 757","Initial","Single Labor Organization","Certific. of Representative","Closed","Those eligible to vote in the election are all full-time and regular part-time dispatchers employed by the Employer at its Portland, Oregon facility; but excluding all office clerical employees, professional employees, road supervisors, all other employees, guards and supervisors as defined by the Act.",NA,NA,NA,41,2016-04-01,2016-04-01,"<5",TRUE,"RC","Yes","AMALGAMATED TRANSIT UNION, DIVISION 757",1,"ATU",1,"Yes",0
"19-RC-175572","Region 19, Seattle, Washington","First Transit, Inc.",2016-05-05,2016-06-23,"Beaverton","OR","A",2016-06-15,5,NA,"AMALGAMATED TRANSIT UNION, DIVISION 757",4,NA,NA,NA,NA,1,5,NA,NA,NA,"AMALGAMATED TRANSIT UNION, DIVISION 757","Initial","Single Labor Organization","Certific. of Representative","Closed","Those eligible to vote in the election are all full-time and regular part-time dispatchers employed by the Employer at its Beaverton, Oregon facility; but excluding all office clerical employees, professional employees, road supervisors, all other employees, guards and supervisors as defined by the Act.

If a majority of valid ballots are cast for Amalgamated Transit Union, Local 757, they will be taken to have indicated the employees' desire to be included in the existing unit of all regular full-time and regular part-time vehicle operators working under the contract between the Employer and Tr-Met, but excluding temporary personnel, guards, office and payroll clerks, managerial personnel, utility and maintenance personnel, professional employees, road supervisors and other supervisors as defined in the National Labor Relations Act. If a majority of valid ballots are not cast for representation, they will be taken to have indicated the employees' desire to remain unrepresented.",NA,NA,NA,41,2016-04-01,2016-04-01,"<5",TRUE,"RC","Yes","AMALGAMATED TRANSIT UNION, DIVISION 757",1,"ATU",0.8,"Yes",0
"01-RD-171107","Region 01, Boston, Massachusetts","BRUSH HILL TRANSPORTATION COMPANY",2016-03-04,2016-04-19,"RANDOLPH","MA","A",2016-04-11,27,NA,"AMALGAMATED TRANSIT UNION, LOCAL 1548, a/w AFL-CIO, CLC",6,NA,NA,NA,NA,12,18,NA,NA,NA,NA,"Initial","Single Labor Organization","Certification of Results","Closed","All bus operators, maintenance employees, stock clerks and mechanics excluding all other employees, such as but not limited to, dispatchers, purchasing agents, office and clerical employees, professional employees, guards and supervisors as defined in the National Labor Relations Act.",NA,NA,NA,38,2016-04-01,2016-01-01,"26-50",TRUE,"RD","Yes","AMALGAMATED TRANSIT UNION, LOCAL 1548, a/w AFL-CIO, CLC",1,"ATU",0.333333333333333,"No",9
"09-RC-170044","Region 09, Cincinnati, Ohio","SP PLUS CORPORATION",2016-02-19,2016-03-18,"Hebron","KY","A",2016-03-10,70,NA,"Amalgamated Transit Union, International",36,NA,NA,NA,NA,27,63,NA,NA,NA,"Amalgamated Transit Union, International","Initial","Single Labor Organization","Certific. of Representative","Closed","All full-time and regular part-time drivers, fuelers/bus washers, T3 attendants, and gate greeters employed by the Employer at or out of its facility at 2485 Spence Drive, Hebron, Kentucky, but excluding all cashiers, valets, maintenance employees, office clerical employees, professional employees, managerial employees, guards and supervisors as defined in the Act.",NA,NA,NA,20,2016-01-01,2016-01-01,"51-100",TRUE,"RC","Yes","Amalgamated Transit Union, International",1,"ATU",0.571428571428571,"Yes",7
"15-RC-168624","Region 15, New Orleans, Louisiana","FIRST TRANSIT, INC.",2016-01-28,2016-02-26,"PANAMA CITY","FL","A",2016-02-18,53,NA,"AMALGAMATED TRANSIT UNION LOCAL 1395",39,NA,NA,NA,NA,9,48,NA,NA,NA,"AMALGAMATED TRANSIT UNION LOCAL 1395","Initial","Single Labor Organization","Certific. of Representative","Closed","Included: All full-time and regular part-time trolley drivers, paratransit drivers, mechanics, and utility workers; Excluded: All other employees, schedulers, dispatchers, clerical employees, professional employees, guards, and supervisors as defind by the Act.",NA,NA,NA,21,2016-01-01,2016-01-01,"51-100",TRUE,"RC","Yes","AMALGAMATED TRANSIT UNION LOCAL 1395",1,"ATU",0.8125,"Yes",5
"28-RC-166004","Region 28, Phoenix, Arizona","Transdev Services, Inc.",2015-12-14,2016-01-15,"Phoenix","AZ","A",2016-01-05,19,NA,"Amalgamated Transit Union, Local 1433",5,NA,NA,NA,NA,9,14,NA,NA,NA,"Amalgamated Transit Union, Local 1433","Initial","Single Labor Organization","Certification of Results","Closed","INCLUDED: All full-time mechanics and fuelers employed by Transdev Services, Inc., in its Rental Car Center division, located at the Phoenix International Airport.

EXCLUDED: All other employees, including office clericals, managers, guards, and supervisors as defined by the National Labor Relations Act.",NA,NA,NA,22,2016-01-01,2015-10-01,"11-25",TRUE,"RC","Yes","Amalgamated Transit Union, Local 1433",1,"ATU",0.357142857142857,"No",5
"05-RC-162122","Region 05, Baltimore, Maryland","Dillon's Bus Service, Inc.",2015-10-19,2015-12-16,"Hanover","MD","A",2015-11-12,156,2,"Amalgamated Transit Union, International",58,NA,NA,NA,NA,62,120,NA,6,"Y",NA,"Initial","Single Labor Organization","Certification of Results","Closed","All full-time and regular part-time bus operators, mechanics and bus washers employed by the Employer at its Hanover, Maryland facility, but excluding all office clerical employees, dispatchers, managerial employees, professional employees, guards and supervisors as defined in the Act.",NA,NA,NA,24,2015-10-01,2015-10-01,"101-500",TRUE,"RC","Yes","Amalgamated Transit Union, International",1,"ATU",0.483333333333333,"No",36
"22-RC-160485","Region 22, Newark, New Jersey","FIRST TRANSIT, INC.",2015-09-21,2015-10-26,"Flemington","NJ","A",2015-10-15,29,NA,"AMALGAMATED TRANSIT UNION, INTERNATIONAL, AFL-CIO",18,NA,NA,NA,NA,2,20,NA,NA,NA,"AMALGAMATED TRANSIT UNION, INTERNATIONAL, AFL-CIO","Initial","Single Labor Organization","Certific. of Representative","Closed","Included: All full-time and regular part-time operators, lead dispatchers, dispatchers, and call takers employed by the Employer at its 314 State Route 12, BLDG 6, Flemington, New Jersey facility.
Excluded: All other employees, including all office clerical employees, managerial
employees, professional employees, guards, and supervisors as defin ed in the Act.",NA,NA,NA,24,2015-10-01,2015-07-01,"26-50",TRUE,"RC","Yes","AMALGAMATED TRANSIT UNION, INTERNATIONAL, AFL-CIO",1,"ATU",0.9,"Yes",9
"32-RC-160196","Region 32, Oakland, California","MV Transportation, Inc.",2015-09-17,2015-10-27,"Stockton","CA","A",2015-10-19,49,2,"AMALGAMATED TRANSIT UNION LOCAL 276, AFL-CIO/CLC",23,NA,NA,NA,NA,1,24,NA,NA,NA,"AMALGAMATED TRANSIT UNION LOCAL 276, AFL-CIO/CLC","Initial","Single Labor Organization","Certific. of Representative","Closed","All full-time and regular part-time drivers and dispatchers employed by the Employer at its Stockton, California facility located at 120 N. Filbert Street, Stockton, CA 95205; excluding employees represented by a labor organization, office clerical employees, guards, and supervisors as defined in the Act.",NA,NA,NA,32,2015-10-01,2015-07-01,"26-50",TRUE,"RC","Yes","AMALGAMATED TRANSIT UNION LOCAL 276, AFL-CIO/CLC",1,"ATU",0.958333333333333,"Yes",25
"29-RD-160052","Region 29, Brooklyn, New York","MVP Transportation, Inc",2015-09-16,2015-11-03,"Staten Island","NY","A",2015-10-23,400,3,"Local 1181-1061, Amalgamated Transit Union, AFL-CIO",155,NA,NA,NA,NA,61,216,NA,3,NA,"Local 1181-1061, Amalgamated Transit Union, AFL-CIO","Initial","Single Labor Organization","Certific. of Representative","Closed",NA,NA,NA,NA,37,2015-10-01,2015-07-01,"101-500",TRUE,"RD","Yes","Local 1181-1061, Amalgamated Transit Union, AFL-CIO",1,"ATU",0.717592592592593,"Yes",184
"16-RD-159846","Region 16, Fort Worth, Texas","TRANSDEV SERVICES, INC.",2015-09-11,2015-10-15,"SAN MARCOS","TX","A",2015-09-11,87,NA,"AMALGAMATED TRANSIT UNION, LOCAL 1091 (ATU LOCAL 1091)",14,NA,NA,NA,NA,30,44,NA,NA,NA,NA,"Initial","Single Labor Organization","Certification of Results","Closed","Included: All full-time and regular part-time drivers, pro-drivers, technicians, fueler/service employees, and shift captains employed by the Employer at its San Marcos, Texas, location.


Excluded:  All office/clerical employees, including payroll/office clerk and parts specialist; all guards; all managers, directors and supervisors as defined in the Act, including general managers, operations manager, safety managers, maintenance manager, dispatchers, lead dispatcher, lead technician, and supervisor.",NA,NA,NA,0,2015-07-01,2015-07-01,"51-100",TRUE,"RD","Yes","AMALGAMATED TRANSIT UNION, LOCAL 1091 (ATU LOCAL 1091)",1,"ATU",0.318181818181818,"No",43
"27-RC-159339","Region 27, Denver, Colorado","MV Transportation, Inc.",2015-09-03,2015-10-14,"Grand Junction","CO","A",2015-09-30,41,NA,"AMALGAMATED TRANSIT UNION, INTERNATIONAL, AFL-CIO",26,NA,NA,NA,NA,8,34,NA,1,NA,"AMALGAMATED TRANSIT UNION, INTERNATIONAL, AFL-CIO","Initial","Single Labor Organization","Certific. of Representative","Closed",NA,NA,NA,NA,27,2015-07-01,2015-07-01,"26-50",TRUE,"RC","Yes","AMALGAMATED TRANSIT UNION, INTERNATIONAL, AFL-CIO",1,"ATU",0.764705882352941,"Yes",7
"12-RC-157845","Region 12, Tampa, Florida","First Transit, Inc.",2015-08-13,2015-09-29,"Boynton Beach","FL","A",2015-09-16,120,NA,"Amalgamated Transit Union Local 1577, AFL-CIO, CLC",63,NA,NA,NA,NA,18,81,NA,NA,NA,"Amalgamated Transit Union Local 1577, AFL-CIO, CLC","Initial","Single Labor Organization","Certific. of Representative","Closed","Included:  All full time and regular part-time bus operators and mechanics employed by the Employer in Palm Beach County who perform services for Palm Tran Connection.

Excluded:  All other employees, dispatchers, road supervisors, office clericals, guards and supervisors as defined by the Act.",NA,NA,NA,34,2015-07-01,2015-07-01,"101-500",TRUE,"RC","Yes","Amalgamated Transit Union Local 1577, AFL-CIO, CLC",1,"ATU",0.777777777777778,"Yes",39
"32-RC-155529","Region 32, Oakland, California","Fresno Economic Opportunities Commission",2015-07-07,2015-08-31,"Fresno","CA","A",2015-08-21,92,2,"AMALGAMATED TRANSIT UNION, LOCAL 1027, AFL-CIO/CLC",63,NA,NA,NA,NA,25,88,NA,2,NA,"AMALGAMATED TRANSIT UNION, LOCAL 1027, AFL-CIO/CLC","Initial","Single Labor Organization","Certific. of Representative","Closed","All full-time and regular part-time drivers, Calworks drivers, Head Start drivers, standby drivers, sub drivers, rural drivers, food delivery drivers, shuttle drivers, dispatchers, vehicle detailers and mechanics employed by the Employer at or out of its facility located at 3110 W. Nielsen Avenue in Fresno, California; excluding  managers, office clerical employees, guards, and supervisors defined in the Act.",NA,NA,NA,45,2015-07-01,2015-07-01,"51-100",TRUE,"RC","Yes","AMALGAMATED TRANSIT UNION, LOCAL 1027, AFL-CIO/CLC",1,"ATU",0.715909090909091,"Yes",4
"06-RC-153100","Region 06, Pittsburgh, Pennsylvania","Community Transportation Inc., d/b/a CommTrans, a subsidiary of National Express Group",2015-05-28,2015-06-29,"McKees Rocks","PA","A",2015-06-19,70,NA,"Amalgamated Transit Union, Local 1743, AFL-CIO",15,NA,NA,NA,NA,47,62,NA,NA,NA,NA,"Initial","Single Labor Organization","Certification of Results","Closed","All full-time and regular part-time sedan drivers, shopper van drivers and lift van drivers employer by the Employer at its 4 River Road, McKees Rocks, PA, facility: excluding all office clerical employees, dispatchers, mechanics, reservationists, bus washers, schedulers, and guards, professional employees and supervisors as defined in the Act, and all other employees.",NA,NA,NA,22,2015-04-01,2015-04-01,"51-100",TRUE,"RC","Yes","Amalgamated Transit Union, Local 1743, AFL-CIO",1,"ATU",0.241935483870968,"No",8
"14-RC-152208","Region 14, Saint Louis, Missouri","Apple Bus Company",2015-05-14,2015-06-19,"Saint Joseph","MO","A",2015-06-09,90,NA,"Amalgamated Transit Union, International",32,NA,NA,NA,NA,41,74,NA,NA,NA,"Amalgamated Transit Union, International","Initial","Single Labor Organization","Certification of Results","Closed","All full-time and regular part-time drivers, monitors, mechanics and yardmen employed by the Employer at its 4713 St. Joseph Avenue, St. Joseph, Missouri facility, but EXCLUDING all office clerical employees, professional employees, foremen, dispatchers, managers, guards and supervisors as defined by the Act.",NA,NA,NA,26,2015-04-01,2015-04-01,"51-100",TRUE,"RC","Yes","Amalgamated Transit Union, International",1,"ATU",0.438356164383562,"No",17
"29-RC-152044","Region 29, Brooklyn, New York","Transcare",2015-05-12,2015-06-15,"Brooklyn","NY","A",2015-06-03,17,NA,"Amalgamated Transit Union, Local 1811",16,NA,NA,NA,NA,0,16,NA,NA,NA,"Amalgamated Transit Union, Local 1811","Initial","Single Labor Organization","Certific. of Representative","Closed","Included: All full-time and regular part-time yardcrew/yardmen working for the Employer's Paratransit Division at its Foster Avenue/Bank Street, Brooklyn, New York facility.
Excluded: All other employees, paratransit drivers, field training officers, dispatchers, maintenance employees, mechanics, office clerical employees, guards and supervisors as defined in Section 2(11) of the Act.",NA,NA,NA,22,2015-04-01,2015-04-01,"11-25",TRUE,"RC","Yes","Amalgamated Transit Union, Local 1811",1,"ATU",1,"Yes",1
"29-RC-149871","Region 29, Brooklyn, New York","Phillip Bus Corp",2015-04-10,2015-06-03,"Brooklyn","NY","A",2015-05-22,66,NA,"Local 1181-1061, Amalgamated Transit Union, AFL-CIO",46,NA,NA,NA,NA,3,49,NA,NA,NA,"Local 1181-1061, Amalgamated Transit Union, AFL-CIO","Initial","Single Labor Organization","Certific. of Representative","Closed","Included:  All full time and regular part time Drivers, Matrons/Attendants/Monitors.


Excluded:  All other employees including office personnel, clerks, professional employees, guards and supervisors as defined by the Act.",NA,NA,NA,42,2015-04-01,2015-04-01,"51-100",TRUE,"RC","Yes","Local 1181-1061, Amalgamated Transit Union, AFL-CIO",1,"ATU",0.938775510204082,"Yes",17
"16-RC-149206","Region 16, Fort Worth, Texas","RIDE RIGHT, LLC D/B/A AUSTIN RIDE RIGHT, LLC",2015-03-31,2015-05-15,"AUSTIN","TX","A",2015-05-07,84,NA,"AMALGAMATED TRANSIT UNION, LOCAL 1091 (ATU LOCAL 1091)",41,NA,NA,NA,NA,21,62,NA,NA,NA,"AMALGAMATED TRANSIT UNION, LOCAL 1091 (ATU LOCAL 1091)","Initial","Single Labor Organization","Certific. of Representative","Closed","Included:  All full time and part time drivers, driver/trainers, dispatchers and vehicle maintenance workers employed by the Employer at its Austin, Texas facility.

Excluded:  All other employees, including clerical staff, managers, confidential employees and guards and supervisors as defined in the Act.",NA,NA,NA,37,2015-04-01,2015-01-01,"51-100",TRUE,"RC","Yes","AMALGAMATED TRANSIT UNION, LOCAL 1091 (ATU LOCAL 1091)",1,"ATU",0.661290322580645,"Yes",22
"01-RC-145728","Region 01, Boston, Massachusetts","TRANSIT CONNECTION INC.",2015-02-04,2016-03-15,"EDGARTOWN","MA","A",2015-09-10,38,1,"AMALGAMATED TRANSIT UNION, LOCAL 1548, a/w AFL-CIO, CLC",17,NA,NA,NA,NA,14,31,NA,2,NA,"AMALGAMATED TRANSIT UNION, LOCAL 1548, a/w AFL-CIO, CLC","Rerun","Single Labor Organization","Certific. of Representative","Closed","All full-time and regular part-time operators employed by the Employer at its 11 A Street Edgartown, Massachusetts facility but excluding office clerical employees, managerial employees, dispatchers, mechanics, confidential employees, seasonal employees, guards and supervisors as defined in the Act, and all other employees.",NA,NA,NA,218,2015-07-01,2015-01-01,"26-50",TRUE,"RC","Yes","AMALGAMATED TRANSIT UNION, LOCAL 1548, a/w AFL-CIO, CLC",1,"ATU",0.548387096774194,"Yes",7
"01-RC-145728","Region 01, Boston, Massachusetts","TRANSIT CONNECTION INC.",2015-02-04,2016-03-15,"EDGARTOWN","MA","A",2015-03-18,39,NA,"AMALGAMATED TRANSIT UNION, LOCAL 1548, a/w AFL-CIO, CLC",18,NA,NA,NA,NA,21,39,NA,NA,NA,NA,"Initial","Single Labor Organization","Certific. of Representative","Closed","All full-time and regular part-time operators employed by the Employer at its 11 A Street Edgartown, Massachusetts facility but excluding office clerical employees, managerial employees, dispatchers, mechanics, confidential employees, seasonal employees, guards and supervisors as defined in the Act, and all other employees.",NA,NA,NA,42,2015-01-01,2015-01-01,"26-50",FALSE,"RC","Yes","AMALGAMATED TRANSIT UNION, LOCAL 1548, a/w AFL-CIO, CLC",1,"ATU",0.461538461538462,"Yes",0
"05-RC-145133","Region 05, Baltimore, Maryland","RATP Dev. McDonald Transit LLC, dba RDMT, LLC &  Midtown Personnel, Inc., dba The Midtown Group (Joint Employers)",2015-01-27,2016-03-14,"Washington","DC","A",2016-03-04,36,NA,"Amalgamated Transit Union, Local 689",26,NA,NA,NA,NA,7,33,NA,2,NA,"Amalgamated Transit Union, Local 689","Initial","Single Labor Organization","Certific. of Representative","Closed","All full-time and regular part-time streetcar operators, mechanics and service attendants employed by the Joint Employers at its 2550 Benning Road, N.E., Washington, DC location pursuant to a contract with the District of Columbia for the operation and maintenance of the District’s streetcar system; but excluding all office clerical employees, managerial employees, professional employees, guards, and supervisors as defined in the Act.",NA,NA,NA,402,2016-01-01,2015-01-01,"26-50",TRUE,"RC","Yes","Amalgamated Transit Union, Local 689",1,"ATU",0.787878787878788,"Yes",3
"05-RD-141298","Region 05, Baltimore, Maryland","TransDev/Veolia Transportation Services, Inc.",2014-11-20,2015-05-18,"Hyattsville","MD","A",2015-01-14,429,NA,"Amalgamated Transit Union 1764",209,NA,NA,NA,NA,54,263,NA,13,NA,"Amalgamated Transit Union 1764","Initial","Single Labor Organization","Certific. of Representative","Closed","All full-time and regular part-time bus operators, mechanics, dispatchers, maintenance clerks and gatekeepers employed by the Employer at its Capitol Heights facility, but excluding office clerical, managerial, guards and supervisors as defined by the Act.",NA,NA,NA,55,2015-01-01,2014-10-01,"101-500",TRUE,"RD","Yes","Amalgamated Transit Union 1764",1,"ATU",0.79467680608365,"Yes",166
"05-RC-140691","Region 05, Baltimore, Maryland","Edwin A. Keller Bus Company, Inc., and Catherine A. Keller, Inc., a Single Employer",2014-11-12,2014-12-30,"Waldorf","MD","A",2014-12-19,51,NA,"Amalgamated Transit Union, Local 1764",23,NA,NA,NA,NA,25,48,NA,1,NA,NA,"Initial","Single Labor Organization","Certification of Results","Closed","Included:  All full-time and regular part-time school bus drivers, substitute/on-call school bus drivers, trip drivers, attendants, shop cleaners, and dual function driver/clerical employees employed by the Employer at its facility currently located at 4426 Gallant Green Road, Waldorf, Maryland 20601.
Excluded: All other employees, office clerical employees, professional employees, mechanics, guards, and supervisors as defined in the Act.",NA,NA,NA,37,2014-10-01,2014-10-01,"51-100",TRUE,"RC","Yes","Amalgamated Transit Union, Local 1764",1,"ATU",0.479166666666667,"No",3
"05-RC-137929","Region 05, Baltimore, Maryland","Keller Transportation, Inc., Helen E. Keller, and E. Keller III Bus Service, Incorporated, Single Employer",2014-10-01,2014-12-01,"Waldorf","MD","A",2014-11-19,71,NA,"Amalgamated Transit Union, Local 1764",26,NA,NA,NA,NA,33,59,NA,6,NA,NA,"Rerun","Single Labor Organization","Certification of Results","Closed","All full-time, regular part-time and substitute/on-call school bus drivers and attendants, dispatcher/drivers, and mechanic/drivers employed by Keller Transportation Inc., Helen E. Keller, and E. Keller Ill Bus Service, Incorporated, single employer, at its Waldorf, Maryland facility; excluding office clerical employees, professional employees,  dispatchers, mechanics, cleaners, guards, and supervisors as defined by the Act.",NA,NA,NA,49,2014-10-01,2014-10-01,"51-100",TRUE,"RC","Yes","Amalgamated Transit Union, Local 1764",1,"ATU",0.440677966101695,"No",12
"05-RC-137335","Region 05, Baltimore, Maryland","TRANSDEV SERVICES, INC.",2014-09-23,2016-07-19,"Hyattsville","MD","A",2016-07-01,12,NA,"Amalgamated Transit Union, Local 689",11,NA,NA,NA,NA,0,11,NA,NA,NA,"Amalgamated Transit Union, Local 689","Initial","Single Labor Organization","Certific. of Representative","Closed","THOSE ELIGIBLE TO VOTE:  All full-time and regular part-time road supervisors and lead road supervisors employed by the Employer at its facility currently located at 3201 Hubbard Road in Hyattsville, Maryland, who were employed by the Employer, 

THOSE NOT ELIGIBLE TO VOTE:  All other employees, guards and supervisors as defined in the Act.",NA,NA,NA,647,2016-07-01,2014-07-01,"11-25",TRUE,"RC","Yes","Amalgamated Transit Union, Local 689",1,"ATU",1,"Yes",1
"02-RC-135487","Region 02, New York, New York","All COUNTY BUS LLC",2014-08-27,2015-01-26,"Yonkers","NY","A",2015-01-16,362,1,"Amalgamated Transit Union, Local 1811",125,NA,NA,NA,NA,185,310,NA,11,NA,NA,"Rerun","Single Labor Organization","Certification of Results","Closed","INCLUDED:  All full-time and regular part-time matrons and drivers employed by the Employer who provide services for All County Bus and operate out of the Employer’s facility at 70 Fernbrook Street in Yonkers,  NY.

EXCLUDED:  Office clerical employees, guards, mechanics, and all other employees, including  supervisors as defined in the Act.",NA,NA,NA,142,2015-01-01,2014-07-01,"101-500",TRUE,"RC","Yes","Amalgamated Transit Union, Local 1811",1,"ATU",0.403225806451613,"No",52
"02-RC-135487","Region 02, New York, New York","All COUNTY BUS LLC",2014-08-27,2015-01-26,"Yonkers","NY","A",2014-10-10,337,2,"Amalgamated Transit Union, Local 1811",158,NA,NA,NA,NA,159,317,NA,7,"Y",NA,"Initial","Single Labor Organization","Certification of Results","Closed","INCLUDED:  All full-time and regular part-time matrons and drivers employed by the Employer who provide services for All County Bus and operate out of the Employer’s facility at 70 Fernbrook Street in Yonkers,  NY.

EXCLUDED:  Office clerical employees, guards, mechanics, and all other employees, including  supervisors as defined in the Act.",NA,NA,NA,44,2014-10-01,2014-07-01,"101-500",FALSE,"RC","Yes","Amalgamated Transit Union, Local 1811",1,"ATU",0.498422712933754,"No",20
"05-RC-135188","Region 05, Baltimore, Maryland","First Transit, Inc.",2014-08-21,2014-10-02,"Baltimore","MD","A",2014-09-24,10,NA,"Amalgamated Transit Union, Local 1764",7,NA,NA,NA,NA,2,9,NA,NA,NA,"Amalgamated Transit Union, Local 1764","Initial","Single Labor Organization","Certific. of Representative","Closed","All full-time and regular part-time utility workers, lead technicians and technicians employed by the Employer at its facility in Baltimore, MD, but excluding bus operators, office-clericals, managerial employees, guards and supervisors as defined in the Act.",NA,NA,NA,34,2014-07-01,2014-07-01,"6-10",TRUE,"RC","Yes","Amalgamated Transit Union, Local 1764",1,"ATU",0.777777777777778,"Yes",1
"05-RC-134217","Region 05, Baltimore, Maryland","Diamond Transportation Services, Inc.",2014-08-06,2015-03-02,"Springfield","VA","A",2015-01-08,6,NA,"Amalgamated Transit Union, Local 689",5,NA,NA,NA,NA,0,5,NA,NA,NA,"Amalgamated Transit Union, Local 689","Initial","Single Labor Organization","Certific. of Representative","Closed","All full-time and regular part-time road supervisors employed by the Employer, excluding all other employees, bus operators, utility workers, gatekeepers, office clerical employees, professional employees, managerial employees, guards, and supervisors as defined in the Act.",NA,NA,NA,155,2015-01-01,2014-07-01,"6-10",TRUE,"RC","Yes","Amalgamated Transit Union, Local 689",1,"ATU",1,"Yes",1
"29-RC-132610","Region 29, Brooklyn, New York","Happy Day Transit, Inc.",2014-07-14,2014-10-01,"Brooklyn","NY","A",2014-09-19,105,1,"Local 1181-1061, Amalgamated Transit Union, AFL-CIO",35,NA,NA,NA,NA,64,99,NA,7,NA,NA,"Initial","Single Labor Organization","Certification of Results","Closed","INCLUDED:  All full-time and regular part-time drivers and matrons employed by he Employer ou of its 144 Pilling Street, Brooklyn, New York, locaion.

EXCLUDED:  All clerical employees, mechanics, dispatchers, guards and supervisors as defined in the Act.",NA,NA,NA,67,2014-07-01,2014-07-01,"101-500",TRUE,"RC","Yes","Local 1181-1061, Amalgamated Transit Union, AFL-CIO",1,"ATU",0.353535353535354,"No",6
"32-RC-132545","Region 32, Oakland, California","MV Public Transportation, Inc.",2014-07-11,2014-08-21,"Salinas","CA","A",2014-08-13,10,NA,"AMALGAMATED TRANSIT UNION, LOCAL 1225",10,NA,NA,NA,NA,0,10,NA,NA,NA,"AMALGAMATED TRANSIT UNION, LOCAL 1225","Initial","Single Labor Organization","Certific. of Representative","Closed","All full-time and regular part-time Mechanics (Level A, B, or C) and Utility Workers employed by the Employer at its Salinas, California facility; excluding dispatchers, drivers, office clerical employees, guards, and supervisors as defined in the Act.",NA,NA,NA,33,2014-07-01,2014-07-01,"6-10",TRUE,"RC","Yes","AMALGAMATED TRANSIT UNION, LOCAL 1225",1,"ATU",1,"Yes",0
"25-RD-129257","Region 25, Indianapolis, Indiana","FIRST STUDENT, INC.",2014-05-23,2014-09-22,"KANKAKEE","IL","A",2014-09-12,85,1,"AMALGAMATED TRANSIT UNION LOCAL 1745",59,NA,NA,NA,NA,2,61,NA,2,NA,"AMALGAMATED TRANSIT UNION LOCAL 1745","Initial","Single Labor Organization","Certific. of Representative","Closed","All full-time and regular part-time school bus operators and aides/monitors employed by the Employer at its Kankakee, Illinois facility; but excluding all maintenance employees, professional employees, guards, and supervisors as defined by the National Labor Relations Act.",NA,NA,NA,112,2014-07-01,2014-04-01,"51-100",TRUE,"RD","Yes","AMALGAMATED TRANSIT UNION LOCAL 1745",1,"ATU",0.967213114754098,"Yes",24
"06-RD-127208","Region 06, Pittsburgh, Pennsylvania","Student Transportation of America, Inc.",2014-04-24,2014-07-08,"Trafford","PA","A",2014-06-27,128,NA,"Amalgamated Transit Union, Local 1729, AFL-CIO",13,NA,NA,NA,NA,88,101,NA,NA,NA,"Amalgamated Transit Union, Local 1729, AFL-CIO","Initial","Single Labor Organization","Certification of Results","Closed","All full-time and regular part-time bus drivers, causal bus drivers, van drivers, monitors and trainers employed by the Employer at its terminal located at 550 Fifth Street Extension, Trafford, Pennsylvania, 15085; excluding office 
clerical staff, security guards, mechanics and any professional employees and supervisors as defined in the Act.",NA,NA,NA,64,2014-04-01,2014-04-01,"101-500",TRUE,"RD","Yes","Amalgamated Transit Union, Local 1729, AFL-CIO",1,"ATU",0.128712871287129,"No",27
"05-RD-125603","Region 05, Baltimore, Maryland","Gold Line, Inc. d/b/a Martz Group Gold Line",2014-03-31,2014-05-21,"Tuxedo","MD","A",2014-05-07,98,NA,"Amalgamated Transit Union, Local 1764",44,NA,NA,NA,NA,39,83,NA,5,"Y",NA,"Initial","Single Labor Organization","Certific. of Representative","Closed","All full-time and regular part-time operating and maintenance employees employed by the Employer at its Tuxedo, Maryland facility; but excluding superintendents, dispatchers, clerks, full-time office employees, salaried employees, guards and supervisors as defined in the Act.",NA,NA,NA,37,2014-04-01,2014-01-01,"51-100",TRUE,"RD","Yes","Amalgamated Transit Union, Local 1764",1,"ATU",0.530120481927711,"Yes",15
"05-RC-123295","Region 05, Baltimore, Maryland","Diamond Transportation Services, Inc.",2014-02-27,2014-04-17,"Springfield","VA","A",2014-04-09,176,1,"Amalgamated Transit Union, Local 689",91,NA,NA,NA,NA,50,141,NA,1,NA,"Amalgamated Transit Union, Local 689","Initial","Single Labor Organization","Certific. of Representative","Closed","All full-time and regular part-time maintenance clerks, reconciliation clerks, lot attendants, dispatchers, lead dispatchers, trainers, and operators employed by the Employer on its contract to provide services to the Washington Metropolitan Area Transit Authority at the facilities currently located at 7900 Hill Park Court, Lorton, VA and 6851 Industrial Road, Springfield, VA excluding all road supervisors, human resource clerks, confidential employees, office clerical employees, professional employees, managerial employees, guards, supervisors as defined in the Act, and all other employees.",NA,NA,NA,41,2014-04-01,2014-01-01,"101-500",TRUE,"RC","Yes","Amalgamated Transit Union, Local 689",1,"ATU",0.645390070921986,"Yes",35
"19-RD-121241","Region 19, Seattle, Washington","First Transit, Inc.",2014-01-24,2014-03-20,"SEATTLE","WA","A",2014-03-12,77,NA,"ATU LOCAL 587",20,NA,NA,NA,NA,36,56,NA,NA,NA,NA,"Initial","Single Labor Organization","Certification of Results","Closed","Included:  All full-time and regular part-time employees in customer service/QA, scheduling, dispatch, pathway review, transit instruction, reservations, and reception employed by the Employer at its facility located in  Seattle, Washington;

excluding administration, information services, confidential employees, managers, and guards and supervisors as defined by the Act.",NA,NA,NA,47,2014-01-01,2014-01-01,"51-100",TRUE,"RD","Yes","ATU LOCAL 587",1,"ATU",0.357142857142857,"No",21
"04-RD-121131","Region 04, Philadelphia, Pennsylvania","Brandywine Lehigh Transportation, LLC",2014-01-23,2014-03-11,"Coopersburg","PA","A",2014-02-28,56,NA,"Amalgamated Transit Union Local 1603",13,NA,NA,NA,NA,37,50,NA,NA,NA,NA,"Initial","Single Labor Organization","Certification of Results","Closed","Included:     All full-time and regular part-time drivers, monitors, and mechanics employed by the Employer at its 1805 Route 309, Coopersburg, Pennsylvania facility.

Excluded:     All other employees, dispatchers, guards and supervisors as defined in the Act.",NA,NA,NA,36,2014-01-01,2014-01-01,"51-100",TRUE,"RD","Yes","Amalgamated Transit Union Local 1603",1,"ATU",0.26,"No",6
"22-RC-118747","Region 22, Newark, New Jersey","TRANS-ED, INC.",2013-12-10,2014-01-23,"PASSAIC","NJ","A",2014-01-13,89,NA,"AMALGAMATED TRANSIT UNION LOCAL 1614",42,NA,NA,NA,NA,44,86,NA,2,NA,NA,"Initial","Single Labor Organization","Certification of Results","Closed","All full-time and regular part-time Drivers, Aides, and Mechanics employed
by the Employer at its 1 Jefferson Street, Passaic New Jersey facility, but
excluding all office clerical employees, office employees, managerial
employees, guards and supervisors as defined in the Act, and all other
employees.",NA,NA,NA,34,2014-01-01,2013-10-01,"51-100",TRUE,"RC","Yes","AMALGAMATED TRANSIT UNION LOCAL 1614",1,"ATU",0.488372093023256,"No",3
"03-RC-118005","Region 03, Buffalo, New York","Durham School Services, L.P.",2013-11-29,2014-01-21,"Watervliet","NY","A",2014-01-10,90,NA,"AMALGAMATED TRANSIT UNION, INTERNATIONAL, AFL-CIO",28,NA,NA,NA,NA,47,75,NA,2,NA,NA,"Initial","Single Labor Organization","Certification of Results","Closed","All full-time and regular part-time drivers and monitors employed by the Employer at its Watervliet, New York location;  excluding all managers, guards, and supervisors and professional employees as defined in the Act.",NA,NA,NA,42,2014-01-01,2013-10-01,"51-100",TRUE,"RC","Yes","AMALGAMATED TRANSIT UNION, INTERNATIONAL, AFL-CIO",1,"ATU",0.373333333333333,"No",15
"05-RC-116792","Region 05, Baltimore, Maryland","MV Transportation, Inc.",2013-11-12,2013-12-23,"Fairfax","VA","A",2013-12-13,89,1,"Amalgamated Transit Union, Local 689",65,NA,NA,NA,NA,9,74,NA,NA,NA,"Amalgamated Transit Union, Local 689","Initial","Single Labor Organization","Certific. of Representative","Closed","All regular full-time and part-time foster care and paratransit drivers employed by the Employer at its facility currently located at 12011 Government Center Parkway, Fairfax, Virginia; excluding all office clerical employees, dispatchers, guards, professional employees, and supervisors as defined in the Act.",NA,NA,NA,31,2013-10-01,2013-10-01,"51-100",TRUE,"RC","Yes","Amalgamated Transit Union, Local 689",1,"ATU",0.878378378378378,"Yes",15
"07-RC-116566","Region 07, Detroit, Michigan","Durham School Bus Service",2013-11-07,2013-12-27,"Southfield","MI","A",2013-12-19,98,NA,"Local 1564, Amalgamated Transit Union (ATU), AFL-CIO",49,NA,NA,NA,NA,43,92,NA,NA,NA,"Local 1564, Amalgamated Transit Union (ATU), AFL-CIO","Initial","Single Labor Organization","Certific. of Representative","Closed",NA,NA,NA,NA,42,2013-10-01,2013-10-01,"51-100",TRUE,"RC","Yes","Local 1564, Amalgamated Transit Union (ATU), AFL-CIO",1,"ATU",0.532608695652174,"Yes",6
"05-RC-115547","Region 05, Baltimore, Maryland","Standard Parking Corporation",2013-10-24,2013-12-04,"Richmond","VA","A",2013-11-26,32,NA,"Amalgamated Transit Union AFL-CIO",24,NA,NA,NA,NA,3,27,NA,NA,NA,"Amalgamated Transit Union AFL-CIO","Initial","Single Labor Organization","Certific. of Representative","Closed","All full-time and regular part-time airport shuttle bus drivers employed by the Employer at the Richmond International Airport location in Richmond, Virginia; but excluding all bus maintenance employees, parking booth attendants, office clerical employees, professional employees, managerial employees, guards, and supervisors as defined in the Act.",NA,NA,NA,33,2013-10-01,2013-10-01,"26-50",TRUE,"RC","Yes","Amalgamated Transit Union AFL-CIO",1,"ATU",0.888888888888889,"Yes",5
"06-RD-113946","Region 06, Pittsburgh, Pennsylvania","First Student, Inc.",2013-09-24,2013-11-25,"Latrobe","PA","A",2013-11-14,65,NA,"Amalgamated Transit Union, Local 1738, AFL-CIO, CLC",39,NA,NA,NA,NA,14,53,NA,NA,NA,"Amalgamated Transit Union, Local 1738, AFL-CIO, CLC","Initial","Single Labor Organization","Certific. of Representative","Closed","All full-time and regular part-time bus employees, spare bus employees, van employees, utility workers and monitors employed by the Employer at all facilities currently under the direction of the 5947 Route 981, Latrobe, Pennsylvania, facility; excluding all mechanics, dispatchers, laborers, office clerical employees and guards, professional employees and supervisors as defined in the Act",NA,NA,NA,51,2013-10-01,2013-07-01,"51-100",TRUE,"RD","Yes","Amalgamated Transit Union, Local 1738, AFL-CIO, CLC",1,"ATU",0.735849056603774,"Yes",12
"05-RC-112000","Region 05, Baltimore, Maryland","First Transit, Inc.",2013-08-26,2014-02-10,"Capitol Heights","MD","A",2014-01-31,302,NA,"Amalgamated Transit Union, Local 689",207,NA,NA,NA,NA,1,208,NA,25,NA,"Amalgamated Transit Union, Local 689","Initial","Single Labor Organization","Certific. of Representative","Closed","All full-time and regular part time Drivers, Road Supervisors, Dispatchers, Maintenance Technicians,  Maintenance Workers, Utility Clerks, Utility Workers, Mechanics, and Mechanics Tech II, and Gatekeepers employed at the Employer’s Capitol Heights, Maryland facility; but excluding office clerical employees, professional employees, guards and supervisors as defined in the Act.",NA,NA,NA,158,2014-01-01,2013-07-01,"101-500",TRUE,"RC","Yes","Amalgamated Transit Union, Local 689",1,"ATU",0.995192307692308,"Yes",94
"32-RD-111340","Region 32, Oakland, California","MV Transportation, Inc.",2013-08-15,2013-09-23,"Stockton","CA","A",2013-09-13,67,NA,"AMALGAMATED TRANSIT UNION LOCAL 276, AFL-CIO/CLC",8,NA,NA,NA,NA,36,44,NA,NA,NA,NA,"Initial","Single Labor Organization","Certification of Results","Closed","All full-time and regular part-time drivers, mechanics/technicians, dispatchers, and utility workers employed by the Employer at its Stockton facility; excluding office clerical employees, managers, guards, and supervisors as defined by the Act.",NA,NA,NA,29,2013-07-01,2013-07-01,"51-100",TRUE,"RD","Yes","AMALGAMATED TRANSIT UNION LOCAL 276, AFL-CIO/CLC",1,"ATU",0.181818181818182,"No",23
"07-RC-109122","Region 07, Detroit, Michigan","Greyhound Lines, Inc.",2013-07-15,2013-08-29,"Detroit","MI","A",2013-08-21,16,NA,"Local 1700, Amalgamated Transit Union (ATU), AFL-CIO",1,NA,NA,NA,NA,12,14,NA,1,NA,"Local 1700, Amalgamated Transit Union (ATU), AFL-CIO","Initial","Single Labor Organization","Certification of Results","Closed",NA,NA,NA,NA,37,2013-07-01,2013-07-01,"11-25",TRUE,"RC","Yes","Local 1700, Amalgamated Transit Union (ATU), AFL-CIO",1,"ATU",0.0769230769230769,"No",3
"05-RC-105433","Region 05, Baltimore, Maryland","Battle's Transportation, Inc.",2013-05-20,2013-06-21,"Washington","DC","A",2013-06-13,11,NA,"Amalgamated Transit Union, Local 1764",1,NA,NA,NA,NA,0,1,NA,NA,NA,"Amalgamated Transit Union, Local 1764","Initial","Single Labor Organization","Certific. of Representative","Closed","All Attendants employed by the Employer at its facility currently located at 3000 V Street NE, Washington, DC; but excluding all mechanics, professional employees, clerical, administrative, confidential, and managerial employees, and guards and supervisors as defined by the Act.",NA,NA,NA,24,2013-04-01,2013-04-01,"11-25",TRUE,"RC","Yes","Amalgamated Transit Union, Local 1764",1,"ATU",1,"Yes",10
"27-RC-103156","Region 27, Denver, Colorado","VEOLIA TRANSPORTATION SERVICES, INC. d/b/a VEOLIA TRANSPORTATION, INC.",2013-04-18,2013-06-04,"ENGLEWOOD","CO","A",2013-05-24,28,NA,"AMALGAMATED TRANSIT UNION, LOCAL 1772, AFL-CIO",14,NA,NA,NA,NA,8,22,NA,NA,NA,"AMALGAMATED TRANSIT UNION, LOCAL 1772, AFL-CIO","Initial","Single Labor Organization","Certific. of Representative","Closed","Included:  All full-time and regular part-time mechanics and parts clerks employed by the Employer at its facility located in Englewood, Colorado.
Excluded:  All bus drivers, office clerical employees, managers, guards, supervisors as defined in the National Labor Relations Act, and all other employees.",NA,NA,NA,36,2013-04-01,2013-04-01,"26-50",TRUE,"RC","Yes","AMALGAMATED TRANSIT UNION, LOCAL 1772, AFL-CIO",1,"ATU",0.636363636363636,"Yes",6
"15-RC-095114","Region 15, New Orleans, Louisiana","Wave Transit System",2012-12-18,2013-01-24,"Mobile","AL","A",2013-01-14,9,NA,"Amalgamated Transit Union AFL-CIO, CLC Local 770",7,NA,NA,NA,NA,2,9,NA,NA,NA,"Amalgamated Transit Union AFL-CIO, CLC Local 770","Initial","Single Labor Organization","Certific. of Representative","Closed","Included:  Dispatchers, Parts Clerks, Schedule Clerks, Call Takers & Customer Service.

Excluded:  Confidential Employees, managerial employees, professional employees, guards, and supervisors as defined in the Act.",NA,NA,NA,27,2013-01-01,2012-10-01,"6-10",TRUE,"RC","Yes","Amalgamated Transit Union AFL-CIO, CLC Local 770",1,"ATU",0.777777777777778,"Yes",0
"08-RC-094073","Region 08, Cleveland, Ohio","GREYHOUND LINES, INC.",2012-12-03,2013-01-23,"CLEVELAND","OH","A",2013-01-11,8,NA,"AMALGAMATED TRANSIT UNION NATIONAL LOCAL 1700, AFL-CIO",5,NA,NA,NA,NA,1,6,NA,NA,NA,"AMALGAMATED TRANSIT UNION NATIONAL LOCAL 1700, AFL-CIO","Initial","Single Labor Organization","Certific. of Representative","Closed","All full-time and regular part-time food service employees employed by the Employer at its 1465 Chester Avenue, Cleveland, Ohio facility, excluding all managerial employees, office clerical employees, and all professional employees and guards and supervisors as defined in
the Act.",NA,NA,NA,39,2013-01-01,2012-10-01,"6-10",TRUE,"RC","Yes","AMALGAMATED TRANSIT UNION NATIONAL LOCAL 1700, AFL-CIO",1,"ATU",0.833333333333333,"Yes",2
"29-RC-091991","Region 29, Brooklyn, New York","Individual Transportation Services, Inc.",2012-10-25,2013-05-14,"Brooklyn","NY","A",2013-05-01,210,NA,"Local 1181-1061, Amalgamated Transit Union, AFL-CIO",17,NA,NA,NA,NA,0,170,NA,NA,NA,"Local 1181-1061, Amalgamated Transit Union, AFL-CIO","Initial","Single Labor Organization","Certific. of Representative","Closed","Included:  All full-time and regular part-time drivers and matrons employed by the Employer out of its 2548 West 13th Street, Brooklyn, New York faciliity, during the payroll period ending April 7, 2013.

Excluded:  All office clericals, guards, and supervisors as defined in Section 2(11) of the Act.",NA,NA,NA,188,2013-04-01,2012-10-01,"101-500",TRUE,"RC","Yes","Local 1181-1061, Amalgamated Transit Union, AFL-CIO",1,"ATU",1,"Yes",193
"34-RC-091465","Region 01, Boston, Massachusetts","First Student",2012-10-17,2012-11-16,"ELLINGTON","CT","A",2012-11-08,36,NA,"AMALGAMATED TRANSIT UNION LOCAL UNION NO. 448, AFL-CIO",28,NA,NA,NA,NA,7,35,NA,NA,NA,"AMALGAMATED TRANSIT UNION LOCAL UNION NO. 448, AFL-CIO","Initial","Single Labor Organization","Certific. of Representative","Closed","All full-time and regular part-time drivers employed by the Employer at its Ellington, Connecticut facility; but excluding maintenance employees, dispatchers, and guards, professional employees and supervisors as defined in the Act.",NA,NA,NA,22,2012-10-01,2012-10-01,"26-50",TRUE,"RC","Yes","AMALGAMATED TRANSIT UNION LOCAL UNION NO. 448, AFL-CIO",1,"ATU",0.8,"Yes",1
"19-RC-090695","Region 19, Seattle, Washington","First Transit, Inc.",2012-10-04,2012-11-15,"Portland","OR","A",2012-11-07,160,NA,"Amalgamated Transit Union Division 757, AFL-CIO-CLC",111,NA,NA,NA,NA,31,142,NA,NA,NA,"Amalgamated Transit Union Division 757, AFL-CIO-CLC","Initial","Single Labor Organization","Certific. of Representative","Closed","All full-time and regular part-time drivers and dispatchers employed by the Employer at its paratransit facility located in Portland, Oregon; but excluding all office clerical employees, guards and supervisors as defined in the Act, and all other employees.",NA,NA,NA,34,2012-10-01,2012-10-01,"101-500",TRUE,"RC","Yes","Amalgamated Transit Union Division 757, AFL-CIO-CLC",1,"ATU",0.78169014084507,"Yes",18
"09-RC-087216","Region 09, Cincinnati, Ohio","AMERICAN AMBULETTE AND AMBULANCE SERVICE D/B/A LIFE AMBULANCE SERVICE",2012-08-13,2012-10-02,"DAYTON","OH","A",2012-09-24,37,NA,"AMALGAMATED TRANSIT UNION, LOCAL 1385, AFL-CIO",11,NA,NA,NA,NA,18,29,NA,2,NA,NA,"Initial","Single Labor Organization","Certification of Results","Closed","All full-time and part-time ambulette and ambulance drivers employed by the Employer at its 2107 Jergens Road, Dayton, Ohio facility, but excluding all dispatchers, maintenance employees, managers and office clerical employees, and all professional employees, guards and supervisors as defined in the Act",NA,NA,NA,42,2012-07-01,2012-07-01,"26-50",TRUE,"RC","Yes","AMALGAMATED TRANSIT UNION, LOCAL 1385, AFL-CIO",1,"ATU",0.379310344827586,"No",8
"01-RC-083991","Region 01, Boston, Massachusetts","First Student, Inc.",2012-06-27,2012-11-08,"Warren","RI","A",2012-09-07,48,NA,"AMALGAMATED TRANSIT UNION LOCAL NO. 618, AFL-CIO",32,NA,NA,NA,NA,0,0,NA,1,NA,"AMALGAMATED TRANSIT UNION LOCAL NO. 618, AFL-CIO","Initial","Single Labor Organization","Certific. of Representative","Closed","All full-time and regular part-time bus aides/monitors/attendants employed by the Employer at its Warwick, Rhode Island premises including those who perform their job duties in and around Warwick and Jamestown, Rhode Island, but excluding all mechanics, maintenance, fuelers, dispatchers, office clericals, guards and supervisors as defined by the Act.",NA,NA,NA,72,2012-07-01,2012-04-01,"26-50",TRUE,"RC","Yes","AMALGAMATED TRANSIT UNION LOCAL NO. 618, AFL-CIO",1,"ATU",NA,"Yes",16
"06-RC-082696","Region 06, Pittsburgh, Pennsylvania","First Student, Inc.",2012-06-08,2012-07-24,"Pittsburgh","PA","A",2012-07-13,2,NA,"Amalgamated Transit Union, Local 1743, AFL-CIO, CLC",2,NA,NA,NA,NA,0,0,NA,NA,NA,"Amalgamated Transit Union, Local 1743, AFL-CIO, CLC","Initial","Single Labor Organization","Certific. of Representative","Closed","All full-time and regular part-time mechanics employed by the Employer at its South Side, Pittsburgh, Pennsylvania, facility; excluding all office clerical employees and guards, professional employees and supervisors as defined in the Act, and all other employees.",NA,NA,NA,35,2012-07-01,2012-04-01,"<5",TRUE,"RC","Yes","Amalgamated Transit Union, Local 1743, AFL-CIO, CLC",1,"ATU",NA,"Yes",0
"26-RC-079418","Region 10, Atlanta, Georgia","Maury County Public Transportation",2012-04-24,2012-06-04,"Columbia","TN","A",2012-05-25,17,NA,"Amalgamated Transit Union Local 1235",10,NA,NA,NA,NA,5,15,NA,NA,NA,"Amalgamated Transit Union Local 1235","Initial","Single Labor Organization","Certific. of Representative","Closed","Including:  All full time and regular part time drivers.  

Excluding:All other employees including office clericals, salesmen, managers, guards and supervisors as defined in the Act.",NA,NA,NA,31,2012-04-01,2012-04-01,"11-25",TRUE,"RC","Yes","Amalgamated Transit Union Local 1235",1,"ATU",0.666666666666667,"Yes",2
"29-RC-079213","Region 29, Brooklyn, New York","WE Transport Inc.",2012-04-20,2012-05-25,"Holtsville","NY","A",2012-05-11,105,NA,"Local 1181-1061, Amalgamated Transit Union, AFL-CIO",30,NA,NA,NA,NA,68,98,NA,1,NA,NA,"Initial","Single Labor Organization","Certification of Results","Closed",NA,NA,NA,NA,21,2012-04-01,2012-04-01,"101-500",TRUE,"RC","Yes","Local 1181-1061, Amalgamated Transit Union, AFL-CIO",1,"ATU",0.306122448979592,"No",7
"28-RC-077715","Region 28, Phoenix, Arizona","First Transit, Inc.",2012-03-29,2012-05-09,"Yuma","AZ","A",2012-04-24,26,NA,"Amalgamated Transit Union, Local 1433",23,NA,NA,NA,NA,0,23,NA,1,NA,"Amalgamated Transit Union, Local 1433","Initial","Single Labor Organization","Certific. of Representative","Closed","Included: All bus operator, mechanic, and fueler/cleaner employees employed at the Employer's Yuma, Arizona, facility.
Excluded: All other employees, office clerical employees, professional employees, managerial employees, guards and supervisors as defined in the Act.",NA,NA,NA,26,2012-04-01,2012-01-01,"26-50",TRUE,"RC","Yes","Amalgamated Transit Union, Local 1433",1,"ATU",1,"Yes",3
"16-RD-077330","Region 16, Fort Worth, Texas","TRANSIT MANAGEMENT OF DENTON COUNTY, INC.",2012-03-26,2012-05-15,"DENTON","TX","A",2012-05-07,86,NA,"AMALGAMATED TRANSIT UNION, LOCAL 1338",56,NA,NA,NA,NA,19,75,NA,1,NA,"AMALGAMATED TRANSIT UNION, LOCAL 1338","Initial","Single Labor Organization","Certific. of Representative","Closed","INCLUDED:  All regularly scheduled full and part time Connect, Express, UNT, Extra and Paratransit drivers employed at the Employer's facility located at 1527 S. Mayhill Road in Denton, Texas.

EXCLUDED:  All other employees including dispatchers, maintenance staff, trainers, office clerical employees, guards, managers and supervisors as defined in the Act.",NA,NA,NA,42,2012-04-01,2012-01-01,"51-100",TRUE,"RD","Yes","AMALGAMATED TRANSIT UNION, LOCAL 1338",1,"ATU",0.746666666666667,"Yes",11
"29-RC-072700","Region 29, Brooklyn, New York","Citiwaste, LLC",2012-01-18,2012-03-09,"Brooklyn","NY","A",2012-02-28,5,NA,"Amalgamated Transit Union Local 1181-1061, AFL-CIO",0,NA,NA,NA,NA,5,5,NA,NA,NA,NA,"Initial","Single Labor Organization","Certification of Results","Closed","Included:  All full-time and regular part-time truck drivers employed by the Employer at its facility located at 100-02 Farragut Road, Brooklyn, Ny  11210, during the payroll period ending January 29, 2012.

Excluded:  All Office Staff, Clerical Employees, Mechanics, Guards and Supervisors as defined by the Act.",NA,NA,NA,41,2012-01-01,2012-01-01,"<5",TRUE,"RC","Yes","Amalgamated Transit Union Local 1181-1061, AFL-CIO",1,"ATU",0,"No",0
"29-RC-072096","Region 29, Brooklyn, New York","Apple Home Care, d/b/a Meditrans",2012-01-09,2012-03-02,"Brooklyn","NY","A",2012-02-16,29,NA,"Local 1181-1061, Amalgamated Transit Union, AFL-CIO",9,NA,NA,NA,NA,18,27,NA,1,NA,NA,"Initial","Single Labor Organization","Certification of Results","Closed","Included:  All full-time and regular part-time van and bus drivers employed by the Employer at its facility located at 100-02 Farragut Road, Brooklyn, NY  11210, during the payroll period ending January 13, 2012.

Excluded:  All Office Staff, Clerical Employees, Mechanics, Guards and Supervisors as defined by the Act.",NA,NA,NA,38,2012-01-01,2012-01-01,"26-50",TRUE,"RC","Yes","Local 1181-1061, Amalgamated Transit Union, AFL-CIO",1,"ATU",0.333333333333333,"No",2
"03-RC-069753","Region 03, Buffalo, New York","First Student",2011-11-30,2012-01-17,"Cheektowaga","NY","A",2012-01-06,21,1,"Amalgamated Transit Union Local 1625",11,NA,NA,NA,NA,9,20,NA,NA,NA,"Amalgamated Transit Union Local 1625","Initial","Single Labor Organization","Certific. of Representative","Closed","Included:  All full-time and part-time drivers, aides, and dispatchers employed at the Employer’s facility located at 2110 Old Union Road, Cheektowaga, NY  14215.
Excluded:  All office clerical employees, manager, and supervisors as defined in the Act, and all other employees.",NA,NA,NA,37,2012-01-01,2011-10-01,"11-25",TRUE,"RC","Yes","Amalgamated Transit Union Local 1625",1,"ATU",0.55,"Yes",1
"19-RD-065949","Region 19, Seattle, Washington","FIRST STUDENT, INC.",2011-10-03,2012-01-24,"Bozeman","MT","A",2012-01-11,55,NA,"AMALGAMATED TRANSIT UNION LOCAL 381",27,NA,NA,NA,NA,20,47,NA,NA,NA,"AMALGAMATED TRANSIT UNION LOCAL 381","Initial","Single Labor Organization","Certific. of Representative","Closed","Included:  All full time and regular part-time school bus drivers, special needs bus drivers, transit bus dirvers, and special needs attendants/aides employed by the Employer at its Bozeman, Montana facility.
Excluded:  All office clerical, maintenance employees, dispatchers, and guards and supervisors as defined by the Act.",NA,NA,NA,100,2012-01-01,2011-10-01,"51-100",TRUE,"RD","Yes","AMALGAMATED TRANSIT UNION LOCAL 381",1,"ATU",0.574468085106383,"Yes",8
"05-RC-062803","Region 05, Baltimore, Maryland","VAN GO TRANSPORTATION CO., INC.",2011-08-17,2011-10-03,"RICHMOND","VA","A",2011-09-23,75,NA,"AMALGAMATED TRANSIT UNION LOCAL 1177",24,NA,NA,NA,NA,43,69,NA,2,NA,NA,"Initial","Single Labor Organization","Certification of Results","Closed",NA,NA,NA,NA,37,2011-07-01,2011-07-01,"51-100",TRUE,"RC","Yes","AMALGAMATED TRANSIT UNION LOCAL 1177",1,"ATU",0.358208955223881,"No",8
"19-RC-015430","Region 19, Seattle, Washington","Hopelink",2011-08-11,2011-10-13,"Redmond","WA","A",2011-09-22,51,NA,"AMALGAMATED TRANSIT UNION LOCAL 1576",24,NA,NA,NA,NA,25,49,NA,1,NA,NA,"Initial","Single Labor Organization","Certification of Results","Closed","Included:  All full-time and regular part-time DART drivers, including on-call DART drivers, employed by the Employer at its Kent, Bellevue, Kirkland, and West Seattle, Washington locations.

Excluded:  Food bank driver, and all other employees, managers, directors and guards and sup3ervisors as defined in the Act.",NA,NA,NA,42,2011-07-01,2011-07-01,"51-100",TRUE,"RC","Yes","AMALGAMATED TRANSIT UNION LOCAL 1576",1,"ATU",0.489795918367347,"No",2
"13-RC-062232","Region 13, Chicago, Illinois","MV Transportation, Inc.",2011-08-08,2011-09-23,"Alsip","IL","A",2011-09-09,18,NA,"AMALGAMATED TRANSIT UNION, LOCAL 1028",15,NA,NA,NA,NA,0,15,NA,NA,NA,"AMALGAMATED TRANSIT UNION, LOCAL 1028","Initial","Single Labor Organization","Certific. of Representative","Closed","All full-time and regular part-time dispatchers and reservationists employed by the Employer currently located at 12500 S. Lombard Lane, Alsip, Illinois; but excluding all other classifications, managers, directors, office clerical employees and guards, professional employees and supervisors as defined in the Act.",NA,NA,NA,32,2011-07-01,2011-07-01,"11-25",TRUE,"RC","Yes","AMALGAMATED TRANSIT UNION, LOCAL 1028",1,"ATU",1,"Yes",3
"05-RC-061724","Region 05, Baltimore, Maryland","MV Transportation, Inc.",2011-07-27,2011-08-26,"Hyattsville","MD","A",2011-07-26,8,NA,"AMALGAMATED TRANSIT UNION, LOCAL 1764, AFL-CIO, CLC",3,NA,NA,NA,NA,3,6,NA,NA,NA,NA,"Initial","Single Labor Organization","Certification of Results","Closed",NA,NA,NA,NA,-1,2011-07-01,2011-07-01,"6-10",TRUE,"RC","Yes","AMALGAMATED TRANSIT UNION, LOCAL 1764, AFL-CIO, CLC",1,"ATU",0.5,"No",2
"10-RC-060095","Region 10, Atlanta, Georgia","VEOLIA TRANSIT",2011-05-12,2011-06-29,"Hinesville","GA","A",2011-06-17,14,1,"LOCAL 788, AMALGAMATED TRANSIT UNION",8,NA,NA,NA,NA,3,11,NA,NA,NA,"LOCAL 788, AMALGAMATED TRANSIT UNION","Initial","Single Labor Organization","Certific. of Representative","Closed","All full-time and regular part-time bus drivers and all hostlers employed by the Employer at its 220 N. Maple, Hinesville, GA facility; but excluded all other employees,  office clerical employees, all managers, maintenance staff, guards and supervisors as defined in the Act.",NA,NA,NA,36,2011-04-01,2011-04-01,"11-25",TRUE,"RC","Yes","LOCAL 788, AMALGAMATED TRANSIT UNION",1,"ATU",0.727272727272727,"Yes",3
"01-RC-022541","Region 01, Boston, Massachusetts","Durham School Services",2011-05-06,2011-06-28,"Cumberland","RI","A",2011-06-17,35,NA,"AMALGAMATED TRANSIT UNION - DIVISION 618, AFL-CIO",12,NA,NA,NA,NA,20,32,NA,NA,NA,NA,"Initial","Single Labor Organization","Certification of Results","Closed","All full time and regular part-time bus aides, monitors, and drivers employed by the Employer at its Woonsocket, Rhode Island facility, but excluding all other employees, mechanics, maintenance workers, fuelers, dispatchers, office clericals, and guards and supervisors as defined in the Act.",NA,NA,NA,42,2011-04-01,2011-04-01,"26-50",TRUE,"RC","Yes","AMALGAMATED TRANSIT UNION - DIVISION 618, AFL-CIO",1,"ATU",0.375,"No",3
"01-RC-022540","Region 01, Boston, Massachusetts","Durham School Services",2011-05-06,2011-06-28,"Cumberland","RI","A",2011-06-17,56,NA,"AMALGAMATED TRANSIT UNION, Local 1220",23,NA,NA,NA,NA,29,52,NA,NA,NA,NA,"Initial","Single Labor Organization","Certification of Results","Closed","All full time and regular part-time bus aides, monitors, and drivers employed by the Employer at its Cumberland, Rhode Island facility, but excluding all other employees, mechanics, maintenance workers, fuelers, dispatchers, office clericals, and guards and supervisors as defined in the Act.",NA,NA,NA,42,2011-04-01,2011-04-01,"51-100",TRUE,"RC","Yes","AMALGAMATED TRANSIT UNION, Local 1220",1,"ATU",0.442307692307692,"No",4
"01-RD-002160","Region 01, Boston, Massachusetts","First Student",2011-04-29,2011-06-21,"Warwick","RI","A",2011-06-10,109,NA,"AMALGAMATED TRANSIT UNION LOCAL NO. 618, AFL-CIO",69,NA,NA,NA,NA,4,73,NA,NA,NA,"AMALGAMATED TRANSIT UNION LOCAL NO. 618, AFL-CIO","Initial","Single Labor Organization","Certific. of Representative","Closed","All Drivers from the Employer's Warwick and Jamestown, Rhode Island locations, but excluding all other employees, guards, and supervisors as defined by the Act",NA,NA,NA,42,2011-04-01,2011-04-01,"101-500",TRUE,"RD","Yes","AMALGAMATED TRANSIT UNION LOCAL NO. 618, AFL-CIO",1,"ATU",0.945205479452055,"Yes",36
"03-RC-012024","Region 03, Buffalo, New York","MV Transportation",2011-04-26,2011-06-13,"Canandaigua","NY","A",2011-06-02,9,NA,"AMALGAMATED TRANSIT UNION - LOCAL 282",8,NA,NA,NA,NA,1,0,NA,NA,NA,"AMALGAMATED TRANSIT UNION - LOCAL 282","Initial","Single Labor Organization","Certific. of Representative","Closed","Included:  All dispatchers, router/schedulers, bus attendants and office clerks employed by the Employer at its 2930 Country Road 48 facility in Canandaigua, New York.

Excluded:  All managerial employees, confidential employees, sales and maintenance employees, guards, professional employees and supervisors as defined in the Act, and all other employees.

If a majority of valid ballots are cast for Amalgamated Transit Union Local 282, they will be taken to have indicated the employees' desire to be included in the existing bargaining unit of drivers, mechanics and bus washer/fuelers currently represented by Amalgamated Transit Union Local 282.  If a majority of valid ballots are not cast for representation, they will be taken to have indicated the employees' desire to remain unrepresented.",NA,NA,NA,37,2011-04-01,2011-04-01,"6-10",TRUE,"RC","Yes","AMALGAMATED TRANSIT UNION - LOCAL 282",1,"ATU",NA,"Yes",0
"03-RC-012024","Region 03, Buffalo, New York","MV Transportation",2011-04-26,2011-06-13,"Canandaigua","NY","A",2011-06-02,9,NA,"AMALGAMATED TRANSIT UNION - LOCAL 282",8,NA,NA,NA,NA,1,9,"N",NA,"N",NA,"Initial","Single Labor Organization","Certific. of Representative","Closed","Included:  All dispatchers, router/schedulers, bus attendants and office clerks employed by the Employer at its 2930 Country Road 48 facility in Canandaigua, New York.

Excluded:  All managerial employees, confidential employees, sales and maintenance employees, guards, professional employees and supervisors as defined in the Act, and all other employees.

If a majority of valid ballots are cast for Amalgamated Transit Union Local 282, they will be taken to have indicated the employees' desire to be included in the existing bargaining unit of drivers, mechanics and bus washer/fuelers currently represented by Amalgamated Transit Union Local 282.  If a majority of valid ballots are not cast for representation, they will be taken to have indicated the employees' desire to remain unrepresented.",NA,NA,NA,37,2011-04-01,2011-04-01,"6-10",FALSE,"RC","Yes","AMALGAMATED TRANSIT UNION - LOCAL 282",1,"ATU",0.888888888888889,"Yes",0
"21-RC-021288","Region 21, Los Angeles, California","First Transit, Inc.",2011-03-30,2011-05-12,"Pomona","CA","A",2011-05-04,12,NA,"AMALGAMATED TRANSIT UNION, LOCAL 1756",1,NA,NA,NA,NA,10,11,"N",NA,"N",NA,"Initial","Single Labor Organization","Certification of Results","Closed","Included; all full time and regualr part time road superviasors, dispatchers, and cleaner supervisors employed by the employer at its facility located at 200 South East End Avenue Pomona California. 
Excluded: All other employees, office clerical em",NA,NA,NA,35,2011-04-01,2011-01-01,"11-25",TRUE,"RC","Yes","AMALGAMATED TRANSIT UNION, LOCAL 1756",1,"ATU",0.0909090909090909,"No",1
"05-RC-016647","Region 05, Baltimore, Maryland","MV Transportation",2011-03-23,2011-05-13,"Hyattsville","MD","A",2011-04-28,6,NA,"Amalgamated Transit Union, Local 1764",2,NA,NA,NA,NA,4,6,NA,NA,NA,NA,"Initial","Single Labor Organization","Certification of Results","Closed","Included:  All regular full-time and part-time customer service representatives employed by the Employer at its Hyattsville, Maryland facility

Excluded:  Professional employees, guards, and supervisors as defined by the Act.",NA,NA,NA,36,2011-04-01,2011-01-01,"6-10",TRUE,"RC","Yes","Amalgamated Transit Union, Local 1764",1,"ATU",0.333333333333333,"No",0
"29-RC-012021","Region 29, Brooklyn, New York","Iridium Services",2011-03-17,2011-08-12,"Little Neck","NY","A",2011-07-19,187,3,"Local 1181-1061, Amalgamated Transit Union, AFL-CIO",42,NA,NA,NA,NA,72,114,"N",12,"N",NA,"Initial","Single Labor Organization","Certification of Results","Closed","Included:  All full-time and regular part-time drivers and escorts (matrons) employed by Iridium Services Corp., Alina Service Corp. and/or I & Y Transit Corp., out of their facilities located at 245-37 60th Avenue, Douglaston, New York; 53-09 Van Dam Street, Long Island City, New York; 70 Horace Harding Boulevard, Great Neck, New York; and 2752 West 15th Street, Brooklyn, NY.

Excluded:  All other employees, dispatchers, clerical employees, mechanics, shop employees/helpers, yard employees, washers, cleaners, guards and supervisors defined in Section 2(11) of the Act.",NA,NA,NA,124,2011-07-01,2011-01-01,"101-500",TRUE,"RC","Yes","Local 1181-1061, Amalgamated Transit Union, AFL-CIO",1,"ATU",0.368421052631579,"No",73
"19-RC-015381","Region 19, Seattle, Washington","First Transit, Inc.",2011-01-25,2011-04-08,"Lakewood","WA","A",2011-03-31,10,NA,"AMALGAMATED TRANSIT UNION LOCAL 1576",10,NA,NA,NA,NA,0,10,"N",NA,"N","AMALGAMATED TRANSIT UNION LOCAL 1576","Initial","Single Labor Organization","Certific. of Representative","Closed","Included:  All dispatchers, road supervisors, and the administrative assistant employed at or working out of the Employer's facility located in Lakewood, Washington.

Excluded:  All drivers, fuelers, technicians, trainers, managers, guards and supe",NA,NA,NA,65,2011-01-01,2011-01-01,"6-10",TRUE,"RC","Yes","AMALGAMATED TRANSIT UNION LOCAL 1576",1,"ATU",1,"Yes",0
"19-RC-015381",NA,"First Transit, Inc.",2011-01-25,2011-04-08,"Lakewood","WA","A",2011-03-31,10,0,"Amalgamated Transit Union Local 1576",10,NA,NA,NA,NA,0,10,"N",0,"N","Amalgamated Transit Union Local 1576","Initial","Single Labor Organization","Certific. of Representative","Closed",NA,NA,NA,NA,65,2011-01-01,2011-01-01,"6-10",FALSE,"RC","Yes","Amalgamated Transit Union Local 1576",1,"ATU",1,"Yes",0
"01-RC-022518","Region 01, Boston, Massachusetts","First Student",2011-01-20,2011-03-01,"Rhode Island","RI","A",2011-02-18,19,NA,"AMALGAMATED TRANSIT UNION, DIVISION 618, AFL-CIO",5,NA,NA,NA,NA,8,13,"N",NA,"N",NA,"Initial","Single Labor Organization","Certification of Results","Closed","All full-time and regular part-time bus aides/monitors employed by the Employer at its Warwick, Rhode Island premises including those who perform their job duties in and around Warwick and Jamestown, Rhode Island, but excluding all mechanics, mainten",NA,NA,NA,29,2011-01-01,2011-01-01,"11-25",TRUE,"RC","Yes","AMALGAMATED TRANSIT UNION, DIVISION 618, AFL-CIO",1,"ATU",0.384615384615385,"No",6
"14-RC-012814","Region 14, Saint Louis, Missouri","Illinois Central School Bus, LLC, d/b/a Missouri Central School Bus",2011-01-18,2011-03-08,"Saint Louis","MO","A",2011-02-25,95,NA,"LOCAL 788, AMALGAMATED TRANSIT UNION",66,NA,NA,NA,NA,8,74,"N",NA,"N","LOCAL 788, AMALGAMATED TRANSIT UNION","Initial","Single Labor Organization","Certific. of Representative","Closed","All full-time and regular part-time drivers and monitors employed by the Employer at its 1218 Central Industrial Drive, St. Louis, Missouri facility, excluding all maintenance employees, dispatchers, office clerical employees, professional employees,",NA,NA,NA,38,2011-01-01,2011-01-01,"51-100",TRUE,"RC","Yes","LOCAL 788, AMALGAMATED TRANSIT UNION",1,"ATU",0.891891891891892,"Yes",21
"29-RC-011990","Region 29, Brooklyn, New York","Transcare New York",2010-12-21,2011-03-22,"Brooklyn","NY","A",2011-03-10,314,2,"LOCAL 1181-1061,  AMALGAMATED TRANSIT UNION",130,NA,NA,NA,NA,111,241,"N",NA,"N","LOCAL 1181-1061,  AMALGAMATED TRANSIT UNION","Initial","Single Labor Organization","Certific. of Representative","Closed","Included:  All full-time and regular part-time paratransit drivers (including field training officers) employed by Transcare New York, Inc., out of its Foster Avenue/Bank Street, Brooklyn, New York facility.

Excluded:  All other employees, dispatc",NA,NA,NA,79,2011-01-01,2010-10-01,"101-500",TRUE,"RC","Yes","LOCAL 1181-1061,  AMALGAMATED TRANSIT UNION",1,"ATU",0.539419087136929,"Yes",73
"05-RD-001495","Region 05, Baltimore, Maryland","James River Bus Lines and Carey Transportation",2010-12-21,2011-02-28,"Richmond","VA","A",2011-02-08,49,2,"LOCAL UNION 1764, AMALGAMATED TRANSIT UNION, AFL-CIO/CLC",5,NA,NA,NA,NA,34,39,"N",NA,"N",NA,"Initial","Single Labor Organization","Certification of Results","Closed","All full-time and regular part-time operators, maintenance mechanics, and cleaners, but excluding all other employees, office clerical employees, professional employees, managerial employees, guards, and supervisors as defined in the National Labor R",NA,NA,NA,49,2011-01-01,2010-10-01,"26-50",TRUE,"RD","Yes","LOCAL UNION 1764, AMALGAMATED TRANSIT UNION, AFL-CIO/CLC",1,"ATU",0.128205128205128,"No",10
"34-RD-000359","Region 01, Boston, Massachusetts","First Student",2010-11-22,2011-01-11,"Wilton","CT","A",2011-01-04,44,NA,"AMALGAMATED TRANSIT UNION, LOCAL 1336, AFL-CIO, CLC",22,NA,NA,NA,NA,16,38,"N",NA,"N","AMALGAMATED TRANSIT UNION, LOCAL 1336, AFL-CIO, CLC","Initial","Single Labor Organization","Certific. of Representative","Closed","All bus drivers employed by the Employer at its Wilton, Connecticut facility; but excluding all other employees, and guards, professional employees and supervisors as defined in the Act",NA,NA,NA,43,2011-01-01,2010-10-01,"26-50",TRUE,"RD","Yes","AMALGAMATED TRANSIT UNION, LOCAL 1336, AFL-CIO, CLC",1,"ATU",0.578947368421053,"Yes",6
"13-RC-021989","Region 13, Chicago, Illinois","Jay Medicar Transportation",2010-11-08,2010-12-28,"Chicago","IL","A",2010-12-15,137,1,"AMALGAMATED TRANSIT UNION, LOCAL 1028",66,NA,NA,NA,NA,38,104,"N",NA,"N","AMALGAMATED TRANSIT UNION, LOCAL 1028","Initial","Single Labor Organization","Certific. of Representative","Closed","All full-time and regular part-time Drivers, Mechanics, Maintenance/Yard Workers, and Call Takers employed by the Employer at its facililty currently located at 4939 W. Lake Street, Chicago, IL;  but excluding all office clerical employees and guards",NA,NA,NA,37,2010-10-01,2010-10-01,"101-500",TRUE,"RC","Yes","AMALGAMATED TRANSIT UNION, LOCAL 1028",1,"ATU",0.634615384615385,"Yes",33
"18-RC-017723","Region 18, Minneapolis, Minnesota","First Transit, Inc.",2010-08-27,2010-10-01,"Minneapolis","MN","A",2010-09-24,5,NA,"AMALGAMATED TRANSIT UNION LOCAL 1005",0,NA,NA,NA,NA,4,4,"N",NA,"N",NA,"Initial","Single Labor Organization","Certification of Results","Closed","All full-time and regular part-time dispatchers employed at the Employer's 3400 Spring Street NE, Minneapolis, Minnesota facility; excluding directors, managers, all other employees, and guards and supervisors as defined in the Act, as amended.",NA,NA,NA,28,2010-07-01,2010-07-01,"<5",TRUE,"RC","Yes","AMALGAMATED TRANSIT UNION LOCAL 1005",1,"ATU",0,"No",1
"18-RC-017723",NA,"First Transit, Inc.",2010-08-27,2010-10-01,"Minneapolis","MN","A",2010-09-24,5,0,"Amalgamated Transit Union Local 1005",0,NA,NA,NA,NA,4,4,"N",0,"N",NA,"Initial","Single Labor Organization","Certification of Results","Closed",NA,NA,NA,NA,28,2010-07-01,2010-07-01,"<5",FALSE,"RC","Yes","Amalgamated Transit Union Local 1005",1,"ATU",0,"No",1
"13-RC-021939","Region 13, Chicago, Illinois","Illinois Central School Bus",2010-05-03,2010-06-13,"Chicago","IL","A",2010-06-11,67,NA,"AMALGAMATED TRANSIT UNION LOCAL 1733",46,NA,NA,NA,NA,15,61,"N",1,"N","AMALGAMATED TRANSIT UNION LOCAL 1733","Initial","Single Labor Organization","Certific. of Representative","Closed","All full time and part time drivers and attendants employed by the Employer at its facility located at 901 S. Central Ave., Chicago, Illinois; but excluding all other employees, maintenance staff, managers, office clerical employees, and guards, prof",NA,NA,NA,39,2010-04-01,2010-04-01,"51-100",TRUE,"RC","Yes","AMALGAMATED TRANSIT UNION LOCAL 1733",1,"ATU",0.754098360655738,"Yes",6
"21-RC-021193","Region 21, Los Angeles, California","MV Transportation Inc.",2010-03-22,2010-05-03,"Arcadia","CA","A",2010-04-21,14,NA,"AMALGAMATED TRANSIT UNION, LOCAL 1756, AFL-CIO, CLC",13,NA,NA,NA,NA,0,13,"N",NA,"N","AMALGAMATED TRANSIT UNION, LOCAL 1756, AFL-CIO, CLC","Initial","Single Labor Organization","Certific. of Representative","Closed","All full-time and regular part-time road supervisors, training supervisors, and trainers employed by the Employer at its facility located at 5640 Peck Road, Arcadia, California; excluding all other employees, office clerical employees, professional e",NA,NA,NA,30,2010-04-01,2010-01-01,"11-25",TRUE,"RC","Yes","AMALGAMATED TRANSIT UNION, LOCAL 1756, AFL-CIO, CLC",1,"ATU",1,"Yes",1
"21-RC-021193",NA,"MV Transportation Inc.",2010-03-22,2010-05-03,"Arcadia","CA","A",2010-04-21,14,0,"Amalgamated Transit Union, Local 1756, AFL-CIO, CLC",13,NA,NA,NA,NA,0,13,"N",0,"N","Amalgamated Transit Union, Local 1756, AFL-CIO, CLC","Initial","Single Labor Organization","Certific. of Representative","Closed",NA,NA,NA,NA,30,2010-04-01,2010-01-01,"11-25",FALSE,"RC","Yes","Amalgamated Transit Union, Local 1756, AFL-CIO, CLC",1,"ATU",1,"Yes",1
"13-RC-021919","Region 13, Chicago, Illinois","Illinois Central School Bus",2010-03-17,2010-05-05,"Lincolnwood","IL","A",2010-04-23,97,1,"AMALGAMATED TRANSIT UNION LOCAL 1733",53,NA,NA,NA,NA,31,84,"N",1,"N","AMALGAMATED TRANSIT UNION LOCAL 1733","Initial","Single Labor Organization","Certific. of Representative","Closed","All full time and part time Drivers and Attendants employed by the Employer at its facility located at 3412 W. Touhy Avenue, Lincolnwood, Illinois, but excluding all other employees, managers, office clerical employees, and guards, professional emplo",NA,NA,NA,37,2010-04-01,2010-01-01,"51-100",TRUE,"RC","Yes","AMALGAMATED TRANSIT UNION LOCAL 1733",1,"ATU",0.630952380952381,"Yes",13
"34-RC-002373","Region 01, Boston, Massachusetts","First Transit, Inc.",2010-03-05,2010-04-22,"Hartford","CT","A",2010-04-14,9,1,"AMALGAMATED TRANSIT UNION, LOCAL 1763, AFL-CIO",3,NA,NA,NA,NA,5,8,"N",NA,"N",NA,"Initial","Single Labor Organization","Certification of Results","Closed","All technicians and utility persons employed by the Employer at its Hartford, Connecticut facility; but excluding all other employees, dispatchers, and guards, professional employees and supervisors as defined in the Act.",NA,NA,NA,40,2010-04-01,2010-01-01,"6-10",TRUE,"RC","Yes","AMALGAMATED TRANSIT UNION, LOCAL 1763, AFL-CIO",1,"ATU",0.375,"No",1
"15-RC-008833","Region 15, New Orleans, Louisiana","Veolia Transportation (Jobsite:  Laplace, LA)",2010-03-03,2010-04-15,"Laplace","LA","A",2010-04-05,8,NA,"AMALGAMATED TRANSIT UNION, LOCAL 1535",7,NA,NA,NA,NA,1,8,"N",NA,"N","AMALGAMATED TRANSIT UNION, LOCAL 1535","Initial","Single Labor Organization","Certific. of Representative","Closed","All full-time and part-time Para-Transit Operators employed by the Employer at its Laplace, Louisiana facility;  excluding all managers, dispatchers, office clericals and professional employees, guards and supervisors as defined in the Act.",NA,NA,NA,33,2010-04-01,2010-01-01,"6-10",TRUE,"RC","Yes","AMALGAMATED TRANSIT UNION, LOCAL 1535",1,"ATU",0.875,"Yes",0
"20-RC-018291","Region 20, San Francisco, California","The Academy of Art University",2010-02-08,2010-06-03,"San Francisco","CA","A",2010-05-21,62,NA,"AMALGAMATED TRANSIT UNION",10,NA,NA,NA,NA,30,40,"N",4,"N",NA,"Rerun","Single Labor Organization","Certification of Results","Closed","Including:  All full-time and regular part-time Bus and/or Van Drivers employed by the Employer located at 79 New Montgomery Street, San Francisco, California; and various other facilities located in San Francisco, California;

Excluding:  All Athl",NA,NA,NA,102,2010-04-01,2010-01-01,"51-100",TRUE,"RC","Yes","AMALGAMATED TRANSIT UNION",1,"ATU",0.25,"No",22
"20-RC-018291","Region 20, San Francisco, California","The Academy of Art University",2010-02-08,2010-06-03,"San Francisco","CA","A",2010-03-19,62,NA,"AMALGAMATED TRANSIT UNION",19,NA,NA,NA,NA,33,52,"N",8,"N",NA,"Initial","Single Labor Organization","Certification of Results","Closed","Including:  All full-time and regular part-time Bus and/or Van Drivers employed by the Employer located at 79 New Montgomery Street, San Francisco, California; and various other facilities located in San Francisco, California;

Excluding:  All Athl",NA,NA,NA,39,2010-01-01,2010-01-01,"51-100",FALSE,"RC","Yes","AMALGAMATED TRANSIT UNION",1,"ATU",0.365384615384615,"No",10
"28-RC-006701","Region 28, Phoenix, Arizona","First Transit, Inc. ",2010-02-05,2010-03-16,"Phoenix","AZ","A",2010-03-03,24,NA,"AMALGAMATED TRANSIT UNION, LOCAL #1433, AFL-CIO",7,NA,NA,NA,NA,11,18,"N",4,"N",NA,"Initial","Single Labor Organization","Certification of Results","Closed","Included:  All full-time and part-time mechancis employed by First Transit, Inc., at its West Transit facility.

Excluded:  All other employees, including  clerical employees, professional employees, guards and supervisors as defined by the Act.",NA,NA,NA,26,2010-01-01,2010-01-01,"11-25",TRUE,"RC","Yes","AMALGAMATED TRANSIT UNION, LOCAL #1433, AFL-CIO",1,"ATU",0.388888888888889,"No",6
"01-RC-022419","Region 01, Boston, Massachusetts","Lecrenski Brothers Inc.",2010-01-21,2010-03-15,"Westfield","MA","A",2010-03-04,19,NA,"AMALGAMATED TRANSIT UNION LOCAL 448, AFL-CIO",11,NA,NA,NA,NA,8,19,"N",NA,"N","AMALGAMATED TRANSIT UNION LOCAL 448, AFL-CIO","Initial","Single Labor Organization","Certific. of Representative","Closed","All full-time, regular part-time, and spare Westfield school mini: bus drivers /special education van drivers who work an average of 4 hours per week in the calendar quarter prior to the eligibility date for election employed by the Employer at its",NA,NA,NA,42,2010-01-01,2010-01-01,"11-25",TRUE,"RC","Yes","AMALGAMATED TRANSIT UNION LOCAL 448, AFL-CIO",1,"ATU",0.578947368421053,"Yes",0
"13-RC-021904","Region 13, Chicago, Illinois","Illinois Central School Bus",2010-01-20,2010-03-10,"Chicago","IL","A",2010-02-26,89,NA,"AMALGAMATED TRANSIT UNION LOCAL 1733",57,NA,NA,NA,NA,6,63,"N",3,"N","AMALGAMATED TRANSIT UNION LOCAL 1733","Initial","Single Labor Organization","Certific. of Representative","Closed","All full time and part time Drivers and Attendants employed by the Employer at its facility located at 4100 S. Wabash, Chicago, Illinois; but excluding all other employees, managers, office clerical employees, and guards, professional employees and s",NA,NA,NA,37,2010-01-01,2010-01-01,"51-100",TRUE,"RC","Yes","AMALGAMATED TRANSIT UNION LOCAL 1733",1,"ATU",0.904761904761905,"Yes",26
"01-RC-022411","Region 01, Boston, Massachusetts","First Student",2010-01-11,2010-02-22,"Fitchburg","MA","A",2010-02-10,17,NA,"AMALGAMATED TRANSIT UNION, LOCAL 690, AFL-CIO",13,NA,NA,NA,NA,0,13,"N",NA,"N","AMALGAMATED TRANSIT UNION, LOCAL 690, AFL-CIO","Initial","Single Labor Organization","Certific. of Representative","Closed","All full-time and regular part-time drivers, spare drivers, and driver/trainers employed by the Employer at its 150 Linus Allaine Avenue Gardner, MA location, but excluding all other employees, dispatchers, mechanics, guards and supervisors as define",NA,NA,NA,30,2010-01-01,2010-01-01,"11-25",TRUE,"RC","Yes","AMALGAMATED TRANSIT UNION, LOCAL 690, AFL-CIO",1,"ATU",1,"Yes",4
"01-RC-022411",NA,"First Student",2010-01-11,2010-02-22,"Gardner","MA","A",2010-02-10,17,0,"Amalgamated Transit Union, Local 690, AFL-CIO",13,NA,NA,NA,NA,0,13,"N",0,"N","Amalgamated Transit Union, Local 690, AFL-CIO","Initial","Single Labor Organization","Certific. of Representative","Closed",NA,NA,NA,NA,30,2010-01-01,2010-01-01,"11-25",FALSE,"RC","Yes","Amalgamated Transit Union, Local 690, AFL-CIO",1,"ATU",1,"Yes",4
"18-RC-017682","Region 18, Minneapolis, Minnesota","First Transit, Inc.",2010-01-06,2010-02-05,"Blaine","MN","A",2010-01-29,7,NA,"AMALGAMATED TRANSIT UNION, LOCAL 1005",7,NA,NA,NA,NA,0,7,"N",NA,"N","AMALGAMATED TRANSIT UNION, LOCAL 1005","Initial","Single Labor Organization","Certific. of Representative","Closed","All full-time and regular part-time mechanics and utility employees employed by the Employer at its Blaine, Minnesota facility; excluding dispatchers, directors, managers, all other employees and guards and supervisors as defined in the Act.",NA,NA,NA,23,2010-01-01,2010-01-01,"6-10",TRUE,"RC","Yes","AMALGAMATED TRANSIT UNION, LOCAL 1005",1,"ATU",1,"Yes",0
"18-RC-017682",NA,"First Transit, Inc.",2010-01-06,2010-02-05,"Blaine","MN","A",2010-01-29,7,0,"Amalgamated Transit Union, Local 1005",7,NA,NA,NA,NA,0,7,"N",0,"N","Amalgamated Transit Union, Local 1005","Initial","Single Labor Organization","Certific. of Representative","Closed",NA,NA,NA,NA,23,2010-01-01,2010-01-01,"6-10",FALSE,"RC","Yes","Amalgamated Transit Union, Local 1005",1,"ATU",1,"Yes",0
"21-RC-021178","Region 21, Los Angeles, California","First Transit Inc.",2009-12-21,2010-02-04,"Pomona","CA","A",2010-01-27,45,NA,"AMALGAMATED TRANSIT UNION LOCAL 1756, AFL-CIO",41,NA,NA,NA,NA,1,42,"N",1,"N","AMALGAMATED TRANSIT UNION LOCAL 1756, AFL-CIO","Initial","Single Labor Organization","Certific. of Representative","Closed","Included:	All full-time and regular part-time technicians, fuelers, cleaners, and custodians employed by the Employer at its facility located at 200 South East End Avenue, Pomona, California;

Excluded:	All other employees, office clerical employee",NA,NA,NA,37,2010-01-01,2009-10-01,"26-50",TRUE,"RC","Yes","AMALGAMATED TRANSIT UNION LOCAL 1756, AFL-CIO",1,"ATU",0.976190476190476,"Yes",3
"03-RC-011951","Region 03, Buffalo, New York","Greyhound Lines, Inc.",2009-12-09,2010-01-27,"Buffalo","NY","A",2010-01-15,14,NA,"AMALGAMATED TRANSIT UNION NATIONAL LOCAL 1700",11,NA,NA,NA,NA,3,14,"N",NA,"N",NA,"Initial","Single Labor Organization","Certific. of Representative","Closed","Included:  All full time and regular part-time customer service associates, including ticket agents, baggage agents and leads, and janitorial employees employed by the Employer at its 181 Ellicott Street, Buffalo, New York facility.

Excluded:  All",NA,NA,NA,37,2010-01-01,2009-10-01,"11-25",TRUE,"RC","Yes","AMALGAMATED TRANSIT UNION NATIONAL LOCAL 1700",1,"ATU",0.785714285714286,"Yes",0
"29-RC-011832","Region 29, Brooklyn, New York","Iridium Services, Inc.",2009-12-02,2010-01-25,"Little Neck","NY","A",2010-01-13,143,1,"LOCAL 1181-1061 AMALGAMATED TRANSIT UNION AFL-CIO",56,NA,NA,NA,NA,67,123,"N",6,"N",NA,"Initial","Single Labor Organization","Certification of Results","Closed","Included:  All full-time and regular part-time drivers, matrons, cleaners, mechanics, shop employees, bus washers, and yard persons, employed by the Employer at its facilities located at 245-37 60th Avenue, Douglaston, New York;  53-09 Van Dam Street",NA,NA,NA,42,2010-01-01,2009-10-01,"101-500",TRUE,"RC","Yes","LOCAL 1181-1061 AMALGAMATED TRANSIT UNION AFL-CIO",1,"ATU",0.455284552845528,"No",20
"36-RD-001730","Region 19, Seattle, Washington","Oregon Housing and Associated Services, Inc.",2009-12-01,2010-01-15,"Canby","OR","A",2010-01-07,23,NA,"AMALGAMATED TRANSIT UNION, DIVISION 757",13,NA,NA,NA,NA,9,22,"N",NA,"N","AMALGAMATED TRANSIT UNION, DIVISION 757","Initial","Single Labor Organization","Certific. of Representative","Closed","All full-time and regular part-time drivers and dispatchers employed by the Employer at or out of the Canby, Oregon location; but excluding all office clerical employees, confidential employees, managers, guards and supervisors as defined in the Act,",NA,NA,NA,37,2010-01-01,2009-10-01,"11-25",TRUE,"RD","Yes","AMALGAMATED TRANSIT UNION, DIVISION 757",1,"ATU",0.590909090909091,"Yes",1
"08-RC-017012","Region 08, Cleveland, Ohio","Greyhound Lines, Inc.",2009-11-16,2009-12-29,"Cleveland","OH","A",2009-12-18,26,NA,"AMALGAMATED TRANSIT UNION AFL-CIO NATIONAL LOCAL 1700",14,NA,NA,NA,NA,6,20,"N",NA,"N","AMALGAMATED TRANSIT UNION AFL-CIO NATIONAL LOCAL 1700","Initial","Single Labor Organization","Certific. of Representative","Closed","All full-time and regular part-time baggage handlers, ticket counter personnel, customer service representatives, GPX (greyhound package express) personnel, platform workers, and facility maintenance employees employed by the Employer at its 1465 Che",NA,NA,NA,32,2009-10-01,2009-10-01,"26-50",TRUE,"RC","Yes","AMALGAMATED TRANSIT UNION AFL-CIO NATIONAL LOCAL 1700",1,"ATU",0.7,"Yes",6
"06-RC-012704","Region 06, Pittsburgh, Pennsylvania","First Student, Inc.",2009-10-23,2009-12-02,"Sewickley","PA","A",2009-11-20,56,1,"AMALGAMATED TRANSIT UNION LOCAL 1753",25,NA,NA,NA,NA,29,54,"N",1,"N",NA,"Initial","Single Labor Organization","Certification of Results","Closed","All full-time and regular part-time drivers and attendants/monitors employed by the Employer at its Sewickley, Pennsylvania, facility; exlcluding all office clerical employees, mechanics, dispatchers, maintenence employees, managerial employees and g",NA,NA,NA,28,2009-10-01,2009-10-01,"51-100",TRUE,"RC","Yes","AMALGAMATED TRANSIT UNION LOCAL 1753",1,"ATU",0.462962962962963,"No",2
"18-RC-017662","Region 18, Minneapolis, Minnesota","First Transit, Inc.",2009-10-23,2009-11-27,"Minneapolis","MN","A",2009-11-20,21,NA,"AMALGAMATED TRANSIT UNION LOCAL 1005",11,NA,NA,NA,NA,7,18,"N",NA,"N","AMALGAMATED TRANSIT UNION LOCAL 1005","Initial","Single Labor Organization","Certific. of Representative","Closed","All full-time and regular part-time mechanics and utility employees employed at the Employer's 3400 Spring Street and 3204 Como Avenue SE, Minneapolis, Minnesota facilities; excluding dispatchers, directors, managers, all other employees, guards and",NA,NA,NA,28,2009-10-01,2009-10-01,"11-25",TRUE,"RC","Yes","AMALGAMATED TRANSIT UNION LOCAL 1005",1,"ATU",0.611111111111111,"Yes",3
"21-RC-021168","Region 21, Los Angeles, California","Greyhound Lines, Inc.",2009-10-14,2009-11-20,"Los Angeles","CA","A",2009-11-12,78,NA,"AMALGAMATED TRANSIT UNION, LOCAL 1700, AFL-CIO",33,NA,NA,NA,NA,32,65,"N",NA,"N","AMALGAMATED TRANSIT UNION, LOCAL 1700, AFL-CIO","Initial","Single Labor Organization","Certific. of Representative","Closed","Included:	All full-time and regular part-time customer service associates, ticket agents, baggage handlers, GPX employees, utility employees, food service employees, and janitors employed by the Employer at its facility located at 1614 East 7th Stree",NA,NA,NA,29,2009-10-01,2009-10-01,"51-100",TRUE,"RC","Yes","AMALGAMATED TRANSIT UNION, LOCAL 1700, AFL-CIO",1,"ATU",0.507692307692308,"Yes",13
"20-RC-018271","Region 20, San Francisco, California","Greyhound Lines",2009-10-01,2009-11-06,"Sacramento","CA","A",2009-10-28,32,NA,"AMALGAMATED TRANSIT UNION LOCAL 1700",15,NA,NA,NA,NA,5,20,"N",NA,"N","AMALGAMATED TRANSIT UNION LOCAL 1700","Initial","Single Labor Organization","Certific. of Representative","Closed","Including:  All full-time and regular part-time Customer Service Associates, Ticket Agents, Baggage Handlers, GPX Workers, Food Service Workers, and Janitors employed by the Employer at its facility located at 715 L Street, Sacramento, California;",NA,NA,NA,27,2009-10-01,2009-10-01,"26-50",TRUE,"RC","Yes","AMALGAMATED TRANSIT UNION LOCAL 1700",1,"ATU",0.75,"Yes",12
"32-RC-005690","Region 32, Oakland, California","A-Para Transit Corporation",2009-09-10,2010-01-22,"Hayward","CA","A",2009-10-23,80,NA,"AMALGAMATED TRANSIT UNION, LOCAL 192, AFL-CIO",51,NA,NA,NA,NA,10,61,"N",2,"N","AMALGAMATED TRANSIT UNION, LOCAL 192, AFL-CIO","Initial","Single Labor Organization","Certific. of Representative","Closed","All full-time and regular part-time sedan and van drivers employed by the Employer out of its Hayward, California facility; excluding all other employees, mechanics, dispatchers, office clerical employees, guards, and supervisors as defined in the Ac",NA,NA,NA,43,2009-10-01,2009-07-01,"51-100",TRUE,"RC","Yes","AMALGAMATED TRANSIT UNION, LOCAL 192, AFL-CIO",1,"ATU",0.836065573770492,"Yes",19
"12-RC-009381","Region 12, Tampa, Florida","Greyhound Lines, Inc.",2009-09-04,2009-10-22,"Jacksonville","FL","A",2009-10-09,22,NA,"AMALGAMATED TRANSIT UNION, LOCAL 1700, AFL-CIO",15,NA,NA,NA,NA,7,22,"N",NA,"N","AMALGAMATED TRANSIT UNION, LOCAL 1700, AFL-CIO","Initial","Single Labor Organization","Certific. of Representative","Closed","All full-time and regular part-time customer service associates, ticet agents, gaggage handlers, GPX (Greyhound Package Express) employees, utlity employees, and cleaners employed by the Employer at tis Jacksonville, Florida terminal; who were employ",NA,NA,NA,35,2009-10-01,2009-07-01,"11-25",TRUE,"RC","Yes","AMALGAMATED TRANSIT UNION, LOCAL 1700, AFL-CIO",1,"ATU",0.681818181818182,"Yes",0
"21-RC-021149","Region 21, Los Angeles, California","Veolia Transportation Services, Inc.",2009-07-24,2009-09-03,"El Cajon","CA","A",2009-08-26,29,NA,"SAN DIEGO BUS DRIVERS UNION LOCAL 1309, AMALGAMATED TRANSIT UNION, AFL-CIO",9,NA,NA,NA,NA,19,28,"N",NA,"N",NA,"Initial","Single Labor Organization","Certification of Results","Closed","Included: All full-time and regular part-time mechanics and service workers employed by the Employer at its facility located at 1213 N. Johnson Avenue, El Cajon, CA

Excluded: all other employees, office clerical employees, bus drivers, professiona",NA,NA,NA,33,2009-07-01,2009-07-01,"26-50",TRUE,"RC","Yes","SAN DIEGO BUS DRIVERS UNION LOCAL 1309, AMALGAMATED TRANSIT UNION, AFL-CIO",1,"ATU",0.321428571428571,"No",1
"10-RC-015754","Region 10, Atlanta, Georgia","GREYHOUND LINES, INC",2009-07-20,2009-09-04,"Atlanta","GA","A",2009-08-26,38,NA,"AMALGAMATED TRANSIT UNION",20,NA,NA,NA,NA,12,32,"N",2,"N","AMALGAMATED TRANSIT UNION","Initial","Single Labor Organization","Certific. of Representative","Closed","All regular full-time and part-time Customer Service Associates, ticket agents, baggage handlers, GPX utility employees and janitors employed by the Employer at the Atlanta Terminal at 232 Forsyth Street, Atlanta, GA, and at Atlanta Hartsfield Airpor",NA,NA,NA,37,2009-07-01,2009-07-01,"26-50",TRUE,"RC","Yes","AMALGAMATED TRANSIT UNION",1,"ATU",0.625,"Yes",6
"03-RC-011914","Region 03, Buffalo, New York","Cisco Transportation",2009-07-09,2009-08-14,"Binghamton","NY","A",2009-08-05,14,NA,"AMALGAMATED TRANSIT UNION, LOCAL 1145, AFL-CIO",8,NA,NA,NA,NA,6,14,"N",NA,"N",NA,"Initial","Single Labor Organization","Certific. of Representative","Closed","Included: All driver operators employed by the Employer at its 442 State Street, Binghamton, New York facility.*

Excluded:  All guard and all professional employees and supervisors as defined in the Act, and all other employees at the Employer's 4",NA,NA,NA,27,2009-07-01,2009-07-01,"11-25",TRUE,"RC","Yes","AMALGAMATED TRANSIT UNION, LOCAL 1145, AFL-CIO",1,"ATU",0.571428571428571,"Yes",0
"19-RC-015220","Region 19, Seattle, Washington","First Transit, Inc.",2009-06-16,2009-07-30,"Seattle","WA","A",2009-07-22,81,NA,"AMALGAMATED TRANSIT UNION LOCAL 587",60,NA,NA,NA,NA,8,68,"N",NA,"N","AMALGAMATED TRANSIT UNION LOCAL 587","Initial","Single Labor Organization","Certific. of Representative","Closed","Included:  All full-time and regular part-time employees in customer service/QA, scheduling, dispatch, pathway review, transit instruction, reservations and reception employed by the Employer at its Seattle, Washington facility.

Excluded:  Adminis",NA,NA,NA,36,2009-07-01,2009-04-01,"51-100",TRUE,"RC","Yes","AMALGAMATED TRANSIT UNION LOCAL 587",1,"ATU",0.882352941176471,"Yes",13
"34-RC-002321","Region 01, Boston, Massachusetts","First Transit",2009-06-15,2009-07-27,"East Hartford","CT","A",2009-07-17,6,NA,"AMALGAMATED TRANSIT UNION, LOCAL 1763, AFL-CIO",5,NA,NA,NA,NA,0,5,"N",NA,"N","AMALGAMATED TRANSIT UNION, LOCAL 1763, AFL-CIO","Initial","Single Labor Organization","Certific. of Representative","Closed","All full-time and regular part-time reservationists employed by the Employer at its Hartford, Connecticut facility; but excluding all other employees, and guards, professional employees and supervisors as defined in the Act.",NA,NA,NA,32,2009-07-01,2009-04-01,"6-10",TRUE,"RC","Yes","AMALGAMATED TRANSIT UNION, LOCAL 1763, AFL-CIO",1,"ATU",1,"Yes",1
"34-RC-002321",NA,"First Transit",2009-06-15,2009-07-27,"Hartford","CT","A",2009-07-17,6,0,"Amalgamated Transit Union, Local 1763, AFL-CIO",5,NA,NA,NA,NA,0,5,"N",0,"N","Amalgamated Transit Union, Local 1763, AFL-CIO","Initial","Single Labor Organization","Certific. of Representative","Closed",NA,NA,NA,NA,32,2009-07-01,2009-04-01,"6-10",FALSE,"RC","Yes","Amalgamated Transit Union, Local 1763, AFL-CIO",1,"ATU",1,"Yes",1
"27-RC-008560","Region 27, Denver, Colorado","First Transit",2009-06-10,2009-07-30,"Nampa","ID","A",2009-07-22,18,NA,"AMALGAMATED TRANSIT UNION, LOCAL 398",14,NA,NA,NA,NA,2,16,"N",NA,"N","AMALGAMATED TRANSIT UNION, LOCAL 398","Initial","Single Labor Organization","Certific. of Representative","Closed","All full-time and regular part-time bus drivers and service techs employed by the Employer at its present location at 1616 Industrial Road, Nampa, Idaho

Excluded:  Dispatcher, office clerical employees, guards and supervisors as defined by the Act",NA,NA,NA,42,2009-07-01,2009-04-01,"11-25",TRUE,"RC","Yes","AMALGAMATED TRANSIT UNION, LOCAL 398",1,"ATU",0.875,"Yes",2
"01-RC-022330","Region 01, Boston, Massachusetts","Jay's Equipment Repair, Inc.  d/b/a Cape Destinations",2009-05-22,2010-05-17,"Harwich","MA","A",2010-05-07,50,NA,"AMALGAMATED TRANSIT UNION, LOCAL 1548, AFL-CIO",8,NA,NA,NA,NA,41,49,"N",NA,"N",NA,"Initial","Single Labor Organization","Certification of Results","Closed","All drivers, including home-to-school drivers and charter drivers, monitors, and mechanics employed by the Employer at its Harwich, Massachusetts facilities, but excluding office clerical employees, managerial employees, guards and supervisors as def",NA,NA,NA,350,2010-04-01,2009-04-01,"26-50",TRUE,"RC","Yes","AMALGAMATED TRANSIT UNION, LOCAL 1548, AFL-CIO",1,"ATU",0.163265306122449,"No",1
"30-RC-006751","Region 18, Minneapolis, Minnesota","First Student, Inc.",2009-05-11,2009-06-12,"Muskego","WI","A",2009-06-04,82,NA,"AMALGAMATED TRANSIT UNION",32,NA,NA,NA,NA,43,75,"N",NA,"N",NA,"Initial","Single Labor Organization","Certification of Results","Closed","All full-time and regular part-time school bus drivers employed by the Employer at its Muskego, Wisconsin facility; excluding all office employees, professional employees, mechanics, dispatchers, guards and supervisors as defined in the Act.",NA,NA,NA,24,2009-04-01,2009-04-01,"51-100",TRUE,"RC","Yes","AMALGAMATED TRANSIT UNION",1,"ATU",0.426666666666667,"No",7
"15-RD-000917","Region 15, New Orleans, Louisiana","Durham School Services",2009-05-06,2009-09-28,"Milton","FL","A",2009-09-16,195,NA,"AMALGAMATED TRANSIT UNION #1395",68,NA,NA,NA,NA,70,138,"N",2,"N",NA,"Initial","Single Labor Organization","Certification of Results","Closed","Included: All bus drivers and bus monitors employed by the Employer in Santa Rosa County, Florida; 
Excluded: Office clerical employees, mechanics, professional employees, guards, and supervisors as defined in the Act.",NA,NA,NA,133,2009-07-01,2009-04-01,"101-500",TRUE,"RD","Yes","AMALGAMATED TRANSIT UNION #1395",1,"ATU",0.492753623188406,"No",57
"12-RC-009369","Region 12, Tampa, Florida","Community Rehabilitation CTR Trans. Inc.",2009-05-05,2009-06-26,"West Palm Beach","FL","A",2009-06-12,24,NA,"AMALGAMATED TRANSIT UNION, LOCAL 1577",13,NA,NA,NA,NA,7,20,"N",NA,"N","AMALGAMATED TRANSIT UNION, LOCAL 1577","Initial","Single Labor Organization","Certific. of Representative","Closed","All full-time and regular part-time drivers employed by the Employer at its 1635 Meathe Drive, West Palm Beach, Florida facility; who were employed during the payroll period ending Saturday, May 9, 2009.

All other employees, confidential employees",NA,NA,NA,38,2009-04-01,2009-04-01,"11-25",TRUE,"RC","Yes","AMALGAMATED TRANSIT UNION, LOCAL 1577",1,"ATU",0.65,"Yes",4
"32-RD-001574","Region 32, Oakland, California","MV Transportation, Inc.",2009-04-28,2009-06-08,"Tulare","CA","A",2009-05-29,23,NA,"AMALGAMATED TRANSIT UNION, LOCAL 1027, AFL-CIO",19,NA,NA,NA,NA,3,22,"N",NA,"N","AMALGAMATED TRANSIT UNION, LOCAL 1027, AFL-CIO","Initial","Single Labor Organization","Certific. of Representative","Closed","All full-time and regular part-time Dispatchers, Drivers, and Service Workers employed by the Employer at or out of its Tulare, California facility, who perform work under the Employer's contract(s) with the City of Tulare, California; excluding all",NA,NA,NA,31,2009-04-01,2009-04-01,"11-25",TRUE,"RD","Yes","AMALGAMATED TRANSIT UNION, LOCAL 1027, AFL-CIO",1,"ATU",0.863636363636364,"Yes",1
"10-RC-015745","Region 10, Atlanta, Georgia","First Transit",2009-04-09,2009-05-27,"Tuscaloosa","AL","A",2009-05-08,58,NA,"AMALGAMATED TRANSIT UNION, LOCAL 1208",41,NA,NA,NA,NA,41,0,"N",NA,"N","AMALGAMATED TRANSIT UNION, LOCAL 1208","Initial","Single Labor Organization","Certific. of Representative","Closed","All full-time and regular part-time bus drivers employed by the Employer at the Tuscaloosa, Alabama facility, excluding all other employees such as Mechanics, Maintenance Employees, Office Clerical employees, Guards and Supervisors as defined in the",NA,NA,NA,29,2009-04-01,2009-04-01,"51-100",TRUE,"RC","Yes","AMALGAMATED TRANSIT UNION, LOCAL 1208",1,"ATU",NA,"Yes",-24
"10-RC-015745",NA,"First Transit",2009-04-09,2009-05-27,"Tuscaloosa","AL","A",2009-05-08,58,0,"Amalgamated Transit Union, Local 1208",41,NA,NA,NA,NA,41,0,"N",0,"N","Amalgamated Transit Union, Local 1208","Initial","Single Labor Organization","Certific. of Representative","Closed",NA,NA,NA,NA,29,2009-04-01,2009-04-01,"51-100",FALSE,"RC","Yes","Amalgamated Transit Union, Local 1208",1,"ATU",NA,"Yes",-24
"28-RC-006656","Region 28, Phoenix, Arizona","Veolia Transportation Services, Inc.",2009-04-07,2009-05-22,"Phoenix","AZ","A",2009-05-13,26,NA,"AMALGAMATED TRANSIT UNION LOCAL 1433, AFL-CIO",9,NA,NA,NA,NA,0,9,"N",NA,"N","AMALGAMATED TRANSIT UNION LOCAL 1433, AFL-CIO","Initial","Single Labor Organization","Certific. of Representative","Closed","Included:  All full-time and regular part-time Curbside Ambassadors employed by the Employer at its facility located at 2425 East Buckeye Road, Phoenix, Arizona.

Excluded:  All other employees, office clerical employees, guards, curbside superviso",NA,NA,NA,36,2009-04-01,2009-04-01,"26-50",TRUE,"RC","Yes","AMALGAMATED TRANSIT UNION LOCAL 1433, AFL-CIO",1,"ATU",1,"Yes",17
"28-RC-006656",NA,"Veolia Transportation Services, Inc.",2009-04-07,2009-05-22,"Phoenix","AZ","A",2009-05-13,26,0,"Amalgamated Transit Union Local 1433, AFL-CIO",9,NA,NA,NA,NA,0,9,"N",0,"N","Amalgamated Transit Union Local 1433, AFL-CIO","Initial","Single Labor Organization","Certific. of Representative","Closed",NA,NA,NA,NA,36,2009-04-01,2009-04-01,"26-50",FALSE,"RC","Yes","Amalgamated Transit Union Local 1433, AFL-CIO",1,"ATU",1,"Yes",17
"15-RC-008786","Region 15, New Orleans, Louisiana","First Student, Inc.",2009-02-27,2009-04-08,"New Orleans","LA","A",2009-03-27,22,NA,"AMALGAMATED TRANSIT UNION, LOCAL 1516",14,NA,NA,NA,NA,4,18,"N",NA,"N","AMALGAMATED TRANSIT UNION, LOCAL 1516","Initial","Single Labor Organization","Certific. of Representative","Closed","All mechanics, oilers and parts employees employed by First Student, Inc., at its operations located at 6600 Almonaster Road, New Orleans and 153 Maxwell Lane, Marrerro, Louisiana; excluding drivers, yard attendants, shop managers, office clerical employees, professional employees and supervisors as defined in the Act.",NA,NA,NA,28,2009-01-01,2009-01-01,"11-25",TRUE,"RC","Yes","AMALGAMATED TRANSIT UNION, LOCAL 1516",1,"ATU",0.777777777777778,"Yes",4
"27-RD-001223","Region 27, Denver, Colorado","Veolia Transportation",2009-02-10,2009-04-24,"Englewood","CO","A",2009-03-17,282,2,"AMALGAMATED TRANSIT UNION",85,NA,NA,NA,NA,78,163,"N",3,"N","AMALGAMATED TRANSIT UNION","Initial","Single Labor Organization","Certific. of Representative","Closed","Included:  All full-time and regular part-time bus drivers employed by the Employer from its facility located at 2775 South Vallejo Street, Englewood, Colorado
Excluded:  All office clerical employees, maintenance employees, dispatchers, trainers, guards and supervisors as defined by the Act.",NA,NA,NA,35,2009-01-01,2009-01-01,"101-500",TRUE,"RD","Yes","AMALGAMATED TRANSIT UNION",1,"ATU",0.521472392638037,"Yes",119
"01-RC-022301","Region 01, Boston, Massachusetts","First Transit, Inc.",2009-02-04,2009-04-06,"Framingham","MA","A",2009-03-26,33,NA,"AMALGAMATED TRANSIT UNION, LOCAL NO. 22, AFL-CIO",19,NA,NA,NA,NA,7,26,"N",NA,"N","AMALGAMATED TRANSIT UNION, LOCAL NO. 22, AFL-CIO","Initial","Single Labor Organization","Certific. of Representative","Closed","All full time and regular part-time drivers, mechanic, bus cleaner, weekend dispatcher/supervisor, call takers, and customer service assistant employed by the Employer at its Framingham, Massachusetts facility, but excluding guards and supervisors as defined in the Act.",NA,NA,NA,50,2009-01-01,2009-01-01,"26-50",TRUE,"RC","Yes","AMALGAMATED TRANSIT UNION, LOCAL NO. 22, AFL-CIO",1,"ATU",0.730769230769231,"Yes",7
"33-RC-005113","Region 25, Indianapolis, Indiana","First Student, Inc.",2009-02-02,2009-03-23,"Macomb","IL","A",2009-03-13,62,NA,"AMALGAMATED TRANSIT UNION LOCAL 1249, AFL-CIO, CLC",23,NA,NA,NA,NA,30,53,"N",1,"N",NA,"Initial","Single Labor Organization","Certification of Results","Closed","All full-time and regular part-time drivers and monitors employed by the Employer at or out of its Macomb, Illinois, facility; EXCLUDING office clerical employees, professional employees, guards, supervisors as defined in the Act, dispatchers, and mechanics.",NA,NA,NA,39,2009-01-01,2009-01-01,"51-100",TRUE,"RC","Yes","AMALGAMATED TRANSIT UNION LOCAL 1249, AFL-CIO, CLC",1,"ATU",0.433962264150943,"No",9
"01-RC-022279","Region 01, Boston, Massachusetts","First Student",2008-11-12,2009-01-06,"Duxbury","MA","A",2008-12-22,24,NA,"AMALGAMATED TRANSIT UNION, LOCAL NO. 1548, AFL-CIO",11,NA,NA,NA,NA,11,22,"N",NA,"N",NA,"Initial","Single Labor Organization","Certification of Results","Closed","All full time and regular part time school bus drivers employed by the Employer at its Duxbury, MAI facility, but excluding all other employees, office clerical employees, dispatchers, monitors, professional employees, managerial employees, guards and supervisors as defined in the Act.",NA,NA,NA,40,2008-10-01,2008-10-01,"11-25",TRUE,"RC","Yes","AMALGAMATED TRANSIT UNION, LOCAL NO. 1548, AFL-CIO",1,"ATU",0.5,"No",2
"28-RC-006633","Region 28, Phoenix, Arizona","Veolia Transportation Services, Inc.",2008-11-03,2008-12-22,"Mesa","AZ","A",2008-12-10,21,NA,"AMALGAMATED TRANSIT UNION, LOCAL 1433, AFL-CIO/CLC",7,NA,NA,NA,NA,5,12,"N",NA,"N","AMALGAMATED TRANSIT UNION, LOCAL 1433, AFL-CIO/CLC","Initial","Single Labor Organization","Certific. of Representative","Closed","Included:  All full-time and regular part-time fueler and utility (cleaner) employees employed by the Employer at its facility located at 3320 North Greenfield Road in Mesa, Arizona.

Excluded: All other employees, drivers, maintenance employees, office clerical employees, managers, guards, and supervisors as defined by the Act. ",NA,NA,NA,37,2008-10-01,2008-10-01,"11-25",TRUE,"RC","Yes","AMALGAMATED TRANSIT UNION, LOCAL 1433, AFL-CIO/CLC",1,"ATU",0.583333333333333,"Yes",9
"28-RC-006632","Region 28, Phoenix, Arizona","Veolia Transportation Services, Inc.",2008-10-31,2009-06-15,"Tempe","AZ","A",2009-06-03,32,NA,"AMALGAMATED TRANSIT UNION, LOCAL 1433, AFL-CIO",3,NA,NA,NA,NA,15,18,"N",NA,"N",NA,"Rerun","Single Labor Organization","Certification of Results","Closed","Included:  All full-time mechanics employed by the Employer at its Rio Salado Parkway facility located at 2050 West Rio Salado Parkway, Tempe, Arizona.

Excluded: All other employees, office clericals, and supervisors as defined in the Act.",NA,NA,NA,215,2009-04-01,2008-10-01,"26-50",TRUE,"RC","Yes","AMALGAMATED TRANSIT UNION, LOCAL 1433, AFL-CIO",1,"ATU",0.166666666666667,"No",14
"28-RC-006632","Region 28, Phoenix, Arizona","Veolia Transportation Services, Inc.",2008-10-31,2009-06-15,"Tempe","AZ","A",2008-12-05,29,NA,"AMALGAMATED TRANSIT UNION, LOCAL 1433, AFL-CIO",5,NA,NA,NA,NA,14,19,"N",NA,"N",NA,"Initial","Single Labor Organization","Certification of Results","Closed","Included:  All full-time mechanics employed by the Employer at its Rio Salado Parkway facility located at 2050 West Rio Salado Parkway, Tempe, Arizona.

Excluded: All other employees, office clericals, and supervisors as defined in the Act.",NA,NA,NA,35,2008-10-01,2008-10-01,"26-50",FALSE,"RC","Yes","AMALGAMATED TRANSIT UNION, LOCAL 1433, AFL-CIO",1,"ATU",0.263157894736842,"No",10
"21-RC-021084","Region 21, Los Angeles, California","MV Transportation Inc.",2008-10-07,2008-11-25,"Arcadia","CA","A",2008-11-12,13,NA,"AMALGAMATED TRANSIT UNION, LOCAL 1756",1,NA,NA,NA,NA,10,11,"N",NA,"N",NA,"Initial","Single Labor Organization","Certification of Results","Closed","Included:  All road supervisors employed by the Employer at its facility located at 5640 North Peck Road, Arcadia, California.
Excluded:  All other employees, office clerical employees, professional employees, managers, directors, guards and supervisors as defined in the Act.",NA,NA,NA,36,2008-10-01,2008-10-01,"11-25",TRUE,"RC","Yes","AMALGAMATED TRANSIT UNION, LOCAL 1756",1,"ATU",0.0909090909090909,"No",2
"36-RC-006435","Region 19, Seattle, Washington","First Student, Inc.",2008-10-07,2008-11-05,"Woodburn","OR","A",2008-10-28,58,NA,"AMALGAMATED TRANSIT UNION DIVISION 757",23,NA,NA,NA,NA,29,52,"N",4,"N",NA,"Initial","Single Labor Organization","Certification of Results","Closed","All full-time and regular part-time drivers employed out of the Employer's Woodburn, Oregon facility; but excluding all mechanics, clerical employees, office staff, dispatchers, guards and supervisors as defined in the Act, and all other employees.",NA,NA,NA,21,2008-10-01,2008-10-01,"51-100",TRUE,"RC","Yes","AMALGAMATED TRANSIT UNION DIVISION 757",1,"ATU",0.442307692307692,"No",6
"33-RC-005103","Region 25, Indianapolis, Indiana","Veolia Transportation, Inc.",2008-09-29,2008-11-14,"DeKalb","IL","A",2008-11-06,56,NA,"AMALGAMATED TRANSIT UNION LOCAL 1333, AFL-CIO",45,NA,NA,NA,NA,2,47,"N",2,"N","AMALGAMATED TRANSIT UNION LOCAL 1333, AFL-CIO","Initial","Single Labor Organization","Certific. of Representative","Closed","All full-time and regular part-time bus operators, including paratransit employed by the Employer at its DeKalb, Illinois facility; EXCLUDING office clerical employees, professional employees, guards and supervisors as defined in the Act.",NA,NA,NA,38,2008-10-01,2008-07-01,"51-100",TRUE,"RC","Yes","AMALGAMATED TRANSIT UNION LOCAL 1333, AFL-CIO",1,"ATU",0.957446808510638,"Yes",9
"22-RC-012954","Region 22, Newark, New Jersey","Community Surgical Supplies, Inc.",2008-08-25,2008-10-20,"Kenilworth","NJ","A",2008-10-08,16,1,"AMALGAMATED TRANSIT UNION LOCAL 825",7,NA,NA,NA,NA,9,16,"N",NA,"N",NA,"Initial","Single Labor Organization","Certification of Results","Closed","Inc. All full-time driver/Service technicians employed by the Employer at it's Kenilworth, NJ and Staten Island, N.Y. locations.
Exc. All office clerical employees, warehouse employees, guards and supervisors.",NA,NA,NA,44,2008-10-01,2008-07-01,"11-25",TRUE,"RC","Yes","AMALGAMATED TRANSIT UNION LOCAL 825",1,"ATU",0.4375,"No",0
"12-RC-009337","Region 12, Tampa, Florida","Mears Destination Services, Inc.",2008-07-25,2008-09-12,"Orlando","FL","A",2008-08-29,395,3,"AMALGAMATED TRANSIT UNION",115,NA,NA,NA,NA,244,359,"N",5,"N",NA,"Initial","Single Labor Organization","Certific. of Representative","Closed","All full-time drivers, employed by the Employer who drive motor coaches and I-Ride Trolleys out of the Employer's facilities, located at 1724 West Gore Street, Orlando, Florida.

All other employees, part time drivers, cab drivers, shuttle van driv",NA,NA,NA,35,2008-07-01,2008-07-01,"101-500",TRUE,"RC","Yes","AMALGAMATED TRANSIT UNION",1,"ATU",0.32033426183844,"Yes",36
"29-RC-011626","Region 29, Brooklyn, New York","LuRay's Travel Ltd.",2008-07-18,2008-09-10,"Long Island City","NY","A",2008-08-29,36,1,"LOCAL 1181-1061 AMALGAMATED TRANSIT UNION AFL-CIO",8,NA,NA,NA,NA,18,26,"N",6,"N",NA,"Initial","Single Labor Organization","Certification of Results","Closed","Included:  All full-time and regular part-time shop personnel, including mechanics, parts personnel, fuelers and building maintenance employees employed by the Employer at its facilities located at 1108 30th Avenue, Long Island City, NY and 2240 Conn",NA,NA,NA,42,2008-07-01,2008-07-01,"26-50",TRUE,"RC","Yes","LOCAL 1181-1061 AMALGAMATED TRANSIT UNION AFL-CIO",1,"ATU",0.307692307692308,"No",10
"16-RC-010846","Region 16, Fort Worth, Texas","Transit Management of Denton County, Inc.",2008-06-06,2008-07-25,"Denton","TX","A",2008-07-17,68,NA,"AMALGAMATED TRANSIT UNION LOCAL 1338",41,NA,NA,NA,NA,18,59,"N",3,"N","AMALGAMATED TRANSIT UNION LOCAL 1338","Initial","Single Labor Organization","Certification of Results","Closed","Included:  All regularly scheduled full and part time Connect, Express, UNT, Extra and paratransit drivers.

Excluded:  All other employees including dispatchers, maintenance staff, trainers, office clerical employees, guards, managers and supervis",NA,NA,NA,41,2008-07-01,2008-04-01,"51-100",TRUE,"RC","Yes","AMALGAMATED TRANSIT UNION LOCAL 1338",1,"ATU",0.694915254237288,"No",9
"28-RC-006598","Region 28, Phoenix, Arizona","Veolia Transportation Services, Inc.",2008-04-22,2008-06-03,"Mesa","AZ","A",2008-05-23,37,1,"AMALGAMATED TRANSIT UNION, LOCAL 1433, AFL-CIO",10,NA,NA,NA,NA,7,17,"N",1,"N","AMALGAMATED TRANSIT UNION, LOCAL 1433, AFL-CIO","Initial","Single Labor Organization","Certific. of Representative","Closed","Included:  All mechanics and technicians employed at the employer's Mesa, Arizona Greenfield Road facility.

Excluded:  All other employees, office clericals, guards, and supervisors, as defined by the Act.",NA,NA,NA,31,2008-04-01,2008-04-01,"26-50",TRUE,"RC","Yes","AMALGAMATED TRANSIT UNION, LOCAL 1433, AFL-CIO",1,"ATU",0.588235294117647,"Yes",20
"29-RD-001106","Region 29, Brooklyn, New York","First Student",2008-04-07,2008-05-15,"West Babylon","NY","A",2008-05-02,843,5,"LOCAL 1181, AMALGAMATED TRANSIT UNION",533,NA,NA,NA,NA,76,609,"N",19,"N","LOCAL 1181, AMALGAMATED TRANSIT UNION","Initial","Single Labor Organization","Certific. of Representative","Closed","Included:  All full-time and regular part-time drivers and drivers' assistants employed at the Employer's 251 North Main Street, Freeport, New York, 455 West John Street, Hicksville, New York, and 70 Schleigel Boulevard, Amityville, New York, locatio",NA,NA,NA,25,2008-04-01,2008-04-01,"500>",TRUE,"RD","Yes","LOCAL 1181, AMALGAMATED TRANSIT UNION",1,"ATU",0.875205254515599,"Yes",234
"33-RC-005079","Region 25, Indianapolis, Indiana","First Transit, Inc.",2008-04-03,2008-05-19,"Bourbonnais","IL","A",2008-05-09,34,NA,"AMALGAMATED TRANSIT UNION LOCAL 1745",27,NA,NA,NA,NA,2,29,"N",NA,"N","AMALGAMATED TRANSIT UNION LOCAL 1745","Initial","Single Labor Organization","Certific. of Representative","Closed","All full-time and regular part-time drivers employed by the Employer at its Bourbonnais, Illinois facility; EXCLUDING office clerical employees, mechanics, dispatchers, professional employees, guards and supervisors as defined in the Act.",NA,NA,NA,36,2008-04-01,2008-04-01,"26-50",TRUE,"RC","Yes","AMALGAMATED TRANSIT UNION LOCAL 1745",1,"ATU",0.931034482758621,"Yes",5
"10-RC-015688","Region 10, Atlanta, Georgia","First Transit, Inc.",2008-04-02,2008-05-19,"Savannah","GA","A",2008-05-09,23,NA,"AMALGAMATED TRANSIT UNION LOCAL 1324",17,NA,NA,NA,NA,0,17,"N",NA,"N","AMALGAMATED TRANSIT UNION LOCAL 1324","Initial","Single Labor Organization","Certific. of Representative","Closed","All full time and regular part time Van Drivers employed by the Employer located at the Savannah, Georgia facility, excluding all other employees, including Mechanics, Maintenance Employees, Dispatchers, Office Clerical employees, Guards and supervis",NA,NA,NA,37,2008-04-01,2008-04-01,"11-25",TRUE,"RC","Yes","AMALGAMATED TRANSIT UNION LOCAL 1324",1,"ATU",1,"Yes",6
"10-RC-015688",NA,"First Transit, Inc.",2008-04-02,2008-05-19,"Savannah","GA","A",2008-05-09,23,0,"Amalgamated Transit Union Local 1324",17,NA,NA,NA,NA,0,17,"N",0,"N","Amalgamated Transit Union Local 1324","Initial","Single Labor Organization","Certific. of Representative","Closed","All full time and regular part time Van Drivers employed by the Employer located at the Savannah, Georgia facility, excluding all other employees, including Mechanics, Maintenance Employees, Dispatchers, Office Clerical employees, Guards and supervisors as defined in the Act.",NA,NA,NA,37,2008-04-01,2008-04-01,"11-25",FALSE,"RC","Yes","Amalgamated Transit Union Local 1324",1,"ATU",1,"Yes",6
"21-RC-021024","Region 21, Los Angeles, California","M.V. Transportation, Inc.",2008-03-19,2008-06-25,"Arcadia","CA","A",2008-04-25,9,NA,"AMALGAMATED TRANSIT UNION, LOCAL 1756",7,NA,NA,NA,NA,1,8,"N",NA,"N","AMALGAMATED TRANSIT UNION, LOCAL 1756","Initial","Single Labor Organization","Certific. of Representative","Closed","Included:  All full-time and regular part-time dispatchers employed by the Employer at its facility located at 5640 Peck Road, Arcadia, California;

Excluded: All other employees, office clerical employees, professional employees, guards, and super",NA,NA,NA,37,2008-04-01,2008-01-01,"6-10",TRUE,"RC","Yes","AMALGAMATED TRANSIT UNION, LOCAL 1756",1,"ATU",0.875,"Yes",1
"12-RC-009305","Region 12, Tampa, Florida","MV Transportation",2008-03-03,2008-07-10,"Orlando","FL","A",2008-06-27,54,NA,"AMALGAMATED TRANSIT UNION, LOCAL 1596",37,NA,NA,NA,NA,4,41,"N",NA,"N",NA,"Rerun","Single Labor Organization","Certific. of Representative","Closed","All full-time, regular part-time and on-call *bus operators employed by the Employer at its facility located at Orlando International Airport, Orlando, Florida, who were employed during the payroll period ending March 7, 2008.

All office clerical",NA,NA,NA,116,2008-04-01,2008-01-01,"51-100",TRUE,"RC","Yes","AMALGAMATED TRANSIT UNION, LOCAL 1596",1,"ATU",0.902439024390244,"Yes",13
"12-RC-009305","Region 12, Tampa, Florida","MV Transportation",2008-03-03,2008-07-10,"Orlando","FL","A",2008-04-14,57,NA,"AMALGAMATED TRANSIT UNION, LOCAL 1596",42,NA,NA,NA,NA,5,47,"N",NA,"N","AMALGAMATED TRANSIT UNION, LOCAL 1596","Initial","Single Labor Organization","Certific. of Representative","Closed","All full-time, regular part-time and on-call *bus operators employed by the Employer at its facility located at Orlando International Airport, Orlando, Florida, who were employed during the payroll period ending March 7, 2008.

All office clerical",NA,NA,NA,42,2008-04-01,2008-01-01,"51-100",FALSE,"RC","Yes","AMALGAMATED TRANSIT UNION, LOCAL 1596",1,"ATU",0.893617021276596,"Yes",10
"12-RC-009306","Region 12, Tampa, Florida","Grant Transportation",2008-03-03,2008-05-01,"Orlando","FL","A",2008-04-14,17,NA,"AMALGAMATED TRANSIT UNION, LOCAL 1596",15,NA,NA,NA,NA,0,15,"N",NA,"N","AMALGAMATED TRANSIT UNION, LOCAL 1596","Initial","Single Labor Organization","Certific. of Representative","Closed","All full-time, regular part-time and on-call *bus operators and fuelers employed by the Employer at its facility located at Orlando International Airport, Orlando, Florida, who were employed during the payroll period ending March 7, 2008.

All offi",NA,NA,NA,42,2008-04-01,2008-01-01,"11-25",TRUE,"RC","Yes","AMALGAMATED TRANSIT UNION, LOCAL 1596",1,"ATU",1,"Yes",2
"12-RC-009306",NA,"Grant Transportation",2008-03-03,2008-05-01,"Orlando","FL","A",2008-04-14,17,0,"Amalgamated Transit Union, Local 1596",15,NA,NA,NA,NA,0,15,"N",0,"N","Amalgamated Transit Union, Local 1596","Initial","Single Labor Organization","Certific. of Representative","Closed","All full-time, regular part-time and on-call *bus operators and fuelers employed by the Employer at its facility located at Orlando International Airport, Orlando, Florida, who were employed during the payroll period ending March 7, 2008.

All office clerical employees, dispatchers, guards and supervisors as defined in the Act. 

*An on-call employee in one of the job classifications listed in the inclusions above is eligible to vote if the individual worked an average of 4 hours per week during the 13 week period ending on March 7, 2008, has not been discharged for cause, and has not voluntarily quit.",NA,NA,NA,42,2008-04-01,2008-01-01,"11-25",FALSE,"RC","Yes","Amalgamated Transit Union, Local 1596",1,"ATU",1,"Yes",2
"06-RC-012624","Region 06, Pittsburgh, Pennsylvania","88 Transit Lines, Inc.",2008-02-29,2008-04-21,"Charleroi","PA","A",2008-04-11,29,NA,"Amalgamated Transit Union, Local 1743, AFL-CIO, CLC",20,NA,NA,NA,NA,8,28,"N",NA,"N","Amalgamated Transit Union, Local 1743, AFL-CIO, CLC","Initial","Single Labor Organization","Certific. of Representative","Closed","All full-time and regular part-time bus drivers, bus washers/bus cleaners and mechanics employed by the Employer at its Charleroi, Pennsylvania, facility; excluding all office clerical employees, temporary employees employed by outside employment age",NA,NA,NA,42,2008-04-01,2008-01-01,"26-50",TRUE,"RC","Yes","Amalgamated Transit Union, Local 1743, AFL-CIO, CLC",1,"ATU",0.714285714285714,"Yes",1
"19-RC-015061","Region 19, Seattle, Washington","First Student, Inc.",2008-01-25,2008-03-03,"Helena","MT","A",2008-02-22,103,NA,"AMALGAMATED TRANSIT UNION LOCAL 381",60,NA,NA,NA,NA,17,77,"N",3,"N","AMALGAMATED TRANSIT UNION LOCAL 381","Initial","Single Labor Organization","Certific. of Representative","Closed","All full-time and regular part-time school bus drivers and standby drivers, bus attendants, aides, and mechanics employed by the Employer at its Helena, Montana facility; excluding all office clerical employees, classroom instructors, dispatchers, te",NA,NA,NA,28,2008-01-01,2008-01-01,"101-500",TRUE,"RC","Yes","AMALGAMATED TRANSIT UNION LOCAL 381",1,"ATU",0.779220779220779,"Yes",26
"12-RC-009298","Region 12, Tampa, Florida","MV Transportation",2008-01-23,2008-04-29,"West Palm Beach","FL","A",2008-04-11,15,NA,"AMALGAMATED TRANSIT UNION, LOCAL 1577",1,NA,NA,NA,NA,13,14,"N",1,"N",NA,"Initial","Single Labor Organization","Certific. of Representative","Closed","All full-time and regular part-time road supervisors, window dispatchers, dispatchers, lead dispatchers, administrative assistant and maintenance clerks employed by the Employer at its facilities located at 3301 Electronics Way, West Palm Beach, Flor",NA,NA,NA,79,2008-04-01,2008-01-01,"11-25",TRUE,"RC","Yes","AMALGAMATED TRANSIT UNION, LOCAL 1577",1,"ATU",0.0714285714285714,"Yes",1
"20-RC-018170","Region 20, San Francisco, California","MV Transportation",2008-01-15,2008-03-13,"Petaluma","CA","A",2008-02-22,11,1,"AMALGAMATED TRANSIT UNION LOCAL 1575",9,NA,NA,NA,NA,1,10,"N",NA,"N","AMALGAMATED TRANSIT UNION LOCAL 1575","Initial","Single Labor Organization","Certific. of Representative","Closed","Included:  All full-time and regular part-time drivers, mechanics, and utility workers employed by the Employer at its Petaluma facility located at 555 N. McDowell Blvd., Petaluma, California;
excluding all dispatchers, clerical employees, guards, a",NA,NA,NA,38,2008-01-01,2008-01-01,"11-25",TRUE,"RC","Yes","AMALGAMATED TRANSIT UNION LOCAL 1575",1,"ATU",0.9,"Yes",1
"01-RC-022175","Region 01, Boston, Massachusetts","NorthEast Transit Services Inc.",2007-12-26,2008-01-28,"Brockton","MA","A",2008-01-18,2,NA,"AMALGAMATED TRANSIT UNION LOCAL 1547, AFL-CIO-CLC",2,NA,NA,NA,NA,0,2,"N",NA,"N","AMALGAMATED TRANSIT UNION LOCAL 1547, AFL-CIO-CLC","Initial","Single Labor Organization","Certific. of Representative","Closed","All full-time and regular part-time monitors employed by the Employer at its 1442 Main Street, Brockton, Massachusetts location, but excluding all other employees, guards and supervisors as defined in the Act.

If a majority of valid ballots are ca",NA,NA,NA,23,2008-01-01,2007-10-01,"<5",TRUE,"RC","Yes","AMALGAMATED TRANSIT UNION LOCAL 1547, AFL-CIO-CLC",1,"ATU",1,"Yes",0
"01-RC-022175",NA,"NorthEast Transit Services Inc.",2007-12-26,2008-01-28,"Brockton","MA","A",2008-01-18,2,0,"Amalgamated Transit Union Local 1547, AFL-CIO-CLC",2,NA,NA,NA,NA,0,2,"N",0,"N","Amalgamated Transit Union Local 1547, AFL-CIO-CLC","Initial","Single Labor Organization","Certific. of Representative","Closed","All full-time and regular part-time monitors employed by the Employer at its 1442 Main Street, Brockton, Massachusetts location, but excluding all other employees, guards and supervisors as defined in the Act.

If a majority of valid ballots are cast for the Amalgamated Transit Union Local 15477, they will be taken to have indicated the employees' desire to be included in the existing unit of all full-time and regular part-time drivers and customer service representatives represented by the Amalgamated Transit Union Local 1547.  If a majority of valid ballots are not cast for representation, they will be taken to have indicated the employees' desire to remain unrepresented.",NA,NA,NA,23,2008-01-01,2007-10-01,"<5",FALSE,"RC","Yes","Amalgamated Transit Union Local 1547, AFL-CIO-CLC",1,"ATU",1,"Yes",0
"27-RC-008509","Region 27, Denver, Colorado","First Group (aka Laidlaw and First Transit)",2007-12-10,2008-01-23,"Commerce City","CO","A",2008-01-11,262,NA,"AMALGAMATED TRANSIT UNION, LOCAL 1001",138,NA,NA,NA,NA,70,208,"N",8,"N","AMALGAMATED TRANSIT UNION, LOCAL 1001","Initial","Single Labor Organization","Certific. of Representative","Closed","INCLUDED:  All full-time and part-time bus drivers employed by the Employer at its Commerce City, Colorado facility.

EXCLUDED;  All office clerical employees, maintenance employees, supervisor/dispatchers, trainers, professional employees, confide",NA,NA,NA,32,2008-01-01,2007-10-01,"101-500",TRUE,"RC","Yes","AMALGAMATED TRANSIT UNION, LOCAL 1001",1,"ATU",0.663461538461538,"Yes",54
"13-RD-002578","Region 13, Chicago, Illinois","First Group, Inc.",2007-11-05,2008-01-03,"Batavia","IL","A",2007-12-18,177,1,"AMALGAMATED TRANSIT UNION LOCAL 1028",64,NA,NA,NA,NA,83,147,"N",1,"N",NA,"Initial","Single Labor Organization","Certification of Results","Closed","All full time and regular part time School Bus Drivers and Monitors at the Employer's facility currently located at 1000 Swanson Dr., Batavia IL; but excluding all Dispatchers, Mechanics, Office Clerical Employees and Guards, professional employees a",NA,NA,NA,43,2007-10-01,2007-10-01,"101-500",TRUE,"RD","Yes","AMALGAMATED TRANSIT UNION LOCAL 1028",1,"ATU",0.435374149659864,"No",30
"19-RC-015026","Region 19, Seattle, Washington","First Group",2007-10-30,2007-12-14,"Bozeman","MT","A",2007-12-06,62,NA,"ATU LOCAL 381",35,NA,NA,NA,NA,15,50,"N",1,"N","ATU LOCAL 381","Initial","Single Labor Organization","Certific. of Representative","Closed","Included:  All full-time and regular part-time school bus drivers, special needs bus drivers, transit bus drivers, and special needs attendants/aides employed by the Employer at its Bozeman, Montana facility; excluding all office clerical, maintenanc",NA,NA,NA,37,2007-10-01,2007-10-01,"51-100",TRUE,"RC","Yes","ATU LOCAL 381",1,"ATU",0.7,"Yes",12
"06-RC-012610","Region 06, Pittsburgh, Pennsylvania","First Student, Inc.",2007-10-25,2007-12-11,"Wall","PA","A",2007-11-30,56,NA,"Amalgamated Transit Union, Local 1729, AFL-CIO",36,NA,NA,NA,NA,14,50,"N",2,"N","Amalgamated Transit Union, Local 1729, AFL-CIO","Initial","Single Labor Organization","Certific. of Representative","Closed","All full-time and regular part-time drivers, monitors and trainers employed by the Employer at its Wall, Pennsylvania, facility; excluding all office clerical employees, maintenance employees, dispatchers and guards, professional employees and superv",NA,NA,NA,36,2007-10-01,2007-10-01,"51-100",TRUE,"RC","Yes","Amalgamated Transit Union, Local 1729, AFL-CIO",1,"ATU",0.72,"Yes",6
"32-RC-005534","Region 32, Oakland, California","MV Transportation, Inc.",2007-10-19,2008-04-02,"Lodi","CA","A",2007-12-21,42,NA,"AMALGAMATED TRANSIT UNION, LOCAL #276",20,NA,NA,NA,NA,20,40,"N",NA,"N",NA,"Rerun","Single Labor Organization","Withdrawal Non-adjusted","Closed","All full-time and regular part-time bus operators, dial-a-ride operators, dispatchers, and utility workers employed by the Employer at its Lodi, California facility; excluding all office clerical employees, guards, and supervisors as defined by the A",NA,NA,NA,63,2007-10-01,2007-10-01,"26-50",TRUE,"RC","Yes","AMALGAMATED TRANSIT UNION, LOCAL #276",1,"ATU",0.5,"Other",2
"32-RC-005534",NA,"MV Transportation, Inc.",2007-10-19,2008-04-02,"Lodi","CA","A",2007-12-21,42,NA,"Amalgamated Transit Union, Local #276",20,NA,NA,NA,NA,20,40,"N",0,"N",NA,"Initial","Revised Single Labor Org","Withdrawal","Closed","All full-time and regular part-time bus operators, dial-a-ride operators, dispatchers, and utility workers employed by the Employer at its Lodi, California facility; excluding all office clerical employees, guards, and supervisors as defined by the Act.",NA,NA,NA,63,2007-10-01,2007-10-01,"26-50",FALSE,"RC","Yes","Amalgamated Transit Union, Local #276",1,"ATU",0.5,"Other",2
"32-RC-005534","Region 32, Oakland, California","MV Transportation, Inc.",2007-10-19,2008-04-02,"Lodi","CA","A",2007-11-30,42,NA,"AMALGAMATED TRANSIT UNION, LOCAL #276",20,NA,NA,NA,NA,20,40,"N",2,"Y",NA,"Initial","Single Labor Organization","Withdrawal Non-adjusted","Closed","All full-time and regular part-time bus operators, dial-a-ride operators, dispatchers, and utility workers employed by the Employer at its Lodi, California facility; excluding all office clerical employees, guards, and supervisors as defined by the A",NA,NA,NA,42,2007-10-01,2007-10-01,"26-50",FALSE,"RC","Yes","AMALGAMATED TRANSIT UNION, LOCAL #276",1,"ATU",0.5,"Other",2
"32-RC-005534",NA,"MV Transportation, Inc.",2007-10-19,2008-04-02,"Lodi","CA","A",2007-11-30,42,0,"Amalgamated Transit Union, Local #276",20,NA,NA,NA,NA,20,40,"N",2,"Y",NA,"Initial","Single Labor Organization","Withdrawal","Closed","All full-time and regular part-time bus operators, dial-a-ride operators, dispatchers, and utility workers employed by the Employer at its Lodi, California facility; excluding all office clerical employees, guards, and supervisors as defined by the Act.",NA,NA,NA,42,2007-10-01,2007-10-01,"26-50",FALSE,"RC","Yes","Amalgamated Transit Union, Local #276",1,"ATU",0.5,"Other",2
"06-RC-012609","Region 06, Pittsburgh, Pennsylvania","First Transit, Inc.",2007-10-12,2007-11-30,"Springdale","PA","A",2007-11-19,15,NA,"AMALGAMATED TRANSIT  UNION, LOCAL 1729, AFL-CIO",12,NA,NA,NA,NA,1,13,"N",NA,"N","AMALGAMATED TRANSIT  UNION, LOCAL 1729, AFL-CIO","Initial","Single Labor Organization","Certific. of Representative","Closed","All full-time and regular part-time drivers employed by the Employer at its Springdale, Pennsylvania, facility; excluding all office clerical employees, dispatchers and guards, professional employees and supervisors as defined in the Act.",NA,NA,NA,38,2007-10-01,2007-10-01,"11-25",TRUE,"RC","Yes","AMALGAMATED TRANSIT  UNION, LOCAL 1729, AFL-CIO",1,"ATU",0.923076923076923,"Yes",2
"22-RC-012840","Region 22, Newark, New Jersey","Veolia Transportation",2007-08-31,2007-10-23,"Union","NJ","A",2007-10-12,6,NA,"AMALGAMATED TRANSIT UNION DIVISION 819",4,NA,NA,NA,NA,1,5,"N",NA,"N","AMALGAMATED TRANSIT UNION DIVISION 819","Initial","Single Labor Organization","Certific. of Representative","Closed","Inc. Office -Clerical - Dispatchers.
Exc. Supervisory- drivers.",NA,NA,NA,42,2007-10-01,2007-07-01,"6-10",TRUE,"RC","Yes","AMALGAMATED TRANSIT UNION DIVISION 819",1,"ATU",0.8,"Yes",1
"13-RC-021671","Region 13, Chicago, Illinois","Laidlaw Transit Inc.",2007-08-31,2007-10-17,"Glenivew","IL","A",2007-10-05,65,NA,"AMALGAMATED TRANSIT UNION LOCAL 1733",33,NA,NA,NA,NA,7,40,"N",2,"N","AMALGAMATED TRANSIT UNION LOCAL 1733","Initial","Single Labor Organization","Certific. of Representative","Closed","all full-time and regular part-time drivers employed by the Employer at its facility currently located at 1832 Pickwick Lane, Glenview, IL 60025;  but excluding all confidential employees, dispatchers, maintenance employees, office clerical employees",NA,NA,NA,35,2007-10-01,2007-07-01,"51-100",TRUE,"RC","Yes","AMALGAMATED TRANSIT UNION LOCAL 1733",1,"ATU",0.825,"Yes",25
"18-RC-017518","Region 18, Minneapolis, Minnesota","Rochester City Lines Company, Inc.",2007-07-23,2007-10-10,"Rochester","MN","A",2007-10-03,44,NA,"AMALGAMATED TRANSIT UNION LOCAL 1005",35,NA,NA,NA,NA,9,44,"N",5,"N","AMALGAMATED TRANSIT UNION LOCAL 1005","Initial","Single Labor Organization","Certific. of Representative","Closed","All full-time and regular part-time transit bus drivers and dispatchers employed by the Employer at or out of its 1825 North Broadway facility in Rochester, Minnesota; excluding commuter drivers, charter drivers, office clerical employees, sales empl",NA,NA,NA,72,2007-10-01,2007-07-01,"26-50",TRUE,"RC","Yes","AMALGAMATED TRANSIT UNION LOCAL 1005",1,"ATU",0.795454545454545,"Yes",0
"22-RC-012819","Region 22, Newark, New Jersey","ACS Transport Solutions Inc.",2007-07-09,2007-09-14,"Somerset","NJ","A",2007-08-29,35,NA,"AMALGAMATED TRANSIT UNION LOCAL 880",6,NA,NA,NA,NA,28,34,"N",NA,"N",NA,"Initial","Single Labor Organization","Certification of Results","Closed","Included:  Full time and Part time dispatchers, field technicians and bench technicians

Excluded:",NA,NA,NA,51,2007-07-01,2007-07-01,"26-50",TRUE,"RC","Yes","AMALGAMATED TRANSIT UNION LOCAL 880",1,"ATU",0.176470588235294,"No",1
"25-RD-001507","Region 25, Indianapolis, Indiana","Southeastern Trailways",2007-07-05,2007-09-05,"Indianapolis","IN","A",2007-08-28,27,NA,"Amalgamated Transit Union, Local 1493",8,NA,NA,NA,NA,11,19,"N",NA,"N",NA,"Initial","Single Labor Organization","Certification of Results","Closed","All full-time and regular part-time bus drivers, maintenance and garage personnel employed by the Employer at its Indianapolis, Indiana facility;

BUT EXCLUDING all office clerical employees, garage clerical employees, professional employees and al",NA,NA,NA,54,2007-07-01,2007-07-01,"26-50",TRUE,"RD","Yes","Amalgamated Transit Union, Local 1493",1,"ATU",0.421052631578947,"No",8
"12-RC-009265","Region 12, Tampa, Florida","Palm Beach Metro Transportation LLC",2007-07-02,2008-03-06,"West Palm Beach","FL","A",2007-08-10,130,NA,"AMALGAMATED TRANSIT UNION, LOCAL 1577",51,NA,NA,NA,NA,50,101,"N",NA,"N","AMALGAMATED TRANSIT UNION, LOCAL 1577","Initial","Single Labor Organization","Certific. of Representative","Closed","All full time and regular part time operators employed by the Employer performing para-transit duties for Palm Beach County out of its facility located at 6620 Lakeside Road, West Palm Beach, FL; who were employed during the payroll period ending Jun",NA,NA,NA,39,2007-07-01,2007-07-01,"101-500",TRUE,"RC","Yes","AMALGAMATED TRANSIT UNION, LOCAL 1577",1,"ATU",0.504950495049505,"Yes",29
"27-RC-008490","Region 27, Denver, Colorado","Veolia Transportation",2007-06-18,2007-07-30,"Englewood","CO","A",2007-07-20,251,NA,"AMALGAMATED TRANSIT UNION, LOCAL 1001",103,NA,NA,NA,NA,75,178,"N",2,"N","AMALGAMATED TRANSIT UNION, LOCAL 1001","Initial","Single Labor Organization","Certific. of Representative","Closed","Included:  All full-time and regular part-time bus drivers employed by the Employer from its Englewood, CO  facility.

Excluded:  All office clerical employees, maintenance employees, dispatchers, trainers, guards & supervisors as defined in the Ac",NA,NA,NA,32,2007-07-01,2007-04-01,"101-500",TRUE,"RC","Yes","AMALGAMATED TRANSIT UNION, LOCAL 1001",1,"ATU",0.578651685393258,"Yes",73
"19-RC-014995","Region 19, Seattle, Washington","People For People",2007-06-14,2007-07-31,"Moses Lake","WA","A",2007-07-23,59,NA,"ATU LOCAL 1015",12,NA,NA,NA,NA,42,54,"N",1,"N",NA,"Initial","Single Labor Organization","Certification of Results","Closed","All regular full-time and regular part-time fixed route and paratransit drivers, dispatchers, and schedulers employed by the Employer and working out of or dispatched from its Moses Lake, Washington facility: excluding all administrative staff, maint",NA,NA,NA,39,2007-07-01,2007-04-01,"51-100",TRUE,"RC","Yes","ATU LOCAL 1015",1,"ATU",0.222222222222222,"No",5
"03-RC-011763","Region 03, Buffalo, New York","Carrier Coach, Inc.",2007-06-12,2007-09-04,"Cheektowaga","NY","A",2007-08-17,34,1,"AMALGAMATED TRANSIT UNION, LOCAL 1625",11,NA,NA,NA,NA,19,30,"N",2,"N",NA,"Initial","Single Labor Organization","Certification of Results","Closed","All full-time and regular part-time drivers and monitors employed by the Employer and dispatched from the Niagara Falls dispatch facility located at 2393 Niagara Falls Boulevard, Niagara Falls, New York; excluding all office clerical employees, super",NA,NA,NA,66,2007-07-01,2007-04-01,"26-50",TRUE,"RC","Yes","AMALGAMATED TRANSIT UNION, LOCAL 1625",1,"ATU",0.366666666666667,"No",4
"05-RC-016113","Region 05, Baltimore, Maryland","Battle's Transportation, Inc.",2007-06-05,2007-07-16,"Washington","DC","A",2007-06-29,69,NA,"AMALGAMATED TRANSIT UNION, LOCAL 1764",38,NA,NA,NA,NA,3,41,"N",1,"N","AMALGAMATED TRANSIT UNION, LOCAL 1764","Initial","Single Labor Organization","Certific. of Representative","Closed","All full-time and regular part-time bus drivers employed by the Employer at its Washington, D.C. facility; but excluding dispatchers, replacement drivers, office clerical employees, managerial employees, professional employees, guards and supervisors",NA,NA,NA,24,2007-04-01,2007-04-01,"51-100",TRUE,"RC","Yes","AMALGAMATED TRANSIT UNION, LOCAL 1764",1,"ATU",0.926829268292683,"Yes",28
"01-RC-022111","Region 01, Boston, Massachusetts","Atlantic Express a/k/a Robert L. McCarthy, Inc.",2007-04-25,2007-06-18,"Brookfield","MA","A",2007-06-06,176,NA,"AMALGAMATED TRANSIT UNION, LOCAL 448, AFL-CIO",49,NA,NA,NA,NA,97,146,"N",16,"N",NA,"Initial","Single Labor Organization","Certification of Results","Closed","All full-time and regular part-time school bus drivers, spare drivers, mechanics, van drivers, and escorts employed by the Employer at its facilities located at Hubbardston, Massachusetts, Brookfield, Massachusetts, Gilbertsville, Massachusetts, Rutl",NA,NA,NA,42,2007-04-01,2007-04-01,"101-500",TRUE,"RC","Yes","AMALGAMATED TRANSIT UNION, LOCAL 448, AFL-CIO",1,"ATU",0.335616438356164,"No",30
"36-RC-006383","Region 19, Seattle, Washington","Oregon Housing and Associated Services, Inc.",2007-04-05,2007-05-23,"Sandy","OR","A",2007-05-15,16,NA,"AMALGAMATED TRANSIT UNION, LOCAL 757",6,NA,NA,NA,NA,8,14,"N",NA,"N",NA,"Initial","Single Labor Organization","Certification of Results","Closed","All full-time and regular part-time drivers and dispatchers employed by the Employer at or out of the Sandy, Oregon location; but excluding all office clerical employees, confidential employees, managers, guards and supervisors as defined in the Act,",NA,NA,NA,40,2007-04-01,2007-04-01,"11-25",TRUE,"RC","Yes","AMALGAMATED TRANSIT UNION, LOCAL 757",1,"ATU",0.428571428571429,"No",2
"04-RC-021281","Region 04, Philadelphia, Pennsylvania","Laidlaw Transit, Inc.",2007-04-03,2007-05-30,"Center Valley","PA","A",2007-05-18,57,NA,"AMALGAMATED TRANSIT UNION LOCAL 1603",27,NA,NA,NA,NA,24,51,"N",2,"N","AMALGAMATED TRANSIT UNION LOCAL 1603","Initial","Single Labor Organization","Certific. of Representative","Closed","INCLUDED:  All full-time and regular part-time bus drivers, van drivers, mechanics and monitors employed by the Employer at its Preston Lane, Center Valley, Pennsylvania facility.
EXCLUDED:  All other employees, managers, temporary employees, cleric",NA,NA,NA,45,2007-04-01,2007-04-01,"51-100",TRUE,"RC","Yes","AMALGAMATED TRANSIT UNION LOCAL 1603",1,"ATU",0.529411764705882,"Yes",6
"36-RC-006378","Region 19, Seattle, Washington","Oregon Housing and Associated Services, Inc.",2007-03-19,2007-05-07,"Canby","OR","A",2007-04-27,18,NA,"AMALGAMATED TRANSIT UNION, DIVISION 757",11,NA,NA,NA,NA,6,17,"N",NA,"N","AMALGAMATED TRANSIT UNION, DIVISION 757","Initial","Single Labor Organization","Certific. of Representative","Closed","All full-time and regular part-time drivers and dispatchers employed by the Employer at or out of the Canby, Oregon location; but excluding all office clerical employees, confidential employees, managers, guards and supervisors as defined in the Act,",NA,NA,NA,39,2007-04-01,2007-01-01,"11-25",TRUE,"RC","Yes","AMALGAMATED TRANSIT UNION, DIVISION 757",1,"ATU",0.647058823529412,"Yes",1
"11-RC-006661","Region 10, Atlanta, Georgia","Veolia Transportation, Inc.",2007-03-02,2007-04-20,"Charleston","SC","A",2007-03-29,4,NA,"AMALGAMATED TRANSIT UNION, LOCAL 610",4,NA,NA,NA,NA,0,4,"N",NA,"N","AMALGAMATED TRANSIT UNION, LOCAL 610","Initial","Single Labor Organization","Certific. of Representative","Closed","All full-time and regular part-time para transit dispatchers, schedulers and reservation employees meployed by the Wmployer at its North Charleston, South carolina facility; excluding all other employees, office clerical employees, and guards, profes",NA,NA,NA,27,2007-01-01,2007-01-01,"<5",TRUE,"RC","Yes","AMALGAMATED TRANSIT UNION, LOCAL 610",1,"ATU",1,"Yes",0
"11-RC-006661",NA,"Veolia Transportation, Inc.",2007-03-02,2007-04-20,"North Charleston","SC","A",2007-03-29,4,0,"Amalgamated Transit Union, Local 610",4,NA,NA,NA,NA,0,4,"N",0,"N","Amalgamated Transit Union, Local 610","Initial","Single Labor Organization","Certific. of Representative","Closed","All full-time and regular part-time para transit dispatchers, schedulers and reservation employees meployed by the Wmployer at its North Charleston, South carolina facility; excluding all other employees, office clerical employees, and guards, professional employees, and supervisors as defined in the Act.

If a majority of valid balltos are cast for the incumbent, they will be taken to have indicated the employees' desire to be included in the existing para transit drivers unit currently represented by the Amalgamated Transit Union, Local 610.  If a majority of valid ballots are case against representation, they will be taken to have indicated the employees' desire to reamin unrepresented.  In any event, a certification of results will issue.",NA,NA,NA,27,2007-01-01,2007-01-01,"<5",FALSE,"RC","Yes","Amalgamated Transit Union, Local 610",1,"ATU",1,"Yes",0
"04-RC-021255","Region 04, Philadelphia, Pennsylvania","Laidlaw Transportation",2007-02-01,2007-03-27,"Northampton","PA","A",2007-03-16,113,NA,"AMALGAMATED TRANSIT UNION LOCAL 1603",44,NA,NA,NA,NA,64,108,"N",1,"N",NA,"Initial","Single Labor Organization","Certification of Results","Closed","INCLUDED:  All full-time and regular part-time bus drivers, van drivers and mechanics employd by the Employer at its 3354 W. Beersville Road, Northampton, Pennsylvania facility and its 4181 Lehigh Drive, Cherryville, Pennsylvania facility.
EXCLUDED:",NA,NA,NA,43,2007-01-01,2007-01-01,"101-500",TRUE,"RC","Yes","AMALGAMATED TRANSIT UNION LOCAL 1603",1,"ATU",0.407407407407407,"No",5
"05-RC-016076","Region 05, Baltimore, Maryland","Greyhound Lines, Inc.",2007-01-19,2007-03-19,"Baltimore","MD","A",2007-03-02,35,NA,"AMALGAMATED TRANSIT UNION NATIONAL LOCAL UNION 1700",4,NA,NA,NA,NA,26,30,"N",NA,"N",NA,"Initial","Single Labor Organization","Certification of Results","Closed","All full-time and regular part-time, CSAs, including ticket agents, baggage and GPX employees, janitors, utility workers, leads, and greeters employed by the Employer at its two Baltimore, Maryland terminals; Excluding office clericals, report clerks",NA,NA,NA,42,2007-01-01,2007-01-01,"26-50",TRUE,"RC","Yes","AMALGAMATED TRANSIT UNION NATIONAL LOCAL UNION 1700",1,"ATU",0.133333333333333,"No",5
"21-RD-002824","Region 21, Los Angeles, California","Veolia Transportation Services, Inc.",2006-12-21,2007-02-12,"Chula Vista","CA","A",2007-02-01,85,NA,"SAN DIEGO BUS DRIVERS' UNION LOCAL 1309, AMALGAMATED TRANSIT UNION, AFL-CIO/CLC",22,NA,NA,NA,NA,35,57,"N",NA,"N",NA,"Initial","Single Labor Organization","Certification of Results","Closed","All full-time and regular part-time bus drivers, all extra board drivers, all mechanics and service workers, employed by the Employer at its facility located at 1800 Maxwell Road, Chula Vista, California; excluding office clerical employees, professi",NA,NA,NA,42,2007-01-01,2006-10-01,"51-100",TRUE,"RD","Yes","SAN DIEGO BUS DRIVERS' UNION LOCAL 1309, AMALGAMATED TRANSIT UNION, AFL-CIO/CLC",1,"ATU",0.385964912280702,"No",28
"36-RC-006365","Region 19, Seattle, Washington","Paratransit Services, Inc.",2006-12-19,2007-06-06,"Bend","OR","A",2007-02-09,36,NA,"AMALGAMATED TRANSIT UNION, DIVISION 757",19,NA,NA,NA,NA,15,34,"N",3,"N","AMALGAMATED TRANSIT UNION, DIVISION 757","Rerun","Single Labor Organization","Certific. of Representative","Closed","All full-time, part-time and occasional operators/drivers, including fixed route drivers, dispatchers/call takers, and customer service representatives employed by the Employer out of its Bend, Oregon facility; but excluding managers, service analyst",NA,NA,NA,52,2007-01-01,2006-10-01,"26-50",TRUE,"RC","Yes","AMALGAMATED TRANSIT UNION, DIVISION 757",1,"ATU",0.558823529411765,"Yes",2
"36-RC-006365",NA,"Paratransit Services, Inc.",2006-12-19,2007-06-06,"Bend","OR","A",2007-02-09,36,0,"Amalgamated Transit Union, Division 757",19,NA,NA,NA,NA,15,34,"N",3,"N","Amalgamated Transit Union, Division 757","Initial","Revised Single Labor Org","Certific. of Representative","Closed","All full-time, part-time and occasional operators/drivers, including fixed route drivers, dispatchers/call takers, and customer service representatives employed by the Employer out of its Bend, Oregon facility; but excluding managers, service analysts, transit services supervisors, training safety supervisors, and guards, professional employees and supervisors as defined by the Act.",NA,NA,NA,52,2007-01-01,2006-10-01,"26-50",FALSE,"RC","Yes","Amalgamated Transit Union, Division 757",1,"ATU",0.558823529411765,"Yes",2
"36-RC-006365","Region 19, Seattle, Washington","Paratransit Services, Inc.",2006-12-19,2007-06-06,"Bend","OR","A",2007-01-29,36,NA,"AMALGAMATED TRANSIT UNION, DIVISION 757",19,NA,NA,NA,NA,15,34,"N",5,"Y",NA,"Initial","Single Labor Organization","Certific. of Representative","Closed","All full-time, part-time and occasional operators/drivers, including fixed route drivers, dispatchers/call takers, and customer service representatives employed by the Employer out of its Bend, Oregon facility; but excluding managers, service analyst",NA,NA,NA,41,2007-01-01,2006-10-01,"26-50",FALSE,"RC","Yes","AMALGAMATED TRANSIT UNION, DIVISION 757",1,"ATU",0.558823529411765,"Yes",2
"28-RC-006482","Region 28, Phoenix, Arizona","Laidlaw Transit ",2006-11-17,2007-01-04,"Glendale","AZ","A",2006-12-22,16,NA,"AMALGAMATED TRANSIT  UNION, LOCAL 1433, AFL-CIO",8,NA,NA,NA,NA,1,9,"N",NA,"N","AMALGAMATED TRANSIT  UNION, LOCAL 1433, AFL-CIO","Initial","Single Labor Organization","Certific. of Representative","Closed","Included:  All full time and regular part time fuelers/cleaners emloyed by the Employer at its 5150 North Tom Murray Drive, Glendale, Arizona facility. 

Excluded:  All other employees including mechanics, office clericals, drivers, confidential em",NA,NA,NA,35,2006-10-01,2006-10-01,"11-25",TRUE,"RC","Yes","AMALGAMATED TRANSIT  UNION, LOCAL 1433, AFL-CIO",1,"ATU",0.888888888888889,"Yes",7
"03-RD-001510",NA,"Grand island Transit Corporation",2006-10-31,2006-12-21,"Buffalo","NY","A",2006-12-12,44,3,"Amalgamated Transit Union Local 1342",24,NA,NA,NA,NA,14,38,"N",0,"N","Amalgamated Transit Union Local 1342","Initial","Single Labor Organization","Certific. of Representative","Closed","Included: All regular operators, all part time operators and all maintenance employees.

Excluded: All administrative, office clerical, stenographic, professional, technical, and all supervisory employees with authority to hire, promote, discharge or otherwise affect changes in the status of employees,",NA,NA,NA,42,2006-10-01,2006-10-01,"26-50",TRUE,"RD","Yes","Amalgamated Transit Union Local 1342",1,"ATU",0.631578947368421,"Yes",6
"29-RC-011389","Region 29, Brooklyn, New York","We-Towne LLC",2006-10-27,2007-11-08,"Plainview","NY","A",2006-12-08,137,NA,"LOCAL 1181-1061 AMALGAMATED TRANSIT UNION AFL-CIO",5,NA,NA,NA,NA,80,121,"N",6,"N",NA,"Initial","Single Labor Organization","Withdrawal Non-adjusted","Closed","Included:  All full-time and regular part-time drivers and escorts employed by Towne Bus LLC at its facility located at 875 Waverly Avenue, Holtsville, New York.

Excluded:  All drivers and escorts not employed by Towne Bus LLC who work out of the",NA,NA,NA,42,2006-10-01,2006-10-01,"101-500",TRUE,"RC","Yes","LOCAL 1181-1061 AMALGAMATED TRANSIT UNION AFL-CIO",1,"ATU",0.0588235294117647,"Other",52
"29-RC-011389",NA,"We-Towne LLC",2006-10-27,2007-11-08,"Planview","NY","A",2006-12-08,137,0,"Local 1181-1061 Amalgamated Transit Union AFL-CIO",5,NA,NA,NA,NA,80,121,"N",6,"N",NA,"Initial","Single Labor Organization","Withdrawal","Closed","Included:  All full-time and regular part-time drivers and escorts employed by Towne Bus LLC at its facility located at 875 Waverly Avenue, Holtsville, New York.

Excluded:  All drivers and escorts not employed by Towne Bus LLC who work out of the 875 Waverly Avenue facility under school transportation contracts involving business entities other than Towne Bus LLC, and who are already represented by Local 1181-1061, Amalgamated Transit Union, AFL-CIO;  mechanics, dispatchers, office clerical employees, guards, and supervisors as defined in the Act.",NA,NA,NA,42,2006-10-01,2006-10-01,"101-500",FALSE,"RC","Yes","Local 1181-1061 Amalgamated Transit Union AFL-CIO",1,"ATU",0.0588235294117647,"Other",52
"05-RC-016045",NA,"Veolia Transportation",2006-10-24,2006-12-13,"Herndon","VA","A",2006-12-01,15,0,"Amalgamated Transit Union, Local 1708",13,NA,NA,NA,NA,0,13,"N",0,"N","Amalgamated Transit Union, Local 1708","Initial","Single Labor Organization","Certific. of Representative","Closed","All full time and regular part time mechanics, utility mechanics and body mechanics employed by the Employer at its facility in Herndon, Virginia; but excluding all bus operators, casual employees, office clerical employees, managerial employees, maintenance employees, operations supervisors, maintenance director, professional employees, guards and supervisors as defined by the Act.",NA,NA,NA,38,2006-10-01,2006-10-01,"11-25",TRUE,"RC","Yes","Amalgamated Transit Union, Local 1708",1,"ATU",1,"Yes",2
"27-RC-008461",NA,"Laidlaw Transit Services, Inc.",2006-09-21,2006-10-31,"Colorado Springs","CO","A",2006-10-20,39,NA,"Amalgamated Transit Union, Local 19",22,NA,NA,NA,NA,12,34,"N",1,"N","Amalgamated Transit Union, Local 19","Initial","Single Labor Organization","Certific. of Representative","Closed","Included:  All full-time and regular part-time bus operators employed by the Employer at its Colorado Springs, CO facility located at 804 Nichols Blvd.

Excluded:  All dispatchers, clerical employees, mechanics, maintenance employees, guards and supervisors as defined in the Act and all other employees..",NA,NA,NA,29,2006-10-01,2006-07-01,"26-50",TRUE,"RC","Yes","Amalgamated Transit Union, Local 19",1,"ATU",0.647058823529412,"Yes",5
"29-RC-011373",NA,"Atlantic Express",2006-09-20,2006-11-17,"Brooklyn","NY","A",2006-11-06,4,0,"Local 1181-1061 Amalgamated Transit Union, AFL-CIO",4,NA,NA,NA,NA,0,4,"N",0,"N","Local 1181-1061 Amalgamated Transit Union, AFL-CIO","Initial","Single Labor Organization","Certific. of Representative","Closed","Included:  All full-time and regular part-time fuelers employed by the Employer at 1752 Shore Parkway, Brooklyn, New York.

Excluded:  All office clerical employees, guards and supervisors as defined in Section 2(11) of the Act.","Included:  All full-time and regular part-time fuelers employed by the Employer at 399 Exterior Street, Bronx, New York.

Excluded:  All office clerical employees, guards and supervisors as defined in Section 2(11) of the Act.",NA,NA,47,2006-10-01,2006-07-01,"<5",TRUE,"RC","Yes","Local 1181-1061 Amalgamated Transit Union, AFL-CIO",1,"ATU",1,"Yes",0
"29-RC-011373",NA,"Atlantic Express",2006-09-20,2006-11-17,"Brooklyn","NY","B",2006-11-06,4,0,"Local 1181-1061 Amalgamated Transit Union, AFL-CIO",4,NA,NA,NA,NA,0,4,"N",0,"N","Local 1181-1061 Amalgamated Transit Union, AFL-CIO","Initial","Single Labor Organization","Certific. of Representative","Closed","Included:  All full-time and regular part-time fuelers employed by the Employer at 1752 Shore Parkway, Brooklyn, New York.

Excluded:  All office clerical employees, guards and supervisors as defined in Section 2(11) of the Act.","Included:  All full-time and regular part-time fuelers employed by the Employer at 399 Exterior Street, Bronx, New York.

Excluded:  All office clerical employees, guards and supervisors as defined in Section 2(11) of the Act.",NA,NA,47,2006-10-01,2006-07-01,"<5",TRUE,"RC","Yes","Local 1181-1061 Amalgamated Transit Union, AFL-CIO",1,"ATU",1,"Yes",0
"06-RC-012548",NA,"Monark Student Transportation Corporation",2006-09-19,2006-11-06,"Gibsonia","PA","A",2006-10-27,83,0,"Amalgamated Transit Union, Local 1729, AFL-CIO, CLC",24,NA,NA,NA,NA,50,74,"N",8,"N",NA,"Initial","Single Labor Organization","Certification of Results","Closed","All full-time and regular part-time school bus drivers and monitors employed by the Employer at its Gibsonia, Pennsylvania, terminal; excluding all office clerical employees, mechanics, receptionists and guards, professional employees and supervisors as defined in the Act, and all other employees.",NA,NA,NA,38,2006-10-01,2006-07-01,"51-100",TRUE,"RC","Yes","Amalgamated Transit Union, Local 1729, AFL-CIO, CLC",1,"ATU",0.324324324324324,"No",9
"06-RC-012545",NA,"Laidlaw Educational Services, Inc.",2006-09-05,2006-10-24,"Wall","PA","A",2006-10-13,59,0,"Amalgamated Transit Union, Local 1729, AFL-CIO, CLC",14,NA,NA,NA,NA,35,49,"N",1,"N",NA,"Initial","Single Labor Organization","Certification of Results","Closed","All full-time and regular part-time school bus drivers and monitors employed by the Employer at its Wall, Pennsylvania, facility; excluding all office clerical employees, mechanics and guards, professional employees and supervisors as defined in the Act, and all other employees.",NA,NA,NA,38,2006-10-01,2006-07-01,"51-100",TRUE,"RC","Yes","Amalgamated Transit Union, Local 1729, AFL-CIO, CLC",1,"ATU",0.285714285714286,"No",10
"01-RC-022050",NA,"First Student",2006-08-23,2006-10-26,"Fitchburg","MA","A",2006-10-26,4,0,"Amalgamated Transit Union, Local 690, AFL-CIO-CLC",2,NA,NA,NA,NA,1,3,"N",0,"N",NA,"Initial","Revised Single Labor Org","Certific. of Representative","Closed","All full-time and regular part-time mechanics and technician-in-charge employed by the Employer at its 203 Airport Road, Hudson, Massachusetts facility, but excluding, office clerical employees, managerial employees, confidential employees, casual employees, guards and supervisors as defined in the Act.",NA,NA,NA,64,2006-10-01,2006-07-01,"<5",TRUE,"RC","Yes","Amalgamated Transit Union, Local 690, AFL-CIO-CLC",1,"ATU",0.666666666666667,"Yes",1
"01-RC-022050",NA,"First Student",2006-08-23,2006-10-26,"Fitchburg","MA","A",2006-09-29,4,0,"Amalgamated Transit Union, Local 690, AFL-CIO-CLC",2,NA,NA,NA,NA,1,3,"N",1,"Y",NA,"Initial","Single Labor Organization","Certific. of Representative","Closed","All full-time and regular part-time mechanics and technician-in-charge employed by the Employer at its 203 Airport Road, Hudson, Massachusetts facility, but excluding, office clerical employees, managerial employees, confidential employees, casual employees, guards and supervisors as defined in the Act.",NA,NA,NA,37,2006-07-01,2006-07-01,"<5",FALSE,"RC","Yes","Amalgamated Transit Union, Local 690, AFL-CIO-CLC",1,"ATU",0.666666666666667,"Yes",1
"07-RC-023014",NA,"MV Transportation, Inc.",2006-06-30,2006-08-07,"Grand Rapids","MI","A",2006-07-28,102,0,"Local 836, Amalgamated Transit Union, AFL-CIO",65,NA,NA,NA,NA,9,74,"N",0,"N","Local 836, Amalgamated Transit Union, AFL-CIO","Initial","Single Labor Organization","Certific. of Representative","Closed","All full-time and regular part-time drivers, mechanics, and utility employees employed by the Employer at, or based at, 125 Cottage Grove, S.E., but excluding dispatchers, office clerical employees and guards, professional employees and supervisors as defined in the Act.",NA,NA,NA,28,2006-07-01,2006-04-01,"101-500",TRUE,"RC","Yes","Local 836, Amalgamated Transit Union, AFL-CIO",1,"ATU",0.878378378378378,"Yes",28
"13-RC-021507",NA,"Cook-DuPage Transportation, Inc. Co.",2006-06-02,2006-07-14,"Chicago","IL","A",2006-06-30,514,2,"Amalgamated Transit Union Local 1028",292,NA,NA,NA,NA,81,373,"N",1,"N","Amalgamated Transit Union Local 1028","Initial","Single Labor Organization","Certific. of Representative","Closed","All full-time and regular part-time drivers employed by the Employer at its facility currently located at 1200 W. Fulton, Chicago, Illinois; but excluding all office clerical employees and guards, professional employees and supervisors as defined in the Act.",NA,NA,NA,28,2006-04-01,2006-04-01,"500>",TRUE,"RC","Yes","Amalgamated Transit Union Local 1028",1,"ATU",0.7828418230563,"Yes",141
"22-RC-012696",NA,"First Transit",2006-05-17,2006-07-06,"Lopatcong Township","NJ","A",2006-06-23,26,0,"Amalgamated Transit Union",14,NA,NA,NA,NA,10,24,"N",0,"N","Amalgamated Transit Union","Initial","Single Labor Organization","Certific. of Representative","Closed","All full-time and regular part-time drivers employed by the Employer at its 220 Belview Road, Lopatcong Township, NJ facility but excluding all office clerical employees, administrative assistants, reservation schedulers, safety trainers, dispatachers, guards and supervisors as defined in the Act, and all other employees.","All full-time and regular part-time drivers employed by the Employer at its 220 Belview Road, Lopatcong Township, NJ facility, but excluding all office clerical employees, administrative assistants, reservation schedulers, safety trainers, dispatchers, guards and supervisors as defined in the Act, and all other employees.",NA,NA,37,2006-04-01,2006-04-01,"26-50",TRUE,"RC","Yes","Amalgamated Transit Union",1,"ATU",0.583333333333333,"Yes",2
"05-RC-015988",NA,"Metro Health Tech",2006-05-10,2006-08-07,"Largo","MD","A",2006-06-16,33,0,"Amalgamated Transit Union, AFL-CIO",12,NA,NA,NA,NA,18,30,"N",1,"N",NA,"Initial","Single Labor Organization","Certification of Results","Closed","All drivers, mechanics and maintenance employees employed by the Employer at its Commerce Place, Largo, Maryland location; but excluding all office clerical employees, managerial employees, professional employees, guards and supervisors as defined in the Act.",NA,NA,NA,37,2006-04-01,2006-04-01,"26-50",TRUE,"RC","Yes","Amalgamated Transit Union, AFL-CIO",1,"ATU",0.4,"No",3
"05-RC-015980",NA,"Challenger Transportation",2006-05-01,2006-06-28,"Gaithersburg","MD","A",2006-06-09,97,1,"Amalgamated Transit Union",30,NA,NA,NA,NA,52,82,"N",1,"N",NA,"Initial","Single Labor Organization","Certification of Results","Closed","All drivers, mechanics and maintenance employees employed by the Employer at its Beechcraft Avenue, Gaithersburg, Maryland location; but excluding all office clerical employees, managerial employees, professional employees, guards and supervisors as defined in the Act.",NA,NA,NA,39,2006-04-01,2006-04-01,"51-100",TRUE,"RC","Yes","Amalgamated Transit Union",1,"ATU",0.365853658536585,"No",15
"14-RC-012605",NA,"MV Student Transportation, Inc.",2006-03-31,2006-05-22,"Florissant","MO","A",2006-05-12,179,1,"Amalgamated Transit Union, AFL-CIO",64,NA,NA,NA,NA,96,160,"N",0,"N",NA,"Initial","Single Labor Organization","Certification of Results","Closed","All school bus drivers and monitors/bus aides employed by the Employer at its 1832 Derhake, Florissant, Missouri facility, EXCLUDING office clerical and professional employees, guards and supervisors as defined in the Act, and all other employees.",NA,NA,NA,42,2006-04-01,2006-01-01,"101-500",TRUE,"RC","Yes","Amalgamated Transit Union, AFL-CIO",1,"ATU",0.4,"No",19
"11-RC-006632",NA,"Veolia Transportation, Inc.",2006-03-27,2006-05-10,"North Charleston","SC","A",2006-04-26,2,0,"Amalgamated Transit Union Local 610",2,NA,NA,NA,NA,0,2,"N",1,"N","Amalgamated Transit Union Local 610","Initial","Single Labor Organization","Certification of Results","Closed","All full-time and regular part-trime customer service representatives employed by the employer at its North Charleston, South Carolina facility; excluding all office clerical employees, and guards, professional employees, and supervisors as defined in the Act.",NA,NA,NA,30,2006-04-01,2006-01-01,"<5",TRUE,"RC","Yes","Amalgamated Transit Union Local 610",1,"ATU",1,"No",0
"01-RC-022002","Region 01, Boston, Massachusetts","Regional Transportation Program, Inc.",2006-03-24,2007-05-07,"Portland","ME","A",2007-04-25,9,NA,"AMALGAMATED TRANSIT UNION, LOCAL NO. 714, AFL-CIO",5,NA,NA,NA,NA,4,9,"N",NA,"N","AMALGAMATED TRANSIT UNION, LOCAL NO. 714, AFL-CIO","Initial","Single Labor Organization","Certific. of Representative","Closed","All full-time and regular operations supervisors, including senior operations supervisors and office workers, but excluding all other employees, drivers, managers, guards, and supervisors as defined in the Act.",NA,NA,NA,397,2007-04-01,2006-01-01,"6-10",TRUE,"RC","Yes","AMALGAMATED TRANSIT UNION, LOCAL NO. 714, AFL-CIO",1,"ATU",0.555555555555556,"Yes",0
"27-RC-008437",NA,"Senior Resource Development Agency (SRDA)",2006-03-13,2006-04-18,"Pueblo","CO","A",2006-04-07,28,0,"Amalgamated Transit Union,",22,NA,NA,NA,NA,3,25,"N",0,"N","Amalgamated Transit Union,","Initial","Single Labor Organization","Certific. of Representative","Closed","INcluded:  All drivers, dispatchers, reservationists.

Excluded:  All guards, and supervisors as defined in the Act.",NA,NA,NA,25,2006-04-01,2006-01-01,"26-50",TRUE,"RC","Yes","Amalgamated Transit Union,",1,"ATU",0.88,"Yes",3
"05-RC-015956",NA,"MV Transportation, Inc.",2006-03-06,2006-05-03,"Baltimore","MD","A",2006-04-14,173,1,"Amalgamated Transit Union, AFL-CIO",104,NA,NA,NA,NA,21,125,"N",2,"N","Amalgamated Transit Union, AFL-CIO","Initial","Single Labor Organization","Certific. of Representative","Closed","All full-time and regular part-time bus operators, paratransit drivers, sedan drivers and mechanics employed by the Employer at its Baltimore, Maryland facility, but excluding all dispatchers, office clerical employees, managerial employees, professional employees, guards and supervisors as defined in the Act.",NA,NA,NA,39,2006-04-01,2006-01-01,"101-500",TRUE,"RC","Yes","Amalgamated Transit Union, AFL-CIO",1,"ATU",0.832,"Yes",48
"16-RC-010711",NA,"Connex Transit Inc., (Veolia Transportation)",2006-02-13,2006-03-22,"Austin","TX","A",2006-03-14,63,0,"Amalgamated Transit Union, Local 1091",51,NA,NA,NA,NA,4,55,"N",0,"N","Amalgamated Transit Union, Local 1091","Initial","Single Labor Organization","Certific. of Representative","Closed","INCLUDED:  All full time and part time bus operators employed by the Employer at its facility located at 5316 Buestein Boulevard in Austin, Texas during the payroll period ending February 17, 2006.

EXCLUDED:  All office clerical emplyees, guards, professionals and supervisors as defined in the National Labor Relations Act.",NA,NA,NA,29,2006-01-01,2006-01-01,"51-100",TRUE,"RC","Yes","Amalgamated Transit Union, Local 1091",1,"ATU",0.927272727272727,"Yes",8
"02-RC-023090",NA,"Allways East Transportation, Inc.",2006-02-10,2006-03-22,"Yonkers","NY","A",2006-03-14,85,1,"Amalgamated Transit Union, AFL-CIO, Local 1181-1061",22,NA,NA,NA,NA,58,80,"N",4,"N","Amalgamated Transit Union, AFL-CIO, Local 1181-1061","Initial","Single Labor Organization","Certific. of Representative","Closed","INCLUDED: All full-time and regular part-time bus drivers, monitors/escorts and mechanics employed by the Employer at and out of its facility located at 1049 Sawmill Road, Yonkers, New York 10704

EXCLUDED:	All other employees and guards, professional employees, and supervisors as defined in the Act.",NA,NA,NA,32,2006-01-01,2006-01-01,"51-100",TRUE,"RC","Yes","Amalgamated Transit Union, AFL-CIO, Local 1181-1061",1,"ATU",0.275,"Yes",5
"03-RC-011684",NA,"Able Medical Transporation, Inc.",2006-02-08,2006-03-27,"Rochester","NY","A",2006-03-17,14,0,"Amalgamated Transit Union, Local 282",8,NA,NA,NA,NA,6,14,"N",0,"N","Amalgamated Transit Union, Local 282","Initial","Single Labor Organization","Certific. of Representative","Closed","Included:	All full and regular part-time drivers, mechanics, and dispatch employees working out of the Employer's facility located at 124 Portland Avenue, Rochester, New York.

Excluded:	All office clerical employees, confidential employees and guards, and professional employees and supervisors as defined in the Act, and all other employees of the Employer",NA,NA,NA,37,2006-01-01,2006-01-01,"11-25",TRUE,"RC","Yes","Amalgamated Transit Union, Local 282",1,"ATU",0.571428571428571,"Yes",0
"01-RC-021994",NA,"AA Transportation",2006-02-03,2006-03-15,"Shrewsbury","MA","A",2006-03-06,67,0,"Amalgamated Transit Union Local 22",26,NA,NA,NA,NA,37,63,"N",2,"N",NA,"Initial","Single Labor Organization","Certification of Results","Closed","All full-time and regular part-time school bus drivers, regular spare school bus drivers, and monitors  employed by the Employer under its contract with the Town of Shrewsbury and supervised out of its facility at 648 Lake Street, Shrewsbury, but, excluding; all other drivers, casual employees, office clerical employees, all other employees, managers, guards, and supervisors as defined in the Act.",NA,NA,NA,31,2006-01-01,2006-01-01,"51-100",TRUE,"RC","Yes","Amalgamated Transit Union Local 22",1,"ATU",0.412698412698413,"No",4
"20-RC-018063",NA,"M. V. Transportation",2005-12-13,2006-02-03,"Susanville","CA","A",2006-01-17,12,0,"Amalgamated Transit  Union Local 256, AFL-CIO",5,NA,NA,NA,NA,7,12,"N",1,"N",NA,"Initial","Single Labor Organization","Certification of Results","Closed","Included: All full-time and regular part-time drivers and maintenance employees employed by the Employer at its facility located at 701-980 Johnstonville Road, Susanville, California, excluding all other employees, clerical employees, guards, and supervisors as defined in the Act.

Note:  Regular part-time employees are defined as those employees who have worked an average of 4 or more hours a week in the quarter preceding the eligibility date.",NA,NA,NA,35,2006-01-01,2005-10-01,"11-25",TRUE,"RC","Yes","Amalgamated Transit  Union Local 256, AFL-CIO",1,"ATU",0.416666666666667,"No",0
"36-RC-006328",NA,"First Student, Inc.",2005-11-10,2005-12-30,"Molalla","OR","A",2005-12-14,44,0,"Amalgamated Transit Union, Division 757",20,NA,NA,NA,NA,23,43,"N",0,"N",NA,"Initial","Single Labor Organization","Certification of Results","Closed","All full-time and regular part-time bus drivers, driver-trainers and technicians; but excluding all technicians-in-charge, clerical employees, managers, professional employees, and security guards as defined in the Act and all other employees.",NA,NA,NA,34,2005-10-01,2005-10-01,"26-50",TRUE,"RC","Yes","Amalgamated Transit Union, Division 757",1,"ATU",0.465116279069767,"No",1
"32-RC-005394",NA,"MV Transportation, Inc.",2005-11-08,2005-12-19,"Tulare","CA","A",2005-12-07,27,0,"Amalgamated Transit Union Local 1027, AFL-CIO",16,NA,NA,NA,NA,9,25,"N",2,"N","Amalgamated Transit Union Local 1027, AFL-CIO","Initial","Single Labor Organization","Certific. of Representative","Closed","All full-time and regular part-time drivers, dispatchers and fuelers employed by the Employer at its Tulare, California facility excluding all other employees, guards, and supervisors as defined in the Act.",NA,NA,NA,29,2005-10-01,2005-10-01,"26-50",TRUE,"RC","Yes","Amalgamated Transit Union Local 1027, AFL-CIO",1,"ATU",0.64,"Yes",2
"01-RC-021964",NA,"First Student, Inc.",2005-11-04,2005-12-27,"Johnston","RI","A",2005-12-16,53,0,"Amalgamated Transit Union, Division 618, AFL-CIO",26,NA,NA,NA,NA,24,50,"N",1,"N","Amalgamated Transit Union, Division 618, AFL-CIO","Initial","Single Labor Organization","Certific. of Representative","Closed","All full-time and part-time bus drivers employed by the Employer at its Johnston, Rhode Island, location, and excluding all other employees, guards and supervisors as defined in the Act.",NA,NA,NA,42,2005-10-01,2005-10-01,"51-100",TRUE,"RC","Yes","Amalgamated Transit Union, Division 618, AFL-CIO",1,"ATU",0.52,"Yes",3
"27-RD-001176","Region 27, Denver, Colorado","First Transit",2005-09-21,2007-05-02,"Denver","CO","A",2007-04-20,258,1,"AMALGAMATED TRANSIT UNION, LOCAL 1755",156,NA,NA,NA,NA,7,163,"N",NA,"N","AMALGAMATED TRANSIT UNION, LOCAL 1755","Initial","Single Labor Organization","Certific. of Representative","Closed","Included:  All full time and regular part time bus drivers employed by the Employer at its Denver, Colorado, and Longmont, Colorado facilities;

Excluding:  All office clerical employees, maintenance employees, dispatchers, managers, guards, and su",NA,NA,NA,576,2007-04-01,2005-07-01,"101-500",TRUE,"RD","Yes","AMALGAMATED TRANSIT UNION, LOCAL 1755",1,"ATU",0.957055214723926,"Yes",95
"05-RC-015898",NA,"First Transit, Inc. d/b/a D.C. Circulator",2005-08-02,2005-09-20,"Landover","MD","A",2005-09-09,68,0,"Amalgamated Transit Union, AFL-CIO, CLC",28,NA,NA,NA,NA,23,51,"N",0,"N","Amalgamated Transit Union, AFL-CIO, CLC","Initial","Single Labor Organization","Certific. of Representative","Closed","All full-time and regular part time bus operators employed by the Employer at its Landover, Maryland facility; excluding all professional employees, office clerical employees, maintenance department employees, dispatchers, guards and supervisors as defined in the Act.",NA,NA,NA,38,2005-07-01,2005-07-01,"51-100",TRUE,"RC","Yes","Amalgamated Transit Union, AFL-CIO, CLC",1,"ATU",0.549019607843137,"Yes",17
"20-RC-018048",NA,"MV Transportation, Inc.",2005-07-27,2005-09-15,"Roseville","CA","A",2005-09-01,44,0,"Amalgamated Transit  Union Local 256, AFL-CIO",29,NA,NA,NA,NA,11,40,"N",4,"N","Amalgamated Transit  Union Local 256, AFL-CIO","Initial","Single Labor Organization","Certific. of Representative","Closed","All full-time and regular part-time drivers employed by the Employer at its facility located at 2005 Hilltop Circle, Roseville, CA; excluding guards, and supervisors as defined in the Act.",NA,NA,NA,36,2005-07-01,2005-07-01,"26-50",TRUE,"RC","Yes","Amalgamated Transit  Union Local 256, AFL-CIO",1,"ATU",0.725,"Yes",4
"20-RC-018044",NA,"MV Transportation, Inc.",2005-07-18,2005-09-15,"Elk Grove","CA","A",2005-08-26,39,1,"Amalgamated Transit Union, Local 256, AFL-CIO",18,NA,NA,NA,NA,10,28,"N",5,"N","Amalgamated Transit Union, Local 256, AFL-CIO","Initial","Single Labor Organization","Certific. of Representative","Closed","All full-time and regular part-time drivers and dispatchers employed by the Employer at its Elk Grove facility excluding guards, and supervisors as defined in the Act.",NA,NA,NA,39,2005-07-01,2005-07-01,"26-50",TRUE,"RC","Yes","Amalgamated Transit Union, Local 256, AFL-CIO",1,"ATU",0.642857142857143,"Yes",11
"01-RC-021933",NA,"First Student",2005-06-21,2005-07-28,"Fitchburg","MA","A",2005-07-18,2,0,"Amalgamated Transit Union Local 690, AFL-CIO, CLC",1,NA,NA,NA,NA,1,2,"N",0,"N",NA,"Initial","Single Labor Organization","Certification of Results","Closed","All full-time and regular part-time mechanics employed by the Employer at its 203 Airport Road, Hudson, Massachusetts facility, but excluding office clerical employees, managerial employees, technician in charge confidential employees, casual employees, guards and supervisors as defined in the Act.",NA,NA,NA,27,2005-07-01,2005-04-01,"<5",TRUE,"RC","Yes","Amalgamated Transit Union Local 690, AFL-CIO, CLC",1,"ATU",0.5,"No",0
"15-RC-008619",NA,"Bay County Council on Aging, Inc.",2005-06-09,2005-07-18,"Panama City","FL","A",2005-07-07,21,0,"Amalgamated Transit Union Local 1395 / AFL-CIO",7,NA,NA,NA,NA,8,15,"N",1,"N",NA,"Initial","Single Labor Organization","Certification of Results","Closed","Included:  All full-time and regular part-time building maintenance workers, dispatchers/drivers, drivers, fixed route trolley drivers, and mechanic helpers, employed out of and by Bay County Council on Aging, Inc., at its transportation facility located at 1021 Massalina Drive, Panama City, Florida; Excluded:  All other employees of Bay County Council of Aging, Inc., including temporary personnel, office clerical employees, managerial employees, watchmen, guards, professional employees, confidential employees, and supervisors as defined by the Act.",NA,NA,NA,28,2005-07-01,2005-04-01,"11-25",TRUE,"RC","Yes","Amalgamated Transit Union Local 1395 / AFL-CIO",1,"ATU",0.466666666666667,"No",6
"07-RC-022869",NA,"MV Transportation, Inc.",2005-05-10,2005-06-28,"Grand Rapids","MI","A",2005-06-28,97,0,"Local 836, Amalgamated Transit Union (ATU)",42,NA,NA,NA,NA,42,84,"N",0,"N",NA,"Initial","Revised Single Labor Org","Certification of Results","Closed",NA,NA,NA,NA,49,2005-04-01,2005-04-01,"51-100",TRUE,"RC","Yes","Local 836, Amalgamated Transit Union (ATU)",1,"ATU",0.5,"No",13
"07-RC-022869",NA,"MV Transportation, Inc.",2005-05-10,2005-06-28,"Grand Rapids","MI","A",2005-06-17,97,0,"Local 836, Amalgamated Transit Union (ATU)",42,NA,NA,NA,NA,42,84,"N",2,"Y",NA,"Initial","Single Labor Organization","Certification of Results","Closed",NA,NA,NA,NA,38,2005-04-01,2005-04-01,"51-100",FALSE,"RC","Yes","Local 836, Amalgamated Transit Union (ATU)",1,"ATU",0.5,"No",13
"01-RC-021912",NA,"Laidlaw Education Services",2005-04-29,2005-06-20,"Lincoln","RI","A",2005-06-13,63,0,"Amalgamated Transit Union - Division 618, AFL-CIO",13,NA,NA,NA,NA,32,45,"N",0,"N",NA,"Initial","Single Labor Organization","Certification of Results","Closed","All full-time and regular part-time bus drivers and bus aides who service the Cumberland, Rhode Island School District employed by the Employer at its 713 George Washington Highway, Lincoln, Rhode Island location, but excluding all other employees, guards, and supervisors as defined in the Act.",NA,NA,NA,45,2005-04-01,2005-04-01,"51-100",TRUE,"RC","Yes","Amalgamated Transit Union - Division 618, AFL-CIO",1,"ATU",0.288888888888889,"No",18
"13-RC-021334",NA,"Lakeside Transportation",2005-04-18,2005-06-20,"Waukegan","IL","A",2005-05-27,134,0,"Amalgamated Transit Union Local 1733",58,NA,NA,NA,NA,66,124,"N",0,"N",NA,"Initial","Single Labor Organization","Certification of Results","Closed","all full-time and regular part-time bus drivers, monitors, mechanics, and yardmen; but excluding all confidential employees, office clerical employees and guards, professional employees and supervisors as defined in the Act.",NA,NA,NA,39,2005-04-01,2005-04-01,"101-500",TRUE,"RC","Yes","Amalgamated Transit Union Local 1733",1,"ATU",0.467741935483871,"No",10
"29-RC-010350",NA,"Towne Bus LLC",2005-04-14,2005-05-24,"Holtsville","NY","A",2005-05-13,149,0,"Local 1181-1061 Amalgamated Transit Union, AFL-CIO",57,NA,NA,NA,NA,66,123,"N",0,"N",NA,"Initial","Single Labor Organization","Certification of Results","Closed","Included: All full-time and regular part-time drivers and drivers' assistants, employed by the Employer at its Waverly Avenue facility located at 875 Waverly Avenue, Holtsville, New York.

Excluded: All mechanics, mechanic foremen, office clericals, guards and supervisors as defined in Section 2(11) of the Act.",NA,NA,NA,29,2005-04-01,2005-04-01,"101-500",TRUE,"RC","Yes","Local 1181-1061 Amalgamated Transit Union, AFL-CIO",1,"ATU",0.463414634146341,"No",26
"21-RC-020795","Region 21, Los Angeles, California","Laidlaw Transit Services, Inc.",2005-03-04,2007-03-21,"El Cajon","CA","A",2005-04-15,131,NA,"AMALGAMATED TRANSIT UNION, LOCAL 1309, AFL-CIO, CLC",72,NA,NA,NA,NA,52,124,"N",NA,"N","AMALGAMATED TRANSIT UNION, LOCAL 1309, AFL-CIO, CLC","Initial","Single Labor Organization","Withdrawal Non-adjusted","Closed","All full-time and regular part-time drivers employed by the Employer at its facility located at 1213 North Johnson Avenue, El Cajon, California; excluding all other employees, managerial employees, office clerical employees, confidential employees, s",NA,NA,NA,42,2005-04-01,2005-01-01,"101-500",TRUE,"RC","Yes","AMALGAMATED TRANSIT UNION, LOCAL 1309, AFL-CIO, CLC",1,"ATU",0.580645161290323,"Other",7
"21-RC-020795",NA,"Laidlaw Transit Services, Inc.",2005-03-04,2007-03-21,"El Cajon","CA","A",2005-04-15,131,0,"Amalgamated Transit Union, Local 1309, AFL-CIO, CLC",72,NA,NA,NA,NA,52,124,"N",0,"N","Amalgamated Transit Union, Local 1309, AFL-CIO, CLC","Initial","Single Labor Organization","Withdrawal","Closed","All full-time and regular part-time drivers employed by the Employer at its facility located at 1213 North Johnson Avenue, El Cajon, California; excluding all other employees, managerial employees, office clerical employees, confidential employees, seasonal employees, casual employees, guards, and supervisors as defined in the Act.",NA,NA,NA,42,2005-04-01,2005-01-01,"101-500",FALSE,"RC","Yes","Amalgamated Transit Union, Local 1309, AFL-CIO, CLC",1,"ATU",0.580645161290323,"Other",7
"06-RD-001553","Region 06, Pittsburgh, Pennsylvania","Greyhound Lines, Inc.",2005-02-11,2007-01-09,"Pittsburgh","PA","A",2006-08-23,31,NA,"AMALGAMATED TRANSIT UNION, NATIONAL LOCAL 1700, AFL-CIO, CLC",14,NA,NA,NA,NA,15,29,"N",NA,"N",NA,"Rerun","Single Labor Organization","Certification of Results","Closed","All full-time and regular part-time customer service associates, including ticket agents, platform workers, package express agents, baggage employees, janitorial employees and lead customer service associates employed by the Employer at its Pittsburg",NA,NA,NA,558,2006-07-01,2005-01-01,"26-50",TRUE,"RD","Yes","AMALGAMATED TRANSIT UNION, NATIONAL LOCAL 1700, AFL-CIO, CLC",1,"ATU",0.482758620689655,"No",2
"06-RD-001553",NA,"Greyhound Lines, Inc.",2005-02-11,2007-01-09,"Pittsburgh","PA","A",2006-08-23,31,0,"Amalgamated Transit Union, National Local 1700, AFL-CIO, CLC",14,NA,NA,NA,NA,15,29,"N",0,"N",NA,"Rerun","Revised Single Labor Org","Certification of Results","Closed","All full-time and regular part-time customer service associates, including ticket agents, platform workers, package express agents, baggage employees, janitorial employees and lead customer service associates employed by the Employer at its Pittsburgh, Pennsylvania, facility; excluding all office clerical employees, food service employees, reports clerks and guards, professional employees and supervisors as defined in the Act.",NA,NA,NA,558,2006-07-01,2005-01-01,"26-50",FALSE,"RD","Yes","Amalgamated Transit Union, National Local 1700, AFL-CIO, CLC",1,"ATU",0.482758620689655,"No",2
"06-RD-001553","Region 06, Pittsburgh, Pennsylvania","Greyhound Lines, Inc.",2005-02-11,2007-01-09,"Pittsburgh","PA","A",2006-08-16,31,NA,"AMALGAMATED TRANSIT UNION, NATIONAL LOCAL 1700, AFL-CIO, CLC",13,NA,NA,NA,NA,14,27,"N",2,"Y",NA,"Rerun","Single Labor Organization","Certification of Results","Closed","All full-time and regular part-time customer service associates, including ticket agents, platform workers, package express agents, baggage employees, janitorial employees and lead customer service associates employed by the Employer at its Pittsburg",NA,NA,NA,551,2006-07-01,2005-01-01,"26-50",FALSE,"RD","Yes","AMALGAMATED TRANSIT UNION, NATIONAL LOCAL 1700, AFL-CIO, CLC",1,"ATU",0.481481481481481,"No",4
"06-RD-001553","Region 06, Pittsburgh, Pennsylvania","Greyhound Lines, Inc.",2005-02-11,2007-01-09,"Pittsburgh","PA","A",2005-11-16,27,NA,"AMALGAMATED TRANSIT UNION, NATIONAL LOCAL 1700, AFL-CIO, CLC",11,NA,NA,NA,NA,12,23,"N",1,"N",NA,"Rerun","Single Labor Organization","Certification of Results","Closed","All full-time and regular part-time customer service associates, including ticket agents, platform workers, package express agents, baggage employees, janitorial employees and lead customer service associates employed by the Employer at its Pittsburg",NA,NA,NA,278,2005-10-01,2005-01-01,"26-50",FALSE,"RD","Yes","AMALGAMATED TRANSIT UNION, NATIONAL LOCAL 1700, AFL-CIO, CLC",1,"ATU",0.478260869565217,"No",4
"06-RC-012440",NA,"S & S Transit, Inc.",2005-02-11,2005-04-01,"McKeesport","PA","A",2005-03-22,69,0,"Amalgamated Transit Union, AFL-CIO, CLC",23,NA,NA,NA,NA,38,61,"N",1,"N",NA,"Initial","Single Labor Organization","Certification of Results","Closed","All full-time and regular part-time bus and paratransit operators employed by the Employer at its McKeesport, Pennsylvania, facility; excluding office clerical employees, mechanics, dispatchers and guards, professional employees and supervisors as defined in the Act.",NA,NA,NA,39,2005-01-01,2005-01-01,"51-100",TRUE,"RC","Yes","Amalgamated Transit Union, AFL-CIO, CLC",1,"ATU",0.377049180327869,"No",8
"01-RC-021874",NA,"Northwest Transportation Service, Inc.",2005-01-19,2005-04-04,"Woonsocket","RI","A",2005-03-24,18,0,"Amalgamated Transit Union, Division 618, AFL-CIO",4,NA,NA,NA,NA,13,17,"N",2,"N",NA,"Initial","Single Labor Organization","Certification of Results","Closed","All full-time and regular part-time drivers, including paratransit drivers, passenger van drivers, and driver/trainers employed by the Employer at its facility located at 664 Front Street, Woonsocket, Rhode Island, but excluding all other employees, dispatchers, office clerical employees, mechanics, maintenance employees, guards, and supervisors as defined in the Act.",NA,NA,NA,64,2005-01-01,2005-01-01,"11-25",TRUE,"RC","Yes","Amalgamated Transit Union, Division 618, AFL-CIO",1,"ATU",0.235294117647059,"No",1
"05-RC-015817",NA,"MV Transportation",2005-01-18,2005-03-08,"Baltimore","MD","A",2005-02-25,147,0,"Amalgamated Transit Union, Local 1300, AFL-CIO",39,NA,NA,NA,NA,53,92,"N",4,"N",NA,"Initial","Single Labor Organization","Certification of Results","Closed","All full-time and regular part-time bus operators, paratransit drivers, sedan drivers, and mechanics employed by the Employer at its Baltimore, Maryland facility, but excluding all dispatchers, office clerical employees, managerial employees, professional employees, guards and supervisors as defined in the Act.",NA,NA,NA,38,2005-01-01,2005-01-01,"101-500",TRUE,"RC","Yes","Amalgamated Transit Union, Local 1300, AFL-CIO",1,"ATU",0.423913043478261,"No",55
"01-RC-021867",NA,"Kit Clark Senior Services",2005-01-06,2005-02-24,"Dorchester","MA","A",2005-02-11,7,0,"Amalgamated Transit Union Local 1709, AFL-CIO",7,NA,NA,NA,NA,0,7,"N",0,"N","Amalgamated Transit Union Local 1709, AFL-CIO","Initial","Single Labor Organization","Certific. of Representative","Closed","All full-time and regular part-time food preparation personnel employed by the Employer at its 1500 Dorchester Ave., Dorchester, MA location, but excluding all other employees, office clerical, maintenance employees, mechanics, dispatchers, guards and supervisors as defined in the Act.",NA,NA,NA,36,2005-01-01,2005-01-01,"6-10",TRUE,"RC","Yes","Amalgamated Transit Union Local 1709, AFL-CIO",1,"ATU",1,"Yes",0
"28-RD-000929",NA,"CUSA ASL, L.L.C. d/b/a Arrow Stage Lines-CUSA",2004-12-01,2005-01-12,"Phoenix","AZ","A",2005-01-03,92,0,"Amalgamated Transit Union Local 1433, AFL-CIO",10,NA,NA,NA,NA,66,76,"N",0,"N",NA,"Initial","Single Labor Organization","Certification of Results","Closed","Included:  All motor coach operators employed by the Employer at its facility in Phoenix, Arizona.

Excluded:  All other employees, office clerical employees, guards and supervisors as defined in the Act.",NA,NA,NA,33,2005-01-01,2004-10-01,"51-100",TRUE,"RD","Yes","Amalgamated Transit Union Local 1433, AFL-CIO",1,"ATU",0.131578947368421,"No",16
"34-RD-000315",NA,"Human Services Transportation Consortium, d/b/a People to Places",2004-10-29,2004-12-08,"Bridgeport","CT","A",2004-11-29,21,1,"Amalgamated Transit Union, Local 1336, AFL-CIO",2,NA,NA,NA,NA,14,16,"N",0,"N",NA,"Initial","Single Labor Organization","Certification of Results","Closed","All full-time and regular part-time bus and van drivers employed by the Employer at its Bridgeport, Connecticut facility; but excluding all mechanics, maintenance employees, dispatchers, reservationists, office clerical employees, and guards, professional employees and supervisors as defined in the Act.",NA,NA,NA,31,2004-10-01,2004-10-01,"11-25",TRUE,"RD","Yes","Amalgamated Transit Union, Local 1336, AFL-CIO",1,"ATU",0.125,"No",5
"02-RC-022920",NA,"J&R Tours",2004-10-22,2004-12-09,"Mt. Vernon","NY","A",2004-12-01,56,0,"Local 1181, Amalgamated Transit Union, AFL-CIO",13,NA,NA,NA,NA,36,49,"N",3,"N",NA,"Initial","Single Labor Organization","Certification of Results","Closed","INCLUDED: All full-time and regular part-time drivers and cleaners employed by the Employer at and out of its facility located at 80 Edison Avenue, Mount Vernon, New York.

EXCLUDED:	All other employees, including mechanics, dispatchers, office clerical employees, and guards, professional employees, and supervisors as defined in the Act.",NA,NA,NA,40,2004-10-01,2004-10-01,"51-100",TRUE,"RC","Yes","Local 1181, Amalgamated Transit Union, AFL-CIO",1,"ATU",0.26530612244898,"No",7
"28-RC-006321",NA,"Laidlaw Educational Services",2004-10-12,2004-12-02,"Phoenix","AZ","A",2004-11-19,68,0,"Amalgamated Transit Union, Local 1433",23,NA,NA,NA,NA,34,57,"N",0,"N",NA,"Initial","Single Labor Organization","Certification of Results","Closed","Included:  All bus operators employed by the Employer at its facilities at 1139 North 27th Avenue, in Phoenix, Arizona, 85009.

Excluded:  All other employees, office, clerical employees, guards, professionals, and supervisors as defined in the Act.",NA,NA,NA,38,2004-10-01,2004-10-01,"51-100",TRUE,"RC","Yes","Amalgamated Transit Union, Local 1433",1,"ATU",0.403508771929825,"No",11
"15-RD-000869",NA,"Greyhouund Lines, Inc.",2004-10-12,2004-11-22,"Baton Rouge","LA","A",2004-11-10,19,0,"Amalgamated Transit Union National Local  1700",6,NA,NA,NA,NA,9,15,"N",2,"N",NA,"Initial","Single Labor Organization","Certification of Results","Closed","All full-time and part-time employees in the classifications of Customer Service Associate (work areas of baggage, cleaning/dumping/fueling, express and tickets) and Janitors but excluding all other employees and guards and supervisors as defined in the Act.",NA,NA,NA,29,2004-10-01,2004-10-01,"11-25",TRUE,"RD","Yes","Amalgamated Transit Union National Local  1700",1,"ATU",0.4,"No",4
"34-RC-002096",NA,"Double A Charter Services",2004-09-29,2004-11-18,"Rocky Hill","CT","A",2004-11-09,89,0,"Amalgamated Transit Union, AFL-CIO-CLC",67,NA,NA,NA,NA,8,75,"N",1,"N","Amalgamated Transit Union, AFL-CIO-CLC","Initial","Single Labor Organization","Certific. of Representative","Closed","All full-time and regular part-time paratransit drivers employed by the Employer at its Rocky Hill, Connecticut facility; but excluding all other employees, transit drivers, dispatchers, mechanics, office clerical employees, and guards, professional employees and supervisors as defined in the Act.",NA,NA,NA,41,2004-10-01,2004-07-01,"51-100",TRUE,"RC","Yes","Amalgamated Transit Union, AFL-CIO-CLC",1,"ATU",0.893333333333333,"Yes",14
"31-RC-008435",NA,"Transportation Concepts",2004-09-07,2004-10-18,"Riverside","CA","A",2004-10-07,66,0,"Amalgamated Transit Union Local 1704",34,NA,NA,NA,NA,28,62,"N",0,"N","Amalgamated Transit Union Local 1704","Initial","Single Labor Organization","Certific. of Representative","Closed","Included:  All full-time and regular part-time dispatchers, drivers, road supervisors, utility workers, mechanics, parts clerk, and trainers employed by the Employer at its facility located at 1989 Massachusetts Avenue, Riverside, California.

Excluded:  Office clerical employees, administrative assistant, all other employees, guards and supervisors as defined in the Act, as amended.",NA,NA,NA,30,2004-10-01,2004-07-01,"51-100",TRUE,"RC","Yes","Amalgamated Transit Union Local 1704",1,"ATU",0.548387096774194,"Yes",4
"31-RC-008436",NA,"Transportation Concepts",2004-09-07,2004-10-18,"San Bernardino","CA","A",2004-10-07,162,0,"Amalgamated Transit Union Local 1704",74,NA,NA,NA,NA,66,140,"N",3,"N","Amalgamated Transit Union Local 1704","Initial","Single Labor Organization","Certific. of Representative","Closed","Included:  All full-time and regular part-time dispatchers, road supervisors, drivers, utility workers, reservationists, mechanics, trainers and optimizers employed by the Employer at its facilities located at 234 South I Street, San Bernardino, California and 9421 Feron Boulevard, Rancho Cucamonga, California.

Excluded:  Office clerical employees, auditor, administrative assistant, data entry clerk, all other employees, guards and supervisors as defined in the Act, as amended.",NA,NA,NA,30,2004-10-01,2004-07-01,"101-500",TRUE,"RC","Yes","Amalgamated Transit Union Local 1704",1,"ATU",0.528571428571429,"Yes",22
"32-RC-005274",NA,"MV Transportation, Inc.",2004-07-13,2004-08-31,"Tulare","CA","A",2004-08-20,24,0,"Amalgamated Transit Union, AFL-CIO",5,NA,NA,NA,NA,18,23,"N",0,"N",NA,"Initial","Single Labor Organization","Certification of Results","Closed","All full-time and regular part-time drivers and dispatchers employed by the Employer at its Tulare, California facility;  excluding all other employees, guards, and supervisors as defined by the Act.",NA,NA,NA,38,2004-07-01,2004-07-01,"11-25",TRUE,"RC","Yes","Amalgamated Transit Union, AFL-CIO",1,"ATU",0.217391304347826,"No",1
"01-RD-002039",NA,"Transit Connection, Inc.",2004-06-28,2004-08-18,"Edgartown","MA","A",2004-08-05,29,1,"Amalgamated Transit Union, Local No. 1548, AFL-CIO, CLC",6,NA,NA,NA,NA,17,23,"N",0,"N",NA,"Initial","Single Labor Organization","Certification of Results","Closed","All full-time and regular part-time operators employed by the Employer at its 11 A Street, Edgartown, Massachusetts facility, but excluding office clerical employees, managerial employees, dispatchers, mechanics, confidential employees, seasonal employees, guards and supervisors as defined in the Act.",NA,NA,NA,38,2004-07-01,2004-04-01,"26-50",TRUE,"RD","Yes","Amalgamated Transit Union, Local No. 1548, AFL-CIO, CLC",1,"ATU",0.260869565217391,"No",6
"27-RC-008335",NA,"MV Transportation DBA Springs Mobility",2004-06-14,2004-08-02,"Colorado Springs","CO","A",2004-07-23,35,0,"Amalgamated Transit Union International",26,NA,NA,NA,NA,6,32,"N",1,"N","Amalgamated Transit Union International","Initial","Single Labor Organization","Certific. of Representative","Closed","Included:  All operators/drivers, maintenance employees and reservationists/disptachers employed by the Employer in Colorado Springs, Colorado.

Excluded:  All guards and supervisors as defined in the Act.",NA,NA,NA,39,2004-07-01,2004-04-01,"26-50",TRUE,"RC","Yes","Amalgamated Transit Union International",1,"ATU",0.8125,"Yes",3
"22-RC-012492",NA,"Ascom Transport Systems, Inc.",2004-06-07,2004-07-28,"Somerset","NJ","A",2004-07-19,32,0,"Amalgamated Transit Union, Local 819",12,NA,NA,NA,NA,15,27,"N",2,"N",NA,"Initial","Single Labor Organization","Certification of Results","Closed","Incl: All full time and regular part time Field Service Technicians and Service Repair Technicians employed by the Employer at its 68 Veronica Ave., Unit 6, Somerset, NJ facility

Excl: All office clerical employees, professional employees, guards and supervisors as defined in the Act.",NA,NA,NA,42,2004-07-01,2004-04-01,"26-50",TRUE,"RC","Yes","Amalgamated Transit Union, Local 819",1,"ATU",0.444444444444444,"No",5
"20-RC-017955",NA,"MV Transportation, Inc.",2004-04-30,2004-06-23,"Roseville","CA","A",2004-06-11,53,0,"Amalgamated Transit Union, Local 256, AFL-CIO",12,NA,NA,NA,NA,26,38,"N",2,"N",NA,"Initial","Single Labor Organization","Certification of Results","Closed",NA,NA,NA,NA,42,2004-04-01,2004-04-01,"51-100",TRUE,"RC","Yes","Amalgamated Transit Union, Local 256, AFL-CIO",1,"ATU",0.315789473684211,"No",15
"05-RC-015721",NA,"Transit Management of Alexandria",2004-04-30,2004-11-17,"Alexandria","VA","A",2004-06-04,98,0,"Amalgamated Transit Union, AFL-CIO",42,NA,NA,NA,NA,50,92,"N",0,"N",NA,"Initial","Single Labor Organization","Certification of Results","Closed","All full-time and regular pat-time bus operators and mechanics employed by the Employer at its Alexandria, Virginia facility, but excluding office clerical employees, professional employees, and guards and supervisors as defined by the Act.",NA,NA,NA,35,2004-04-01,2004-04-01,"51-100",TRUE,"RC","Yes","Amalgamated Transit Union, AFL-CIO",1,"ATU",0.456521739130435,"No",6
"21-RC-020687",NA,"ATC/Vancom of California, L.P.",2003-10-21,2003-12-01,"Chula Vista","CA","A",2003-11-21,77,1,"San Diego Bus Drivers' Union, Local 1309, Amalgamated Transit Union, AFL-CIO/CLC",33,NA,NA,NA,NA,24,57,"N",0,"N","San Diego Bus Drivers' Union, Local 1309, Amalgamated Transit Union, AFL-CIO/CLC","Initial","Single Labor Organization","Certific. of Representative","Closed","All full-time, regular part-time bus drivers, all extra board drivers, all mechanics and services workers, employed by the Employer at its facility at 1800 Maxwell Road, Chula Vista, California facility; excluding office clerical employees, professional employees, guards and supervisors as defined in the Act.",NA,NA,NA,31,2003-10-01,2003-10-01,"51-100",TRUE,"RC","Yes","San Diego Bus Drivers' Union, Local 1309, Amalgamated Transit Union, AFL-CIO/CLC",1,"ATU",0.578947368421053,"Yes",20
"13-RD-002449",NA,"MV Transportation",2003-10-20,2003-11-26,"Alsip","IL","A",2003-11-14,74,0,"Amalgamated Transit Union Local 1702",40,NA,NA,NA,NA,18,58,"N",0,"N","Amalgamated Transit Union Local 1702","Initial","Single Labor Organization","Certific. of Representative","Closed","all employees of MV Transportation, Inc. in the Village of Alsip employed as drivers and maintenance employees save and except supervisors, persons above the rank of supervisor, office and clerical staff.",NA,NA,NA,25,2003-10-01,2003-10-01,"51-100",TRUE,"RD","Yes","Amalgamated Transit Union Local 1702",1,"ATU",0.689655172413793,"Yes",16
"13-RC-021043",NA,"MV Transportation",2003-09-05,2003-10-24,"Alsip","IL","A",2003-10-17,11,NA,"Amalgamated Transit Union Local 1702",2,NA,NA,NA,NA,7,9,"N",0,"N",NA,"Initial","Single Labor Organization","Certification of Results","Closed","all office clerical employees, including dispatchers, reservationists and schedulers, employed by the Employer at 12500 S. Lombard,  Alsip, Illinois; but excluding all confidential employees, managerial employees, professional employees, and supervisors as defined by the Act.",NA,NA,NA,42,2003-10-01,2003-07-01,"11-25",TRUE,"RC","Yes","Amalgamated Transit Union Local 1702",1,"ATU",0.222222222222222,"No",2
"29-RC-010034",NA,"Any Time Bus Co., Inc.",2003-05-05,2003-06-11,"Hicksville","NY","A",2003-05-30,17,0,"Amalgamated Transit Union, Local 1181-1061, AFL-CIO",4,NA,NA,NA,NA,10,14,"N",0,"N",NA,"Initial","Single Labor Organization","Certification of Results","Closed","INCLUDED:  All full-time and regular part-time drivers and drivers' assistants employed by the Employer at its facility located at 37 Bloomingdale Road, Hicksville, New York, during the payroll period ending May 2, 2003.

EXCLUDED: All clerical employees, guards and supervisors as defined in Section 2(11) of the Act.",NA,NA,NA,25,2003-04-01,2003-04-01,"11-25",TRUE,"RC","Yes","Amalgamated Transit Union, Local 1181-1061, AFL-CIO",1,"ATU",0.285714285714286,"No",3
"19-RC-014380",NA,"People for People",2003-04-16,2003-05-22,"Port Orchard, Shelton","WA","A",2003-05-14,25,0,"Amalgamated Transit Union Local 1384",14,NA,NA,NA,NA,10,24,"N",0,"N","Amalgamated Transit Union Local 1384","Initial","Single Labor Organization","Certific. of Representative","Closed","Included:  All uniformed bus drivers employed by the Employer out of its Shelton and Port Orchard, Washington facilities.

Excluded:  All managers, work-drivers, dispatchers, mechanics, guards and supervisors as defined in the Act.",NA,NA,NA,28,2003-04-01,2003-04-01,"11-25",TRUE,"RC","Yes","Amalgamated Transit Union Local 1384",1,"ATU",0.583333333333333,"Yes",1
"29-RC-010024",NA,"Pierce Coach Line, Inc.",2003-04-14,2003-06-04,"Roslyn","NY","A",2003-05-22,101,0,"Local 1181-1061 Amalgamated Transit Union",50,NA,NA,NA,NA,29,79,"N",15,"N","Local 1181-1061 Amalgamated Transit Union","Initial","Single Labor Organization","Certific. of Representative","Closed","INCLUDED:  All full-time and regular part-time drivers, matrons, mechanics, and yard employees, employed by the Employer at and out of its Roslyn and Port Washington, New York, locations.

EXCLUDED: All office clerical employees, managerial employees, dispatchers, guards, and supervisors as defined in the Act.",NA,NA,NA,38,2003-04-01,2003-04-01,"101-500",TRUE,"RC","Yes","Local 1181-1061 Amalgamated Transit Union",1,"ATU",0.632911392405063,"Yes",22
"34-RC-002028",NA,"Arrow Line Coach USA",2003-04-04,2003-05-29,"Milford","CT","A",2003-05-16,9,0,"Amalgamated Transit Workers, Local 1734",7,NA,NA,NA,NA,2,9,"N",0,"N","Amalgamated Transit Workers, Local 1734","Initial","Single Labor Organization","Certific. of Representative","Closed","All full-time and regular part-time mechanics and cleaners employed by the Employer at its Milford, Connecticut facility; but excluding all other employees, bus and motorcoach drivers, dispatchers, office clerical employees, and guards, professional employees and supervisors as defined in the Act.",NA,NA,NA,42,2003-04-01,2003-04-01,"6-10",TRUE,"RC","Yes","Amalgamated Transit Workers, Local 1734",1,"ATU",0.777777777777778,"Yes",0
"11-RC-006526",NA,"First Student, Inc.",2003-03-24,2004-08-20,"Charleston","SC","A",2004-05-06,341,1,"Amalgamated Transit Union, Local 610, AFL-CIO",145,NA,NA,NA,NA,150,295,"N",2,"N",NA,"Rerun","Single Labor Organization","Certification of Results","Closed","All full-time and regular part-time school bus drivers employed by the Employer at or out of its following Charleston, SC area facilities:  Azeala (N. Charleston); Ladson; Mt. Pleasant/Cario-Pinckney; James Island; Baptist Hill; Johns Island; and St. James Santee, but excluding all other employees, all dispatchers, office clerical employees and guards, professional employees and supervisors as defined in the Act.",NA,NA,NA,409,2004-04-01,2003-01-01,"101-500",TRUE,"RC","Yes","Amalgamated Transit Union, Local 610, AFL-CIO",1,"ATU",0.491525423728814,"No",46
"11-RC-006526",NA,"First Student, Inc.",2003-03-24,2004-08-20,"Charleston","SC","A",2003-05-02,345,0,"Amalgamated Transit Union, Local 610, AFL-CIO",132,NA,NA,NA,NA,178,310,"N",2,"N",NA,"Initial","Single Labor Organization","Certification of Results","Closed","All full-time and regular part-time school bus drivers employed by the Employer at or out of its following Charleston, SC area facilities:  Azeala (N. Charleston); Ladson; Mt. Pleasant/Cario-Pinckney; James Island; Baptist Hill; Johns Island; and St. James Santee, but excluding all other employees, all dispatchers, office clerical employees and guards, professional employees and supervisors as defined in the Act.",NA,NA,NA,39,2003-04-01,2003-01-01,"101-500",FALSE,"RC","Yes","Amalgamated Transit Union, Local 610, AFL-CIO",1,"ATU",0.425806451612903,"No",35
"34-RD-000305",NA,"First Student, Inc.",2003-03-06,2003-11-12,"Trumbull","CT","A",2003-10-31,79,1,"Amalgamated Transit Union, Local 1336, AFL-CIO, CLC",49,NA,NA,NA,NA,23,72,"N",0,"N","Amalgamated Transit Union, Local 1336, AFL-CIO, CLC","Initial","Single Labor Organization","Certific. of Representative","Closed","All full-time and regular part-time school bus and van drivers and driver aides employed by the Employer at its Trumbull, Connecticut facility; but excluding office clerical employees, dispatchers, mechanics, and guards, professional employees and supervisors as defined in the Act.",NA,NA,NA,239,2003-10-01,2003-01-01,"51-100",TRUE,"RD","Yes","Amalgamated Transit Union, Local 1336, AFL-CIO, CLC",1,"ATU",0.680555555555556,"Yes",7
"29-RC-010002",NA,"Laidlaw, Inc.",2003-03-04,2003-04-28,"Amityville/Hicksville/Freeport","NY","A",2003-04-16,27,0,"Local 1181-1061 Amalgamated Transit Union, AFL-CIO",8,NA,NA,NA,NA,14,22,"N",1,"N",NA,"Initial","Single Labor Organization","Certification of Results","Closed","INCLUDED:   All full-time and regular part-time mechanics, fuelers, and maintenance employees employed by the Employer at its Amityville, Hicksville and Freeport, New York facilities.

EXCLUDED:  All office clerical employees, foremen, guards and supervisors as defined in the Act.",NA,NA,NA,43,2003-04-01,2003-01-01,"26-50",TRUE,"RC","Yes","Local 1181-1061 Amalgamated Transit Union, AFL-CIO",1,"ATU",0.363636363636364,"No",5
"29-RC-010001",NA,"Maggies Paratransit Corp.",2003-03-04,2003-04-09,"Brooklyn","NY","A",2003-03-28,186,0,"Local 1181-1061 Amalgamated Transit Union, AFL-CIO",74,NA,NA,NA,NA,1,75,"N",3,"N","Local 1181-1061 Amalgamated Transit Union, AFL-CIO","Initial","Single Labor Organization","Certific. of Representative","Closed","INCLUDED:  All full-time and regular part-time drivers and mechanics employed by the Employer at its facility located at 234 Logan Street, Brooklyn, New York, during the payroll period ending March 7, 2003.

EXCLUDED:  All clerical employees, maintenance personnel, guards and supervisors as defined in Section 2(11) 
of the Act.",NA,NA,NA,24,2003-01-01,2003-01-01,"101-500",TRUE,"RC","Yes","Local 1181-1061 Amalgamated Transit Union, AFL-CIO",1,"ATU",0.986666666666667,"Yes",111
"36-RC-006193",NA,"First Student, Inc.",2003-02-21,2003-04-14,"Gresham","OR","A",2003-04-04,113,0,"Amalgamated Transit Union, Division 757",33,NA,NA,NA,NA,73,106,"N",1,"N",NA,"Initial","Single Labor Organization","Certification of Results","Closed","All fulltime and part-time bus drivers employed by the Employer at its Gresham, Oregon facility; but excluding all office clerical employees, managers, dispatchers, confidential employees, guards, supervisors as defined in the Act and all other employees.",NA,NA,NA,42,2003-04-01,2003-01-01,"101-500",TRUE,"RC","Yes","Amalgamated Transit Union, Division 757",1,"ATU",0.311320754716981,"No",7
"12-RC-008896",NA,"Martz Group",2003-01-14,2003-04-14,"Orlando","FL","A",2003-02-25,72,0,"Amalgamated Transit Union Local 1596",30,NA,NA,NA,NA,21,51,"N",3,"N","Amalgamated Transit Union Local 1596","Initial","Single Labor Organization","Certific. of Representative","Closed","All full-time and regular part-time operators and mechanics employed by the Employer at its facility located in Orlando, Florida, who were employed during the payroll period ending January 18, 2003. 

All office clerical employees, professional employees, guards and supervisors as defined in the Act.",NA,NA,NA,42,2003-01-01,2003-01-01,"51-100",TRUE,"RC","Yes","Amalgamated Transit Union Local 1596",1,"ATU",0.588235294117647,"Yes",21
"12-RD-000937",NA,"Greyhound Lines, Inc., Unit #4749",2002-12-17,2003-02-28,"West Palm Beach","FL","A",2003-01-24,11,0,"Amalgamated Transit Union, National Local 1700",0,NA,NA,NA,NA,11,11,"N",0,"N",NA,"Initial","Single Labor Organization","Certification of Results","Closed","All full-time and regular part-time Customer Service Associates (work areas of baggage, express, tickets, utility men, (3PX) and Janitors employed by the Employer at its facility located at 205 South Tamarind Avenue, West Palm Beach, Florida; who were employed during the payroll period ending Saturday, December 28, 2002. 

All other employees, including guards and supervisors as defined in the Act.",NA,NA,NA,38,2003-01-01,2002-10-01,"11-25",TRUE,"RD","Yes","Amalgamated Transit Union, National Local 1700",1,"ATU",0,"No",0
"21-RC-020561",NA,"Progressive Transportation Services, Inc. d/b/a Progressive Transportation Services of Foothill",2002-12-09,2003-01-28,"Arcadia","CA","A",2003-01-17,289,1,"Amalgamated Transit Union, AFL-CIO (ATU)",140,NA,NA,NA,NA,90,230,"N",10,"N","Amalgamated Transit Union, AFL-CIO (ATU)","Initial","Single Labor Organization","Certific. of Representative","Closed","Included:  All full-time and regular part-time bus operators employed by the Employer at its facility located at 5640 Peck Road, Arcadia, California.

Excluded:  All other employees, office clerical employees, professional employees, guards and supervisors as defined in the Act.",NA,NA,NA,39,2003-01-01,2002-10-01,"101-500",TRUE,"RC","Yes","Amalgamated Transit Union, AFL-CIO (ATU)",1,"ATU",0.608695652173913,"Yes",59
"03-RC-011285",NA,"Progressive Transportation Services, Inc. d/b/a T-Tran",2002-12-04,2003-01-23,"Nichols","NY","A",2003-01-15,15,0,"Amalgamated Transit Union, Local 1145",11,NA,NA,NA,NA,4,15,"N",0,"N","Amalgamated Transit Union, Local 1145","Initial","Single Labor Organization","Certific. of Representative","Closed","All bus operators and mechanics employed by the Employer at its Nichols, New York facility; excluding dispatchers, garage foremen, office clerical employees, guards professional employees and supervisors as defined in the Act, and all other employees.",NA,NA,NA,42,2003-01-01,2002-10-01,"11-25",TRUE,"RC","Yes","Amalgamated Transit Union, Local 1145",1,"ATU",0.733333333333333,"Yes",0
"01-RC-021576",NA,"Transit Connection Inc.",2002-11-15,2003-01-22,"Edgartown","MA","A",2003-01-09,27,0,"Amalgamated Transit Union Local 1548, AFL-CIO, CLC",13,NA,NA,NA,NA,12,25,"N",0,"N","Amalgamated Transit Union Local 1548, AFL-CIO, CLC","Initial","Single Labor Organization","Certific. of Representative","Closed","All full-time and regular part-time operators employed by the Employer at its 11 A Street, Edgartown, Massachusetts facility but excluding office clerical employees, managerial employees, dispatchers, mechanics, confidential employees, seasonal employees. guards and supervisors as defined in the Act and all other employees.",NA,NA,NA,55,2003-01-01,2002-10-01,"26-50",TRUE,"RC","Yes","Amalgamated Transit Union Local 1548, AFL-CIO, CLC",1,"ATU",0.52,"Yes",2
"27-RC-008215",NA,"First Transit, Inc.",2002-11-14,2002-12-30,"Denver & Longmont","CO","A",2002-12-20,412,0,"Amalgamated Transit Union",262,NA,NA,NA,NA,91,353,"N",5,"N","Amalgamated Transit Union","Initial","Single Labor Organization","Certific. of Representative","Closed","Included:  All full time and regular part time bus drivers employed by the Employer at its Denver, Colorado, and Longmont, Colorado facilities.

Excluded:  All office clerical employees, maintenance employees, dispatchers, managers, guards, and supervisors as defined in the Act.",NA,NA,NA,36,2002-10-01,2002-10-01,"101-500",TRUE,"RC","Yes","Amalgamated Transit Union",1,"ATU",0.742209631728045,"Yes",59
"16-RC-010457",NA,"First Transit, Inc.",2002-10-09,2002-11-29,"Garland/Oak Cliff","TX","A",2002-11-20,56,0,"Amalgamated Transit Union Local 1635",11,NA,NA,NA,NA,42,53,"N",3,"N",NA,"Initial","Single Labor Organization","Certification of Results","Closed","INCLUDED: All technicians and service employees employed by First Transit, Inc., at the Employer's Garland and Oak Cliff, Texas facilities.

EXCLUDED: All other employees including office clerical employees, service employees employed by contractors, managers, guards, and supervisors as defined in the Act.",NA,NA,NA,42,2002-10-01,2002-10-01,"51-100",TRUE,"RC","Yes","Amalgamated Transit Union Local 1635",1,"ATU",0.207547169811321,"No",3
"29-RC-009920",NA,"Baumann & Sons Buses Inc.",2002-09-20,2003-03-04,"Jericho","NY","A",2002-10-18,1500,4,"Amalgamated Transit Union, Local 1181-1061",435,NA,NA,NA,NA,772,1207,"N",48,"N",NA,"Initial","Single Labor Organization","Certification of Results","Closed","INCLUDED:  All full-time and regular part-time drivers, drivers' assistants, mechanics, maintenance and yard employees, fuelers, and shop clerks, employed by the Employer at and out of its Jericho, Copiague, Bohemia/3 Village, Coram/3 Village, Northport, and Westhampton, New York, Terminal locations. 

EXCLUDED:  All office clerical employees, managerial employees, dispatchers, guards, and supervisors as defined in the Act.",NA,NA,NA,28,2002-10-01,2002-07-01,"500>",TRUE,"RC","Yes","Amalgamated Transit Union, Local 1181-1061",1,"ATU",0.36039768019884,"No",293
"28-RC-006120",NA,"Shuttleport/Valley Coach Division",2002-09-18,2002-10-22,"Phoenix","AZ","A",2002-10-10,13,0,"Amalgamated Transit Union, Local 1433, AFL-CIO",9,NA,NA,NA,NA,1,10,"N",0,"N","Amalgamated Transit Union, Local 1433, AFL-CIO","Initial","Single Labor Organization","Certific. of Representative","Closed","Included:  All full-time and regular part-time mechanics and bus washers employed by the Employer at its 3255 South 44th Street, Phoenix, Arizona facility.

Excluded:  All other employees, office clericals, operations managers, directors of maintenace, confidential employees, guards and supervisors as defined in the Act.",NA,NA,NA,22,2002-10-01,2002-07-01,"11-25",TRUE,"RC","Yes","Amalgamated Transit Union, Local 1433, AFL-CIO",1,"ATU",0.9,"Yes",3
"34-RC-001977",NA,"Yellow Transportation d/b/a GBTAccess",2002-08-26,2002-10-16,"Bridgeport","CT","A",2002-10-04,6,0,"Amalgamated Transit Union, Local 1336",0,NA,NA,NA,NA,4,4,"N",0,"N",NA,"Initial","Single Labor Organization","Certification of Results","Closed","All full-time and regular part-time dispatchers and customer service representatives employed by the Employer at its One Cross Street, Bridgeport, Connecticut facility; but excluding all office clerical employees, confidential employees, and guards, professional employees and supervisors as defined in the Act.

	If a majority of valid ballots are cast for Amalgamated Transit Union, Local 1336, they will be taken to have indicated the employees' desire to be included in the existing unit of bus operators and maintenance personnel currently represented by Amalgamated Transit Union, Local 1336.  If a majority of valid ballots are not cast for representation, they will be taken to have indicated the employees' desire to remain unrepresented.",NA,NA,NA,39,2002-10-01,2002-07-01,"6-10",TRUE,"RC","Yes","Amalgamated Transit Union, Local 1336",1,"ATU",0,"No",2
"10-RC-015310",NA,"Greyhound Lines, Inc.",2002-08-21,2002-10-15,"Birmingham","AL","A",2002-10-04,31,0,"ATU National Local 1700",13,NA,NA,NA,NA,15,28,"N",0,"N",NA,"Initial","Single Labor Organization","Certification of Results","Closed","All Birmingham terminal employees to include: baggage handlers, platform workers, ticket agents, customer service assistants, lead customer service associates, GPX agents, bagger clerks, and janitors, excluding all office clerical employees, professional employees, guards and supervisors as defined in the Act.",NA,NA,NA,44,2002-10-01,2002-07-01,"26-50",TRUE,"RC","Yes","ATU National Local 1700",1,"ATU",0.464285714285714,"No",3
"17-RC-012120",NA,"MV Transportation, Inc.",2002-08-14,2002-09-30,"Lawrence","KS","A",2002-09-20,42,0,"Amalgamated Transit Union",27,NA,NA,NA,NA,11,38,"N",0,"N","Amalgamated Transit Union","Initial","Single Labor Organization","Certific. of Representative","Closed","[  All full-time and regular part-time drivers, dispatchers, reservationists, utility employees, and mechanics, employed by the Employer at its facility located at 930 East 30th Street, Lawrence, Kansas, but EXCLUDING all office clerical employees, road supervisors, guards and supervisors as defined by the Act.  ]",NA,NA,NA,37,2002-07-01,2002-07-01,"26-50",TRUE,"RC","Yes","Amalgamated Transit Union",1,"ATU",0.710526315789474,"Yes",4
"20-RC-017775",NA,"MV Transportation",2002-07-16,2002-09-24,"Fairfield","CA","A",2002-08-30,40,0,"Amalgamated Transit Union, AFL-CIO/CLC",19,NA,NA,NA,NA,17,36,"N",1,"N","Amalgamated Transit Union, AFL-CIO/CLC","Initial","Single Labor Organization","Certific. of Representative","Closed","All full-time and regular part-time drivers and maintenance employees employed by the Employer at the Fairfield Suisun Transit System located at 420 Gregory Street, Fairfield, California; excluding dispatchers, retail store employees, guards, and supervisors as defined in the Act.",NA,NA,NA,45,2002-07-01,2002-07-01,"26-50",TRUE,"RC","Yes","Amalgamated Transit Union, AFL-CIO/CLC",1,"ATU",0.527777777777778,"Yes",4
"28-RC-006070",NA,"ATC Vancom",2002-04-26,2002-06-25,"Laughlin","NV","A",2002-06-07,10,0,"Amalgamated Transit Union Local 1637",5,NA,NA,NA,NA,4,9,"N",0,"N","Amalgamated Transit Union Local 1637","Initial","Single Labor Organization","Certific. of Representative","Closed","All full time and regular part time drivers employed by the Employer at its facility located at 1575 South Casino Drive, Laughlin, Nevada, but excluding all other employees including clerical employees, guards, and supervisors as defined in the Act.",NA,NA,NA,42,2002-04-01,2002-04-01,"6-10",TRUE,"RC","Yes","Amalgamated Transit Union Local 1637",1,"ATU",0.555555555555556,"Yes",1
"13-RC-020774",NA,"Laidlaw Transit, Inc.",2002-04-25,2002-06-20,"Batavia","IL","A",2002-05-31,218,1,"Amalgamated Transit Union, Local 215, AFL-CIO, CLC",102,NA,NA,NA,NA,91,193,"N",0,"N","Amalgamated Transit Union, Local 215, AFL-CIO, CLC","Initial","Single Labor Organization","Certific. of Representative","Closed","all full time and regular part time drivers and monitors employed by the Employer at its facility currently located at 1000 Swanson Drive, Batavia, IL; but excluding all dispatchers and mechanics, all office clerical employees and guards, professional employees and supervisors as defined in the Act.",NA,NA,NA,36,2002-04-01,2002-04-01,"101-500",TRUE,"RC","Yes","Amalgamated Transit Union, Local 215, AFL-CIO, CLC",1,"ATU",0.528497409326425,"Yes",25
"06-RC-012077",NA,"First Transit, Inc.",2002-04-23,2002-06-10,"Aliquippa","PA","A",2002-05-31,60,0,"Amalgamated Transit Union, AFL-CIO",41,NA,NA,NA,NA,18,59,"N",0,"N","Amalgamated Transit Union, AFL-CIO","Initial","Single Labor Organization","Certific. of Representative","Closed","All full-time and regular part-time dirvers, mechanics and service employees employed by the Employer at its Aliquippa, Pennsylvania, facility; excluding office clerical employees, dispatchers and guards, professional employees and supervisors as defined in the Act.",NA,NA,NA,38,2002-04-01,2002-04-01,"51-100",TRUE,"RC","Yes","Amalgamated Transit Union, AFL-CIO",1,"ATU",0.694915254237288,"Yes",1
"10-RC-015267",NA,"Gwinnett Transportation Management, Inc.",2002-02-12,2002-04-01,"Lawrenceville","GA","A",2002-03-22,30,0,"Amalgamated Transit Union, Local 732",21,NA,NA,NA,NA,1,22,"N",0,"N","Amalgamated Transit Union, Local 732","Initial","Single Labor Organization","Certific. of Representative","Closed","All full-time and regular part-time bus drivers, mechanics and maintenance employees employed at the Employer's Lawrenceville, Georgia facility, but excluding all other employees, including clerical employees, dispatchers, guards, and supervisors as defined in the Act.",NA,NA,NA,38,2002-01-01,2002-01-01,"26-50",TRUE,"RC","Yes","Amalgamated Transit Union, Local 732",1,"ATU",0.954545454545455,"Yes",8
"15-RC-008377",NA,"TRANSIT MANAGEMENT OF SOUTHEAST LOUISIANA",2002-01-14,2002-03-04,"New Orleans","LA","A",2002-02-22,10,0,"AMALGAMATED TRANSIT UNION LOCAL, 1560, AFL-CIO",9,NA,NA,NA,NA,1,10,"N",0,"N","AMALGAMATED TRANSIT UNION LOCAL, 1560, AFL-CIO","Initial","Single Labor Organization","Certific. of Representative","Closed","Included:  All full time reservationists/schedulers employed by the Employer in its Paratransit Department at its New Orleans, Louisiana facility, excluded routers; editors; administrative assistants; office clericals; professionals; guards; dispatchers, street supervisors, and other individuals defined as supervisors under Section 2(11) of the Act.",NA,NA,NA,39,2002-01-01,2002-01-01,"6-10",TRUE,"RC","Yes","AMALGAMATED TRANSIT UNION LOCAL, 1560, AFL-CIO",1,"ATU",0.9,"Yes",0
"05-RC-015321",NA,"Transportation Mgt. Service, Inc. d/b/a The Bus",2002-01-08,2002-09-06,"Forestville","MD","A",2002-02-19,6,0,"Amalgamated Transit Union, AFL-CIO",0,NA,NA,NA,NA,0,0,"N",5,"Y",NA,"Initial","Single Labor Organization","Withdrawal","Closed","All full-time and regular part-time operation supervisors, trainers, instructors and dispatchers employed by the Employer at its Forestville, Maryland facility; excluding all other employees, professional employees, guards and supervisors as defined in the Act.",NA,NA,NA,42,2002-01-01,2002-01-01,"6-10",TRUE,"RC","Yes","Amalgamated Transit Union, AFL-CIO",1,"ATU",NA,"Other",6
"13-RC-020709",NA,"El Conejo Bus Lines, Inc.",2002-01-07,2002-04-23,"Chicago","IL","A",2002-04-01,85,6,"Amalgamated Transit Union,  National Local 1700, AFL-CIO",22,NA,NA,NA,NA,4,26,"N",3,"N","Amalgamated Transit Union,  National Local 1700, AFL-CIO","Initial","Single Labor Organization","Certific. of Representative","Closed","all full-time and regular part-time coach operators/drivers working out of the Employer's facilities located in Chicago, Illinois, and Dallas, El Paso, and Laredo, Texas; but excluding all other employees including dispatches, maintenance employees, guards, and supervisors as defined in the Act.",NA,NA,NA,84,2002-04-01,2002-01-01,"51-100",TRUE,"RC","Yes","Amalgamated Transit Union,  National Local 1700, AFL-CIO",1,"ATU",0.846153846153846,"Yes",59
"01-RC-021444",NA,"Pawtuxet Valley, d/b/a Coach USA",2001-11-27,2002-01-08,"Warwick","RI","A",2001-12-27,5,0,"Amalgamated Transit Union Local 1116, AFL-CIO, CLC",5,NA,NA,NA,NA,0,5,"N",0,"N","Amalgamated Transit Union Local 1116, AFL-CIO, CLC","Initial","Single Labor Organization","Certific. of Representative","Closed","All full-time and regular part-time bus cleaners employed by the Employer at its 76 Industrial Lane, 
West Warwick, Rhode Island facility but excluding, office clerical employees, managerial employees, mechanics, maintenance employees, utility employees, bus drivers, confidential employees, casual employees, guards and supervisors as defined in the Act and all other employees.",NA,NA,NA,30,2001-10-01,2001-10-01,"<5",TRUE,"RC","Yes","Amalgamated Transit Union Local 1116, AFL-CIO, CLC",1,"ATU",1,"Yes",0
"01-RC-021442",NA,"Lecrenski Brothers Inc.",2001-11-19,2002-01-16,"Westfield","MA","A",2002-01-04,55,0,"Amalgamated Transit Union Local 448",29,NA,NA,NA,NA,12,41,"N",5,"N","Amalgamated Transit Union Local 448","Initial","Single Labor Organization","Certific. of Representative","Closed","All full-time, regular part-time and spare Westfield School bus drivers who work an average of 4 hours per week in the calendar quarter prior to the eligibility date for election employed by the Employer at its 
14 Delmont Avenue, Westfield, Massachusetts facility, but excluding office clerical employees, managerial employees, dispatcher, mechanics, special education van drivers and monitors, confidential employees, casual employees  guards and supervisors as defined in the Act and all other employees.",NA,NA,NA,46,2002-01-01,2001-10-01,"51-100",TRUE,"RC","Yes","Amalgamated Transit Union Local 448",1,"ATU",0.707317073170732,"Yes",14
"15-RC-008367",NA,"Laidlaw Education Services",2001-10-24,2001-11-26,"Milton","FL","A",2001-11-15,5,0,"Amalgamated Transit Union Local 1395",5,NA,NA,NA,NA,0,5,"N",0,"N","Amalgamated Transit Union Local 1395","Initial","Single Labor Organization","Certific. of Representative","Closed","All mechanics employed by the Employer in at its facility in Milton, Florida; excluding office clerical employees, professional employees, guards, and supervisors as defined in the Act.",NA,NA,NA,22,2001-10-01,2001-10-01,"<5",TRUE,"RC","Yes","Amalgamated Transit Union Local 1395",1,"ATU",1,"Yes",0
"15-RC-008365",NA,"LAIDLAW EDUCATION SERVICES",2001-10-10,2001-11-26,"Milton","FL","A",2001-11-16,156,0,"AMALGAMATED TRANSIT UNION LOCAL 1395",105,NA,NA,NA,NA,43,148,"N",0,"N","AMALGAMATED TRANSIT UNION LOCAL 1395","Initial","Single Labor Organization","Certific. of Representative","Closed","All bus drivers and bus monitors employed by the Employer in Santa Rosa County, Florida; excluding office clerical employees, mechanics, professional employees, guards, and supervisors as defined in the Act.",NA,NA,NA,37,2001-10-01,2001-10-01,"101-500",TRUE,"RC","Yes","AMALGAMATED TRANSIT UNION LOCAL 1395",1,"ATU",0.709459459459459,"Yes",8
"34-RC-001920",NA,"FIRST STUDENT",2001-09-28,2002-02-06,"Trumbull","CT","A",2001-11-09,82,0,"Amalgamated Transit Union Local 1336",41,NA,NA,NA,NA,32,73,"N",1,"N","Amalgamated Transit Union Local 1336","Initial","Single Labor Organization","Certific. of Representative","Closed","All full-time and regular part-time school bus and van drivers and drivers aides employed by the Employer at its Trumbull, Connecticut facility; but excluding office clerical employees, dispatchers, mechanics, and guards, professional employees and supervisors as defined in the Act.",NA,NA,NA,42,2001-10-01,2001-07-01,"51-100",TRUE,"RC","Yes","Amalgamated Transit Union Local 1336",1,"ATU",0.561643835616438,"Yes",9
"15-RD-000822",NA,"Greyhound Lines, Inc.",2001-09-12,2002-04-02,"Montgomery","AL","A",2002-03-22,25,0,"Amalgamated Transit Union, National Local 1700",6,NA,NA,NA,NA,16,22,"N",0,"N",NA,"Initial","Revised Single Labor Org","Certification of Results","Closed",NA,NA,NA,NA,191,2002-01-01,2001-07-01,"11-25",TRUE,"RD","Yes","Amalgamated Transit Union, National Local 1700",1,"ATU",0.272727272727273,"No",3
"15-RD-000822",NA,"Greyhound Lines, Inc.",2001-09-12,2002-04-02,"Montgomery","AL","A",2002-01-14,25,0,"Amalgamated Transit Union, National Local 1700",4,NA,NA,NA,NA,19,23,"N",1,"N",NA,"Initial","Single Labor Organization","Certification of Results","Closed",NA,NA,NA,NA,124,2002-01-01,2001-07-01,"11-25",FALSE,"RD","Yes","Amalgamated Transit Union, National Local 1700",1,"ATU",0.173913043478261,"No",2
"12-RD-000911",NA,"Senior Friendship Center",2001-08-22,2001-10-04,"Venice","FL","A",2001-09-19,7,0,"Amalgamated Transit Union, Local 1701",0,NA,NA,NA,NA,5,5,"N",0,"N",NA,"Initial","Single Labor Organization","Certification of Results","Closed","Included:  All full time and regular part-time drivers employed by the Employer at its Sarasota and Venice facilities.

Excluded:  All other employees, guards, and supervisors as defined in the Act.",NA,NA,NA,28,2001-07-01,2001-07-01,"6-10",TRUE,"RD","Yes","Amalgamated Transit Union, Local 1701",1,"ATU",0,"No",2
"04-RC-020274",NA,"Klein Transportation",2001-08-15,2001-09-26,"Douglassville","PA","A",2001-09-17,66,1,"Amalgamated Transit Union",18,NA,NA,NA,NA,38,56,"N",4,"N",NA,"Initial","Single Labor Organization","Certification of Results","Closed","All full time and regular part time coach operators, sedan limousine drivers and maintenance employees employed at the Employer's Douglassville, PA facility.  EXCLUDED:  All other employees including dispatchers, guards and supervisors as defined in the Act.",NA,NA,NA,33,2001-07-01,2001-07-01,"51-100",TRUE,"RC","Yes","Amalgamated Transit Union",1,"ATU",0.321428571428571,"No",10
"12-RM-000383",NA,"Senior Friendship Centers, Inc.",2001-08-14,2001-10-04,"Venice","FL","A",2001-09-19,7,0,"Amalgamated Transit Union, Local 1701",0,NA,NA,NA,NA,5,5,"N",0,"N",NA,"Initial","Single Labor Organization","Certification of Results","Closed","Included:  All full time and regular part-time drivers employed by the Employer at its Sarasota and Venice, Florida facilities.

Excluded:  All other employees, guards, and supervisors as defined in the Act.",NA,NA,NA,36,2001-07-01,2001-07-01,"6-10",TRUE,"RM","Yes","Amalgamated Transit Union, Local 1701",1,"ATU",0,"No",2
"01-RC-021392",NA,"Regional Transportation Program",2001-07-23,2001-09-28,"Portland","ME","A",2001-09-14,2,0,"Amalgamated Transit Union, Local 714, AFL-CIO",2,NA,NA,NA,NA,0,2,"N",0,"N","Amalgamated Transit Union, Local 714, AFL-CIO","Initial","Single Labor Organization","Certific. of Representative","Closed","All full-time and regular part-time mechanics, including the lead mechanic, employed by the Employer at its Portland, Maine facility, but excluding all other employees, managers, guards, and supervisors as defined in the Act.",NA,NA,NA,53,2001-07-01,2001-07-01,"<5",TRUE,"RC","Yes","Amalgamated Transit Union, Local 714, AFL-CIO",1,"ATU",1,"Yes",0
"17-RC-011998",NA,"MV Transportation, Inc.",2001-07-05,2001-09-26,"Lawrence","KS","A",2001-09-21,38,0,"Amalgamated Transit Union",15,NA,NA,NA,NA,15,30,"N",0,"N",NA,"Initial","Revised Single Labor Org","Certification of Results","Closed","[ All full-time and regular part-time drivers, dispatchers, reservationists, utility employees, and mechanics, employed by the Employer from its facility located at 930 East 30th Street, Lawrence, Kansas, the only facility involved herein, but EXCLUDING all office clerical employees, road supervisors, guards and supervisors as defined by the Act. ]",NA,NA,NA,78,2001-07-01,2001-07-01,"26-50",TRUE,"RC","Yes","Amalgamated Transit Union",1,"ATU",0.5,"No",8
"17-RC-011998",NA,"MV Transportation, Inc.",2001-07-05,2001-09-26,"Lawrence","KS","A",2001-08-08,38,0,"Amalgamated Transit Union",15,NA,NA,NA,NA,15,30,"N",4,"Y",NA,"Initial","Single Labor Organization","Certification of Results","Closed","[ All full-time and regular part-time drivers, dispatchers, reservationists, utility employees, and mechanics, employed by the Employer from its facility located at 930 East 30th Street, Lawrence, Kansas, the only facility involved herein, but EXCLUDING all office clerical employees, road supervisors, guards and supervisors as defined by the Act. ]",NA,NA,NA,34,2001-07-01,2001-07-01,"26-50",FALSE,"RC","Yes","Amalgamated Transit Union",1,"ATU",0.5,"No",8
"12-RC-008661",NA,"Red Top Transportation, Inc.",2001-06-27,2001-08-14,"Miami Beach","FL","A",2001-08-02,32,0,"Amalgamated Transit Union, AFL-CIO, CLC, Local 1750",32,NA,NA,NA,NA,0,32,"N",0,"N","Amalgamated Transit Union, AFL-CIO, CLC, Local 1750","Initial","Single Labor Organization","Certific. of Representative","Closed","Included:  All full-time and regular part-time bus operators employed by the Employer out of the facility located at 140 McArthur Causeway, Miami Beach, Florida.

Excluded:  All other employees, managerial employees, dispatchers, guards and supervisors as defined in the Act.",NA,NA,NA,36,2001-07-01,2001-04-01,"26-50",TRUE,"RC","Yes","Amalgamated Transit Union, AFL-CIO, CLC, Local 1750",1,"ATU",1,"Yes",0
"01-RC-021382",NA,"Cornerstone Adult Services",2001-06-08,2001-08-02,"Warwick","RI","A",2001-07-20,13,0,"Amalgamated Transit Union, Local 618, AFL-CIO",11,NA,NA,NA,NA,1,12,"N",0,"N","Amalgamated Transit Union, Local 618, AFL-CIO","Initial","Single Labor Organization","Certific. of Representative","Closed","All full time and regular part time bus operators employed by the Employer at its 2065 Warwick Avenue, Warwick,  Rhode Island location, but excluding all other employees, guards and supervisors as defined in the Act.",NA,NA,NA,42,2001-07-01,2001-04-01,"11-25",TRUE,"RC","Yes","Amalgamated Transit Union, Local 618, AFL-CIO",1,"ATU",0.916666666666667,"Yes",1
"13-RC-020551",NA,"Laidlaw Transit, Inc.",2001-02-14,2001-05-15,"Batavia","IL","A",2001-03-23,171,1,"Amalgamated Transit Union, Local 215, AFL-CIO, CLC",60,NA,NA,NA,NA,87,147,"N",0,"N",NA,"Initial","Single Labor Organization","Certification of Results","Closed","All full-time and regular part-time drivers and monitors employed by the Employer at the Employer's facility currently located at 1000 Swanson Drive, Batavia, Illinois; excluding all dispatchers and mechanics, all office clerical employees and guards, professional employees and supervisors as defined in the Act.",NA,NA,NA,37,2001-01-01,2001-01-01,"101-500",TRUE,"RC","Yes","Amalgamated Transit Union, Local 215, AFL-CIO, CLC",1,"ATU",0.408163265306122,"No",24
"05-RC-015156",NA,"Transit Management of Alexandria, Inc.",2001-02-09,2001-04-27,"Alexandria","VA","A",2001-03-23,77,0,"Amalgamated Transit Union, Local Union 1708, AFL-CIO",17,NA,NA,NA,NA,55,72,"N",1,"N",NA,"Initial","Single Labor Organization","Certification of Results","Closed","All full-time and regular part-time Bus Operators and Maintenance Employees employed by the Employer at its Alexandria, Virginia location; but excluding all other employees, dispatchers, office clerical employees, guards and supervisors as defined by the Act.",NA,NA,NA,42,2001-01-01,2001-01-01,"51-100",TRUE,"RC","Yes","Amalgamated Transit Union, Local Union 1708, AFL-CIO",1,"ATU",0.236111111111111,"No",5
"25-RC-010015",NA,"Laidlaw Transit",2001-01-26,2001-03-27,"Indianapolis","IN","A",2001-03-27,12,0,"Amalgamated Transit Union Local 1070",6,NA,NA,NA,NA,4,10,"N",1,"N","Amalgamated Transit Union Local 1070","Initial","Revised Single Labor Org","Certific. of Representative","Closed","All full time and regular part-time dispatchers, ETA/dispatchers and reservationists employed by the Employer at its 1501 W. Washington, Indianapolis, Indiana facility; BUT EXCLUDING all administrative assistants, guards and supervisors as defined in the Act.",NA,NA,NA,60,2001-01-01,2001-01-01,"11-25",TRUE,"RC","Yes","Amalgamated Transit Union Local 1070",1,"ATU",0.6,"Yes",2
"20-RC-017649",NA,"Laidlaw Transportation Svc. Inc.",2001-01-26,2001-03-23,"Woodland","CA","A",2001-03-09,58,2,"Amalgamated Transit  Union Local 256, AFL-CIO, CLC",41,NA,NA,NA,NA,6,47,"N",0,"N","Amalgamated Transit  Union Local 256, AFL-CIO, CLC","Initial","Single Labor Organization","Certific. of Representative","Closed","All full-time and regular part-time drivers, mechanics and utility employees employed by the Employer at its Woodland, California facility; excluding all managerial and administrative employees, dispatchers, office clerical employees, all other employees, guards, and supervisors as defined in the Act.",NA,NA,NA,42,2001-01-01,2001-01-01,"51-100",TRUE,"RC","Yes","Amalgamated Transit  Union Local 256, AFL-CIO, CLC",1,"ATU",0.872340425531915,"Yes",11
"25-RC-010017",NA,"Laidlaw Transit",2001-01-26,2001-03-16,"Indianapolis","IN","A",2001-03-08,22,0,"Amalgamated Transit Union Local 1070",13,NA,NA,NA,NA,6,19,"N",0,"N","Amalgamated Transit Union Local 1070","Initial","Single Labor Organization","Certific. of Representative","Closed","All full time and regular part-time mechanics, bus washers and drivers employed by the Employer at its 3116 N. Ritter, Indianapolis, Indiana facility; BUT EXCLUDING all guards and supervisors as defined in the Act.",NA,NA,NA,41,2001-01-01,2001-01-01,"11-25",TRUE,"RC","Yes","Amalgamated Transit Union Local 1070",1,"ATU",0.684210526315789,"Yes",3
"25-RC-010015",NA,"Laidlaw Transit",2001-01-26,2001-03-27,"Indianapolis","IN","A",2001-03-07,12,0,"Amalgamated Transit Union Local 1070",6,NA,NA,NA,NA,4,10,"N",2,"Y",NA,"Initial","Single Labor Organization","Certific. of Representative","Closed","All full time and regular part-time dispatchers, ETA/dispatchers and reservationists employed by the Employer at its 1501 W. Washington, Indianapolis, Indiana facility; BUT EXCLUDING all administrative assistants, guards and supervisors as defined in the Act.",NA,NA,NA,40,2001-01-01,2001-01-01,"11-25",FALSE,"RC","Yes","Amalgamated Transit Union Local 1070",1,"ATU",0.6,"Yes",2
"25-RC-010016",NA,"Laidlaw Transit",2001-01-26,2001-03-15,"Indianapolis","IN","A",2001-03-07,8,0,"Amalgamated Transit Union Local 1070",2,NA,NA,NA,NA,5,7,"N",1,"N",NA,"Initial","Single Labor Organization","Certification of Results","Closed",NA,NA,NA,NA,40,2001-01-01,2001-01-01,"6-10",TRUE,"RC","Yes","Amalgamated Transit Union Local 1070",1,"ATU",0.285714285714286,"No",1
"15-RC-008319",NA,"TRANSIT MANAGEMENT OF SOUTHEAST LA",2001-01-04,2001-02-26,"NEW ORLEANS","LA","A",2001-02-14,8,0,"AMALGAMATED TRANSIT UNION, LOCAL 1560",7,NA,NA,NA,NA,1,8,"N",1,"N","AMALGAMATED TRANSIT UNION, LOCAL 1560","Initial","Single Labor Organization","Certific. of Representative","Closed","INCLUDED: ALL CUSTOMER SERVICES SPECIALISTS EMPLOYED BY THE EMPLOYER AT ITS NEW ORLEANS, LOUISIANA FACILITY. 1/ ANDERSON, PATRICK L., BELL BARBARA E., FOLEY, JOANN, JUNIEL, GIGI, MERRICK, JACQUELINE B., MUSHATT, VICTORIA, WILLIAMS, CHIQUITA, WINFORD, CYNTHIA.

EXCLUDED: SALES & MARKETING DEPARTMENT SECRETARY, CUSTOMER SERVICE MANAGER, ALL OFFICE CLERICAL EMPLOYEES, PROFESSIONAL EMPLOYEES, GUARDS, AND SUPERVISORS AS DEFINED BY THE ACT.",NA,NA,NA,41,2001-01-01,2001-01-01,"6-10",TRUE,"RC","Yes","AMALGAMATED TRANSIT UNION, LOCAL 1560",1,"ATU",0.875,"Yes",0
"05-RC-015133",NA,"First Transit, Inc.",2000-11-29,2001-01-24,"Herndon","VA","A",2001-01-12,14,0,"Amalgamated Transit Union, Local No. 1708",7,NA,NA,NA,NA,7,14,"N",0,"N",NA,"Initial","Single Labor Organization","Certification of Results","Closed","All full-time and regular part-time Mechanics, Fuelers, and Service Washers employed by the Employer at its Herndon, Virginia location; but excluding all other employees, guards and supervisors as defined by the Act.",NA,NA,NA,44,2001-01-01,2000-10-01,"11-25",TRUE,"RC","Yes","Amalgamated Transit Union, Local No. 1708",1,"ATU",0.5,"No",0
"22-RC-011993",NA,"Stout's Bus Service, Inc.",2000-11-24,2001-01-23,"Ewing","NJ","A",2001-01-05,66,0,"Amalgamated Transit Union, Local 821, AFL-CIO, CLC",8,NA,NA,NA,NA,49,57,"N",0,"N",NA,"Initial","Single Labor Organization","Certification of Results","Closed","Included:  All regular full-time and regular part-time bus drivers and mechanics employed by the Employer at its 20 Irven Street and 1540 Ewingville Road, Ewing, NJ locations.

Excluded:  All other employees, office clerical employees, managerial employees, professional employees, guards and supervisors as defined in the Act.",NA,NA,NA,42,2001-01-01,2000-10-01,"51-100",TRUE,"RC","Yes","Amalgamated Transit Union, Local 821, AFL-CIO, CLC",1,"ATU",0.140350877192982,"No",9
"28-RC-005900",NA,"Forsythe and Associates, Inc., a Division of ATC Group",2000-10-10,2001-01-22,"Phoenix, Mesa, Tempe, Scottsda","AZ","A",2001-01-11,297,0,"Amalgamated Transit Union Local 1433",184,NA,NA,NA,NA,70,254,"N",2,"N","Amalgamated Transit Union Local 1433","Initial","Single Labor Organization","Certific. of Representative","Closed","Included:  All full-time and regular part-time bus operators and part-time road supervisors operating at or out of the Employer's Tempe, Scottsdale and Mesa facilities.

Excluded:  All other employees, office clerical employees, full time road supervisors, lead operators, dispatchers, dispatch supervisors, guards, and supervisors as defined in the Act.",NA,NA,NA,93,2001-01-01,2000-10-01,"101-500",TRUE,"RC","Yes","Amalgamated Transit Union Local 1433",1,"ATU",0.724409448818898,"Yes",43
"01-RC-021252",NA,"Paratransit Brokerage Services, Inc.",2000-09-21,2000-11-14,"Worcester","MA","A",2000-11-02,9,0,"Amalgamated Transit Union, Local 22, AFL-CIO, CLC",2,NA,NA,NA,NA,7,9,"N",0,"N",NA,"Initial","Single Labor Organization","Certification of Results","Closed",NA,NA,NA,NA,42,2000-10-01,2000-07-01,"6-10",TRUE,"RC","Yes","Amalgamated Transit Union, Local 22, AFL-CIO, CLC",1,"ATU",0.222222222222222,"No",0
"01-RC-021244",NA,"First Student, Inc.",2000-09-14,2000-11-06,"Warwick","RI","A",2000-10-26,81,0,"Amalgamated Transit Union, AFL-CIO, CLC",47,NA,NA,NA,NA,31,78,"N",1,"N","Amalgamated Transit Union, AFL-CIO, CLC","Initial","Single Labor Organization","Certific. of Representative","Closed",NA,NA,NA,NA,42,2000-10-01,2000-07-01,"51-100",TRUE,"RC","Yes","Amalgamated Transit Union, AFL-CIO, CLC",1,"ATU",0.602564102564103,"Yes",3
"02-RC-022279",NA,"Leonardo Transportation d/b/a R&B Transit",2000-08-31,2000-11-17,"New York","NY","A",2000-11-06,45,1,"Local 1181-1061 Amalgamated Transit Union, AFL-CIO",12,NA,NA,NA,NA,26,38,"N",5,"N",NA,"Initial","Revised Single Labor Org","Certification of Results","Closed","INCLUDED:  All full-time and regular part-time drivers, body shop employees, including mechanics', mechanics helpers and bodymen, and escorts employed by the Employer at and out of its facility at 435 Austin Place, Bronx, New York.

EXCLUDED:  All other employees, and guards, professional employees, and supervisors as defined in the Act.",NA,NA,NA,67,2000-10-01,2000-07-01,"26-50",TRUE,"RC","Yes","Local 1181-1061 Amalgamated Transit Union, AFL-CIO",1,"ATU",0.315789473684211,"No",7
"02-RC-022279",NA,"Leonardo Transportation d/b/a R&B Transit",2000-08-31,2000-11-17,"New York","NY","A",2000-10-13,45,0,"Local 1181-1061 Amalgamated Transit Union, AFL-CIO",11,NA,NA,NA,NA,10,21,"N",23,"Y",NA,"Initial","Single Labor Organization","Certification of Results","Closed","INCLUDED:  All full-time and regular part-time drivers, body shop employees, including mechanics', mechanics helpers and bodymen, and escorts employed by the Employer at and out of its facility at 435 Austin Place, Bronx, New York.

EXCLUDED:  All other employees, and guards, professional employees, and supervisors as defined in the Act.",NA,NA,NA,43,2000-10-01,2000-07-01,"26-50",FALSE,"RC","Yes","Local 1181-1061 Amalgamated Transit Union, AFL-CIO",1,"ATU",0.523809523809524,"No",24
"32-RC-004788",NA,"Laidlaw Transit",2000-07-12,2000-09-05,"Seaside","CA","A",2000-08-25,15,0,"Amalgamated Transit Union, Local 1225, AFL-CIO",9,NA,NA,NA,NA,0,9,"N",3,"N","Amalgamated Transit Union, Local 1225, AFL-CIO","Initial","Single Labor Organization","Certific. of Representative","Closed","All full-time and regular part-time employees employed by the Employer at its Seaside, California facility; excluding all managerial employees, office clerical employees, guards, and supervisors as defined in the Act.",NA,NA,NA,44,2000-07-01,2000-07-01,"11-25",TRUE,"RC","Yes","Amalgamated Transit Union, Local 1225, AFL-CIO",1,"ATU",1,"Yes",6
"01-RC-021212",NA,"Cape Area Transportation System, Inc.",2000-07-03,2000-08-28,"Boston","MA","A",2000-08-22,95,1,"Amalgamated Transit Union, Local 1548",67,NA,NA,NA,NA,17,85,"N",0,"N","Amalgamated Transit Union, Local 1548","Initial","Single Labor Organization","Certific. of Representative","Closed","All full-time and regular part-time bus drivers, mechanics, dispatchers, and hostler, including on-call employees (minimum of four hours worked per week average for the twelve weeks) employed by the Empoyer at is South Dennis, Massachusetts location, but excluding confidential employees, managerial employees, guards and supervisors as defined in the Act.",NA,NA,NA,50,2000-07-01,2000-07-01,"51-100",TRUE,"RC","Yes","Amalgamated Transit Union, Local 1548",1,"ATU",0.797619047619048,"Yes",11
"06-RD-001416",NA,"Laidlaw Transit, Inc.",2000-04-11,2000-06-21,"Pittsburgh","PA","A",2000-06-09,127,0,"Amalgamated Transit Union, Local 1729, AFL-CIO",77,NA,NA,NA,NA,42,119,"N",0,"N","Amalgamated Transit Union, Local 1729, AFL-CIO","Initial","Single Labor Organization","Certific. of Representative","Closed","All full-time and part-time bus drivers, spare bus drivers, van drivers, chaperones, mechanics and dispatchers employed by the Employer at its 101 Old Frankstown road, Pittsburgh, Pennsylvania, facility; excluding office clerical employees, Access drivers and guards, professional employees and supervisors as defined in the Act, and all other employees.",NA,NA,NA,59,2000-04-01,2000-04-01,"101-500",TRUE,"RD","Yes","Amalgamated Transit Union, Local 1729, AFL-CIO",1,"ATU",0.647058823529412,"Yes",8
"33-RC-004498",NA,"First Student, Inc",2000-04-05,2000-05-22,"Kankakee","IL","A",2000-05-12,74,0,"Amalgamated Transit Union",48,NA,NA,NA,NA,20,68,"N",0,"N","Amalgamated Transit Union","Initial","Single Labor Organization","Certific. of Representative","Closed","All school bus operators and aides/monitors employed by Employer at its Kankakee, Illinois facility; but EXCLUDING all maintenance employees, office clerical employees, professional employees, guards and supervisors as defined by the Act, and all other employees.",NA,NA,NA,37,2000-04-01,2000-04-01,"51-100",TRUE,"RC","Yes","Amalgamated Transit Union",1,"ATU",0.705882352941177,"Yes",6
"33-RC-004497",NA,"First Transit Inc",2000-04-04,2000-09-06,"Kankakee","IL","A",2000-08-29,10,0,"Amalgamated Transit Union",5,NA,NA,NA,NA,5,10,"N",0,"N",NA,"Initial","Revised Single Labor Org","Certification of Results","Closed","All full-time and regular part-time bus operators employed by Employer at or from its 2150 F State Route 45/52, Kankakee, Illinois facility; but EXCLUDING all maintenance employees, office clerical employees, professional employees, guards and supervisors as defined by the Act, and all other employees",NA,NA,NA,147,2000-07-01,2000-04-01,"6-10",TRUE,"RC","Yes","Amalgamated Transit Union",1,"ATU",0.5,"No",0
"33-RC-004497",NA,"First Transit Inc",2000-04-04,2000-09-06,"Kankakee","IL","A",2000-05-05,10,0,"Amalgamated Transit Union",5,NA,NA,NA,NA,4,9,"N",2,"Y",NA,"Initial","Single Labor Organization","Certification of Results","Closed","All full-time and regular part-time bus operators employed by Employer at or from its 2150 F State Route 45/52, Kankakee, Illinois facility; but EXCLUDING all maintenance employees, office clerical employees, professional employees, guards and supervisors as defined by the Act, and all other employees",NA,NA,NA,31,2000-04-01,2000-04-01,"6-10",FALSE,"RC","Yes","Amalgamated Transit Union",1,"ATU",0.555555555555556,"No",1
"34-RC-001802",NA,"First Student, Inc.",2000-03-01,2000-06-21,"Hartford","CT","A",2000-06-08,62,0,"Amalgamated Transit Union, Local 1336, AFL-CIO, CLC",13,NA,NA,NA,NA,41,54,"N",3,"N",NA,"Initial","Single Labor Organization","Certification of Results","Closed","Those eligible to vote are full-time and regular part-time school bus and van drivers and drivers aides employed by the Employer at its Trumbull, Connecticut facility, who were employed during the payroll period ending March 8, 2000; BUT EXCLUDING office clerical employees, dispatchers, mechanics, and guards, professional employees and supervisors as defined in the Act.",NA,NA,NA,99,2000-04-01,2000-01-01,"51-100",TRUE,"RC","Yes","Amalgamated Transit Union, Local 1336, AFL-CIO, CLC",1,"ATU",0.240740740740741,"No",8
"05-RD-001244",NA,"Greyhound Lines, Inc.",2000-02-25,2000-04-11,"Washington","DC","A",2000-03-24,74,0,"Amalgamated Transit Union, Local 1700",50,NA,NA,NA,NA,17,67,"N",1,"N","Amalgamated Transit Union, Local 1700","Initial","Single Labor Organization","Certific. of Representative","Closed","All full time and regular part time Customer Service Associates (work areas of baggage, express, tickets, starter, utilitymen, GPX, bus cleaners) and janitors working in Washington, D.C.; but excluding all other employees and guards and supervisors as defined by the Act.",NA,NA,NA,28,2000-01-01,2000-01-01,"51-100",TRUE,"RD","Yes","Amalgamated Transit Union, Local 1700",1,"ATU",0.746268656716418,"Yes",7
"01-RC-021136",NA,"Plymouth & Brockton Street Railway Company",2000-01-25,2000-03-27,"various","MA","A",2000-03-16,16,0,"Amalgamated Transit Union Local 1548, AFL-CIO",5,NA,NA,NA,NA,9,14,"N",0,"N",NA,"Initial","Single Labor Organization","Certification of Results","Closed","All full-time and regular part-time customer service representatives employed by the employer at its Plymouth, Hyannis, Barnstable, Rockland, South Station (Boston), Park Plaza, Logan Airport and Sagamore, MA locations who were employed during the payroll period ending January 28, 2000, but
excluding clerical employees, maintenance employees, custodians, parts coordinator, confidential employees, guards and supervisors as defined in the Act and all other employees.",NA,NA,NA,51,2000-01-01,2000-01-01,"11-25",TRUE,"RC","Yes","Amalgamated Transit Union Local 1548, AFL-CIO",1,"ATU",0.357142857142857,"No",2
"34-RC-001782",NA,"Laidlaw Education Services, Inc.",1999-11-01,1999-12-21,"Wilton","CT","A",1999-12-10,36,0,"Amalgamated Transit Union, Local 1336",19,NA,NA,NA,NA,17,36,"N",0,"N","Amalgamated Transit Union, Local 1336","Initial","Single Labor Organization","Certific. of Representative","Closed",NA,NA,NA,NA,39,1999-10-01,1999-10-01,"26-50",TRUE,"RC","Yes","Amalgamated Transit Union, Local 1336",1,"ATU",0.527777777777778,"Yes",0
"01-RC-021088",NA,"SCM Community Transport",1999-09-27,2000-07-11,"Somerville","MA","A",2000-06-29,44,0,"Amalgamated Transit Union Local #1739, AFL-CIO, CLC",14,NA,NA,NA,NA,25,39,"N",0,"N",NA,"Rerun","Single Labor Organization","Certification of Results","Closed","All full time and regular part time drivers, monitors, and dispatchers/schedulers, employed by the Employer at its 167 Holland Street, Somerville, MA facility but excluding professional employees, managerial employees, confidential employees, casual employees, office clerical employees, guards and supervisors as definedin the Act.",NA,NA,NA,276,2000-04-01,1999-07-01,"26-50",TRUE,"RC","Yes","Amalgamated Transit Union Local #1739, AFL-CIO, CLC",1,"ATU",0.358974358974359,"No",5
"01-RC-021088",NA,"SCM Community Transport",1999-09-27,2000-07-11,"Somerville","MA","A",1999-11-12,39,0,"Amalgamated Transit Union Local #1739, AFL-CIO, CLC",10,NA,NA,NA,NA,24,34,"N",3,"N",NA,"Initial","Single Labor Organization","Certification of Results","Closed","All full time and regular part time drivers, monitors, and dispatchers/schedulers, employed by the Employer at its 167 Holland Street, Somerville, MA facility but excluding professional employees, managerial employees, confidential employees, casual employees, office clerical employees, guards and supervisors as definedin the Act.",NA,NA,NA,46,1999-10-01,1999-07-01,"26-50",FALSE,"RC","Yes","Amalgamated Transit Union Local #1739, AFL-CIO, CLC",1,"ATU",0.294117647058824,"No",5
"34-RD-000256",NA,"LAIDLAW TRANSIT",1999-09-10,1999-10-22,"South Windsor","CT","A",1999-10-13,33,0,"Amalgamated Transit Union Local Union # 1588, AFL-CIO",25,NA,NA,NA,NA,2,27,"N",0,"N","Amalgamated Transit Union Local Union # 1588, AFL-CIO","Initial","Single Labor Organization","Certific. of Representative","Closed","Those eligible to vote are all full-time and regular part-time drivers regularly assigned to Employer's South Windsor, Connecticut location, who were employed during the payroll period ending September 11, 1999; BUT EXCLUDING clerical employees and mechanics, and guards, professional employees and supervisors as defined in the Act.",NA,NA,NA,33,1999-10-01,1999-07-01,"26-50",TRUE,"RD","Yes","Amalgamated Transit Union Local Union # 1588, AFL-CIO",1,"ATU",0.925925925925926,"Yes",6
"32-RC-004676",NA,"Sierra Managment",1999-09-07,1999-10-29,"Porterville","CA","A",1999-10-19,30,0,"Amalgamated Transit Union Local 1027",4,NA,NA,NA,NA,16,20,"N",0,"N",NA,"Initial","Single Labor Organization","Certification of Results","Closed",NA,NA,NA,NA,42,1999-10-01,1999-07-01,"26-50",TRUE,"RC","Yes","Amalgamated Transit Union Local 1027",1,"ATU",0.2,"No",10
"15-RC-008224",NA,"Greyhound Lines, Inc.",1999-08-18,1999-10-04,"JACKSON","MS","A",1999-09-24,23,0,"Amalgamated Transit Union Local #1700",13,NA,NA,NA,NA,6,19,"N",0,"N","Amalgamated Transit Union Local #1700","Initial","Single Labor Organization","Certific. of Representative","Closed","INCLUDED:  All customer service associates in the areas of baggage, platform workers, tickets, leads, GPX, fuelers, and janitors employed by the Employer at its facility located at 201 Sl Jefferson Street, Jackson Mississippi who where employed during the payroll ending August 23, 1999.

EXCLUDED:  All food service employees, all  office clerical employees, guards, professional employees and supervisors as defined in the Act.",NA,NA,NA,37,1999-07-01,1999-07-01,"11-25",TRUE,"RC","Yes","Amalgamated Transit Union Local #1700",1,"ATU",0.684210526315789,"Yes",4
"13-RC-020184",NA,"Laidlaw Transit Services, Inc.",1999-07-28,1999-09-28,"Addison and Glenview","IL","A",1999-07-28,92,1,"Amalgamated Transit Union Local 1028",20,NA,NA,NA,NA,53,73,"N",0,"N",NA,"Initial","Single Labor Organization","Certification of Results","Closed",NA,NA,NA,NA,0,1999-07-01,1999-07-01,"51-100",TRUE,"RC","Yes","Amalgamated Transit Union Local 1028",1,"ATU",0.273972602739726,"No",19
"06-RD-001394",NA,"Laidlaw Transit, Inc.",1999-06-08,2000-01-24,"Pittsburgh","PA","A",1999-10-01,252,1,"Amalgamated Transit Union, Local 1729, A",109,NA,NA,NA,NA,114,223,"N",0,"N",NA,"Initial","Single Labor Organization","Certification of Results","Closed","All full-time and regular part-time bus drivers, van drivers, and chaperones/aides, employed by the employer at its Shaler Township Bus Terminal, Hahn Road Bus and Hahn Road Van Terminals, North Hills School District Terminals and W. North Avenue Terminal; excluding all mechanics, dispatchers, Access drivers, office clerical employees and guards, proessional employees and supervisors as defined in the Act, and all other employees.",NA,NA,NA,115,1999-10-01,1999-04-01,"101-500",TRUE,"RD","Yes","Amalgamated Transit Union, Local 1729, A",1,"ATU",0.488789237668161,"No",29
"30-RC-006106",NA,"Laidlaw Transit Services, Inc.",1999-04-05,1999-11-09,"Milwaukee","WI","A",1999-05-07,96,0,"Amalgamated Transit Union, Local 998",47,NA,NA,NA,NA,37,84,"N",1,"N","Amalgamated Transit Union, Local 998","Initial","Single Labor Organization","Certific. of Representative","Closed","All full-time and regular part-time drivers, reservationists, mechanics, utility workers and dispatch clerks employed by Laidlaw Transit Services, Inc. out of its Milwaukee, Wisconsin facility; but excluding dispatchers, payroll clerks, trainers, road supervisors, managers, guards and supervisors as defined in the Act.",NA,NA,NA,32,1999-04-01,1999-04-01,"51-100",TRUE,"RC","Yes","Amalgamated Transit Union, Local 998",1,"ATU",0.55952380952381,"Yes",12
"14-RC-012031",NA,"Laidlaw Transit, Inc.",1999-03-26,1999-05-17,"Granite City","IL","A",1999-05-07,49,0,"Amalgamated Transit Union, Local 788, AFL-CIO/CLC",25,NA,NA,NA,NA,12,37,"N",0,"N","Amalgamated Transit Union, Local 788, AFL-CIO/CLC","Initial","Single Labor Organization","Certific. of Representative","Closed",NA,NA,NA,NA,42,1999-04-01,1999-01-01,"26-50",TRUE,"RC","Yes","Amalgamated Transit Union, Local 788, AFL-CIO/CLC",1,"ATU",0.675675675675676,"Yes",12
"36-RC-005910",NA,"Community Ambulance",1999-03-22,1999-08-20,"Portland","OR","A",1999-05-04,24,0,"Amalgamated Transit Union, Division 757",8,NA,NA,NA,NA,11,19,"N",5,"Y",NA,"Initial","Single Labor Organization","Withdrawal","Closed",NA,NA,NA,NA,43,1999-04-01,1999-01-01,"11-25",TRUE,"RC","Yes","Amalgamated Transit Union, Division 757",1,"ATU",0.421052631578947,"Other",5
"34-RD-000247",NA,"New Britian Transportation Co.",1999-02-10,1999-10-22,"Berlin","CT","A",1999-10-14,19,0,"Amalgamated Transit Union, Local 1706",6,NA,NA,NA,NA,11,17,"N",1,"N",NA,"Initial","Single Labor Organization","Certification of Results","Closed","Those eligible to vote are all full time mechanics, bus washers, parts runners, utility people, line commuter and charter drivers employed by the Emplouer at its Berlin, Connecticut facility; who were employed during the payroll period ending September 11, 1999; BUT EXCLUDING all other employees, dispatchers, school bus drivers, office clerical employees, and guards, professional employees and supervisors as defined in the Act.",NA,NA,NA,246,1999-10-01,1999-01-01,"11-25",TRUE,"RD","Yes","Amalgamated Transit Union, Local 1706",1,"ATU",0.352941176470588,"No",2
"34-RC-001690",NA,"New Britain Transportation Berlin Division",1999-01-22,2000-01-27,"Berlin","CT","A",2000-01-14,43,0,"Amalgamated Transit Union, Local 1706, AFL-CIO, CLC",10,NA,NA,NA,NA,29,39,"N",1,"N",NA,"Initial","Single Labor Organization","Certification of Results","Closed",NA,NA,NA,NA,357,2000-01-01,1999-01-01,"26-50",TRUE,"RC","Yes","Amalgamated Transit Union, Local 1706, AFL-CIO, CLC",1,"ATU",0.256410256410256,"No",4
"36-RC-005899",NA,"First Transit, Inc.",1999-01-19,2000-11-27,"Portland","OR","A",2000-11-17,118,0,"Amalgamated Transit Union, Division 757",36,NA,NA,NA,NA,56,92,"N",10,"N",NA,"Rerun","Single Labor Organization","Certification of Results","Closed","All full-time and part-time bus drivers, golf cart drivers, lot attendants, fuelers, cleaners, and lead monitors employed by the Employer at its Portland, Oregon airport location; but excluding all office clerical employees, guards and supervisors as defined in the Act and all other employees.",NA,NA,NA,668,2000-10-01,1999-01-01,"101-500",TRUE,"RC","Yes","Amalgamated Transit Union, Division 757",1,"ATU",0.391304347826087,"No",26
"36-RC-005899",NA,"First Transit, Inc.",1999-01-19,2000-11-27,"Portland","OR","A",1999-04-09,154,0,"Amalgamated Transit Union, Division 757",66,NA,NA,NA,NA,70,136,"N",6,"Y",NA,"Initial","Single Labor Organization","Certification of Results","Closed","All full-time and part-time bus drivers, golf cart drivers, lot attendants, fuelers, cleaners, and lead monitors employed by the Employer at its Portland, Oregon airport location; but excluding all office clerical employees, guards and supervisors as defined in the Act and all other employees.",NA,NA,NA,80,1999-04-01,1999-01-01,"101-500",FALSE,"RC","Yes","Amalgamated Transit Union, Division 757",1,"ATU",0.485294117647059,"No",18
"32-RC-004554",NA,"Friendly Transportation, Inc.",1998-12-03,1999-03-08,"Oakland","CA","A",1999-02-17,10,0,"Amalgamated Transit Union, Local 192",5,NA,NA,NA,NA,0,5,"N",0,"N",NA,"Initial","Single Labor Organization","Certific. of Representative","Closed",NA,NA,NA,NA,76,1999-01-01,1998-10-01,"6-10",TRUE,"RC","Yes","Amalgamated Transit Union, Local 192",1,"ATU",1,"Yes",5
"36-RC-005862",NA,"Laidlaw Transit Services, Inc.",1998-05-19,1999-10-12,"Portland","OR","A",1999-10-01,29,0,"Amalgamated Transit Union, Division 757",4,NA,NA,NA,NA,14,18,"N",0,"N",NA,"Rerun","Single Labor Organization","Certific. of Representative","Closed","All full-time and part-time dispatchers, reservationists, schedulers and customer service representatives working in the Tri-Met lift program in Portland, Oregon; excluding all office clerical employees, professional employees, guards and supervisors as defined in the Act.",NA,NA,NA,500,1999-10-01,1998-04-01,"26-50",TRUE,"RC","Yes","Amalgamated Transit Union, Division 757",1,"ATU",0.222222222222222,"Yes",11
"36-RC-005862",NA,"Laidlaw Transit Services, Inc.",1998-05-19,1999-10-12,"Portland","OR","A",1999-06-30,27,0,"Amalgamated Transit Union, Division 757",9,NA,NA,NA,NA,17,26,"N",0,"N",NA,"Initial","Single Labor Organization","Certific. of Representative","Closed","All full-time and part-time dispatchers, reservationists, schedulers and customer service representatives working in the Tri-Met lift program in Portland, Oregon; excluding all office clerical employees, professional employees, guards and supervisors as defined in the Act.",NA,NA,NA,407,1999-04-01,1998-04-01,"26-50",FALSE,"RC","Yes","Amalgamated Transit Union, Division 757",1,"ATU",0.346153846153846,"Yes",1
