"Case","Region","Case_Name","Date_Filed","Date_Closed","City","State","Unit ID","Tally_Date","Num_Eligible_Voters","Void Ballots","Labor_Union","Votes_For_Union","Labor Union2","Votes for Labor Union2","Labor Union3","Votes for Labor Union3","Votes_Against","Total_Ballots_Counted","Runoff Required","Challenged Ballots","Challenges are Determinative","Union to Certify","Tally_Type","Ballot_Type","Reason_Closed","Status","Voting Unit (Unit A)","Voting Unit (Unit B)","Voting Unit (Unit C)","Voting Unit (Unit D)","Length","Tally_Quarter","Filed_Quarter","size","Unique","Case_Type","Election_Data","Plot_Labor_Union","National_Count","National","Margin","Union_Cer","Didnt_Vote"
"15-RC-387492","Region 15, New Orleans, Louisiana","Gloster Forest Products, LLC",2026-05-21,2026-07-07,"Gloster","MS","A",2026-06-26,131,1,"United Steel, Paper and Forestry, Rubber, Manufacturing, Energy, Allied Industrial and Service Workers International Union, AFL-CIO, CLC",59,NA,NA,NA,NA,51,110,NA,5,NA,"United Steel, Paper and Forestry, Rubber, Manufacturing, Energy, Allied Industrial and Service Workers International Union, AFL-CIO, CLC","Initial","Single Labor Organization","Certific. of Representative","Closed","INCLUDED:
All full-time and regular part-time production and maintenance employees employed by the Employer at its Gloster, MS facility.

EXCLUDED:
All other employees, temporary employees, agency and joint employees, office clerical and professional employees, guards, and supervisors as defined in the Act.",NA,NA,NA,36,2026-04-01,2026-04-01,"101-500",TRUE,"RC","Yes","United Steel, Paper and Forestry, Rubber, Manufacturing, Energy, Allied Industrial and Service Workers International Union, AFL-CIO, CLC",1,"USW",0.536363636363636,"Yes",21
"15-RC-375035","Region 15, New Orleans, Louisiana","Spire Mississippi, Inc.",2025-11-19,2025-12-19,"Hattiesburg","MS",NA,NA,25,NA,NA,NA,NA,NA,NA,NA,NA,NA,NA,NA,NA,NA,NA,NA,"Withdrawal Non-adjusted","Closed",NA,NA,NA,NA,NA,NA,2025-10-01,"11-25",TRUE,"RC","No",NA,0,"Uncoded",NA,"Other",NA
"15-RC-368079","Region 15, New Orleans, Louisiana","Marmic Fire & Safety Co., Inc.",2025-06-24,2025-08-11,"Gulfport","MS","A",2025-08-01,5,NA,"United Association of Apprentices and Journeymen of the Plumbing and Pipefitting Industry of the U.S. and Canada, Road Sprinkler Fitters Local 669",0,NA,NA,NA,NA,5,5,NA,NA,NA,NA,"Initial","Single Labor Organization","Certification of Results","Closed","Included: All full time and regular part time Helper Sprinkler Technicians, Sprinkler Technicians, Sprinkler Superintendents, and Sprinkler Service Managers employed out of the Employer’s Gulfport, MS,location.

Excluded: All other employees, including administrative, confidential, office clerical, guards, supervisors, and managers as defined by the Act.",NA,NA,NA,38,2025-07-01,2025-04-01,"<5",TRUE,"RC","Yes","United Association of Apprentices and Journeymen of the Plumbing and Pipefitting Industry of the U.S. and Canada, Road Sprinkler Fitters Local 669",1,"UA",0,"No",0
"15-RC-366826","Region 15, New Orleans, Louisiana","Starbucks Corporation",2025-06-03,2025-07-09,"Ridgeland","MS","A",2025-07-01,17,NA,"Workers United a/w SEIU",14,NA,NA,NA,NA,0,14,NA,NA,NA,"Workers United a/w SEIU","Initial","Single Labor Organization","Certific. of Representative","Closed","Included: All full-time and regular part-time Baristas and Shift Supervisors employed by the Employer at its facility located at 832 E County Line Road, Ridgeland, Mississippi 39157. 

Excluded: All store managers, assistant store managers, office clericals, guards, professional employees and supervisors as defined by the Act, and all other employees.",NA,NA,NA,28,2025-07-01,2025-04-01,"11-25",TRUE,"RC","Yes","Workers United a/w SEIU",1,"WU",1,"Yes",3
"15-RC-360159","Region 15, New Orleans, Louisiana","Entergy",2025-02-12,2025-04-23,"Jackson","MS","A",2025-04-07,26,NA,"International Brotherhood of Electrical Workers Local #605",14,NA,NA,NA,NA,8,22,NA,NA,NA,"International Brotherhood of Electrical Workers Local #605","Initial","Single Labor Organization","Certific. of Representative","Closed","INCLUDED:  All Clerks-Specialty I, Clerks-Specialty II, and Clerks-Specialty Sr employed by the Employer at the following facilities:

520 Highway 51 South, Brookhaven, MS 39601
100 W. Sunflower Road, Cleveland, MS 38732
905 Highway 80 West, Clinton, MS 39056
641 Main Street, Greenville, MS 38701
57 W Nat G. Troutt Road, Grenada, MS 38901
96 Highway 51 North, Hernando, MS 38632
234 Second Street, Indianola, MS 38751
901 Larson Street, Jackson, MS 39202
740 E South Street, Jackson, MS 39201
720 Highway 35 Bypass, Kosciusko, MS 39090
1165 Highway 51 North, Madison, MS 39130
127 N Main Street, Magee, MS 39111
300 N Broadway Avenue, McComb, MS 39648
247 D’Everaux Drive, Natchez, MS 39121
5741 Highway 80 East, Pearl, MS 39208
114 N Center Street, Senatobia, MS 38668
3619 Josephine Road, Tunica, MS 38676
1450 Highway 61 North, Vicksburg, MS 39180

EXCLUDED: All other employees, managers, guards, and supervisors as defined in the Act.",NA,NA,NA,54,2025-04-01,2025-01-01,"26-50",TRUE,"RC","Yes","International Brotherhood of Electrical Workers Local #605",1,"IBEW",0.636363636363636,"Yes",4
"15-RC-350428","Region 15, New Orleans, Louisiana","CAE USA, Inc.",2024-09-13,2024-10-17,"Meridian","MS","A",2024-10-09,3,NA,"International Association of Machinists and Aerospace Workers, AFL-CIO",3,NA,NA,NA,NA,0,3,NA,NA,NA,"International Association of Machinists and Aerospace Workers, AFL-CIO","Initial","Single Labor Organization","Certific. of Representative","Closed","Included: All full-time and regular part-time employees, including Simulator Pilot Instructors and Simulator Technicians working at Key Field ANGB, Meridian, Mississippi on the KC-135 program for CAE USA, Inc.
Excluded: Office clerical employees, professional employees, site managers, managerial employees, guards, and supervisors, as defined in the Act.",NA,NA,NA,26,2024-10-01,2024-07-01,"<5",TRUE,"RC","Yes","International Association of Machinists and Aerospace Workers, AFL-CIO",1,"IAM",1,"Yes",0
"15-RD-348781","Region 15, New Orleans, Louisiana","AT&T Mobility Services LLC",2024-08-21,2025-01-30,"Ridgeland","MS",NA,NA,48,NA,NA,NA,NA,NA,NA,NA,NA,NA,NA,NA,NA,NA,NA,NA,"Dismissal Non-adjusted","Closed",NA,NA,NA,NA,NA,NA,2024-07-01,"26-50",TRUE,"RD","No",NA,0,"Uncoded",NA,"Other",NA
"15-RM-343654","Region 15, New Orleans, Louisiana","Peco Foods, Inc.",2024-06-05,2024-11-07,"West Point","MS",NA,NA,619,NA,NA,NA,NA,NA,NA,NA,NA,NA,NA,NA,NA,NA,NA,NA,"Dismissal Non-adjusted","Closed",NA,NA,NA,NA,NA,NA,2024-04-01,"500>",TRUE,"RM","No",NA,0,"Uncoded",NA,"Other",NA
"15-RC-343607","Region 15, New Orleans, Louisiana","Starbucks Corporation",2024-06-04,2024-06-26,"Jackson","MS","A",2024-06-18,14,NA,"Workers United Southern Regional Joint Board",12,NA,NA,NA,NA,0,12,NA,NA,NA,"Workers United Southern Regional Joint Board","Initial","Single Labor Organization","Certific. of Representative","Closed","Included: All full-time and regular part-time Baristas and Shift Supervisors employed by the Employer at its facility located at 1220 E Northside Dr., Maywood Mart, Jackson, MS 39211.
Excluded: All store managers, assistant store managers, office clericals, guards, professional employees and supervisors as defined by the Act, and all other employees.",NA,NA,NA,14,2024-04-01,2024-04-01,"11-25",TRUE,"RC","Yes","Workers United Southern Regional Joint Board",1,"WU",1,"Yes",2
"15-RC-343034","Region 15, New Orleans, Louisiana","Peco Foods, Inc.",2024-05-28,2024-10-01,"West Point","MS","A",2024-08-29,643,1,"United Food and Commercial Workers International Union Local 1529",278,NA,NA,NA,NA,49,327,NA,23,NA,"United Food and Commercial Workers International Union Local 1529","Rerun","Single Labor Organization","Dismissal Non-adjusted","Closed","Included: All full-time and regular part-time production and maintenance employees, quality assurance technicians, warehouse employees, and shipping and receiving employees. 

Excluded: Official clerical employees, guards, professional employees, and supervisors as defined in the Act.",NA,NA,NA,93,2024-07-01,2024-04-01,"500>",TRUE,"RC","Yes","United Food and Commercial Workers International Union Local 1529",1,"UFCW",0.850152905198777,"Other",316
"15-RC-342317","Region 15, New Orleans, Louisiana","Castle Energy Group, LLC",2024-05-15,NA,"Meridian","MS","A",2024-06-06,91,6,"Pipeliners Local Union 798",13,NA,NA,NA,NA,58,77,NA,2,NA,NA,"Initial","Single Labor Organization",NA,"Open","Included: All full-time and regular part-time welders and welder helpers employed by the Employer.

Excluded: All other employees, managers, confidential employees, office clerical employees, guards, and supervisors as defined by the Act.
",NA,NA,NA,22,2024-04-01,2024-04-01,"51-100",TRUE,"RC","Yes","Pipeliners Local Union 798",0,"Uncoded",0.183098591549296,"Still Open",20
"15-RC-339530","Region 15, New Orleans, Louisiana","Mississippi Power Company",2024-04-08,2024-05-03,"Gulfport","MS",NA,NA,7,NA,NA,NA,NA,NA,NA,NA,NA,NA,NA,NA,NA,NA,NA,NA,"Withdrawal Adjusted","Closed",NA,NA,NA,NA,NA,NA,2024-04-01,"6-10",TRUE,"RC","No",NA,0,"Uncoded",NA,"Other",NA
"15-RC-328660","Region 15, New Orleans, Louisiana","ITT Engineered Valves, LLC",2023-10-25,2023-12-14,"Amory","MS","A",2023-12-06,35,NA,"United Steel, Paper and Forestry, Rubber, Manufacturing, Energy, Allied Industrial and Service Workers International Union",5,NA,NA,NA,NA,28,33,NA,NA,NA,NA,"Initial","Single Labor Organization","Certification of Results","Closed","Included: All full-time production, maintenance, shipping, receiving, stock room and quality employees employed by ITT Engineered Valves, LLC at its facility located at 1110 Bankhead Avenue, Amory, MS 38821.

Excluded: All office clerical employees, professional employees, confidential employees, guards, managers, and supervisors as defined by the National Labor Relations Act",NA,NA,NA,42,2023-10-01,2023-10-01,"26-50",TRUE,"RC","Yes","United Steel, Paper and Forestry, Rubber, Manufacturing, Energy, Allied Industrial and Service Workers International Union",1,"USW",0.151515151515152,"No",2
"15-RC-328453","Region 15, New Orleans, Louisiana","CenterPoint Energy",2023-10-24,2023-12-08,"Byram","MS","A",2023-11-30,74,NA,"United Association of Plumbers and Pipefitters, Local 619",9,NA,NA,NA,NA,64,73,NA,NA,NA,"United Association of Plumbers and Pipefitters, Local 619","Initial","Single Labor Organization","Certification of Results","Closed","Included: All C&M Technicians and Service Technicians and their crew leads and foremen working at the Company’s service centers located at 300 Executive Boulevard, Byram, MS, 39272; 2019 East Pass Road, Gulfport, MS, 39507; 399 Highway 6, Oxford, MS 38655; and 26 Mason Street, Laurel, MS 39440.

Excluded: All other employees, including but not limited to office clerical employees, confidential employees, professional and training employees, meter readers, surveyors, guards and watchmen, technical field operations employees, pipeline technicians, material handlers, and supervisors as defined by the National Labor Relations Act.",NA,NA,NA,37,2023-10-01,2023-10-01,"51-100",TRUE,"RC","Yes","United Association of Plumbers and Pipefitters, Local 619",1,"UA",0.123287671232877,"No",1
"15-RM-325431","Region 15, New Orleans, Louisiana","Peco Foods, Inc.",2023-09-11,2023-09-20,"West Point","MS",NA,NA,780,NA,NA,NA,NA,NA,NA,NA,NA,NA,NA,NA,NA,NA,NA,NA,"Withdrawal Non-adjusted","Closed",NA,NA,NA,NA,NA,NA,2023-07-01,"500>",TRUE,"RM","No",NA,0,"Uncoded",NA,"Other",NA
"15-RC-322543","Region 15, New Orleans, Louisiana","E Fire Southern, Inc.",2023-07-27,2023-09-11,"Gulfport","MS","A",2023-09-01,7,NA,"United Association of Journeymen and Apprentices of the Plumbing and Pipe Fitting Industry of the United States and Canada, AFL–CIO, Local Union 669 Road Sprinkler Fitters",2,NA,NA,NA,NA,3,5,NA,NA,NA,NA,"Initial","Single Labor Organization","Certification of Results","Closed","Included: All full-time and regular part-time sprinkler fitter journeymen, apprentices, and their helpers in the Fire Suppression Division who are employed by the Employer at its office located at 1899 28th Street, Gulfport, MS 39501.

Excluded: All other employees, office clerical employees, professional employees, guards, and supervisors, as defined in the National Labor Relations Act.",NA,NA,NA,36,2023-07-01,2023-07-01,"6-10",TRUE,"RC","Yes","United Association of Journeymen and Apprentices of the Plumbing and Pipe Fitting Industry of the United States and Canada, AFL–CIO, Local Union 669 Road Sprinkler Fitters",1,"UA",0.4,"No",2
"15-RC-320615","Region 15, New Orleans, Louisiana","Deep South Today",2023-06-26,2023-07-18,"Ridgeland","MS",NA,NA,25,NA,NA,NA,NA,NA,NA,NA,NA,NA,NA,NA,NA,NA,NA,NA,"Withdrawal Non-adjusted","Closed",NA,NA,NA,NA,NA,NA,2023-04-01,"11-25",TRUE,"RC","No",NA,0,"Uncoded",NA,"Other",NA
"15-RC-318555","Region 15, New Orleans, Louisiana","American Civil Liberties Union of Mississippi",2023-05-23,2023-07-26,"Jackson","MS","A",2023-07-18,6,NA,"Washington-Baltimore Newspaper Guild, Local 32035",2,NA,NA,NA,NA,2,4,NA,NA,NA,NA,"Initial","Single Labor Organization","Certification of Results","Closed","Included: All full-time and regular part-time employees
Excluded:  All other employees, temporary employees, unpaid interns, independent contractors, office clerical employees, confidential employees, professional employees, guards, managers, and supervisors as defined in the National Labor Relations Act.",NA,NA,NA,56,2023-07-01,2023-04-01,"6-10",TRUE,"RC","Yes","Washington-Baltimore Newspaper Guild, Local 32035",1,"NewsGuild",0.5,"No",2
"15-RC-318316","Region 15, New Orleans, Louisiana","Spire Mississippi, Inc.",2023-05-18,2023-06-30,"Hattiesburg","MS","A",2023-06-22,28,NA,"United Steel, Paper and Forestry, Rubber, Manufacturing, Energy, Allied & Industrial Service Workers International Union, AFL-CIO, CLC",4,NA,NA,NA,NA,23,27,NA,NA,NA,"United Steel, Paper and Forestry, Rubber, Manufacturing, Energy, Allied & Industrial Service Workers International Union, AFL-CIO, CLC","Initial","Single Labor Organization","Certification of Results","Closed","Included: All full-time and regular part-time hourly Construction Foreman, Construction Crewmen, Odorization Technicians, Distribution Technicians, Welders, Service Technicians, Service Apprentices, and Warehouse Specialists assigned to the Employer’s facilities in Hattiesburg, MS located at 1614 West 4th Street, Hattiesburg, MS 39401 and 315 S. Main St., Hattiesburg, MS 39401, Magee, MS located at 515 3rd Avenue, Magee, MS 39111, and Pearl, MS located at 2650A Old Brandon Road, Suite A, Pearl, MS 39208. 

Excluded: All temporary employees, workload planners, corrosion technicians, office clerical employees, professional employees, managerial employees, guards, and supervisors, as defined in the National Labor Relations Act.",NA,NA,NA,35,2023-04-01,2023-04-01,"26-50",TRUE,"RC","Yes","United Steel, Paper and Forestry, Rubber, Manufacturing, Energy, Allied & Industrial Service Workers International Union, AFL-CIO, CLC",1,"USW",0.148148148148148,"No",1
"15-RC-309452","Region 15, New Orleans, Louisiana","Coahoma Opportunities, Inc.",2022-12-27,2023-07-24,"Clarksdale","MS","A",2023-07-14,6,NA,"Teamsters Local 667",5,NA,NA,NA,NA,0,1,NA,NA,NA,"Teamsters Local 667","Initial","Single Labor Organization","Certific. of Representative","Closed","Included: All full-time and regular part-time Center Managers and Mentor Coaches employed by the Employer in the Headstart Program. 

Excluded: All professional employees, guards and supervisors as defined in the Act and all non-Headstart employees.",NA,NA,NA,199,2023-07-01,2022-10-01,"6-10",TRUE,"RC","Yes","Teamsters Local 667",1,"Teamsters",1,"Yes",1
"15-RM-307472","Region 15, New Orleans, Louisiana","Huntington Ingalls Incorporated, acting through its Ingalls Shipbuilding division",2022-11-18,2023-01-17,"Pascagoula","MS","A",2023-01-06,16,NA,"International Association of Firefighters, Local I-97, Ingalls Firefighters",2,NA,NA,NA,NA,12,14,NA,NA,NA,NA,"Initial","Single Labor Organization","Certification of Results","Closed","Included: All full-time and regular part-time firefighter 2, firefighter 3 and fire fighter 4/battalion chiefs employed by the Employer at its facility located at 1000 Access Road, Pascagoula, Mississippi. 
Excluded: All other employees, fire inspectors, guards, and supervisors as defined in The Act.",NA,NA,NA,49,2023-01-01,2022-10-01,"11-25",TRUE,"RM","Yes","International Association of Firefighters, Local I-97, Ingalls Firefighters",0,"Uncoded",0.142857142857143,"No",2
"15-RC-304092","Region 15, New Orleans, Louisiana","Peco Foods, Inc.",2022-09-26,2024-05-22,"West Point","MS","A",2023-05-03,778,36,"United Food and Commercial Workers Union, Local 1529 AFL-CIO, CLC, Cordova, Tennessee",246,NA,NA,NA,NA,246,492,NA,5,"Y",NA,"Initial","Revised Single Labor Org","Certification of Results","Closed","Included: All full-time and regular part-time production and maintenance employees, quality assurance technicians, warehouse employees, and shipping and receiving employees.
Excluded: Office clerical employees, guards, professional employees, and supervisors as defined in the Act.",NA,NA,NA,219,2023-04-01,2022-07-01,"500>",TRUE,"RC","Yes","United Food and Commercial Workers Union, Local 1529 AFL-CIO, CLC, Cordova, Tennessee",1,"UFCW",0.5,"No",286
"15-RC-304092","Region 15, New Orleans, Louisiana","Peco Foods, Inc.",2022-09-26,2024-05-22,"West Point","MS","A",2023-03-15,778,35,"United Food and Commercial Workers Union, Local 1529 AFL-CIO, CLC, Cordova, Tennessee",231,NA,NA,NA,NA,236,467,NA,30,"Y",NA,"Initial","Single Labor Organization","Certification of Results","Closed","Included: All full-time and regular part-time production and maintenance employees, quality assurance technicians, warehouse employees, and shipping and receiving employees.
Excluded: Office clerical employees, guards, professional employees, and supervisors as defined in the Act.",NA,NA,NA,170,2023-01-01,2022-07-01,"500>",FALSE,"RC","Yes","United Food and Commercial Workers Union, Local 1529 AFL-CIO, CLC, Cordova, Tennessee",1,"UFCW",0.494646680942184,"No",311
"15-RC-303042","Region 15, New Orleans, Louisiana","Peco Foods, Inc.",2022-09-09,2022-09-23,"West Point","MS",NA,NA,700,NA,NA,NA,NA,NA,NA,NA,NA,NA,NA,NA,NA,NA,NA,NA,"Withdrawal Non-adjusted","Closed",NA,NA,NA,NA,NA,NA,2022-07-01,"500>",TRUE,"RC","No",NA,0,"Uncoded",NA,"Other",NA
"15-UC-295207","Region 15, New Orleans, Louisiana","Mississippi Association of Educators",2022-04-28,2022-05-09,"Jackson","MS",NA,NA,7,NA,NA,NA,NA,NA,NA,NA,NA,NA,NA,NA,NA,NA,NA,NA,"Withdrawal Non-adjusted","Closed",NA,NA,NA,NA,NA,NA,2022-04-01,"6-10",TRUE,"UC","No",NA,0,"Uncoded",NA,"Other",NA
"15-RC-292504","Region 15, New Orleans, Louisiana","Science Applications International Corporation, Populus Group, LLC, Aerotek, Inc., and Sev1Tech, LLC, Joint and Single Employers",2022-03-18,2022-04-29,"Stennis Space Center","MS","A",2022-04-21,13,NA,"International Brotherhood of Electrical Workers Local 733",10,NA,NA,NA,NA,0,10,NA,NA,NA,"International Brotherhood of Electrical Workers Local 733","Initial","Single Labor Organization","Certific. of Representative","Closed","Included:  All full-time and regular part-time “SCA Electrician, Maintenance” and “SCA General Maintenance Worker” employees employed by the Employer(s) at the Stennis Space Center NASA Shared Services Center (NSSC) in Mississippi who are working under Contract #80NSSC19C0050.

Excluded:  All clerical employees, office employees, security guards, alarm monitors, janitorial employees, grounds keeping, supervisory personnel as defined in the Act, and temporary employees.",NA,NA,NA,34,2022-04-01,2022-01-01,"11-25",TRUE,"RC","Yes","International Brotherhood of Electrical Workers Local 733",1,"IBEW",1,"Yes",3
"15-RC-291789","Region 15, New Orleans, Louisiana","(SAIC) Science Applications International Corporation, Sev1Tech & Populous Group",2022-03-08,2022-03-17,"Stennis Space Center","MS",NA,NA,18,NA,NA,NA,NA,NA,NA,NA,NA,NA,NA,NA,NA,NA,NA,NA,"Withdrawal Non-adjusted","Closed",NA,NA,NA,NA,NA,NA,2022-01-01,"11-25",TRUE,"RC","No",NA,0,"Uncoded",NA,"Other",NA
"15-RC-275949","Region 15, New Orleans, Louisiana","Huntington Ingalls Incorporated, Ingalls Shipbuilding Division",2021-04-21,2021-10-01,"Pascagoula","MS","A",2021-09-23,16,NA,"International Association of Firefighters, Local I-97, Ingalls Firefighters",11,NA,NA,NA,NA,1,15,NA,3,NA,"International Association of Firefighters, Local I-97, Ingalls Firefighters","Initial","Single Labor Organization","Certific. of Representative","Closed","Included: All full-time and regular part-time firefighter 2, firefighter 3 and fire fighter 4/battalion chiefs employed by the Employer at its facility located at 1000 Access Road, Pascagoula, Mississippi. 

Excluded: All other employees, fire inspectors, guards, and supervisors as defined in the Act.",NA,NA,NA,155,2021-07-01,2021-04-01,"11-25",TRUE,"RC","Yes","International Association of Firefighters, Local I-97, Ingalls Firefighters",0,"Uncoded",0.916666666666667,"Yes",4
"15-RD-260402","Region 15, New Orleans, Louisiana","Valmet Inc",2020-05-15,2021-05-12,"Columbus","MS",NA,NA,60,NA,NA,NA,NA,NA,NA,NA,NA,NA,NA,NA,NA,NA,NA,NA,"Withdrawal Non-adjusted","Closed",NA,NA,NA,NA,NA,NA,2020-04-01,"51-100",TRUE,"RD","No",NA,0,"Uncoded",NA,"Other",NA
"15-UC-259148","Region 15, New Orleans, Louisiana","Mississippi Association of Educators",2020-04-15,2020-06-15,"Greenville","MS",NA,NA,12,NA,NA,NA,NA,NA,NA,NA,NA,NA,NA,NA,NA,NA,NA,NA,"Withdrawal Non-adjusted","Closed",NA,NA,NA,NA,NA,NA,2020-04-01,"11-25",TRUE,"UC","No",NA,0,"Uncoded",NA,"Other",NA
"15-RC-258901","Region 15, New Orleans, Louisiana","Hearthside Food Solutions, LLC.",2020-04-08,2020-06-03,"Byhalia","MS","A",2020-05-20,116,NA,"United Food & Commercial Workers Union, Local 1529, AFL-CIO, CLC",62,NA,NA,NA,NA,47,109,NA,NA,NA,"United Food & Commercial Workers Union, Local 1529, AFL-CIO, CLC","Initial","Single Labor Organization","Certific. of Representative","Closed","Included: All hourly production, maintenance, and warehouse employees, including all leads, QA Tech employees, machine operators, material handlers, forklift operators, packers, and sanitation employees.
Excluded: All inventory specialists, customer service representatives, office and clerical workers, salaried personnel, managers, guards, and supervisors as defined in the Act.",NA,NA,NA,42,2020-04-01,2020-04-01,"101-500",TRUE,"RC","Yes","United Food & Commercial Workers Union, Local 1529, AFL-CIO, CLC",1,"UFCW",0.568807339449541,"Yes",7
"15-RD-251718","Region 15, New Orleans, Louisiana","Penske Truck Leasing Company LP",2019-11-14,2020-01-28,"Jackson","MS","A",2020-01-17,12,NA,"International Brotherhood of Teamsters, Local 891",3,NA,NA,NA,NA,9,12,NA,NA,NA,NA,"Initial","Single Labor Organization","Certification of Results","Closed","Included:  All full-time and regular part-time service technicians

Excluded:  All other employees, guards and supervisors as defined by the Act.",NA,NA,NA,64,2020-01-01,2019-10-01,"11-25",TRUE,"RD","Yes","International Brotherhood of Teamsters, Local 891",1,"Teamsters",0.25,"No",0
"15-RC-251061","Region 15, New Orleans, Louisiana","NORTH AMERICAN SECURITY, INCORPORATED",2019-11-04,2019-11-08,"Jackson","MS",NA,NA,65,NA,NA,NA,NA,NA,NA,NA,NA,NA,NA,NA,NA,NA,NA,NA,"Withdrawal Non-adjusted","Closed",NA,NA,NA,NA,NA,NA,2019-10-01,"51-100",TRUE,"RC","No",NA,0,"Uncoded",NA,"Other",NA
"15-RC-242985","Region 15, New Orleans, Louisiana","Cotton Seed CO-OP",2019-06-10,2019-06-13,"Jonestown","MS",NA,NA,54,NA,NA,NA,NA,NA,NA,NA,NA,NA,NA,NA,NA,NA,NA,NA,"Withdrawal Non-adjusted","Closed",NA,NA,NA,NA,NA,NA,2019-04-01,"51-100",TRUE,"RC","No",NA,0,"Uncoded",NA,"Other",NA
"15-RC-239752","Region 15, New Orleans, Louisiana","Beau Rivage Resorts LLC d/b/a Beau Rivage Resort and Casino",2019-04-16,2019-05-20,"Biloxi","MS","A",2019-05-11,39,NA,"The International Union, United Automobile, Aerospace and Agricultural Implement Workers of America",19,NA,NA,NA,NA,19,38,NA,NA,NA,NA,"Initial","Single Labor Organization","Certification of Results","Closed","Included: All full-time and regular part-time Slot Department Guest Services Representatives; Excluded: Table Games Department employees, office clerical employees, guards and supervisors as defined by the Act.",NA,NA,NA,25,2019-04-01,2019-04-01,"26-50",TRUE,"RC","Yes","The International Union, United Automobile, Aerospace and Agricultural Implement Workers of America",1,"UAW",0.5,"No",1
"15-RC-225185","Region 15, New Orleans, Louisiana","Inner Parish Security Corporation",2018-08-08,2018-09-04,"Jackson","MS",NA,NA,67,NA,NA,NA,NA,NA,NA,NA,NA,NA,NA,NA,NA,NA,NA,NA,"Dismissal Non-adjusted","Closed",NA,NA,NA,NA,NA,NA,2018-07-01,"51-100",TRUE,"RC","No",NA,0,"Uncoded",NA,"Other",NA
"15-RC-218692","Region 15, New Orleans, Louisiana","National Express Transit Corporation",2018-04-19,2018-05-23,"Jackson","MS","A",2018-05-15,6,NA,"Amalgamated Transit Union Local 1208",6,NA,NA,NA,NA,0,6,NA,NA,NA,"Amalgamated Transit Union Local 1208","Initial","Single Labor Organization","Certific. of Representative","Closed","INCLUDED: All full-time and regular part-time dispatchers, customer service
representatives, and parts clerks employed by the Employer at the facility located at 1785
Highway 80W, Jackson, Mississippi 39204.
EXCLUDED: All other employees, office clerical employees, managers, guards,
professional employees and supervisors as defined by the Act.",NA,NA,NA,26,2018-04-01,2018-04-01,"6-10",TRUE,"RC","Yes","Amalgamated Transit Union Local 1208",1,"ATU",1,"Yes",0
"15-RD-218342","Region 15, New Orleans, Louisiana","Georgia-Pacific Wood Products, LLC",2018-04-12,2018-05-11,"Taylorsville","MS","A",2018-05-02,411,NA,"CARPENTERS INDUSTRIAL COUNCIL",265,NA,NA,NA,NA,107,372,NA,1,NA,"CARPENTERS INDUSTRIAL COUNCIL","Initial","Single Labor Organization","Certific. of Representative","Closed","All production and maintenance employees of the Company’s Taylorsville, Mississippi, Plywood/Studmill Operations who are covered by the labor agreement between Georgia-Pacific Wood Products LLC and the Carpenters Industrial Council, Local 2086, excluding all office employees, Forestry Division Employees, professional employees, technical employees, guards, and supervisors as defined in the National Labor Relations Act.",NA,NA,NA,20,2018-04-01,2018-04-01,"101-500",TRUE,"RD","Yes","CARPENTERS INDUSTRIAL COUNCIL",1,"UBC",0.712365591397849,"Yes",39
"15-RD-216648","Region 15, New Orleans, Louisiana","Georgia Pacific",2018-03-15,2018-03-27,"Taylorsville","MS",NA,NA,400,NA,NA,NA,NA,NA,NA,NA,NA,NA,NA,NA,NA,NA,NA,NA,"Withdrawal Non-adjusted","Closed",NA,NA,NA,NA,NA,NA,2018-01-01,"101-500",TRUE,"RD","No",NA,0,"Uncoded",NA,"Other",NA
"15-RC-210878","Region 15, New Orleans, Louisiana","PAE APPLIED TECHNOLOGIES, LLC",2017-12-04,2017-12-22,"Stennis Space Center","MS","A",2017-12-14,17,NA,"International Association of Machinists and Aerospace Workers, AFL-CIO",12,NA,NA,NA,NA,2,14,NA,NA,NA,"International Association of Machinists and Aerospace Workers, AFL-CIO","Initial","Single Labor Organization","Certific. of Representative","Closed","Included: All full-time and regular part-time electronic technicians.

Excluded:All office clerical employees, professional employees, managerial employees, guards and supervisors as defined in the Act.",NA,NA,NA,10,2017-10-01,2017-10-01,"11-25",TRUE,"RC","Yes","International Association of Machinists and Aerospace Workers, AFL-CIO",1,"IAM",0.857142857142857,"Yes",3
"15-RD-207080","Region 15, New Orleans, Louisiana","Skyline Steel, LLC",2017-09-28,2019-02-01,"Iuka","MS","A",2019-01-25,46,NA,"UNITED STEEL, PAPER AND FORESTRY, RUBBER, MANUFACTURING, ENERGY, ALLIED INDUSTRIAL WORKERS",30,NA,NA,NA,NA,16,46,NA,NA,NA,NA,"Initial","Single Labor Organization","Certification of Results","Closed","INCLUDED: All full-time and regular part-time production and maintenance employees, including quality assurance employees, leadmen, yard employees, safety coordinator(s), stock/parts room employee(s), and shipping and receiving employees employed by Skyline Steel, LLC at its luka, Mississippi facility.

EXCLUDED: All office clerical and technical employees, professional employees, temporary employees, confidential employees, guards and supervisors as defined in the Act.",NA,NA,NA,484,2019-01-01,2017-07-01,"26-50",TRUE,"RD","Yes","UNITED STEEL, PAPER AND FORESTRY, RUBBER, MANUFACTURING, ENERGY, ALLIED INDUSTRIAL WORKERS",1,"USW",0.652173913043478,"No",0
"15-RC-204708","Region 15, New Orleans, Louisiana","Valmet, Inc.",2017-08-21,2019-05-09,"Columbus","MS","A",2019-05-01,71,1,"UNITED STEEL, PAPER AND FORESTRY, RUBBER, MANUFACTURING, ALLIED INDUSTRIAL AND SERVICE WORKERS INTERNATIONAL UNION, AFL-CIO/CLC",35,NA,NA,NA,NA,33,68,NA,NA,NA,"UNITED STEEL, PAPER AND FORESTRY, RUBBER, MANUFACTURING, ALLIED INDUSTRIAL AND SERVICE WORKERS INTERNATIONAL UNION, AFL-CIO/CLC","Rerun","Single Labor Organization","Certific. of Representative","Closed","Included: All full-time and regular part-time production and maintenance employees at the employer’s Columbus, Mississippi facility
Excluded: Supervisors, managers, office clericals, professional employees and guards as defined by the Act.",NA,NA,NA,618,2019-04-01,2017-07-01,"51-100",TRUE,"RC","Yes","UNITED STEEL, PAPER AND FORESTRY, RUBBER, MANUFACTURING, ALLIED INDUSTRIAL AND SERVICE WORKERS INTERNATIONAL UNION, AFL-CIO/CLC",1,"USW",0.514705882352941,"Yes",3
"15-RC-204708","Region 15, New Orleans, Louisiana","Valmet, Inc.",2017-08-21,2019-05-09,"Columbus","MS","A",2017-09-15,87,1,"UNITED STEEL, PAPER AND FORESTRY, RUBBER, MANUFACTURING, ALLIED INDUSTRIAL AND SERVICE WORKERS INTERNATIONAL UNION, AFL-CIO/CLC",42,NA,NA,NA,NA,43,0,NA,NA,NA,NA,"Initial","Single Labor Organization","Certific. of Representative","Closed","Included: All full-time and regular part-time production and maintenance employees at the employer’s Columbus, Mississippi facility
Excluded: Supervisors, managers, office clericals, professional employees and guards as defined by the Act.",NA,NA,NA,25,2017-07-01,2017-07-01,"51-100",FALSE,"RC","Yes","UNITED STEEL, PAPER AND FORESTRY, RUBBER, MANUFACTURING, ALLIED INDUSTRIAL AND SERVICE WORKERS INTERNATIONAL UNION, AFL-CIO/CLC",1,"USW",NA,"Yes",2
"15-RC-202101","Region 15, New Orleans, Louisiana","Nissan North America, Inc., Nissan Canton, Mississippi Vehicle Assembly Plant",2017-07-10,2017-08-14,"Canton","MS","A",2017-08-04,3718,9,"INTERNATIONAL UNION, UNITED AUTOMOBILE, AEROSPACE & AGRICULTURAL IMPLEMENT WORKERS OF AMERICA-UAW",1307,NA,NA,NA,NA,2244,3551,NA,61,NA,NA,"Initial","Single Labor Organization","Certification of Results","Closed","Included: All full-time and regular part-time production and maintenance employees, including leads, employed by Nissan North America, Inc., at its facility located at 300 Nissan Drive, Canton, MS 39046-8562.

Excluded: All other employees, temporary employees, contract employees, including, but not limited to, those individuals employed by Kelly Services and MINACT, office clerical employees, managerial employees, professional employees, guards and supervisors as defined in the Act, as amended.",NA,NA,NA,25,2017-07-01,2017-07-01,"500>",TRUE,"RC","Yes","INTERNATIONAL UNION, UNITED AUTOMOBILE, AEROSPACE & AGRICULTURAL IMPLEMENT WORKERS OF AMERICA-UAW",1,"UAW",0.368065333708814,"No",167
"15-RD-201093","Region 15, New Orleans, Louisiana","Southern Pine Electric Cooperative",2017-06-22,2017-07-26,"Taylorsville","MS","A",2017-07-18,93,NA,"International Brotherhood of Electrical Workers Local Union 605",37,NA,NA,NA,NA,54,91,NA,NA,NA,NA,"Initial","Single Labor Organization","Certification of Results","Closed","Included: All regular full-time and part-time employees of the Employer employed in the Electric Line Construction, Operation and Maintenance Department; Tree-Trimmer Operations; Meter Readers and Servicemen; Meter Repair and Maintenance Department; including the following job classifications: Construction Working Foreman, Construction Journeyman Lineman, Construction Apprentice Lineman, Construction Utility Truck Driver – Op, Construction Aerial Basket Truck Driver, Meterman First Class, Meterman Apprentice, Meterman Helper, Transformer OCB Repairman Substation Inspector, Transformer OCB Repairman First Class, Transformer OCB Repairman Apprentice, Transformer OCB Repairman Helper, Communications Repairman Electronic Technician, Communications Repairman First Class, Communications Repairman Apprentice, Communications Repairman Helper, Right of Way Maintenance Crew Working Foreman, Right of Way Maintenance Crew Helper, Right of Way Maintenance Crew Aerial Basket Truck Driver, Right of Way Maintenance Crew Tree Trimmer Operator, Right of Way Maintenance Crew Tractor Driver, Right of Way Maintenance Crew Manual Tree Trimmer, Right of Way Maintenance Crew Commercial Herbicide Operator, Right of Way Maintenance Crew Spray Helper, Right of Way Maintenance Crew Winch Truck Driver, Serviceman, and Serviceman Helper; 

Excluded: All other employees; line foremen; clerks and clerical employees, right of way solicitors; right of way cutting crews, employees engaged in educational or load building promotion assignments; watchmen; guards and supervisors as defined by the Act.",NA,NA,NA,26,2017-07-01,2017-04-01,"51-100",TRUE,"RD","Yes","International Brotherhood of Electrical Workers Local Union 605",1,"IBEW",0.406593406593407,"No",2
"15-RC-194455","Region 15, New Orleans, Louisiana","Rolls-Royce North America, Inc.",2017-03-08,2017-04-05,"Stennis Space Center","MS",NA,NA,26,NA,NA,NA,NA,NA,NA,NA,NA,NA,NA,NA,NA,NA,NA,NA,"Withdrawal Non-adjusted","Closed",NA,NA,NA,NA,NA,NA,2017-01-01,"26-50",TRUE,"RC","No",NA,0,"Uncoded",NA,"Other",NA
"15-RC-194220","Region 15, New Orleans, Louisiana","Rolls Royce North America",2017-03-03,2017-03-08,"Stennis Space Center","MS",NA,NA,26,NA,NA,NA,NA,NA,NA,NA,NA,NA,NA,NA,NA,NA,NA,NA,"Withdrawal Non-adjusted","Closed",NA,NA,NA,NA,NA,NA,2017-01-01,"26-50",TRUE,"RC","No",NA,0,"Uncoded",NA,"Other",NA
"15-RD-188614","Region 15, New Orleans, Louisiana","Penske Truck Leasing Co.",2016-11-21,2017-10-05,"Jackson","MS","A",2017-07-14,13,NA,"Teamsters, Local 891",7,NA,NA,NA,NA,3,10,NA,NA,NA,"Teamsters, Local 891","Initial","Single Labor Organization","Certific. of Representative","Closed","Included: All shop and garage employees employed by the Employer at its 2250 Boling Street, Jackson, Mississippi facility.
Excluded: All executives, administrative employees, sales employees, professional employees, guards, watchmen, office employees, clerical employees, rental representatives, telephone operators, and supervisors as defined in the Act.",NA,NA,NA,235,2017-07-01,2016-10-01,"11-25",TRUE,"RD","Yes","Teamsters, Local 891",1,"Teamsters",0.7,"Yes",3
"15-UC-178069","Region 15, New Orleans, Louisiana","Utility Partners, LLC d/b/a UP Group LLC",2016-06-10,2016-07-20,"Pascagoula","MS",NA,NA,40,NA,NA,NA,NA,NA,NA,NA,NA,NA,NA,NA,NA,NA,NA,NA,"Withdrawal Non-adjusted","Closed",NA,NA,NA,NA,NA,NA,2016-04-01,"26-50",TRUE,"UC","No",NA,0,"Uncoded",NA,"Other",NA
"15-UC-176953","Region 15, New Orleans, Louisiana","Walden Security",2016-05-25,2016-06-13,"Oxford","MS",NA,NA,12,NA,NA,NA,NA,NA,NA,NA,NA,NA,NA,NA,NA,NA,NA,NA,"Withdrawal Non-adjusted","Closed",NA,NA,NA,NA,NA,NA,2016-04-01,"11-25",TRUE,"UC","No",NA,0,"Uncoded",NA,"Other",NA
"15-RC-170720","Region 15, New Orleans, Louisiana","Omega Protein Plant",2016-03-01,2016-04-11,"Moss Point","MS","A",2016-04-01,43,NA,"International Brotherhood of Boilermakers, Iron Shipbuilders, Forgers, Helpers, AFL-CIO",10,NA,NA,NA,NA,32,42,NA,1,NA,NA,"Initial","Revised Single Labor Org","Certification of Results","Closed","Included:  Shipping and Receiving, Storeroom, Evaporator Operators, Dryer Operators, Oil Room Operators, Maintenance Employees, Electricians, Tank Farm, and Scrap Shed Employed at the Employer’s plant in Moss Point, Mississippi

Excluded:   All other employees including Office Clerical Employees, Professional Employees, Managers, Temporary Agency Employees, Seasonal Employees, Seacoast Employees, Shipley Employees, Maritime Employees, Netshed Employees, Guards and Supervisors are defined by Act.",NA,NA,NA,31,2016-04-01,2016-01-01,"26-50",TRUE,"RC","Yes","International Brotherhood of Boilermakers, Iron Shipbuilders, Forgers, Helpers, AFL-CIO",1,"IBB",0.238095238095238,"No",1
"15-RC-170720","Region 15, New Orleans, Louisiana","Omega Protein Plant",2016-03-01,2016-04-11,"Moss Point","MS","A",2016-03-24,43,NA,"International Brotherhood of Boilermakers, Iron Shipbuilders, Forgers, Helpers, AFL-CIO",10,NA,NA,NA,NA,19,29,NA,14,"Y",NA,"Initial","Single Labor Organization","Certification of Results","Closed","Included:  Shipping and Receiving, Storeroom, Evaporator Operators, Dryer Operators, Oil Room Operators, Maintenance Employees, Electricians, Tank Farm, and Scrap Shed Employed at the Employer’s plant in Moss Point, Mississippi

Excluded:   All other employees including Office Clerical Employees, Professional Employees, Managers, Temporary Agency Employees, Seasonal Employees, Seacoast Employees, Shipley Employees, Maritime Employees, Netshed Employees, Guards and Supervisors are defined by Act.",NA,NA,NA,23,2016-01-01,2016-01-01,"26-50",FALSE,"RC","Yes","International Brotherhood of Boilermakers, Iron Shipbuilders, Forgers, Helpers, AFL-CIO",1,"IBB",0.344827586206897,"No",14
"15-RC-169617","Region 15, New Orleans, Louisiana","CSRA",2016-02-12,2016-02-23,"Hattiesburg","MS",NA,NA,2,NA,NA,NA,NA,NA,NA,NA,NA,NA,NA,NA,NA,NA,NA,NA,"Withdrawal Non-adjusted","Closed",NA,NA,NA,NA,NA,NA,2016-01-01,"<5",TRUE,"RC","No",NA,0,"Uncoded",NA,"Other",NA
"15-RC-169519","Region 15, New Orleans, Louisiana","CSRA (CSC)",2016-02-11,2016-03-09,"Meridian","MS","A",2016-03-01,2,NA,"International Association of Machinists and Aerospace Workers, AFL-CIO",2,NA,NA,NA,NA,0,2,NA,NA,NA,"International Association of Machinists and Aerospace Workers, AFL-CIO","Initial","Single Labor Organization","Certific. of Representative","Closed","Included:  All full-time and regular part-time simulator technicians in support of the TFPS training platform at the Employer's GV Montgomery National Guard Base in Meridian, Mississippi.

Excluded:  Office Clericals, Professional Employees, Managerial Employees, Guards, I.T. Technicians, and Supervisors as Defined by the Act.",NA,NA,NA,19,2016-01-01,2016-01-01,"<5",TRUE,"RC","Yes","International Association of Machinists and Aerospace Workers, AFL-CIO",1,"IAM",1,"Yes",0
"15-RC-165337","Region 15, New Orleans, Louisiana","MGM Resorts Mississippi, Inc. d/b/a Gold Strike Casino Resort",2015-12-02,2016-06-01,"Tunica Resorts","MS","A",2016-05-21,310,NA,"UAW Region 8",100,NA,NA,NA,NA,170,270,NA,NA,NA,NA,"Initial","Single Labor Organization","Certification of Results","Closed","Included: All full-time, part-time and dual-rate table games dealers employed by
the Employer at its Robinsonville, Mississippi facility.

Excluded: All other employees, office clericals, professionals, guards and supervisors as defined in the Act.",NA,NA,NA,171,2016-04-01,2015-10-01,"101-500",TRUE,"RC","Yes","UAW Region 8",1,"UAW",0.37037037037037,"No",40
"15-RC-160146","Region 15, New Orleans, Louisiana","Valmet Inc",2015-09-17,2015-10-26,"Columbus","MS","A",2015-10-16,96,NA,"United Steel, Paper and Forestry, Rubber, Manufacturing, Energy, Allied Industrial and Service Workers International Union, Local 5, AFL-CIO, CLC",41,NA,NA,NA,NA,51,96,NA,96,NA,NA,"Initial","Single Labor Organization","Certification of Results","Closed","Included: All full-time and regular part-time production and maintenance employees at the Employer’s  Columbus, Mississippi facility.
Excluded: All office clerical employees, professional employees, managerial employees, guards and supervisors as defined in the Act.",NA,NA,NA,29,2015-10-01,2015-07-01,"51-100",TRUE,"RC","Yes","United Steel, Paper and Forestry, Rubber, Manufacturing, Energy, Allied Industrial and Service Workers International Union, Local 5, AFL-CIO, CLC",1,"USW",0.445652173913043,"No",4
"15-RC-157311","Region 15, New Orleans, Louisiana","Newly Weds Foods, Inc.",2015-08-04,2015-09-08,"Horn Lake","MS","A",2015-08-28,200,NA,"BAKERY, CONFECTIONERY, TOBACCO WORKERS AND GRAIN MILLERS Union, Local 252G",52,NA,NA,NA,NA,142,194,NA,NA,NA,NA,"Initial","Single Labor Organization","Certification of Results","Closed","Included:  All full-time and regular part-time production, quality control, maintenance, sanitation, shipping and receiving employees employed at the Employer's Horn Lake, MS facility.

Excluded:  All professional employees, office clerical employees, temporary employees, guards, managers, and supervisors as defined in the Act.",NA,NA,NA,24,2015-07-01,2015-07-01,"101-500",TRUE,"RC","Yes","BAKERY, CONFECTIONERY, TOBACCO WORKERS AND GRAIN MILLERS Union, Local 252G",1,"BCTGM",0.268041237113402,"No",6
"15-RC-152941","Region 15, New Orleans, Louisiana","Peco Foods",2015-05-27,2015-05-29,"Canton","MS",NA,NA,13,NA,NA,NA,NA,NA,NA,NA,NA,NA,NA,NA,NA,NA,NA,NA,"Withdrawal Non-adjusted","Closed",NA,NA,NA,NA,NA,NA,2015-04-01,"11-25",TRUE,"RC","No",NA,0,"Uncoded",NA,"Other",NA
"15-RC-148804","Region 15, New Orleans, Louisiana","CLC of Pascagoula, LLC d/b/a PLAZA COMMUNITY LIVING CENTER",2015-03-25,2015-05-18,"PASCAGOULA","MS","A",2015-05-08,45,NA,"INTERNATIONAL BROTHERHOOD OF  ELECTRICAL WORKERS, LOCAL NO. 733",43,NA,NA,NA,NA,1,44,NA,NA,NA,"INTERNATIONAL BROTHERHOOD OF  ELECTRICAL WORKERS, LOCAL NO. 733","Initial","Single Labor Organization","Certific. of Representative","Closed","INCLUDED: All full-time and regular part-time CNA’s, dietary aids, dietary cooks and maintenance employees employed by the Employer at its facility located at 4403 Hospital Drive, Pascagoula, MS 39581.

EXCLUDED: All LPN’s, RN’s, office clerical employees, professional employees, managerial employees, guards and supervisors as defined in the Act.",NA,NA,NA,44,2015-04-01,2015-01-01,"26-50",TRUE,"RC","Yes","INTERNATIONAL BROTHERHOOD OF  ELECTRICAL WORKERS, LOCAL NO. 733",1,"IBEW",0.977272727272727,"Yes",1
"15-RC-146913","Region 15, New Orleans, Louisiana","Omega Protein",2015-02-24,2015-03-03,"Moss Point","MS",NA,NA,40,NA,NA,NA,NA,NA,NA,NA,NA,NA,NA,NA,NA,NA,NA,NA,"Withdrawal Non-adjusted","Closed",NA,NA,NA,NA,NA,NA,2015-01-01,"26-50",TRUE,"RC","No",NA,0,"Uncoded",NA,"Other",NA
"15-RD-143152","Region 15, New Orleans, Louisiana","Southeastern Timber Products (STP)",2014-12-19,2014-12-30,"Ackerman","MS",NA,NA,114,NA,NA,NA,NA,NA,NA,NA,NA,NA,NA,NA,NA,NA,NA,NA,"Withdrawal Non-adjusted","Closed",NA,NA,NA,NA,NA,NA,2014-10-01,"101-500",TRUE,"RD","No",NA,0,"Uncoded",NA,"Other",NA
"15-RC-138840","Region 15, New Orleans, Louisiana","Leaf River Cellulose, LLC",2014-10-16,2014-12-01,"New Augusta","MS","A",2014-11-21,174,2,"United Steel, Paper and Forestry, Rubber, Manufacturing, Energy, Allied Industrial and Service Workers International Union, AFL-CIO, CLC",32,NA,NA,NA,NA,133,165,NA,NA,NA,NA,"Initial","Single Labor Organization","Certification of Results","Closed","Included:
All full time and regular part-time hourly production and maintenance employees, including shipping and receiving, storeroom, and environmental technicians at the Employer’s facility located at 157 Buck Creek Road, New Augusta, Mississippi.


Excluded:
All office/clerical, crew leaders, professional employees, emergency response technicians, temporary employees, quality control/lab technicians, scalers, salaried employees, and guards and supervisors as defined by the Act.",NA,NA,NA,36,2014-10-01,2014-10-01,"101-500",TRUE,"RC","Yes","United Steel, Paper and Forestry, Rubber, Manufacturing, Energy, Allied Industrial and Service Workers International Union, AFL-CIO, CLC",1,"USW",0.193939393939394,"No",9
"15-RC-138394","Region 15, New Orleans, Louisiana","Aramark Uniform & Career Apparel, LLC",2014-10-09,2014-12-01,"Meridian","MS","A",2014-11-19,9,NA,"INTERNATIONAL BROTHERHOOD OF TEAMSTERS LOCAL 891",3,NA,NA,NA,NA,6,9,NA,NA,NA,NA,"Initial","Single Labor Organization","Certification of Results","Closed","Included: All route sales representatives (RSR) and route sales support (RSS). 
Excluded: All office and clerical employees, warehouse employees, and supervisors as defined in the Act.",NA,NA,NA,41,2014-10-01,2014-10-01,"6-10",TRUE,"RC","Yes","INTERNATIONAL BROTHERHOOD OF TEAMSTERS LOCAL 891",1,"Teamsters",0.333333333333333,"No",0
"15-RD-137511","Region 15, New Orleans, Louisiana","Skyline Steel, LLC",2014-09-25,2014-10-31,"Iuka","MS","A",2014-10-23,31,NA,"UNITED STEELWORKERS Local 1011-L",15,NA,NA,NA,NA,14,29,NA,NA,NA,"UNITED STEELWORKERS Local 1011-L","Initial","Single Labor Organization","Certific. of Representative","Closed","INCLUDED:  All full-time and regular part-time production and maintenance employees, including quality assurance employees, leadmen, yard employees, safety coordinator(s), stock/parts room employee(s), and shipping and receiving employees employed by Skyline Steel, LLC at its Iuka, Mississippi facility.

EXCLUDED:  All office clerical and technical employees, professional employees, temporary employees, confidential employees, guards and supervisors as defined in the Act.",NA,NA,NA,28,2014-10-01,2014-07-01,"26-50",TRUE,"RD","Yes","UNITED STEELWORKERS Local 1011-L",1,"USW",0.517241379310345,"Yes",2
"15-RC-136654","Region 15, New Orleans, Louisiana","CCA of Tennessee, LLC",2014-09-15,2014-11-17,"Natchez","MS","A",2014-11-07,202,NA,"Correction Workers Union",99,NA,NA,NA,NA,33,132,NA,NA,NA,"Correction Workers Union","Initial","Single Labor Organization","Certific. of Representative","Closed","Included:  All full-time and regular part-time correction officers and sergeants employed by the Employer at the Adams County Correctional Center, 20 Hobo Fork Road, Natchez, Mississippi, 39120 facility 

Excluded:  All other employees, including administrative clerks, professional and confidential employees, supervisors as defined by the Act, master scheduler, correctional counselors, case managers, unit managers, maintenance, teachers and medical staff.",NA,NA,NA,53,2014-10-01,2014-07-01,"101-500",TRUE,"RC","Yes","Correction Workers Union",0,"Uncoded",0.75,"Yes",70
"15-RC-133779","Region 15, New Orleans, Louisiana","Computer Science Corporation",2014-07-31,2014-09-15,"Camp Shelby, Hattiesburg","MS","A",2014-09-03,17,NA,"International Association of Machinists and Aerospace Workers, AFL-CIO (IAM)",13,NA,NA,NA,NA,4,17,NA,NA,NA,"International Association of Machinists and Aerospace Workers, AFL-CIO (IAM)","Initial","Single Labor Organization","Certific. of Representative","Closed","All full-time and regular part-time Instructor/Course Developer and Clerk III employees supporting the MSTC program, Computer Based Training Instructors, and Electronic Technicians in support of the U.S. Army GMDT Training Program employed at the Employer’s Camp Shelby, Mississippi location BUT EXCLUDING all professional employees, managerial employees and guards and supervisors as defined in the Act.",NA,NA,NA,34,2014-07-01,2014-07-01,"11-25",TRUE,"RC","Yes","International Association of Machinists and Aerospace Workers, AFL-CIO (IAM)",1,"IAM",0.764705882352941,"Yes",0
"15-RC-133538","Region 15, New Orleans, Louisiana","AIRGAS CARBONIC LC02 DISTRIBUTION",2014-07-28,2014-09-15,"Star","MS","A",2014-09-03,30,NA,"Team",10,NA,NA,NA,NA,19,29,NA,NA,NA,NA,"Initial","Single Labor Organization","Certification of Results","Closed","Included: All drivers employed by the employer, Airgas Carbonic,  at 217 Andrew Jackson Circle, Star, MS 39167.

Excluded: All office clerical employees, professional employees, managerial employees, mechanics, dispatchers, guards, all other employees and supervisors as defined in the Act.",NA,NA,NA,37,2014-07-01,2014-07-01,"26-50",TRUE,"RC","Yes","Team",0,"Uncoded",0.344827586206897,"No",1
"15-RC-133040","Region 15, New Orleans, Louisiana","ABM Janitorial Services South Central, Inc.",2014-07-18,2014-08-28,"Eupora","MS","A",2014-08-20,11,NA,"UNITED FOOD AND COMMERCIAL WORKERS, LOCAL 1529",8,NA,NA,NA,NA,2,10,NA,NA,NA,"UNITED FOOD AND COMMERCIAL WORKERS, LOCAL 1529","Initial","Single Labor Organization","Certific. of Representative","Closed","Included: All housekeeping, laundry and floor technician employees employed by ABM
JANITORIAL SERVICES SOUTH CENTRAL, INC. at the Golden Living Center facility located at
156 Walnut Avenue in Eupora, Mississippi.
Excluded: All other employees, including office clerical employees, professional employees,
guards and supervisors as defined by the Act.",NA,NA,NA,33,2014-07-01,2014-07-01,"11-25",TRUE,"RC","Yes","UNITED FOOD AND COMMERCIAL WORKERS, LOCAL 1529",1,"UFCW",0.8,"Yes",1
"15-RC-133002","Region 15, New Orleans, Louisiana","GGNSC Eupora LLC d/b/a Golden Living Center-Eupora",2014-07-18,2014-08-28,"Euphora","MS","A",2014-08-20,58,NA,"United Food and Commercial Workers, Local 1529",27,NA,NA,NA,NA,25,53,NA,1,NA,"United Food and Commercial Workers, Local 1529","Initial","Single Labor Organization","Certific. of Representative","Closed","Included: All full-time and regular part-time Certified Nursing Assistants, Nursing Assistants,
and Dietary Specialists 1 and 2 (cooks and aides) employed by the Employer at its 156 Walnut
Avenue facility in Eupora, Mississippi.
Excluded: All other employees, including business office clerical employees, payroll
employees, receptionists, maintenance employees, activity assistants, central supply
employees, Registered Nurses, Licensed Practical Nurses, Health Information Coordinators,
and other technical and professional employees, department heads, temporary employees,
PRN/Casual employees, contracted personnel, and guards and supervisors as defined by the
Act.",NA,NA,NA,33,2014-07-01,2014-07-01,"51-100",TRUE,"RC","Yes","United Food and Commercial Workers, Local 1529",1,"UFCW",0.519230769230769,"Yes",6
"15-RD-129970","Region 15, New Orleans, Louisiana","Atmos Energy Corporation",2014-06-04,2014-07-08,"Flowood","MS","A",2014-06-26,159,NA,"International Chemical Workers Union Council (UFCW) Local 1047C",43,NA,NA,NA,NA,111,154,NA,NA,NA,NA,"Initial","Single Labor Organization","Certification of Results","Closed","Included: All gas construction, maintenance and distribution employees of the Company, including all employees of the following job classifications: crew leader, crew leader A, dump truck operator, meter repairman, meter shop attendant, proverman, service technician, senior service technician, senior service technician/compressor station operatpor, utility worker, warehouseman, welder-pipelayer, MIC technician, senior MIC technician, construction operator and senior construction operator.

Excluded: All clerical, office employees, load dispatchers, distribution dispatchers and professional employees, watchmen, guards and supervisors as defined in the Act.",NA,NA,NA,22,2014-04-01,2014-04-01,"101-500",TRUE,"RD","Yes","International Chemical Workers Union Council (UFCW) Local 1047C",1,"UFCW",0.279220779220779,"No",5
"15-RC-126001","Region 15, New Orleans, Louisiana","ABM Janitorial Services South Central, Inc.",2014-04-07,2014-05-19,"Southaven","MS","A",2014-05-19,9,NA,"United Food and Commercial Workers Local 1529",8,NA,NA,NA,NA,0,8,NA,NA,NA,"United Food and Commercial Workers Local 1529","Initial","Single Labor Organization","Certific. of Representative","Closed","Included: All housekeeping, laundry and floor technician employees employed by ABM Janitorial Services South Central, Inc. at the Golden Living Center facility located at 1730 Dorchester Drive, Southaven, Mississippi.

Excluded: All other employees, including office clerical employees, professional employees, guards and supervisors as defined by the Act.",NA,NA,NA,42,2014-04-01,2014-04-01,"6-10",TRUE,"RC","Yes","United Food and Commercial Workers Local 1529",1,"UFCW",1,"Yes",1
"15-RC-126002","Region 15, New Orleans, Louisiana","ABM Janitorial Services South Central, Inc.",2014-04-07,2014-05-16,"Batesville","MS","A",2014-05-08,11,NA,"UNITED FOOD AND COMMERCIAL WORKERS LOCAL 1529",8,NA,NA,NA,NA,2,10,NA,NA,NA,"UNITED FOOD AND COMMERCIAL WORKERS LOCAL 1529","Initial","Single Labor Organization","Certific. of Representative","Closed","Included:  All housekeeping, laundry and floor technician employees employed by ABM Janitorial Services South Central, Inc. at the Golden Living Center facility located at 154 Woodland Road, Batesville, Mississippi.

Excluded:  All other employees, including office clerical employees, professional employees, guards and supervisors as defined by the Act.",NA,NA,NA,31,2014-04-01,2014-04-01,"11-25",TRUE,"RC","Yes","UNITED FOOD AND COMMERCIAL WORKERS LOCAL 1529",1,"UFCW",0.8,"Yes",1
"15-RC-125965","Region 15, New Orleans, Louisiana","GGNSC Batesville, LLC d/b/a Golden Living Center-Batesville",2014-04-07,2014-05-16,"Batesville","MS","A",2014-05-08,68,NA,"United Food and Commercial Workers Local 1529",45,NA,NA,NA,NA,11,60,NA,4,NA,"United Food and Commercial Workers Local 1529","Initial","Single Labor Organization","Certific. of Representative","Closed","Included:  All full-time and regular part-time service employees, including certified nurse assistants, nurse assistants/nurse aides, activity assistants, and dietary-kitchen employees employed by the Employer at its 154 Woodland Road facility in Batesville, Mississippi.

Excluded: All other employees, including office clerical employees, payroll employees, receptionists, maintenance employees, registered nurses, licensed practical nurses, PRN casual employees, Food Service Supervisor, Director of Activities, Director of Central Supply, and other technical and professional employees, department heads, temporary employees, contracted personnel, and guards and supervisors as defined by the Act.",NA,NA,NA,31,2014-04-01,2014-04-01,"51-100",TRUE,"RC","Yes","United Food and Commercial Workers Local 1529",1,"UFCW",0.803571428571429,"Yes",12
"15-RC-121665","Region 15, New Orleans, Louisiana","Entergy Operations Inc.",2014-01-31,2014-06-04,"Port Gibson","MS","A",2014-04-16,33,NA,"INTERNATIONAL BROTHERHOOD OF ELECTRICAL WORKERS LOCAL 605",30,NA,NA,NA,NA,1,31,NA,NA,NA,"INTERNATIONAL BROTHERHOOD OF ELECTRICAL WORKERS LOCAL 605","Initial","Single Labor Organization","Certific. of Representative","Closed","Included:  All hourly paid Technicians, Radiation Protection; Technicians, Radiation Protection Support; Lab Technicians, Chemistry at the Grand Gulf Nuclear Station.

Excluded:  All office clerical employees; salaried Technicians, Radiation Protection; salaried Lab Technicians, Chemisrty; professional employees; guards; and supervisors as defined in the Act.",NA,NA,NA,75,2014-04-01,2014-01-01,"26-50",TRUE,"RC","Yes","INTERNATIONAL BROTHERHOOD OF ELECTRICAL WORKERS LOCAL 605",1,"IBEW",0.967741935483871,"Yes",2
"15-RC-120657","Region 15, New Orleans, Louisiana","GGNSC TUPELO LLC d/b/a GOLDEN LIVING CENTER-EASON BOULEVARD",2014-01-14,2014-03-05,"Tupelo","MS","A",2014-02-20,51,NA,"UNITED FOOD AND COMMERCIAL WORKERS UNION, LOCAL 1529",27,NA,NA,NA,NA,20,50,NA,3,NA,"UNITED FOOD AND COMMERCIAL WORKERS UNION, LOCAL 1529","Initial","Single Labor Organization","Certific. of Representative","Closed","Included:  All full-time and regular part-time Certified Nursing Assistants, Nursing Assistants Restorative, Nursing Assistants, Cooks, and Dietary Assistants employed by the Employer at its 2273 South Eason Boulevard facility in Tupelo, Mississippi.

Excluded:  All other employees, including business office clerical employees, payroll employees, receptionists, maintenance employees, activity assistants, central supply employees, Registered Nurses, Licensed Practical Nurses, Health Information Coordinators, Director Dining Assistants, and other technical and professional employees, department heads, temporary employees, PRN/Casual employees, contracted personnel, and guards and supervisors as defined by the Act.",NA,NA,NA,37,2014-01-01,2014-01-01,"51-100",TRUE,"RC","Yes","UNITED FOOD AND COMMERCIAL WORKERS UNION, LOCAL 1529",1,"UFCW",0.574468085106383,"Yes",4
"15-RC-119983","Region 15, New Orleans, Louisiana","ALLEGIANCE CONSULTING, INC.",2014-01-06,2014-02-18,"STENNIS SPACE CENTER","MS","A",2014-01-29,20,NA,"INTERNATIONAL BROTHERHOOD OF ELECTRICAL WORKERS LOCAL UNION 733",20,NA,NA,NA,NA,0,20,NA,NA,NA,"INTERNATIONAL BROTHERHOOD OF ELECTRICAL WORKERS LOCAL UNION 733","Initial","Single Labor Organization","Certific. of Representative","Closed","Included: All full-time Lab technicians, computer operators, engineering technicians, supply technicians, electronic/instrumentation technicians, and systems administrators employed by the Employer at the Stennis Space Center, Mississippi jobsite, 

Excluded: all office clerical employees, all professional employees, and all guards and supervisors as defined in the Act.",NA,NA,NA,23,2014-01-01,2014-01-01,"11-25",TRUE,"RC","Yes","INTERNATIONAL BROTHERHOOD OF ELECTRICAL WORKERS LOCAL UNION 733",1,"IBEW",1,"Yes",0
"15-RD-118845","Region 15, New Orleans, Louisiana","I.S.S. Action, Inc.",2013-12-12,2013-12-20,"PICAYUNE","MS",NA,NA,24,NA,NA,NA,NA,NA,NA,NA,NA,NA,NA,NA,NA,NA,NA,NA,"Withdrawal Non-adjusted","Closed",NA,NA,NA,NA,NA,NA,2013-10-01,"11-25",TRUE,"RD","No",NA,0,"Uncoded",NA,"Other",NA
"15-RC-114384","Region 15, New Orleans, Louisiana","VCNCL, LLC, d/b/a Vineyard Court Nursing and Rehabilitation Center",2013-09-30,2014-11-19,"Columbus","MS","A",2014-01-03,48,NA,"Retail, Wholesale, Department Store Union",25,NA,NA,NA,NA,18,43,NA,4,NA,"Retail, Wholesale, Department Store Union","Initial","Single Labor Organization","Certific. of Representative","Closed","Included: All full time and regular part-time service and maintenance employees,
including the CNAs, Dietary employees, Housekeeping employees, Laundry employees,
Maintenance employees, Activity employees, and Social Services Director. 

Excluded: All Registered Nurses, Licensed Practical Nurses, MDS Coordinator, Treatment Nurse, QAPI Coordinator, Medical Records Nurse, professional employees, office clerical
employees, guards and supervisors as defined by the Act.",NA,NA,NA,95,2014-01-01,2013-07-01,"26-50",TRUE,"RC","Yes","Retail, Wholesale, Department Store Union",0,"Uncoded",0.581395348837209,"Yes",5
"15-RC-106360","Region 15, New Orleans, Louisiana","VSE CORPORATION",2013-06-03,2013-08-12,"LONG BEACH","MS","A",2013-07-11,51,NA,"International Association of Machinists and Aerospace Workers, AFL-CIO",22,NA,NA,NA,NA,23,45,NA,NA,NA,NA,"Initial","Single Labor Organization","Certification of Results","Closed","Included: All full time and regular part-time mechanics, painters, blasters, supply clerks, and helpers.

Excluded: All office clerical employees, professional employees, managerial employees, guards, and supervisors as defined in the act.",NA,NA,NA,38,2013-07-01,2013-04-01,"51-100",TRUE,"RC","Yes","International Association of Machinists and Aerospace Workers, AFL-CIO",1,"IAM",0.488888888888889,"No",6
"15-RC-106258","Region 15, New Orleans, Louisiana","Total Protection Services Mississippi, LLC",2013-05-31,2013-07-22,"De Kalb","MS","A",2013-07-12,35,32,"International Union, Security, Police and Fire Professionals of America (SPFPA)",6,NA,NA,NA,NA,26,32,NA,NA,NA,NA,"Initial","Single Labor Organization","Certification of Results","Closed","All full-time and regular part-time armed security officers performing guard duties as defined in Section 9(b)(3) of the Act employed by the Employer at the Plant Ratcliffe power plant site, 5835 Highway 493, De Kalb, MS; but excluding all other employees, office clerical employees, captains, lieutenants, and professional employees and supervisors as defined in the Act.",NA,NA,NA,42,2013-07-01,2013-04-01,"26-50",TRUE,"RC","Yes","International Union, Security, Police and Fire Professionals of America (SPFPA)",1,"SPFPA",0.1875,"No",3
"15-RC-098773","Region 15, New Orleans, Louisiana","Cirrus Technology, Inc.",2013-02-21,2013-04-01,"Stennis Space Center","MS","A",2013-03-20,8,NA,"International Association of Machinists and Aerospace Workers, AFL-CIO",8,NA,NA,NA,NA,0,8,NA,NA,NA,"International Association of Machinists and Aerospace Workers, AFL-CIO","Initial","Single Labor Organization","Certific. of Representative","Closed","Included: All full-time and regular part-time logistics clerks and logistics specialists employed by the Employer at Stennis Space Center, MS

Excluded: All office clerical employees, professional employees, managerial employees, guards and supervisors as defined in the Act.",NA,NA,NA,27,2013-01-01,2013-01-01,"6-10",TRUE,"RC","Yes","International Association of Machinists and Aerospace Workers, AFL-CIO",1,"IAM",1,"Yes",0
"15-RC-098407","Region 15, New Orleans, Louisiana","Oceaneering International Inc.",2013-02-14,2013-04-12,"Stennis Space Center","MS","A",2013-04-02,21,NA,"International Association of Machinists and Aerospace Workers, AFL-CIO",7,NA,NA,NA,NA,14,21,NA,NA,NA,NA,"Initial","Single Labor Organization","Certification of Results","Closed","Included: All full-time and regular part-time Electrical Technicians employed by the Employer at its Stennis Space Center facility located in Mississippi.
Excluded: All other employees, office clerical employees, professional employees, managerial employees, guards, and supervisors, as defined by the Act.",NA,NA,NA,47,2013-04-01,2013-01-01,"11-25",TRUE,"RC","Yes","International Association of Machinists and Aerospace Workers, AFL-CIO",1,"IAM",0.333333333333333,"No",0
"15-RD-098337","Region 15, New Orleans, Louisiana","ATMOS ENERGY",2013-02-14,2013-04-08,"FLOWOOD","MS","A",2013-03-27,161,NA,"INTERNATIONAL CHEMICAL WORKERS UNION COUNCIL UFCW LOCAL 1047  C",86,NA,NA,NA,NA,74,160,NA,NA,NA,"INTERNATIONAL CHEMICAL WORKERS UNION COUNCIL UFCW LOCAL 1047  C","Initial","Single Labor Organization","Certific. of Representative","Closed","Included: All gas construction, maintenance and distribution employees of the
Company including all employees of the following job classifications: crew leader,
crew leader A, dump truck operator, meter repairman, meter shop attendant,
proverman, service technician, senior service technician, senior service
technician/compressor station operator, utility worker, warehouseman, welderpipelayer,
MIC technician, senior MIC technician, construction operator, and
senior construction operator.

Excluded: All clerical, office employees, load dispatchers, distribution dispatchers
and professional employees, watchmen, guards and supervisors as defined in the
Act.",NA,NA,NA,41,2013-01-01,2013-01-01,"101-500",TRUE,"RD","Yes","INTERNATIONAL CHEMICAL WORKERS UNION COUNCIL UFCW LOCAL 1047  C",1,"UFCW",0.5375,"Yes",1
"15-RC-098406","Region 15, New Orleans, Louisiana","Computer Sciences Corporation",2013-02-14,2013-03-25,"Stennis Space Center","MS","A",2013-03-13,21,1,"International Association of Machinists and Aerospace Workers, AFL-CIO",14,NA,NA,NA,NA,3,17,NA,NA,NA,"International Association of Machinists and Aerospace Workers, AFL-CIO","Initial","Single Labor Organization","Certific. of Representative","Closed","Included- All full-time and regular part- time Engineering Technicians, Machinist Maintenance and Maintenance Trades Helpers employed by the Employer at its Stennis Space Center facility located in Mississippi.  
Excluded-All office clerical employees, professional employees, managerial employees, guards, and supervisors, as defined by the Act.",NA,NA,NA,27,2013-01-01,2013-01-01,"11-25",TRUE,"RC","Yes","International Association of Machinists and Aerospace Workers, AFL-CIO",1,"IAM",0.823529411764706,"Yes",4
"15-RD-095900","Region 15, New Orleans, Louisiana","MISSISSIPPI ACTION FOR PROGRESS",2013-01-07,2013-02-25,"VICKSBURG","MS","A",2013-01-31,77,NA,"MISSISSIPPI ALLIANCE OF STATE EMPLOYEES/COMMUNICATION WORKERS OF AMERICA, LOCAL 3570, AFL-CIO",53,NA,NA,NA,NA,19,72,NA,NA,NA,"MISSISSIPPI ALLIANCE OF STATE EMPLOYEES/COMMUNICATION WORKERS OF AMERICA, LOCAL 3570, AFL-CIO","Initial","Single Labor Organization","Certific. of Representative","Closed","INCLUDED: ALL FULL TIME AND REGULAR PART-TIME TEACHERS, TEACHERS AIDES, FAMILY CASE WORKER AIDES, BUS DRIVERS, BUS MONITORS, COOKS, ASSISTANT COOKS, JANITORS, MAINTENANCE EMPLOYEES, AND NON-PROFESSIONAL AIDES EMPLOYED BY THE EMPLOYER AT ITS FACILITIES IN WARREN COUNTY, MISSISSIPPI.

EXCLUDED: CENTER ADMINISTRATOR, CENTER CLERK, FAMILY CASE WORKERS, HEAD TEACHER, MANAGERIAL EMPLOYEES, OFFICE CLERICAL EMPLOYEES, PROFESSIONAL EMPLOYEES, GUARDS AND SUPERVISORS AS DEFIND BY THE ACT.",NA,NA,NA,24,2013-01-01,2013-01-01,"51-100",TRUE,"RD","Yes","MISSISSIPPI ALLIANCE OF STATE EMPLOYEES/COMMUNICATION WORKERS OF AMERICA, LOCAL 3570, AFL-CIO",1,"CWA",0.736111111111111,"Yes",5
"15-RD-085781","Region 15, New Orleans, Louisiana","Huntington Ingalls Incorporated",2012-07-23,2012-08-27,"Pascagoula","MS","A",2012-08-16,75,NA,"INTERNATIONAL ASSOCIATION OF MACHINISTS AND AEROSPACE WORKERS, AFL-CIO",14,NA,NA,NA,NA,55,69,NA,NA,NA,NA,"Initial","Single Labor Organization","Certification of Results","Closed","INCLUDING All full-time and regular part-time quality assurance inspectors in the QA Department (X38) at the Company's Pascagoula, Mississippi facility, EXCLUDING all office clerical employees, professional employees, managerial employees, guards, and supervisors, all employees in non-inspector job classifications in the QA department, all employees in any other collective bargaining unit and all other employees excluded by the Act.",NA,NA,NA,24,2012-07-01,2012-07-01,"51-100",TRUE,"RD","Yes","INTERNATIONAL ASSOCIATION OF MACHINISTS AND AEROSPACE WORKERS, AFL-CIO",1,"IAM",0.202898550724638,"No",6
"26-RC-084633","Region 15, New Orleans, Louisiana","DynCorp International, Inc.",2012-07-06,2012-08-17,"Columbus","MS","A",2012-08-08,9,NA,"INTERNATIONAL UNION OF ELECTRONIC, ELECTRICAL, SALARIED, MACHINE AND FURNITURE WORKERS-CWA, AFL-CIO",5,NA,NA,NA,NA,0,5,NA,NA,NA,"INTERNATIONAL UNION OF ELECTRONIC, ELECTRICAL, SALARIED, MACHINE AND FURNITURE WORKERS-CWA, AFL-CIO","Initial","Single Labor Organization","Certific. of Representative","Closed",NA,NA,NA,NA,33,2012-07-01,2012-07-01,"6-10",TRUE,"RC","Yes","INTERNATIONAL UNION OF ELECTRONIC, ELECTRICAL, SALARIED, MACHINE AND FURNITURE WORKERS-CWA, AFL-CIO",1,"CWA",1,"Yes",4
"15-RC-080604","Region 15, New Orleans, Louisiana","Plaza Community Living Center",2012-05-09,2012-07-02,"Pascagoula","MS","A",2012-06-22,63,NA,"INTERNATIONAL BROTHERHOOD OF  ELECTRICAL WORKERS, LOCAL NO. 733",26,NA,NA,NA,NA,32,58,NA,NA,NA,NA,"Initial","Single Labor Organization","Certification of Results","Closed","iNCLUDED:  All full-time and part-time CNA's, dietary aids, dietary cooks and maintenance employees employed by the Employer at its facility located at 4403 Hospital Drive, Pascagoula, MS 39581.

EXCLUDED:  All LPN's, RN's, office clerical employees, professional employees, managerial employees, guards and supervisors as defined in the Act.",NA,NA,NA,44,2012-04-01,2012-04-01,"51-100",TRUE,"RC","Yes","INTERNATIONAL BROTHERHOOD OF  ELECTRICAL WORKERS, LOCAL NO. 733",1,"IBEW",0.448275862068966,"No",5
"15-RD-072485","Region 15, New Orleans, Louisiana","Kinder Morgan Bulk Terminals, Inc.",2012-01-17,2012-02-14,"Vicksburg","MS",NA,NA,6,NA,NA,NA,NA,NA,NA,NA,NA,NA,NA,NA,NA,NA,NA,NA,"Withdrawal Non-adjusted","Closed",NA,NA,NA,NA,NA,NA,2012-01-01,"6-10",TRUE,"RD","No",NA,0,"Uncoded",NA,"Other",NA
"15-RC-072481","Region 15, New Orleans, Louisiana","Howard Industries, Inc.",2011-12-15,2012-01-26,"Laurel","MS",NA,NA,5,NA,NA,NA,NA,NA,NA,NA,NA,NA,NA,NA,NA,NA,NA,NA,"Withdrawal Non-adjusted","Closed",NA,NA,NA,NA,NA,NA,2011-10-01,"<5",TRUE,"RC","No",NA,0,"Uncoded",NA,"Other",NA
"15-RC-070162","Region 15, New Orleans, Louisiana","Howard Industries, Inc.",2011-12-06,2012-01-17,"Laurel","MS","A",2012-01-06,9,NA,"International Brotherhood of Electrical Workers, Local Union 1317",8,NA,NA,NA,NA,0,8,NA,NA,NA,"International Brotherhood of Electrical Workers, Local Union 1317","Initial","Single Labor Organization","Certific. of Representative","Closed",NA,NA,NA,NA,31,2012-01-01,2011-10-01,"6-10",TRUE,"RC","Yes","International Brotherhood of Electrical Workers, Local Union 1317",1,"IBEW",1,"Yes",1
"10-RC-068543","Region 10, Atlanta, Georgia","L3 VERTEX AEROSPACE, LLC",2011-11-08,2011-12-20,"MADISON","MS","A",2011-12-08,4,NA,"International Brotherhood of Teamsters, Chauffeurs, Warehousemen & Helpers, Local 402",2,NA,NA,NA,NA,0,2,NA,NA,NA,"International Brotherhood of Teamsters, Chauffeurs, Warehousemen & Helpers, Local 402","Initial","Single Labor Organization","Certific. of Representative","Closed","All aircraft mechanics employed by the Employer performing maintenance and aircraft logistics support for the U.S. Army at the Redstone Arsenal in Huntsville, Alabama, but excluding all other employees, office clerical employees, professional employees, guards, and supervisors as defined in the Act.",NA,NA,NA,30,2011-10-01,2011-10-01,"<5",TRUE,"RC","Yes","International Brotherhood of Teamsters, Chauffeurs, Warehousemen & Helpers, Local 402",1,"Teamsters",1,"Yes",2
"15-RC-066749","Region 15, New Orleans, Louisiana","Management Consulting, Inc.",2011-10-14,2011-11-01,"Gulfport","MS",NA,NA,5,NA,NA,NA,NA,NA,NA,NA,NA,NA,NA,NA,NA,NA,NA,NA,"Withdrawal Non-adjusted","Closed",NA,NA,NA,NA,NA,NA,2011-10-01,"<5",TRUE,"RC","No",NA,0,"Uncoded",NA,"Other",NA
"15-RC-065562","Region 15, New Orleans, Louisiana","Entergy Operations, Grand Gulf Nuclear Plant",2011-09-28,2011-11-21,"Port Gibson","MS","A",2011-11-09,38,1,"INTERNATIONAL BROTHERHOOD OF ELECTRICAL WORKERS LOCAL 605",15,NA,NA,NA,NA,20,36,NA,1,NA,NA,"Initial","Single Labor Organization","Certification of Results","Closed","Included:  All hourly paid full-time employees in the following classifications and departments:  Radiochemist Iii, Radiochemist II, Radiochemist I, Sr. Radiochemist, Health Physicist Iii, Health Physicist Ii, Sr. Health Physicist, and Technician Radwaste in the Chemistry Department and/or Radiation Protection Department who are employed by the Employer at its Grand Gulf Nuclear Station facility currently located at 7003 Bald Hill Road, Port Gibson, Mississippi. 

Excluded:  All salaried employees, including but not limited to salaried employees in the following classifications in the Chemistry Department and/or Radiation Protection Department:  Sr. HP/Chem Spec, HP/Chem Spec Iii, HP/Chem Spec Ii, HP/Chem Spec I, RP/Chem Spec Sr, Specialist, ALARA, all other salaried employees, all operating, maintenance and construction employees, all co-op students, all temporary employees, all professional employees and guards and supervisors as defined in the Act.",NA,NA,NA,42,2011-10-01,2011-07-01,"26-50",TRUE,"RC","Yes","INTERNATIONAL BROTHERHOOD OF ELECTRICAL WORKERS LOCAL 605",1,"IBEW",0.428571428571429,"No",3
"15-UC-063451","Region 15, New Orleans, Louisiana","Lockheed Martin",2011-08-26,2011-10-28,"John C. Stennis Space Center","MS",NA,NA,133,NA,NA,NA,NA,NA,NA,NA,NA,NA,NA,NA,NA,NA,NA,NA,"Unit Clarification","Closed",NA,NA,NA,NA,NA,NA,2011-07-01,"101-500",TRUE,"UC","No",NA,0,"Uncoded",NA,"Other",NA
"26-RM-000479","Region 15, New Orleans, Louisiana","Republic Services, Inc.",2011-07-22,2011-08-19,"Olive Branch","MS",NA,NA,68,NA,NA,NA,NA,NA,NA,NA,NA,NA,NA,NA,NA,NA,NA,NA,"Dismissal Non-adjusted","Closed",NA,NA,NA,NA,NA,NA,2011-07-01,"51-100",TRUE,"RM","No",NA,0,"Uncoded",NA,"Other",NA
"26-RC-008637","Region 15, New Orleans, Louisiana","Water Valley Poultry LLC",2011-07-08,2011-09-07,"Water Valley","MS","A",2011-08-19,156,1,"UNITED FOOD & COMMERCIAL WORKERS UNION LOCAL 1529",80,NA,NA,NA,NA,28,123,NA,15,NA,"United Food and Commercial Workers Union 1529","Initial","Single Labor Organization","Certific. of Representative","Closed","Included: All full-time and regular part-time processing, production and maintenance employees employed at the Employer's Water Valley, Mississippi facility.

Excluded: All salespersons, buyers, office clericals, professional employees, line supervisors, guards and supervisors as defined in the Act.",NA,NA,NA,42,2011-07-01,2011-07-01,"101-500",TRUE,"RC","Yes","UNITED FOOD & COMMERCIAL WORKERS UNION LOCAL 1529",1,"UFCW",0.740740740740741,"Yes",48
"15-RC-008867","Region 15, New Orleans, Louisiana","Omega Protein, Inc.",2011-06-06,2011-07-11,"Moss Point","MS","A",2011-06-30,23,NA,"INTERNATIONAL BROTHERHOOD OF BOILERMAKERS, IRON SHIP BUILDERS, BLACKSMITHS, FORGERS AND HELPERS, AFL",7,NA,NA,NA,NA,13,20,"N",5,"N",NA,"Initial","Single Labor Organization","Certification of Results","Closed","Included: Evaporator Operators, Press Cooker Operators, Raw Box Operators, Dryer Operators, Oil Room Operators, Oil Room Helpers, Operator A's, Laborers, Maintenance employees, and Electricians employed at the Employer's facilitty located at 5735 Elder Ferry Road, Moss Point, Mississippi; Excluded: managers, temporary agency employees, Scrap Shed Laborers, Seacoast employees, Shipley employees, Bailers, maritime employees, guards and supervisors as defined by the Act.",NA,NA,NA,24,2011-04-01,2011-04-01,"11-25",TRUE,"RC","Yes","INTERNATIONAL BROTHERHOOD OF BOILERMAKERS, IRON SHIP BUILDERS, BLACKSMITHS, FORGERS AND HELPERS, AFL",1,"IBB",0.35,"No",3
"15-RC-008862","Region 15, New Orleans, Louisiana","Hydro Carbide (Sub. of HBD Industries)",2011-05-16,2011-07-05,"Gulfport","MS","A",2011-06-23,24,NA,"GLASS, MOLDERS, POTTERY, PLASTICS AND ALLIED WORKERS INTERNATIONAL UNION, (AFL-CIO,CLC)",8,NA,NA,NA,NA,16,24,"N",NA,"N",NA,"Initial","Single Labor Organization","Certification of Results","Closed","Included:  All hourly paid full-time production and production maintenance employees employed by the Employer at its facility located at 14115 Seaway Road, Gulfport, Mississippi.

Excluded:  Any employees not included above including, without limitation, confidential or clerical employees, temporary workers, laboratory technicians, quality control technicians, schedulers, professional employees, guards and supervisors as defined by the Act.",NA,NA,NA,38,2011-04-01,2011-04-01,"11-25",TRUE,"RC","Yes","GLASS, MOLDERS, POTTERY, PLASTICS AND ALLIED WORKERS INTERNATIONAL UNION, (AFL-CIO,CLC)",0,"Uncoded",0.333333333333333,"No",0
"26-RD-001182","Region 10, Atlanta, Georgia","OMNOVA Solutions, Inc.",2011-05-10,2012-07-30,"Columbus","MS","A",2012-11-13,314,NA,"UNITED STEELWORKERS LOCAL 1-0450",18,NA,NA,NA,NA,118,136,NA,126,NA,NA,"Initial","Revised Single Labor Org","Certification of Results","Closed","INCLUDED:  All full-time and regular part-time hourly production and maintenance employees employed by the Employer at its Columbus, Mississippi plant. 
EXCLUDED: All other employees, office employees, timekeepers, clerks, quality control, production control, management trainees, confidential salaried employees, professional employees, guards and supervisors as defined in the Act.",NA,NA,NA,553,2012-10-01,2011-04-01,"101-500",TRUE,"RD","Yes","UNITED STEELWORKERS LOCAL 1-0450",1,"USW",0.132352941176471,"No",178
"26-RD-001182","Region 10, Atlanta, Georgia","OMNOVA Solutions, Inc.",2011-05-10,2012-07-30,"Columbus","MS","A",2011-07-29,314,NA,"UNITED STEELWORKERS LOCAL 1-0450",0,NA,NA,NA,NA,0,294,NA,294,"Y",NA,"Initial","Single Labor Organization","Certification of Results","Closed","INCLUDED:  All full-time and regular part-time hourly production and maintenance employees employed by the Employer at its Columbus, Mississippi plant. 
EXCLUDED: All other employees, office employees, timekeepers, clerks, quality control, production control, management trainees, confidential salaried employees, professional employees, guards and supervisors as defined in the Act.",NA,NA,NA,80,2011-07-01,2011-04-01,"101-500",FALSE,"RD","Yes","UNITED STEELWORKERS LOCAL 1-0450",1,"USW",NA,"No",314
"15-RC-008861","Region 15, New Orleans, Louisiana","Entergy Operations, Grand Gulf Nuclear Plant",2011-05-04,2011-05-17,"Port Gibson","MS",NA,NA,9,NA,NA,NA,NA,NA,NA,NA,NA,NA,NA,NA,NA,NA,NA,NA,"Withdrawal Non-adjusted","Closed",NA,NA,NA,NA,NA,NA,2011-04-01,"6-10",TRUE,"RC","No",NA,0,"Uncoded",NA,"Other",NA
"26-RD-001181","Region 15, New Orleans, Louisiana","Skyline Steel Pipe",2011-05-03,2011-09-27,"Iuka","MS",NA,NA,55,NA,NA,NA,NA,NA,NA,NA,NA,NA,NA,NA,NA,NA,NA,NA,"Dismissal Non-adjusted","Closed",NA,NA,NA,NA,NA,NA,2011-04-01,"51-100",TRUE,"RD","No",NA,0,"Uncoded",NA,"Other",NA
"15-RC-008860","Region 15, New Orleans, Louisiana","Entergy Operations, Grand Gulf Nuclear Plant",2011-04-27,2011-05-04,"Port Gibson","MS",NA,NA,9,NA,NA,NA,NA,NA,NA,NA,NA,NA,NA,NA,NA,NA,NA,NA,"Withdrawal Non-adjusted","Closed",NA,NA,NA,NA,NA,NA,2011-04-01,"6-10",TRUE,"RC","No",NA,0,"Uncoded",NA,"Other",NA
"26-RC-008629","Region 15, New Orleans, Louisiana","Advanced Disposal Services ASW, LLC",2011-02-28,2011-04-19,"Olive Branch","MS","A",2011-04-08,79,2,"TEAMSTERS, LOCAL UNION NO. 667",50,NA,NA,NA,NA,20,70,"N",5,"N","TEAMSTERS, LOCAL UNION NO. 667","Initial","Single Labor Organization","Certific. of Representative","Closed","INCLUDED:	All full-time and regular part-time drivers and helpers employed by the Employer at its Olive Branch, Mississippi facility.  
EXCLUDED:	All other employees, office clerical and professional employees, guards and supervisors as defined in t",NA,NA,NA,39,2011-04-01,2011-01-01,"51-100",TRUE,"RC","Yes","TEAMSTERS, LOCAL UNION NO. 667",1,"Teamsters",0.714285714285714,"Yes",9
"15-RD-000931","Region 15, New Orleans, Louisiana","Jacobs Technology, Inc./Smith Research Corporation, Inc.",2011-02-11,2011-04-04,"John C. Stennis Space Center","MS","A",2011-03-24,97,NA,"INTERNATIONAL ASSOCIATION OF MACHINISTS AND AEROSPACE WORKERS, AFL-CIO",75,NA,NA,NA,NA,14,89,"N",NA,"N","INTERNATIONAL ASSOCIATION OF MACHINISTS AND AEROSPACE WORKERS, AFL-CIO","Initial","Single Labor Organization","Certific. of Representative","Closed","Included: Configuration Management Associate, Configuration Management Associate (Senior), Data Analyst, Data Analyst (Senior), Document Coordinator, Document Coordinator (Senior), Drafter
Drafter (Senior), Engineering Associates, Engineering Associ",NA,NA,NA,41,2011-01-01,2011-01-01,"51-100",TRUE,"RD","Yes","INTERNATIONAL ASSOCIATION OF MACHINISTS AND AEROSPACE WORKERS, AFL-CIO",1,"IAM",0.842696629213483,"Yes",8
"15-RC-008852","Region 15, New Orleans, Louisiana","Paragon Systems, Inc.",2010-12-02,2010-12-14,"Stennis Space Center","MS",NA,NA,10,NA,NA,NA,NA,NA,NA,NA,NA,NA,NA,NA,NA,NA,NA,NA,"Withdrawal Non-adjusted","Closed",NA,NA,NA,NA,NA,NA,2010-10-01,"6-10",TRUE,"RC","No",NA,0,"Uncoded",NA,"Other",NA
"26-RD-001177","Region 15, New Orleans, Louisiana","Grenada Stamping and Assembly, Inc.",2010-11-16,2011-04-14,"Granada","MS",NA,NA,131,NA,NA,NA,NA,NA,NA,NA,NA,NA,NA,NA,NA,NA,NA,NA,"Withdrawal Non-adjusted","Closed",NA,NA,NA,NA,NA,NA,2010-10-01,"101-500",TRUE,"RD","No",NA,0,"Uncoded",NA,"Other",NA
"15-RC-008846","Region 15, New Orleans, Louisiana","Government Contract Resources",2010-08-09,2010-08-23,"Gulfport","MS",NA,NA,39,NA,NA,NA,NA,NA,NA,NA,NA,NA,NA,NA,NA,NA,NA,NA,"Withdrawal Non-adjusted","Closed",NA,NA,NA,NA,NA,NA,2010-07-01,"26-50",TRUE,"RC","No",NA,0,"Uncoded",NA,"Other",NA
"26-RC-008615","Region 15, New Orleans, Louisiana","Northrop Grumman Technical Services Inc.",2010-08-06,2010-08-12,"Columbus","MS",NA,NA,4,NA,NA,NA,NA,NA,NA,NA,NA,NA,NA,NA,NA,NA,NA,NA,"Withdrawal Non-adjusted","Closed",NA,NA,NA,NA,NA,NA,2010-07-01,"<5",TRUE,"RC","No",NA,0,"Uncoded",NA,"Other",NA
"15-RC-008825","Region 15, New Orleans, Louisiana","Custom Glass",2010-02-09,2011-05-05,"Tupelo","MS",NA,NA,6,NA,NA,NA,NA,NA,NA,NA,NA,NA,NA,NA,NA,NA,NA,NA,"Withdrawal Non-adjusted","Closed",NA,NA,NA,NA,NA,NA,2010-01-01,"6-10",TRUE,"RC","No",NA,0,"Uncoded",NA,"Other",NA
"15-RC-008822","Region 15, New Orleans, Louisiana","Lockheed Martin, NAS Meridian",2010-02-01,2010-03-22,"Meridian","MS","A",2010-03-11,5,NA,"INTERNATIONAL ASSOCIATION OF MACHINISTS AND AEROPSACE WORKERS, AFL-CIO",3,NA,NA,NA,NA,0,3,"N",NA,"N","INTERNATIONAL ASSOCIATION OF MACHINISTS AND AEROPSACE WORKERS, AFL-CIO","Initial","Single Labor Organization","Certific. of Representative","Closed","Included: All full-time and regular part-time Weapons Handler 1 and General Clerk 11 - (Pass and Tag) employed by the Employer on its Non-Guard Services Contract #N00189-08-D-Z003-EX04 at the U.S. Naval Air Station in Meridian, Mississippi.

Exclud",NA,NA,NA,38,2010-01-01,2010-01-01,"<5",TRUE,"RC","Yes","INTERNATIONAL ASSOCIATION OF MACHINISTS AND AEROPSACE WORKERS, AFL-CIO",1,"IAM",1,"Yes",2
"15-RC-008822",NA,"Lockheed Martin, NAS Meridian",2010-02-01,2010-03-22,"Meridian","MS","A",2010-03-11,5,0,"International Association of Machinists and Aeropsace Workers, AFL-CIO",3,NA,NA,NA,NA,0,3,"N",0,"N","International Association of Machinists and Aeropsace Workers, AFL-CIO","Initial","Single Labor Organization","Certific. of Representative","Closed",NA,NA,NA,NA,38,2010-01-01,2010-01-01,"<5",FALSE,"RC","Yes","International Association of Machinists and Aeropsace Workers, AFL-CIO",1,"IAM",1,"Yes",2
"15-RC-008820","Region 15, New Orleans, Louisiana","VCNCL, LLC d/b/a Vineyard Court Nursing Center",2010-01-20,2010-03-08,"Meridian","MS","A",2010-02-26,58,NA,"RETAIL WHOLESALE AND DEPARTMENT STORE UNION - UFCW",17,NA,NA,NA,NA,34,51,"N",1,"N",NA,"Initial","Single Labor Organization","Certification of Results","Closed","Included:  All full-time and regular part-time LPNs, CNAs, Dietary Employees, Housekeeping Employees, Laundry Employees, and Miantenance Employees, Activities Director, and Social Services Director.

Excluded:  All other employees, RNs, Administrat",NA,NA,NA,37,2010-01-01,2010-01-01,"51-100",TRUE,"RC","Yes","RETAIL WHOLESALE AND DEPARTMENT STORE UNION - UFCW",1,"RWDSU",0.333333333333333,"No",7
"15-RC-008818","Region 15, New Orleans, Louisiana","Vinyard Court Nursing Center",2010-01-06,2010-01-22,"Columbus","MS",NA,NA,55,NA,NA,NA,NA,NA,NA,NA,NA,NA,NA,NA,NA,NA,NA,NA,"Withdrawal Non-adjusted","Closed",NA,NA,NA,NA,NA,NA,2010-01-01,"51-100",TRUE,"RC","No",NA,0,"Uncoded",NA,"Other",NA
"15-RD-000925","Region 15, New Orleans, Louisiana","Northup Grumman Ship Systems",2010-01-05,2010-01-14,"Pascagoula","MS",NA,NA,140,NA,NA,NA,NA,NA,NA,NA,NA,NA,NA,NA,NA,NA,NA,NA,"Withdrawal Non-adjusted","Closed",NA,NA,NA,NA,NA,NA,2010-01-01,"101-500",TRUE,"RD","No",NA,0,"Uncoded",NA,"Other",NA
"26-RC-008600","Region 15, New Orleans, Louisiana","Sodexo, Inc.",2009-12-18,2010-02-02,"University","MS","A",2010-01-21,32,NA,"LABORERS LOCAL 145",8,NA,NA,NA,NA,20,28,"N",NA,"N",NA,"Initial","Single Labor Organization","Certification of Results","Closed","Included: All full-time and regular part-time custodial-housekeeping employees and lead persons employed by Sodexo, Inc. at the University of Mississippi at Oxford.

Excluded: Student employees, office clerical employees, guards, managers and super",NA,NA,NA,34,2010-01-01,2009-10-01,"26-50",TRUE,"RC","Yes","LABORERS LOCAL 145",1,"LIUNA",0.285714285714286,"No",4
"15-RD-000922","Region 15, New Orleans, Louisiana","Sanderson Farms",2009-11-27,2009-12-01,"Madison","MS",NA,NA,19,NA,NA,NA,NA,NA,NA,NA,NA,NA,NA,NA,NA,NA,NA,NA,"Withdrawal Non-adjusted","Closed",NA,NA,NA,NA,NA,NA,2009-10-01,"11-25",TRUE,"RD","No",NA,0,"Uncoded",NA,"Other",NA
"15-RC-008813","Region 15, New Orleans, Louisiana","Computer Science Corporation",2009-11-12,2009-11-23,"Biloxi","MS",NA,NA,20,NA,NA,NA,NA,NA,NA,NA,NA,NA,NA,NA,NA,NA,NA,NA,"Withdrawal Non-adjusted","Closed",NA,NA,NA,NA,NA,NA,2009-10-01,"11-25",TRUE,"RC","No",NA,0,"Uncoded",NA,"Other",NA
"26-RC-008597","Region 15, New Orleans, Louisiana","Security Consultants Group, Inc.",2009-11-05,2010-01-21,"Columbus","MS","A",2010-01-07,24,2,"INTERNATIONAL UNION, SECURITY, POLICE AND FIRE PROFESSIONALS OF AMERICA (SPFPA)",18,NA,NA,NA,NA,0,18,"N",NA,"N","INTERNATIONAL UNION, SECURITY, POLICE AND FIRE PROFESSIONALS OF AMERICA (SPFPA)","Initial","Single Labor Organization","Certific. of Representative","Closed","Included:  All full-time and regular part-time security officers performing guard duties as defined in Section 9(b)(3) of the National Labor Relations Act employed by Security Consultants Group, Inc., at various federal facilities located in cities i",NA,NA,NA,63,2010-01-01,2009-10-01,"11-25",TRUE,"RC","Yes","INTERNATIONAL UNION, SECURITY, POLICE AND FIRE PROFESSIONALS OF AMERICA (SPFPA)",1,"SPFPA",1,"Yes",6
"15-RC-008812","Region 15, New Orleans, Louisiana","Koch Freezers LLC",2009-10-29,2009-12-04,"Morton","MS","A",2009-11-24,104,NA,"UNITED FOOD AND COMMERCIAL WORKERS LOCAL UNION 1529",78,NA,NA,NA,NA,4,82,"N",NA,"N",NA,"Initial","Single Labor Organization","Certific. of Representative","Closed","Included: All Pickers, Frozen Pickers, Loaders, Tow Motor Drivers, Tub Washers, Leads, Assistant Leads, and Dock Worekrs employed by the Employer at its Morton, Mississippi distribution center.

Excluded: All Clericals, Quality Control employees, M",NA,NA,NA,26,2009-10-01,2009-10-01,"101-500",TRUE,"RC","Yes","UNITED FOOD AND COMMERCIAL WORKERS LOCAL UNION 1529",1,"UFCW",0.951219512195122,"Yes",22
"26-RC-008594","Region 15, New Orleans, Louisiana","Barden Mississippi Gaming, LLC d/b/a Fitzgerald's Casino & Hotel",2009-08-06,2010-01-27,"Tunica","MS","A",2010-01-16,141,NA,"INTERNATIONAL UNION, UNITED AUTOMOBLE, AEROSPACE AND AGRICULTURAL IMPLEMENT WORKERS OF AMERICA, UAW",57,NA,NA,NA,NA,81,138,"N",NA,"N",NA,"Initial","Single Labor Organization","Certification of Results","Closed","Included:  All full-time and part-time casino dealers, dual-rate dealers and on-call dealers employed by the Employer at its Tunica, Mississippi facility.

Excluded:  All office clerical employees, professional employees, guards and supervisors as",NA,NA,NA,163,2010-01-01,2009-07-01,"101-500",TRUE,"RC","Yes","INTERNATIONAL UNION, UNITED AUTOMOBLE, AEROSPACE AND AGRICULTURAL IMPLEMENT WORKERS OF AMERICA, UAW",1,"UAW",0.41304347826087,"No",3
"26-RC-008594",NA,"Barden Mississippi Gaming, LLC d/b/a Fitzgerald's Casino & Hotel",2009-08-06,2010-01-27,"Tunica","MS","A",2010-01-16,141,0,"International Union, United Automoble, Aerospace and Agricultural Implement Workers of America, UAW",57,NA,NA,NA,NA,81,138,"N",0,"N",NA,"Rerun","Single Labor Organization","Certification of Results","Closed",NA,NA,NA,NA,163,2010-01-01,2009-07-01,"101-500",FALSE,"RC","Yes","International Union, United Automoble, Aerospace and Agricultural Implement Workers of America, UAW",1,"UAW",0.41304347826087,"No",3
"26-RC-008594","Region 15, New Orleans, Louisiana","Barden Mississippi Gaming, LLC d/b/a Fitzgerald's Casino & Hotel",2009-08-06,2010-01-27,"Tunica","MS","A",2009-09-12,153,NA,"INTERNATIONAL UNION, UNITED AUTOMOBLE, AEROSPACE AND AGRICULTURAL IMPLEMENT WORKERS OF AMERICA, UAW",66,NA,NA,NA,NA,78,144,"N",1,"N",NA,"Initial","Single Labor Organization","Certification of Results","Closed","Included:  All full-time and part-time casino dealers, dual-rate dealers and on-call dealers employed by the Employer at its Tunica, Mississippi facility.

Excluded:  All office clerical employees, professional employees, guards and supervisors as",NA,NA,NA,37,2009-07-01,2009-07-01,"101-500",FALSE,"RC","Yes","INTERNATIONAL UNION, UNITED AUTOMOBLE, AEROSPACE AND AGRICULTURAL IMPLEMENT WORKERS OF AMERICA, UAW",1,"UAW",0.458333333333333,"No",9
"15-RD-000919","Region 15, New Orleans, Louisiana","Morrison's ",2009-07-17,2009-12-03,"Pascagoula","MS",NA,NA,75,NA,NA,NA,NA,NA,NA,NA,NA,NA,NA,NA,NA,NA,NA,NA,"Withdrawal Non-adjusted","Closed",NA,NA,NA,NA,NA,NA,2009-07-01,"51-100",TRUE,"RD","No",NA,0,"Uncoded",NA,"Other",NA
"15-RC-008799","Region 15, New Orleans, Louisiana","International Security Management Group, Inc.",2009-06-24,2009-08-07,"Stennis Space Center","MS","A",2009-07-28,22,NA,"INTERNATIONAL UNION, SECURITY, POLICE AND FIRE PROFESSIONALS OF AMERICA (SPFPA)",15,NA,NA,NA,NA,2,17,"N",NA,"N","INTERNATIONAL UNION, SECURITY, POLICE AND FIRE PROFESSIONALS OF AMERICA (SPFPA)","Initial","Single Labor Organization","Certific. of Representative","Closed","Included:  All full-time and regular part-time armed security officers performing guard duties as defined in Section 9(b)(3) of the National Labor Relations Act, as amended, employed by International Security Management Group, Inc. at the Government",NA,NA,NA,34,2009-07-01,2009-04-01,"11-25",TRUE,"RC","Yes","INTERNATIONAL UNION, SECURITY, POLICE AND FIRE PROFESSIONALS OF AMERICA (SPFPA)",1,"SPFPA",0.882352941176471,"Yes",5
"15-RC-008797","Region 15, New Orleans, Louisiana","J & C Enterprises",2009-05-29,2009-06-08,"Meridian","MS",NA,NA,3,NA,NA,NA,NA,NA,NA,NA,NA,NA,NA,NA,NA,NA,NA,NA,"Withdrawal Non-adjusted","Closed",NA,NA,NA,NA,NA,NA,2009-04-01,"<5",TRUE,"RC","No",NA,0,"Uncoded",NA,"Other",NA
"15-RC-008796","Region 15, New Orleans, Louisiana","Computer Science Corporation",2009-05-22,2009-07-06,"Biloxi","MS","A",2009-06-25,130,NA,"INTERNATIONAL ASSOCIATION OF MACHINISTS AND AEROSPACE WORKERS, AFL-CIO",85,NA,NA,NA,NA,12,97,"N",NA,"N","INTERNATIONAL ASSOCIATION OF MACHINISTS AND AEROSPACE WORKERS, AFL-CIO","Initial","Single Labor Organization","Certific. of Representative","Closed","Included: All full-time and regular part-time production and maintenance employees employed by the Employer at Keesler Air Force Base, Mississippi
Excluded: All other employees, office clerical employees, professional employees, managerial employees",NA,NA,NA,34,2009-04-01,2009-04-01,"101-500",TRUE,"RC","Yes","INTERNATIONAL ASSOCIATION OF MACHINISTS AND AEROSPACE WORKERS, AFL-CIO",1,"IAM",0.876288659793814,"Yes",33
"26-RC-008585","Region 15, New Orleans, Louisiana","First Student, Inc.",2009-04-28,2009-05-27,"West Point","MS","A",2009-05-18,42,NA,"INTERNATIONAL BROTHERHOOD OF TEAMSTERS, LOCAL 891",21,NA,NA,NA,NA,6,27,"N",NA,"N","INTERNATIONAL BROTHERHOOD OF TEAMSTERS, LOCAL 891","Initial","Single Labor Organization","Certific. of Representative","Closed","Included: All full-time and regular part-time bus drivers, including monitors and technicians (mechanics)                employed by First Student, Inc., at its West Point, Mississippi facility.

Excluded: All other employees including office cleri",NA,NA,NA,20,2009-04-01,2009-04-01,"26-50",TRUE,"RC","Yes","INTERNATIONAL BROTHERHOOD OF TEAMSTERS, LOCAL 891",1,"Teamsters",0.777777777777778,"Yes",15
"26-RM-000475","Region 15, New Orleans, Louisiana","Springs Global US, Inc.",2009-04-03,2009-08-25,"Sardis","MS",NA,NA,73,NA,NA,NA,NA,NA,NA,NA,NA,NA,NA,NA,NA,NA,NA,NA,"Dismissal Non-adjusted","Closed",NA,NA,NA,NA,NA,NA,2009-04-01,"51-100",TRUE,"RM","No",NA,0,"Uncoded",NA,"Other",NA
"15-RC-008792","Region 15, New Orleans, Louisiana","Security Counsultants Group, Inc. (SCG)",2009-04-02,2009-05-18,"Jackson","MS","A",2009-05-06,26,NA,"INTERNATIONAL GUARDS UNION OF AMERICA, REGION 10",8,NA,NA,NA,NA,1,9,"N",NA,"N","INTERNATIONAL GUARDS UNION OF AMERICA, REGION 10","Initial","Single Labor Organization","Certific. of Representative","Closed","All full-time and part-time security officers employed by Security Consultants Group, Inc., at the following locations in Jackson, Mississippi:  McCoy FOB Federal Building, 100 W. Capitol Street; U.S. Attorneys Office, 188 E Capitol Street; FBI Post",NA,NA,NA,34,2009-04-01,2009-04-01,"26-50",TRUE,"RC","Yes","INTERNATIONAL GUARDS UNION OF AMERICA, REGION 10",0,"Uncoded",0.888888888888889,"Yes",17
"26-RC-008583","Region 15, New Orleans, Louisiana","Coahoma Opportunities, Inc.",2009-03-30,2009-05-08,"Clarksdale","MS","A",2009-04-29,127,2,"TEAMSTERS LOCAL 667",79,NA,NA,NA,NA,33,112,"N",1,"N","TEAMSTERS LOCAL 667","Initial","Single Labor Organization","Certific. of Representative","Closed","Included:  All full-time and regular part-time employees employed by the Employer in the Headstart Program.

Excluded: All professional employees, guards and supervisors as defined in the Act and all non-Headstart employees.",NA,NA,NA,30,2009-04-01,2009-01-01,"101-500",TRUE,"RC","Yes","TEAMSTERS LOCAL 667",1,"Teamsters",0.705357142857143,"Yes",15
"15-RD-000913","Region 15, New Orleans, Louisiana","Inter-Con Security Systems Inc.",2009-03-12,2009-03-31,"Gulfport","MS",NA,NA,22,NA,NA,NA,NA,NA,NA,NA,NA,NA,NA,NA,NA,NA,NA,NA,"Withdrawal Non-adjusted","Closed",NA,NA,NA,NA,NA,NA,2009-01-01,"11-25",TRUE,"RD","No",NA,0,"Uncoded",NA,"Other",NA
"15-RC-008785","Region 15, New Orleans, Louisiana","First Student",2009-02-25,2009-04-13,"Gulfport","MS","A",2009-04-03,71,2,"INTERNATIONAL BROTHERHOOD OF TEAMSTERS, LOCAL 891",47,NA,NA,NA,NA,9,56,"N",1,"N","INTERNATIONAL BROTHERHOOD OF TEAMSTERS, LOCAL 891","Initial","Single Labor Organization","Certific. of Representative","Closed","Included:  All full-time and regular part-time drivers and monitors who are employed at the Employer's terminals located at 700 Pass Road, Gulfport, Mississippi and 1023 Highway 90, Bay St. Louis, Mississippi 39520.   
Excluded:  All mechanics, dispatchers, office clerical employees, professional employees, confidential employees, guards, and supervisors as defined by the Act.",NA,NA,NA,37,2009-04-01,2009-01-01,"51-100",TRUE,"RC","Yes","INTERNATIONAL BROTHERHOOD OF TEAMSTERS, LOCAL 891",1,"Teamsters",0.839285714285714,"Yes",15
"15-RC-008784","Region 15, New Orleans, Louisiana","The Wackenhut Corp.",2009-02-18,2009-04-07,"Port Gibson","MS","A",2009-03-24,94,NA,"UNITED GOVERNMENT SECURITY OFFICERS OF AMERICA",22,NA,NA,NA,NA,0,22,"N",NA,"N","UNITED GOVERNMENT SECURITY OFFICERS OF AMERICA","Initial","Single Labor Organization","Certific. of Representative","Closed","Including all full-time and regular part-time security officers employed by the Employer at its Grand Gulf Nuclear Power Station facility located at Port Gibson, Mississippi.
Excluding all office clerical employees, professional employees, and supervisors as defined in the Act.",NA,NA,NA,34,2009-01-01,2009-01-01,"51-100",TRUE,"RC","Yes","UNITED GOVERNMENT SECURITY OFFICERS OF AMERICA",1,"UGSOA",1,"Yes",72
"15-RC-008784",NA,"The Wackenhut Corp.",2009-02-18,2009-04-07,"Port Gibson","MS","A",2009-03-24,94,0,"United Government Security Officers of America",22,NA,NA,NA,NA,0,22,"N",0,"N","United Government Security Officers of America","Initial","Single Labor Organization","Certific. of Representative","Closed",NA,NA,NA,NA,34,2009-01-01,2009-01-01,"51-100",FALSE,"RC","Yes","United Government Security Officers of America",1,"UGSOA",1,"Yes",72
NA,NA,NA,NA,NA,NA,NA,NA,NA,NA,NA,NA,NA,NA,NA,NA,NA,NA,NA,NA,NA,NA,NA,NA,NA,NA,NA,NA,NA,NA,NA,NA,NA,NA,NA,NA,NA,NA,NA,NA,NA,NA,NA,NA
"15-RC-008777","Region 15, New Orleans, Louisiana","Boeing Aerospace Operations, Inc.",2009-01-29,2009-03-12,"Jackson","MS","A",2009-03-02,13,NA,"INTERNATIONAL ASSOCIATION OF MACHINISTS AND AEROSPACE WORKERS, AFL-CIO",9,NA,NA,NA,NA,0,9,"N",NA,"N","INTERNATIONAL ASSOCIATION OF MACHINISTS AND AEROSPACE WORKERS, AFL-CIO","Initial","Single Labor Organization","Certific. of Representative","Closed","Included:  All full-time and regular part-time Pilot Instructors, Loadmaster Instructors, Simulator Maintenance Technicians, Schedulers and Administrative Specialists employed by the Employer at its Jackson Air National Guard Base, Mississippi facility.

Excluded:  All office clerical employees, guards and supervisors as defined in the Act, and all other employees.",NA,NA,NA,32,2009-01-01,2009-01-01,"11-25",TRUE,"RC","Yes","INTERNATIONAL ASSOCIATION OF MACHINISTS AND AEROSPACE WORKERS, AFL-CIO",1,"IAM",1,"Yes",4
"15-RC-008777",NA,"Boeing Aerospace Operations, Inc.",2009-01-29,2009-03-12,"Jackson","MS","A",2009-03-02,13,0,"International Association of Machinists and Aerospace Workers, AFL-CIO",9,NA,NA,NA,NA,0,9,"N",0,"N","International Association of Machinists and Aerospace Workers, AFL-CIO","Initial","Single Labor Organization","Certific. of Representative","Closed","Included:  All full-time and regular part-time Pilot Instructors, Loadmaster Instructors, Simulator Maintenance Technicians, Schedulers and Administrative Specialists employed by the Employer at its Jackson Air National Guard Base, Mississippi facility.

Excluded:  All office clerical employees, guards and supervisors as defined in the Act, and all other employees.",NA,NA,NA,32,2009-01-01,2009-01-01,"11-25",FALSE,"RC","Yes","International Association of Machinists and Aerospace Workers, AFL-CIO",1,"IAM",1,"Yes",4
"15-RC-008775","Region 15, New Orleans, Louisiana","Utility Partners LLC",2009-01-13,2009-03-09,"Moss Point","MS","A",2009-02-26,23,NA,"INTERNATIONAL BROTHERHOOD OF ELECTRICAL WORKERS LOCAL UNION NO. 733",9,NA,NA,NA,NA,13,22,"N",NA,"N",NA,"Initial","Single Labor Organization","Certification of Results","Closed","Included: All full-time and regular part-time Administrative Assistants, Crew Leaders, Electricians, Mechanics, Operators, Pipefitters, Secretaries and General Service Employees. Excluded:  Superintendents, professional employees, guards and supervisors as defined by the Act.",NA,NA,NA,44,2009-01-01,2009-01-01,"11-25",TRUE,"RC","Yes","INTERNATIONAL BROTHERHOOD OF ELECTRICAL WORKERS LOCAL UNION NO. 733",1,"IBEW",0.409090909090909,"No",1
NA,NA,NA,NA,NA,NA,NA,NA,NA,NA,NA,NA,NA,NA,NA,NA,NA,NA,NA,NA,NA,NA,NA,NA,NA,NA,NA,NA,NA,NA,NA,NA,NA,NA,NA,NA,NA,NA,NA,NA,NA,NA,NA,NA
"15-RC-008771","Region 15, New Orleans, Louisiana","Dyncorp International, LLC",2008-11-14,2008-12-15,"Jackson","MS","A",2008-12-03,2,NA,"INTERNATIONAL ASSOCIATION OF MACHINIST AND AEROSPACE WORKERS, AFL-CIO",2,NA,NA,NA,NA,0,2,"N",NA,"N","INTERNATIONAL ASSOCIATION OF MACHINIST AND AEROSPACE WORKERS, AFL-CIO","Initial","Single Labor Organization","Certific. of Representative","Closed","Including all full-time and regular part-time aircraft maintenance mechanics employed by the Employer at its facility located at 365 Shop Street, Jackson, Mississippi.
Excluding all office clerical employees, professional employees, managerial employees, guards, and supervisors as defined in the Act.",NA,NA,NA,19,2008-10-01,2008-10-01,"<5",TRUE,"RC","Yes","INTERNATIONAL ASSOCIATION OF MACHINIST AND AEROSPACE WORKERS, AFL-CIO",0,"Uncoded",1,"Yes",0
"15-RC-008771",NA,"Dyncorp International, LLC",2008-11-14,2008-12-15,"Jackson","MS","A",2008-12-03,2,0,"International Association of Machinist and Aerospace Workers, AFL-CIO",2,NA,NA,NA,NA,0,2,"N",0,"N","International Association of Machinist and Aerospace Workers, AFL-CIO","Initial","Single Labor Organization","Certific. of Representative","Closed","Including all full-time and regular part-time aircraft maintenance mechanics employed by the Employer at its facility located at 365 Shop Street, Jackson, Mississippi.
Excluding all office clerical employees, professional employees, managerial employees, guards, and supervisors as defined in the Act.",NA,NA,NA,19,2008-10-01,2008-10-01,"<5",FALSE,"RC","Yes","International Association of Machinist and Aerospace Workers, AFL-CIO",0,"Uncoded",1,"Yes",0
"15-RC-008770","Region 15, New Orleans, Louisiana","Security Consultants Group, Inc.",2008-10-16,2008-12-01,"Hattiesburgh","MS","A",2008-11-19,100,NA,"INTERNATIOANAL UNION, SECURITY, POLICE AND FIRE PROFESSIONALS OF AMERICA (SPFPA)",40,NA,NA,NA,NA,3,43,"N",2,"N","INTERNATIOANAL UNION, SECURITY, POLICE AND FIRE PROFESSIONALS OF AMERICA (SPFPA)","Initial","Single Labor Organization","Certific. of Representative","Closed","All full-time and part-time security officers as defined in Section 9(b)(3) of the National Labor Relations Act, as amended, employed by Security Consultants Group, Inc., at its FEMA contract sites in Mississippi and at the Federal Building in Hattiesburg, Mississippi; excluding all other employees, office clerical employees, professional employees and supervisors as defined in the Act.",NA,NA,NA,34,2008-10-01,2008-10-01,"51-100",TRUE,"RC","Yes","INTERNATIOANAL UNION, SECURITY, POLICE AND FIRE PROFESSIONALS OF AMERICA (SPFPA)",1,"SPFPA",0.930232558139535,"Yes",57
"15-RC-008769","Region 15, New Orleans, Louisiana","Security Consultants Group, Inc.",2008-09-30,2008-10-21,"Various","MS",NA,NA,45,NA,NA,NA,NA,NA,NA,NA,NA,NA,NA,NA,NA,NA,NA,NA,"Withdrawal Non-adjusted","Closed",NA,NA,NA,NA,NA,NA,2008-07-01,"26-50",TRUE,"RC","No",NA,0,"Uncoded",NA,"Other",NA
"15-RC-008767","Region 15, New Orleans, Louisiana","Securiguard Incorporated",2008-09-15,2008-10-27,"Meridian","MS","A",2008-10-16,34,NA,"INTERNATIONAL UNION, SECURITY, POLICE AND FIRE PROFESSIONALS OF AMERICA (SPFPA)",34,NA,NA,NA,NA,0,34,"N",NA,"N","INTERNATIONAL UNION, SECURITY, POLICE AND FIRE PROFESSIONALS OF AMERICA (SPFPA)","Initial","Single Labor Organization","Certific. of Representative","Closed","Included:  All full-time and regular part-time security officers, employed by the Employer, performing guard duties at the Naval Air Station (NAS) in Meridian, Mississippi; excluding all office clerical employees, professional employees, managerial employees, all other employees and supervisors as defined by the Act.",NA,NA,NA,31,2008-10-01,2008-07-01,"26-50",TRUE,"RC","Yes","INTERNATIONAL UNION, SECURITY, POLICE AND FIRE PROFESSIONALS OF AMERICA (SPFPA)",1,"SPFPA",1,"Yes",0
"15-RC-008767",NA,"Securiguard Incorporated",2008-09-15,2008-10-27,"Meridian","MS","A",2008-10-16,34,0,"International Union, Security, Police and Fire Professionals of America (SPFPA)",34,NA,NA,NA,NA,0,34,"N",0,"N","International Union, Security, Police and Fire Professionals of America (SPFPA)","Initial","Single Labor Organization","Certific. of Representative","Closed","Included:  All full-time and regular part-time security officers, employed by the Employer, performing guard duties at the Naval Air Station (NAS) in Meridian, Mississippi; excluding all office clerical employees, professional employees, managerial employees, all other employees and supervisors as defined by the Act.",NA,NA,NA,31,2008-10-01,2008-07-01,"26-50",FALSE,"RC","Yes","International Union, Security, Police and Fire Professionals of America (SPFPA)",1,"SPFPA",1,"Yes",0
"15-RC-008764","Region 15, New Orleans, Louisiana","First Student",2008-08-13,2008-09-29,"Yazoo City","MS","A",2008-09-18,45,NA,"INTERNATIONAL BROTHERHOOD OF TEAMSTERS, LOCAL 891",32,NA,NA,NA,NA,3,35,"N",1,"N","INTERNATIONAL BROTHERHOOD OF TEAMSTERS, LOCAL 891","Initial","Single Labor Organization","Certific. of Representative","Closed","All regular full time and part-time drivers, monitors, mechanics and lot employees for the Employer's Yazoo City, Mississippi operations, but excluding all dispatchers, office clerical employees, technicians-in-charge, managerial employees and profes",NA,NA,NA,36,2008-07-01,2008-07-01,"26-50",TRUE,"RC","Yes","INTERNATIONAL BROTHERHOOD OF TEAMSTERS, LOCAL 891",1,"Teamsters",0.914285714285714,"Yes",10
"15-RC-008765","Region 15, New Orleans, Louisiana","First Student, Inc.",2008-08-13,2008-09-26,"Canton","MS","A",2008-09-16,151,NA,"INTERNATIONAL BROTHERHOOD OF TEAMSTERS, LOCAL 891",100,NA,NA,NA,NA,7,107,"N",2,"N","INTERNATIONAL BROTHERHOOD OF TEAMSTERS, LOCAL 891","Initial","Single Labor Organization","Certific. of Representative","Closed","All regular full time and part-time drivrs, monitors, mechanics and lot employees for the Employer's Canton, Mississippi operations, but excluding all dispatchers, office clerical employees, technicians-in-charge, managerial employees and professional employees, guards and supervisors as defined in the Act.",NA,NA,NA,34,2008-07-01,2008-07-01,"101-500",TRUE,"RC","Yes","INTERNATIONAL BROTHERHOOD OF TEAMSTERS, LOCAL 891",1,"Teamsters",0.934579439252336,"Yes",44
"15-RC-008766","Region 15, New Orleans, Louisiana","First Student",2008-08-13,2008-09-22,"Raymond","MS","A",2008-09-12,124,NA,"INTERNATIONAL BROTHERHOOD OF TEAMSTERS, LOCAL 891",81,NA,NA,NA,NA,0,81,"N",1,"N","INTERNATIONAL BROTHERHOOD OF TEAMSTERS, LOCAL 891","Initial","Single Labor Organization","Certific. of Representative","Closed","All regular full time and part-time drivers, monitors, mechanics and lot employees for the Emloyer's Raymond, Mississippi operations, but excluding all dispatchers, office clerical employees, technicians-in-charge, managerial employees and profession",NA,NA,NA,30,2008-07-01,2008-07-01,"101-500",TRUE,"RC","Yes","INTERNATIONAL BROTHERHOOD OF TEAMSTERS, LOCAL 891",1,"Teamsters",1,"Yes",43
NA,NA,NA,NA,NA,NA,NA,NA,NA,NA,NA,NA,NA,NA,NA,NA,NA,NA,NA,NA,NA,NA,NA,NA,NA,NA,NA,NA,NA,NA,NA,NA,NA,NA,NA,NA,NA,NA,NA,NA,NA,NA,NA,NA
"15-UC-000159","Region 15, New Orleans, Louisiana","Howard Industries, Inc.",2008-08-06,2008-11-25,"Laurel","MS",NA,NA,2500,NA,NA,NA,NA,NA,NA,NA,NA,NA,NA,NA,NA,NA,NA,NA,"Withdrawal Non-adjusted","Closed",NA,NA,NA,NA,NA,NA,2008-07-01,"500>",TRUE,"UC","No",NA,0,"Uncoded",NA,"Other",NA
"15-RC-008762","Region 15, New Orleans, Louisiana","Howard Industries",2008-07-30,2008-07-31,"Laurel","MS",NA,NA,64,NA,NA,NA,NA,NA,NA,NA,NA,NA,NA,NA,NA,NA,NA,NA,"Withdrawal Non-adjusted","Closed",NA,NA,NA,NA,NA,NA,2008-07-01,"51-100",TRUE,"RC","No",NA,0,"Uncoded",NA,"Other",NA
NA,NA,NA,NA,NA,NA,NA,NA,NA,NA,NA,NA,NA,NA,NA,NA,NA,NA,NA,NA,NA,NA,NA,NA,NA,NA,NA,NA,NA,NA,NA,NA,NA,NA,NA,NA,NA,NA,NA,NA,NA,NA,NA,NA
"15-RC-008756","Region 15, New Orleans, Louisiana","Northrup Gruman Ship Systems, Inc.",2008-06-20,2008-08-21,"Pascagoula","MS","A",2008-08-11,97,NA,"INTERNATIONAL ASSOCIATION OF MACHINISTS AND AEROSPACE WORKERS, AFL-CIO",50,NA,NA,NA,NA,43,93,"N",1,"N","INTERNATIONAL ASSOCIATION OF MACHINISTS AND AEROSPACE WORKERS, AFL-CIO","Initial","Single Labor Organization","Certific. of Representative","Closed","INCLUDED:  All full-time and regular part-time quality and assurance inspectors and tech inspectors in the QA department at the Employer's Pascagoula, Mississippi facility.  
EXCLUDED:  All office clerical employees, professional employees, manageri",NA,NA,NA,52,2008-07-01,2008-04-01,"51-100",TRUE,"RC","Yes","INTERNATIONAL ASSOCIATION OF MACHINISTS AND AEROSPACE WORKERS, AFL-CIO",1,"IAM",0.537634408602151,"Yes",4
"15-RC-008747","Region 15, New Orleans, Louisiana","Aramark Uniforms",2008-05-01,2008-06-23,"Meridian","MS","A",2008-06-11,9,NA,"INTERNATIONAL BROTHERHOOD OF TEAMSTERS LOCAL UNION 891",0,NA,NA,NA,NA,9,9,"N",NA,"N",NA,"Initial","Single Labor Organization","Certification of Results","Closed","Including all drivers and route service representatives employed by the Employer at its facility in Meridian, Mississippi;
Excluding all office Clerical Employees, Professional Employees, Managerial Employees, Guards, and Supervisors as defined in t",NA,NA,NA,41,2008-04-01,2008-04-01,"6-10",TRUE,"RC","Yes","INTERNATIONAL BROTHERHOOD OF TEAMSTERS LOCAL UNION 891",1,"Teamsters",0,"No",0
"15-RC-008747",NA,"Aramark Uniforms",2008-05-01,2008-06-23,"Meridian","MS","A",2008-06-11,9,0,"International Brotherhood of Teamsters Local Union 891",0,NA,NA,NA,NA,9,9,"N",0,"N",NA,"Initial","Single Labor Organization","Certification of Results","Closed","Including all drivers and route service representatives employed by the Employer at its facility in Meridian, Mississippi;
Excluding all office Clerical Employees, Professional Employees, Managerial Employees, Guards, and Supervisors as defined in the Act.",NA,NA,NA,41,2008-04-01,2008-04-01,"6-10",FALSE,"RC","Yes","International Brotherhood of Teamsters Local Union 891",1,"Teamsters",0,"No",0
"15-RC-008746","Region 15, New Orleans, Louisiana","Southeastern Protective Services",2008-04-30,2008-06-09,"Biloxi","MS","A",2008-05-30,32,NA,"INTERNATIONAL UNION, SECURITY, POLICE AND FIRE PROFESSIONALS OF AMERICA (SPFPA)",25,NA,NA,NA,NA,0,25,"N",NA,"N","INTERNATIONAL UNION, SECURITY, POLICE AND FIRE PROFESSIONALS OF AMERICA (SPFPA)","Initial","Single Labor Organization","Certific. of Representative","Closed","INCLUDED: All full-time and regular part-time security officers employed by Southeastern Protection Services, Inc. to provide security at the Keesler Air Force Base under the terms of any Federal Government's Department of Defense (DOD) contract with",NA,NA,NA,30,2008-04-01,2008-04-01,"26-50",TRUE,"RC","Yes","INTERNATIONAL UNION, SECURITY, POLICE AND FIRE PROFESSIONALS OF AMERICA (SPFPA)",1,"SPFPA",1,"Yes",7
"26-RD-001151","Region 15, New Orleans, Louisiana","Sears Logistics Services, Inc.",2008-04-23,2008-06-11,"Olive Branch","MS","A",2008-06-03,97,1,"IUE-CWA, LOCAL 282FW, AFL-CIO",35,NA,NA,NA,NA,50,85,"N",NA,"N",NA,"Initial","Single Labor Organization","Certification of Results","Closed","Included:  All full-time and regular part-time merchandise handlers, certified merchandise handlers, warehouse associates, plant clerical associates, maintenance associates, and maintenance mechanics employed by the Employer at its Olive Branch, Miss",NA,NA,NA,41,2008-04-01,2008-04-01,"51-100",TRUE,"RD","Yes","IUE-CWA, LOCAL 282FW, AFL-CIO",1,"CWA",0.411764705882353,"No",12
"26-RC-008552","Region 15, New Orleans, Louisiana","Southwark Metal Manufacturing Company",2008-03-12,2008-05-05,"Southhaven","MS","A",2008-04-25,112,NA,"SHEET METAL WORKERS LOCAL 4",39,NA,NA,NA,NA,69,108,"N",3,"N",NA,"Initial","Single Labor Organization","Certification of Results","Closed","Included:  All full-time and regular part-time production employees, maintenance employees, truck drivers                 and all other hourly employees except those specifically listed below.

Excluded:  All professional employees, office clerical",NA,NA,NA,44,2008-04-01,2008-01-01,"101-500",TRUE,"RC","Yes","SHEET METAL WORKERS LOCAL 4",1,"SMART",0.361111111111111,"No",4
"15-RC-008737","Region 15, New Orleans, Louisiana","Science Applications International Corporation",2008-03-07,2008-05-09,"Stennis Space Center","MS",NA,NA,52,NA,NA,NA,NA,NA,NA,NA,NA,NA,NA,NA,NA,NA,NA,NA,"Withdrawal Non-adjusted","Closed",NA,NA,NA,NA,NA,NA,2008-01-01,"51-100",TRUE,"RC","No",NA,0,"Uncoded",NA,"Other",NA
"15-RC-008734","Region 15, New Orleans, Louisiana","Johnson Controls, Inc.",2008-02-11,2009-06-24,"Madison","MS","A",2008-03-14,374,NA,"INTERNATIONAL UNION, UNITED AUTOMOBILE, AEROSPACE & AGRICULTURAL IMPLEMENT WORKERS OF AMERICA, UAW",145,NA,NA,NA,NA,213,358,"N",1,"N",NA,"Initial","Single Labor Organization","Withdrawal Non-adjusted","Closed","INCLUDED: All full-time and regular part-time production and maintenance employees, including production employees, materials employees, quality employees, maintenance employees and team leaders, employed by the Employer at its facility located at 27",NA,NA,NA,32,2008-01-01,2008-01-01,"101-500",TRUE,"RC","Yes","INTERNATIONAL UNION, UNITED AUTOMOBILE, AEROSPACE & AGRICULTURAL IMPLEMENT WORKERS OF AMERICA, UAW",1,"UAW",0.405027932960894,"Other",16
"15-RC-008734",NA,"Johnson Controls, Inc.",2008-02-11,2009-06-24,"Madison","MS","A",2008-03-14,374,0,"International Union, United Automobile, Aerospace & Agricultural Implement Workers of America, UAW",145,NA,NA,NA,NA,213,358,"N",1,"N",NA,"Initial","Single Labor Organization","Withdrawal","Closed","INCLUDED: All full-time and regular part-time production and maintenance employees, including production employees, materials employees, quality employees, maintenance employees and team leaders, employed by the Employer at its facility located at 272 Old Jackson Rd., Madison, Mississippi.

EXCLUDED: All other employees, temporary employees, office clerical employees, professional employees, managerial employees, guards and supervisors as defined in the Act.",NA,NA,NA,32,2008-01-01,2008-01-01,"101-500",FALSE,"RC","Yes","International Union, United Automobile, Aerospace & Agricultural Implement Workers of America, UAW",1,"UAW",0.405027932960894,"Other",16
"26-RC-008549","Region 15, New Orleans, Louisiana","Southeastern Protective Services, Inc.",2008-01-23,2008-03-20,"Columbus","MS","A",2008-03-12,36,3,"INTERNATIONAL UNION, SECURITY, POLICE AND FIRE PROFESSIONALS OF AMERICA (SPFPA)",25,NA,NA,NA,NA,0,25,"N",NA,"N","INTERNATIONAL UNION, SECURITY, POLICE AND FIRE PROFESSIONALS OF AMERICA (SPFPA)","Initial","Single Labor Organization","Certific. of Representative","Closed","Included:  All fulll-time and regular part-time security officers performing guard duties as defined in Section 9(b)(3) of the National Labor Relations Act employed by Southeastern Protective Services, Inc. at Columbus Air Force Base in Columbus, Mis",NA,NA,NA,49,2008-01-01,2008-01-01,"26-50",TRUE,"RC","Yes","INTERNATIONAL UNION, SECURITY, POLICE AND FIRE PROFESSIONALS OF AMERICA (SPFPA)",1,"SPFPA",1,"Yes",11
"15-RC-008730","Region 15, New Orleans, Louisiana","Howard Industries",2008-01-23,2008-06-03,"Ellisville","MS","A",2008-03-04,28,NA,"INTERNATIONAL BROTHERHOOD OF ELECTRICAL WORKERS LOCAL 1317",6,NA,NA,NA,NA,19,25,"N",1,"N",NA,"Initial","Single Labor Organization","Certification of Results","Closed","Included:  All full-time and regular part-time Assemblers, Pack Out, Repair Technicians, and Shipping/Receiving Personnel employed at the Technology Solutions Plant located at 32 Howard Drive, Ellisville, Mississippi 39437.
Excluded:  All other empl",NA,NA,NA,41,2008-01-01,2008-01-01,"26-50",TRUE,"RC","Yes","INTERNATIONAL BROTHERHOOD OF ELECTRICAL WORKERS LOCAL 1317",1,"IBEW",0.24,"No",3
"15-RC-008728","Region 15, New Orleans, Louisiana","Jackson Public Transportation Company",2008-01-22,2008-01-30,"Jackson","MS",NA,NA,3,NA,NA,NA,NA,NA,NA,NA,NA,NA,NA,NA,NA,NA,NA,NA,"Withdrawal Non-adjusted","Closed",NA,NA,NA,NA,NA,NA,2008-01-01,"<5",TRUE,"RC","No",NA,0,"Uncoded",NA,"Other",NA
"15-UC-000156","Region 15, New Orleans, Louisiana","Jackson Public Transportation Company Inc",2008-01-17,2008-01-22,"Jackson","MS",NA,NA,3,NA,NA,NA,NA,NA,NA,NA,NA,NA,NA,NA,NA,NA,NA,NA,"Withdrawal Non-adjusted","Closed",NA,NA,NA,NA,NA,NA,2008-01-01,"<5",TRUE,"UC","No",NA,0,"Uncoded",NA,"Other",NA
"15-RC-008727","Region 15, New Orleans, Louisiana","Jackson Transportation Company, Inc.",2008-01-11,2008-01-22,"Jackson","MS",NA,NA,3,NA,NA,NA,NA,NA,NA,NA,NA,NA,NA,NA,NA,NA,NA,NA,"Withdrawal Non-adjusted","Closed",NA,NA,NA,NA,NA,NA,2008-01-01,"<5",TRUE,"RC","No",NA,0,"Uncoded",NA,"Other",NA
NA,NA,NA,NA,NA,NA,NA,NA,NA,NA,NA,NA,NA,NA,NA,NA,NA,NA,NA,NA,NA,NA,NA,NA,NA,NA,NA,NA,NA,NA,NA,NA,NA,NA,NA,NA,NA,NA,NA,NA,NA,NA,NA,NA
NA,NA,NA,NA,NA,NA,NA,NA,NA,NA,NA,NA,NA,NA,NA,NA,NA,NA,NA,NA,NA,NA,NA,NA,NA,NA,NA,NA,NA,NA,NA,NA,NA,NA,NA,NA,NA,NA,NA,NA,NA,NA,NA,NA
"15-RC-008725","Region 15, New Orleans, Louisiana","Howard Industries",2007-12-21,2008-08-25,"Ellisville","MS","A",2008-02-01,78,2,"INTERNATIONAL BROTHERHOOD OF ELECTRICAL WORKERS LOCAL 1317",37,NA,NA,NA,NA,35,72,"N",NA,"N","INTERNATIONAL BROTHERHOOD OF ELECTRICAL WORKERS LOCAL 1317","Initial","Single Labor Organization","Certific. of Representative","Closed","Included:  All full-time and regular part-time Assemblers, Lacers, Welders, Coil Winders, Stackers, Receiving, Painters and Wiremen employed at the Employer's facility located at 1520 Highway 11 South, Ellisville, Mississippi.

Excluded: All other",NA,NA,NA,42,2008-01-01,2007-10-01,"51-100",TRUE,"RC","Yes","INTERNATIONAL BROTHERHOOD OF ELECTRICAL WORKERS LOCAL 1317",1,"IBEW",0.513888888888889,"Yes",6
NA,NA,NA,NA,NA,NA,NA,NA,NA,NA,NA,NA,NA,NA,NA,NA,NA,NA,NA,NA,NA,NA,NA,NA,NA,NA,NA,NA,NA,NA,NA,NA,NA,NA,NA,NA,NA,NA,NA,NA,NA,NA,NA,NA
"15-UC-000155","Region 15, New Orleans, Louisiana","Howard Industries, Inc.",2007-09-27,2007-11-13,"Laurel","MS",NA,NA,2500,NA,NA,NA,NA,NA,NA,NA,NA,NA,NA,NA,NA,NA,NA,NA,"Withdrawal Non-adjusted","Closed",NA,NA,NA,NA,NA,NA,2007-07-01,"500>",TRUE,"UC","No",NA,0,"Uncoded",NA,"Other",NA
NA,NA,NA,NA,NA,NA,NA,NA,NA,NA,NA,NA,NA,NA,NA,NA,NA,NA,NA,NA,NA,NA,NA,NA,NA,NA,NA,NA,NA,NA,NA,NA,NA,NA,NA,NA,NA,NA,NA,NA,NA,NA,NA,NA
"15-RD-000902","Region 15, New Orleans, Louisiana","Wilkinson County Nursing Ctr.",2007-08-20,2007-09-29,"Centreville","MS",NA,NA,72,NA,NA,NA,NA,NA,NA,NA,NA,NA,NA,NA,NA,NA,NA,NA,"Withdrawal Non-adjusted","Closed",NA,NA,NA,NA,NA,NA,2007-07-01,"51-100",TRUE,"RD","No",NA,0,"Uncoded",NA,"Other",NA
"15-RC-008704","Region 15, New Orleans, Louisiana","FlightSafety Services Corporation",2007-06-12,2007-07-20,"Meridian","MS","A",2007-07-10,3,NA,"INTERNATIONAL ASSOCIATION OF MACHINISTS AND AEROSPACE WORKERS, AFL-CIO",3,NA,NA,NA,NA,0,3,"N",NA,"N","INTERNATIONAL ASSOCIATION OF MACHINISTS AND AEROSPACE WORKERS, AFL-CIO","Initial","Single Labor Organization","Certific. of Representative","Closed","All full-time and regular part-time employees including Simulator Maintenance Technician I, II, and III employed by the Employer at the Meridian Air National Guard base in Meridian, Mississippi; excluding all office clerical employees, professional e",NA,NA,NA,28,2007-07-01,2007-04-01,"<5",TRUE,"RC","Yes","INTERNATIONAL ASSOCIATION OF MACHINISTS AND AEROSPACE WORKERS, AFL-CIO",1,"IAM",1,"Yes",0
"15-RC-008704",NA,"FlightSafety Services Corporation",2007-06-12,2007-07-20,"Meridian","MS","A",2007-07-10,3,0,"International Association of Machinists and Aerospace Workers, AFL-CIO",3,NA,NA,NA,NA,0,3,"N",0,"N","International Association of Machinists and Aerospace Workers, AFL-CIO","Initial","Single Labor Organization","Certific. of Representative","Closed","All full-time and regular part-time employees including Simulator Maintenance Technician I, II, and III employed by the Employer at the Meridian Air National Guard base in Meridian, Mississippi; excluding all office clerical employees, professional employees, managerial employees, guards and supervisors as defined by the Act.",NA,NA,NA,28,2007-07-01,2007-04-01,"<5",FALSE,"RC","Yes","International Association of Machinists and Aerospace Workers, AFL-CIO",1,"IAM",1,"Yes",0
"15-RC-008703","Region 15, New Orleans, Louisiana","The Wackenhut Corporation",2007-06-07,2007-06-18,"Port Gibson","MS",NA,NA,120,NA,NA,NA,NA,NA,NA,NA,NA,NA,NA,NA,NA,NA,NA,NA,"Withdrawal Non-adjusted","Closed",NA,NA,NA,NA,NA,NA,2007-04-01,"101-500",TRUE,"RC","No",NA,0,"Uncoded",NA,"Other",NA
"15-RC-008698","Region 15, New Orleans, Louisiana","Standex Air Distribution Products, Inc. d/b/a Alco Manufacturing",2007-05-02,2008-02-11,"Hattiesburg","MS","A",2008-01-30,51,NA,"SHEETMETAL WORKER'S LOCAL 214 NEW ORLEANS AREA",35,NA,NA,NA,NA,16,51,"N",NA,"N","SHEETMETAL WORKER'S LOCAL 214 NEW ORLEANS AREA","Rerun","Single Labor Organization","Certific. of Representative","Closed","Included: All regular hourly production, maintenance, shipping and material handling employees, including lead persons, employed by the Employer at its Hattiesburg, Mississippi facility.

Excluded: All office clerical employees, truck drivers, temp",NA,NA,NA,273,2008-01-01,2007-04-01,"51-100",TRUE,"RC","Yes","SHEETMETAL WORKER'S LOCAL 214 NEW ORLEANS AREA",0,"Uncoded",0.686274509803922,"Yes",0
"15-RC-008698","Region 15, New Orleans, Louisiana","Standex Air Distribution Products, Inc. d/b/a Alco Manufacturing",2007-05-02,2008-02-11,"Hattiesburg","MS","A",2007-06-13,67,NA,"SHEETMETAL WORKER'S LOCAL 214 NEW ORLEANS AREA",30,NA,NA,NA,NA,33,63,"N",1,"N",NA,"Initial","Single Labor Organization","Certific. of Representative","Closed","Included: All regular hourly production, maintenance, shipping and material handling employees, including lead persons, employed by the Employer at its Hattiesburg, Mississippi facility.

Excluded: All office clerical employees, truck drivers, temp",NA,NA,NA,42,2007-04-01,2007-04-01,"51-100",FALSE,"RC","Yes","SHEETMETAL WORKER'S LOCAL 214 NEW ORLEANS AREA",0,"Uncoded",0.476190476190476,"Yes",4
"26-RC-008521","Region 15, New Orleans, Louisiana","Flight Safety Services Corporation",2007-04-18,2007-05-18,"Columbus AFB","MS","A",2007-05-09,11,NA,"IAM, AFL-CIO",10,NA,NA,NA,NA,1,11,"N",NA,"N","IAM, AFL-CIO","Initial","Single Labor Organization","Certific. of Representative","Closed","All full-time and regular part-time electronic tech I, II and III, and computer tech/proctors employed by the Employer at its Columbus AFB facility 

EXCLUDING office clerical and professional employees, guards and supervisors as defined in the Act",NA,NA,NA,21,2007-04-01,2007-04-01,"11-25",TRUE,"RC","Yes","IAM, AFL-CIO",1,"IAM",0.909090909090909,"Yes",0
"15-RC-008689","Region 15, New Orleans, Louisiana","Shoemake Paint Inc.",2007-03-01,2007-03-09,"Gulfport","MS",NA,NA,18,NA,NA,NA,NA,NA,NA,NA,NA,NA,NA,NA,NA,NA,NA,NA,"Withdrawal Non-adjusted","Closed",NA,NA,NA,NA,NA,NA,2007-01-01,"11-25",TRUE,"RC","No",NA,0,"Uncoded",NA,"Other",NA
"15-RC-008686","Region 15, New Orleans, Louisiana","Shoemake Painting Inc",2007-02-09,2007-02-22,"Gulfport","MS",NA,NA,20,NA,NA,NA,NA,NA,NA,NA,NA,NA,NA,NA,NA,NA,NA,NA,"Withdrawal Non-adjusted","Closed",NA,NA,NA,NA,NA,NA,2007-01-01,"11-25",TRUE,"RC","No",NA,0,"Uncoded",NA,"Other",NA
NA,NA,NA,NA,NA,NA,NA,NA,NA,NA,NA,NA,NA,NA,NA,NA,NA,NA,NA,NA,NA,NA,NA,NA,NA,NA,NA,NA,NA,NA,NA,NA,NA,NA,NA,NA,NA,NA,NA,NA,NA,NA,NA,NA
"26-RC-008516","Region 15, New Orleans, Louisiana","Roseburg Forest Products Company",2007-01-17,2007-03-05,"Eupora","MS","A",2007-02-23,29,NA,"UNITED STEEL, PAPER AND FORESTRY, RUBBER, MANUFACTURING, ENERGY, ALLIED INDUSTRIAL AND SERVICE WORKE",12,NA,NA,NA,NA,16,28,"N",NA,"N",NA,"Initial","Single Labor Organization","Certification of Results","Closed","Included:  All production and maintenance employees, including Cut-to-Size manufacturing employees, employed by the Employer at its Europa, Mississippi facility

Excluded:  All office clerical employees, managers, guards, and supervisors as defin",NA,NA,NA,37,2007-01-01,2007-01-01,"26-50",TRUE,"RC","Yes","UNITED STEEL, PAPER AND FORESTRY, RUBBER, MANUFACTURING, ENERGY, ALLIED INDUSTRIAL AND SERVICE WORKE",1,"USW",0.428571428571429,"No",1
"26-RC-008515","Region 15, New Orleans, Louisiana","Southfresh Aquaculture, LLC",2007-01-12,2007-05-11,"Indianola","MS",NA,NA,130,NA,NA,NA,NA,NA,NA,NA,NA,NA,NA,NA,NA,NA,NA,NA,"Withdrawal Non-adjusted","Closed",NA,NA,NA,NA,NA,NA,2007-01-01,"101-500",TRUE,"RC","No",NA,0,"Uncoded",NA,"Other",NA
"26-RC-008513","Region 15, New Orleans, Louisiana","Fitzgerald's Casino & Hotel",2006-11-27,2007-01-23,"Tunica","MS","A",2007-01-13,178,NA,"UNITED STEEL, PAPER AND FORESTRY, RUBBER, MANUFACTURING, ENERGY, ALLIED INDUSTRIAL AND SERVICE WORKE",67,NA,NA,NA,NA,96,163,"N",NA,"N",NA,"Initial","Single Labor Organization","Certification of Results","Closed","Included:  All full-time and part-time casino dealers and dual-rate dealers employed by the Employer at its Tunica, Mississippi facility.

Excluded:  All office clerical employees, professional employees, guards and supervisors as defined in the Na",NA,NA,NA,47,2007-01-01,2006-10-01,"101-500",TRUE,"RC","Yes","UNITED STEEL, PAPER AND FORESTRY, RUBBER, MANUFACTURING, ENERGY, ALLIED INDUSTRIAL AND SERVICE WORKE",1,"USW",0.411042944785276,"No",15
NA,NA,NA,NA,NA,NA,NA,NA,NA,NA,NA,NA,NA,NA,NA,NA,NA,NA,NA,NA,NA,NA,NA,NA,NA,NA,NA,NA,NA,NA,NA,NA,NA,NA,NA,NA,NA,NA,NA,NA,NA,NA,NA,NA
NA,NA,NA,NA,NA,NA,NA,NA,NA,NA,NA,NA,NA,NA,NA,NA,NA,NA,NA,NA,NA,NA,NA,NA,NA,NA,NA,NA,NA,NA,NA,NA,NA,NA,NA,NA,NA,NA,NA,NA,NA,NA,NA,NA
NA,NA,NA,NA,NA,NA,NA,NA,NA,NA,NA,NA,NA,NA,NA,NA,NA,NA,NA,NA,NA,NA,NA,NA,NA,NA,NA,NA,NA,NA,NA,NA,NA,NA,NA,NA,NA,NA,NA,NA,NA,NA,NA,NA
"15-RC-008681",NA,"Entergy Operations, Inc.",2006-09-28,2006-11-20,"Port Gibson","MS","A",2006-11-09,28,0,"International Brotherhood of Electrical Workers,  Local 605",15,NA,NA,NA,NA,13,28,"N",0,"N","International Brotherhood of Electrical Workers,  Local 605","Initial","Single Labor Organization","Certific. of Representative","Closed","Included:  All Administrative Specialists reporting within Administrative Services at Grand Gulf Nuclear Power Station and employed by Entrgy Operations Inc.

Excluded:  All professional employees, guards and supervisors as defined by the Act.",NA,NA,NA,42,2006-10-01,2006-07-01,"26-50",TRUE,"RC","Yes","International Brotherhood of Electrical Workers,  Local 605",1,"IBEW",0.535714285714286,"Yes",0
NA,NA,NA,NA,NA,NA,NA,NA,NA,NA,NA,NA,NA,NA,NA,NA,NA,NA,NA,NA,NA,NA,NA,NA,NA,NA,NA,NA,NA,NA,NA,NA,NA,NA,NA,NA,NA,NA,NA,NA,NA,NA,NA,NA
NA,NA,NA,NA,NA,NA,NA,NA,NA,NA,NA,NA,NA,NA,NA,NA,NA,NA,NA,NA,NA,NA,NA,NA,NA,NA,NA,NA,NA,NA,NA,NA,NA,NA,NA,NA,NA,NA,NA,NA,NA,NA,NA,NA
"15-RC-008675",NA,"Entergy Operations, Inc.",2006-08-21,2006-10-10,"Port Gibson","MS","A",2006-09-28,10,0,"International Brotherhood of Electrical Workers Local 605",7,NA,NA,NA,NA,3,10,"N",0,"N","International Brotherhood of Electrical Workers Local 605","Initial","Single Labor Organization","Certific. of Representative","Closed","Included: All Planners employed by Entergy Operations, Inc., at Grand Gulf Nuclear Power Station in Port Gibson, Mississippi; Excluded: All office clerical employees, guards and supervisors as defined by the Act.",NA,NA,NA,38,2006-07-01,2006-07-01,"6-10",TRUE,"RC","Yes","International Brotherhood of Electrical Workers Local 605",1,"IBEW",0.7,"Yes",0
"15-RC-008669",NA,"Operations Technologies",2006-07-25,2006-09-18,"Pascagoula","MS","A",2006-09-06,47,0,"IBEW Local Union No. 733",27,NA,NA,NA,NA,10,37,"N",0,"N","IBEW Local Union No. 733","Initial","Single Labor Organization","Certific. of Representative","Closed","Included: All full-time employees, employed by the Employer, at its Pascagoula, Mississippi location in the following classifications: Street Division: Labor Crew Leader II, Labor Crew Leader !, Motor Equipment Operator III, Motor Equipment II, Motor Equipment Operator I, Laborer II, Laborer I; Property Maintenance Division: Painter, Laborer II, Laborer I, Electrician, Motor Equipment Operator III; Beautification Division: Landscape Crew Leader, Laborer I; Solid Waste Division: Solid Waste Crew Leader, Motor Equipment Operator II, Laborer I; Pipe Fitter Division: Laborer II, Laborer I; Sewer Operations Division: Labor Crew Leader II, Labor Crew Leader I, Motor Equipment Operator II, Laborer I; Gas Operations Division: Labor Crew Leader I, Gas Pipe Fitter/Welder, Pipe Fitter; Electrical Division: Electrical/Mechanical Technician, Motor Equipment Operator II; Excluded:  Clerical, Guards, Supervisors as defined by the Act.",NA,NA,NA,43,2006-07-01,2006-07-01,"26-50",TRUE,"RC","Yes","IBEW Local Union No. 733",1,"IBEW",0.72972972972973,"Yes",10
"15-RC-008664",NA,"Sverdrup Technology, Inc., Engineering Research and Consulting, Incorporated, and Smith Research Support and Development Corp.",2006-06-01,2006-07-24,"Stennis Space Center","MS","A",2006-07-13,121,0,"International Association of Machinists and Aerospace Workers, AFL-CIO",65,NA,NA,NA,NA,50,115,"N",1,"N","International Association of Machinists and Aerospace Workers, AFL-CIO","Initial","Single Labor Organization","Certific. of Representative","Closed","Included
All regular full-time and part-time production and maintenance employees, including all technicians, quality assurance employees, plant clerical employees and warehouse employees, employed by Sverdrup, ERC and SRC, a single-integrated enterprise at the John C. Stennis Space Center d/b/a NTOG, including, but not limited to, A/B/E Complex Technicians III, A/B/E Complex Technicians Cryo, A/B/E Complex Technicians III Cryo, A/B/E Complex Technicians III Electrical, A/B/E Complex Technicians Electrical Lead, A/B/E Complex Technicians II Mechanical, A/B/E Complex Technicians III Mechanical, A/B/E Complex Technicians Mechanical Lead, Computer Operators, Computer Programmers, Customer Service Professionals, Electrical Engineering Specialists, Engineering Associates, Engineering Technicians, Engineering Technicians II, Engineering Technicians III, Engineering Technicians IV, Facilitators, Mechanical Engineering Specialists, Multimedia Specialists, Planner/Schedulers, Programmer Analysts, Quality Specialists, Safety Specialists, Science Professionals, Secretaries III, Senior Engineering Associate 1s, Systems Analysts, Test Complex Technicians Senior Mechanical, Test Complex Technicians Senior Electrical, Test Complex Technicians Senior, Test Complex Technicians Electrical, and Test Complex Technicians Mechanical, but excluding office clerical employees, managers, and guards, professional employees and supervisors as defined in the Act.",NA,NA,NA,42,2006-07-01,2006-04-01,"101-500",TRUE,"RC","Yes","International Association of Machinists and Aerospace Workers, AFL-CIO",1,"IAM",0.565217391304348,"Yes",6
NA,NA,NA,NA,NA,NA,NA,NA,NA,NA,NA,NA,NA,NA,NA,NA,NA,NA,NA,NA,NA,NA,NA,NA,NA,NA,NA,NA,NA,NA,NA,NA,NA,NA,NA,NA,NA,NA,NA,NA,NA,NA,NA,NA
"15-RC-008660",NA,"M1 Support Services, L.P.",2006-05-23,2006-07-03,"Biloxi","MS","A",2006-06-22,2,0,"International Association of Machinists and Aerospace Workers, AFL-CIO",2,NA,NA,NA,NA,0,2,"N",0,"N","International Association of Machinists and Aerospace Workers, AFL-CIO","Initial","Single Labor Organization","Certific. of Representative","Closed","Included: All full-time and regular part-time aircraft mechanics, aircraft workers, and aircraft servicers employed at the Employer's Keesler AFB facility; Excluded: All office clerical employees, professional employees, managerial employees, guards and supervisors as defined in the Act.",NA,NA,NA,30,2006-04-01,2006-04-01,"<5",TRUE,"RC","Yes","International Association of Machinists and Aerospace Workers, AFL-CIO",1,"IAM",1,"Yes",0
"15-RC-008659",NA,"Computer Sciences Corporation",2006-05-23,2006-07-03,"Biloxi","MS","A",2006-06-22,4,0,"International Association of Machinists and Aerospace Workers, AFL-CIO",4,NA,NA,NA,NA,0,4,"N",0,"N","International Association of Machinists and Aerospace Workers, AFL-CIO","Initial","Single Labor Organization","Certific. of Representative","Closed","Included: All full-time and regular part-time aircraft mechanics, aircraft workers, and aircraft servicers emplohed at the Employer's Keesler AFB facility; Excluded: All office/clerical employees, professional employees, managerial employees, guards and supervisors as defined in the Act.",NA,NA,NA,30,2006-04-01,2006-04-01,"<5",TRUE,"RC","Yes","International Association of Machinists and Aerospace Workers, AFL-CIO",1,"IAM",1,"Yes",0
NA,NA,NA,NA,NA,NA,NA,NA,NA,NA,NA,NA,NA,NA,NA,NA,NA,NA,NA,NA,NA,NA,NA,NA,NA,NA,NA,NA,NA,NA,NA,NA,NA,NA,NA,NA,NA,NA,NA,NA,NA,NA,NA,NA
NA,NA,NA,NA,NA,NA,NA,NA,NA,NA,NA,NA,NA,NA,NA,NA,NA,NA,NA,NA,NA,NA,NA,NA,NA,NA,NA,NA,NA,NA,NA,NA,NA,NA,NA,NA,NA,NA,NA,NA,NA,NA,NA,NA
"26-RD-001126",NA,"Bishop Steel",2005-10-11,2005-11-28,"Southaven","MS","A",2005-11-16,10,0,"Ironworkers Local 167",2,NA,NA,NA,NA,4,6,"N",1,"N",NA,"Initial","Single Labor Organization","Certification of Results","Closed","Included:  All full and regular part-time journeymen and apprentice ironworkers, including job classifications of architectural and ornamental machinery movers, erectors and riggers, reinforcing ironworker, structural stone derrick man, welders, fence erectors and sheeters, employed by the Employer at its 1332 Rasco Road, Suite 344, Southaven, Mississippi location.

Excluded:  all other employees, office clerical employees, guards and supervisors as defined in the Act.",NA,NA,NA,36,2005-10-01,2005-10-01,"6-10",TRUE,"RD","Yes","Ironworkers Local 167",1,"Ironworkers",0.333333333333333,"No",4
NA,NA,NA,NA,NA,NA,NA,NA,NA,NA,NA,NA,NA,NA,NA,NA,NA,NA,NA,NA,NA,NA,NA,NA,NA,NA,NA,NA,NA,NA,NA,NA,NA,NA,NA,NA,NA,NA,NA,NA,NA,NA,NA,NA
NA,NA,NA,NA,NA,NA,NA,NA,NA,NA,NA,NA,NA,NA,NA,NA,NA,NA,NA,NA,NA,NA,NA,NA,NA,NA,NA,NA,NA,NA,NA,NA,NA,NA,NA,NA,NA,NA,NA,NA,NA,NA,NA,NA
"15-RC-008635",NA,"P & S Delivery Service, Inc.",2005-08-08,2006-02-06,"Meridian","MS","A",2006-01-25,13,0,"Teamsters Local Union 891",5,NA,NA,NA,NA,5,10,"N",0,"N",NA,"Initial","Revised Single Labor Org","Certification of Results","Closed","Included:  All regular full-time and part-time Package Handlers, Drivers, Warehouse Workers and Leadmen employed by the Employer at its Meridian, Mississippi facility.   
 
Excluded: All office clerical employees, professional employees, managerial employees, guards, dispatchers and supervisor as defined in the Act.",NA,NA,NA,170,2006-01-01,2005-07-01,"11-25",TRUE,"RC","Yes","Teamsters Local Union 891",1,"Teamsters",0.5,"No",3
"15-RC-008636",NA,"Direct Consulting Solutions, Inc. d/b/a Trans Terra",2005-08-08,2005-10-24,"Belzoni & Jackson","MS","A",2005-10-13,29,0,"Teamsters Local Union 891",23,NA,NA,NA,NA,5,28,"N",0,"N","Teamsters Local Union 891","Initial","Single Labor Organization","Certific. of Representative","Closed","All full-time and regular part-time drivers, warehousemen and nonsupervisory leadmen employed at the Employer's Mississippi operations, but excluding office clerical employees, managers, supervisory leadmen and guards, professional employees and supervisors as defined in the Act.",NA,NA,NA,66,2005-10-01,2005-07-01,"26-50",TRUE,"RC","Yes","Teamsters Local Union 891",1,"Teamsters",0.821428571428571,"Yes",1
"15-RC-008635",NA,"P & S Delivery Service, Inc.",2005-08-08,2006-02-06,"Meridian","MS","A",2005-09-16,13,0,"Teamsters Local Union 891",5,NA,NA,NA,NA,4,9,"N",2,"Y",NA,"Initial","Single Labor Organization","Certification of Results","Closed","Included:  All regular full-time and part-time Package Handlers, Drivers, Warehouse Workers and Leadmen employed by the Employer at its Meridian, Mississippi facility.   
 
Excluded: All office clerical employees, professional employees, managerial employees, guards, dispatchers and supervisor as defined in the Act.",NA,NA,NA,39,2005-07-01,2005-07-01,"11-25",FALSE,"RC","Yes","Teamsters Local Union 891",1,"Teamsters",0.555555555555556,"No",4
"15-RC-008626",NA,"HID Ballast Division of Howard Industries, Inc.",2005-06-30,2005-08-22,"Mendenhall","MS","A",2005-08-11,76,0,"Southern Council of Industrial Workers",39,NA,NA,NA,NA,22,61,"N",7,"N","Southern Council of Industrial Workers","Initial","Single Labor Organization","Certific. of Representative","Closed","All full time and regular part-time ballast production and maintenance employees working in job classes 70001, 71001, 72001, and 78001; excluding lead employees, quality control employees, electronic technicians, drafters, production schedulers, office clerical employees, guards, professional employees, and supervisors as defined in the Act.",NA,NA,NA,42,2005-07-01,2005-04-01,"51-100",TRUE,"RC","Yes","Southern Council of Industrial Workers",0,"Uncoded",0.639344262295082,"Yes",15
"15-RC-008625",NA,"Symtech Corporation",2005-06-27,2005-08-08,"Meridian","MS","A",2005-07-28,27,0,"International Association of Machinists and Aerospace Workers, AFl- CIO",16,NA,NA,NA,NA,9,25,"N",0,"N","International Association of Machinists and Aerospace Workers, AFl- CIO","Initial","Single Labor Organization","Certific. of Representative","Closed","All full-time and regular part-time clerical employees and clerical supervisory leads employed by the Employer at Naval Air Station in Meridian, Mississippi; excluding all professional employees, managerial employees, guards, and supervisors, as defined in the Act.",NA,NA,NA,31,2005-07-01,2005-04-01,"26-50",TRUE,"RC","Yes","International Association of Machinists and Aerospace Workers, AFl- CIO",1,"IAM",0.64,"Yes",2
NA,NA,NA,NA,NA,NA,NA,NA,NA,NA,NA,NA,NA,NA,NA,NA,NA,NA,NA,NA,NA,NA,NA,NA,NA,NA,NA,NA,NA,NA,NA,NA,NA,NA,NA,NA,NA,NA,NA,NA,NA,NA,NA,NA
"15-RC-008616",NA,"Coastal Paper Company, Inc.",2005-05-26,2005-07-18,"Wiggins","MS","A",2005-07-08,86,0,"United Steelworkers International Union",65,NA,NA,NA,NA,16,81,"N",3,"N","United Steelworkers International Union","Initial","Single Labor Organization","Certific. of Representative","Closed","Included: All production, maintenance, electrical, shipping, and storeroom/receiving employees, employed by the Employer at its facility located in Wiggins, Mississippi; Excluded: all office clerical employees, professional employees, guards and supervisors as defined by the Act.",NA,NA,NA,43,2005-07-01,2005-04-01,"51-100",TRUE,"RC","Yes","United Steelworkers International Union",1,"USW",0.802469135802469,"Yes",5
"15-RC-008614",NA,"Servdrup Technology, Inc., Engineering Research and Consulting, Incorporated, and Smith Research Support and Development Corp., a single-integrated Enterprise at the Stennis Center d/b/a NTOG",2005-05-12,2005-11-14,"Stennis Space Center","MS","A",2005-11-02,121,0,"International Association of Machinists and Aerospace Workers, AFL-CIO",57,NA,NA,NA,NA,59,116,"N",0,"N",NA,"Initial","Revised Single Labor Org","Certification of Results","Closed","All regular full-time and part-time production and maintenance employees, including all technicians, quality assurance employees, plant clerical employees and warehouse employees, employed by Sverdrup, ERC and SRC, a single-integrated enterprise at the John C. Stennis Space Center d/b/a NTOG, including, but not limited to, A/B/E Complex Technicians III, A/B/E Complex Technicians Cryo, A/B/E Complex Technicians III Cryo, A/B/E Complex Technicians III Electrical, A/B/E Complex Technicians Electrical Lead, A/B/E Complex Technicians II Mechanical, A/B/E Complex Technicians III Mechanical, A/B/E Complex Technicians Mechanical Lead, Computer Operators, Computer Programmers, Customer Service Professionals, Electrical Engineering Specialists, Engineering Associates, Engineering Technicians, Engineering Technicians II, Engineering Technicians III, Engineering Technicians IV, Facilitators, Mechanical Engineering Specialists, Multimedia Specialists, Planner/Schedulers, Programmer Analysts, Quality Specialists, Safety Specialists, Science Professionals, Secretaries III, Senior Engineering Associate 1s, Systems Analysts, Test Complex Technicians Senior Mechanical, Test Complex Technicians Senior Electrical, Test Complex Technicians Senior, Test Complex Technicians Electrical, and Test Complex Technicians Mechanical, but excluding office clerical employees, managers, and guards, professional employees and supervisors as defined in the Act.",NA,NA,NA,174,2005-10-01,2005-04-01,"101-500",TRUE,"RC","Yes","International Association of Machinists and Aerospace Workers, AFL-CIO",1,"IAM",0.491379310344828,"No",5
"15-RC-008614",NA,"Servdrup Technology, Inc., Engineering Research and Consulting, Incorporated, and Smith Research Support and Development Corp., a single-integrated Enterprise at the Stennis Center d/b/a NTOG",2005-05-12,2005-11-14,"Stennis Space Center","MS","A",2005-06-30,121,0,"International Association of Machinists and Aerospace Workers, AFL-CIO",57,NA,NA,NA,NA,54,111,"N",5,"Y",NA,"Initial","Single Labor Organization","Certification of Results","Closed","All regular full-time and part-time production and maintenance employees, including all technicians, quality assurance employees, plant clerical employees and warehouse employees, employed by Sverdrup, ERC and SRC, a single-integrated enterprise at the John C. Stennis Space Center d/b/a NTOG, including, but not limited to, A/B/E Complex Technicians III, A/B/E Complex Technicians Cryo, A/B/E Complex Technicians III Cryo, A/B/E Complex Technicians III Electrical, A/B/E Complex Technicians Electrical Lead, A/B/E Complex Technicians II Mechanical, A/B/E Complex Technicians III Mechanical, A/B/E Complex Technicians Mechanical Lead, Computer Operators, Computer Programmers, Customer Service Professionals, Electrical Engineering Specialists, Engineering Associates, Engineering Technicians, Engineering Technicians II, Engineering Technicians III, Engineering Technicians IV, Facilitators, Mechanical Engineering Specialists, Multimedia Specialists, Planner/Schedulers, Programmer Analysts, Quality Specialists, Safety Specialists, Science Professionals, Secretaries III, Senior Engineering Associate 1s, Systems Analysts, Test Complex Technicians Senior Mechanical, Test Complex Technicians Senior Electrical, Test Complex Technicians Senior, Test Complex Technicians Electrical, and Test Complex Technicians Mechanical, but excluding office clerical employees, managers, and guards, professional employees and supervisors as defined in the Act.",NA,NA,NA,49,2005-04-01,2005-04-01,"101-500",FALSE,"RC","Yes","International Association of Machinists and Aerospace Workers, AFL-CIO",1,"IAM",0.513513513513513,"No",10
"15-RC-008604",NA,"ITT Industries Systems Division",2005-04-07,2005-05-31,"Keesler Air Force Base","MS","A",2005-05-19,24,0,"International Association of Machinists and Aerospace Workers, AFL-CIO",18,NA,NA,NA,NA,3,21,"N",0,"N","International Association of Machinists and Aerospace Workers, AFL-CIO","Initial","Single Labor Organization","Certific. of Representative","Closed","Including:  All full-time and regular part-time electronic technicians, production specialists, schedulers, and environment/safety coordinators, including leads at the Employer's Keesler AFB, Biloxi, Mississippi site.  Excluding:  All office clerical employees, professional employees, managerial employees, guards, and supervisors as defined in the Act.",NA,NA,NA,42,2005-04-01,2005-04-01,"11-25",TRUE,"RC","Yes","International Association of Machinists and Aerospace Workers, AFL-CIO",1,"IAM",0.857142857142857,"Yes",3
"15-RC-008593",NA,"Tompkins Electric Company, Inc.",2005-03-04,2005-10-26,"Jackson","MS","A",2005-03-29,36,0,"IBEW Local 480",18,NA,NA,NA,NA,18,36,"N",0,"N",NA,"Initial","Single Labor Organization","Withdrawal","Closed","Including:  All Journeymen, Electricians, Linemen, and Apprentices.

Excluding: All Guards, Office Clericals, Confidentials, and Supervisors as defined in the Act.",NA,NA,NA,25,2005-01-01,2005-01-01,"26-50",TRUE,"RC","Yes","IBEW Local 480",1,"IBEW",0.5,"Other",0
"15-RC-008591",NA,"Yulista Management Services, Inc.",2005-02-22,2005-04-11,"Keesler AFB, Biloxi","MS","A",2005-03-30,9,0,"International Association of Machinists and Aerospace Workers, AFL-CIO",9,NA,NA,NA,NA,0,9,"N",0,"N","International Association of Machinists and Aerospace Workers, AFL-CIO","Initial","Single Labor Organization","Certific. of Representative","Closed","Including:  All full-time and regular part-time electronic technicians and leads at the Employer's Keesler AFB, Biloxi, Mississippi site.  Excluding:  All office clerical employees, professional employees, managerial employees, guards and supervisors, as defined in the Act.",NA,NA,NA,36,2005-01-01,2005-01-01,"6-10",TRUE,"RC","Yes","International Association of Machinists and Aerospace Workers, AFL-CIO",1,"IAM",1,"Yes",0
"26-RD-001111",NA,"Burrows Paper Corporation",2004-12-01,2005-01-05,"Pickens","MS","A",2004-12-28,34,0,"PACE International Union, AFL-CIO",13,NA,NA,NA,NA,21,34,"N",0,"N",NA,"Initial","Single Labor Organization","Certification of Results","Closed","Included:  All full-time and regularly scheduled part-time production and maintenance employees and truck drivers employed by the Employer at its Pickens, Mississippi facility.


Excluded:  All other employees, including office clerical employees, professional employees, guards and supervisors as defined in the Act.",NA,NA,NA,27,2004-10-01,2004-10-01,"26-50",TRUE,"RD","Yes","PACE International Union, AFL-CIO",1,"USW",0.382352941176471,"No",0
"15-RC-008576",NA,"Sanderson Farms Inc. (Processing Division)",2004-11-08,2004-12-30,"Summit","MS","A",2004-12-16,1550,2,"The International Brotherhood of Boilermakers",207,NA,NA,NA,NA,1232,1439,"N",6,"N",NA,"Initial","Single Labor Organization","Certification of Results","Closed","Included: All production and maintenance employees.

Excluded: All other employees, office clerical employees, professional employees, managers, truck drivers, guards and supervisors as defined by the Act.",NA,NA,NA,38,2004-10-01,2004-10-01,"500>",TRUE,"RC","Yes","The International Brotherhood of Boilermakers",1,"IBB",0.143849895760945,"No",111
"15-RD-000871","Region 15, New Orleans, Louisiana","MS. Action for Progress",2004-10-29,2007-08-30,"Meridian","MS",NA,NA,20,NA,NA,NA,NA,NA,NA,NA,NA,NA,NA,NA,NA,NA,NA,NA,"Dismissal Non-adjusted","Closed",NA,NA,NA,NA,NA,NA,2004-10-01,"11-25",TRUE,"RD","No",NA,0,"Uncoded",NA,"Other",NA
"15-RD-000870","Region 15, New Orleans, Louisiana","MS. Action for Progress",2004-10-22,2007-07-31,"Meridian","MS",NA,NA,10,NA,NA,NA,NA,NA,NA,NA,NA,NA,NA,NA,NA,NA,NA,NA,"Withdrawal Non-adjusted","Closed",NA,NA,NA,NA,NA,NA,2004-10-01,"6-10",TRUE,"RD","No",NA,0,"Uncoded",NA,"Other",NA
"26-RC-008447",NA,"Pride of the South Catfish, Inc.",2004-10-08,2006-02-14,"Brookeville","MS","A",2006-02-14,159,0,"United Food and Commerical Workers, Local 1529",67,NA,NA,NA,NA,52,119,"N",9,"N","United Food and Commerical Workers, Local 1529","Initial","Revised Single Labor Org","Certific. of Representative","Closed","Included:  All full-time and regular part-time processing and production employees, sanitation workers and maintenance workers employed at the Employer's Brooksville, Mississippi facility.

Excluded:  All contract workers and temporary employees, quality control employees, office clerical employees, professional employees, truck drivers, harvest workers, guards and supervisors as defined in the National Labor Relations Act.",NA,NA,NA,494,2006-01-01,2004-10-01,"101-500",TRUE,"RC","Yes","United Food and Commerical Workers, Local 1529",0,"Uncoded",0.563025210084034,"Yes",40
"26-RC-008447",NA,"Pride of the South Catfish, Inc.",2004-10-08,2006-02-14,"Brookeville","MS","A",2005-06-03,159,0,"United Food and Commerical Workers, Local 1529",67,NA,NA,NA,NA,52,119,"N",25,"Y","United Food and Commerical Workers, Local 1529","Initial","Single Labor Organization","Certific. of Representative","Closed","Included:  All full-time and regular part-time processing and production employees, sanitation workers and maintenance workers employed at the Employer's Brooksville, Mississippi facility.

Excluded:  All contract workers and temporary employees, quality control employees, office clerical employees, professional employees, truck drivers, harvest workers, guards and supervisors as defined in the National Labor Relations Act.",NA,NA,NA,238,2005-04-01,2004-10-01,"101-500",FALSE,"RC","Yes","United Food and Commerical Workers, Local 1529",0,"Uncoded",0.563025210084034,"Yes",40
"26-RC-008443",NA,"Alliant Southern Composites Co.",2004-08-23,2004-10-08,"Iuka","MS","A",2004-09-30,105,1,"IAM, AFL-CIO",29,NA,NA,NA,NA,68,97,"N",0,"N",NA,"Initial","Single Labor Organization","Certification of Results","Closed","Included:  All production technicians I-V, machine operators I-V, maintenance technicians I-V, material distribution/handling support, operations support analyst I, and quality control technicians III, IV, and V, employed by the Employer at its facility located at Building 1016, 751 County Road 989, Iuka, Mississippi.

Excluded:  All office employees including clerical employees, professional employees, quality control technicians I, quality configuration specialists, NDT technicians, managerial employees, guards and supervisors as defined in the Act.",NA,NA,NA,38,2004-07-01,2004-07-01,"101-500",TRUE,"RC","Yes","IAM, AFL-CIO",1,"IAM",0.298969072164948,"No",8
"26-RC-008440",NA,"Lucite International, Inc.",2004-08-12,2004-10-04,"Olive Branch","MS","A",2004-09-24,86,0,"Bakery, Confectionery, Tobacco Workers & Grain Millers International Union, Local 149",40,NA,NA,NA,NA,44,84,"N",1,"N",NA,"Initial","Single Labor Organization","Certification of Results","Closed","Included:  All full time and regular part time production and maintenance employees working in the polymer and extrusion departments including warehouse employees, shipping and production clerks, quality control employees and Leads/TOPS.

Excluded:  All agency employees, temporary employees, contractor employees, office clerical employees, professional employees, technical employees, guards and supervisors as defined by the Act.",NA,NA,NA,43,2004-07-01,2004-07-01,"51-100",TRUE,"RC","Yes","Bakery, Confectionery, Tobacco Workers & Grain Millers International Union, Local 149",1,"BCTGM",0.476190476190476,"No",2
"15-RC-008559",NA,"Hub Mechanical, Inc.",2004-08-03,2004-09-20,"Hattiesburg","MS","A",2004-09-10,23,0,"Plumbers and Pipefitters, Local 714",7,NA,NA,NA,NA,16,23,"N",0,"N",NA,"Initial","Single Labor Organization","Certification of Results","Closed","All full-time and regular part-time plumbers, pipefitters, pipe welders and helpers employed by the Employer; excluding all office clerical employees, and professional employees, guards and supervisors as defined in the Act.",NA,NA,NA,38,2004-07-01,2004-07-01,"11-25",TRUE,"RC","Yes","Plumbers and Pipefitters, Local 714",1,"UA",0.304347826086957,"No",0
"15-RC-008543",NA,"Friends of Children of Mississippi, Inc., Community Pride Head Start Center",2004-06-21,2004-08-30,"Canton","MS","A",2004-08-19,49,1,"IUE-CWA-AFL-CIO",12,NA,NA,NA,NA,29,41,"N",4,"N",NA,"Initial","Single Labor Organization","Certification of Results","Closed","Including:  All full-time and regular part-time teachers, teacher aides, bus drivers, bus monitors, cooks, asistant cooks and janitors employed by the Employer at its Canton, Mississippi Community Pride Head Start Center;
Excluding: Center administrator, center clerk, office clerical employees, family service workers, coordinators and other professional employees, managerial employees, guards, and supervisors as defined by the Act.",NA,NA,NA,59,2004-07-01,2004-04-01,"26-50",TRUE,"RC","Yes","IUE-CWA-AFL-CIO",1,"CWA",0.292682926829268,"No",8
"15-RC-008542",NA,"CAE USA Inc.",2004-06-21,2004-08-02,"Keesler AFB","MS","A",2004-07-21,20,0,"Keesler Association of Simulator Instructors and Technicians",14,NA,NA,NA,NA,0,14,"N",0,"N","Keesler Association of Simulator Instructors and Technicians","Initial","Single Labor Organization","Certific. of Representative","Closed","All Simulator Instructors and Technicians employed by the Employer, at its Keesler Air Force Base, Mississippi facility; excluding all office clerical employees, professional employees, guards and supervisors as defined by the Act.",NA,NA,NA,30,2004-07-01,2004-04-01,"11-25",TRUE,"RC","Yes","Keesler Association of Simulator Instructors and Technicians",0,"Uncoded",1,"Yes",6
"26-RC-008431",NA,"L-3 Vertex Aerospace",2004-06-01,2004-07-16,"Columbus","MS","A",2004-07-08,9,0,"IUE/CWA Local 83770",8,NA,NA,NA,NA,1,9,"N",0,"N","IUE/CWA Local 83770","Initial","Single Labor Organization","Certific. of Representative","Closed","Included:  All full-time and regular part-time supply clerks, repairman A employees, quality control inspectors, parts status coordinators and IDC clerks.

Excluded:  All office clerical employees, confidential employees, guards, and supervisors as defined in the National Labor Relations Act.",NA,NA,NA,37,2004-07-01,2004-04-01,"6-10",TRUE,"RC","Yes","IUE/CWA Local 83770",1,"CWA",0.888888888888889,"Yes",0
"15-RC-008535",NA,"Yorozu Automotive Mississippi, Inc.",2004-05-19,2004-07-12,"Vicksburg","MS","A",2004-07-01,200,0,"United Steelworkers of America AFL-CIO/CLC",57,NA,NA,NA,NA,130,187,"N",1,"N",NA,"Initial","Single Labor Organization","Certification of Results","Closed","All full-time and regular part-time production and maintenance employees, including all line leaders and team leaders, shipping/receiving employees, cycle counters, and quality assurance technicians employed by the employer at its Vicksburg, Mississippi facility; excluding all temporary employees, office clerical employees, executive, professional employees, guards and supervisors as defined by the Act.",NA,NA,NA,43,2004-07-01,2004-04-01,"101-500",TRUE,"RC","Yes","United Steelworkers of America AFL-CIO/CLC",1,"USW",0.304812834224599,"No",13
"15-RC-008532",NA,"Hiller Systems, Inc.",2004-04-08,2004-07-06,"Pascagoula","MS","A",2004-06-24,13,0,"Road Sprinkler Fitters Local Union No. 669, U.A., AFL-CIO",6,NA,NA,NA,NA,7,13,"N",0,"N",NA,"Initial","Revised Single Labor Org","Certification of Results","Closed","Included: All full time and regular part-time Hiller Systems, Inc. employees, engaged in the installation of fire protection systems at Ingalls Shipyard in Pascagoula, Mississippi, classified by Hiller Systems, Inc. as the Ingalls Shipyard Based Piping Group.

Excluded: Office clerical employees, guards, professional employees, supervisors as defined by the Act, and all other employees.",NA,NA,NA,77,2004-04-01,2004-04-01,"11-25",TRUE,"RC","Yes","Road Sprinkler Fitters Local Union No. 669, U.A., AFL-CIO",1,"UA",0.461538461538462,"No",0
"15-RC-008532",NA,"Hiller Systems, Inc.",2004-04-08,2004-07-06,"Pascagoula","MS","A",2004-05-19,13,0,"Road Sprinkler Fitters Local Union No. 669, U.A., AFL-CIO",6,NA,NA,NA,NA,5,11,"N",2,"Y","Road Sprinkler Fitters Local Union No. 669, U.A., AFL-CIO","Initial","Single Labor Organization","Certification of Results","Closed","Included: All full time and regular part-time Hiller Systems, Inc. employees, engaged in the installation of fire protection systems at Ingalls Shipyard in Pascagoula, Mississippi, classified by Hiller Systems, Inc. as the Ingalls Shipyard Based Piping Group.

Excluded: Office clerical employees, guards, professional employees, supervisors as defined by the Act, and all other employees.",NA,NA,NA,41,2004-04-01,2004-04-01,"11-25",FALSE,"RC","Yes","Road Sprinkler Fitters Local Union No. 669, U.A., AFL-CIO",1,"UA",0.545454545454545,"No",2
"26-RC-008421",NA,"Leggett & Platt,  Incorporated",2004-03-31,2004-10-20,"Coldwater","MS","A",2004-10-20,97,0,"Union of Needletrades, Industrial and Textile Employees - Southern Region Joint Board, AFL-CIO",44,NA,NA,NA,NA,46,90,"N",7,"N",NA,"Initial","Revised Single Labor Org","Withdrawal","Closed","Included:  All full-time and regular part-time production and maintenance employees, shipping employees, transportation (spotters), quality control lab tech, pricing coordinator, auto cad designer/digitizer, materials utilization tech, leadpersons and hourly paid supervisors employed by the Employer at its Coldwater, Mississippi facility.

Excluded:  All office clerical employees, professional employees, long-haul drivers, guards and supervisors as defined in the National Labor Relations Act.

By agreement of the parties, local drivers will be permitted to vote by challenge ballot.",NA,NA,NA,203,2004-10-01,2004-01-01,"51-100",TRUE,"RC","Yes","Union of Needletrades, Industrial and Textile Employees - Southern Region Joint Board, AFL-CIO",0,"Uncoded",0.488888888888889,"Other",7
"26-RC-008421",NA,"Leggett & Platt,  Incorporated",2004-03-31,2004-10-20,"Coldwater","MS","A",2004-05-14,97,0,"Union of Needletrades, Industrial and Textile Employees - Southern Region Joint Board, AFL-CIO",44,NA,NA,NA,NA,46,90,"N",7,"Y",NA,"Initial","Single Labor Organization","Withdrawal","Closed","Included:  All full-time and regular part-time production and maintenance employees, shipping employees, transportation (spotters), quality control lab tech, pricing coordinator, auto cad designer/digitizer, materials utilization tech, leadpersons and hourly paid supervisors employed by the Employer at its Coldwater, Mississippi facility.

Excluded:  All office clerical employees, professional employees, long-haul drivers, guards and supervisors as defined in the National Labor Relations Act.

By agreement of the parties, local drivers will be permitted to vote by challenge ballot.",NA,NA,NA,44,2004-04-01,2004-01-01,"51-100",FALSE,"RC","Yes","Union of Needletrades, Industrial and Textile Employees - Southern Region Joint Board, AFL-CIO",0,"Uncoded",0.488888888888889,"Other",7
"15-RC-008523",NA,"Tower Automotive Products Company, Inc.",2004-03-19,2004-08-23,"Madison","MS","A",2004-04-30,200,4,"United Steelworkers of America",18,NA,NA,NA,NA,162,180,"N",11,"N",NA,"Initial","Single Labor Organization","Certification of Results","Closed","All full-time and regular part-time operations colleagues, including TIER and CIP colleagues, and support colleagues, including maintenance colleagues, quality colleagues and control techs employed by the Employer at its 440 Church Road, Madison, Mississippi facility; Excluding all office clerical employees, professional employees, temporary employees, team leaders, guards and supervisors as defined in the National Labor Relations Act.",NA,NA,NA,42,2004-04-01,2004-01-01,"101-500",TRUE,"RC","Yes","United Steelworkers of America",1,"USW",0.1,"No",20
"15-RC-008521",NA,"Operations Technologies, Inc.",2004-03-10,2004-05-03,"Pascagoula","MS","A",2004-04-23,56,0,"WM D McGill - IBEW Local Union 733",20,NA,NA,NA,NA,34,54,"N",0,"N",NA,"Initial","Single Labor Organization","Certification of Results","Closed","All hourly and salaried employees, employed by the Employer, at its Pascagoula, Mississippi location in the following classifications: Laborer, Laborer 1, Laborer 11, Labor Crew Leader, Labor Crew 1, Motor Equipment Operator, Motor Equipment Operator 1, Motor Equipment Operator 11, Motor Equipment Operator 111, Mechanic, Landscape Grounds Workers, Water Plant Operator, Water System Operator 11, Water Distribution System Operator 1, Pipefitter, Gas Pipefitter/Welder, Crew Leader, Operator, Operator 1, Warehouse Manager, Beautification Assistant Superintendent, Electrician, Carpenter Foreman, Solid Waste Crew Leader, and Painter; Excluding: Assistant Project Manager-Utilities, Assistant Project Manager-Operations, Project Manager, Gas Department Manager, Street Department Manager, Secretary 1, Secretary 11, and all other office clerical employees, professional employees, guards and supervisors as defined by the Act.",NA,NA,NA,44,2004-04-01,2004-01-01,"51-100",TRUE,"RC","Yes","WM D McGill - IBEW Local Union 733",1,"IBEW",0.37037037037037,"No",2
"15-RC-008519",NA,"Northrop Grumman Ship Systems, Inc.",2004-02-27,2004-04-07,"Pascagoula","MS","A",2004-03-25,45,0,"United Federation of Security Officers, Inc.",23,NA,NA,NA,NA,21,44,"N",0,"N","United Federation of Security Officers, Inc.","Initial","Single Labor Organization","Certific. of Representative","Closed","All regular full-time & part-time guards employed by the Employer on the West Bank of its Ingalls Operations facility in Pascagoula, Mississippi, excluding all full-time and part-time guards employed by the Employer on the East Bank of its Ingalls Operations facility in Pascagoula, Mississippi, all other employees, managers, professional employees, clerical employees and supervisors as defined in the Act.",NA,NA,NA,27,2004-01-01,2004-01-01,"26-50",TRUE,"RC","Yes","United Federation of Security Officers, Inc.",0,"Uncoded",0.522727272727273,"Yes",1
"15-RC-008508",NA,"Doublecote, LLC",2004-01-30,2004-03-22,"Jackson","MS","A",2004-03-10,97,0,"United Steelworkers of America, AFL-CIO-CLC",26,NA,NA,NA,NA,67,93,"N",5,"N",NA,"Initial","Single Labor Organization","Certification of Results","Closed","All production and maintenance employees, including crew chiefs, WWT operators, R/B coordinators, maintenance clerks, and janitors, employed by the Employer, at its facility located in Jackson, Mississippi; excluding all confidential employees such as systems technicians and systems technicians trainees, office clerical employees, QA lab technicians, professional employees, guards and supervisors as defined by the Act.",NA,NA,NA,40,2004-01-01,2004-01-01,"51-100",TRUE,"RC","Yes","United Steelworkers of America, AFL-CIO-CLC",1,"USW",0.279569892473118,"No",4
NA,NA,NA,NA,NA,NA,NA,NA,NA,NA,NA,NA,NA,NA,NA,NA,NA,NA,NA,NA,NA,NA,NA,NA,NA,NA,NA,NA,NA,NA,NA,NA,NA,NA,NA,NA,NA,NA,NA,NA,NA,NA,NA,NA
"15-RC-008501",NA,"Killen Contractors, Inc.",2003-12-18,2004-02-09,"Brandon","MS","A",2004-01-29,17,0,"Lloyd J. Shaw, Local Union 903-IBEW",2,NA,NA,NA,NA,14,16,"N",0,"N",NA,"Initial","Single Labor Organization","Certification of Results","Closed","General Foreman, Foremen, Journeymen, Linemen, Apprentice Linemen, Operators, Groundmen and other employees involved in the daily operations of maintaining and constructing energized and de-energized power lines.  Excluding, all office clerical employees, professional employees, guards, and supervisors as defined by the Act.",NA,NA,NA,42,2004-01-01,2003-10-01,"11-25",TRUE,"RC","Yes","Lloyd J. Shaw, Local Union 903-IBEW",1,"IBEW",0.125,"No",1
"15-RD-000854",NA,"Wilkinson County Nursing Center, LLC",2003-11-21,2005-06-20,"Centreville","MS","A",2005-06-09,63,0,"United Food and Commercial Workers Union Local 1657, AFL-CIO",30,NA,NA,NA,NA,20,50,"N",1,"N","United Food and Commercial Workers Union Local 1657, AFL-CIO","Initial","Single Labor Organization","Certific. of Representative","Closed","All full-time and regular part-time nursing aides, certified nursing assistants, restorative aides, activity aides, central supply clerk, dietary aides, cooks, laundry employees, housekeeping employees, and maintenance employees employed by the Employer at its Centreville, Mississippi facility; excluding all other employees, including registered nurses, licensed practical nurses, activity director, social services  coordinator, therapists, theapy clerks, receptionists, medical records clerks, dietary manager, maintenance supervisor, housekeeping/laundry supervisor, department heads, office clerical employees, guards and professional employees and supervisors as defined in the Act.",NA,NA,NA,566,2005-04-01,2003-10-01,"51-100",TRUE,"RD","Yes","United Food and Commercial Workers Union Local 1657, AFL-CIO",1,"UFCW",0.6,"Yes",13
"15-RC-008489",NA,"Caldwell Maunfacturing Company",2003-10-24,2004-01-14,"Jackson","MS","A",2003-12-05,199,0,"International Union of Electrical,Electronics,Salaried,Machine and Communication Workers of America, AFL-CIO",63,NA,NA,NA,NA,121,184,"N",5,"N",NA,"Initial","Single Labor Organization","Certification of Results","Closed","All full-time production and maintenance employees, including shipping and receiving; Excluding all office clerical employees, guards, managerial and professional employees, and supervisors as defined by the Act.",NA,NA,NA,42,2003-10-01,2003-10-01,"101-500",TRUE,"RC","Yes","International Union of Electrical,Electronics,Salaried,Machine and Communication Workers of America, AFL-CIO",1,"CWA",0.342391304347826,"No",15
NA,NA,NA,NA,NA,NA,NA,NA,NA,NA,NA,NA,NA,NA,NA,NA,NA,NA,NA,NA,NA,NA,NA,NA,NA,NA,NA,NA,NA,NA,NA,NA,NA,NA,NA,NA,NA,NA,NA,NA,NA,NA,NA,NA
"26-RD-001094",NA,"North Mississippi Rural Legal Services",2003-09-19,2004-02-23,"see notes","MS","A",2004-02-23,27,0,"NOLSW/UAW Local 2320",24,NA,NA,NA,NA,0,24,"N",2,"N","NOLSW/UAW Local 2320","Initial","Single Labor Organization","Certific. of Representative","Closed","Included:  All staff attorneys, paralegals, staff assistants, fiscal secretaries, and case maintenance secretaries, secretaries, the executive secretary (West Point, MS) and secretary/receptionists, employed by the Employer at its branch offices in Clarksdate, Greenville, Oxford, Tupelo and West Point, Mississippi; and the executive secretary/litigative services, assistant PAI coordinator, special project accountant, accounting clerk, operations manager, secretary/receptionist, coordinator of public relations and information, and the secretary (part-time) employed at the Employer's Oxford Mississippi, headquarters.
Excluded:  All guards and supervisors as defined by the Act.",NA,NA,NA,157,2004-01-01,2003-07-01,"26-50",TRUE,"RD","Yes","NOLSW/UAW Local 2320",1,"UAW",1,"Yes",3
"15-UC-000149","Region 15, New Orleans, Louisiana","Entergy Mississippi, Inc.",2003-08-11,2025-12-18,"Jackson","MS",NA,NA,351,NA,NA,NA,NA,NA,NA,NA,NA,NA,NA,NA,NA,NA,NA,NA,"Withdrawal Non-adjusted","Closed",NA,NA,NA,NA,NA,NA,2003-07-01,"101-500",TRUE,"UC","No",NA,0,"Uncoded",NA,"Other",NA
NA,NA,NA,NA,NA,NA,NA,NA,NA,NA,NA,NA,NA,NA,NA,NA,NA,NA,NA,NA,NA,NA,NA,NA,NA,NA,NA,NA,NA,NA,NA,NA,NA,NA,NA,NA,NA,NA,NA,NA,NA,NA,NA,NA
"15-RC-008476",NA,"UNITED SCAFFOLDING, INC.",2003-07-17,2003-09-02,"Pascagoula","MS","A",2003-08-21,35,0,"UNITED BROTHERHOOD OF CARPENTERS & JOINERS OF AMERICA",33,NA,NA,NA,NA,0,33,"N",2,"N","UNITED BROTHERHOOD OF CARPENTERS & JOINERS OF AMERICA","Initial","Single Labor Organization","Certific. of Representative","Closed","All employees employed by United Scaffolding, Inc. as maintenance scaffold builders at the Chevron Refinery in Pascagoula, Mississippi; excluding all other employees, office clerical employees, subcontract employees, professional employees, guards and supervisors as defined in the Act.",NA,NA,NA,35,2003-07-01,2003-07-01,"26-50",TRUE,"RC","Yes","UNITED BROTHERHOOD OF CARPENTERS & JOINERS OF AMERICA",1,"UBC",1,"Yes",2
"15-RC-008475",NA,"Friends of Childeren of Mississippi, Inc., McCall Center",2003-07-15,2003-09-02,"Pelahachie","MS","A",2003-08-21,17,0,"International union of Electrical, Electronic, Salaried, machine and Communication Workers of America, AFL-CIO",9,NA,NA,NA,NA,1,10,"N",4,"N","International union of Electrical, Electronic, Salaried, machine and Communication Workers of America, AFL-CIO","Initial","Single Labor Organization","Certific. of Representative","Closed","Including: All full-time and regular part-time teachers, teacher aides, all Caregivers 1 and 11, family case worker aides, bus drivers, bus monitors, cooks, assistant cooks and janitors employed at its McCall (Pelahatchie) Head Start facility; excluding center administrator, center clerk, office clerical employees, family service workers, coordinators and other professional employees, managerial employees, guards and supervisors as defined by the Act.",NA,NA,NA,37,2003-07-01,2003-07-01,"11-25",TRUE,"RC","Yes","International union of Electrical, Electronic, Salaried, machine and Communication Workers of America, AFL-CIO",1,"CWA",0.9,"Yes",7
"15-RC-008474",NA,"Georgia-Pacific Corporation",2003-07-14,2003-09-02,"Tylertown","MS","A",2003-08-22,39,2,"Southern Council of Industrial Workers",5,NA,NA,NA,NA,31,36,"N",0,"N",NA,"Initial","Single Labor Organization","Certification of Results","Closed","Included: All full-time production and maintenance employees employed by Georgia-Pacific Corporation at its facility located at 157 Highway 48 West, Tylertown, MS.
Excluded: All office clerical employees, managerial employees, guards, and supervisors as defined in the Act.",NA,NA,NA,39,2003-07-01,2003-07-01,"26-50",TRUE,"RC","Yes","Southern Council of Industrial Workers",0,"Uncoded",0.138888888888889,"No",3
"26-RC-008375",NA,"Vineyard Court Nursing Center",2003-06-17,2003-07-28,"Columbus","MS","A",2003-07-18,39,0,"Retail Wholesale Department Store Union, AFL-CIO",17,NA,NA,NA,NA,9,26,"N",2,"N","Retail Wholesale Department Store Union, AFL-CIO","Initial","Single Labor Organization","Certific. of Representative","Closed","Included:   All full-time and regular part-time CNAs, housekeeping, laundry, maintenance and dietary employees employed at the Employer's facility located at 2002 Fifth Street North, Columbus, Mississippi.
Excluded:  All professional, technical, sales, and office clerical employees, watchmen, guards, and supervisors (including, but not limited to, all LPNs and RNs) as defined in the Act.",NA,NA,NA,31,2003-07-01,2003-04-01,"26-50",TRUE,"RC","Yes","Retail Wholesale Department Store Union, AFL-CIO",0,"Uncoded",0.653846153846154,"Yes",13
"26-RD-001084",NA,"Burrows Paper Corporation",2003-04-16,2003-06-02,"Pickens","MS","A",2003-05-23,35,0,"P.A.C.E.",18,NA,NA,NA,NA,16,34,"N",0,"N","P.A.C.E.","Initial","Single Labor Organization","Certific. of Representative","Closed","Included:   All full-time andd regularly scheduled part-time production and maintenance employees and truck drivers, employed by Burrows Paper Corporation at its Pickens, Mississippi facility. 
Excluded:  All other employees, including office clerical employees, professional emploiyees, guards, and supervisors as defined in the Act.",NA,NA,NA,37,2003-04-01,2003-04-01,"26-50",TRUE,"RD","Yes","P.A.C.E.",0,"Uncoded",0.529411764705882,"Yes",1
"15-RC-008444",NA,"Electro-Mech, Inc.",2003-02-04,2003-05-05,"Richland","MS","A",2003-04-23,18,0,"International Brotherhood of Electrical Workers, Local 480",5,NA,NA,NA,NA,6,11,"N",0,"N",NA,"Initial","Revised Single Labor Org","Certification of Results","Closed","Included:  All employees who perform electrical work employed by the Employer from its Richland, Mississippi facility located at 655 Old Highway 49 South, Richland, Mississippi.

Excluded:  All office clerical employees, professional employees, estimators, supervisors, watchmen and/or guards as defined in the Act, as amended.",NA,NA,NA,78,2003-04-01,2003-01-01,"11-25",TRUE,"RC","Yes","International Brotherhood of Electrical Workers, Local 480",1,"IBEW",0.454545454545455,"No",7
"15-RC-008444",NA,"Electro-Mech, Inc.",2003-02-04,2003-05-05,"Richland","MS","A",2003-03-18,18,0,"International Brotherhood of Electrical Workers, Local 480",5,NA,NA,NA,NA,6,11,"N",7,"Y",NA,"Initial","Single Labor Organization","Certification of Results","Closed","Included:  All employees who perform electrical work employed by the Employer from its Richland, Mississippi facility located at 655 Old Highway 49 South, Richland, Mississippi.

Excluded:  All office clerical employees, professional employees, estimators, supervisors, watchmen and/or guards as defined in the Act, as amended.",NA,NA,NA,42,2003-01-01,2003-01-01,"11-25",FALSE,"RC","Yes","International Brotherhood of Electrical Workers, Local 480",1,"IBEW",0.454545454545455,"No",7
"15-RC-008443",NA,"Bruce Hardwood Flooring, L.L.C., a subsidiary of Armstrong Wood Products, Inc.",2003-01-31,2003-03-31,"Port Gibson","MS","A",2003-03-19,161,0,"United Steelworkers of America AFL-CIO-CLC",86,NA,NA,NA,NA,35,121,"N",20,"N","United Steelworkers of America AFL-CIO-CLC","Initial","Single Labor Organization","Certific. of Representative","Closed","All production and maintenance employees employed by the Employer at its Port Gibson, Mississippi facility; excluding office clerical employees, professional employees, temporary employees, guards, and supervisors as defined by the Act.",NA,NA,NA,47,2003-01-01,2003-01-01,"101-500",TRUE,"RC","Yes","United Steelworkers of America AFL-CIO-CLC",1,"USW",0.710743801652893,"Yes",40
"15-RC-008436",NA,"J.A. Jones Management Services, Inc. and CH2M Hill Companies, Ltd. (J.A. Jones/HM2HILL)",2003-01-07,2003-02-24,"Pascagoula","MS","A",2003-02-14,116,0,"International Association of Machinists and Aerospace Workers, AFL-CIO",80,NA,NA,NA,NA,25,105,"N",2,"N","International Association of Machinists and Aerospace Workers, AFL-CIO","Initial","Single Labor Organization","Certific. of Representative","Closed","Including all carpenters, maintenance carpenters, electricians, maintenance electricians, elevator mechanics, general maintenance workers, HVAC mechanics, locksmith, machine maintenance mechanics, maintenance pipefitters, maintenance plumbers, sewage plant operators, sationary engineers, water treatment plant operator, service order dispatcher, key entry operators, Clerk II, work order clerks, supply technician, warehouse specialist, production control clerk, and graphic artists, as well as all leads in the above classifications , employed by the Employers in the utilities and facility division of the Naval Air Station in Pensacola, Florida, Corry Station in Pensacola, Florida and the Naval Station in Pascagoula, Mississippi.

Excluding civil engineering technician, laboratory technicans, environmental technicians, planner estimator, mechanical inspector, facility inspectors, safety inspectors, materials coordinator, all office clerical employees, professional employees, guards, and supervisors as defined in the Act,",NA,NA,NA,38,2003-01-01,2003-01-01,"101-500",TRUE,"RC","Yes","International Association of Machinists and Aerospace Workers, AFL-CIO",1,"IAM",0.761904761904762,"Yes",11
"15-RD-000844",NA,"Miss. Action for Progress",2002-11-18,2003-04-18,"Roxie","MS","A",2003-04-08,20,0,"International Representative International Union",2,NA,NA,NA,NA,18,20,"N",0,"N",NA,"Initial","Single Labor Organization","Certification of Results","Closed","Included: All full-time and regular part-time teachers, teachers aides, family caseworker aides, bus drivers, bus monitors, cooks, assistant cooks, janitors, maintenance and nonprofessional aides employed by the Employer at its Franklin County Head Start Facilities (Franklin Complex) excluding center administrator, center clerk, family case workers, head teacher, managerial employees, office clerical employees, professional employees, guards and supervisors as defined by the Act.",NA,NA,NA,141,2003-04-01,2002-10-01,"11-25",TRUE,"RD","Yes","International Representative International Union",0,"Uncoded",0.1,"No",0
"26-RD-001076",NA,"Overnite Transportation Company",2002-11-04,2003-02-24,"Tupelo","MS","A",2003-01-21,22,0,"Teamsters Local 667",4,NA,NA,NA,NA,16,20,"N",0,"N",NA,"Initial","Single Labor Organization","Certification of Results","Closed","INCLUDED:  	All full-time and regular part-time over-the-road truck drivers, city truck drivers, and dock workers employed by the Employer at its Tupelo, Mississippi facility.
EXCLUDED: 	All office clerical employees, professional employees, guards and supervisors, as defined in the Act",NA,NA,NA,78,2003-01-01,2002-10-01,"11-25",TRUE,"RD","Yes","Teamsters Local 667",1,"Teamsters",0.2,"No",2
"15-RC-008427",NA,"Mississippi Space Services, Inc.",2002-10-21,2002-11-25,"NSTL Station","MS","A",2002-11-13,2,0,"International Association of Machinists and Aerospace Workers, AFL-CIO",2,NA,NA,NA,NA,0,2,"N",0,"N","International Association of Machinists and Aerospace Workers, AFL-CIO","Initial","Single Labor Organization","Certific. of Representative","Closed","All tug boat pilots, employed by the Employer, at its John C. Stennis Space Center facility located in NSTL Station, Mississippi; excluding all office clerical employees, professional employees, managerial employees, guards and supervisors as defined in the Act.",NA,NA,NA,23,2002-10-01,2002-10-01,"<5",TRUE,"RC","Yes","International Association of Machinists and Aerospace Workers, AFL-CIO",1,"IAM",1,"Yes",0
"15-RC-008424",NA,"Coastal Paper Co.",2002-10-10,2002-12-03,"Wiggins","MS","A",2002-11-21,104,0,"PACE International Union AFL-CIO",42,NA,NA,NA,NA,55,97,"N",1,"N",NA,"Initial","Single Labor Organization","Certification of Results","Closed","All production, maintenance, electrical, shipping, and storeroom/receiving employees, employed by the Employer, at its Wiggins, Mississippi facility located in Wiggins, Mississippi; excluding all office clerical employees, professional employees, guards and supervisors as defined by the Act.",NA,NA,NA,42,2002-10-01,2002-10-01,"101-500",TRUE,"RC","Yes","PACE International Union AFL-CIO",1,"USW",0.43298969072165,"No",7
NA,NA,NA,NA,NA,NA,NA,NA,NA,NA,NA,NA,NA,NA,NA,NA,NA,NA,NA,NA,NA,NA,NA,NA,NA,NA,NA,NA,NA,NA,NA,NA,NA,NA,NA,NA,NA,NA,NA,NA,NA,NA,NA,NA
NA,NA,NA,NA,NA,NA,NA,NA,NA,NA,NA,NA,NA,NA,NA,NA,NA,NA,NA,NA,NA,NA,NA,NA,NA,NA,NA,NA,NA,NA,NA,NA,NA,NA,NA,NA,NA,NA,NA,NA,NA,NA,NA,NA
"15-RC-008422",NA,"Government Contracting Resources",2002-09-24,2002-10-28,"Moss Point","MS","A",2002-10-18,20,0,"International Association of Machinists and Aerospace Workers, AFL-CIO",16,NA,NA,NA,NA,0,16,"N",1,"N","International Association of Machinists and Aerospace Workers, AFL-CIO","Initial","Single Labor Organization","Certific. of Representative","Closed","All transportation employees employed by the Employer at Naval Air Station, Pensacola, Florida and at Naval Station, Pascagoula, Mississippi; excluding all office clerical employees, professional employees, managerial employees, guards, and supervisors as defined in the Act.",NA,NA,NA,24,2002-10-01,2002-07-01,"11-25",TRUE,"RC","Yes","International Association of Machinists and Aerospace Workers, AFL-CIO",1,"IAM",1,"Yes",4
"26-RD-001068",NA,"Sears Logistics Services, Inc.",2002-07-17,2003-12-30,"Olive Branch","MS","A",2003-12-19,238,0,"IUE Local 282, Furniture Workers Council",112,NA,NA,NA,NA,83,195,"N",1,"N","IUE Local 282, Furniture Workers Council","Initial","Single Labor Organization","Certific. of Representative","Closed","All merchandise handlers (certified and non-certified), material handlers (certified and non-certified), all lead associates, warehouse associates, plant clerical associates, maintenance associates, maintenance mechanics, and mechanic helpers.  
Excluding all office clerical associates, guards, watchmen, confidential associates and supervisors as defined in the Act.",NA,NA,NA,520,2003-10-01,2002-07-01,"101-500",TRUE,"RD","Yes","IUE Local 282, Furniture Workers Council",1,"CWA",0.574358974358974,"Yes",43
"26-RC-008338",NA,"Cooper Tire Company",2002-07-12,2002-11-12,"Tupelo","MS","A",2002-08-23,1006,6,"United Steelworkers of America, AFL-CIO-CLC",329,NA,NA,NA,NA,641,970,"N",1,"N",NA,"Initial","Single Labor Organization","Certification of Results","Closed","Inc:  All production and warehouse employees of Cooper Tire & Rubber Company at its Tupelo, Mississippi production facility.

Exc:  All other employees, including office clerical employees, factory clerical employees, laboratory technicians (Associates Department 455), tire engineering technicians (Specialists Department 426), test wheel technicians (Operators Department 426), quality assurance technicians (Operators Department 445 extrusion technicians (Specialists Department 426), centralized storekeepers (Associates and Operators Department 447), guards, watchmen, and supervisors (including leaders) as defined by the Act.",NA,NA,NA,42,2002-07-01,2002-07-01,"500>",TRUE,"RC","Yes","United Steelworkers of America, AFL-CIO-CLC",1,"USW",0.339175257731959,"No",36
"15-RC-008407",NA,"Unloading Services",2002-07-09,2002-08-26,"Pearl","MS","A",2002-08-16,13,0,"Laborers International Union of North America Local 145, AFL-CIO",8,NA,NA,NA,NA,3,11,"N",0,"N","Laborers International Union of North America Local 145, AFL-CIO","Initial","Single Labor Organization","Certific. of Representative","Closed","All regular full time and part time lumpers employed by the Employer, Unloading Services Inc., at the US Food Services facility located in Peal, Mississippi and excluding all other employees including supervisors, office clerical employees and guards as defined in the Act.",NA,NA,NA,38,2002-07-01,2002-07-01,"11-25",TRUE,"RC","Yes","Laborers International Union of North America Local 145, AFL-CIO",1,"LIUNA",0.727272727272727,"Yes",2
"22-RD-001351",NA,"Miss Action For Progress, Inc",2002-06-04,2002-10-04,"Vicksburg","MS","A",2002-11-26,85,1,"IUE",50,NA,NA,NA,NA,20,70,"N",10,"N","IUE","Initial","Single Labor Organization","Transferred","Closed",NA,NA,NA,NA,175,2002-10-01,2002-04-01,"51-100",TRUE,"RD","Yes","IUE",1,"CWA",0.714285714285714,"Other",15
"26-RC-008329",NA,"Rexam Beverage Can Americas",2002-05-14,2002-07-09,"Olive Branch","MS","A",2002-06-26,96,0,"United Steelworkers of America, AFL-CIO-CLC",29,NA,NA,NA,NA,64,93,"N",0,"N",NA,"Initial","Single Labor Organization","Certification of Results","Closed","INCLUDED:  All production and maintenance employees, employed by the Employer at its Olive Branch, Mississippi facility.
EXCLUDED:  All office clerical employees, professional employees, guards, and supervisors as defined in the Act.",NA,NA,NA,43,2002-04-01,2002-04-01,"51-100",TRUE,"RC","Yes","United Steelworkers of America, AFL-CIO-CLC",1,"USW",0.311827956989247,"No",3
"15-RC-008393",NA,"Croft Metals, Inc.",2002-04-05,2006-10-30,"McComb","MS","A",2006-10-20,308,2,"INTERNATIONAL BROTHERHOOD OF BOILERMAKERS, IRON SHIP BUILDERS, BLACKSMITHS,F ORGERS AND HELPERS, AFL-CIO",246,NA,NA,NA,NA,37,283,"N",16,"N","INTERNATIONAL BROTHERHOOD OF BOILERMAKERS, IRON SHIP BUILDERS, BLACKSMITHS,F ORGERS AND HELPERS, AFL-CIO","Initial","Single Labor Organization","Certific. of Representative","Closed","Included: All production and maintenance employees employed at the Company's Magnolia manufacturing facility, including material inventory clerks, plant clerical employees, inter-plant driver, and lead persons.

Excluded: All over-the-road truck drivers, quality control employees, office clerical employees, professional and technical employees, plant nurse, corporate traffic records lead person, corporate traffic records clerk, personnel technician, CAD technician, accounting and payroll clerk, production control clerk, watchmen, guards, and supervisors as defined in the Act.",NA,NA,NA,1659,2006-10-01,2002-04-01,"101-500",TRUE,"RC","Yes","INTERNATIONAL BROTHERHOOD OF BOILERMAKERS, IRON SHIP BUILDERS, BLACKSMITHS,F ORGERS AND HELPERS, AFL-CIO",1,"IBB",0.869257950530035,"Yes",25
"15-RC-008383",NA,"Coast Electric Power Association",2002-02-19,2002-04-29,"Gulfport","MS","A",2002-03-27,91,1,"International Brotherhood of Electrical Workers Local 903",9,NA,NA,NA,NA,81,90,"N",0,"N",NA,"Initial","Single Labor Organization","Certification of Results","Closed","All Servicemen, Right of Way Workers, Lead Linemen, Journeymen Linemen, Apprentice Linemen, Vehicle Maintenance Personnel, Building Maintenance Personnel, Meter Technicians, Sub-Station Technicians, Underground Personnel, Meter Readers, Warehousemen, and Field Service Representative.

 Excluded:  Office clerical employees, pispatchers, professional employees, guards, and supervisors as defined in the Act.",NA,NA,NA,36,2002-01-01,2002-01-01,"51-100",TRUE,"RC","Yes","International Brotherhood of Electrical Workers Local 903",1,"IBEW",0.1,"No",1
"26-RD-001059",NA,"MMC Materials, Inc.",2002-01-30,2004-05-03,"Coldwater","MS","A",2004-04-23,52,0,"IUE/CWA Furniture Workers Council, Local 282 AFL-CIO",33,NA,NA,NA,NA,18,51,"N",0,"N","IUE/CWA Furniture Workers Council, Local 282 AFL-CIO","Initial","Single Labor Organization","Certific. of Representative","Closed","Included:  All production and maintenance employees and truck drivers, including mixer truck drivers, back-up plant operator, mechanics, shop leader, plant operators (batchmen), dispatchers, and loader operators employed by the Employer at its Hernando, Horn Lake, Olive Branch, Robinsonville, Coldwater and Senatobia, Mississippi, and Collierville, Tennessee ready-mix plants.
Excluded:  All office and plant clerical employees, professional employees, quality control-safety employee(s), watchmen, guards and supervisors as defined in the Act.",NA,NA,NA,814,2004-04-01,2002-01-01,"51-100",TRUE,"RD","Yes","IUE/CWA Furniture Workers Council, Local 282 AFL-CIO",1,"CWA",0.647058823529412,"Yes",1
NA,NA,NA,NA,NA,NA,NA,NA,NA,NA,NA,NA,NA,NA,NA,NA,NA,NA,NA,NA,NA,NA,NA,NA,NA,NA,NA,NA,NA,NA,NA,NA,NA,NA,NA,NA,NA,NA,NA,NA,NA,NA,NA,NA
NA,NA,NA,NA,NA,NA,NA,NA,NA,NA,NA,NA,NA,NA,NA,NA,NA,NA,NA,NA,NA,NA,NA,NA,NA,NA,NA,NA,NA,NA,NA,NA,NA,NA,NA,NA,NA,NA,NA,NA,NA,NA,NA,NA
"26-RD-001055",NA,"Sun Pipeline Company",2001-12-28,2002-03-23,"Oxford","MS","A",2002-03-15,48,0,"PACE Local 5-1510",23,NA,NA,NA,NA,20,43,"N",1,"N","PACE Local 5-1510","Initial","Revised Single Labor Org","Certific. of Representative","Closed","Inc:  All hourly paid employees on the Mid-Valley system, employed in the following classifications, Sr. Technician, Technician, Jr. Technician, Terminal Operator, Welder, Sr. Pipeliner, Pipeliner, and Jr. Pipeliner.

Exc:  All professional employees, non-exempt salaried employees, guards, and supervisors as defined in the Act.",NA,NA,NA,77,2002-01-01,2001-10-01,"26-50",TRUE,"RD","Yes","PACE Local 5-1510",1,"USW",0.534883720930233,"Yes",5
"26-RD-001055",NA,"Sun Pipeline Company",2001-12-28,2002-03-23,"Oxford","MS","A",2002-02-19,48,0,"PACE Local 5-1510",23,NA,NA,NA,NA,20,43,"Y",4,"Y","PACE Local 5-1510","Initial","Single Labor Organization","Certific. of Representative","Closed","Inc:  All hourly paid employees on the Mid-Valley system, employed in the following classifications, Sr. Technician, Technician, Jr. Technician, Terminal Operator, Welder, Sr. Pipeliner, Pipeliner, and Jr. Pipeliner.

Exc:  All professional employees, non-exempt salaried employees, guards, and supervisors as defined in the Act.",NA,NA,NA,53,2002-01-01,2001-10-01,"26-50",FALSE,"RD","Yes","PACE Local 5-1510",1,"USW",0.534883720930233,"Yes",5
"15-RC-008368",NA,"Sysco Food Services of Jackson, Mississippi",2001-10-30,2001-12-18,"JACKSON","MS","A",2001-12-05,223,0,"Teamsters Local Union No. 891",68,NA,NA,NA,NA,132,200,"N",17,"N",NA,"Initial","Single Labor Organization","Certification of Results","Closed","All full-time and regular part-time employees in the classifications of delivery, shuttle, yard, over-the-road drivers, transportation dispatchers, driver check-in clerks, transportation clerk, non-supervisory warehouse workers, receivers, forklift drivers, will-call clerks, quality control clerks, inventory control clerks, truck spotters, slotters, re-slotters, checkers, customer service representatives, selectors, loaders, shipping clerks, non-supervisory maintenance employees including building services and fueler; excluding all other office clericals, managerial employees, professional employees, guards and supervisors as defined in the Act.",NA,NA,NA,36,2001-10-01,2001-10-01,"101-500",TRUE,"RC","Yes","Teamsters Local Union No. 891",1,"Teamsters",0.34,"No",23
"26-RC-008291",NA,"Hunter Fan Warehouse",2001-10-01,2002-05-02,"Byhalia","MS","A",2002-04-24,80,5,"IUE-CWA",12,NA,NA,NA,NA,62,74,"N",0,"N",NA,"Rerun","Single Labor Organization","Certification of Results","Closed","Included:  All production, warehouse and maintenance employees, including lead people, and including shipping and receiving employees.

Excluded:  All temporary and seasonal employees, office clerical employees, watchmen, guards, and supervisors as defined in the Act.",NA,NA,NA,205,2002-04-01,2001-10-01,"51-100",TRUE,"RC","Yes","IUE-CWA",1,"CWA",0.162162162162162,"No",6
"26-RC-008291",NA,"Hunter Fan Warehouse",2001-10-01,2002-05-02,"Byhalia","MS","A",2001-11-16,78,1,"IUE-CWA",29,NA,NA,NA,NA,46,75,"N",1,"N",NA,"Initial","Single Labor Organization","Certification of Results","Closed","Included:  All production, warehouse and maintenance employees, including lead people, and including shipping and receiving employees.

Excluded:  All temporary and seasonal employees, office clerical employees, watchmen, guards, and supervisors as defined in the Act.",NA,NA,NA,46,2001-10-01,2001-10-01,"51-100",FALSE,"RC","Yes","IUE-CWA",1,"CWA",0.386666666666667,"No",3
"26-RD-001049",NA,"Alliant Tech Systems",2001-09-17,2002-08-06,"Iuka","MS","A",2002-07-25,71,0,"International Association of Machinists and Aerospace Workers",27,NA,NA,NA,NA,38,65,"N",0,"N",NA,"Initial","Single Labor Organization","Certification of Results","Closed","Inc:  All full-time and regular part-time production and maintenance employees, including manufacturing process technicians, quality technicians, maintenance technicians, test and evaluation technicians, and material/production control administrators, employed by the Employer at its facility located at Buuildings 1000 and 1016, 751 County Road 989, Iuka, Mississippi.

Exc:  All office clerical employees, professional employees, supervisors, and guards as defined in the Act, including all lead technicians and security system administrators.",NA,NA,NA,311,2002-07-01,2001-07-01,"51-100",TRUE,"RD","Yes","International Association of Machinists and Aerospace Workers",1,"IAM",0.415384615384615,"No",6
"15-RC-008355",NA,"Atlas Insulators, Inc.",2001-08-24,2001-10-31,"JACKSON","MS","A",2001-09-14,34,NA,"Int. Assoc. of Heat Frost Insulators and Asbestos Workers, Local 114, AFL-CIO",17,NA,NA,NA,NA,5,22,"N",17,"Y","Int. Assoc. of Heat Frost Insulators and Asbestos Workers, Local 114, AFL-CIO","Initial","Single Labor Organization","Certific. of Representative","Closed","ALL FULL TIME AND PART TIME INSULATORS AND APPLICATORS EMPLOYED BY THE ATLAS INSULATION, INCORPORATED; EXCLUDING ALL OFFICE CLERICAL EMPLOYEES, GUARDS, PROFESSIONAL EMPLOYEES AND SUPERVISORS AS DEFINED IN THE ACT.",NA,NA,NA,21,2001-07-01,2001-07-01,"26-50",TRUE,"RC","Yes","Int. Assoc. of Heat Frost Insulators and Asbestos Workers, Local 114, AFL-CIO",1,"Insulators",0.772727272727273,"Yes",12
"26-RC-008280",NA,"Quebecor World",2001-08-17,2001-10-09,"Corinth","MS","A",2001-09-27,668,3,"Graphic Communications International Union, Local 2001AM",255,NA,NA,NA,NA,371,626,"N",2,"N",NA,"Initial","Single Labor Organization","Certification of Results","Closed","Inc:  All regular full-time production and maintenance employees and leadpersons (which includes those located in the prep, helio, cylinder, plating, offset, proof and gravure pressrooms, binderies, mail and shipping, back copy, manufacturing services, receiving, paper warehouse, storeroom, boiler room, tank farm, quality control, and waste paper areas) employed by the Employer at its Coninth, Misissippi facility.

Exc:  All othger employees, part-time and temporary employees, engineering employees, office clerical employees, markup analysts, customer service employees, chemical lab employees, data processing employees, traffic coordinators, distribution expediters and clerks, production scheduling employees, paper control employees, technicl, confidential and professonal employees, guards, and supervisors as defined in the Act.",NA,NA,NA,41,2001-07-01,2001-07-01,"500>",TRUE,"RC","Yes","Graphic Communications International Union, Local 2001AM",0,"Uncoded",0.407348242811502,"No",42
"15-RC-008351",NA,"SANDERSON FARMS",2001-07-31,2001-09-25,"FERNWOOD","MS","A",2001-09-13,48,NA,"UNITED FOOD & COMMERCIAL WORKERS, LOCAL 1529",45,NA,NA,NA,NA,3,48,"N",0,"N","UNITED FOOD & COMMERCIAL WORKERS, LOCAL 1529","Initial","Single Labor Organization","Certific. of Representative","Closed","ALL FEED MILL EMPLOYEES AND TRUCK DRIVERS EMPLOYED BY SANDERSON FARMS, INC. (PRODUCTION DIVISION) AT ITS FERNWOOD, MISSISSIPPI FACILITY; EXCLUDING ALL GUARDS, OFFICE CLERICALS, CONFIDENTIAL EMPLOYEES AND SUPERVISORS AS DEFINED IN THE ACT.",NA,NA,NA,44,2001-07-01,2001-07-01,"26-50",TRUE,"RC","Yes","UNITED FOOD & COMMERCIAL WORKERS, LOCAL 1529",1,"UFCW",0.9375,"Yes",0
"26-RC-008257",NA,"Sherrill Enterprises",2001-05-10,2001-09-04,"Belzoni","MS","A",2001-08-31,25,0,"United Food and Commercial Workers Local 1529",13,NA,NA,NA,NA,10,23,"N",2,"N","United Food and Commercial Workers Local 1529","Initial","Revised Single Labor Org","Certific. of Representative","Closed","Included:  All production and maintenance employees, including shipping and receiving employees, quality control employees, inspectors, sewer/assemblers, seamstress, cutting room employees, and machine operators employed by Sherrill Enterprises, Inc. at its facility in Belzoni, Mississippi.

Excluded:  All other employees, including office clerical employees, professional employees, mechanic, technical employees, salaried employees, guards, and supervisors as defined in the Act.",NA,NA,NA,113,2001-07-01,2001-04-01,"11-25",TRUE,"RC","Yes","United Food and Commercial Workers Local 1529",1,"UFCW",0.565217391304348,"Yes",2
"26-RC-008257",NA,"Sherrill Enterprises",2001-05-10,2001-09-04,"Belzoni","MS","A",2001-06-15,25,0,"United Food and Commercial Workers Local 1529",13,NA,NA,NA,NA,10,23,"N",10,"Y","United Food and Commercial Workers Local 1529","Initial","Single Labor Organization","Certific. of Representative","Closed","Included:  All production and maintenance employees, including shipping and receiving employees, quality control employees, inspectors, sewer/assemblers, seamstress, cutting room employees, and machine operators employed by Sherrill Enterprises, Inc. at its facility in Belzoni, Mississippi.

Excluded:  All other employees, including office clerical employees, professional employees, mechanic, technical employees, salaried employees, guards, and supervisors as defined in the Act.",NA,NA,NA,36,2001-04-01,2001-04-01,"11-25",FALSE,"RC","Yes","United Food and Commercial Workers Local 1529",1,"UFCW",0.565217391304348,"Yes",2
"15-RC-008338",NA,"Government Contracting Resources, Inc.",2001-05-09,2001-06-04,"NAS, MERIDIAN","MS","A",2001-05-23,35,0,"International Association of Machinists and Aerospace Workers, AFL-CIO",27,NA,NA,NA,NA,5,32,"N",0,"N","International Association of Machinists and Aerospace Workers, AFL-CIO","Initial","Single Labor Organization","Certific. of Representative","Closed","ALL FULL TIME AND REGULAR PART TIME NONSUPERVISORY EMPLOYEES, INCLUDING LEADMEN, EMPLOYED BY THE EMPLOYER AT NAVAL AIR STATION, MERIDIAN, MISSISSIPPI; EXCLUDING ALL OFFICE CLERICAL EMPLOYEES, PROFESSIONAL EMPLOYEES, FOREMEN, MANAGERS, GUARDS, AND SUPERVISORS AS DEFINED IN THE ACT.",NA,NA,NA,14,2001-04-01,2001-04-01,"26-50",TRUE,"RC","Yes","International Association of Machinists and Aerospace Workers, AFL-CIO",1,"IAM",0.84375,"Yes",3
"15-RC-008327",NA,"MAP (MISSISSIPPI ACTION FOR PROGRESS) HANCOCK COUNTY-BAY WAVELAND CENTER",2001-02-23,2001-04-02,"BAY ST. LOUIS","MS","A",2001-03-23,3,NA,"INTERNATIONAL UNION OF ELECTRICAL, ELECTRONIC, SALARIED, MACHINE",3,NA,NA,NA,NA,0,3,"N",0,"N","INTERNATIONAL UNION OF ELECTRICAL, ELECTRONIC, SALARIED, MACHINE","Initial","Single Labor Organization","Certific. of Representative","Closed","INCLUDED:  ALL FULL TIME AND REGULAR PART TIME FAMILY CASE WORKERS EMPLOYED BY THE EMPLOYER AT ITS HANCOCK COUNTY HEAD START FACILITIES (BAY WAVELAND CENTER) EXCLUDING CENTER ADMINISTRATOR, CENTER CLERK, FAMILY CASE WORKER AIDES, TEACHERS AIDES, BUS DRIVERS, BUS MONITORS, COOKS, ASSISTANT COOKS, JANITORS, MAINTENANCE, AND NONPROFESSIONAL AIDES, HEAD TEACHER, MANAGERIAL EMPLOYEES, OFFICE CLERICAL EMPLOYEES, PROFESSIONAL EMPLOYEES, GUARDS, AND SUPERVISORS AS DEFINED BY THE ACT.",NA,NA,NA,28,2001-01-01,2001-01-01,"<5",TRUE,"RC","Yes","INTERNATIONAL UNION OF ELECTRICAL, ELECTRONIC, SALARIED, MACHINE",0,"Uncoded",1,"Yes",0
"15-RC-008325",NA,"HARRAH CASINO - GAMING",2001-02-20,2001-04-10,"VICKSBURG","MS","A",2001-03-31,14,0,"INTERNATIONAL UNION OF ELECTRONIC, ELECTRICAL, SALARIED, MACHINE AND CWA WORKERS OF AMERICA",0,NA,NA,NA,NA,12,12,"N",0,"N",NA,"Initial","Single Labor Organization","Certification of Results","Closed","INCLUDED:  ALL REGULAR FULL-TIME, REGULAR PART-TIME, AND ON CALL VALET PARKERS.
EXCLUDED:  OFFICE CLERICAL EMPLOYEES, MANAGERIAL EMPLOYEES, PROFESSIONAL EMPLOYEES, GUARDS AND SUPERVISORS AS DEFINED IN THE ACT.",NA,NA,NA,39,2001-01-01,2001-01-01,"11-25",TRUE,"RC","Yes","INTERNATIONAL UNION OF ELECTRONIC, ELECTRICAL, SALARIED, MACHINE AND CWA WORKERS OF AMERICA",1,"CWA",0,"No",2
"15-RC-008323",NA,"MISSISSIPPI ACTION FOR PROGRESS HANCOCK COUNTY-BAY WAVELAND CENTER",2001-02-09,2001-04-02,"Bay St. Louis","MS","A",2001-03-23,28,NA,"COMMUNICATION WORKERS OF AMERICA",24,NA,NA,NA,NA,2,26,"N",2,"N","COMMUNICATION WORKERS OF AMERICA","Initial","Single Labor Organization","Certific. of Representative","Closed","All full time and regular part time teachers, teachers aides, family case owkrer aides, bus drivers, bus monitors, cooks, assistant cooks, janitors, maintenance, and nonprofessional aides employed by the Employer at its Hancock County Head Start facilities (Bay Waveland Center) excluding center administrator, center clerk, family case workers, head teacher, managerial employees, office clerical employees, professional employees, guards, and supervisors as defined by the Act.",NA,NA,NA,42,2001-01-01,2001-01-01,"26-50",TRUE,"RC","Yes","COMMUNICATION WORKERS OF AMERICA",1,"CWA",0.923076923076923,"Yes",2
"26-RC-008241",NA,"Bristol Hotel Management Corp., d/b/a Whispering Woods Hotel and Conference Center",2001-02-02,2001-04-06,"Olive Branch","MS","A",2001-03-29,84,1,"UFCW, Local 1529, AFL-CIO, CLC",19,NA,NA,NA,NA,52,71,"N",7,"N",NA,"Initial","Single Labor Organization","Certification of Results","Closed","Included:  All full time and part-time housekeeping, laundry, parlor, kitchen, pantry, dining room, banquet, front-desk employees, sales and reservation employees, van drivers, maintenance employees and golf course employees of the  Employer at Olive Branch, Mississippi. 
Excluded:  All other employees, including pro shop employees, general office and administrative employees, office clerical employees, temporary and casual employees, captains, managers, guards, and supervisors, as defined in the Act.",NA,NA,NA,55,2001-01-01,2001-01-01,"51-100",TRUE,"RC","Yes","UFCW, Local 1529, AFL-CIO, CLC",1,"UFCW",0.267605633802817,"No",13
"26-RC-008224",NA,"Lockheed Martin",2000-10-30,2000-12-18,"Columbus Air Force Base","MS","A",2000-12-08,4,0,"IAM, AFL-CIO",4,NA,NA,NA,NA,0,4,"N",0,"N","IAM, AFL-CIO","Initial","Single Labor Organization","Certific. of Representative","Closed","INCLUDED:  All T1-A Flight Simulator Maintenance employees.

EXCLUDED:  All office clerical employees, professional, managerial employees, guards and supervisors as defined by the Act.",NA,NA,NA,39,2000-10-01,2000-10-01,"<5",TRUE,"RC","Yes","IAM, AFL-CIO",1,"IAM",1,"Yes",0
"17-RC-011921",NA,"Holland Nameplate & Engraving Co.",2000-10-11,2001-01-03,"Kansas City","MS","A",2000-12-13,29,0,"GCIU, Local 235-M",18,NA,NA,NA,NA,10,28,"N",0,"N","GCIU, Local 235-M","Initial","Single Labor Organization","Certific. of Representative","Closed","[ All full-time and regular part-time production and maintenance employees of the Employer employed at 422 Admiral Bouldevard, Kansas City, Missouri, but EXCLUDING all office clerical employees, professional employees, guards and supervisors as defined in the Act.  ]",NA,NA,NA,63,2000-10-01,2000-10-01,"26-50",TRUE,"RC","Yes","GCIU, Local 235-M",1,"Teamsters",0.642857142857143,"Yes",1
NA,NA,NA,NA,NA,NA,NA,NA,NA,NA,NA,NA,NA,NA,NA,NA,NA,NA,NA,NA,NA,NA,NA,NA,NA,NA,NA,NA,NA,NA,NA,NA,NA,NA,NA,NA,NA,NA,NA,NA,NA,NA,NA,NA
NA,NA,NA,NA,NA,NA,NA,NA,NA,NA,NA,NA,NA,NA,NA,NA,NA,NA,NA,NA,NA,NA,NA,NA,NA,NA,NA,NA,NA,NA,NA,NA,NA,NA,NA,NA,NA,NA,NA,NA,NA,NA,NA,NA
"26-RC-008206",NA,"Peco Foods, Inc.",2000-09-08,2000-10-16,"Brooksville","MS","A",2000-10-06,451,0,"UFCW Local 1991",414,NA,NA,NA,NA,21,435,"N",2,"N","UFCW Local 1991","Initial","Single Labor Organization","Certific. of Representative","Closed","INCLUDED:  All production and maintenance employees of Peco Foods of Brooksville, Inc. including sanitation employees and lead employees, employed by the Employer at its Brooksville, MS facility.

EXCLUDED:  All other employees, office clerical employees, quality control employees, guards, and supervisors as defined in the Act.",NA,NA,NA,28,2000-10-01,2000-07-01,"101-500",TRUE,"RC","Yes","UFCW Local 1991",1,"UFCW",0.951724137931034,"Yes",16
"15-RC-008306",NA,"SAUER INCORPORATED",2000-09-07,2001-03-15,"MERIDIAN","MS","A",2000-10-11,7,0,"LABORER'S INTERNATIONAL UNION OF NORTH AMERICA, LOCAL 145",1,NA,NA,NA,NA,0,1,"N",4,"Y",NA,"Initial","Single Labor Organization","Certification of Results","Closed","ALL FULL TIME AND REGULAR PART TIME LABORERS EMPLOYED BY THE EMPLOYER AT ITS NAS MERIDIAN JOB SITE; EXCLUDING OFFICE CLERICAL EMPLOYEES, PROFESSIONAL EMPLOYEES, GUARDS, AND SUPERVISORS AS DEFINED IN THE ACT.",NA,NA,NA,34,2000-10-01,2000-07-01,"6-10",TRUE,"RC","Yes","LABORER'S INTERNATIONAL UNION OF NORTH AMERICA, LOCAL 145",0,"Uncoded",1,"No",6
"15-RC-008304",NA,"MISSISSIPPI ACTION FOR PROGRESS PEARL RIVER COUNTY-PICAYUNE COMPLEX FACILITY",2000-09-05,2000-10-27,"Picayune","MS","A",2000-10-17,35,0,"INTERNATIONAL UNION OF ELECTRONIC, ELECTRICAL, SALARIED, MACHINE AND FURNITURE WORKERS, AFL-CIO",22,NA,NA,NA,NA,11,33,"N",3,"N","INTERNATIONAL UNION OF ELECTRONIC, ELECTRICAL, SALARIED, MACHINE AND FURNITURE WORKERS, AFL-CIO","Initial","Single Labor Organization","Certific. of Representative","Closed","INCLUDED-ALL FULL TIME AND REGULAR PART TIME TEACHERS, TEACHER AIDES, FAMILY CASE WORKER AIDES, BUS DRIVERS, BUS MONITORS, COOKS, ASSISTANT COOKS, JANITORS, MAINTENANCE, AND NONPROFESSIONAL AIDES EMPLOYED BY THE EMPLOYER AT ITS PEARL RIVER COUNTY HEAD START FACILITIES (PICAYUNE COMPLEX).
EXCLUDING-CENTER ADMINISTRATOR, CENTER CLERK, FAMILY CASE WORKERS, HEAD TEACHER, MANAGERIAL EMPLOYEES, OFFICE CLERICAL EMPLOYEES, PROFESSIONAL EMPLOYEES, GUARDS AND SUPERVISORS AS DEFINED BY THE ACT.",NA,NA,NA,42,2000-10-01,2000-07-01,"26-50",TRUE,"RC","Yes","INTERNATIONAL UNION OF ELECTRONIC, ELECTRICAL, SALARIED, MACHINE AND FURNITURE WORKERS, AFL-CIO",0,"Uncoded",0.666666666666667,"Yes",2
"26-RC-008200",NA,"Batesville Casket Company",2000-07-25,2000-09-18,"Batesville","MS","A",2000-09-08,287,0,"Furniture Workers Division I.U.E., Local 282 AFL-CIO",61,NA,NA,NA,NA,212,273,"N",4,"N",NA,"Initial","Single Labor Organization","Certification of Results","Closed","INCLUDED:  All production and maintenance employees including team leaders, shipping clerk, tool attendant and equipment fabricator employed by Batesville Casket Company at its Batesville, Mississippi facility.

EXCLUDED:  All other employees including office clerical employees, managerial employees, confidential employees, technical employees, professional employees, guards, watchmen and supervisors as defined in the Act.",NA,NA,NA,45,2000-07-01,2000-07-01,"101-500",TRUE,"RC","Yes","Furniture Workers Division I.U.E., Local 282 AFL-CIO",0,"Uncoded",0.223443223443223,"No",14
"15-RC-008289",NA,"MISSISSIPPI ACTION FOR PROGRESS CLAIBORNE COUNTY, RICHARDSON FACILITY",2000-06-26,2000-08-15,"PORT GIBSON","MS","A",2000-08-04,3,0,"INTERNATIONAL UNION OF ELECTRONIC, ELECTRICAL, SALARIED, MACHINE AND FURNITURE WORKERS, AFL-CIO",3,NA,NA,NA,NA,0,3,"N",0,"N","INTERNATIONAL UNION OF ELECTRONIC, ELECTRICAL, SALARIED, MACHINE AND FURNITURE WORKERS, AFL-CIO","Initial","Single Labor Organization","Certific. of Representative","Closed","ALL FULL TIME AND REGULAR PART TIME FAMILY CASE WORKERS, CENTER CLERKS AND OFFICE CLERICAL EMPLOYEES EMPLOYED BY THE EMPLOYER AT TIS CLAIBORNE COUNTY HEAD START FACILITY (RICHARDSON CENTER) EXCLUDING ALL OTHER EMPLOYEES, CENTER ADMINISTRATOR, HEAD TEACHER, MANAGERIAL EMPLOYEES, PROFESSIONAL EMPLOYEES, GUARDS, AND SUPERVISORS AS DEFINED BY THE ACT.",NA,NA,NA,39,2000-07-01,2000-04-01,"<5",TRUE,"RC","Yes","INTERNATIONAL UNION OF ELECTRONIC, ELECTRICAL, SALARIED, MACHINE AND FURNITURE WORKERS, AFL-CIO",0,"Uncoded",1,"Yes",0
"15-RC-008288",NA,"MISSISSIPPI ACTION FOR PROGRESS, INC.",2000-06-26,2000-08-15,"PORT GIBSON","MS","A",2000-08-04,41,0,"INTERNATIONAL UNION OF ELECTRONIC, ELECTRICAL, SALARIED, MACHINE AND FURNITURE WORKERS, AFL-CIO",37,NA,NA,NA,NA,0,37,"N",2,"N","INTERNATIONAL UNION OF ELECTRONIC, ELECTRICAL, SALARIED, MACHINE AND FURNITURE WORKERS, AFL-CIO","Initial","Single Labor Organization","Certific. of Representative","Closed","ALL FULL TIME AND REGULAR PART TIME TEACHERS, TEACHERS AIDES, FAMILY CASE WORKER AIDES, BUS DRIVERS, BUS MONITORS, COOKS, ASSISTANT COOKS, JANITORS, MAINTENANCE, AND NONPROFESSIONAL AIDES EMPLOYED BY THE EMPLOYER AT ITS CLAIBORNE COUNTY HEAD START FACILITIES (RICHARDSON CENTER)EXCLUDING CENTER ADMINISTRATOR, CENTER CLERK, FAMILY CASE WORKERS, HEAD TEACHER, MANAGERIAL EMPLOYEES, OFFICE CLERICAL EMPLOYEES, PROFESSIONAL EMPLOYEES, GUARDS, AND SUPERVISORS AS DEFINED BY THE ACT.",NA,NA,NA,39,2000-07-01,2000-04-01,"26-50",TRUE,"RC","Yes","INTERNATIONAL UNION OF ELECTRONIC, ELECTRICAL, SALARIED, MACHINE AND FURNITURE WORKERS, AFL-CIO",0,"Uncoded",1,"Yes",4
"15-RC-008287",NA,"MISSISSIPPI ACTION FOR PROGRESS FRANKLIN COUNTY HEAD START, FRANKLIN COMPLEX",2000-06-26,2000-08-15,"ROXIE","MS","A",2000-08-03,1,0,"INTERNATIONAL UNION OF ELECTRONIC, ELECTRICAL, SALARIED, MACHINE AND FURNITURE WORKERS, AFL-CIO",0,NA,NA,NA,NA,0,0,"N",0,"N",NA,"Initial","Single Labor Organization","Certification of Results","Closed","ALL FULL TIME AND REGULAR PART TIME FAMILY CASE WORKERS, CENTER CLERKS, AND OFFICE CLERICAL EMPLOYEES, EMPLOYED BY THE EMPLOYER AT TIS FRANKLIN COUNTY HEAD START FACILITY (FRANKLIN COMPLEX) EXCLUDING ALL OTHER EMPLOYEES, CENTER ADMINISTRATOR, HEAD TEACHER, MANAGERIAL EMPLOYEES, PROFESSIONAL EMPLOYEES, GUARDS, AND SUPERVISORS AS DEFINED BY THE ACT.",NA,NA,NA,38,2000-07-01,2000-04-01,"<5",TRUE,"RC","Yes","INTERNATIONAL UNION OF ELECTRONIC, ELECTRICAL, SALARIED, MACHINE AND FURNITURE WORKERS, AFL-CIO",0,"Uncoded",NA,"No",1
"15-RC-008286",NA,"MISSISSIPPI ACTION FOR PROGRESS, INC.",2000-06-26,2000-08-15,"Roxie","MS","A",2000-08-03,24,0,"INTERNATIONAL UNION OF ELECTRONIC, ELECTRICAL, SALARIED, MACHINE AND FURNITURE WORKERS, AFL-CIO",21,NA,NA,NA,NA,0,21,"N",1,"N","INTERNATIONAL UNION OF ELECTRONIC, ELECTRICAL, SALARIED, MACHINE AND FURNITURE WORKERS, AFL-CIO","Initial","Single Labor Organization","Certific. of Representative","Closed","All full time and regular part time teachers, teachers aides family case worker aides, bus drivers, bus monitors, cooks, assistpant cooks, janitors, maintenance, and nonprofessional aides employed by the Employer at its Franklin County Head Start facilities (Franklin Complex) excluding center administrator, center clerk, family case workers, head teacher, managerial employees, office clerical employees, professional employees, guards, and supervisors as defined by the Act.",NA,NA,NA,38,2000-07-01,2000-04-01,"11-25",TRUE,"RC","Yes","INTERNATIONAL UNION OF ELECTRONIC, ELECTRICAL, SALARIED, MACHINE AND FURNITURE WORKERS, AFL-CIO",0,"Uncoded",1,"Yes",3
"15-RC-008280",NA,"TIC  THE INDUSTRIAL COMPANY",2000-06-06,2001-01-24,"Pascagoula","MS","A",2000-08-14,180,1,"PLUMBERS AND STEAMFITTERS, LOCAL UNION 568",67,NA,NA,NA,NA,38,105,"N",43,"Y","PLUMBERS AND STEAMFITTERS, LOCAL UNION 568","Initial","Single Labor Organization","Certific. of Representative","Closed","All pipefitters, pipewelders, pipe helpers, riggers, operators, and leadmen employed by the Employer in the pipe crews at the Employer's Plant Daniel jobsite; excluding all other employees, office clerical employees, professional employees, guards and supervisors as defined by the Act.",NA,NA,NA,69,2000-07-01,2000-04-01,"101-500",TRUE,"RC","Yes","PLUMBERS AND STEAMFITTERS, LOCAL UNION 568",1,"UA",0.638095238095238,"Yes",75
"26-RC-008186",NA,"Lear Ziegler Services, Inc.",2000-06-06,2000-07-21,"Columbus Air Force Base","MS","A",2000-07-13,47,0,"International Association of Machinists and Aerospace Workers, AFL-CIO",27,NA,NA,NA,NA,9,36,"N",0,"N","International Association of Machinists and Aerospace Workers, AFL-CIO","Initial","Single Labor Organization","Certific. of Representative","Closed","INCLUDED:  All full-time and part-time T- 37 / 38 Simulator/Academic Instructors.

EXCLUDED:  All office clerical employees, professional employees, managerial employees, guards and supervisors as defined in the Act.",NA,NA,NA,37,2000-07-01,2000-04-01,"26-50",TRUE,"RC","Yes","International Association of Machinists and Aerospace Workers, AFL-CIO",1,"IAM",0.75,"Yes",11
"15-RC-008279",NA,"American Railcar Industries, Inc.",2000-06-05,2000-07-25,"Bude","MS","A",2000-07-14,89,0,"PACE International Union, AFL-CIO",18,NA,NA,NA,NA,69,87,"N",1,"N",NA,"Initial","Single Labor Organization","Certification of Results","Closed","All hourly production and maintenance employees, including hourly lead persons and hourly inspectors, employed by the Employer at its Bude, Mississippi facility; excluding all office clerical employees, professional employees, watchmen, guards and supervisors as defined in the Act.",NA,NA,NA,39,2000-07-01,2000-04-01,"51-100",TRUE,"RC","Yes","PACE International Union, AFL-CIO",1,"USW",0.206896551724138,"No",2
"15-RC-008278",NA,"The Solar Group",2000-06-01,2000-08-07,"Taylorville","MS","A",2000-07-27,174,0,"Southern Council of Industrial Workers",48,NA,NA,NA,NA,110,158,"N",0,"N",NA,"Initial","Single Labor Organization","Certification of Results","Closed","All assembly, janitor, electrical maintenance, maintenance, painters, production, receiving, shipping, tool room, the welder employees, crew leaders and the over-the-road truck drivers employed by the Employer at plants 1 and 2 in Taylorville, Mississippi, excluding the maintenance crew leader and all clerical, guards, office, management, professional, and supervisory employees as defined by the Act.",NA,NA,NA,56,2000-07-01,2000-04-01,"101-500",TRUE,"RC","Yes","Southern Council of Industrial Workers",0,"Uncoded",0.30379746835443,"No",16
"26-RC-008185",NA,"Saturn Manufacturing Co.",2000-06-01,2000-07-24,"Marks","MS","A",2000-07-14,108,1,"International Union of Operating Engineers, Local 624, AFL-CIO",27,NA,NA,NA,NA,63,90,"N",10,"N",NA,"Initial","Single Labor Organization","Certification of Results","Closed","Included:  All fulltime and regular part time production and maintenance employees, and warehouse employees of the employer, inlcuding plant clerical employees, stock clerk, the receiving clerks, the receiving inspector, the quality technician, the quality analysts, and quality auditors employed by the employer located in Marks, Mississippi. 
Excluded: All other employees, office clerical employees, Kelly  temporary employes, group leaders, guards, and supervisors as defined in the  Act",NA,NA,NA,43,2000-07-01,2000-04-01,"101-500",TRUE,"RC","Yes","International Union of Operating Engineers, Local 624, AFL-CIO",1,"IUOE",0.3,"No",18
"26-RC-008180",NA,"Mississippi Action for Progress Leflore County, (Early Head Start Center",2000-05-10,2000-06-12,"Greenwood","MS","A",2000-06-02,20,0,"International Union of Electronic, Electrical, Salaried, Machine and Furniture Workers, AFL-CIO",13,NA,NA,NA,NA,5,18,"N",1,"N","International Union of Electronic, Electrical, Salaried, Machine and Furniture Workers, AFL-CIO","Initial","Single Labor Organization","Certific. of Representative","Closed","INCLUDED:  All non-exempt employees including all family case worker aides, cooks, assistant cooks, janitors, child care providers, and maintenance employees employed by Mississippi Action for Progress, Inc. in its Leflore County facility located at Early Headstart.
EXCLUDED:  Early Headstart Adminstrator, Center clerk, family case workers, unlicensed case workers, managerial employees, office clerical employees, professional employees, guards and supervisors as defined by the Act.",NA,NA,NA,23,2000-04-01,2000-04-01,"11-25",TRUE,"RC","Yes","International Union of Electronic, Electrical, Salaried, Machine and Furniture Workers, AFL-CIO",0,"Uncoded",0.722222222222222,"Yes",2
"15-RC-008275",NA,"Mississippi Action for Progress Warren County Head Start - King Center",2000-05-09,2000-06-22,"Vicksburg","MS","A",2000-06-12,4,0,"International Union of Electronic, Electrical, Salaried, Machine and Furniture Workers, AFL-CIO",3,NA,NA,NA,NA,0,3,"N",0,"N","International Union of Electronic, Electrical, Salaried, Machine and Furniture Workers, AFL-CIO","Initial","Single Labor Organization","Certific. of Representative","Closed","All full time and regular part time family case workers employed by the Employer at its Warren County Head Start facility (King Center) excluding all other employees, center administrator, center clerk, head teacher, managerial employees, office clerical employees, professional employees, guards, and supervisors as defined by the Act.",NA,NA,NA,34,2000-04-01,2000-04-01,"<5",TRUE,"RC","Yes","International Union of Electronic, Electrical, Salaried, Machine and Furniture Workers, AFL-CIO",0,"Uncoded",1,"Yes",1
"15-RC-008273",NA,"Mississippi Action for Progress Lincoln County Head Start Centers -Lindsey and New Zion",2000-05-02,2000-06-19,"Brookhaven","MS","A",2000-06-08,41,0,"International Union of Electronic, Electrical, Salaried, Machine and Furniture Workers, AFL-CIO",37,NA,NA,NA,NA,0,0,"N",0,"N","International Union of Electronic, Electrical, Salaried, Machine and Furniture Workers, AFL-CIO","Initial","Single Labor Organization","Certific. of Representative","Closed","All full time and regular part time teachers, teachers aides, family case worker aides, bus drivers, bus monitors, cooks assistant cooks,janitors, maintenance, and nonprofessional aides employed by the Employer ats Lincoln County Head Start facilities (Lindsey and New Zion) excluding center administrator, center clerk, family case workers, head teacher, managerial employees, office clerical employees, professional employees, guards, and supervisors as defined by the Act.",NA,NA,NA,37,2000-04-01,2000-04-01,"26-50",TRUE,"RC","Yes","International Union of Electronic, Electrical, Salaried, Machine and Furniture Workers, AFL-CIO",0,"Uncoded",NA,"Yes",4
"26-RC-008176",NA,"Mississippi Action For Progress Leflore County Head Start Centers - J.C. Gilliam Early Head Start, Itta Bena & Sidon",2000-05-02,2000-06-12,"Greenwood","MS","A",2000-06-02,89,1,"International Union of Electronic, Electrial, Salaried, Machine and Furniture Workers, AFL-CIO",62,NA,NA,NA,NA,13,75,"N",0,"N","International Union of Electronic, Electrial, Salaried, Machine and Furniture Workers, AFL-CIO","Initial","Single Labor Organization","Certific. of Representative","Closed","INCLUDED:  All non-exempt employees including all full -time and regular part-time teachers, teacher aides, family case worker aides, bus drivers, bus monitors, cooks, assistant cooks, janitors, providers, and maintenance employees employed by the Employer in its Leflore County facilities located at J.C. Gilliam Headstart, Itta Bena Headstart and Sidon Headstart.
EXCLUDED:  Center Administrator, Center clerk, family case workers, unlicensed case workers, head teacher, managerial employees, office clerical employees, professional employees, guards and supervisors as defined in the Act.",NA,NA,NA,31,2000-04-01,2000-04-01,"51-100",TRUE,"RC","Yes","International Union of Electronic, Electrial, Salaried, Machine and Furniture Workers, AFL-CIO",0,"Uncoded",0.826666666666667,"Yes",14
"15-RC-008272",NA,"Mississippi Action for Progress Warren County Head Start- King Center",2000-05-01,2000-06-19,"Vicksburg","MS","A",2000-06-09,89,0,"International Union of Electronic, Electrical, salaried, machine and furniture Workers, AFL-CIO",55,NA,NA,NA,NA,5,60,"N",7,"N","International Union of Electronic, Electrical, salaried, machine and furniture Workers, AFL-CIO","Initial","Single Labor Organization","Certific. of Representative","Closed","All full time and regular part time teachers, teachers aides, family case worker aides, bus drivers, bus monitors, cooks assistant cooks, janitors, maintenance, and nonprofessional aides employed by the Employer at its Warren County Head Start facilities (King Center) excluding center administrator, center clerk, family case workers, head teacher, managerial employees, office clerical employees, professional employees, guards, and supervisors as defined by the Act.",NA,NA,NA,39,2000-04-01,2000-04-01,"51-100",TRUE,"RC","Yes","International Union of Electronic, Electrical, salaried, machine and furniture Workers, AFL-CIO",0,"Uncoded",0.916666666666667,"Yes",29
"15-RC-008271",NA,"Polyflex Film and Converting, Inc. (PAC-ONE)",2000-04-28,2000-06-20,"Summit","MS","A",2000-06-09,115,0,"Glass, Molders, Pottery, Plastics & Allied Workers International Union, AFL-CIO, CLC",49,NA,NA,NA,NA,59,108,"N",1,"N",NA,"Initial","Single Labor Organization","Certification of Results","Closed","All full and regular part time production and maintenance employees, including quality control, shipping and warehouse employees employed by the Employer at its Summit, Mississippi facility; excluding office clerical employees, technical and professional employees, guards and supervisors as defined by the Act.",NA,NA,NA,42,2000-04-01,2000-04-01,"101-500",TRUE,"RC","Yes","Glass, Molders, Pottery, Plastics & Allied Workers International Union, AFL-CIO, CLC",0,"Uncoded",0.453703703703704,"No",7
"15-RC-008270",NA,"Sysco Food Services of Jackson",2000-04-26,2000-06-05,"Jackson","MS","A",2000-05-24,207,2,"Teamsters, Local 891",84,NA,NA,NA,NA,118,202,"N",0,"N",NA,"Initial","Single Labor Organization","Certification of Results","Closed","All delivery, shuttle, yard and over-the-road drivers, and all nonsupervisory warehouse workers, including receivers, forklift drivers, will call clerks, dock runners, quality control clerks, inventory control clerks, truck spotters, slotters, re-slotters, checkers, driver check-in clerk, transportation clerk, customer services representatives, selectors, loaders, shipping clerks, and all nonsupervisory maintenance employees, including building services and mechanics; excluding roters, beverage technicians, managerial employees, office clericals, professional employees, guards and supervisors as defined in the Act.",NA,NA,NA,28,2000-04-01,2000-04-01,"101-500",TRUE,"RC","Yes","Teamsters, Local 891",1,"Teamsters",0.415841584158416,"No",5
NA,NA,NA,NA,NA,NA,NA,NA,NA,NA,NA,NA,NA,NA,NA,NA,NA,NA,NA,NA,NA,NA,NA,NA,NA,NA,NA,NA,NA,NA,NA,NA,NA,NA,NA,NA,NA,NA,NA,NA,NA,NA,NA,NA
NA,NA,NA,NA,NA,NA,NA,NA,NA,NA,NA,NA,NA,NA,NA,NA,NA,NA,NA,NA,NA,NA,NA,NA,NA,NA,NA,NA,NA,NA,NA,NA,NA,NA,NA,NA,NA,NA,NA,NA,NA,NA,NA,NA
"15-RC-008268",NA,"Beverly Enterprises d/b/a Inglewood Manor Nursing Center",2000-04-07,2000-05-30,"Jackson","MS","A",2000-05-18,57,0,"United Food And Commercial Workers Union, Local 1529",28,NA,NA,NA,NA,24,52,"N",1,"N","United Food And Commercial Workers Union, Local 1529","Initial","Single Labor Organization","Certific. of Representative","Closed","All full-time and regular part-time certified nursing assistants, nursing assistants, CNA scheduler, dietary aides, housekeeping assistants, laundry assistants, cooks and janitors employed by the Employer at its 1900 Chadwick Drive, Jackson, Mississippi facility; excluding all other employees, including registered nurses, licensed practical nurses, Medical Records Clerk, Central Supply Clerk, activities department associates, social services associate, Dietician, Dietary Manager, Maintenance Supervisor, department heads, office clerical employees, temporary and casual employees, professional employees, guards and supervisors as defined in the Act.",NA,NA,NA,41,2000-04-01,2000-04-01,"51-100",TRUE,"RC","Yes","United Food And Commercial Workers Union, Local 1529",1,"UFCW",0.538461538461538,"Yes",5
"26-RC-008167",NA,"Alliant Techsystems",2000-03-27,2000-07-26,"Iuka","MS","A",2000-07-18,98,0,"International Association of Machinists and Aerospace Workers, AFL-CIO",49,NA,NA,NA,NA,48,97,"N",0,"N","International Association of Machinists and Aerospace Workers, AFL-CIO","Initial","Revised Single Labor Org","Certific. of Representative","Closed","INCLUDED:  All full-time and regular part-time production and maintenance employees employed by the Employer at its facility located at Buildings 1000 and 1016, 751 County Road 989, Iuka, Mississippi, including manufacturing process technicians, quality technicians, maintenance technicians, test evaluation technicians, and material/production control adminstrators.
EXCLUDED:  All Office clerical employees,professional employees, supervisors and guards as defined in  the Act, including all lead technicians and security system adminstrators.",NA,NA,NA,113,2000-07-01,2000-01-01,"51-100",TRUE,"RC","Yes","International Association of Machinists and Aerospace Workers, AFL-CIO",1,"IAM",0.505154639175258,"Yes",1
"26-RC-008167",NA,"Alliant Techsystems",2000-03-27,2000-07-26,"Iuka","MS","A",2000-05-11,98,0,"International Association of Machinists and Aerospace Workers, AFL-CIO",48,NA,NA,NA,NA,48,96,"N",1,"Y",NA,"Initial","Single Labor Organization","Certific. of Representative","Closed","INCLUDED:  All full-time and regular part-time production and maintenance employees employed by the Employer at its facility located at Buildings 1000 and 1016, 751 County Road 989, Iuka, Mississippi, including manufacturing process technicians, quality technicians, maintenance technicians, test evaluation technicians, and material/production control adminstrators.
EXCLUDED:  All Office clerical employees,professional employees, supervisors and guards as defined in  the Act, including all lead technicians and security system adminstrators.",NA,NA,NA,45,2000-04-01,2000-01-01,"51-100",FALSE,"RC","Yes","International Association of Machinists and Aerospace Workers, AFL-CIO",1,"IAM",0.5,"Yes",2
"26-RC-008165",NA,"The Tippah Electric Power Association",2000-03-21,2000-05-08,"Ripley","MS","A",2000-04-28,24,0,"IBEW, Local Union No. 852",19,NA,NA,NA,NA,5,24,"N",0,"N","IBEW, Local Union No. 852","Initial","Single Labor Organization","Certific. of Representative","Closed","Included:  All full-time and regular part-time working foremen, linemen, apprentice linemen, all right-of-way personnel (including tree trimmers, tractor drivers and laborers), mechanics, meter readers/collectors and janitor.

Excluded:  All other employees and all guards and supervisors as defined in the Act.",NA,NA,NA,38,2000-04-01,2000-01-01,"11-25",TRUE,"RC","Yes","IBEW, Local Union No. 852",1,"IBEW",0.791666666666667,"Yes",0
"26-RC-008164",NA,"Royal Vendors",2000-03-16,2000-05-08,"Cleveland","MS","A",2000-04-28,112,0,"USWA, AFL-CIO/CLC",24,NA,NA,NA,NA,84,108,"N",2,"N",NA,"Initial","Single Labor Organization","Certification of Results","Closed","Included:  All hourly production and maintenance employees, including metals fabrication employees, welding employees; powder coat painting employees; lead painter employees, foaming employees, refrigeration employees, stacks employees, doors-subassembly employees,  doors-assembly employees;, inner doors-assembly employees, final assembly employees, final checkout employees, shipping employees, receiving employees, material handler employees, shipping and receiving coordinator employees, quality technician employees, maintenance employees, tool and die employees, and waste water technician employees employed by the Employer at its 907 Delta Council Drive facility in Cleveland, 
Mississippi.

Excluded:  Office clerical employees, professional employees, over-the-road truck drivers, guards, and supervisors as defined in the Act.",NA,NA,NA,43,2000-04-01,2000-01-01,"101-500",TRUE,"RC","Yes","USWA, AFL-CIO/CLC",1,"USW",0.222222222222222,"No",4
NA,NA,NA,NA,NA,NA,NA,NA,NA,NA,NA,NA,NA,NA,NA,NA,NA,NA,NA,NA,NA,NA,NA,NA,NA,NA,NA,NA,NA,NA,NA,NA,NA,NA,NA,NA,NA,NA,NA,NA,NA,NA,NA,NA
"15-RC-008262",NA,"Five County Child Development Prgram, Inc. Simpson County-Simpson, Simpson II and Pinola Centers",2000-02-29,2000-04-10,"Mendenhall","MS","A",2000-03-31,28,1,"International Union of Electrical, Electronic, Salaried, Machine and Furniture Workers, AFL-CIO",1,NA,NA,NA,NA,26,27,"N",0,"N",NA,"Initial","Single Labor Organization","Certification of Results","Closed","All full time and regular part time teachers, teachers aides, family case worker aides, bus drivers, bus monitors, cooks, assistant cooks, janitors,maintenance, and nonprofessional and nonmanagerial employees employed by the Employer at its Simpson County Head Start facilities (Mendenhall and Pinola) excluding center administrator, center clerk, managerial employees, office clerical employees, professional employees,guards, and supervisors as defined by the Act.",NA,NA,NA,31,2000-01-01,2000-01-01,"26-50",TRUE,"RC","Yes","International Union of Electrical, Electronic, Salaried, Machine and Furniture Workers, AFL-CIO",0,"Uncoded",0.037037037037037,"No",1
"15-RC-008263",NA,"Five Ciunty Child Development Program, Inc. Covington County Head Start CTRS Collins, Hoepwell and Mt. Olive Centers",2000-02-29,2000-04-10,"Collins","MS","A",2000-03-31,28,0,"International Union of Electrical, Electronic, Salaried, Machine and Furniture Workers, AFL-CIO",5,NA,NA,NA,NA,22,27,"N",1,"N",NA,"Initial","Single Labor Organization","Certification of Results","Closed",NA,NA,NA,NA,31,2000-01-01,2000-01-01,"26-50",TRUE,"RC","Yes","International Union of Electrical, Electronic, Salaried, Machine and Furniture Workers, AFL-CIO",0,"Uncoded",0.185185185185185,"No",1
NA,NA,NA,NA,NA,NA,NA,NA,NA,NA,NA,NA,NA,NA,NA,NA,NA,NA,NA,NA,NA,NA,NA,NA,NA,NA,NA,NA,NA,NA,NA,NA,NA,NA,NA,NA,NA,NA,NA,NA,NA,NA,NA,NA
"15-RC-008259",NA,"Coca Cola Bottling Company United-Gulf Coast, LLC",2000-02-04,2000-03-28,"Gufport","MS","A",2000-03-17,75,0,"International Brotherhood of Teamsters, AFL-CIO, Local Union 991",11,NA,NA,NA,NA,57,68,"N",7,"N",NA,"Initial","Single Labor Organization","Certification of Results","Closed","All full-time and regular part-time employees, including route salesmen, bulk drivers, bulk senior merchandisers, merchandisers, junior merchandisers, relief merchandisers, merchandiser trainees, merchandisers cold, full service merchandisers, full service route trainees, tel sell operators, special events delivery employees, mechanics, junior fleet mechanics, leadmen, account managers, relief account managers, checkers, forklift operators, warehouse utility employees, warehouse utility trainees, utility trainees, shipping clerks, cold drink mechanics, cooler service delivery employees, route trainees, dispatcher/equipment/parts employees, and load creation dispatchers employed by the employer at its facility at 3701 25th Avenue Gulfport, MS; excluding all office clerical employees, professional employees, guards and supervisors as defined by the Act.",NA,NA,NA,42,2000-01-01,2000-01-01,"51-100",TRUE,"RC","Yes","International Brotherhood of Teamsters, AFL-CIO, Local Union 991",1,"Teamsters",0.161764705882353,"No",7
"15-RC-008258",NA,"MISSISSIPPI ACTION FOR PROGESS, INC.",2000-01-28,2000-03-13,"Forest","MS","A",2000-03-03,0,NA,"IUE",40,NA,NA,NA,NA,9,49,"N",1,"N","IUE","Initial","Single Labor Organization","Certific. of Representative","Closed","ALL FULL TIME AND REGULAR PART TIME TEACHERS, TEACHERS AIDES, FAMILY CASE WORKER AIDES, BUS DRIVERS, BUS MONITORS, COOKS, ASSISTANT COOKS, JANITORS, MAINTENANCE, AND NONPROFESSIONAL AIDES EMPLOYED BY THE EMPLOYER AT ITS SCOTT COUNTY HEAD START FACILITIES (FOREST AND MIDWAY) EXCLUDING CENTER ADMINISTRATOR, CENTER CLERK, FAMILY CASE WORKERS, HEAD TEACHER, MANAGERIAL EMPLOYEES, OFFICE CLERICAL EMPLOYEES, PROFESSIONAL EMPLOYEES, GUARDS, AND SUPERVISORS AS DEFINED BY THE ACT.",NA,NA,NA,35,2000-01-01,2000-01-01,NA,TRUE,"RC","Yes","IUE",1,"CWA",0.816326530612245,"Yes",-49
"15-RD-000808",NA,"Sanderson Farms, Inc., (Processing Division)",2000-01-10,2000-05-02,"Collins","MS","A",2000-04-21,980,4,"Laborer's International Union of North America Local 693",457,NA,NA,NA,NA,300,757,"N",41,"N","Laborer's International Union of North America Local 693","Initial","Single Labor Organization","Certific. of Representative","Closed","All production and maintenancer employees, including truck drivers and rendering plant employees employed by the Employer at its Collins, Mississippi facility; excluding all office clerical employees, processing accounting clerks, live haul drivers, child care employees, sales clerks, cage repair employees, maintenance parts buyers, cost accounting recording clerks, guards, profesionall employees, and supervisors as defined in the Act.",NA,NA,NA,102,2000-04-01,2000-01-01,"500>",TRUE,"RD","Yes","Laborer's International Union of North America Local 693",0,"Uncoded",0.603698811096433,"Yes",223
"15-RC-008252",NA,"MADISON MATERIALS COMPANY",1999-12-30,2000-02-15,"Ridgeland","MS","A",2000-02-04,37,0,"LABORERS' INTERNATIONAL UNION OF NORTH AMERICA, AFL-CIO",20,NA,NA,NA,NA,15,35,"N",1,"N","LABORERS' INTERNATIONAL UNION OF NORTH AMERICA, AFL-CIO","Initial","Single Labor Organization","Certific. of Representative","Closed","INCLUDED:  All fulltime and regular part tiem laborers, travel lift crane operators, truck drivers, carpenters, and maintenance employees employed by the Employer at its Ridgeland, Misissippi location who were employed during the payroll period ending January 7, 2000.

EXCLUDED:  All office clerical employees, guards, professional employees, and supervisors as defined in the Act.",NA,NA,NA,36,2000-01-01,1999-10-01,"26-50",TRUE,"RC","Yes","LABORERS' INTERNATIONAL UNION OF NORTH AMERICA, AFL-CIO",1,"LIUNA",0.571428571428571,"Yes",2
"15-RC-008248",NA,"M.A.P. (MISSISSIPPI ACTION FOR PROGRESS)LAUDERDALE COUNTY HEAD START CENTERS",1999-12-08,2000-01-24,"MERIDIAN","MS","A",2000-01-13,114,0,"INTERNATIONAL UNION OF ELECTRONIC, ELECTRICAL, SALARIED, MACHINE AND FURNITURE WORKERS, AFL-CIO",63,NA,NA,NA,NA,34,97,"N",9,"N","INTERNATIONAL UNION OF ELECTRONIC, ELECTRICAL, SALARIED, MACHINE AND FURNITURE WORKERS, AFL-CIO","Initial","Single Labor Organization","Certific. of Representative","Closed","ALL FULL TIME AND REGULAR PART TIME TEACHERS, TEACHER AIDES, FAMILY CASE WORKER AIDES, BUS DRIVERS, BUS MONITORS, COOKS, ASSISTANT COOKS, AND JANITORS EMPLOYED BY THE EMPLOYER AT THE LAUDERDALE COUNTY HEAD START FACILITIES (EASTEND, MERIDIAN, RLT SMITH, AND TOOMSUBA); EXCLUDING CENTER ADMINISTRATOR, CENTER CLERK, OFFICE CLERICAL AND OTHER PROFESSIONAL EMPLOYEES, FMAILY CASE WORKERS, MANAGERIAL EMPLOYEES, GUARDS AND SUPERVISORS.",NA,NA,NA,36,2000-01-01,1999-10-01,"101-500",TRUE,"RC","Yes","INTERNATIONAL UNION OF ELECTRONIC, ELECTRICAL, SALARIED, MACHINE AND FURNITURE WORKERS, AFL-CIO",0,"Uncoded",0.649484536082474,"Yes",17
"15-RC-008246",NA,"MISSISSIPPI SPACE SERVICES",1999-12-06,2000-01-24,"BAY ST. LOUIS","MS","A",2000-01-14,2,0,"International Association of Machinists and Aerospace Worker",1,NA,NA,NA,NA,1,2,"N",0,"N",NA,"Initial","Single Labor Organization","Certification of Results","Closed","ALL TUGBOAT PILOTS; EXCLUDING ALL OFFICE CLERICAL EMPLOYEES, GUARDS, PROFESSIONAL EMPLOYEES, MANAGERS, AND SUPERVISORS AS DEFINED IN THE ACT.",NA,NA,NA,39,2000-01-01,1999-10-01,"<5",TRUE,"RC","Yes","International Association of Machinists and Aerospace Worker",1,"IAM",0.5,"No",0
"26-RM-000453",NA,"MMC, Inc.",1999-12-02,2000-10-10,"Horn Lake","MS","A",2000-09-29,55,0,"Furniture Workers Division, Local 282, IUE, AFL-CIO",29,NA,NA,NA,NA,22,51,"N",4,"N","Furniture Workers Division, Local 282, IUE, AFL-CIO","Initial","Single Labor Organization","Certific. of Representative","Closed","INCLUDED:  All production and maintenance employees and truck drivers, including mixer truck drivers, cement tanker truck drivers, mechanics, plant operators (batchmen) and loader operators employed by the Company at its Hernando, Horn Lake, Olive Branch, Robinsonville, Coldwater and Senatobia, Mississippi and Collierville, Tennessee ready-mix plants.

EXCLUDED:  All office and plant clerical employees, professional employees, quality control-safety employees(s), guards, wachmen and supervisors as defined in the Act.",NA,NA,NA,302,2000-07-01,1999-10-01,"51-100",TRUE,"RM","Yes","Furniture Workers Division, Local 282, IUE, AFL-CIO",1,"CWA",0.568627450980392,"Yes",4
"15-RC-008238",NA,"M.A.P. (Mississippi Actino for Progress) Neshoba County Head Start Centers",1999-10-08,1999-11-29,"Philadelphia","MS","A",1999-11-19,66,0,"International Union of Electrical, Electronic, Salaried, Machine and Furniture Workers, AFL-CIO",60,NA,NA,NA,NA,1,61,"N",2,"N","International Union of Electrical, Electronic, Salaried, Machine and Furniture Workers, AFL-CIO","Initial","Single Labor Organization","Certific. of Representative","Closed","All full-time and regular part-time teachers, teacher aides, family case worker aides, bus drivers, bus monitors, cooks, assistant cooks, and janitors employed by the Employer at its JW Hunt and Exhibit Hall facilities located in Philadelphia, Mississippi; excluding center administrator, center clerk, family case workers, head teacher, managerial employees, office clerical employees, guards, professional employees, and supervisors as defined by the Act.",NA,NA,NA,42,1999-10-01,1999-10-01,"51-100",TRUE,"RC","Yes","International Union of Electrical, Electronic, Salaried, Machine and Furniture Workers, AFL-CIO",0,"Uncoded",0.983606557377049,"Yes",5
"15-RC-008236",NA,"Computer Sciences Corp",1999-10-04,1999-11-29,"STENNIS SPACE CENTER","MS","A",1999-11-19,44,0,"International Brotherhood of Electrical Workers, Local 903",16,NA,NA,NA,NA,26,42,"N",2,"N",NA,"Initial","Single Labor Organization","Certification of Results","Closed","INCLUDED:  All production and maintenance employees including maintenance, electrical, and mechanical, payload electronics and payload technicians, lead engineers/technicians, field engineers, buoy communication specialists, drafters, configuration specialists, stock, logistics and property clerks and specialists who were employed during the payroll period ending October 15, 1999.

EXCLUDED:  Office clerical employees, secretaries, switchboard oeprator, guards and supervisors as defined by the Act.",NA,NA,NA,46,1999-10-01,1999-10-01,"26-50",TRUE,"RC","Yes","International Brotherhood of Electrical Workers, Local 903",1,"IBEW",0.380952380952381,"No",2
"15-RC-008234",NA,"MERIDIAN COCA-COLA BOTTLING COMPANY",1999-09-29,1999-11-29,"MERIDIAN","MS","A",1999-11-17,110,0,"TEAMSTERS LOCAL UNION NO. 891",32,NA,NA,NA,NA,66,98,"N",0,"N",NA,"Initial","Single Labor Organization","Certification of Results","Closed","ALL FULL-TIME AND REGULAR PART-TIME EMPLOYEES OF MERIDIAN COCA COLA BOTTLIJG COMPANY EMPLOYED AS ROUTE SALESMEN, EXTRA ROUTE SALESMEN, ROUTE HELPERS, ESTRA ROUTE HELPERS, MERCHANDISER, BULK DELIVERY DRIVERS, EPECIAL EVENTS PERSON, GARAGE MECHANICS, MAINTENANCE PERSON IN PRODUCTION DEPARTMENT, COOLER DELIVERY, COOLER REPAIR TECHNICIANS, LOADING CREWS, FORKLIFT OPERATORS, PRODUCTION LINE WORKERS, RECYLER, GATE CHECKERS, BANNER MAKER/SCOREBOARD MECHANIC, SYRUP MIXER, COOLER  DISPATCHER, LEAD COOLER SERVICE TEHNICIAN, AND LEAD GARAGE MECHANIC EMPLOYEES EMPLOYED BY THE EMPLOYER AT ITS MERIDIAN, MISSISSIPPI FACILITY; EXCLUDING ALL TEMPORARY SEASONAL EMPLOYEES, ACCOUNTING CLERKS, PAYROLL CLERK, RECEPTIONIST, CONFIDENTIAL ADMINISTRATIVE ASSISTANT, ACCOUNTANT, SALES SECRETARY, MIS/COMPUTER OPERATORS, ADVANCED SALESMEN, OFFICE CLERICAL EMPLOYEES, PROFESSIONAL EMPLOYEES, GUARDS AND SUPERVISORS AS DEFINED BY THE ACT.",NA,NA,NA,49,1999-10-01,1999-07-01,"101-500",TRUE,"RC","Yes","TEAMSTERS LOCAL UNION NO. 891",1,"Teamsters",0.326530612244898,"No",12
"26-RC-008123",NA,"Beverly Enterprises d/b/a Ruleville Health Care Center",1999-09-28,1999-11-15,"Ruleville","MS","A",1999-11-04,65,0,"UFCW, Local 1529",22,NA,NA,NA,NA,34,56,"N",4,"N",NA,"Initial","Single Labor Organization","Certification of Results","Closed","INCLUDED:  All full-time and regular part-time certified nursing assistants, dierary aides, cooks, maintenance assistants, housekeeping assistants, and laundry assistants employed by the Employer at its 800 Stansel Drive, Ruleville, MS facility.

EXCLUDED:  All other employees, including registered nurses, licensed practical nurses, medical records clerks, central supply clerk, beauticians and barbers, nursing secretary, activities department associates, social services associates, registered dietitian, dietary manager, assistant dietary managers, maintenance director, department heads, office clerical employees, receptionists, temporary and casual employees, therapy personnel, professional employees, guards, managers, and supervisors as defined in the Act.",NA,NA,NA,37,1999-10-01,1999-07-01,"51-100",TRUE,"RC","Yes","UFCW, Local 1529",1,"UFCW",0.392857142857143,"No",9
"15-RC-008224",NA,"Greyhound Lines, Inc.",1999-08-18,1999-10-04,"JACKSON","MS","A",1999-09-24,23,0,"Amalgamated Transit Union Local #1700",13,NA,NA,NA,NA,6,19,"N",0,"N","Amalgamated Transit Union Local #1700","Initial","Single Labor Organization","Certific. of Representative","Closed","INCLUDED:  All customer service associates in the areas of baggage, platform workers, tickets, leads, GPX, fuelers, and janitors employed by the Employer at its facility located at 201 Sl Jefferson Street, Jackson Mississippi who where employed during the payroll ending August 23, 1999.

EXCLUDED:  All food service employees, all  office clerical employees, guards, professional employees and supervisors as defined in the Act.",NA,NA,NA,37,1999-07-01,1999-07-01,"11-25",TRUE,"RC","Yes","Amalgamated Transit Union Local #1700",1,"ATU",0.684210526315789,"Yes",4
NA,NA,NA,NA,NA,NA,NA,NA,NA,NA,NA,NA,NA,NA,NA,NA,NA,NA,NA,NA,NA,NA,NA,NA,NA,NA,NA,NA,NA,NA,NA,NA,NA,NA,NA,NA,NA,NA,NA,NA,NA,NA,NA,NA
"15-RC-008207",NA,"Howard Industries, Inc. Commercial & Industrial, Ballast Products Division",1999-05-24,2001-04-04,"Laurel","MS","A",2000-06-08,293,2,"International Brotherhood of Electrical Workers, Local 2198, AFL-CIO",162,NA,NA,NA,NA,108,270,"N",13,"N","International Brotherhood of Electrical Workers, Local 2198, AFL-CIO","Initial","Single Labor Organization","Certific. of Representative","Closed","Included:  All full-time and regular part-time production, maintenance, shipping and receiving employees; excluding lead persons, RGA technicians, QC technicians, QC inspectors, QC auditors, QC repair technicians, office clerical employees, security guards, professional employees and supervisors as defined in the Act.",NA,NA,NA,381,2000-04-01,1999-04-01,"101-500",TRUE,"RC","Yes","International Brotherhood of Electrical Workers, Local 2198, AFL-CIO",1,"IBEW",0.6,"Yes",23
NA,NA,NA,NA,NA,NA,NA,NA,NA,NA,NA,NA,NA,NA,NA,NA,NA,NA,NA,NA,NA,NA,NA,NA,NA,NA,NA,NA,NA,NA,NA,NA,NA,NA,NA,NA,NA,NA,NA,NA,NA,NA,NA,NA
"15-RD-000799","Region 15, New Orleans, Louisiana","TITAN TIRE OF NATCHEZ",1999-03-12,2011-04-12,"Natchez","MS",NA,NA,185,NA,NA,NA,NA,NA,NA,NA,NA,NA,NA,NA,NA,NA,NA,NA,"Withdrawal Non-adjusted","Closed",NA,NA,NA,NA,NA,NA,1999-01-01,"101-500",TRUE,"RD","No",NA,0,"Uncoded",NA,"Other",NA
NA,NA,NA,NA,NA,NA,NA,NA,NA,NA,NA,NA,NA,NA,NA,NA,NA,NA,NA,NA,NA,NA,NA,NA,NA,NA,NA,NA,NA,NA,NA,NA,NA,NA,NA,NA,NA,NA,NA,NA,NA,NA,NA,NA
NA,NA,NA,NA,NA,NA,NA,NA,NA,NA,NA,NA,NA,NA,NA,NA,NA,NA,NA,NA,NA,NA,NA,NA,NA,NA,NA,NA,NA,NA,NA,NA,NA,NA,NA,NA,NA,NA,NA,NA,NA,NA,NA,NA
NA,NA,NA,NA,NA,NA,NA,NA,NA,NA,NA,NA,NA,NA,NA,NA,NA,NA,NA,NA,NA,NA,NA,NA,NA,NA,NA,NA,NA,NA,NA,NA,NA,NA,NA,NA,NA,NA,NA,NA,NA,NA,NA,NA
NA,NA,NA,NA,NA,NA,NA,NA,NA,NA,NA,NA,NA,NA,NA,NA,NA,NA,NA,NA,NA,NA,NA,NA,NA,NA,NA,NA,NA,NA,NA,NA,NA,NA,NA,NA,NA,NA,NA,NA,NA,NA,NA,NA
NA,NA,NA,NA,NA,NA,NA,NA,NA,NA,NA,NA,NA,NA,NA,NA,NA,NA,NA,NA,NA,NA,NA,NA,NA,NA,NA,NA,NA,NA,NA,NA,NA,NA,NA,NA,NA,NA,NA,NA,NA,NA,NA,NA
NA,NA,NA,NA,NA,NA,NA,NA,NA,NA,NA,NA,NA,NA,NA,NA,NA,NA,NA,NA,NA,NA,NA,NA,NA,NA,NA,NA,NA,NA,NA,NA,NA,NA,NA,NA,NA,NA,NA,NA,NA,NA,NA,NA
NA,NA,NA,NA,NA,NA,NA,NA,NA,NA,NA,NA,NA,NA,NA,NA,NA,NA,NA,NA,NA,NA,NA,NA,NA,NA,NA,NA,NA,NA,NA,NA,NA,NA,NA,NA,NA,NA,NA,NA,NA,NA,NA,NA
"15-RC-008121",NA,"INTERNATIONAL PAPER COMPANY",1998-03-10,1999-10-25,"MORTON","MS","A",1998-05-07,162,0,"UNITED PAPERWORKERS INTERNATIONAL UNION, AFL-CIO-CLC",72,NA,NA,NA,NA,83,155,"N",1,"N",NA,"Initial","Single Labor Organization","Certification of Results","Closed",NA,NA,NA,NA,58,1998-04-01,1998-01-01,"101-500",TRUE,"RC","Yes","UNITED PAPERWORKERS INTERNATIONAL UNION, AFL-CIO-CLC",0,"Uncoded",0.464516129032258,"No",7
NA,NA,NA,NA,NA,NA,NA,NA,NA,NA,NA,NA,NA,NA,NA,NA,NA,NA,NA,NA,NA,NA,NA,NA,NA,NA,NA,NA,NA,NA,NA,NA,NA,NA,NA,NA,NA,NA,NA,NA,NA,NA,NA,NA
"26-RC-007849",NA,"Pleasant Hill Nursing Home",1996-09-16,2000-11-09,"Jackson","MS","A",1996-11-08,68,1,"United Food &Commercial Workers, Local 1529",24,NA,NA,NA,NA,26,50,"N",2,"N",NA,"Initial","Single Labor Organization","Withdrawal","Closed","INCLUDED:  All full-time and regular part-time service and maintenance employees, including CNA (Nurses aides), housekeeping employees, laundry employees, dietary employees, and janitor/maintenance employees employed by the Employer at its facility at 1600 Raymond Rd., Jackson, MS.

EXCLUDED:  All other employees, including LPNs, RNs, technical employees, professional employees, clerical employees, guards and supervisors as deifnfed in the Act.",NA,NA,NA,53,1996-10-01,1996-07-01,"51-100",TRUE,"RC","Yes","United Food &Commercial Workers, Local 1529",0,"Uncoded",0.48,"Other",18
NA,NA,NA,NA,NA,NA,NA,NA,NA,NA,NA,NA,NA,NA,NA,NA,NA,NA,NA,NA,NA,NA,NA,NA,NA,NA,NA,NA,NA,NA,NA,NA,NA,NA,NA,NA,NA,NA,NA,NA,NA,NA,NA,NA
NA,NA,NA,NA,NA,NA,NA,NA,NA,NA,NA,NA,NA,NA,NA,NA,NA,NA,NA,NA,NA,NA,NA,NA,NA,NA,NA,NA,NA,NA,NA,NA,NA,NA,NA,NA,NA,NA,NA,NA,NA,NA,NA,NA
NA,NA,NA,NA,NA,NA,NA,NA,NA,NA,NA,NA,NA,NA,NA,NA,NA,NA,NA,NA,NA,NA,NA,NA,NA,NA,NA,NA,NA,NA,NA,NA,NA,NA,NA,NA,NA,NA,NA,NA,NA,NA,NA,NA
NA,NA,NA,NA,NA,NA,NA,NA,NA,NA,NA,NA,NA,NA,NA,NA,NA,NA,NA,NA,NA,NA,NA,NA,NA,NA,NA,NA,NA,NA,NA,NA,NA,NA,NA,NA,NA,NA,NA,NA,NA,NA,NA,NA
NA,NA,NA,NA,NA,NA,NA,NA,NA,NA,NA,NA,NA,NA,NA,NA,NA,NA,NA,NA,NA,NA,NA,NA,NA,NA,NA,NA,NA,NA,NA,NA,NA,NA,NA,NA,NA,NA,NA,NA,NA,NA,NA,NA
