"Case","Region","Case_Name","Date_Filed","Date_Closed","City","State","Unit ID","Tally_Date","Num_Eligible_Voters","Void Ballots","Labor_Union","Votes_For_Union","Labor Union2","Votes for Labor Union2","Labor Union3","Votes for Labor Union3","Votes_Against","Total_Ballots_Counted","Runoff Required","Challenged Ballots","Challenges are Determinative","Union to Certify","Tally_Type","Ballot_Type","Reason_Closed","Status","Voting Unit (Unit A)","Voting Unit (Unit B)","Voting Unit (Unit C)","Voting Unit (Unit D)","Length","Tally_Quarter","Filed_Quarter","size","Unique","Case_Type","Election_Data","Plot_Labor_Union","National_Count","National","Margin","Union_Cer","Didnt_Vote"
"01-RC-392118","Region 01, Boston, Massachusetts","Rural Community Transportation, Inc.",2026-08-03,NA,"Derby","VT",NA,NA,13,NA,"Chauffeurs, Teamsters, Warehousemen and Helpers Union No. 597",NA,NA,NA,NA,NA,NA,NA,NA,NA,NA,NA,NA,NA,NA,"Open",NA,NA,NA,NA,NA,NA,2026-07-01,"11-25",TRUE,"RC","No","Chauffeurs, Teamsters, Warehousemen and Helpers Union No. 597",1,"Teamsters",NA,"Still Open",NA
"01-RC-388318","Region 01, Boston, Massachusetts","All States Construction, Inc.",2026-06-05,2026-07-02,"Irasburg","VT","A",2026-06-24,17,NA,"Chauffeurs, Teamsters, Warehousemen and Helpers Union No. 597",10,NA,NA,NA,NA,7,17,NA,NA,NA,"Chauffeurs, Teamsters, Warehousemen and Helpers Union No. 597","Initial","Single Labor Organization","Certific. of Representative","Closed","All full-time and regular part-time Flowboy Drivers, Flowboy/Lowbed Drivers, Triaxle Drivers, Tack Truck Drivers and Water Truck Drivers employed by the Employer at its Irasburg, VT facility; but excluding all office clerical employees, confidential employees, managers, guards, professional employees and supervisors as defined in the Act.",NA,NA,NA,19,2026-04-01,2026-04-01,"11-25",TRUE,"RC","Yes","Chauffeurs, Teamsters, Warehousemen and Helpers Union No. 597",1,"Teamsters",0.588235294117647,"Yes",0
"03-RC-388091","Region 03, Buffalo, New York","The Rutland Hospital, Inc. d/b/a Rutland Regional Medical Center",2026-06-02,NA,"Rutland","VT","A",2026-06-25,21,NA,"Rutland Regional Medical Center Security United",13,NA,NA,NA,NA,6,19,NA,NA,NA,"Rutland Regional Medical Center Security United","Initial","Single Labor Organization",NA,"Open",NA,NA,NA,NA,23,2026-04-01,2026-04-01,"11-25",TRUE,"RC","Yes","Rutland Regional Medical Center Security United",0,"Uncoded",0.684210526315789,"Still Open",2
"03-RC-385770","Region 03, Buffalo, New York","Vermont Electric Power Company, Inc.",2026-04-28,2026-06-02,"Rutland","VT","A",2026-05-20,6,NA,"IBEW Local Union #300",5,NA,NA,NA,NA,1,6,NA,NA,NA,"IBEW Local Union #300","Initial","Single Labor Organization","Certific. of Representative","Closed","Included: All full-time and regular part-time Telecommunications/Network Technicians – 1, 2, and 3 employed by the Employer at its Rutland, Vermont facility.

Excluded: Managers, and guards, professional employees and supervisors as defined in the Act, and all other employees.

Others permitted to vote: The parties have agreed that employees in the classification of Telecommunications/Network Supervisor may vote in the election, but their ballots will be challenged since their eligibility has not been resolved. No decision has been made regarding whether the individuals in these classifications or groups are included in, or excluded from, the bargaining unit. The eligibility or inclusion of these individuals will be resolved, if necessary, following the election.",NA,NA,NA,22,2026-04-01,2026-04-01,"6-10",TRUE,"RC","Yes","IBEW Local Union #300",1,"IBEW",0.833333333333333,"Yes",0
"03-RM-385757","Region 03, Buffalo, New York","Connected Circles, LLC",2026-04-28,2026-06-02,"Plainfield","VT","A",2026-05-19,12,NA,"Connected Circles Educators Association",3,NA,NA,NA,NA,9,0,NA,NA,NA,"Connected Circles Educators Association","Initial","Single Labor Organization","Certification of Results","Closed","INCLUDED: All full-time and regular part-time employees in the following titles: Teacher/Special Educator, Coordinator of Educational Planning and Reporting, Hearthkeeper/Health Educator, Connector, Building Cleaner, employed by the Employer at its Vermont facilities located in and around 30 Loop Road, Plainfield, Vermont.

EXCLUDED: Executive Director, Connector of Social Resources, Business Manager/Human Resources, Lead Teacher, Lead Connector, office clerical employees, confidential employees, managers, guards, professional employees and supervisors as defined by the Act, and all other employees.",NA,NA,NA,21,2026-04-01,2026-04-01,"11-25",TRUE,"RM","Yes","Connected Circles Educators Association",0,"Uncoded",NA,"No",0
"03-RC-384237","Region 03, Buffalo, New York","Road to Hana, Inc. d/b/a Healthy Living",2026-04-06,NA,"South Burlington","VT","A",2026-05-01,291,1,"Rochester Regional Joint Board, Workers United",105,NA,NA,NA,NA,69,105,NA,29,NA,"Rochester Regional Joint Board, Workers United","Initial","Single Labor Organization",NA,"Open","Included: All full-time and regular part-time non-professional employees employed by the Employer at the Employer’s South Burlington, Williston, and Saratoga Springs facilities.

Excluded: All confidential employees, professional employees, guards, supervisors as defined in the Act, and all other employees.
",NA,NA,NA,25,2026-04-01,2026-04-01,"101-500",TRUE,"RC","Yes","Rochester Regional Joint Board, Workers United",1,"WU",0.603448275862069,"Still Open",117
"03-RC-384172","Region 03, Buffalo, New York","Barnes & Noble, Inc.",2026-04-03,2026-05-12,"South Burlington","VT","A",2026-04-29,22,NA,"United Food & Commercial Workers Union, Local 1459",13,NA,NA,NA,NA,5,19,NA,1,NA,"United Food & Commercial Workers Union, Local 1459","Initial","Single Labor Organization","Certific. of Representative","Closed","Included: All full-time and regular part-time Booksellers, Senior Booksellers, Lead Booksellers, Inventory Cluster Supports, Baristas, Senior Baristas, Lead Baristas and Café Team Experts employed by the Employer at its South Burlington, Vermont facility.

Excluded: Store Managers, Assistant Store Managers, Deputy Assistant Store Managers, managers, and guards, professional employees and supervisors as defined in the Act.",NA,NA,NA,26,2026-04-01,2026-04-01,"11-25",TRUE,"RC","Yes","United Food & Commercial Workers Union, Local 1459",1,"UFCW",0.722222222222222,"Yes",4
"03-RC-382701","Region 03, Buffalo, New York","The Rutland Hospital, Inc. d/b/a Rutland Regional Medical Center",2026-03-11,2026-04-17,"Rutland","VT","A",2026-04-09,172,NA,"Rutland Healthcare Workers United, AFT Vermont, AFT, AFL-CIO",92,NA,NA,NA,NA,55,147,NA,19,NA,"Rutland Healthcare Workers United, AFT Vermont, AFT, AFL-CIO","Initial","Single Labor Organization","Certific. of Representative","Closed","Included: All full-time, regular part-time, and per-diem1 technical employees in the classifications of Breast Imaging Navigator, Cardiac Echo Sonographer, Cardiac Stress Technician, Clinic LPN, CT Technologist, Lung Cancer Screening Coordinator, Cytologist Tech Spec, EEG Tech, Emergency Psychiatric Technician, Emergency Room Technician I, Emergency Room Technician II, Histotechnologist, Histotechnology Tech Specialist, Laboratory Technical Associate, Lead Cardiac Echo Sonographer, Lead CT Technologist, Lead EEG Tech, Lead Interventional Rad Tech, Lead Mammography Technologist, Lead Medical Imaging Technologist, Lead MRI Technologist, Lead Pharmacy Tech, Lead Radiation Therapist, Lead Respiratory Care Prac, Lead Ultrasound Technologist, LPN, LPN Emergency, Mammography Technologist II, Mammography Technologist III, Medical Dosimetrist, Medical Imaging Technologist, Medical Lab Technician, MRI Technologist, Nuclear Medicine CT Tech, Nuclear Medicine CT Tech Lead, OR Surgical Tech, Patient Care Expediter, Pharmacy Tech I, Pharmacy Tech II, Pharmacy Tech III, Pharmacy Tech IV, Polysomnography Tech, Quality Control Mammo Tech, Radiation Therapist, Radiation Therapist/EMR Analyst, Radiology Tech, Rehab Tech, RCP Informatics Specialist, Respiratory Care Prac Edu, Respiratory Care Prac Hosp PD, Respiratory Care Prac Hosp I, Respiratory Care Prac Hosp II, Retail Pharmacy Tech, Sleep Health Educator, Sleep Technology Apprentice, Sterile Processing Techs, Sr. Sleep Health Educator, and Ultrasound Tech.
Excluded: All registered nurses, non-professional employees, physicians, professional employees, business office clerical employees, skilled maintenance employees, guards, supervisors as defined in the Act, and all other employees.
Others permitted to vote: The parties have agreed that employees in the classifications of Bio Med Tech I, Bio Med Tech II, Bio Med Imaging Spec, Bio Med Periop Spec, Cytotechnologist, Cytotechnologist II, Lab Advanced Tech Specialist, Lead Medical Lab Scientist, and Medical Lab Scientist may vote in the election but their ballots will be challenged since their eligibility has not been resolved. No decision has been made regarding whether the individuals in these classifications or groups are included in, or excluded from, the bargaining unit. The eligibility or inclusion of these individuals will be resolved, if necessary, following the election

1 In order to be eligible to vote, a per diem employee must have worked an average of four (4) hours or more per week during the 13 weeks immediately preceding the eligibility date for the election.",NA,NA,NA,29,2026-04-01,2026-01-01,"101-500",TRUE,"RC","Yes","Rutland Healthcare Workers United, AFT Vermont, AFT, AFL-CIO",1,"WU",0.625850340136054,"Yes",25
"03-RC-382700","Region 03, Buffalo, New York","The Rutland Hospital, Inc. d/b/a Rutland Regional Medical Center",2026-03-11,2026-04-17,"Rutland","VT","A",2026-04-09,492,NA,"Rutland Healthcare Workers United, AFT Vermont, AFT, AFL-CIO",228,NA,NA,NA,NA,167,395,NA,23,NA,"Rutland Healthcare Workers United, AFT Vermont, AFT, AFL-CIO","Initial","Single Labor Organization","Certific. of Representative","Closed","Included: All full-time, regular part-time, and per-diem¹ non-professional employees  in  the  
classifications  of   340B  Compliance  Coord,  Access Representative I, Access Representative II, 
Access Representative III, Admin Coordinator  Periop  Services,  Administrative  Assistant,  
Administrative Coordinator, Administrative Coordinator Clinic, Administrative Coordinator CM, 
Administrative  Coordinator  ED,  Administrative  Coordinator  Facilities, Administrative  
Coordinator  Hospital,  Administrative  Coordinator  Lab, Administrative Coordinator MG, 
Administrative Coordinator QS, Bone Marrow Program Coordinator,  Cook, Clinic Access  Specialist, 
Discharge Planning Assistant, Environmental Services Technician, Environmental Services Technician 
Surgical, FANS Training Development Coordinator, Floor Care Technician, Food Service Assistant, 
Front Office Assistant, Hospital Courier, Imaging Services Coordinator, Informatics Analyst 
Educator, Inventory Control Tech, Lab Outreach LIS Coordinator, Lead Clinical Support Services, 
Lead Linen Technician, Lead MA Coord, Lead Certified Ophthalmic Tech, Lead Phlebotomist, Linen 
Tech, MA Care Coordinator, Mailroom Messenger, Material Handler, Medical Assistant, Medical 
Assistant Hospital, Monitor Tech, Nutrition Technician, Omnicell Supply Tech, Ophthalmic Assistant 
Certified, OR Scheduler, Patient Safety Monitor, Peer Specialist, Phlebotomist I, Phlebotomist II, 
Phlebotomist III, Point of Care Specialist, Psychiatric Technician I, Psychiatric Technician II, PT 
Asst, PT Asst PD, Receiver Supply Chain, Referral Coordinator, SNTA I, Surgical and Procedural 
Coordinator, Testing Support Assistant, Transporter Aide, Unit LNA, and Unit Secretary

Excluded: All registered nurses, technical employees, physicians, professional employees, business 
office clerical employees, skilled maintenance employees, guards, supervisors as defined in the 
Act, and all other employees.

Others permitted to vote: The parties have agreed that employees in the classifications of Clinical 
Prof. Coder I, Clinical Prof. Coder II, Clinical Prof. Coder III, Coder I, Coder II, Coder III, 
Coding Quality Auditor, and Coding Educator may vote in the election but their ballots will be 
challenged since their eligibility has not been resolved. No decision has been made regarding 
whether the individuals in these classifications or groups are included in, or excluded from, the 
bargaining unit. The eligibility or inclusion of these individuals will be resolved, if necessary, 
following the election.

1
In order to be eligible to vote, a per diem employee must have worked an average of four (4) hours 
or more
per week during the 13 weeks immediately preceding the eligibility date for the election.",NA,NA,NA,29,2026-04-01,2026-01-01,"101-500",TRUE,"RC","Yes","Rutland Healthcare Workers United, AFT Vermont, AFT, AFL-CIO",1,"WU",0.577215189873418,"Yes",97
"03-RC-378197","Region 03, Buffalo, New York","Rural Community Transportation Inc.",2026-01-02,2026-01-07,"Saint Albans","VT",NA,NA,9,NA,NA,NA,NA,NA,NA,NA,NA,NA,NA,NA,NA,NA,NA,NA,"Withdrawal Non-adjusted","Closed",NA,NA,NA,NA,NA,NA,2026-01-01,"6-10",TRUE,"RC","No",NA,0,"Uncoded",NA,"Other",NA
"03-RC-377747","Region 03, Buffalo, New York","Starbucks Corporation",2025-12-23,2026-02-11,"Manchester Center","VT","A",2026-01-29,15,NA,"Workers United, affiliated with Service Employees International Union, AFL-CIO",12,NA,NA,NA,NA,2,14,NA,NA,NA,"Workers United, affiliated with Service Employees International Union, AFL-CIO","Initial","Single Labor Organization","Certific. of Representative","Closed","Included: All full-time and regular part-time Baristas and Shift Supervisors employed by the Employer at its facility located at 365 Depot St., Manchester Center, Vermont.
Excluded: All Store Managers, Assistant Store Managers, office clerical employees, guards and supervisors as defined by the Act.",NA,NA,NA,37,2026-01-01,2025-10-01,"11-25",TRUE,"RC","Yes","Workers United, affiliated with Service Employees International Union, AFL-CIO",1,"WU",0.857142857142857,"Yes",1
"03-RD-377003","Region 03, Buffalo, New York","COPLEY HOSPITAL, INC",2025-12-12,2026-01-23,"Morrisville","VT","A",2026-01-14,135,NA,"UNITED NURSES AND ALLIED PROFESSIONALS",73,NA,NA,NA,NA,38,111,NA,5,NA,"UNITED NURSES AND ALLIED PROFESSIONALS","Initial","Single Labor Organization","Certific. of Representative","Closed","INCLUDED: All full-time, regular part-time, and per-diem* non-professional employees in the classifications of: Administrative Assistant, Administrative Unit Coordinator, Authorization Coordinator, CSR Technician, Dietary Technician, Endo Tech, EVS OR Technician, EVS Technician/Security, Food Service Worker, Health Information Specialist, HIM Lead, HIM Specialist, Intake Referral Specialist, Inventory Clerk, Laboratory Aide, Lead CSR Technician, Lead Radiology Scheduler, LNA, Maintenance Technician I, Maintenance Technician Il, Medical Assistant I, Medical Assistant II, Medical Assistant III, Nutrition Assistant, Operating Room Scheduler, Operating Room Service Aide, PAS Quality Assurance Specialist, Patient Care Assistant, Patient Engagement Specialist, Patient Engagement Specialist I, Patient Engagement Specialist Il, Patient Engagement Specialist III, Perioperative Unit Coordinator, Phlebotomist, Phlebotomist/Receptionist, Radiology Scheduler, Referral Specialist, Registrar, Registrar/Scheduler, Scheduler, Sous Chef, Team Leader, Transcriptionist, and Unit Coordinator employed by the Employer at its Morrisville and Waterbury, Vermont facilities. 
*Per diem employees who have worked an average of four (4) hours or more per week during the thirteen (13) weeks immediately preceding the eligibility date for the election are eligible to vote
EXCLUDED: all confidential employees, business office clerical employees, physicians, registered nurses, professional employees, technical employees, skilled maintenance employees, managers, guards, supervisors as defined in the Act, and all other employees.",NA,NA,NA,33,2026-01-01,2025-10-01,"101-500",TRUE,"RD","Yes","UNITED NURSES AND ALLIED PROFESSIONALS",1,"UNAP",0.657657657657658,"Yes",24
"03-RC-375124","Region 03, Buffalo, New York","Porter Medical Center",2025-11-20,2025-12-19,"Middlebury","VT","A",2025-12-09,13,NA,"PORTER FEDERATION OF NURSES AND HEALTH PROFESSIONALS, LOCAL 5753, AFT VT, AFT, AFL-CIO",6,NA,NA,NA,NA,6,12,NA,NA,NA,NA,"Initial","Single Labor Organization","Certification of Results","Closed","INCLUDED: All full-time, regular part-time, and per-diem* nursing professional employees of the Employer employed at 115 Porter Drive, Middlebury, VT 05401, and at other Employer’s facilities located in and around Middlebury, Vermont, in the classifications of: Admissions/Discharge Coordinator RN (HP), Case Manager (RN), Case Manager RN - PD, Clinical Nurse Educator, Clinical Quality and Patient Safety Nurse, MDS Coordinator (RN), MDS Coordinator (RN) – PD, Nurse Examiner RN - NE, PMC Clinical Informaticist RN, as a residual to the existing PORTER FEDERATION OF NURSES AND HEALTH PROFESSIONALS, LOCAL 5753, AFT VT, AFT, AFL-CIO RN Bargaining Unit of employees currently represented by PORTER FEDERATION OF NURSES AND HEALTH PROFESSIONALS, LOCAL 5753, AFT VT, AFT, AFL-CIO as set forth in the parties’ current collective bargaining agreement. 
*The parties agreed that for purposes of eligibility in this election, per-diem employees must have worked an average of four (4) hours or more per week over the thirteen (13) weeks immediately preceding the eligibility date for the election.

EXCLUDED: All service and maintenance employees, LPNs, technical employees, physicians, business office clerical employees, non-nursing professionals, casual employees, managerial employees, confidential employees, guards, and supervisors as defined in the Act.",NA,NA,NA,19,2025-10-01,2025-10-01,"11-25",TRUE,"RC","Yes","PORTER FEDERATION OF NURSES AND HEALTH PROFESSIONALS, LOCAL 5753, AFT VT, AFT, AFL-CIO",1,"AFT",0.5,"No",1
"03-RC-375111","Region 03, Buffalo, New York","Porter Medical Center",2025-11-20,2025-12-19,"Middlebury","VT","A",2025-12-09,80,NA,"PMC Health Professionals AFT VT, AFT, AFL-CIO",53,NA,NA,NA,NA,12,65,NA,NA,NA,"PMC Health Professionals AFT VT, AFT, AFL-CIO","Initial","Single Labor Organization","Certific. of Representative","Closed","Included: All full-time, regular part-time, and per-diem  non-nursing professional employees of the Employer employed at 115 Porter Drive, Middlebury, VT 05401, and at other Employer’s facilities located in and around Middlebury, Vermont, in the classifications of: Audiologist, Certified Nurse Midwife, Clinical Palliative Care Social Worker, Exercise Physiologist, Infection Control Coordinator, Lab QI/QA Coordinator, Lab QI/QA Coordinator PD, NE - Certified Nurse Midwife -NE, Nurse Practitioner - Hospital, Nurse Practitioner – Hospital (Exempt – Accrues CTO), Nurse Practitioner – Hospital (Exempt - PD), Nurse Practitioner - Hospital (no diff), Nurse Practitioner - Hospital PD, Nurse Practitioner - Practice, Occupational Therapist (HP), Physical Therapist (HP), Physician Assistant - Hospital, Physician Assistant - Hospital - PD, Physician Assistant - Hospital (PD), Physician Assistant - Practice, Physician Assistant (H - Nocturnist), PMC Charge Medical Lab Scientist, PMC Medical Lab Scientist, PMC Speech Language Pathologist,  Porter Chaplain, Porter CRNA, Porter Medical Technologist, Porter Occupational Therapist, Porter Physical Therapist, Qualified Social Worker (HP), and Staff Psychologist (PhD).

Excluded: All Registered Dietitians, Registered Dietitians – PD, Patient Experience and Quality Improvement Coordinators, Certified Occupational Therapist Assistants (HP), service and maintenance employees, LPNs, technical employees, registered nurses, nursing professional employees, physicians, business office clerical employees, casual employees, managerial employees, confidential employees, guards, and supervisors as defined in the Act.
The parties agree that for purposes of eligibility in this election, per-diem employees must have worked an average of four (4) hours or more per week over the thirteen (13) weeks immediately preceding the eligibility date for the election.",NA,NA,NA,19,2025-10-01,2025-10-01,"51-100",TRUE,"RC","Yes","PMC Health Professionals AFT VT, AFT, AFL-CIO",1,"AFT",0.815384615384615,"Yes",15
"03-RC-374390","Region 03, Buffalo, New York","Porter Medical Center",2025-10-13,2025-11-20,"Middlebury","VT",NA,NA,100,NA,NA,NA,NA,NA,NA,NA,NA,NA,NA,NA,NA,NA,NA,NA,"Withdrawal Non-adjusted","Closed",NA,NA,NA,NA,NA,NA,2025-10-01,"51-100",TRUE,"RC","No",NA,0,"Uncoded",NA,"Other",NA
"01-RC-373900","Region 01, Boston, Massachusetts","Performance Foodservice - Burlington, a division of Performance Food Group, Inc.",2025-09-24,2026-01-14,"Lyndonville","VT","A",2026-01-05,6,NA,"Chauffeurs, Teamsters, Warehousemen and Helpers Union No. 597",4,NA,NA,NA,NA,1,5,NA,1,NA,"Chauffeurs, Teamsters, Warehousemen and Helpers Union No. 597","Initial","Single Labor Organization","Certific. of Representative","Closed","Including: All full-time and regular part-time delivery drivers employed by the Employer who dispatch out of the shuttle yard located at 107 Hemlock Lane, Lyndonville, Vermont.
 
Excluding: All shuttle drivers, warehouse employees, customer service representatives, delivery drivers who dispatch from other Employer locations, third-party temporary workers, office clerical employees, confidential employees, managers, guards, professional employees, and supervisors as defined by the Act.",NA,NA,NA,103,2026-01-01,2025-07-01,"6-10",TRUE,"RC","Yes","Chauffeurs, Teamsters, Warehousemen and Helpers Union No. 597",1,"Teamsters",0.8,"Yes",1
"03-RC-373282","Region 03, Buffalo, New York","University of Vermont Medical Center",2025-09-15,2025-09-22,"Burlington","VT",NA,NA,15,NA,NA,NA,NA,NA,NA,NA,NA,NA,NA,NA,NA,NA,NA,NA,"Withdrawal Non-adjusted","Closed",NA,NA,NA,NA,NA,NA,2025-07-01,"11-25",TRUE,"RC","No",NA,0,"Uncoded",NA,"Other",NA
"03-RC-373197","Region 03, Buffalo, New York","University of Vermont Medical Center",2025-09-12,2025-09-18,"Burlington","VT",NA,NA,8,NA,NA,NA,NA,NA,NA,NA,NA,NA,NA,NA,NA,NA,NA,NA,"Withdrawal Non-adjusted","Closed",NA,NA,NA,NA,NA,NA,2025-07-01,"6-10",TRUE,"RC","No",NA,0,"Uncoded",NA,"Other",NA
"03-RC-372108","Region 03, Buffalo, New York","University of Vermont Medical Center",2025-08-26,2025-09-02,"Burlington","VT",NA,NA,8,NA,NA,NA,NA,NA,NA,NA,NA,NA,NA,NA,NA,NA,NA,NA,"Withdrawal Non-adjusted","Closed",NA,NA,NA,NA,NA,NA,2025-07-01,"6-10",TRUE,"RC","No",NA,0,"Uncoded",NA,"Other",NA
"03-RC-371267","Region 03, Buffalo, New York","ONE Arts Community Schools",2025-08-13,2025-09-12,"Burlington","VT","A",2025-09-04,35,NA,"Rochester Regional Joint Board, Workers United",20,NA,NA,NA,NA,3,23,NA,3,NA,"Rochester Regional Joint Board, Workers United","Initial","Single Labor Organization","Certific. of Representative","Closed","INCLUDED: All full-time and regular part-time employees employed by the Employer at its facilities located at 294 N Winooski Ave. #111, Burlington, VT 05401, 1672 W. Lakeshore Dr., Colchester, VT 05446, and 112 Garden Street, South Burlington, VT 05403

EXCLUDED: All confidential employees, guards, and supervisors as defined by the National Labor Relations Act.",NA,NA,NA,22,2025-07-01,2025-07-01,"26-50",TRUE,"RC","Yes","Rochester Regional Joint Board, Workers United",1,"WU",0.869565217391304,"Yes",12
"03-RC-367650","Region 03, Buffalo, New York","Bennington College",2025-06-17,2025-06-20,"Bennington","VT",NA,NA,2,NA,NA,NA,NA,NA,NA,NA,NA,NA,NA,NA,NA,NA,NA,NA,"Withdrawal Non-adjusted","Closed",NA,NA,NA,NA,NA,NA,2025-04-01,"<5",TRUE,"RC","No",NA,0,"Uncoded",NA,"Other",NA
"03-RC-366072","Region 03, Buffalo, New York","Norwich University - The Military College of Vermont",2025-05-21,NA,"Northfield","VT","A",2025-07-22,21,NA,"Chauffeurs, Teamster, Warehousemen and Helpers Union No. 597",18,NA,NA,NA,NA,1,19,NA,1,NA,"Chauffeurs, Teamsters, Warehousemen and Helpers Union No. 597","Initial","Single Labor Organization",NA,"Open","Included: grounds crew chief, grounds, plumber, carpenter, electrician, ice rink assistant manager, building control specialist, maintenance, vehicle maintenance, maintenance/heating plant operator.

Excluded: confidential employees, custodians, managers, faculty, student workers, guards, directors, provosts, adjunct faculty, coordinators, coaches, investigators, student athletes, work-study students, office clerical employees, managers, professional employees, and supervisors as defined in the Act and all other employees. 
",NA,NA,NA,62,2025-07-01,2025-04-01,"11-25",TRUE,"RC","Yes","Chauffeurs, Teamster, Warehousemen and Helpers Union No. 597",0,"Uncoded",0.947368421052632,"Still Open",2
"03-RC-365638","Region 03, Buffalo, New York","Trivium - New England, LLC",2025-05-14,2025-06-26,"Bradford","VT","A",2025-06-13,46,NA,"American Federation of State, County and Municipal Employees, Council 93",25,NA,NA,NA,NA,14,39,NA,1,NA,"American Federation of State, County and Municipal Employees, Council 93","Initial","Single Labor Organization","Certific. of Representative","Closed","Included: All full-time and regular part-time Service Coordinators, Support Coordinators, Case Managers, Head Cooks, Cooks, Residential Coaches, Senior Residential Coaches, Housekeepers, and Nurses* employed by the Employer at its facilities located at 2122 Lower Plain, Bradford, VT, 1 Prospect Street, Hanover, NH, 366 Upper Plain, Bradford VT, and 996 Lower Plain, Bradford, VT.
Excluded: All confidential employees, casual employees, professional employees, guards, and supervisors as defined by the Act.
*The parties agree that the Nurse classification does not meet the definition of professional employee under Section 2(12) of the National Labor Relations Act.",NA,NA,NA,30,2025-04-01,2025-04-01,"26-50",TRUE,"RC","Yes","American Federation of State, County and Municipal Employees, Council 93",1,"AFSCME",0.641025641025641,"Yes",7
"03-RC-365058","Region 03, Buffalo, New York","UVM Health Network Home Health and Hospice",2025-05-06,2025-06-18,"Colchester","VT","A",2025-06-05,95,1,"Hospice United, AFT VT, AFT",49,NA,NA,NA,NA,7,56,NA,13,NA,"Hospice United, AFT VT, AFT","Initial","Single Labor Organization","Certific. of Representative","Closed","VOTING GROUP A - PROFESSIONAL EMPLOYEES UNIT
Included: All full-time, regular part-time, and per diem  employees employed exclusively in (1) HHH-Home Health and Hospice and (2) HHH-McClure Miller Respite House, in the following classifications: HHH Triage Nurse E, HHH Weekend Coordinator, Hospice Liaison, Hospice Nurse II, Hospice Nurse III, Nurse Practitioner, VRH Nurse II, and VRH Nurse III.

Excluded: All Hospice LNA II, LNA Mentor, VRH LNA I, VRH LNA II, Lead Spiritual Caregiver, Lead Bereavement Coordinator, Lead Social Worker, Nurse Assistant Trainee, employees employed at Adult Home Health, nonprofessional employees, guards, and supervisors as defined by the Act, and all other employees. 

Others permitted to vote: The parties have agreed that employees in the classifications of Bereavement Coordinator, Chaplain, HHH HPC Social Work III MSW, and Social Worker II MSW, may vote in the election, in the Professional Employees unit, but their ballots will be challenged since their eligibility has not been resolved. No decision has been made regarding whether the individuals in these classifications or groups are included in, or excluded from, the bargaining unit. The eligibility or inclusion of these individuals will be resolved, if necessary, following the election.","VOTING GROUP B - NONPROFESSIONAL EMPLOYEES UNIT
Included: All full-time, regular part-time, and per diem employees employed exclusively in (1) HHH-Home Health and Hospice and (2) HHH-McClure Miller Respite House, in the following classifications: Hospice LNA II, LNA Mentor, VRH LNA I, and VRH LNA II.

Excluded: All HHH Triage Nurse E, HHH Weekend Coordinator, Hospice Liaison, Hospice Nurse II, Hospice Nurse III, Nurse Practitioner, VRH Nurse II, VRH Nurse III, Lead Spiritual Caregiver, Lead Bereavement Coordinator, Lead Social Worker, Nurse Assistant Trainee, employees employed at Adult Home Health, professional employees, guards, and supervisors as defined by the Act, and all other employees. 

Others permitted to vote: The parties have agreed that employees in the classifications of Cook, EOL Admin Support, Kitchen Coordinator, Team Assistant II, and Volunteer Coordinator may vote in the election, in the Nonprofessional Employees unit, but their ballots will be challenged since their eligibility has not been resolved. No decision has been made regarding whether the individuals in these classifications or groups are included in, or excluded from, the bargaining unit. The eligibility or inclusion of these individuals will be resolved, if necessary, following the election.","VOTING GROUP B - NONPROFESSIONAL EMPLOYEES UNIT
Included: All full-time, regular part-time, and per diem employees employed exclusively in (1) HHH-Home Health and Hospice and (2) HHH-McClure Miller Respite House, in the following classifications: Hospice LNA II, LNA Mentor, VRH LNA I, and VRH LNA II.

Excluded: All HHH Triage Nurse E, HHH Weekend Coordinator, Hospice Liaison, Hospice Nurse II, Hospice Nurse III, Nurse Practitioner, VRH Nurse II, VRH Nurse III, Lead Spiritual Caregiver, Lead Bereavement Coordinator, Lead Social Worker, Nurse Assistant Trainee, employees employed at Adult Home Health, professional employees, guards, and supervisors as defined by the Act, and all other employees. 

Others permitted to vote: The parties have agreed that employees in the classifications of Cook, EOL Admin Support, Kitchen Coordinator, Team Assistant II, and Volunteer Coordinator may vote in the election, in the Nonprofessional Employees unit, but their ballots will be challenged since their eligibility has not been resolved. No decision has been made regarding whether the individuals in these classifications or groups are included in, or excluded from, the bargaining unit. The eligibility or inclusion of these individuals will be resolved, if necessary, following the election.","VOTING GROUP B - NONPROFESSIONAL EMPLOYEES UNIT
Included: All full-time, regular part-time, and per diem employees employed exclusively in (1) HHH-Home Health and Hospice and (2) HHH-McClure Miller Respite House, in the following classifications: Hospice LNA II, LNA Mentor, VRH LNA I, and VRH LNA II.

Excluded: All HHH Triage Nurse E, HHH Weekend Coordinator, Hospice Liaison, Hospice Nurse II, Hospice Nurse III, Nurse Practitioner, VRH Nurse II, VRH Nurse III, Lead Spiritual Caregiver, Lead Bereavement Coordinator, Lead Social Worker, Nurse Assistant Trainee, employees employed at Adult Home Health, professional employees, guards, and supervisors as defined by the Act, and all other employees. 

Others permitted to vote: The parties have agreed that employees in the classifications of Cook, EOL Admin Support, Kitchen Coordinator, Team Assistant II, and Volunteer Coordinator may vote in the election, in the Nonprofessional Employees unit, but their ballots will be challenged since their eligibility has not been resolved. No decision has been made regarding whether the individuals in these classifications or groups are included in, or excluded from, the bargaining unit. The eligibility or inclusion of these individuals will be resolved, if necessary, following the election.",30,2025-04-01,2025-04-01,"51-100",TRUE,"RC","Yes","Hospice United, AFT VT, AFT",1,"AFT",0.875,"Yes",39
"03-RC-365065","Region 03, Buffalo, New York","Elmhill Inc., DBA Maplehill School and Farm",2025-05-06,2025-06-17,"Plainfield","VT","A",2025-06-03,34,NA,"Maplehill Educators Union",26,NA,NA,NA,NA,0,26,NA,5,NA,"Maplehill Educators Union","Initial","Single Labor Organization","Certific. of Representative","Closed","VOTING GROUP A - PROFESSIONAL EMPLOYEES
Included: All full-time and regular part-time Special Educator, Goddard Special Educator, Teacher,  Teacher – English , Teacher- Science, Teacher Math/Campus Coordinator, – Social Studies, Teacher/Farm Educator, Teacher- Health, and Teacher employed by the Employer at its Individual Care Program (“ICP”) campus located at 1329 John Fowler Road., Plainfield, VT, Small Group Program (“SGP”) campus located at 1350 East Hill Road, Plainfield, VT, and the Greatwood Campus Program (“GCP”) campus located at 61 Loop Road, Plainfield, VT 05667.

Excluded: All Instructional Assistant (IA), Kitchen Assistant, Kitchen Manager/farm-to-table Coordinator, Campus Coordinator/IA, IA/Auto Shop, Farmer, non-professionals, job classifications permitted to vote subject to challenge, confidential employees, guards, and supervisors as defined by the Act.

Others permitted to vote: The parties have agreed that individuals in the classification of Dean of Students, Teacher- Wood Shop, Special Education Coordinator, Teacher- Humanities, and Teacher- Math/Science may vote in the election but their ballots will be challenged since their eligibility has not been resolved. No decision has been made regarding whether the individuals in these classifications or groups are included in, or excluded from, the bargaining unit. The eligibility or inclusion of these individuals will be resolved, if necessary, following the election.","VOTING GROUP B - NON-PROFESSIONAL EMPLOYEES
Included: All full-time and regular part- Instructional Assistant (IA), Kitchen Assistant, Kitchen Manager/farm-to-table Coordinator, Campus Coordinator/IA, IA/Auto Shop, and Farmer employed by the Employer at its Individual Care Program (“ICP”) campus located at 1329 John Fowler Road., Plainfield, VT, Small Group Program (“SGP”) campus located at 1350 East Hill Road, Plainfield, VT, and the Greatwood Campus Program (“GCP”) campus located at 61 Loop Road, Plainfield, VT 05667.

Excluded: All Special Educator, Goddard Special Educator, Teacher,  Teacher – English , Teacher- Science, Teacher Math/Campus Coordinator, – Social Studies, Teacher/Farm Educator, Teacher- Health, and Teacher, professionals, job classifications permitted to vote subject to challenge, confidential employees, guards, and supervisors as defined by the Act.

Others permitted to vote: The parties have agreed that individuals in the classification of Dean of Students, Teacher- Wood Shop, Special Education Coordinator, Teacher- Humanities, and Teacher- Math/Science may vote in the election but their ballots will be challenged since their eligibility has not been resolved. No decision has been made regarding whether the individuals in these classifications or groups are included in, or excluded from, the bargaining unit. The eligibility or inclusion of these individuals will be resolved, if necessary, following the election.","VOTING GROUP B - NON-PROFESSIONAL EMPLOYEES
Included: All full-time and regular part- Instructional Assistant (IA), Kitchen Assistant, Kitchen Manager/farm-to-table Coordinator, Campus Coordinator/IA, IA/Auto Shop, and Farmer employed by the Employer at its Individual Care Program (“ICP”) campus located at 1329 John Fowler Road., Plainfield, VT, Small Group Program (“SGP”) campus located at 1350 East Hill Road, Plainfield, VT, and the Greatwood Campus Program (“GCP”) campus located at 61 Loop Road, Plainfield, VT 05667.

Excluded: All Special Educator, Goddard Special Educator, Teacher,  Teacher – English , Teacher- Science, Teacher Math/Campus Coordinator, – Social Studies, Teacher/Farm Educator, Teacher- Health, and Teacher, professionals, job classifications permitted to vote subject to challenge, confidential employees, guards, and supervisors as defined by the Act.

Others permitted to vote: The parties have agreed that individuals in the classification of Dean of Students, Teacher- Wood Shop, Special Education Coordinator, Teacher- Humanities, and Teacher- Math/Science may vote in the election but their ballots will be challenged since their eligibility has not been resolved. No decision has been made regarding whether the individuals in these classifications or groups are included in, or excluded from, the bargaining unit. The eligibility or inclusion of these individuals will be resolved, if necessary, following the election.","VOTING GROUP B - NON-PROFESSIONAL EMPLOYEES
Included: All full-time and regular part- Instructional Assistant (IA), Kitchen Assistant, Kitchen Manager/farm-to-table Coordinator, Campus Coordinator/IA, IA/Auto Shop, and Farmer employed by the Employer at its Individual Care Program (“ICP”) campus located at 1329 John Fowler Road., Plainfield, VT, Small Group Program (“SGP”) campus located at 1350 East Hill Road, Plainfield, VT, and the Greatwood Campus Program (“GCP”) campus located at 61 Loop Road, Plainfield, VT 05667.

Excluded: All Special Educator, Goddard Special Educator, Teacher,  Teacher – English , Teacher- Science, Teacher Math/Campus Coordinator, – Social Studies, Teacher/Farm Educator, Teacher- Health, and Teacher, professionals, job classifications permitted to vote subject to challenge, confidential employees, guards, and supervisors as defined by the Act.

Others permitted to vote: The parties have agreed that individuals in the classification of Dean of Students, Teacher- Wood Shop, Special Education Coordinator, Teacher- Humanities, and Teacher- Math/Science may vote in the election but their ballots will be challenged since their eligibility has not been resolved. No decision has been made regarding whether the individuals in these classifications or groups are included in, or excluded from, the bargaining unit. The eligibility or inclusion of these individuals will be resolved, if necessary, following the election.",28,2025-04-01,2025-04-01,"26-50",TRUE,"RC","Yes","Maplehill Educators Union",0,"Uncoded",1,"Yes",8
"03-RC-361707","Region 03, Buffalo, New York","Paragon Systems, Inc.",2025-03-11,2025-05-22,"Burlington","VT","A",2025-05-13,43,1,"United Government Security Officers of America and its Local 284",20,NA,NA,NA,NA,0,20,NA,NA,NA,"United Government Security Officers of America and its Local 284","Initial","Single Labor Organization","Certific. of Representative","Closed","Included: All armed and unarmed security officers employed by Paragon Systems performing guard duties as defined by Section 9(b)(3) of the National Labor Relations Act, assigned to the below Federal facilities in Vermont, under the Employer’s Contract No. 70RFP118DE1000001.

Federal facilities in Vermont, under the Employer’s Contract: 50 South Main Street, St. Albans, VT; 11 Elmwood Ave, Burlington, VT; 87 State Street, Montpelier, VT; 11 Lincoln Street, Essex Junction, VT; 33 School Street, Montpelier, VT; 128 Lakeside Avenue, Burlington, VT; 188 Harvest Lane, Williston VT; 70 Kimball Avenue, South Burlington VT; 246 West St, Rutland, VT; 4 Lemnah Drive, St. Albans, VT; 64 Gricebrook Road, St. Albans, VT; 1222 Putney Road, Brattleboro VT; 166 Sycamore Street, Williston, VT; 30 River Road, Essex Junction, VT; 36 Eastern Avenue, St. Johnsbury, VT; 426 Industrial Ave, Williston, VT; 65 Bowdoin Street, South Burlington, VT; 18 Walnut Walk, Williston, VT; 38 River Road, Essex Junction, VT; and 463 Mountain View Drive, Colchester, VT.

Excluded: office clerical employees, managerial personnel, supervisors as defined by the National Labor Relations Act, and all other personnel.",NA,NA,NA,63,2025-04-01,2025-01-01,"26-50",TRUE,"RC","Yes","United Government Security Officers of America and its Local 284",1,"UGSOA",1,"Yes",23
"01-RC-361421","Region 01, Boston, Massachusetts","Butler’s Bus Service, Inc.",2025-03-06,2025-04-25,"Lyndon","VT","A",2025-04-17,40,NA,"VERMONT NATIONAL EDUCATION ASSOCIATION",7,NA,NA,NA,NA,23,30,NA,NA,NA,NA,"Initial","Single Labor Organization","Certification of Results","Closed","Included: All full-time, regular part-time, and seasonal drivers, monitors, dispatchers, mechanics, and driver trainers employed by the Employer at its 231 Red Village Road, Lyndonville, VT location.
Excluded: All office clerical employees, confidential employees, casual employees, managers, guards, professional employees, and supervisors as defined in the Act.",NA,NA,NA,42,2025-04-01,2025-01-01,"26-50",TRUE,"RC","Yes","VERMONT NATIONAL EDUCATION ASSOCIATION",1,"NEA",0.233333333333333,"No",10
"03-RC-360091","Region 03, Buffalo, New York","Brattleboro Memorial Hospital",2025-02-11,2025-03-31,"Brattleboro","VT","A",2025-03-20,21,NA,"Brattleboro Healthcare United, AFT-VT, AFT, AFL-CIO",13,NA,NA,NA,NA,4,17,NA,3,NA,"Brattleboro Healthcare United, AFT-VT, AFT, AFL-CIO","Initial","Single Labor Organization","Certific. of Representative","Closed","Brattleboro Family Medicine and Putney Family Healthcare: 
Included: All full-time, part-time, and per diem* non-professional employees in the classifications of: Certified Medical Assistant, Medical Assistant, Patient Service Representative employed by the Employer at its facilities located at 21 Belmont Avenue, Brattleboro, VT and 79 Main Street, Putney, VT. 
Excluded: All physicians, registered nurses, professional employees, technical employees, business office clerical employees, skilled maintenance employees, confidential employees, managers, guards, supervisors as defined in the Act, and all other employees. 
*For the purposes of eligibility in this election, per-diem employees in both voting units must have worked an average of four (4) hours per week during the thirteen (13) weeks immediately preceding the eligibility date for the election in order to be eligible to vote.","Other healthcare facilities: 
INCLUDED: All full-time, part-time, and per diem non-professional employees in the classifications of: Certified Medical Assistant, Medical Assistant, Patient Service Representative employed by the Employer at its facilities located at 19 Belmont Avenue, Brattleboro, VT, 17 Belmont Avenue, Brattleboro, VT, 63 Belmont Avenue, Brattleboro, VT and 580 Canal Street, Brattleboro, VT. 
EXCLUDED: All physicians, registered nurses, professional employees, technical employees, business office clerical employees, skilled maintenance employees, confidential employees, managers, guards, supervisors as defined in the Act, and all other employees.
*For the purposes of eligibility in this election, per-diem employees in both voting units must have worked an average of four (4) hours per week during the thirteen (13) weeks immediately preceding the eligibility date for the election in order to be eligible to vote.","Other healthcare facilities: 
INCLUDED: All full-time, part-time, and per diem non-professional employees in the classifications of: Certified Medical Assistant, Medical Assistant, Patient Service Representative employed by the Employer at its facilities located at 19 Belmont Avenue, Brattleboro, VT, 17 Belmont Avenue, Brattleboro, VT, 63 Belmont Avenue, Brattleboro, VT and 580 Canal Street, Brattleboro, VT. 
EXCLUDED: All physicians, registered nurses, professional employees, technical employees, business office clerical employees, skilled maintenance employees, confidential employees, managers, guards, supervisors as defined in the Act, and all other employees.
*For the purposes of eligibility in this election, per-diem employees in both voting units must have worked an average of four (4) hours per week during the thirteen (13) weeks immediately preceding the eligibility date for the election in order to be eligible to vote.","Other healthcare facilities: 
INCLUDED: All full-time, part-time, and per diem non-professional employees in the classifications of: Certified Medical Assistant, Medical Assistant, Patient Service Representative employed by the Employer at its facilities located at 19 Belmont Avenue, Brattleboro, VT, 17 Belmont Avenue, Brattleboro, VT, 63 Belmont Avenue, Brattleboro, VT and 580 Canal Street, Brattleboro, VT. 
EXCLUDED: All physicians, registered nurses, professional employees, technical employees, business office clerical employees, skilled maintenance employees, confidential employees, managers, guards, supervisors as defined in the Act, and all other employees.
*For the purposes of eligibility in this election, per-diem employees in both voting units must have worked an average of four (4) hours per week during the thirteen (13) weeks immediately preceding the eligibility date for the election in order to be eligible to vote.",37,2025-01-01,2025-01-01,"11-25",TRUE,"RC","Yes","Brattleboro Healthcare United, AFT-VT, AFT, AFL-CIO",1,"AFT",0.764705882352941,"Yes",4
"03-RC-360091","Region 03, Buffalo, New York","Brattleboro Memorial Hospital",2025-02-11,2025-03-31,"Brattleboro","VT","B",2025-03-20,40,NA,"Brattleboro Healthcare United, AFT-VT, AFT, AFL-CIO",16,NA,NA,NA,NA,14,30,NA,5,"Y","Brattleboro Healthcare United, AFT-VT, AFT, AFL-CIO","Initial","Single Labor Organization","Certific. of Representative","Closed","Brattleboro Family Medicine and Putney Family Healthcare: 
Included: All full-time, part-time, and per diem* non-professional employees in the classifications of: Certified Medical Assistant, Medical Assistant, Patient Service Representative employed by the Employer at its facilities located at 21 Belmont Avenue, Brattleboro, VT and 79 Main Street, Putney, VT. 
Excluded: All physicians, registered nurses, professional employees, technical employees, business office clerical employees, skilled maintenance employees, confidential employees, managers, guards, supervisors as defined in the Act, and all other employees. 
*For the purposes of eligibility in this election, per-diem employees in both voting units must have worked an average of four (4) hours per week during the thirteen (13) weeks immediately preceding the eligibility date for the election in order to be eligible to vote.","Other healthcare facilities: 
INCLUDED: All full-time, part-time, and per diem non-professional employees in the classifications of: Certified Medical Assistant, Medical Assistant, Patient Service Representative employed by the Employer at its facilities located at 19 Belmont Avenue, Brattleboro, VT, 17 Belmont Avenue, Brattleboro, VT, 63 Belmont Avenue, Brattleboro, VT and 580 Canal Street, Brattleboro, VT. 
EXCLUDED: All physicians, registered nurses, professional employees, technical employees, business office clerical employees, skilled maintenance employees, confidential employees, managers, guards, supervisors as defined in the Act, and all other employees.
*For the purposes of eligibility in this election, per-diem employees in both voting units must have worked an average of four (4) hours per week during the thirteen (13) weeks immediately preceding the eligibility date for the election in order to be eligible to vote.","Other healthcare facilities: 
INCLUDED: All full-time, part-time, and per diem non-professional employees in the classifications of: Certified Medical Assistant, Medical Assistant, Patient Service Representative employed by the Employer at its facilities located at 19 Belmont Avenue, Brattleboro, VT, 17 Belmont Avenue, Brattleboro, VT, 63 Belmont Avenue, Brattleboro, VT and 580 Canal Street, Brattleboro, VT. 
EXCLUDED: All physicians, registered nurses, professional employees, technical employees, business office clerical employees, skilled maintenance employees, confidential employees, managers, guards, supervisors as defined in the Act, and all other employees.
*For the purposes of eligibility in this election, per-diem employees in both voting units must have worked an average of four (4) hours per week during the thirteen (13) weeks immediately preceding the eligibility date for the election in order to be eligible to vote.","Other healthcare facilities: 
INCLUDED: All full-time, part-time, and per diem non-professional employees in the classifications of: Certified Medical Assistant, Medical Assistant, Patient Service Representative employed by the Employer at its facilities located at 19 Belmont Avenue, Brattleboro, VT, 17 Belmont Avenue, Brattleboro, VT, 63 Belmont Avenue, Brattleboro, VT and 580 Canal Street, Brattleboro, VT. 
EXCLUDED: All physicians, registered nurses, professional employees, technical employees, business office clerical employees, skilled maintenance employees, confidential employees, managers, guards, supervisors as defined in the Act, and all other employees.
*For the purposes of eligibility in this election, per-diem employees in both voting units must have worked an average of four (4) hours per week during the thirteen (13) weeks immediately preceding the eligibility date for the election in order to be eligible to vote.",37,2025-01-01,2025-01-01,"26-50",TRUE,"RC","Yes","Brattleboro Healthcare United, AFT-VT, AFT, AFL-CIO",1,"AFT",0.533333333333333,"Yes",10
"03-RC-359837","Region 03, Buffalo, New York","Spectrum Youth and Family Services, Inc.",2025-02-06,2025-03-13,"Burlington","VT","A",2025-03-04,26,NA,"American Federation of State, County and Municipal Employees, Council 93, AFL-CIO",20,NA,NA,NA,NA,1,0,NA,NA,NA,"American Federation of State, County and Municipal Employees, Council 93, AFL-CIO","Initial","Single Labor Organization","Certific. of Representative","Closed","Included: All full-time, regular part-time, and per diem* Youth Coaches, Respites, and Intake Coordinators. 

Excluded: All Resource Coordinators and Supervisors, Supporting Housing Coordinators, Youth Shelter Coordinators, Case Managers, Nightly Shelter Coordinators, guards, and supervisors as defined in the Act, and all other employees.  

*Per diem employees that are eligible to vote are those employees who worked an average of 4hours or more per week over the preceding thirteen (13) week period.",NA,NA,NA,26,2025-01-01,2025-01-01,"26-50",TRUE,"RC","Yes","American Federation of State, County and Municipal Employees, Council 93, AFL-CIO",1,"AFSCME",NA,"Yes",5
"03-RC-359581","Region 03, Buffalo, New York","University of Vermont Medical Center",2025-02-03,2025-03-04,"Burlington","VT","A",2025-02-18,143,NA,"Vermont Federation of Nurses and Health Professionals, AFT Vermont, Local 5221",103,NA,NA,NA,NA,5,108,NA,2,NA,"Vermont Federation of Nurses and Health Professionals, AFT Vermont, Local 5221","Initial","Single Labor Organization","Certification of Results","Closed","Included: All full-time, regular part-time, and per diem Medical Lab Scientist I, II, and III, Charge Medical Lab Scientist, Clinical Lab Embryologist, Clinical Lab Embryologist Sr, Clinical Lab Andrologist, Histotechnician, Histotechnician OP, Histotechnician Sr, Histotechnologist, Histotechnologist Charge, Histotechnologist Sr, Lab Compliance Analyst, Laboratory Technician, and Radiation Therapist employed by the Employer at its facilities located at 111 Colchester Ave, Burlington VT and  350 Tilley Dr Suite 201, South Burlington, VT.
 
Excluded: All managerial employees, confidential employees, guards, and supervisors as defined by the Act, and all other employees.
 
Others permitted to vote: The parties have agreed that employees in the Laboratory Educator classification, may vote in the election, but their ballots will be challenged. No decision has been made regarding whether the individuals in this classification are included in, or excluded from, the bargaining unit. The eligibility or inclusion of these individuals will be resolved, if necessary, following the election.

If a majority of valid ballots are cast for Petitioner, they will be taken to have indicated the employees’ desire to be included in the existing technical collective-bargaining unit between the Petitioner and Employer as set forth in the parties’ current collective-bargaining agreement.",NA,NA,NA,15,2025-01-01,2025-01-01,"101-500",TRUE,"RC","Yes","Vermont Federation of Nurses and Health Professionals, AFT Vermont, Local 5221",1,"AFT",0.953703703703704,"No",35
"03-RC-358264","Region 03, Buffalo, New York","Brattleboro Memorial Hospital",2025-01-14,2025-02-27,"Brattleboro","VT","A",2025-02-14,2,NA,"Brattleboro Healthcare United, AFT-VT, AFT, AFL-CIO",2,NA,NA,NA,NA,0,2,NA,NA,NA,"Brattleboro Healthcare United, AFT-VT, AFT, AFL-CIO","Initial","Single Labor Organization","Certific. of Representative","Closed","Included: All full-time, regular part-time, and per-diem[1] skilled maintenance employees in the classifications of: LIC Electrician, HVAC Technician, and Stationary Engineer employed by the Employer at its Brattleboro, Vermont, acute care hospital.

Excluded: All physicians, registered nurses, professional employees, non-professional employees, technical employees, business office clerical employees, confidential employees, managers, guards, supervisors as defined in the Act, and all other employees.

1.	The parties agree that per-diem employees that have worked an average of four (4) hours per week during the thirteen (13) weeks immediately preceding the eligibility date for the election are eligible to vote.",NA,NA,NA,31,2025-01-01,2025-01-01,"<5",TRUE,"RC","Yes","Brattleboro Healthcare United, AFT-VT, AFT, AFL-CIO",1,"AFT",1,"Yes",0
"03-RC-358274","Region 03, Buffalo, New York","Brattleboro Memorial Hospital",2025-01-14,2025-02-27,"Brattleboro","VT","A",2025-02-14,22,NA,"Brattleboro Healthcare United, AFT-VT, AFT, AFL-CIO",12,NA,NA,NA,NA,8,20,NA,NA,NA,"Brattleboro Healthcare United, AFT-VT, AFT, AFL-CIO","Initial","Single Labor Organization","Certific. of Representative","Closed","03-RC-358274, BUSINESS OFFICE CLERICAL UNIT

Included: All full-time, regular part-time, and per-diem[3] business office clerical employees in the classifications of: 340B Program Coordinator, Accts Payable Clerk, Billing Representative, Lead Billing Rep, Patient Access Pre Reg and Prior Auth Rep, Patient Financial Advocate, PC Specialist I, PC Specialist II, PMT/Data Entry Clerk, and Switchboard Operator Ed Reg employed by the Employer at its Brattleboro, Vermont, acute care hospital.

Excluded: All confidential employees, physicians, registered nurses, professional employees, non-professional employees, technical employees, skilled maintenance employees, managers, guards, supervisors as defined in the Act, and all other employees.

3.	The parties agree that per-diem employees that have worked an average of four (4) hours per week during the thirteen (13) weeks immediately preceding the eligibility date for the election are eligible to vote.",NA,NA,NA,31,2025-01-01,2025-01-01,"11-25",TRUE,"RC","Yes","Brattleboro Healthcare United, AFT-VT, AFT, AFL-CIO",1,"AFT",0.6,"Yes",2
"03-RC-358266","Region 03, Buffalo, New York","Brattleboro Memorial Hospital",2025-01-14,2025-02-27,"Brattleboro","VT","A",2025-02-14,52,44,"Brattleboro Healthcare United, AFT-VT, AFT, AFL-CIO",36,NA,NA,NA,NA,8,55,NA,11,NA,"Brattleboro Healthcare United, AFT-VT, AFT, AFL-CIO","Initial","Single Labor Organization","Certific. of Representative","Closed","Included: All full-time, regular part-time, and per-diem[2] technical employees in the classifications of: Cardio/Pulmonary Ast, Emergency Technician, Imaging Specialist, MRI Tech, PACS Administrator, Paramedic-ED, Phlebotomy TCH, Phlebotomy Tech I, Phlebotomy Tech II, Phlebotomy Tech III, Phlebotomy Tech III/Pathology Aide III, PT Assistant, Radiologic Tech Rt, Sterile Process Tech, Surgical Tech, and Ultrasound Tech employed by the Employer at its Brattleboro, Vermont, acute care hospital.

Excluded: All confidential employees, business office clerical employees, physicians, registered nurses, professional employees, non-professional employees, skilled maintenance employees, managers, guards, supervisors as defined in the Act, and all other employees.

Others Permitted to Vote: At this time, no decision has been made regarding whether the Lead Mammo Tech, Ultrasound Tech Cardiac, Lead CT Tech, Lead Ultrasound Tech, Medical Lab Scientist I, Medical Lab Scientist II, Lead Tech Blood Bank, Lead Endoscopy Tech, Lead Tech Micro, and Lead Nuclear Med TCH classifications are included in, or excluded from, the bargaining unit, and individuals in these classifications will be permitted to vote in the election but their ballots shall be challenged since their eligibility has not been determined. The eligibility or inclusion of these individuals will be resolved, if necessary, following the election.

2.	The parties agree that per-diem employees that have worked an average of four (4) hours per week during the thirteen (13) weeks immediately preceding the eligibility date for the election are eligible to vote.",NA,NA,NA,31,2025-01-01,2025-01-01,"51-100",TRUE,"RC","Yes","Brattleboro Healthcare United, AFT-VT, AFT, AFL-CIO",1,"AFT",0.818181818181818,"Yes",8
"03-RC-358268","Region 03, Buffalo, New York","Brattleboro Memorial Hospital",2025-01-14,2025-02-27,"Brattleboro","VT","A",2025-02-14,161,NA,"Brattleboro Healthcare United, AFT-VT, AFT, AFL-CIO",73,NA,NA,NA,NA,41,114,NA,2,NA,"Brattleboro Healthcare United, AFT-VT, AFT, AFL-CIO","Initial","Single Labor Organization","Certific. of Representative","Closed","Included: All full-time, regular part-time, and per-diem[1] non-professional employees in the classifications of: Ast Staff Coor/Sched, Cardio/Pulm Clerk, Chef, Diagnostic Assistant, Environ Svcs Aide, File Clerk, Food Service Associate, Gen Maint Tech, HIM Specialist, Hospital Greeter/Transport, Imaging Access Coord, Inpatient Services Scheduling Coord, Laboratory Assistant, Laundry Aide, Lead – Nutrition Services, Painter, Lead CSP Tech, Lead Ed Unit Coord, Lead Imaging Access Coord, Lead Patient Access, LNA, MAINT EVE/NITE/WKEND, Marketing and Dev Coord, Materials Specialist, MGR Facilities Project Manager, Nutrition Associate, OB Technician, Operating Room Asst, Patient Access Rep, Patient Care Assistant, Patient Care Assistant – Float, Patient Safety Technician – Float, Periop Workflow Coor, Pharmacy Tech II, Plant Operations Coordinator, Production Lead, Reg Spec Main Ed Op, Release of Information Specialist, Secretary/Clerk Lab, Storeroom Clerk and Unit Coordinator employed by the Employer at its Brattleboro, Vermont, acute care hospital.

Excluded: All physicians, registered nurses, professional employees, technical employees, skilled maintenance employees, business office clerical employees, confidential employees, managers, guards, supervisors as defined in the Act, and all other employees.

[1] The parties agree that per-diem employees that have worked an average of four (4) hours per week during the thirteen (13) weeks immediately preceding the eligibility date for the election are eligible to vote.",NA,NA,NA,31,2025-01-01,2025-01-01,"101-500",TRUE,"RC","Yes","Brattleboro Healthcare United, AFT-VT, AFT, AFL-CIO",1,"AFT",0.640350877192982,"Yes",47
"03-RC-358174","Region 03, Buffalo, New York","Northwestern Medical Center, Inc.",2025-01-13,2025-02-19,"Saint Albans","VT","A",2025-02-06,72,1,"Northwestern Medical Center, Inc.",150,NA,NA,NA,NA,45,129,NA,12,NA,"Northwestern Medical Center, Inc.","Initial","Single Labor Organization","Certific. of Representative","Closed","Included: All full-time, part-time, and per diem[1]  Registered Nurses employed by Northwestern Medical Center at its facilities located at 133 Fairfield Street, St. Albans, Vermont; 260 Crest Road, St. Albans, Vermont; 44 Center Street, Enosburg Falls, Vermont; 1-2 Crest Road, St. Albans, Vermont; 11 Crest Road, St. Albans, Vermont; 10 Crest Road, St. Albans, Vermont; 248 North Main Street, St. Albans, Vermont; 128 Fisher Pond Road, St. Albans, Vermont; 27 Fisher Pond Road, St. Albans, Vermont; and 927 Ethan Allen Highway, Georgia, Vermont.
Excluded: Advanced Practice Registered Nurses, employees who work primarily as Registered Nurse Shift Administrators, and all service and maintenance employees, non-nursing professionals, technical employees, physicians, business office and clerical employees, casual employees, managerial and confidential employees, guards, and supervisors as defined in the Act.
Others permitted to vote:  The parties have agreed that the employees in the classifications of Nurse Educators and Care Management Registered Nurses may vote in the election, but their ballots will be challenged since their eligibility has not been resolved.  No decision has been made regarding whether the individuals in these classifications are included in, or excluded from, the bargaining unit.  The eligibility and the inclusion or exclusion of these individuals will be resolved, if necessary, following the election.
[1] In order to be considered an eligible voter, an employee must have worked an average of four (4) or more hours per week in the 13 weeks immediately preceding the eligibility date for the election.",NA,NA,NA,24,2025-01-01,2025-01-01,"51-100",TRUE,"RC","Yes","Northwestern Medical Center, Inc.",0,"Uncoded",0.769230769230769,"Yes",-123
"03-RC-356214","Region 03, Buffalo, New York","Central Vermont Medical Center",2024-12-06,2024-12-12,"Berlin","VT",NA,NA,156,NA,NA,NA,NA,NA,NA,NA,NA,NA,NA,NA,NA,NA,NA,NA,"Withdrawal Non-adjusted","Closed",NA,NA,NA,NA,NA,NA,2024-10-01,"101-500",TRUE,"RC","No",NA,0,"Uncoded",NA,"Other",NA
"03-RC-355426","Region 03, Buffalo, New York","University of Vermont Medical Center",2024-11-25,2024-12-20,"Burlington","VT","A",2024-12-10,49,NA,"UVMMC Security Officers United",24,NA,NA,NA,NA,18,42,NA,5,NA,"UVMMC Security Officers United","Initial","Single Labor Organization","Certific. of Representative","Closed","Included: All full-time, regular part-time and per diem * employees performing guard duties as defined in Section 9(b)(3) of the National Labor Relations Act, including Security Officer Ones and Lead Security Officers employed by the Employer at its facilities located at 111 Colchester Avenue, Burlington, VT; 1 South Prospect Street, Burlington, VT; 118 Tilley Street, Burlington, VT; and 790 College Parkway, Colchester, VT.

Excluded:  All confidential employees, managerial employees, office clerical employees, and supervisors as defined by the National Labor Relations Act, and all other employees.

*  To be considered an eligible voter, a per diem employee must have worked an average of four (4) or more hours per week in the 13 weeks immediately preceding the eligibility date for the election.",NA,NA,NA,15,2024-10-01,2024-10-01,"26-50",TRUE,"RC","Yes","UVMMC Security Officers United",0,"Uncoded",0.571428571428571,"Yes",7
"03-RC-355103","Region 03, Buffalo, New York","Vermont Legal Aid",2024-11-19,2024-11-25,"Burlington","VT",NA,NA,90,NA,NA,NA,NA,NA,NA,NA,NA,NA,NA,NA,NA,NA,NA,NA,"Withdrawal Non-adjusted","Closed",NA,NA,NA,NA,NA,NA,2024-10-01,"51-100",TRUE,"RC","No",NA,0,"Uncoded",NA,"Other",NA
"03-RC-352749","Region 03, Buffalo, New York","Copley Hospital",2024-10-16,2024-11-26,"Morrisville","VT","A",2024-11-14,140,NA,"United Nurses and Allied Professionals",68,NA,NA,NA,NA,44,112,NA,6,NA,"United Nurses and Allied Professionals","Initial","Single Labor Organization","Certific. of Representative","Closed","Included: All full-time, regular part-time, and per-diem  non-professional employees in the classifications of: Administrative Assistant, Administrative Unit Coordinator, Authorization Coordinator, CSR Technician, Dietary Technician, Endo Tech, EVS OR Technician, EVS Technician/Security, Food Service Worker, Health Information Specialist, HIM Lead, HIM Specialist,  Intake Referral Specialist, Inventory Clerk, Laboratory Aide, Lead CSR Technician, LNA, Maintenance Technician I, Maintenance Technician II, Medical Assistant I, Medical Assistant II, Medical Assistant III, Nutrition Assistant, Operating Room Scheduler, Operating Room Service Aide, PAS Quality Assurance Specialist, Patient Care Assistant, Patient Engagement Specialist, Patient Engagement Specialist I, Patient Engagement Specialist II, Perioperative Unit Coordinator, Phlebotomist, Phlebotomist/Receptionist, Radiology Scheduler, Referral Specialist, Registrar, Registrar/Scheduler, Scheduler, Sous Chef, Team Leader, Transcriptionist, and Unit Coordinator employed by the Employer at its Morrisville and Waterbury, Vermont facilities. 

Excluded: All confidential employees, business office clerical employees, physicians, registered nurses, professional employees, technical employees, skilled maintenance employees, managers, guards, supervisors as defined in the Act, and all other employees. 
Others permitted to vote: The parties have agreed that employees in the classification of Pharmacy Technician I, Pharmacy Technician II, Pharmacy Technician III, and ED Technician may vote in the election, but their ballots will be challenged since their eligibility has not been resolved. No decision has been made regarding whether the individual(s) in this classification or group are included in, or excluded from, the bargaining unit. The eligibility or inclusion of these classifications will be resolved, if necessary, following the election.",NA,NA,NA,29,2024-10-01,2024-10-01,"101-500",TRUE,"RC","Yes","United Nurses and Allied Professionals",1,"UNAP",0.607142857142857,"Yes",28
"03-RC-348130","Region 03, Buffalo, New York","Metro Rock Essex, Vertical North LLC",2024-08-13,2024-09-17,"Essex Junction","VT","A",2024-09-09,29,NA,"Rochester Regional Joint Board",18,NA,NA,NA,NA,3,21,NA,2,NA,"Rochester Regional Joint Board","Initial","Single Labor Organization","Certific. of Representative","Closed","INCLUDED:  All full-time and regular part-time  employees employed by the Employer at the Essex Junction Metro Rock Climbing Gym located at 320 Sunderland Way, Essex Junction, Vermont.
EXCLUDED:  All temporary employees, casual employees, guards, confidential employees, managers, professional employees and supervisors as defined by the Act and all other employees1[footnote].
1No decision has been made regarding whether individuals in the classifications of Assistant Manager and Facilities Manager are included in, or excluded from, the bargaining unit.",NA,NA,NA,27,2024-07-01,2024-07-01,"26-50",TRUE,"RC","Yes","Rochester Regional Joint Board",0,"Uncoded",0.857142857142857,"Yes",8
"03-RC-347677","Region 03, Buffalo, New York","Central Vermont Medical Center",2024-08-06,2024-09-17,"Berlin","VT","A",2024-09-05,440,5,"Central Vermont Healthcare United, AFT Vermont, AFT, AFL-CIO",244,NA,NA,NA,NA,66,310,NA,9,NA,"Central Vermont Healthcare United, AFT Vermont, AFT, AFL-CIO","Initial","Single Labor Organization","Certific. of Representative","Closed","Included:  All full-time, regular part-time, and per diem  Admin Assistant/Transcriptionist, Administrative Assistant, Anesthesia Assistant, Breast Care Coordinator, Certified Patient Access Navigator, Certified Phlebotomist/Admins, Asst Cook, COVID-19 Medical Screener, Critical Care Technician, Driver, Environmental Services Preceptor, Environmental Services Technician III, Environmental Technician, EVS OR Technician, EVS Technician II, Food Service Worker II, Food Service Worker III, Image Management Assoc., Internal Transportation Technician, Inventory Specialists, Life Enrichment Coordinator, LNA – MHT, LNA Extern, LNA I, LNA I-WDR, LNA II, LNA II – WDR, LNA II-Driver – WDR, LNA II/Administration Assistant – WDR, LNA/Life Enrichment Coordinator – WDR, Medical Assistant I, Medical Assistant II, Medial Assistant III, Medical Assistant In Training, Mental Health Technician, Nurse Assistant Trainee, Nutrition Care Rep, Operating Room Assistant, Operations Support Specialist, Pain Clinic Coordinator, Patient Access Navigator, Patient Access Specialist/Pre Registration Navigator, Patient Safety Attendant, Patient Service Specialist, Perinatal LNA II/Tech, Perioperative Technician, Phlebotomist/Admin Assistant, Powerscribe Editor/Report Administrator, Radiology Med Asst II – Sched Spec. II, Rehab Support Specialist, Rehab Tech/Admin Assistant, Rehab Tech/Admin Asst & Pool Operator, Rehabilitation Tech, Respiratory Para Professional, Restorative Mobility Aide (LNA II) – WDR, Scheduling Specialist II, Sous Chef Sr., Patient Access Navigator, Support Person II, Surgical Scheduler, Switchboard Operator, WDR, and WDR Support Person III.
Excluded:  All Registered Nurses, Technical Professionals, physicians, business office clerical employees, skilled maintenance employees, confidential employees, guards, professional employees, managers and supervisors as defined in the Act1.
1No decision has been made as to whether individuals in the classifications of ED Admin Assistant Lead, Environmental Services Lead, Financial Navigator I, Financial Navigator II, Lead Rehab Support Specialist, and WDR Sous Chef are included in, or excluded from, the bargaining unit.",NA,NA,NA,30,2024-07-01,2024-07-01,"101-500",TRUE,"RC","Yes","Central Vermont Healthcare United, AFT Vermont, AFT, AFL-CIO",1,"AFT",0.787096774193548,"Yes",130
"03-RC-346570","Region 03, Buffalo, New York","The University of Vermont Medical Center",2024-07-19,2024-09-04,"Burlington","VT","A",2024-08-26,15,NA,"Vermont Federation of Nurses and Health Professionals, AFT Vermont, AFL-CIO, Local 5221",7,NA,NA,NA,NA,4,11,NA,NA,NA,"Vermont Federation of Nurses and Health Professionals, AFT Vermont, AFL-CIO, Local 5221","Initial","Single Labor Organization","Certific. of Representative","Closed","Employees Included
Utilization Management Nurse Specialists, Lead Utilization Management Nurse
Specialists
Employees Excluded
None",NA,NA,NA,38,2024-07-01,2024-07-01,"11-25",TRUE,"RC","Yes","Vermont Federation of Nurses and Health Professionals, AFT Vermont, AFL-CIO, Local 5221",1,"AFT",0.636363636363636,"Yes",4
"03-RC-345429","Region 03, Buffalo, New York","Starbucks Corporation",2024-07-01,2024-07-22,"Essex Junction","VT","A",2024-07-15,24,NA,"Workers United",16,NA,NA,NA,NA,6,22,NA,NA,NA,"Workers United","Initial","Single Labor Organization","Certific. of Representative","Closed","INCLUDED: All fulltime and regular part-time Baristas and Shift Supervisors employed by the Employer at its facility located at 54 Sunderland Way, Essex Junction, Vermont. 
EXCLUDED: Office clerical employees, Store Managers, Assistant Store Managers, guards, professional employees, supervisors as defined in the Act, and all other employees.",NA,NA,NA,14,2024-07-01,2024-07-01,"11-25",TRUE,"RC","Yes","Workers United",1,"WU",0.727272727272727,"Yes",2
"03-RC-337932","Region 03, Buffalo, New York","Norwich University",2024-03-15,2025-05-19,"Northfield","VT","A",2024-06-03,55,1,"Chauffeurs, Teamsters, Warehousemen and Helpers Union No. 597",26,NA,NA,NA,NA,27,53,NA,2,NA,"Chauffeurs, Teamsters, Warehousemen and Helpers Union No. 597","Initial","Revised Single Labor Org","Certification of Results","Closed","Included: All full-time and regular part-time employees in the Facilities Operations Department in the classifications of Grounds Workers, Grounds Crew Team Leaders, Grounds Equipment Operators,  Custodians, Assistant Custodial Supervisors, Weekend Utility/Floor Crew Custodians, Utility Worker/Custodians,  Custodial Day Shift Assistant Supervisors, Maintenance Workers, Weekend Maintenance employees, Grounds and Setup Coordinators, Building Control Specialists, Floor Crew,  Arena Maintenance Workers, Arena Assistant Managers, Heating Plant Operators, Electricians, Carpenters, Plumbers,  President’s Housekeeper, Boiler Operators, Mailroom employees, Building Services Workers, and Vehicle Maintenance Mechanics employed by the Employer at its 158 Harmon Drive, Northfield, Vermont campus.
Excluded: Faculty, Directors, Provosts, Adjunct Faculty, Coordinators, Coaches, Investigators, student athletes, work-study students, office clerical employees, guards, managers professional employees and supervisors as defined in the Act, and all other employees.",NA,NA,NA,80,2024-04-01,2024-01-01,"51-100",TRUE,"RC","Yes","Chauffeurs, Teamsters, Warehousemen and Helpers Union No. 597",1,"Teamsters",0.490566037735849,"No",2
"03-RC-337932","Region 03, Buffalo, New York","Norwich University",2024-03-15,2025-05-19,"Northfield","VT","A",2024-05-03,61,NA,"Chauffeurs, Teamsters, Warehousemen and Helpers Union No. 597",25,NA,NA,NA,NA,27,52,NA,4,"Y","Chauffeurs, Teamsters, Warehousemen and Helpers Union No. 597","Initial","Single Labor Organization","Certification of Results","Closed","Included: All full-time and regular part-time employees in the Facilities Operations Department in the classifications of Grounds Workers, Grounds Crew Team Leaders, Grounds Equipment Operators,  Custodians, Assistant Custodial Supervisors, Weekend Utility/Floor Crew Custodians, Utility Worker/Custodians,  Custodial Day Shift Assistant Supervisors, Maintenance Workers, Weekend Maintenance employees, Grounds and Setup Coordinators, Building Control Specialists, Floor Crew,  Arena Maintenance Workers, Arena Assistant Managers, Heating Plant Operators, Electricians, Carpenters, Plumbers,  President’s Housekeeper, Boiler Operators, Mailroom employees, Building Services Workers, and Vehicle Maintenance Mechanics employed by the Employer at its 158 Harmon Drive, Northfield, Vermont campus.
Excluded: Faculty, Directors, Provosts, Adjunct Faculty, Coordinators, Coaches, Investigators, student athletes, work-study students, office clerical employees, guards, managers professional employees and supervisors as defined in the Act, and all other employees.",NA,NA,NA,49,2024-04-01,2024-01-01,"51-100",FALSE,"RC","Yes","Chauffeurs, Teamsters, Warehousemen and Helpers Union No. 597",1,"Teamsters",0.480769230769231,"No",9
"03-RC-335431","Region 03, Buffalo, New York","Porter Medical Center",2024-02-09,2024-03-15,"Middlebury","VT","A",2024-03-06,52,NA,"Porter Federation of Nurses and Health Professionals, AFT Vermont",37,NA,NA,NA,NA,1,38,NA,2,NA,"Porter Federation of Nurses and Health Professionals, AFT Vermont","Initial","Single Labor Organization","Certific. of Representative","Closed","Included: All full-time, regular part-time, and per diem  Central Sterile Technicians, Certified Surgical Techs, CSR Instrument Coordinators, Endo Techs, Float LPNs, Float LPN – PD, Lead CT Technologists, Nuclear Med Techs, Pharmacy Analyst & Technicians, Practice LPNs, Radiologic Techs (Multimodality), Radiologic Techs (Multimodality) – PD, Radiologic Techs (Single Modality), Radiologic Techs (Single Modality) – PD, Radiologic Tech and Medical Assistants, Senior Pharmacy Technicians, Senior Pharmacy Technicians – PD, Support Techs, Support Techs – PD, Surgical Tech Trainees, Surgical Technologists, Ultrasonographers, Unit LPNs (HP), Unit LPNs (HP) -PD, Birth Center Assistants (Tech), and Birth Center Assistants (Tech) – PD employed by the Employer located at its facilities in and around Middlebury, Vermont.
Excluded: All other non-professional employees, professional employees, physicians, registered nurses, support techs I, support techs II, business office clerical employees, skilled maintenance employees, confidential employees, managerial employees, and guards and supervisors as defined by the Act, and all other employees.",NA,NA,NA,26,2024-01-01,2024-01-01,"51-100",TRUE,"RC","Yes","Porter Federation of Nurses and Health Professionals, AFT Vermont",1,"AFT",0.973684210526316,"Yes",14
"03-RC-335438","Region 03, Buffalo, New York","Porter Medical Center",2024-02-09,2024-03-15,"Middlebury","VT","A",2024-03-06,254,NA,"Porter Federation of Nurses and Health Professionals, AFT Vermont",167,NA,NA,NA,NA,29,196,NA,1,NA,"Porter Federation of Nurses and Health Professionals, AFT Vermont","Initial","Single Labor Organization","Certific. of Representative","Closed","All full-time, regular part-time, and per diem  Activities Assistants, Cafeteria Assistants, Cooks (HP), Cooks (HP) – PD, Environmental Services Tech I, Environmental Services Tech I – PD, Environmental Services Tech I (HP), Environmental Services Tech I (HP) - PD, Environmental Services Tech I Team Leads (HP), Environmental Services Tech II, Environmental Services Tech II (HP), Environmental Services Tech II Team Leads, Float Medical Assistants, Float Medical Assistants – PD, Float Office Representatives, Float Office Representatives – PD, Geri-Aides, Geri-Aides – PD, Inventory Clerks, Inventory Clerks – PD, Laboratory Assistants, Laboratory Assistants – PD, Laundry Tech, Laundry Tech – PD, Laundry Tech (HP), Laundry Tech (HP) – PD, Lead Cooks, Lead Cooks (HP), Lead Coordinators, , LNA Trainees (HP), LNA Trainees (PMC), Medical Assistants Hospital, Medical Assistants Hospital – PD, Medical Assistants Clinical, Medical Assistants Clinical – PD, Memory Care Specialists, Nutrition Assistants, Nutrition Assistants – PD, Nutrition Assistants (HP), Nutrition Assistants (HP) – PD, Office Representatives - Clinical, Office Representatives - Hospital, Office Representatives - Outpatient Rehab, Patient Access Representatives, Patient Care Associate, Patient Care Associate – Rehab, Physical Therapy Assistant - PD, Porter Cook, Porter Office Representatives – Hospital – PD, Porter Office Representative – Clinical – PD, Porter Patient Access Representative – PD, Porter Physical Therapist Assistant, Restorative Nursing Assistants (HP), Schedulers, Store Clerks, Surgical Schedulers, Unit Clerks, Unit Clerks – PD, Unit Clerks (HP), Unit LNAs, Unit LNAs – PD, Unit LNAs (HP), Unit LNAs (HP) – PD, Van Drivers, and Van Drivers (HP) – PD employed by the Employer at its facilities in and around Middlebury, Vermont and working remotely; but excluding all other non-professional employees, professional employees, physicians, registered nurses, precertification specialists, business office clerical employees, skilled maintenance employees, confidential employees, managerial employees, guards, supervisors as defined by the Act, and all other employees. 
However, Cook/Supervisor (HP) are neither included in nor excluded from the bargaining unit covered by this certification, in as much as the parties did not agree on the inclusion or exclusion of these classifications and agreed to have them to vote subject to challenge and resolution of their inclusion or exclusion was unnecessary because their ballots were not determinative of the election results.",NA,NA,NA,26,2024-01-01,2024-01-01,"101-500",TRUE,"RC","Yes","Porter Federation of Nurses and Health Professionals, AFT Vermont",1,"AFT",0.852040816326531,"Yes",58
"03-RC-330514","Region 03, Buffalo, New York","Charlotte Volunteer Fire and Rescue Services, Inc.",2023-11-22,2023-12-28,"Charlotte","VT","A",2023-12-19,6,NA,"Charlotte Professional Firefighters Association",6,NA,NA,NA,NA,0,6,NA,NA,NA,"Charlotte Professional Firefighters Association","Initial","Single Labor Organization","Certific. of Representative","Closed","Included: All full-time Emergency Medical Technicians (EMT), Advanced Emergency Medical Technicians (AEMT), Paramedics, Firefighters, Lieutenants, Captains, and Battalion Chiefs employed by the Employer at its facility located at 170 Ferry Road, Charlotte, Vermont 05445. 
Excluded: All part-time and per diem employees, volunteers, Chief, Deputy Chief, Business Operations Manager, confidential employees, guards, professional employees and supervisors as defined by the Act, and all other employees.",NA,NA,NA,27,2023-10-01,2023-10-01,"6-10",TRUE,"RC","Yes","Charlotte Professional Firefighters Association",0,"Uncoded",1,"Yes",0
"03-RM-327551","Region 03, Buffalo, New York","St. Michael's College",2023-10-11,2023-12-05,"Colchester","VT","A",2023-11-16,10,NA,"AFSCME, Council 93",5,NA,NA,NA,NA,5,10,NA,3,"Y",NA,"Initial","Single Labor Organization","Certification of Results","Closed","INCLUDED: All full-time and regular part-time employees working in the facilities department, including Physical Services Laborer, Building Trades Laborer, Painter, Receiving Supervisor, HVAC & Electrical Assistant Supervisor, and Technical Trades HVAC Worker.
EXCLUDED: Administrative Assistants, Student Employees, supervisors, managers and guards as defined in the Act.",NA,NA,NA,36,2023-10-01,2023-10-01,"6-10",TRUE,"RM","Yes","AFSCME, Council 93",1,"AFSCME",0.5,"No",0
"03-RC-327503","Region 03, Buffalo, New York","Gaku Ramen I LLC",2023-10-10,2023-11-07,"Burlington","VT",NA,NA,33,NA,NA,NA,NA,NA,NA,NA,NA,NA,NA,NA,NA,NA,NA,NA,"Withdrawal Non-adjusted","Closed",NA,NA,NA,NA,NA,NA,2023-10-01,"26-50",TRUE,"RC","No",NA,0,"Uncoded",NA,"Other",NA
"01-RC-322286","Region 01, Boston, Massachusetts","Jasper Hill Creamery, Inc. and Cellars at Jasper Hill LLC, a single employer d/b/a Jasper Hill Farm",2023-07-24,2023-09-08,"Greensboro Bend","VT","A",2023-08-30,45,1,"United Food and Commercial Workers Union, Local 1459",11,NA,NA,NA,NA,26,37,NA,10,NA,NA,"Initial","Single Labor Organization","Certification of Results","Closed","All full-time and regular part-time employees employed by the Employer at its 
Greensboro and Hardwick, Vermont locations who work in creamery/cheese 
production, cellar/affinage, quality assurance, maintenance, warehouse, and 
fulfillment operations but excluding employees working in sales and marketing, 
office clerical employees, managers, guards, and professional employees and 
supervisors as defined in the Act.",NA,NA,NA,37,2023-07-01,2023-07-01,"26-50",TRUE,"RC","Yes","United Food and Commercial Workers Union, Local 1459",1,"UFCW",0.297297297297297,"No",8
"03-RC-321574","Region 03, Buffalo, New York","Central Vermont Medical Center",2023-07-12,2023-08-25,"Berlin","VT","A",2023-08-17,138,NA,"Central Vermont Healthcare United, AFT Vermont",66,NA,NA,NA,NA,36,102,NA,4,NA,"Central Vermont Healthcare United, AFT Vermont","Initial","Single Labor Organization","Certific. of Representative","Closed","Included: All full-time, regular part-time, and per diem  Cardiovascular Technicians, Certified Occupational Therapy Assistants, Certified Occupational Therapy Assistant Leads, Certified CT Technologists, CSR Technicians, Echocardiographers, ED Technician Is, ED Technician IIs, ED Technician IIIs, EEG/EKG Technicians, Licensed Physical Therapy Assistants, Licensed Practical Nurses (LPNs), LPN/Ws, Mammography Technologists, MRI Technologists, Certified Nuclear Technologists, Office Licensed Practical Nurses, Pharmacy Operations Business Analysts, Pharmacy Sterile Compounding Leads, Pharmacy Tech IIs, Pharmacy Tech IIIs, Pharmacy Tech IVs, Pharmacy Tech Purchasers, Radiologic Technologists, Registered Respiratory Therapist Is, Registered Respiratory Therapist IIs, Registered Respiratory Therapist IIIs, Sonographer Staff Is, Sonographer IIs, Sonographer Seniors, Surgical Technologists, and Surgical Technologists In-Training employed by the Employer at its facilities in and around Berlin, Vermont, and working remotely.


Excluded: All other non-professional employees, physicians, registered nurses, business office clerical employees, skilled maintenance employees, confidential employees, managerial employees, guards, professional employees and supervisors as defined in the Act. 



Others permitted to vote: The parties have agreed that IS Technician IIs may vote in the election but their ballots will be challenged since their eligibility has not been resolved.  No decision has been made regarding whether the individuals in these classifications or groups are included in, or excluded from, the bargaining unit.  The eligibility or inclusion of these individuals will be resolved, if necessary, following the election.",NA,NA,NA,36,2023-07-01,2023-07-01,"101-500",TRUE,"RC","Yes","Central Vermont Healthcare United, AFT Vermont",1,"AFT",0.647058823529412,"Yes",36
"03-RC-321564","Region 03, Buffalo, New York","Central Vermont Medical Center",2023-07-11,2023-08-25,"Berlin","VT","A",2023-08-17,315,NA,"Central Vermont Healthcare United, AFT Vermont",150,NA,NA,NA,NA,116,266,NA,10,NA,"Central Vermont Healthcare United, AFT Vermont","Initial","Single Labor Organization","Certific. of Representative","Closed","Included: All full-time, regular part-time, and per diem registered nurses employed by the Employer at its facilities in and around Berlin, Vermont.

Excluded: APRNs, ANC Leads, ANCs, Clinical Nurse Coordinators, Clinical Practice Managers, Clinical Practice Manager LPNs, Consulting Temp Nurse Directors – NE, Consulting Temp Nurse Leaders, Director Nursing Education & Workforce Development, Director Clinical Nursing Services – WDR, Employee Health Nurses, Employee Health Nurse Leads, Infection Prevention RNs, IV Team Leads, MDS Managers, Nurse Auditors, Nurse Directors, Nurse Managers, Utilization Review Nurses, Network CDIS Educator Ambulatory, Cardiac Rehab Operations Supervisor, Quality Improvement Consultants, Lead Care Coordinators, Network EPIC Clin App Analysis Senior RNs, Clinical Doc Improvement Specialist – RN - NE, MDS Coordinator – NE, non-professional employees, physicians, all other professional employees, business office clerical employees, skilled maintenance employees, managerial employees, confidential employees, guards, and supervisors as defined in the Act.

Others permitted to vote: The parties have agreed that Clinical Coordinator IIs and Care Coordinators who are also registered nurses may vote in the election, but their ballots will be challenged since their eligibility has not been resolved.  No decision has been made regarding whether the individuals in these classifications or groups are included in, or excluded from, the bargaining unit.  The eligibility or inclusion of these individuals will be resolved, if necessary, following the election.",NA,NA,NA,37,2023-07-01,2023-07-01,"101-500",TRUE,"RC","Yes","Central Vermont Healthcare United, AFT Vermont",1,"AFT",0.56390977443609,"Yes",49
"03-RC-320106","Region 03, Buffalo, New York","University of Vermont Medical Center",2023-06-16,2023-07-26,"Burlington","VT","A",2023-07-18,37,2,"Vermont Federation of Nurses and Health Professionals, AFT-Vermont, AFL-CIO, Local 5221",25,NA,NA,NA,NA,1,26,NA,NA,NA,"Vermont Federation of Nurses and Health Professionals, AFT-Vermont, AFL-CIO, Local 5221","Initial","Single Labor Organization","Certific. of Representative","Closed",NA,NA,NA,NA,32,2023-07-01,2023-04-01,"26-50",TRUE,"RC","Yes","Vermont Federation of Nurses and Health Professionals, AFT-Vermont, AFL-CIO, Local 5221",1,"AFT",0.961538461538462,"Yes",11
"03-RC-317811","Region 03, Buffalo, New York","Springfield Food Co-op",2023-05-11,2023-06-28,"Springfield","VT",NA,NA,5,NA,NA,NA,NA,NA,NA,NA,NA,NA,NA,NA,NA,NA,NA,NA,"Dismissal Adjusted","Closed",NA,NA,NA,NA,NA,NA,2023-04-01,"<5",TRUE,"RC","No",NA,0,"Uncoded",NA,"Other",NA
"03-RC-317292","Region 03, Buffalo, New York","Bennington College Corporation",2023-05-03,2023-06-08,"Bennington","VT","A",2023-05-31,36,NA,"Bennington College House Chairs Union",18,NA,NA,NA,NA,1,19,NA,NA,NA,"Bennington College House Chairs Union","Initial","Single Labor Organization","Certific. of Representative","Closed","All undergraduate House Chairs employed by the Employer at its 
Bennington, Vermont campus;   
but excluding all other student and non-student employees, office clerical employees, 
confidential employees, managers, guards and professional employees and supervisors 
as defined in the Act.",NA,NA,NA,28,2023-04-01,2023-04-01,"26-50",TRUE,"RC","Yes","Bennington College House Chairs Union",0,"Uncoded",0.947368421052632,"Yes",17
"03-RC-317046","Region 03, Buffalo, New York","Fifty-Five Consulting & Enterprises, LLC d/b/a Black Cap Coffee & Bakery",2023-05-01,2025-02-06,"Burlington","VT","A",2025-01-23,14,NA,"Fifty-Five Consulting & Enterprises LLC d/b/a Black Cap Coffee & Bakery",10,NA,NA,NA,NA,0,10,NA,2,NA,"Workers United","Rerun","Single Labor Organization","Certific. of Representative","Closed","Included: All full-time and regular part-time Baristas and Prep Cooks employed by the Employer at its facility located at 42 Church Street, Burlington, Vermont 05401.
Excluded: Office clerical employees, Store Managers, guards, confidential employees, managers, and professional employees and supervisors as defined in the Act.",NA,NA,NA,633,2025-01-01,2023-04-01,"11-25",TRUE,"RC","Yes","Fifty-Five Consulting & Enterprises LLC d/b/a Black Cap Coffee & Bakery",0,"Uncoded",1,"Yes",4
"03-RC-317046","Region 03, Buffalo, New York","Fifty-Five Consulting & Enterprises, LLC d/b/a Black Cap Coffee & Bakery",2023-05-01,2025-02-06,"Burlington","VT","A",2023-06-05,21,NA,"Workers United",5,NA,NA,NA,NA,7,12,NA,2,"Y",NA,"Initial","Single Labor Organization","Certific. of Representative","Closed","Included: All full-time and regular part-time Baristas and Prep Cooks employed by the Employer at its facility located at 42 Church Street, Burlington, Vermont 05401.
Excluded: Office clerical employees, Store Managers, guards, confidential employees, managers, and professional employees and supervisors as defined in the Act.",NA,NA,NA,35,2023-04-01,2023-04-01,"11-25",FALSE,"RC","Yes","Workers United",1,"WU",0.416666666666667,"Yes",9
"03-RC-316695","Region 03, Buffalo, New York","University of Vermont Medical Center",2023-04-24,2023-06-01,"Burlington","VT","A",2023-05-23,28,NA,"Vermont Federation of Nurses and Health Professionals, AFT-Vermont, AFL-CIO, Local 5221",13,NA,NA,NA,NA,10,23,NA,NA,NA,"Vermont Federation of Nurses and Health Professionals, AFT-Vermont, AFL-CIO, Local 5221","Initial","Single Labor Organization","Certific. of Representative","Closed","All full-time, regular part-time, and per-diem employees in the classification of Specialty Pharmacy Patient Care Coordinator employed by the Employer at its Burlington, Vermont facility;
but excluding confidential employees, managers, guards, and supervisors as defined in the Act and all other employees.",NA,NA,NA,29,2023-04-01,2023-04-01,"26-50",TRUE,"RC","Yes","Vermont Federation of Nurses and Health Professionals, AFT-Vermont, AFL-CIO, Local 5221",1,"AFT",0.565217391304348,"Yes",5
"03-RC-316209","Region 03, Buffalo, New York","Ben & Jerry's",2023-04-17,2023-04-25,"Burlington","VT",NA,NA,40,NA,NA,NA,NA,NA,NA,NA,NA,NA,NA,NA,NA,NA,NA,NA,"Withdrawal Non-adjusted","Closed",NA,NA,NA,NA,NA,NA,2023-04-01,"26-50",TRUE,"RC","No",NA,0,"Uncoded",NA,"Other",NA
"03-RC-316010","Region 03, Buffalo, New York","Brattleboro Memorial Hospital",2023-04-12,2023-05-01,"Brattleboro","VT",NA,NA,5,NA,NA,NA,NA,NA,NA,NA,NA,NA,NA,NA,NA,NA,NA,NA,"Withdrawal Non-adjusted","Closed",NA,NA,NA,NA,NA,NA,2023-04-01,"<5",TRUE,"RC","No",NA,0,"Uncoded",NA,"Other",NA
"03-RC-314350","Region 03, Buffalo, New York","Falcon Plumbing Service, Inc.",2023-03-20,2023-04-06,"Williston","VT",NA,NA,5,NA,NA,NA,NA,NA,NA,NA,NA,NA,NA,NA,NA,NA,NA,NA,"Withdrawal Non-adjusted","Closed",NA,NA,NA,NA,NA,NA,2023-01-01,"<5",TRUE,"RC","No",NA,0,"Uncoded",NA,"Other",NA
"03-RC-314089","Region 03, Buffalo, New York","University of Vermont Medical Center",2023-03-15,2023-04-25,"Burlington","VT","A",2023-04-17,1,NA,"UVMMC Support Staff United, VFNHP, AFT Vermont",1,NA,NA,NA,NA,0,0,NA,NA,NA,"UVMMC Support Staff United, VFNHP, AFT Vermont","Initial","Single Labor Organization","Certific. of Representative","Closed","INCLUDED: All full-time and regular part time Radiology Compliance Specialists employed by the Employer. 

EXCLUDED: Business office clerical employees, managerial employees, confidential employees, skilled maintenance employees, technical employees, guards, professional employees, and supervisors as defined in the Act, and all other employees.",NA,NA,NA,33,2023-04-01,2023-01-01,"<5",TRUE,"RC","Yes","UVMMC Support Staff United, VFNHP, AFT Vermont",1,"AFT",NA,"Yes",0
"03-UC-312097","Region 03, Buffalo, New York","Centerpoint Services/Northeastern Family Institute Vermont",2023-02-14,2023-03-22,"Winooski","VT",NA,NA,4,NA,NA,NA,NA,NA,NA,NA,NA,NA,NA,NA,NA,NA,NA,NA,"Withdrawal Non-adjusted","Closed",NA,NA,NA,NA,NA,NA,2023-01-01,"<5",TRUE,"UC","No",NA,0,"Uncoded",NA,"Other",NA
"03-RC-309270","Region 03, Buffalo, New York","University of Vermont Medical Center",2022-12-21,2023-02-06,"Burlington","VT","A",2023-01-27,228,NA,"UVMMC Support Staff United, VFNHP, AFT Vermont",123,NA,NA,NA,NA,18,141,NA,NA,NA,"UVMMC Support Staff United, VFNHP, AFT Vermont","Initial","Single Labor Organization","Certific. of Representative","Closed","Included: All full-time, regular part-time, and per diem1 technical employees employed by the Employer in the classifications of Anesthesia Tech, Biomedical Engineering Spec, Endoscopy Procedural Assistant I, Endoscopy Procedural Assistant II, Mental Health Tech/Unit Sec, Mental Health Technician, OR Equip Spec/Laser Safety, Pharmacy Inventory/Compliance Specialist, Pharmacy Outpt Tech Sr Certi, Pharmacy Tech Certified IP, Pharmacy Tech Certified OP, Pharmacy Tech III Specialist IP, Pharmacy Tech Spec Certified OP, Pharmacy Tech Sr Certified IP, Pharmacy Tech Trainee IP, Pharmacy Tech Trainee OP, Pharmacy Technician II IP, Respiratory Equipment Technician, Specimen Processing Technician I, Specimen Processing Technician II, Surgical Technician, and CNL/PSG Technician Trainee employed by the Employer at its facilities located at UVMMC – Main Campus, 111 Colchester Ave., Burlington, VT 05401 and UVMMC – Fanny Allen Campus, 790 College Parkway, Colchester, VT 05446.
Excluded: Non-technical employees, business office clerical employees, managerial employees, confidential employees, skilled maintenance employees, guards, professional employees and supervisors as defined in the Act, and all other employees.",NA,NA,NA,37,2023-01-01,2022-10-01,"101-500",TRUE,"RC","Yes","UVMMC Support Staff United, VFNHP, AFT Vermont",1,"AFT",0.872340425531915,"Yes",87
"03-RC-309080","Region 03, Buffalo, New York","University of Vermont Medical Center",2022-12-19,2023-02-06,"Burlington","VT","A",2023-01-27,1996,11,"UVMMC Support Staff United, VFNHP, AFT Vermont",997,NA,NA,NA,NA,163,1160,NA,65,NA,"UVMMC Support Staff United, VFNHP, AFT Vermont","Initial","Single Labor Organization","Certific. of Representative","Closed","Included: All full-time, regular part-time, and per diem1 technical employees employed by the Employer in the classifications of Anesthesia Tech, Biomedical Engineering Spec, Endoscopy Procedural Assistant I, Endoscopy Procedural Assistant II, Mental Health Tech/Unit Sec, Mental Health Technician, OR Equip Spec/Laser Safety, Pharmacy Inventory/Compliance Specialist, Pharmacy Outpt Tech Sr Certi, Pharmacy Tech Certified IP, Pharmacy Tech Certified OP, Pharmacy Tech III Specialist IP, Pharmacy Tech Spec Certified OP, Pharmacy Tech Sr Certified IP, Pharmacy Tech Trainee IP, Pharmacy Tech Trainee OP, Pharmacy Technician II IP, Respiratory Equipment Technician, Specimen Processing Technician I, Specimen Processing Technician II, Surgical Technician, and CNL/PSG Technician Trainee employed by the Employer at its facilities located at UVMMC – Main Campus, 111 Colchester Ave., Burlington, VT 05401 and UVMMC – Fanny Allen Campus, 790 College Parkway, Colchester, VT 05446.
Excluded: Non-technical employees, business office clerical employees, managerial employees, confidential employees, skilled maintenance employees, guards, professional employees and supervisors as defined in the Act, and all other employees.",NA,NA,NA,39,2023-01-01,2022-10-01,"500>",TRUE,"RC","Yes","UVMMC Support Staff United, VFNHP, AFT Vermont",1,"AFT",0.85948275862069,"Yes",836
"03-RC-306156","Region 03, Buffalo, New York","University of Vermont Medical Center",2022-10-31,2022-12-28,"Burlington","VT","A",2022-12-16,1,NA,"Vermont Federation of Nurses and Health Professionals, AFT-Vermont, AFL-CIO, Local 5221",1,NA,NA,NA,NA,0,1,NA,NA,NA,"Vermont Federation of Nurses and Health Professionals, AFT-Vermont, AFL-CIO, Local 5221","Initial","Single Labor Organization","Certific. of Representative","Closed","Included: All full-time and regular part-time Medical Aestheticians employed by the Employer.

Excluded: office clerical employees, managers, guards, professional employees and supervisors as defined in the Act.",NA,NA,NA,46,2022-10-01,2022-10-01,"<5",TRUE,"RC","Yes","Vermont Federation of Nurses and Health Professionals, AFT-Vermont, AFL-CIO, Local 5221",1,"AFT",1,"Yes",0
"03-RC-306168","Region 03, Buffalo, New York","University of Vermont Medical Center",2022-10-28,2022-12-28,"Burlington","VT","A",2022-12-16,15,1,"Vermont Federation of Nurses and Health Professionals, AFT-Vermont, AFL-CIO, Local 5221",11,NA,NA,NA,NA,0,11,NA,NA,NA,"Vermont Federation of Nurses and Health Professionals, AFT-Vermont, AFL-CIO, Local 5221","Initial","Single Labor Organization","Certific. of Representative","Closed","Included: All full-time, regular part-time, and per diem1 nurses employed by the Employer in its Clinical Documentation Integrity (CDI) Department.
Excluded: office clerical employees, managers, guards, all other professional employees and supervisors as defined in the Act. 

Ineligible to vote are (1) employees who have quit or been discharged for cause after the designated payroll period for eligibility, and, in a mail ballot election, before they mail in their ballots to the Board’s designated office, (2) employees engaged in a strike who have been discharged for cause since the commencement thereof and who have not been rehired or reinstated before the election date, and (3) employees engaged in an economic strike which began more than 12 months before the election date who have been permanently replaced.
Others permitted to vote: The parties have agreed that employee(s) in the CDI Educator/Analyst classification may vote in the election, but their ballot(s) may be challenged since their eligibility has not been resolved. No decision has been made regarding whether the individual(s) in this classification or group is included in, or excluded from, the bargaining unit. The eligibility or inclusion of this individual(s) will be resolved, if necessary, following the election.",NA,NA,NA,49,2022-10-01,2022-10-01,"11-25",TRUE,"RC","Yes","Vermont Federation of Nurses and Health Professionals, AFT-Vermont, AFL-CIO, Local 5221",1,"AFT",1,"Yes",4
"03-RC-304087","Region 03, Buffalo, New York","HOP Energy, LLC d/b/a Keyser Energy",2022-09-27,2022-11-28,"Rutland","VT","A",2022-11-17,14,NA,"Chauffeurs, Teamsters, Warehousemen, and Helpers Union No. 597",11,NA,NA,NA,NA,3,14,NA,NA,NA,"Chauffeurs, Teamsters, Warehousemen, and Helpers Union No. 597","Initial","Single Labor Organization","Certific. of Representative","Closed","Included:  All service technicians/installers, all fuel delivery drivers.

Excluded:  Supervisors, confidential employees, security guards, secretaries, dispatchers, sales managers.",NA,NA,NA,51,2022-10-01,2022-07-01,"11-25",TRUE,"RC","Yes","Chauffeurs, Teamsters, Warehousemen, and Helpers Union No. 597",1,"Teamsters",0.785714285714286,"Yes",0
"03-RC-294985","Region 03, Buffalo, New York","Starbucks Corporation",2022-05-02,2022-07-22,"South Burlington","VT","A",2022-07-14,20,NA,"Rochester Regional Joint Board, Workers United",4,NA,NA,NA,NA,2,6,NA,1,NA,"Rochester Regional Joint Board, Workers United","Initial","Single Labor Organization","Certific. of Representative","Closed","Included: All full-time and regular part-time baristas and shift supervisors employed by the Employer at its 580 Shelburne Road #9, South Burlington, Vermont facility (Store #3473).
Excluded: Office clerical employees, Store Managers, guards, professional employees and supervisors as defined in the Act.
 
Others permitted to vote: The parties have agreed that Assistant Store Managers may vote in the election but their ballots may be challenged since their eligibility has not been resolved.  No decision has been made regarding whether the individuals in these classifications or groups are included in, or excluded from, the bargaining unit.  The eligibility or inclusion of these individuals will be resolved, if necessary, following the election.",NA,NA,NA,73,2022-07-01,2022-04-01,"11-25",TRUE,"RC","Yes","Rochester Regional Joint Board, Workers United",1,"WU",0.666666666666667,"Yes",14
"03-RD-293783","Region 03, Buffalo, New York","Springfield Food Co-op",2022-04-11,2022-07-05,"Springfield","VT",NA,NA,19,NA,NA,NA,NA,NA,NA,NA,NA,NA,NA,NA,NA,NA,NA,NA,"Dismissal Non-adjusted","Closed",NA,NA,NA,NA,NA,NA,2022-04-01,"11-25",TRUE,"RD","No",NA,0,"Uncoded",NA,"Other",NA
"03-RC-293392","Region 03, Buffalo, New York","Centerpoint Adolescent Treatment Services",2022-04-04,2022-05-23,"Winooski","VT","A",2022-05-13,21,NA,"Centerpoint Education Association",14,NA,NA,NA,NA,0,14,NA,1,NA,"Centerpoint Education Association","Initial","Single Labor Organization","Certific. of Representative","Closed","Included:  All licensed and unlicensed counseling teachers, culinary coordinators, community skills coaches, and cooperative educations employed by the Employer at its 94 West Canal Street, Winooski, Vermont and 46 Main Street, Winooski, Vermont facilities.
Excluded:     Office clerical employees, house leaders, social workers, employees represented by another labor organization, guards, and professional employees and supervisors as defined in the Act, and all other employees.",NA,NA,NA,39,2022-04-01,2022-04-01,"11-25",TRUE,"RC","Yes","Centerpoint Education Association",0,"Uncoded",1,"Yes",7
"03-RC-292478","Region 03, Buffalo, New York","Community Health Centers of Burlington, Inc.",2022-03-18,2022-05-03,"Burlington","VT","A",2022-04-26,142,3,"Community Health United-AFT-Vermont, AFL-CIO",59,NA,NA,NA,NA,11,70,NA,5,NA,"Community Health United-AFT-Vermont, AFL-CIO","Initial","Single Labor Organization","Certific. of Representative","Closed","Included: All full-time, regular part-time, and per diem  employees, including 340B Specialists, Administrative and Research Assistants – Psych, Administrative Associates, Care Coordinators, Dental Assistants, Dental Triage Scheduling Development and Communications Coordinators, HIM Representatives, Lead Dental Associate, Lead Health Information Management employees, Lead Patient Services Representatives, LPNs, MAT - Medical Assistants, Medical Assistants, Medical Coders, Medical Respite Support Staff, Medical Technologists, Patient Accounts Representatives I, Patient Accounts Representatives II, Patient Panel Managers, Patient Services Educators, Patient Services Representatives, Patient Support Case Workers, Pre-Authorization Coordinators, QRC Program Assistants, Quality Program Managers, Referrals Representatives, Sterilization Dental Assistants, and Treatment Plan Coordinators employed by the Employer at its facilities located at 617 Riverside Avenue, Burlington, Vermont; 1200 Shelburne Road, South Burlington, Vermont; 111 Shelburne Road, Burlington, Vermont; 52 Community Lane, South Hero, Vermont; 368 Dorset Street, Suite 1, South Burlington, Vermont; 179 Pearl Street, Burlington, Vermont; 184 South Winooski Avenue, Burlington, Vermont; 6 Archibald Street, Room 101, Burlington, Vermont; 789 Pine Street, Burlington, Vermont; and 32 Mallets Bay Avenue, Suite B, Winooski, Vermont. 

Excluded: All Accountants, Administrative Assistants-Chief Nursing Officer, Administrative Assistants-CMO, Dental Hygienists, Expanded Function Dental Assistants, Laboratory Consultants, Network Technicians, Payroll Specialists, Population Health Analysts, and Program Compliance Managers, guards, and professional employees and supervisors as defined in the Act.",NA,NA,NA,39,2022-04-01,2022-01-01,"101-500",TRUE,"RC","Yes","Community Health United-AFT-Vermont, AFL-CIO",1,"AFT",0.842857142857143,"Yes",72
"03-RC-291818","Region 03, Buffalo, New York","University of Vermont Medical Center",2022-03-08,2022-04-22,"Burlington","VT","A",2022-04-14,347,NA,"Committee of Interns and Residents, SEIU Local 1957",209,NA,NA,NA,NA,59,268,NA,NA,NA,"Committee of Interns and Residents, SEIU Local 1957","Initial","Single Labor Organization","Certific. of Representative","Closed","All interns, residents, chief residents and fellows employed by the Employer with their home base as the University of Vermont Medical 
Center. 

Excluded:   All administrative chief residents, managers, guards, and supervisors 
as defined in the Act, and all other employees.",NA,NA,NA,37,2022-04-01,2022-01-01,"101-500",TRUE,"RC","Yes","Committee of Interns and Residents, SEIU Local 1957",1,"SEIU",0.779850746268657,"Yes",79
"03-RC-289737","Region 03, Buffalo, New York","Northern Stage Company",2022-01-31,2022-04-22,"White River Junction","VT","A",2022-03-28,18,1,"Local 919, International Alliance of Theatrical Stage Employees, Moving Picture Technicians, Artists and Allied Crafts of the United States and Canada, AFL-CIO",3,NA,NA,NA,NA,6,12,NA,3,NA,NA,"Initial","Single Labor Organization","Withdrawal Non-adjusted","Closed","INCLUDED: All full-time and regular part-time technical and production staff including costume technician, master carpenter, electrician, cutter/draper, assistant props master, props apprentice, props/paints apprentice, scenic charge, sound associate, wardrobe supervisor, carpenter, props master, AV engineer, master electrician, and assistant technical director/associate technical director.
EXCLUDED: Technical Director, Costume Shop Manager, managers and supervisors as defined in the Act, and all other employees.  
OTHERS PERMITTED TO VOTE: The parties have agreed that Stage Manager Apprentices may vote in the election, but their ballots will be challenged since their eligibility has not been resolved.  No decision has been made regarding whether the individuals in these classifications or groups are included in, or excluded from, the bargaining unit.  The eligibility or inclusion of these individuals will be resolved, if necessary, following the election.",NA,NA,NA,56,2022-01-01,2022-01-01,"11-25",TRUE,"RC","Yes","Local 919, International Alliance of Theatrical Stage Employees, Moving Picture Technicians, Artists and Allied Crafts of the United States and Canada, AFL-CIO",1,"IATSE",0.333333333333333,"Other",9
"03-RC-288680","Region 03, Buffalo, New York","Green Mountain Community Network, Inc.",2022-01-10,2022-03-11,"Bennington","VT","A",2022-03-02,19,NA,"Chauffeurs, Teamsters, Warehousemen, and Helpers Union No. 597",14,NA,NA,NA,NA,5,19,NA,NA,NA,"Chauffeurs, Teamsters, Warehousemen, and Helpers Union No. 597","Initial","Single Labor Organization","Certific. of Representative","Closed","Included: All full-time and regular part-time bus drivers, van drivers, and maintenance employees employed by the Employer at its Bennington, Vermont facility.

Excluded: office clerical employees, dispatchers, guards, and professional employees and supervisors as defined in the Act.",NA,NA,NA,51,2022-01-01,2022-01-01,"11-25",TRUE,"RC","Yes","Chauffeurs, Teamsters, Warehousemen, and Helpers Union No. 597",1,"Teamsters",0.736842105263158,"Yes",0
"03-RC-288414","Region 03, Buffalo, New York","Howard Center",2022-01-04,2022-02-04,"Burlington","VT",NA,NA,617,NA,NA,NA,NA,NA,NA,NA,NA,NA,NA,NA,NA,NA,NA,NA,"Withdrawal Non-adjusted","Closed",NA,NA,NA,NA,NA,NA,2022-01-01,"500>",TRUE,"RC","No",NA,0,"Uncoded",NA,"Other",NA
"03-UC-286347","Region 03, Buffalo, New York","Howard Center",2021-11-17,2022-01-03,"Burlington","VT",NA,NA,617,NA,NA,NA,NA,NA,NA,NA,NA,NA,NA,NA,NA,NA,NA,NA,"Withdrawal Non-adjusted","Closed",NA,NA,NA,NA,NA,NA,2021-10-01,"500>",TRUE,"UC","No",NA,0,"Uncoded",NA,"Other",NA
"03-RC-285087","Region 03, Buffalo, New York","Springfield Hospital Inc.",2021-10-26,2022-01-03,"Springfield","VT","A",2021-12-23,70,3,"United Nurses and Allied Professionals",35,NA,NA,NA,NA,25,60,NA,7,NA,"United Nurses and Allied Professionals","Initial","Single Labor Organization","Certific. of Representative","Closed","Included: All full-time, part-time, and per diem Registered Nurses employed by the Employer at Springfield Hospital located in Springfield, VT and the Windham Center for Psychiatric Care located in Bellows Falls, VT.
Excluded: office clerical employees, non-professional employees, Educators, Case Managers, Infection Control, Clinical Applications Specialist, and Quality/Risk, and guards and supervisors as defined in the Act.",NA,NA,NA,58,2021-10-01,2021-10-01,"51-100",TRUE,"RC","Yes","United Nurses and Allied Professionals",1,"UNAP",0.583333333333333,"Yes",10
"03-RC-284518","Region 03, Buffalo, New York","National Audubon Society, Inc.",2021-10-14,2021-12-27,"Huntington","VT","A",2021-12-16,5,NA,"Communications Workers of America",4,NA,NA,NA,NA,0,4,NA,NA,NA,"Communications Workers of America","Initial","Single Labor Organization","Certific. of Representative","Closed","Included: All full-time and regular part-time employees employed by the Employer at its Vermont state office, including employees employed at nature centers, sanctuaries, and preserves.
Excluded: Directors, seasonal employees, fellows, interns, confidential employees, employees who report to the Employer’s National Office, guards, professional employees and supervisors as defined in the Act, and all other employees.",NA,NA,NA,63,2021-10-01,2021-10-01,"<5",TRUE,"RC","Yes","Communications Workers of America",1,"CWA",1,"Yes",1
"03-RC-278618","Region 03, Buffalo, New York","Springfield Food Co-op",2021-06-16,2021-07-06,"Springfield","VT",NA,NA,20,NA,NA,NA,NA,NA,NA,NA,NA,NA,NA,NA,NA,NA,NA,NA,"Withdrawal Non-adjusted","Closed",NA,NA,NA,NA,NA,NA,2021-04-01,"11-25",TRUE,"RC","No",NA,0,"Uncoded",NA,"Other",NA
"03-RC-273526","Region 03, Buffalo, New York","University of Vermont Medical Center",2021-03-02,2021-04-09,"Burlington","VT","A",2021-04-01,206,3,"Vermont Federation of Nurses and Health Professional, Local 5221, AFT-Vermont, AFL-CIO",123,NA,NA,NA,NA,32,155,NA,7,NA,"Vermont Federation of Nurses and Health Professional, Local 5221, AFT-Vermont, AFL-CIO","Initial","Single Labor Organization","Certific. of Representative","Closed","Included: All full-time, regular part-time and per-diem technologists in Diagnostic Imaging Units (Inpatient Radiology, Outpatient Radiology, Breast Imaging, MRI, CT Scan, Nuclear Medicine, Ultrasound, Non-Invasive Cardiology, Continence Center, MFMS/VPC, Pain Management, Radiology Communication, Endocrinology, Vascular Surgery, and Cardiology) in the following classifications: 3D Imaging Technologist, CT Technologist, Multi-Modality Technologist, Imaging Research Technologist, CT/NM Imaging Technologist, CT Technologist Senior, CT Technologist Lead, Radiology Tech, Radiology Tech Senior, Radiology Tech Lead, Radiology Clinical Instructor, Radiology OR Specialty Tech, Nuclear Med Technologist, Nuclear Med Technologist Senior, Mammography Tech, Mammography Specialist, Breast Imaging Clinical Specialist, Mammography Lead Tech, MRI Tech, MRI Technologist Senior, Lead MRI Technologist, Sonographer Staff, Sonographer Associate, Sonographer Senior, Sonographer Advisor, Sonographer Staff Clinic, Sonographer Senior Clinic, Cardiac Sonographer, Cardiac Sonographer Senior, Cardiology Technician Cardiology Technician II, Radiology Tech Osteoporosis, and Vascular Tech Registered, employed by the Employer at these assigned locations: 111 Colchester Avenue, Burlington, VT, 1 South Prospect Street, South Burlington, VT, 67 Tilley Drive, South Burlington, 790 College Parkway, Colchester, 62 Tilley Drive, South Burlington, 192 Tilly Drive, South Burlington, VT, and 6 San Remo Drive, South Burlington.

Excluded: All other employees, confidential employees, casual employees, managerial employees, guards, and supervisors and defined in the Act.",NA,NA,NA,30,2021-04-01,2021-01-01,"101-500",TRUE,"RC","Yes","Vermont Federation of Nurses and Health Professional, Local 5221, AFT-Vermont, AFL-CIO",1,"AFT",0.793548387096774,"Yes",51
"03-RC-270408","Region 03, Buffalo, New York","Planned Parenthood of Northern New England, Inc.",2020-12-18,2021-02-10,"Colchester","VT","A",2021-02-01,87,NA,"PPNNE United, AFT Vermont, AFL-CIO",60,NA,NA,NA,NA,5,65,NA,NA,NA,"PPNNE United, AFT Vermont, AFL-CIO","Initial","Single Labor Organization","Certific. of Representative","Closed","All full-time and regular part-time Advanced Practice Clinician Float I, Advanced Practice Clinician Float II, Advanced Practice Clinician Float III, Advanced Practice Clinician I, Advanced Practice Clinician II, Advanced Practice Clinician III, Integrated Behavioral Health SW, Lab Manager & Technologist, Lead Integrated Behavioral Health SW, Philanthropy Officer, and Population Health Program Manager employed by the Employer at its Barre, Bennington, Brattleboro, Burlington, Colchester, Hyde Park, Middlebury, Newport, Rutland, St. Albans, St. Johnsbury, White River Junction, and Williston, Vermont locations, but excluding all confidential employees, managers, guards, and supervisors as defined in the Act.","All full-time and regular part-time Accounting Associate/A.P. Coordinator, Assistant Site Manager, Call Center Associate, Centralized Clinical Sup. Associate, Centralized Referral Care Coordinator, Data Analyst, Development Coordinator, Director of Government Grants, Donor Relations Engagement Coordinator, Development Database Ops. Mgr., Education Program Coordinator, Health Care Associate I, Health Care Associate II, Health Care Associate III, Lead Health Care Associate, Lead Patient Accounts Associate, Marketing Graphic Design Coordinator, Pharmacy Bill Coordinator, Patient Account Associate II, Regional Public Affairs Organizer, Strategic Partnership & Prop. 5 Coalition Mgr., Supply Chain Coordinator, and Training & Ops. Specialist employed by the Employer at its Barre, Bennington, Brattleboro, Burlington, Colchester, Hyde Park, Middlebury, Newport, Rutland, St. Albans, St. Johnsbury, White River Junction, and Williston, Vermont locations, but excluding all confidential employees, managers, guards, and supervisors as defined in the Act.","All full-time and regular part-time Accounting Associate/A.P. Coordinator, Assistant Site Manager, Call Center Associate, Centralized Clinical Sup. Associate, Centralized Referral Care Coordinator, Data Analyst, Development Coordinator, Director of Government Grants, Donor Relations Engagement Coordinator, Development Database Ops. Mgr., Education Program Coordinator, Health Care Associate I, Health Care Associate II, Health Care Associate III, Lead Health Care Associate, Lead Patient Accounts Associate, Marketing Graphic Design Coordinator, Pharmacy Bill Coordinator, Patient Account Associate II, Regional Public Affairs Organizer, Strategic Partnership & Prop. 5 Coalition Mgr., Supply Chain Coordinator, and Training & Ops. Specialist employed by the Employer at its Barre, Bennington, Brattleboro, Burlington, Colchester, Hyde Park, Middlebury, Newport, Rutland, St. Albans, St. Johnsbury, White River Junction, and Williston, Vermont locations, but excluding all confidential employees, managers, guards, and supervisors as defined in the Act.","All full-time and regular part-time Accounting Associate/A.P. Coordinator, Assistant Site Manager, Call Center Associate, Centralized Clinical Sup. Associate, Centralized Referral Care Coordinator, Data Analyst, Development Coordinator, Director of Government Grants, Donor Relations Engagement Coordinator, Development Database Ops. Mgr., Education Program Coordinator, Health Care Associate I, Health Care Associate II, Health Care Associate III, Lead Health Care Associate, Lead Patient Accounts Associate, Marketing Graphic Design Coordinator, Pharmacy Bill Coordinator, Patient Account Associate II, Regional Public Affairs Organizer, Strategic Partnership & Prop. 5 Coalition Mgr., Supply Chain Coordinator, and Training & Ops. Specialist employed by the Employer at its Barre, Bennington, Brattleboro, Burlington, Colchester, Hyde Park, Middlebury, Newport, Rutland, St. Albans, St. Johnsbury, White River Junction, and Williston, Vermont locations, but excluding all confidential employees, managers, guards, and supervisors as defined in the Act.",45,2021-01-01,2020-10-01,"51-100",TRUE,"RC","Yes","PPNNE United, AFT Vermont, AFL-CIO",1,"AFT",0.923076923076923,"Yes",22
"03-RC-264271","Region 03, Buffalo, New York","Tomra, NY Recycling, LLC",2020-08-07,2020-09-21,"Essex","VT","A",2020-09-17,5,NA,"International Brotherhood of Teamsters, Local 294",3,NA,NA,NA,NA,2,5,NA,NA,NA,"International Brotherhood of Teamsters, Local 294","Initial","Single Labor Organization","Certific. of Representative","Closed","All full-time and regular part-time warehouse employees employed by the Employer at its 1 Gero Court, Essex, Vermont location, excluding guards, supervisors and professional employees as defined in the Act, and all other employees.",NA,NA,NA,41,2020-07-01,2020-07-01,"<5",TRUE,"RC","Yes","International Brotherhood of Teamsters, Local 294",1,"Teamsters",0.6,"Yes",0
"03-RC-258772","Region 03, Buffalo, New York","Vermont Journalism Trust d/b/a Vermont Digger",2020-04-06,2020-04-29,"Montpelier","VT",NA,NA,17,NA,NA,NA,NA,NA,NA,NA,NA,NA,NA,NA,NA,NA,NA,NA,"Withdrawal Non-adjusted","Closed",NA,NA,NA,NA,NA,NA,2020-04-01,"11-25",TRUE,"RC","No",NA,0,"Uncoded",NA,"Other",NA
"03-RC-246516","Region 03, Buffalo, New York","The Coca-Cola Bottling Company of Northern New England, Inc.",2019-08-14,2019-09-17,"Colchester","VT",NA,NA,22,NA,NA,NA,NA,NA,NA,NA,NA,NA,NA,NA,NA,NA,NA,NA,"Withdrawal Non-adjusted","Closed",NA,NA,NA,NA,NA,NA,2019-07-01,"11-25",TRUE,"RC","No",NA,0,"Uncoded",NA,"Other",NA
"03-RC-239597","Region 03, Buffalo, New York","Community Health Centers of Burlington, Inc.",2019-04-15,2019-05-17,"Burlington","VT","A",2019-05-09,86,2,"AFT-Vermont, American Federation of Teachers, AFL-CIO",43,NA,NA,NA,NA,41,44,NA,1,NA,"AFT-Vermont, American Federation of Teachers, AFL-CIO","Initial","Single Labor Organization","Certific. of Representative","Closed","All full-time, regular part-time, and per-diem*  Physicians, Nurse Practitioners, Physician Assistants, Registered Nurses, Social Workers, Licensed Alcohol and Drug Counselors, Psychologists, Adult Nurse Practitioners, Behavioral Health Case Managers, Certified Nurse Midwife, Charge Registered Nurses, Child and Family Therapists, Clinical Care Coordinators, Clinical Dieticians, Clinical Psychologists, Clinical Social Workers, Family Nurse Practitioners, HHP Housing Case Workers, Internal Medicine Physicians, MAT Clinical Care Coordinators, MAT Registered Nurses,  Naturopathic Physicians, Outreach and Case Workers, Pain Team Registered Nurses, Permanent Supportive Housing Case Workers, Physician Assistant Psychiatric Mental Health NP, Psychiatrists, Psychiatry Registered Nurses, Refugee Medical Case Managers, Registered Nurse Educators, Registered Nurse/Triage Nurses, licensed practical nurses, medical assistants, medical technologists, patient support services employees (front desk employees, administrative assistants, and unit secretaries), administrative assistant/referrals specialists,  referral representatives, and scheduling representatives employed by the Employer at its facilities at 617 Riverside Ave., Burlington, Vermont; 179 Pearl St, Burlington, Vermont; 368 Dorset Street, South Burlington, Vermont; 184 South Winooski Ave, Burlington, Vermont; 789 Pine Street, Burlington, Vermont; 52 Community Lane, South Hero, Vermont; and 32B Mallets Bay Avenue, Winooski, Vermont; but excluding business office clericals, seasonal employees (warming shelter), medical respite employees, casual employees, managers, confidential employees, dental department employees, guards, all supervisors and all other professional employees as defined in the Act, and all other employees. 

*The parties agree that for the purposes of eligibility in this election, regular part-time and per diem employees must work an average of four hours per week over the thirteen weeks preceding the voting eligibility date in order to be eligible to vote.",NA,NA,NA,24,2019-04-01,2019-04-01,"51-100",TRUE,"RC","Yes","AFT-Vermont, American Federation of Teachers, AFL-CIO",1,"AFT",0.511904761904762,"Yes",2
"03-RC-239597","Region 03, Buffalo, New York","Community Health Centers of Burlington, Inc.",2019-04-15,2019-05-17,"Burlington","VT","B",2019-05-09,99,1,"AFT-Vermont, American Federation of Teachers, AFL-CIO",32,NA,NA,NA,NA,47,79,NA,8,NA,NA,"Initial","Single Labor Organization","Certific. of Representative","Closed","All full-time, regular part-time, and per-diem*  Physicians, Nurse Practitioners, Physician Assistants, Registered Nurses, Social Workers, Licensed Alcohol and Drug Counselors, Psychologists, Adult Nurse Practitioners, Behavioral Health Case Managers, Certified Nurse Midwife, Charge Registered Nurses, Child and Family Therapists, Clinical Care Coordinators, Clinical Dieticians, Clinical Psychologists, Clinical Social Workers, Family Nurse Practitioners, HHP Housing Case Workers, Internal Medicine Physicians, MAT Clinical Care Coordinators, MAT Registered Nurses,  Naturopathic Physicians, Outreach and Case Workers, Pain Team Registered Nurses, Permanent Supportive Housing Case Workers, Physician Assistant Psychiatric Mental Health NP, Psychiatrists, Psychiatry Registered Nurses, Refugee Medical Case Managers, Registered Nurse Educators, Registered Nurse/Triage Nurses, licensed practical nurses, medical assistants, medical technologists, patient support services employees (front desk employees, administrative assistants, and unit secretaries), administrative assistant/referrals specialists,  referral representatives, and scheduling representatives employed by the Employer at its facilities at 617 Riverside Ave., Burlington, Vermont; 179 Pearl St, Burlington, Vermont; 368 Dorset Street, South Burlington, Vermont; 184 South Winooski Ave, Burlington, Vermont; 789 Pine Street, Burlington, Vermont; 52 Community Lane, South Hero, Vermont; and 32B Mallets Bay Avenue, Winooski, Vermont; but excluding business office clericals, seasonal employees (warming shelter), medical respite employees, casual employees, managers, confidential employees, dental department employees, guards, all supervisors and all other professional employees as defined in the Act, and all other employees. 

*The parties agree that for the purposes of eligibility in this election, regular part-time and per diem employees must work an average of four hours per week over the thirteen weeks preceding the voting eligibility date in order to be eligible to vote.",NA,NA,NA,24,2019-04-01,2019-04-01,"51-100",TRUE,"RC","Yes","AFT-Vermont, American Federation of Teachers, AFL-CIO",1,"AFT",0.40506329113924,"Yes",20
"03-RC-237204","Region 03, Buffalo, New York","Tri-Valley Transit, Inc. d/b/a Stagecoach Transportation Services",2019-03-07,2019-04-10,"Randolph","VT","A",2019-04-02,4,NA,"Chauffeurs, Teamsters, Warehousemen and Helpers Local Union No. 597",4,NA,NA,NA,NA,0,4,NA,NA,NA,"Chauffeurs, Teamsters, Warehousemen and Helpers Local Union No. 597","Initial","Single Labor Organization","Certific. of Representative","Closed","All full-time and part-time dispatchers, lead dispatchers, program support, and volunteer coordinators employed by the Employer at its 1 L Street, Randolph, Vermont location, excluding office clerical employees, guards, supervisors and professional employees as defined in the Act, and all other employees.",NA,NA,NA,26,2019-04-01,2019-01-01,"<5",TRUE,"RC","Yes","Chauffeurs, Teamsters, Warehousemen and Helpers Local Union No. 597",1,"Teamsters",1,"Yes",0
"03-RC-228168","Region 03, Buffalo, New York","Northwestern Medical Center",2018-09-27,2018-11-01,"Saint Albans","VT","A",2018-10-24,174,1,"American Federation of Teachers (AFT) Vermont",57,NA,NA,NA,NA,101,158,NA,8,NA,NA,"Initial","Single Labor Organization","Certification of Results","Closed","All full-time, regular part-time and per diem  registered nurses employed by the Employer at its facilities at 133 Fairfield Street, St. Albans, Vermont; 260 Crest Road, St. Albans, Vermont; 44 Center Street, Enosburg Falls, Vermont; 1-2 Crest Road, St. Albans, Vermont; 17-19 Catherine Street, St. Albans, Vermont; 4178 Highbridge Road, Fairfax, Vermont; 11 Crest Road, St. Albans, Vermont; and 10 Crest Road, St. Albans, Vermont;  excluding service and maintenance employees, LPNs, technical employees, physicians, advanced practice registered nurses, office clerical employees, confidential employees, managers, guards, supervisors, all other professional employees as defined in the Act, and all other employees.",NA,NA,NA,27,2018-10-01,2018-07-01,"101-500",TRUE,"RC","Yes","American Federation of Teachers (AFT) Vermont",1,"AFT",0.360759493670886,"No",16
"03-RC-211788","Region 03, Buffalo, New York","LB&B Associates Inc.",2017-12-19,2018-01-26,"Highgate","VT","A",2018-01-18,6,NA,"Local No. 877 of the International Union of Operating Engineers",6,NA,NA,NA,NA,0,6,NA,NA,NA,"Local No. 877 of the International Union of Operating Engineers","Initial","Single Labor Organization","Certific. of Representative","Closed","All full-time and regular part-time ground maintenance laborers, and custodians employed by the Employer at its St. Albans, VT, Highgate Springs, VT, Swanton, VT, and Alburg Springs, VT work locations; excluding all other employees, managers, guards, and supervisors as defined in the Act.",NA,NA,NA,30,2018-01-01,2017-10-01,"6-10",TRUE,"RC","Yes","Local No. 877 of the International Union of Operating Engineers",1,"IUOE",1,"Yes",0
"03-RC-211673","Region 03, Buffalo, New York","Vermont Symphony Orchestra, Inc.",2017-12-15,2018-02-02,"Burlington","VT","A",2018-01-25,123,2,"Boston Musicians' Association, Local 9-535, Affiliated with American Federation of Muscians",59,NA,NA,NA,NA,10,69,NA,NA,NA,"Boston Musicians' Association, Local 9-535, Affiliated with American Federation of Muscians","Initial","Single Labor Organization","Certific. of Representative","Closed","All musicians employed by the Employer at its 2 Church Street, Suite 3B, Burlington, Vermont location, including substitute musicians, extra musicians, concert master, assistant concert master, and principal musicians;  but excluding Artistic Director, volunteer musicians, managers, guards, and professional employees and supervisors as define in the Act.*
*The parties agree that in order to be eligible to vote employees must have worked at least two concert series for a total of five (5) working days (rehearsals and performances) over a one-year period, or fifteen (15) working days (rehearsals and performances) over a two-year period immediately preceding and including the payroll period ending date.",NA,NA,NA,41,2018-01-01,2017-10-01,"101-500",TRUE,"RC","Yes","Boston Musicians' Association, Local 9-535, Affiliated with American Federation of Muscians",0,"Uncoded",0.855072463768116,"Yes",54
"03-RD-185490","Region 03, Buffalo, New York","Green Mountain Community Network, Inc.",2016-10-04,2016-12-30,"Bennington","VT","A",2016-11-03,21,NA,"International Brotherhood of Teamsters, Local 597",9,NA,NA,NA,NA,9,18,NA,NA,NA,NA,"Initial","Single Labor Organization","Certification of Results","Closed","All full-time and regular part-time bus drivers, van drivers who perform fixed route, deviated fixed route, small town, rural, rural commuter, express commuter, tourism and demand response, and maintenance employees who perform building and grounds maintenance and repairs, snow removal, cleaning and washing vehicles, pick-up and delivery of buses to service facilities at the Employer's Bennington, Vermont facility; excluding office clerical employees, professionals and supervisors.",NA,NA,NA,30,2016-10-01,2016-10-01,"11-25",TRUE,"RD","Yes","International Brotherhood of Teamsters, Local 597",1,"Teamsters",0.5,"No",3
"03-RC-182284","Region 03, Buffalo, New York","Vermont Gas Systems, Inc.",2016-08-17,2016-09-23,"South Burlington","VT","A",2016-09-15,3,NA,"International Brotherhood of Electrical Workers, Local 300",3,NA,NA,NA,NA,0,3,NA,NA,NA,"International Brotherhood of Electrical Workers, Local 300","Initial","Single Labor Organization","Certific. of Representative","Closed","All full-time and regular part-time facility locators employed by the Employer;  excluding guards, professional employees and supervisors as defined in the Act, and all other employees.",NA,NA,NA,29,2016-07-01,2016-07-01,"<5",TRUE,"RC","Yes","International Brotherhood of Electrical Workers, Local 300",1,"IBEW",1,"Yes",0
"03-UC-175786","Region 03, Buffalo, New York","Howard Center",2016-05-09,2016-05-25,"Burlington","VT",NA,NA,725,NA,NA,NA,NA,NA,NA,NA,NA,NA,NA,NA,NA,NA,NA,NA,"Withdrawal Non-adjusted","Closed",NA,NA,NA,NA,NA,NA,2016-04-01,"500>",TRUE,"UC","No",NA,0,"Uncoded",NA,"Other",NA
"03-RC-171535","Region 03, Buffalo, New York","Mt. Mansfield Company, Inc. d/b/a Stowe Mountain Resort",2016-03-11,2016-03-31,"Stowe","VT",NA,NA,24,NA,NA,NA,NA,NA,NA,NA,NA,NA,NA,NA,NA,NA,NA,NA,"Withdrawal Non-adjusted","Closed",NA,NA,NA,NA,NA,NA,2016-01-01,"11-25",TRUE,"RC","No",NA,0,"Uncoded",NA,"Other",NA
"03-RC-169068","Region 03, Buffalo, New York","American Red Cross Blood Services, Northern New England Region",2016-02-04,2016-03-09,"Burlington","VT","A",2016-03-01,49,NA,"INTERNATIONAL BROTHERHOOD OF ELECTRICAL WORKERS, LOCAL 2326",37,NA,NA,NA,NA,2,39,NA,NA,NA,"INTERNATIONAL BROTHERHOOD OF ELECTRICAL WORKERS, LOCAL 2326","Initial","Single Labor Organization","Certific. of Representative","Closed","All full-time and regular part-time Collection Specialists I, Collection Specialists II, Collections Technician II, Collections Technician III, Mobile Unit Assistants I, and Mobile Assistants II employed by the Employer at its 32 North Prospect Street, Burlington, Vermont location; excluding confidential employees, managers, guards, and supervisors and professionals as defined in the Act and all other employees.",NA,NA,NA,26,2016-01-01,2016-01-01,"26-50",TRUE,"RC","Yes","INTERNATIONAL BROTHERHOOD OF ELECTRICAL WORKERS, LOCAL 2326",1,"IBEW",0.948717948717949,"Yes",10
"03-UC-167230","Region 03, Buffalo, New York","Goddard College",2016-01-08,2016-02-01,"Plainfield","VT",NA,NA,70,NA,NA,NA,NA,NA,NA,NA,NA,NA,NA,NA,NA,NA,NA,NA,"Withdrawal Adjusted","Closed",NA,NA,NA,NA,NA,NA,2016-01-01,"51-100",TRUE,"UC","No",NA,0,"Uncoded",NA,"Other",NA
"03-RC-166143","Region 03, Buffalo, New York","Tomra NY Recycling, LLC",2015-12-16,2016-01-14,"Essex","VT",NA,NA,8,NA,NA,NA,NA,NA,NA,NA,NA,NA,NA,NA,NA,NA,NA,NA,"Withdrawal Non-adjusted","Closed",NA,NA,NA,NA,NA,NA,2015-10-01,"6-10",TRUE,"RC","No",NA,0,"Uncoded",NA,"Other",NA
"03-RC-153084","Region 03, Buffalo, New York","Addison County Transit Resources",2015-05-28,2015-07-10,"Middlebury","VT","A",2015-07-01,17,NA,"International Brotherhood of Teamsters, Local 597",10,NA,NA,NA,NA,7,17,NA,1,NA,"International Brotherhood of Teamsters, Local 597","Initial","Single Labor Organization","Certific. of Representative","Closed","All full-time and regular part-time drivers and mechanics employed by the Employer at its 297 Creek Road, Middlebury, VT location, excluding dispatchers, clerical employees, managers, guards, and supervisors and professional employees as defined in the Act.",NA,NA,NA,34,2015-07-01,2015-04-01,"11-25",TRUE,"RC","Yes","International Brotherhood of Teamsters, Local 597",1,"Teamsters",0.588235294117647,"Yes",0
"03-RC-151634","Region 03, Buffalo, New York","Green Mountain Power Corporation",2015-05-06,2015-06-11,"Colchester","VT","A",2015-06-03,29,NA,"International Brotherhood of Electrical Workers, Local 300",9,NA,NA,NA,NA,20,29,NA,NA,NA,NA,"Initial","Single Labor Organization","Certification of Results","Closed","All full-time and regular part-time distribution designers employed by the Employer;  excluding all guards, all employees already represented by a labor organization, guards, professional employees and supervisors as defined in the Act, and all other employees.",NA,NA,NA,28,2015-04-01,2015-04-01,"26-50",TRUE,"RC","Yes","International Brotherhood of Electrical Workers, Local 300",1,"IBEW",0.310344827586207,"No",0
"01-RC-151425","Region 01, Boston, Massachusetts","GREEN MOUNTAIN POWER CORPORATION",2015-05-04,2015-05-06,"Colchester","VT",NA,NA,30,NA,NA,NA,NA,NA,NA,NA,NA,NA,NA,NA,NA,NA,NA,NA,"Withdrawal Non-adjusted","Closed",NA,NA,NA,NA,NA,NA,2015-04-01,"26-50",TRUE,"RC","No",NA,0,"Uncoded",NA,"Other",NA
"01-RC-139446","Region 01, Boston, Massachusetts","BENNINGTON RESCUE SQUAD INC.",2014-10-24,2014-12-04,"Bennington","VT",NA,NA,36,NA,NA,NA,NA,NA,NA,NA,NA,NA,NA,NA,NA,NA,NA,NA,"Withdrawal Non-adjusted","Closed",NA,NA,NA,NA,NA,NA,2014-10-01,"26-50",TRUE,"RC","No",NA,0,"Uncoded",NA,"Other",NA
"01-RC-138466","Region 01, Boston, Massachusetts","SAINT MICHAEL'S COLLEGE",2014-10-09,2014-12-12,"COLCHESTER","VT","A",2014-12-01,101,1,"Law Office of Erin M. McGinnis",46,NA,NA,NA,NA,26,72,NA,6,NA,"Law Office of Erin M. McGinnis","Initial","Single Labor Organization","Certific. of Representative","Closed","All part-time graduate and undergraduate faculty (adjuncts, lecturers or instructors) employed by St. Michael's College at its Main Campus, 1 Winooski Park, Colchester, Vermont, currently teaching at least one credit-bearing course (including hybrid and blended courses) including any English as a second language course, and who are compensated on a per course basis.  An employee working for the College in another capacity who also teaches at least one credit-bearing course identified above and is compensated on a per-course basis shall not cause that employee to lose status as a bargaining unit member unless expressly excluded.

Excluding all tenured or tenure-track faculty, full-time faculty, visiting or contract faculty, faculty that teach only online courses, deans, provosts, administrators, department chairs, department coordinators, graduate assistants, graduate students, athletic coaches, and employees who teach only online courses, courses away from the Main Campus, or courses as a teaching supervisor, all other employees who are not compensated additionally for teaching, and managers, confidential employees, guards and supervisors as defined in the Act.",NA,NA,NA,53,2014-10-01,2014-10-01,"101-500",TRUE,"RC","Yes","Law Office of Erin M. McGinnis",0,"Uncoded",0.638888888888889,"Yes",29
"01-RC-138050","Region 01, Boston, Massachusetts","BURLINGTON COLLEGE",2014-10-03,2014-12-05,"Burlington","VT","A",2014-11-24,46,1,"Law Office of Erin M. McGinnis",23,NA,NA,NA,NA,4,27,NA,2,NA,"Law Office of Erin M. McGinnis","Initial","Single Labor Organization","Certific. of Representative","Closed","All part-time graduate and undergraduate faculty (adjuncts, lecturers or instructors) employed by Burlington College at its Main or Woodworking campuses who teach at least one credit-bearing course (including hybrid and blended courses) in a degree-granting program and who are compensated on a per course basis.  An employee working for the College in another capacity, and who also teaches at least one credit-bearing course identified above and is compensated per course, shall not lose status as a bargaining unit member unless expressly excluded.  
Expressly excluded are:  all tenured or tenure-track faculty; full-time faculty; visiting or contract faculty; deans; provosts; administrators; program coordinators; department chairs; graduate assistants; graduate students; athletic coaches; faculty who teach only online courses, courses at campuses other than the Main or Woodworking Campuses, non-degree granting courses, and/or courses as a teaching supervisor; all other employees who are not compensated additionally for teaching; and managers, confidential employees, guards and supervisors as defined by the Act.",NA,NA,NA,52,2014-10-01,2014-10-01,"26-50",TRUE,"RC","Yes","Law Office of Erin M. McGinnis",0,"Uncoded",0.851851851851852,"Yes",19
"01-RC-138052","Region 01, Boston, Massachusetts","CHAMPLAIN COLLEGE",2014-10-03,2014-12-05,"BURLINGTON","VT","A",2014-11-24,222,3,"Law Office of Erin M. McGinnis",118,NA,NA,NA,NA,30,148,NA,28,NA,"Law Office of Erin M. McGinnis","Initial","Single Labor Organization","Certific. of Representative","Closed","All part-time graduate and undergraduate faculty, (adjuncts, lecturers or instructors) employed by Champlain College at its Main Campus, 251 South Willard Street, Burlington, VT, currently teaching at least one credit-bearing course (including hybrid and blended courses) in a degree-granting program and who are compensated on a per-course basis.  An employee works for the College in another capacity who also teaches at least one credit-bearing course identified above and is compensated on a per-course basis shall not cause that employee to lose status as a bargaining unit member unless expressly excluded.  
Excluding all tenured or tenure-track faculty, full-time faculty, visiting or contract faculty, deans, provosts, administrators, department chairs, graduate assistants, graduate students, athletic coaches, and faculty who teach only online courses, courses at campuses other than the Main Campus, non-degree granting courses and/or courses as a teaching supervisor, all other employees who are not compensated additionally for teaching, managers, confidential employees, guards and supervisors as defined by the Act.",NA,NA,NA,52,2014-10-01,2014-10-01,"101-500",TRUE,"RC","Yes","Law Office of Erin M. McGinnis",0,"Uncoded",0.797297297297297,"Yes",74
"01-UC-130507","Region 01, Boston, Massachusetts","GREEN MOUNTAIN POWER",2014-06-11,2014-07-28,"COLCHESTER","VT",NA,NA,300,NA,NA,NA,NA,NA,NA,NA,NA,NA,NA,NA,NA,NA,NA,NA,"Withdrawal Non-adjusted","Closed",NA,NA,NA,NA,NA,NA,2014-04-01,"101-500",TRUE,"UC","No",NA,0,"Uncoded",NA,"Other",NA
"01-RC-128414","Region 01, Boston, Massachusetts","ADDISON COUNTY TRANSIT RESOURCES",2014-05-12,2014-06-23,"Middlebury","VT","A",2014-06-11,17,NA,"INTERNATIONAL BROTHERHOOD OF TEAMSTERS, LOCAL 597",8,NA,NA,NA,NA,9,17,NA,NA,NA,NA,"Initial","Single Labor Organization","Certification of Results","Closed","All full-time and regular part-time drivers and mechanics employed by the Employer at its 297 Creek Road, Middlebury, VT, facility, but excluding all other employees including dispatchers, guards, managers, and supervisors as defined in the Act.",NA,NA,NA,30,2014-04-01,2014-04-01,"11-25",TRUE,"RC","Yes","INTERNATIONAL BROTHERHOOD OF TEAMSTERS, LOCAL 597",1,"Teamsters",0.470588235294118,"No",0
"01-RC-127082","Region 01, Boston, Massachusetts","GREEN MOUNTAIN COMMUNITY NETWORK, INC.",2014-04-22,2014-12-16,"BENNINGTON","VT","A",2014-05-28,23,NA,"International Brotherhood of Teamsters, Local 597",11,NA,NA,NA,NA,10,21,NA,1,"Y",NA,"Initial","Single Labor Organization","Certific. of Representative","Closed","All full-time and regular part-time bus drivers, van drivers, and maintenance employees employed by the Employer at its Bennington, Vermont location but, excluding all other employees, dispatchers, clerical employees, managers, guards, and supervisors as defined in the Act.",NA,NA,NA,36,2014-04-01,2014-04-01,"11-25",TRUE,"RC","Yes","International Brotherhood of Teamsters, Local 597",1,"Teamsters",0.523809523809524,"Yes",2
"01-RC-113592","Region 01, Boston, Massachusetts","PORTER MEDICAL CENTER, INC.",2013-09-18,2013-11-20,"MIDDLEBURY","VT","A",2013-11-19,150,NA,"VERMONT FEDERATION OF NURSES AND HEALTH PROFESSIONALS, LOCAL 5221 A/W AMERICAN FEDERATION OF TEACHERS",72,NA,NA,NA,NA,58,130,NA,16,NA,"VERMONT FEDERATION OF NURSES AND HEALTH PROFESSIONALS, LOCAL 5221 A/W AMERICAN FEDERATION OF TEACHERS","Initial","Revised Single Labor Org","Certific. of Representative","Closed","Included: all full time and regular part time and per diem Registered Nurses employed by the Employer at Porter Hospital (including Emergency Department RNs, Medical /Surgical Unit RNs, Special Care Unit RNs, PACU RNs, Surgical Service/OR RNs, Scrub RNs, OB/Birthing Center RNs and Clinical Analyst IT RNs), Helen Porter Healthcare and Rehabilitation Center (including Post Acute Rehabilitation Center RNs, Memory Care-Otter Creek RNs, Long Term Care RNs and Float RNs), Addison Associates in OB/GYN facility, Porter Cardiology (including Cardiac Stress RNs and Nurse Sonographers), Porter Internal Medicine, Addison Family Medicine, Champlain Valley Orthopedics, Middlebury Pediatric and Adolescent Medicine, and Porter Ear Nose and Throat, located in Middlebury Vermont; Bristol Internal Medicine located in Bristol, Vermont; Little City Family Practice, and Tapestry Midwifery located in Vergennes, Vermont; Neshobe Family Medicine located in Brandon, Vermont; and Porter Practice Management Float RNs assigned to the above facilities.

Excluding all service and maintenance employees, non-nursing professionals, LPNs and technical employees, physicians, business office and clerical employees, casual employees, Advanced Practice Registered Nurses (including Certified Registered Nurse Anesthetists, Certified Nurse Midwives, and Nurse Practitioners), Infection Control RNs, Staff Development RNs, Clinical Quality RNs, Case Manager RNs, Discharge Planner RNs, MDS Coders, managerial and confidential employees, guards and supervisors as defined in the Act.",NA,NA,NA,62,2013-10-01,2013-07-01,"101-500",TRUE,"RC","Yes","VERMONT FEDERATION OF NURSES AND HEALTH PROFESSIONALS, LOCAL 5221 A/W AMERICAN FEDERATION OF TEACHERS",1,"AFT",0.553846153846154,"Yes",20
"01-RC-113592","Region 01, Boston, Massachusetts","PORTER MEDICAL CENTER, INC.",2013-09-18,2013-11-20,"MIDDLEBURY","VT","A",2013-11-07,150,NA,"VERMONT FEDERATION OF NURSES AND HEALTH PROFESSIONALS, LOCAL 5221 A/W AMERICAN FEDERATION OF TEACHERS",72,NA,NA,NA,NA,58,130,NA,16,"Y",NA,"Initial","Single Labor Organization","Certific. of Representative","Closed","Included: all full time and regular part time and per diem Registered Nurses employed by the Employer at Porter Hospital (including Emergency Department RNs, Medical /Surgical Unit RNs, Special Care Unit RNs, PACU RNs, Surgical Service/OR RNs, Scrub RNs, OB/Birthing Center RNs and Clinical Analyst IT RNs), Helen Porter Healthcare and Rehabilitation Center (including Post Acute Rehabilitation Center RNs, Memory Care-Otter Creek RNs, Long Term Care RNs and Float RNs), Addison Associates in OB/GYN facility, Porter Cardiology (including Cardiac Stress RNs and Nurse Sonographers), Porter Internal Medicine, Addison Family Medicine, Champlain Valley Orthopedics, Middlebury Pediatric and Adolescent Medicine, and Porter Ear Nose and Throat, located in Middlebury Vermont; Bristol Internal Medicine located in Bristol, Vermont; Little City Family Practice, and Tapestry Midwifery located in Vergennes, Vermont; Neshobe Family Medicine located in Brandon, Vermont; and Porter Practice Management Float RNs assigned to the above facilities.

Excluding all service and maintenance employees, non-nursing professionals, LPNs and technical employees, physicians, business office and clerical employees, casual employees, Advanced Practice Registered Nurses (including Certified Registered Nurse Anesthetists, Certified Nurse Midwives, and Nurse Practitioners), Infection Control RNs, Staff Development RNs, Clinical Quality RNs, Case Manager RNs, Discharge Planner RNs, MDS Coders, managerial and confidential employees, guards and supervisors as defined in the Act.",NA,NA,NA,50,2013-10-01,2013-07-01,"101-500",FALSE,"RC","Yes","VERMONT FEDERATION OF NURSES AND HEALTH PROFESSIONALS, LOCAL 5221 A/W AMERICAN FEDERATION OF TEACHERS",1,"AFT",0.553846153846154,"Yes",20
"01-RC-113062","Region 01, Boston, Massachusetts","FIRST STUDENT, INC.",2013-09-11,2013-11-18,"Brattleboro","VT","A",2013-11-05,2,NA,"CHAUFFEURS, TEAMSTERS, WAREHOUSEMEN AND HELPERS UNION NO. 597 a/w INTERNATIONAL BROTHERHOOD OF TEAMSTERS",2,NA,NA,NA,NA,0,2,NA,NA,NA,"CHAUFFEURS, TEAMSTERS, WAREHOUSEMEN AND HELPERS UNION NO. 597 a/w INTERNATIONAL BROTHERHOOD OF TEAMSTERS","Initial","Single Labor Organization","Certific. of Representative","Closed","Including all full time and regular part time mechanics employed by the employer at its Brattleboro, Vermont facility, excluding all office and clerical employees, professionals and confidential employees, guards and supervisors, as defined by the Act.",NA,NA,NA,55,2013-10-01,2013-07-01,"<5",TRUE,"RC","Yes","CHAUFFEURS, TEAMSTERS, WAREHOUSEMEN AND HELPERS UNION NO. 597 a/w INTERNATIONAL BROTHERHOOD OF TEAMSTERS",1,"Teamsters",1,"Yes",0
"01-UC-109490","Region 01, Boston, Massachusetts","FLETCHER ALLEN HEALTHCARE",2013-07-19,2013-08-26,"Burlington","VT",NA,NA,305,NA,NA,NA,NA,NA,NA,NA,NA,NA,NA,NA,NA,NA,NA,NA,"Withdrawal Non-adjusted","Closed",NA,NA,NA,NA,NA,NA,2013-07-01,"101-500",TRUE,"UC","No",NA,0,"Uncoded",NA,"Other",NA
"01-RC-101008","Region 01, Boston, Massachusetts","AMERIGAS/PROPANE",2013-03-25,2013-05-07,"Barre","VT","A",2013-04-25,9,NA,"INTERNATIONAL UNION OF OPERATING ENGINEERS, LOCAL 98, AFL-CIO",2,NA,NA,NA,NA,5,7,NA,NA,NA,NA,"Initial","Single Labor Organization","Certification of Results","Closed","All full-time and regular part-time drivers, service technicians and delivery representatives employed by the employer at its 654 South Barre Road, South Barre, VT and 1175 U.S. Route 302 Berlin-Barre, VT facilities, excluding all office clerical employees, guards, professional employees and supervisors as defined in the Act.",NA,NA,NA,31,2013-04-01,2013-01-01,"6-10",TRUE,"RC","Yes","INTERNATIONAL UNION OF OPERATING ENGINEERS, LOCAL 98, AFL-CIO",1,"IUOE",0.285714285714286,"No",2
"01-RC-096463","Region 01, Boston, Massachusetts","Howard Center",2013-01-16,2013-02-26,"Burlington","VT","A",2013-02-14,10,NA,"BAIRD EDUCATION ASSOCIATION A/W VERMONT-NEA",9,NA,NA,NA,NA,1,10,NA,NA,NA,"BAIRD EDUCATION ASSOCIATION A/W VERMONT-NEA","Initial","Single Labor Organization","Certific. of Representative","Closed","Baird Education Association a/w Vermont-NEA
Unit  All full-time and regular part-time classroom teachers, special educators, special subject teachers, and speech and language pathologists employed by the Employer at the Baird School but excluding all other employees, aides, guards, managers and supervisors as defined in the Act.",NA,NA,NA,29,2013-01-01,2013-01-01,"6-10",TRUE,"RC","Yes","BAIRD EDUCATION ASSOCIATION A/W VERMONT-NEA",1,"NEA",0.9,"Yes",0
"01-RC-094524","Region 01, Boston, Massachusetts","Goddard College",2012-12-10,2013-02-04,"Plainfield","VT","A",2013-01-23,74,NA,"INTERNATIONAL UNION, UNITED AUTOMOBILE, AEROSPACE & AGRICULTURAL IMPLEMENT WORKERS OF AMERICA, LOCAL 2322",58,NA,NA,NA,NA,8,66,NA,NA,NA,"INTERNATIONAL UNION, UNITED AUTOMOBILE, AEROSPACE & AGRICULTURAL IMPLEMENT WORKERS OF AMERICA, LOCAL 2322","Initial","Single Labor Organization","Certific. of Representative","Closed","All full-time and regular part-time administrative, clerical, technical, maintenance and service employees employed by the Employer at its Plainfield, Vermont campus but excludng all faculty, managerial and confidential employees, guards and supervisors as defined by the Act.

 (Regular part-time employees  include those in the above named categories who have worked an average of at least 8 hours per pay period during one of the two most recent residency periods at the Plainville, Vermont campus, i.e. spring 2011 or summer/fall 2012.)",NA,NA,NA,44,2013-01-01,2012-10-01,"51-100",TRUE,"RC","Yes","INTERNATIONAL UNION, UNITED AUTOMOBILE, AEROSPACE & AGRICULTURAL IMPLEMENT WORKERS OF AMERICA, LOCAL 2322",1,"UAW",0.878787878787879,"Yes",8
"01-RC-092798","Region 01, Boston, Massachusetts","GREEN MOUNTAIN POWER",2012-11-08,2012-12-28,"Colchester","VT","A",2012-12-12,20,NA,"International Brotherhood of Electrical Workers, Local 300",9,NA,NA,NA,NA,11,20,NA,NA,NA,NA,"Initial","Single Labor Organization","Certification of Results","Closed","All full-time customer care advocates, employed by the Employer at its 77 Grove Street, Rutland Vermont facility, but excluding all other employees, office clerical employees, managers, guards, and supervisors as defined in the Act.",NA,NA,NA,34,2012-10-01,2012-10-01,"11-25",TRUE,"RC","Yes","International Brotherhood of Electrical Workers, Local 300",1,"IBEW",0.45,"No",0
"01-RC-090840","Region 01, Boston, Massachusetts","St. Michael's College",2012-10-09,2012-11-26,"Colchester","VT","A",2012-11-14,37,NA,"AMERICAN FEDERATION OF STATE, COUNTY & MUNICIPAL EMPLOYEES, COUNCIL 93, LOCAL 2824, AFL-CIO",18,NA,NA,NA,NA,17,35,NA,NA,NA,"AMERICAN FEDERATION OF STATE, COUNTY & MUNICIPAL EMPLOYEES, COUNCIL 93, LOCAL 2824, AFL-CIO","Initial","Single Labor Organization","Certific. of Representative","Closed","All full-time and regular part-time custodians employed by the Employer at its Colchester, Vermont campus but ecluding all other employees, office clerical employees, confidential employees, managerial employees, guards and supervisors as defined by the Act.",NA,NA,NA,36,2012-10-01,2012-10-01,"26-50",TRUE,"RC","Yes","AMERICAN FEDERATION OF STATE, COUNTY & MUNICIPAL EMPLOYEES, COUNCIL 93, LOCAL 2824, AFL-CIO",1,"AFSCME",0.514285714285714,"Yes",2
"01-RC-090869","Region 01, Boston, Massachusetts","Brattleboro  Food Co-op",2012-10-09,2012-11-26,"Brattleboro","VT","A",2012-11-14,142,NA,"UNITED FOOD AND COMMERCIAL WORKERS, LOCAL 1459",74,NA,NA,NA,NA,45,119,NA,7,NA,"UNITED FOOD AND COMMERCIAL WORKERS, LOCAL 1459","Initial","Single Labor Organization","Certific. of Representative","Closed","All full-time and regular part-time emloyees employed at the Employer's facility  located at 2 Main Street, Brattelboro, Vt. but excluding all managers, confidentail employees, supervisors and guards as defined in the Act.",NA,NA,NA,36,2012-10-01,2012-10-01,"101-500",TRUE,"RC","Yes","UNITED FOOD AND COMMERCIAL WORKERS, LOCAL 1459",1,"UFCW",0.621848739495798,"Yes",23
"01-RC-089214","Region 01, Boston, Massachusetts","Central Vermont Public Service Corporation d/b/a Green Mountain Power",2012-09-14,2012-11-08,"Colchester","VT","A",2012-10-17,6,NA,"International Brotherhood of Electrical Workers, Local 300",4,NA,NA,NA,NA,2,6,NA,NA,NA,"International Brotherhood of Electrical Workers, Local 300","Initial","Single Labor Organization","Certific. of Representative","Closed","All full-time and regular part-time telecommunications technicians but excluding all other employees, office clerical employees, managers, guards, and supervisors, as defined in the Act.",NA,NA,NA,33,2012-10-01,2012-07-01,"6-10",TRUE,"RC","Yes","International Brotherhood of Electrical Workers, Local 300",1,"IBEW",0.666666666666667,"Yes",0
"01-UC-088887","Region 01, Boston, Massachusetts","Green Mountain Power Corporation",2012-09-10,2012-10-05,"Colchester","VT",NA,NA,209,NA,NA,NA,NA,NA,NA,NA,NA,NA,NA,NA,NA,NA,NA,NA,"Withdrawal Non-adjusted","Closed",NA,NA,NA,NA,NA,NA,2012-07-01,"101-500",TRUE,"UC","No",NA,0,"Uncoded",NA,"Other",NA
"01-RC-071907","Region 01, Boston, Massachusetts","Vermont Family Network-Early Intervention",2012-01-06,2012-02-09,"Williston","VT",NA,NA,18,NA,NA,NA,NA,NA,NA,NA,NA,NA,NA,NA,NA,NA,NA,NA,"Withdrawal Non-adjusted","Closed",NA,NA,NA,NA,NA,NA,2012-01-01,"11-25",TRUE,"RC","No",NA,0,"Uncoded",NA,"Other",NA
"01-RC-022513","Region 01, Boston, Massachusetts","Brattleboro Retreat",2010-12-28,2011-01-04,"Brattleboro","VT",NA,NA,14,NA,NA,NA,NA,NA,NA,NA,NA,NA,NA,NA,NA,NA,NA,NA,"Withdrawal Non-adjusted","Closed",NA,NA,NA,NA,NA,NA,2010-10-01,"11-25",TRUE,"RC","No",NA,0,"Uncoded",NA,"Other",NA
"01-RC-022502","Region 01, Boston, Massachusetts","Howard's Fire Control",2010-11-16,2010-11-29,"Rutland","VT",NA,NA,5,NA,NA,NA,NA,NA,NA,NA,NA,NA,NA,NA,NA,NA,NA,NA,"Withdrawal Non-adjusted","Closed",NA,NA,NA,NA,NA,NA,2010-10-01,"<5",TRUE,"RC","No",NA,0,"Uncoded",NA,"Other",NA
"01-RC-022480","Region 01, Boston, Massachusetts","L-3 Communications",2010-09-21,2010-11-05,"South Burlington","VT","A",2010-10-26,3,NA,"INTERNATIONAL ASSOCIATION OF MACHINISTS & AEROSPACE WORKERS, DISTRICT LODGE NO. 4,  AFL-CIO",3,NA,NA,NA,NA,0,3,"N",NA,"N",NA,"Initial","Single Labor Organization","Certific. of Representative","Closed","All full-time and regular part-time Aircrew Training Devices Instructors (Pilots) and the Integration Specialist classification employees employed by the Employer at its South Burlington, Vermont location, but excluding office clerical employees, pro",NA,NA,NA,35,2010-10-01,2010-07-01,"<5",TRUE,"RC","Yes","INTERNATIONAL ASSOCIATION OF MACHINISTS & AEROSPACE WORKERS, DISTRICT LODGE NO. 4,  AFL-CIO",1,"IAM",1,"Yes",0
"01-RC-022480",NA,"L-3 Communications",2010-09-21,2010-11-05,"South Burlington","VT","A",2010-10-26,3,0,"International Association of Machinists & Aerospace Workers, District Lodge No. 4,  AFL-CIO",3,NA,NA,NA,NA,0,3,"N",0,"N",NA,"Initial","Single Labor Organization","Certific. of Representative","Closed",NA,NA,NA,NA,35,2010-10-01,2010-07-01,"<5",FALSE,"RC","Yes","International Association of Machinists & Aerospace Workers, District Lodge No. 4,  AFL-CIO",1,"IAM",1,"Yes",0
"01-RC-022436","Region 01, Boston, Massachusetts","First Student",2010-03-16,2010-05-04,"White River Junction","VT","A",2010-04-22,4,NA,"INTERNATIONAL BROTHERHOOD OF TEAMSTERS, CHAUFFEURS, AND HELPERS LOCAL UNION NO. 633",4,NA,NA,NA,NA,0,4,"N",2,"N","INTERNATIONAL BROTHERHOOD OF TEAMSTERS, CHAUFFEURS, AND HELPERS LOCAL UNION NO. 633","Initial","Single Labor Organization","Certific. of Representative","Closed","All full time and regular part time dispatchers and clerical employees employed by the Employer at its Sutton and Nashua, New Hampshire facilities,  but excluding all other employees, drivers, monitors,  technicians,  technicians-in-charge, mechanics",NA,NA,NA,37,2010-04-01,2010-01-01,"<5",TRUE,"RC","Yes","INTERNATIONAL BROTHERHOOD OF TEAMSTERS, CHAUFFEURS, AND HELPERS LOCAL UNION NO. 633",1,"Teamsters",1,"Yes",0
"01-RC-022433","Region 01, Boston, Massachusetts","First Student",2010-03-16,2010-04-30,"White River Junction","VT","A",2010-04-20,4,NA,"INTERNATIONAL BROTHERHOOD OF TEAMSTERS, CHAUFFEURS AND HELPERS LOCAL UNION NO. 633",2,NA,NA,NA,NA,0,2,"N",1,"N","INTERNATIONAL BROTHERHOOD OF TEAMSTERS, CHAUFFEURS AND HELPERS LOCAL UNION NO. 633","Initial","Single Labor Organization","Certific. of Representative","Closed","All full time and regular part time mechanics employed by the Employer at its 49 Whittemore Farm Road, Swanzey, NH facility, but excluding all other employees, office clerical employees, drivers, dispatchers, monitors, technicians-in-charge, manageri",NA,NA,NA,35,2010-04-01,2010-01-01,"<5",TRUE,"RC","Yes","INTERNATIONAL BROTHERHOOD OF TEAMSTERS, CHAUFFEURS AND HELPERS LOCAL UNION NO. 633",1,"Teamsters",1,"Yes",2
"01-RC-022417","Region 01, Boston, Massachusetts","First Student, Inc.",2010-01-19,2010-03-15,"Berlin","VT","A",2010-03-03,2,NA,"INTERNATIONAL BROTHERHOOD OF TEAMSTERS, CHAUFFEURS, WAREHOUSEMEN AND HELPERS OF AMERICA, LOCAL UNION",2,NA,NA,NA,NA,0,2,"N",NA,"N","INTERNATIONAL BROTHERHOOD OF TEAMSTERS, CHAUFFEURS, WAREHOUSEMEN AND HELPERS OF AMERICA, LOCAL UNION","Initial","Single Labor Organization","Certific. of Representative","Closed","All full-time and regular part-time mechanics employed by the Employer at its 1234 US Route 2, Berlin, Vermont location, but excluding all other employees, technician-in-charge, office clerical employees, dispatchers, drivers, monitors, managerial em",NA,NA,NA,43,2010-01-01,2010-01-01,"<5",TRUE,"RC","Yes","INTERNATIONAL BROTHERHOOD OF TEAMSTERS, CHAUFFEURS, WAREHOUSEMEN AND HELPERS OF AMERICA, LOCAL UNION",1,"Teamsters",1,"Yes",0
"01-RC-022418","Region 01, Boston, Massachusetts","First Student, Inc.",2010-01-19,2010-03-15,"Berlin","VT","A",2010-03-03,2,NA,"INTERNATIONAL BROTHERHOOD OF TEAMSTERS, CHAUFFEURS, WAREHOUSEMEN AND HELPERS OF AMERICA, LOCAL UNION",2,NA,NA,NA,NA,0,2,"N",NA,"N","INTERNATIONAL BROTHERHOOD OF TEAMSTERS, CHAUFFEURS, WAREHOUSEMEN AND HELPERS OF AMERICA, LOCAL UNION","Initial","Single Labor Organization","Certific. of Representative","Closed","All full-time and regular part-time dispatchers employed by the Employer at its 1234 US Route 2, Berlin, Vermont location, but excluding all other employees, office clerical employees, mechanics, drivers, monitors, managerial employees, guards and su",NA,NA,NA,43,2010-01-01,2010-01-01,"<5",TRUE,"RC","Yes","INTERNATIONAL BROTHERHOOD OF TEAMSTERS, CHAUFFEURS, WAREHOUSEMEN AND HELPERS OF AMERICA, LOCAL UNION",1,"Teamsters",1,"Yes",0
"01-RC-022417",NA,"First Student, Inc.",2010-01-19,2010-03-15,"Barre","VT","A",2010-03-03,2,0,"International Brotherhood of Teamsters, Chauffeurs, Warehousemen and Helpers of America, Local Union No. 597",2,NA,NA,NA,NA,0,2,"N",0,"N","International Brotherhood of Teamsters, Chauffeurs, Warehousemen and Helpers of America, Local Union No. 597","Initial","Single Labor Organization","Certific. of Representative","Closed",NA,NA,NA,NA,43,2010-01-01,2010-01-01,"<5",FALSE,"RC","Yes","International Brotherhood of Teamsters, Chauffeurs, Warehousemen and Helpers of America, Local Union No. 597",1,"Teamsters",1,"Yes",0
"01-RC-022418",NA,"First Student, Inc.",2010-01-19,2010-03-15,"Barre","VT","A",2010-03-03,2,0,"International Brotherhood of Teamsters, Chauffeurs, Warehousemen and Helpers of America, Local Union No. 597",2,NA,NA,NA,NA,0,2,"N",0,"N","International Brotherhood of Teamsters, Chauffeurs, Warehousemen and Helpers of America, Local Union No. 597","Initial","Single Labor Organization","Certific. of Representative","Closed",NA,NA,NA,NA,43,2010-01-01,2010-01-01,"<5",FALSE,"RC","Yes","International Brotherhood of Teamsters, Chauffeurs, Warehousemen and Helpers of America, Local Union No. 597",1,"Teamsters",1,"Yes",0
"01-RC-022413","Region 01, Boston, Massachusetts","First Student, Inc.",2010-01-12,2010-03-15,"Berlin","VT","A",2010-03-03,59,1,"INTERNATIONAL BROTHERHOOD OF TEAMSTERS, CHAUFFEURS, WAREHOUSEMEN AND HELPERS, STATE OF VERMONT LOCAL",37,NA,NA,NA,NA,6,43,"N",NA,"N","INTERNATIONAL BROTHERHOOD OF TEAMSTERS, CHAUFFEURS, WAREHOUSEMEN AND HELPERS, STATE OF VERMONT LOCAL","Initial","Single Labor Organization","Certific. of Representative","Closed","All full-time and regular part-time drivers employed by the Employer at its 1234 US Route 2, Berlin Vermont location, but excluding all other employees, office clerical employees, dispatchers, mechanics, monitors, managerial employees, guards and sup",NA,NA,NA,50,2010-01-01,2010-01-01,"51-100",TRUE,"RC","Yes","INTERNATIONAL BROTHERHOOD OF TEAMSTERS, CHAUFFEURS, WAREHOUSEMEN AND HELPERS, STATE OF VERMONT LOCAL",1,"Teamsters",0.86046511627907,"Yes",16
"01-UC-000876","Region 01, Boston, Massachusetts","Vermont Electric Cooperative, Inc.",2009-10-14,2009-11-24,"Johnson","VT",NA,NA,70,NA,NA,NA,NA,NA,NA,NA,NA,NA,NA,NA,NA,NA,NA,NA,"Withdrawal Non-adjusted","Closed",NA,NA,NA,NA,NA,NA,2009-10-01,"51-100",TRUE,"UC","No",NA,0,"Uncoded",NA,"Other",NA
"01-RD-002132","Region 01, Boston, Massachusetts","Healthcare and Rehab Services of S. E. Vermont",2009-07-17,2009-08-31,"Springfield","VT","A",2009-08-20,72,NA,"UNITED NURSES & ALLIED PROFESSIONALS, HCRS CLINICIANS LOCAL 5051",35,NA,NA,NA,NA,23,58,"N",8,"N","UNITED NURSES & ALLIED PROFESSIONALS, HCRS CLINICIANS LOCAL 5051","Initial","Single Labor Organization","Certific. of Representative","Closed","All full-time, part-time and fee for service clinicians employed by the Employer as set forth in the Certification of Representative in Case No. 1-RC-21967, including Clinician I and II, School Based Clinicians/School Based MH Counselors I and II, IF",NA,NA,NA,34,2009-07-01,2009-07-01,"51-100",TRUE,"RD","Yes","UNITED NURSES & ALLIED PROFESSIONALS, HCRS CLINICIANS LOCAL 5051",1,"UNAP",0.603448275862069,"Yes",14
"01-RC-022341","Region 01, Boston, Massachusetts","Plasan North America",2009-06-23,2009-07-14,"Bennington","VT",NA,NA,84,NA,NA,NA,NA,NA,NA,NA,NA,NA,NA,NA,NA,NA,NA,NA,"Withdrawal Non-adjusted","Closed",NA,NA,NA,NA,NA,NA,2009-04-01,"51-100",TRUE,"RC","No",NA,0,"Uncoded",NA,"Other",NA
"01-RC-022333","Region 01, Boston, Massachusetts","Fletcher Allen Health Care",2009-06-01,2009-07-06,"Burlington","VT","A",2009-06-25,294,NA,"VERMONT FEDERATION OF NURSES AND HEALTH PROFESSIONIALS, LOCAL UNION NO. 5221",160,NA,NA,NA,NA,87,247,"N",7,"N","VERMONT FEDERATION OF NURSES AND HEALTH PROFESSIONIALS, LOCAL UNION NO. 5221","Initial","Single Labor Organization","Certific. of Representative","Closed","All full-time, regular part-time and per diem Fletcher Allen technical employees who work an average of 4 or more hours per week in a continuous thirteen week period in the following job titles: AEMT-CC CCT; CNL Technologist I, II and III; CSR Case C",NA,NA,NA,24,2009-04-01,2009-04-01,"101-500",TRUE,"RC","Yes","VERMONT FEDERATION OF NURSES AND HEALTH PROFESSIONIALS, LOCAL UNION NO. 5221",0,"Uncoded",0.647773279352227,"Yes",47
NA,NA,NA,NA,NA,NA,NA,NA,NA,NA,NA,NA,NA,NA,NA,NA,NA,NA,NA,NA,NA,NA,NA,NA,NA,NA,NA,NA,NA,NA,NA,NA,NA,NA,NA,NA,NA,NA,NA,NA,NA,NA,NA,NA
NA,NA,NA,NA,NA,NA,NA,NA,NA,NA,NA,NA,NA,NA,NA,NA,NA,NA,NA,NA,NA,NA,NA,NA,NA,NA,NA,NA,NA,NA,NA,NA,NA,NA,NA,NA,NA,NA,NA,NA,NA,NA,NA,NA
"01-RC-022268","Region 01, Boston, Massachusetts","First Student, Inc.",2008-10-06,2008-11-17,"Brattleboro","VT","A",2008-11-07,30,NA,"INTERNATIONAL BROTHERHOOD OF TEAMSTERS, LOCAL UNION NO. 597",25,NA,NA,NA,NA,4,29,"N",NA,"N","INTERNATIONAL BROTHERHOOD OF TEAMSTERS, LOCAL UNION NO. 597","Initial","Single Labor Organization","Certific. of Representative","Closed","All full time and regular part time school bus drivers employed by the Employer at its 857 Outney Road, Brattleboro, Vermont location, but excluding all other employees, mechanics, dispatchers, office clerical employees, professional employees, guards and supervisors as defined in the Act.",NA,NA,NA,32,2008-10-01,2008-10-01,"26-50",TRUE,"RC","Yes","INTERNATIONAL BROTHERHOOD OF TEAMSTERS, LOCAL UNION NO. 597",1,"Teamsters",0.862068965517241,"Yes",1
"01-RC-022247","Region 01, Boston, Massachusetts","Suburban Propane",2008-09-02,2008-10-21,"Rutland","VT","A",2008-10-09,19,NA,"INTERNATIONAL BROTHERHOOD OF TEAMSTERS, LOCAL UNION  NO. 597",5,NA,NA,NA,NA,10,15,"N",2,"N",NA,"Initial","Single Labor Organization","Certification of Results","Closed","All full time and regular part time delivery drivers and service technicians employed by the Employer at its Rutland and  Middlebury, Vermont facilities, but excluding all other employees, office clerical employees, managers, guards and supervisors as defined by the Act.",NA,NA,NA,37,2008-10-01,2008-07-01,"11-25",TRUE,"RC","Yes","INTERNATIONAL BROTHERHOOD OF TEAMSTERS, LOCAL UNION  NO. 597",1,"Teamsters",0.333333333333333,"No",4
NA,NA,NA,NA,NA,NA,NA,NA,NA,NA,NA,NA,NA,NA,NA,NA,NA,NA,NA,NA,NA,NA,NA,NA,NA,NA,NA,NA,NA,NA,NA,NA,NA,NA,NA,NA,NA,NA,NA,NA,NA,NA,NA,NA
NA,NA,NA,NA,NA,NA,NA,NA,NA,NA,NA,NA,NA,NA,NA,NA,NA,NA,NA,NA,NA,NA,NA,NA,NA,NA,NA,NA,NA,NA,NA,NA,NA,NA,NA,NA,NA,NA,NA,NA,NA,NA,NA,NA
"01-UC-000869","Region 01, Boston, Massachusetts","Vermont ETV, Inc.",2008-06-30,2008-08-19,"Colchester","VT",NA,NA,15,NA,NA,NA,NA,NA,NA,NA,NA,NA,NA,NA,NA,NA,NA,NA,"Withdrawal Non-adjusted","Closed",NA,NA,NA,NA,NA,NA,2008-04-01,"11-25",TRUE,"UC","No",NA,0,"Uncoded",NA,"Other",NA
"01-RC-022224","Region 01, Boston, Massachusetts","Monro Muffler & Brake",2008-06-26,2008-10-01,"Brattleboro","VT",NA,NA,4,NA,NA,NA,NA,NA,NA,NA,NA,NA,NA,NA,NA,NA,NA,NA,"Withdrawal Non-adjusted","Closed",NA,NA,NA,NA,NA,NA,2008-04-01,"<5",TRUE,"RC","No",NA,0,"Uncoded",NA,"Other",NA
"01-RC-022208","Region 01, Boston, Massachusetts","Monro Muffler & Brake Co.",2008-05-15,2008-06-06,"Brattleboro","VT",NA,NA,8,NA,NA,NA,NA,NA,NA,NA,NA,NA,NA,NA,NA,NA,NA,NA,"Withdrawal Non-adjusted","Closed",NA,NA,NA,NA,NA,NA,2008-04-01,"6-10",TRUE,"RC","No",NA,0,"Uncoded",NA,"Other",NA
NA,NA,NA,NA,NA,NA,NA,NA,NA,NA,NA,NA,NA,NA,NA,NA,NA,NA,NA,NA,NA,NA,NA,NA,NA,NA,NA,NA,NA,NA,NA,NA,NA,NA,NA,NA,NA,NA,NA,NA,NA,NA,NA,NA
NA,NA,NA,NA,NA,NA,NA,NA,NA,NA,NA,NA,NA,NA,NA,NA,NA,NA,NA,NA,NA,NA,NA,NA,NA,NA,NA,NA,NA,NA,NA,NA,NA,NA,NA,NA,NA,NA,NA,NA,NA,NA,NA,NA
"01-RC-022171","Region 01, Boston, Massachusetts","Stanley Associates, Inc.",2007-12-21,2008-03-20,"Saint Albans","VT","A",2008-03-20,166,NA,"UNITED ELECTRICAL, RADIO AND MACHINE WORKERS OF AMERICA (UE)",60,NA,NA,NA,NA,80,140,"N",NA,"N",NA,"Rerun","Single Labor Organization","Certification of Results","Closed","All full-time and regular part-time clerical employees engaged in file maintenance, data entry operations, mail room operations, and courier operations, and all subject matter experts, employed by the Employer at U.S. Bureau of Citizenship and Immigr",NA,NA,NA,90,2008-01-01,2007-10-01,"101-500",TRUE,"RC","Yes","UNITED ELECTRICAL, RADIO AND MACHINE WORKERS OF AMERICA (UE)",1,"UE",0.428571428571429,"No",26
"01-RC-022171",NA,"Stanley Associates, Inc.",2007-12-21,2008-03-20,"St. Albans","VT","A",2008-03-20,166,0,"United Electrical, Radio and Machine Workers of America (UE)",60,NA,NA,NA,NA,80,140,"N",0,"N",NA,"Initial","Revised Single Labor Org","Certification of Results","Closed","All full-time and regular part-time clerical employees engaged in file maintenance, data entry operations, mail room operations, and courier operations, and all subject matter experts, employed by the Employer at U.S. Bureau of Citizenship and Immigration Services Vermont Service Center located in St. Albans, Vermont, but excluding quality control employees, occupational liaison specialists, professional employees, guards, and supervisors as defined in the Act.",NA,NA,NA,90,2008-01-01,2007-10-01,"101-500",FALSE,"RC","Yes","United Electrical, Radio and Machine Workers of America (UE)",1,"UE",0.428571428571429,"No",26
"01-RC-022171","Region 01, Boston, Massachusetts","Stanley Associates, Inc.",2007-12-21,2008-03-20,"Saint Albans","VT","A",2008-02-27,166,NA,"UNITED ELECTRICAL, RADIO AND MACHINE WORKERS OF AMERICA (UE)",60,NA,NA,NA,NA,80,140,"N",21,"Y",NA,"Initial","Single Labor Organization","Certification of Results","Closed","All full-time and regular part-time clerical employees engaged in file maintenance, data entry operations, mail room operations, and courier operations, and all subject matter experts, employed by the Employer at U.S. Bureau of Citizenship and Immigr",NA,NA,NA,68,2008-01-01,2007-10-01,"101-500",FALSE,"RC","Yes","UNITED ELECTRICAL, RADIO AND MACHINE WORKERS OF AMERICA (UE)",1,"UE",0.428571428571429,"No",26
"01-RC-022173","Region 01, Boston, Massachusetts","Northrop Grumman Technical Services, Inc.",2007-12-21,2008-02-11,"Saint Albans","VT","A",2008-02-01,107,NA,"UNITED ELECTRICAL, RADIO AND MACHINE WORKERS OF AMERICA, LOCAL 56  (UE)",57,NA,NA,NA,NA,40,97,"N",NA,"N","UNITED ELECTRICAL, RADIO AND MACHINE WORKERS OF AMERICA, LOCAL 56  (UE)","Initial","Single Labor Organization","Certific. of Representative","Closed","All full time and regular part time clerical employees engaged in file maintenance and processing, including general clerks I and general clerks II (subject matter experts), employed by the Employer at the Bureau of Citizenship and Immigration Servic",NA,NA,NA,42,2008-01-01,2007-10-01,"101-500",TRUE,"RC","Yes","UNITED ELECTRICAL, RADIO AND MACHINE WORKERS OF AMERICA, LOCAL 56  (UE)",1,"UE",0.587628865979381,"Yes",10
"01-RC-022174","Region 01, Boston, Massachusetts","Federal Working Group",2007-12-21,2008-02-11,"Saint Albans","VT","A",2008-01-31,20,NA,"UNITED ELECTRICAL, RADIO AND MACHINE WORKERS OF AMERICA (UE)",8,NA,NA,NA,NA,12,20,"N",NA,"N",NA,"Initial","Single Labor Organization","Certification of Results","Closed","All full time and regular part time mailroom employees, including clerk I's and clerk II's, employed by the Employer at the Bureau of Citizenship and Immigration Services service center located in St. Albans, Vermont but excluding all other employees",NA,NA,NA,41,2008-01-01,2007-10-01,"11-25",TRUE,"RC","Yes","UNITED ELECTRICAL, RADIO AND MACHINE WORKERS OF AMERICA (UE)",1,"UE",0.4,"No",0
"01-RC-022172","Region 01, Boston, Massachusetts","Choctaw Archiving Enterprises",2007-12-21,2008-02-11,"Saint Albans","VT","A",2008-01-31,87,NA,"UNITED ELECTRICAL, RADIO AND MACHINE WORKERS OF AMERICA (UE)",51,NA,NA,NA,NA,31,82,"N",NA,"N","UNITED ELECTRICAL, RADIO AND MACHINE WORKERS OF AMERICA (UE)","Initial","Single Labor Organization","Certific. of Representative","Closed","All full time and regular part time clerical employees engaged in file maintenance and processing, including data entry operator I, data entry operator II, general clerk I and general clerk II, employed by the Employer at the Bureau of Citizenship an",NA,NA,NA,41,2008-01-01,2007-10-01,"51-100",TRUE,"RC","Yes","UNITED ELECTRICAL, RADIO AND MACHINE WORKERS OF AMERICA (UE)",1,"UE",0.621951219512195,"Yes",5
NA,NA,NA,NA,NA,NA,NA,NA,NA,NA,NA,NA,NA,NA,NA,NA,NA,NA,NA,NA,NA,NA,NA,NA,NA,NA,NA,NA,NA,NA,NA,NA,NA,NA,NA,NA,NA,NA,NA,NA,NA,NA,NA,NA
NA,NA,NA,NA,NA,NA,NA,NA,NA,NA,NA,NA,NA,NA,NA,NA,NA,NA,NA,NA,NA,NA,NA,NA,NA,NA,NA,NA,NA,NA,NA,NA,NA,NA,NA,NA,NA,NA,NA,NA,NA,NA,NA,NA
"01-RD-002098","Region 01, Boston, Massachusetts","Champlain Vocational Services",2007-04-26,2007-05-22,"Colchester","VT",NA,NA,24,NA,NA,NA,NA,NA,NA,NA,NA,NA,NA,NA,NA,NA,NA,NA,"Dismissal Non-adjusted","Closed",NA,NA,NA,NA,NA,NA,2007-04-01,"11-25",TRUE,"RD","No",NA,0,"Uncoded",NA,"Other",NA
"01-RC-022095","Region 01, Boston, Massachusetts","Committee on Temporary Shelter (Cots)",2007-03-02,2007-04-12,"Burlington","VT","A",2007-04-04,39,NA,"UNITED ELECTRICAL, RADIO AND MACHINE WORKERS OF AMERICA (UE)",17,NA,NA,NA,NA,20,37,"N",1,"N",NA,"Initial","Single Labor Organization","Certification of Results","Closed","All regular full-time, part-time and substitute employees, of the Committee on Temporary Shelter, Inc., employed by the Employer out of all its Burlington, Vermont facilities, but excluding all managers, assistant managers, confidential employees, gu",NA,NA,NA,33,2007-04-01,2007-01-01,"26-50",TRUE,"RC","Yes","UNITED ELECTRICAL, RADIO AND MACHINE WORKERS OF AMERICA (UE)",1,"UE",0.459459459459459,"No",2
NA,NA,NA,NA,NA,NA,NA,NA,NA,NA,NA,NA,NA,NA,NA,NA,NA,NA,NA,NA,NA,NA,NA,NA,NA,NA,NA,NA,NA,NA,NA,NA,NA,NA,NA,NA,NA,NA,NA,NA,NA,NA,NA,NA
NA,NA,NA,NA,NA,NA,NA,NA,NA,NA,NA,NA,NA,NA,NA,NA,NA,NA,NA,NA,NA,NA,NA,NA,NA,NA,NA,NA,NA,NA,NA,NA,NA,NA,NA,NA,NA,NA,NA,NA,NA,NA,NA,NA
NA,NA,NA,NA,NA,NA,NA,NA,NA,NA,NA,NA,NA,NA,NA,NA,NA,NA,NA,NA,NA,NA,NA,NA,NA,NA,NA,NA,NA,NA,NA,NA,NA,NA,NA,NA,NA,NA,NA,NA,NA,NA,NA,NA
"01-RC-022060",NA,"Rescue Inc.",2006-09-29,2006-11-13,"Brattleboro","VT","A",2006-11-02,22,0,"Service Employees International Union Local 5000, a/w International Association of EMT's & Paramedics, a/w National Association of Government Emplyees",10,NA,NA,NA,NA,8,18,"N",1,"N","Service Employees International Union Local 5000, a/w International Association of EMT's & Paramedics, a/w National Association of Government Emplyees","Initial","Single Labor Organization","Certific. of Representative","Closed","All regular full-time and regular per diem (those who work less than 32 hours per week) emloyees employed as emergency medical technicians (basic, intermediate or paramedic) employed by Employer at its Brattleboro and Townsend, Vermont facilities but excluding training instructors, volunteers, office clericals, managers, supervisors, and guards as defined in the Act.",NA,NA,NA,34,2006-10-01,2006-07-01,"11-25",TRUE,"RC","Yes","Service Employees International Union Local 5000, a/w International Association of EMT's & Paramedics, a/w National Association of Government Emplyees",1,"NAGE",0.555555555555556,"Yes",4
NA,NA,NA,NA,NA,NA,NA,NA,NA,NA,NA,NA,NA,NA,NA,NA,NA,NA,NA,NA,NA,NA,NA,NA,NA,NA,NA,NA,NA,NA,NA,NA,NA,NA,NA,NA,NA,NA,NA,NA,NA,NA,NA,NA
NA,NA,NA,NA,NA,NA,NA,NA,NA,NA,NA,NA,NA,NA,NA,NA,NA,NA,NA,NA,NA,NA,NA,NA,NA,NA,NA,NA,NA,NA,NA,NA,NA,NA,NA,NA,NA,NA,NA,NA,NA,NA,NA,NA
NA,NA,NA,NA,NA,NA,NA,NA,NA,NA,NA,NA,NA,NA,NA,NA,NA,NA,NA,NA,NA,NA,NA,NA,NA,NA,NA,NA,NA,NA,NA,NA,NA,NA,NA,NA,NA,NA,NA,NA,NA,NA,NA,NA
NA,NA,NA,NA,NA,NA,NA,NA,NA,NA,NA,NA,NA,NA,NA,NA,NA,NA,NA,NA,NA,NA,NA,NA,NA,NA,NA,NA,NA,NA,NA,NA,NA,NA,NA,NA,NA,NA,NA,NA,NA,NA,NA,NA
"01-RC-021993",NA,"George Weston Bakeries",2006-02-03,2006-04-10,"Ruttland","VT","A",2006-03-27,4,0,"Bakery, Confectionery, Tobacco Workers & Grain Millers, Local 50, AFL-CIO",0,NA,NA,NA,NA,3,3,"N",0,"N",NA,"Initial","Single Labor Organization","Certification of Results","Closed","All full-time and regular part-time retail and shipping employees employed by the Employer at its at Rutland, Vermont facility, but excluding office clerical employees, professional employees, guards, and supervisors as defined in the Act.",NA,NA,NA,52,2006-01-01,2006-01-01,"<5",TRUE,"RC","Yes","Bakery, Confectionery, Tobacco Workers & Grain Millers, Local 50, AFL-CIO",1,"BCTGM",0,"No",1
"01-RC-021984",NA,"Union Institute and University",2006-01-03,2006-03-27,"Montpelier","VT","A",2006-03-16,45,0,"United Professions of Vermont, American Federation of Teachers, AFL-CIO",37,NA,NA,NA,NA,4,41,"N",0,"N","United Professions of Vermont, American Federation of Teachers, AFL-CIO","Initial","Single Labor Organization","Certific. of Representative","Closed","All full-time and regular part-time academic staff and administrative staff employees, including the coordinator of lifelong learning, director of learning support, national marketing director, assistant registrar, administrative directors, administrative assistants, academic support specialists, assistant pursers, assistant directors, assistant librarians, enrollment counselors, financial aid counselors, help desk specialists, information specialists, instructional technologists, lab proctors, learner accounts coordinators, mail room/copy center clerks, office managers, program coordinators, reference librarians, research services electronic librarians, technical services librarians, housing manager, and secretaries employed by the Employer at its Vermont College campus, Montpelier, Vermont, but excluding the Geary Library director, director of instructional technology, facilities supervisor, executive assistant to the provost, admissions director, all managerial employees, confidential employees, custodians, maintenance employees, professionals, guards, and supervisors as defined in the Act.",NA,NA,NA,72,2006-01-01,2006-01-01,"26-50",TRUE,"RC","Yes","United Professions of Vermont, American Federation of Teachers, AFL-CIO",1,"AFT",0.902439024390244,"Yes",4
NA,NA,NA,NA,NA,NA,NA,NA,NA,NA,NA,NA,NA,NA,NA,NA,NA,NA,NA,NA,NA,NA,NA,NA,NA,NA,NA,NA,NA,NA,NA,NA,NA,NA,NA,NA,NA,NA,NA,NA,NA,NA,NA,NA
"01-RC-021967",NA,"Health Care and Rehabilitative Services of Southeastern Vermont",2005-11-10,2005-12-15,"Springfield & others","VT","A",2005-12-06,68,0,"United Nurses and Allied Professionals, AFL-CIO",50,NA,NA,NA,NA,4,54,"N",2,"N","United Nurses and Allied Professionals, AFL-CIO","Initial","Single Labor Organization","Certific. of Representative","Closed","All full time, permanent part time and fee for service clinicians including School Based Clinicians, Registered Nurses, Crisis Response Specialists, CUPs Clinicians, Therapists, Clinical Social Workers, Drug and Alcohol Clinician, Substance Abuse Counselor, Children's Clinician, Access and  Crisis Clinician, but excluding supervisors, managerial employees, confidential employees, guards and all other employees excluded under the Act.",NA,NA,NA,26,2005-10-01,2005-10-01,"51-100",TRUE,"RC","Yes","United Nurses and Allied Professionals, AFL-CIO",1,"UNAP",0.925925925925926,"Yes",14
NA,NA,NA,NA,NA,NA,NA,NA,NA,NA,NA,NA,NA,NA,NA,NA,NA,NA,NA,NA,NA,NA,NA,NA,NA,NA,NA,NA,NA,NA,NA,NA,NA,NA,NA,NA,NA,NA,NA,NA,NA,NA,NA,NA
"01-RD-002070",NA,"Berlin Health & Rehabilitation Center",2005-10-12,2005-11-21,"Berlin","VT","A",2005-11-10,121,0,"United Electrical, Radio & Machine Workers of America, Local 203,  AFL-CIO",48,NA,NA,NA,NA,57,105,"N",3,"N",NA,"Initial","Single Labor Organization","Certification of Results","Closed","All full-time and regular part-time and per diem employees employed in the following classifications at the Employer's facility in Berlin, Vermont:  Licensed Nurse Aide (LNA), restorative nurse aide, geriatric aide, activity aide, day care worker, dietary aide, dietitian aide, ward secretary, central supply clerk, cook, maintenance worker, admissions coordinator, payroll clerk and clerical assistant, but excluding all other employees, technical employees, confidential employees, managers, professional employees, guards and supervisors as defined in the Act.",NA,NA,NA,29,2005-10-01,2005-10-01,"101-500",TRUE,"RD","Yes","United Electrical, Radio & Machine Workers of America, Local 203,  AFL-CIO",1,"UE",0.457142857142857,"No",16
NA,NA,NA,NA,NA,NA,NA,NA,NA,NA,NA,NA,NA,NA,NA,NA,NA,NA,NA,NA,NA,NA,NA,NA,NA,NA,NA,NA,NA,NA,NA,NA,NA,NA,NA,NA,NA,NA,NA,NA,NA,NA,NA,NA
NA,NA,NA,NA,NA,NA,NA,NA,NA,NA,NA,NA,NA,NA,NA,NA,NA,NA,NA,NA,NA,NA,NA,NA,NA,NA,NA,NA,NA,NA,NA,NA,NA,NA,NA,NA,NA,NA,NA,NA,NA,NA,NA,NA
NA,NA,NA,NA,NA,NA,NA,NA,NA,NA,NA,NA,NA,NA,NA,NA,NA,NA,NA,NA,NA,NA,NA,NA,NA,NA,NA,NA,NA,NA,NA,NA,NA,NA,NA,NA,NA,NA,NA,NA,NA,NA,NA,NA
"01-RD-002055",NA,"Isovolta Inc.",2004-12-13,2005-01-25,"Rutland","VT","A",2005-01-13,24,0,"United Steelworkers of America, Amalgamated Local #4, AFL-CIO",11,NA,NA,NA,NA,10,21,"N",0,"N","United Steelworkers of America, Amalgamated Local #4, AFL-CIO","Initial","Single Labor Organization","Certific. of Representative","Closed","All full-time and regular part-time production and maintenance employees and shipping and receiving employees employed by the Employer at its Windcrest Road, Rutland, Vermont facility but excluding all other employees, office clerical employees, guards and supervisors as defined in the Act.",NA,NA,NA,31,2005-01-01,2004-10-01,"11-25",TRUE,"RD","Yes","United Steelworkers of America, Amalgamated Local #4, AFL-CIO",1,"USW",0.523809523809524,"Yes",3
"01-RC-021847",NA,"Vermont Telephone Company, Inc.",2004-11-15,2004-12-13,"Springfield","VT","A",2004-12-02,4,0,"International Brotherhood of Electrical Workers, Local 2326, AFL-CIO",3,NA,NA,NA,NA,1,4,"N",0,"N","International Brotherhood of Electrical Workers, Local 2326, AFL-CIO","Initial","Single Labor Organization","Certific. of Representative","Closed","All internet support technicians employed by the Employer at its facility at 354 River Street, Springfield, Vermont; but excluding all other employees, confidential employees, office clerical employees, professional employees, guards, managers and supervisors as defined in the National Labor Relations Act, as amended.",NA,NA,NA,17,2004-10-01,2004-10-01,"<5",TRUE,"RC","Yes","International Brotherhood of Electrical Workers, Local 2326, AFL-CIO",1,"IBEW",0.75,"Yes",0
"01-RD-002053",NA,"Solo Cup Company",2004-11-05,2004-12-28,"St. Albans","VT","A",2004-12-16,135,0,"Paper, Allied-Industrial, Chemical & Energy Workers International Union, Local #01-345, AFL-CIO",92,NA,NA,NA,NA,31,123,"N",0,"N","Paper, Allied-Industrial, Chemical & Energy Workers International Union, Local #01-345, AFL-CIO","Initial","Single Labor Organization","Certific. of Representative","Closed","All full-time and regular part-time production and maintenance employees, including lead persons, and shipping and receiving employees employed by the Employer at its 15 Lower Newton Street, St. Albans, Vermont facility, but excluding office clerical employees, professional employees, managerial employees,  guards and supervisors as defined in the Act",NA,NA,NA,41,2004-10-01,2004-10-01,"101-500",TRUE,"RD","Yes","Paper, Allied-Industrial, Chemical & Energy Workers International Union, Local #01-345, AFL-CIO",0,"Uncoded",0.747967479674797,"Yes",12
"01-RC-021824",NA,"Air Gas East, Inc.",2004-09-22,2004-11-08,"Williston","VT","A",2004-10-28,3,0,"International Brotherhood of Teamsters Local 597, AFL-CIO",3,NA,NA,NA,NA,0,3,"N",0,"N","International Brotherhood of Teamsters Local 597, AFL-CIO","Initial","Single Labor Organization","Certific. of Representative","Closed","All full-time and regular part-time drivers and counter sales/drivers employed by the Employer at its facility located in Williston, Vermont, but excluding all other employees, office clerical employees, watchmen, managerial employees,  guards and supervisors as defined in the Act.",NA,NA,NA,36,2004-10-01,2004-07-01,"<5",TRUE,"RC","Yes","International Brotherhood of Teamsters Local 597, AFL-CIO",1,"Teamsters",1,"Yes",0
"01-RC-021789",NA,"Loomis Fargo & Co.",2004-06-22,2004-08-12,"Williston","VT","A",2004-08-03,16,0,"International Union, Security, Police and Fire Professionals of America (SPFPA)",11,NA,NA,NA,NA,2,13,"N",3,"N","International Union, Security, Police and Fire Professionals of America (SPFPA)","Initial","Single Labor Organization","Certific. of Representative","Closed","All full time and regular part time driver guards and messenger guards performing guard duties as defined in Section 9(b)(3) of the National Labor Relations Act, as amended, employed by Loomis, Fargo & Co. at its facility located at 446 Avenue D, Williston, Vermont, but excluding all other employees, office clerical employees, money room tellers, professional employees, and supervisors as defined in the Act.",NA,NA,NA,42,2004-07-01,2004-04-01,"11-25",TRUE,"RC","Yes","International Union, Security, Police and Fire Professionals of America (SPFPA)",1,"SPFPA",0.846153846153846,"Yes",3
"01-RC-021773",NA,"Franklin Foods, Inc.",2004-05-11,2004-07-07,"Enosburg Falls","VT","A",2004-06-18,57,0,"International Brotherhood of Teamsters Local #597, AFL-CIO",22,NA,NA,NA,NA,30,52,"N",0,"N",NA,"Initial","Single Labor Organization","Certification of Results","Closed","All full time and regular part time production and maintenance employees, shipping/receiving employees, laboratory employees and distribution coordinators employed by the Employer at its facility in Enosburg Falls, Vermont, but excluding customer service representatives, all office clerical employees, professional employees, sales employees, managerial employees, guards and supervisors as defined in the Act.",NA,NA,NA,38,2004-04-01,2004-04-01,"51-100",TRUE,"RC","Yes","International Brotherhood of Teamsters Local #597, AFL-CIO",1,"Teamsters",0.423076923076923,"No",5
"01-RC-021742",NA,"Youth Services",2004-02-27,2004-04-23,"Brattleboro","VT","A",2004-04-08,19,0,"United Nurses and Allied Professionals",14,NA,NA,NA,NA,5,19,"N",0,"N","United Nurses and Allied Professionals","Initial","Single Labor Organization","Certific. of Representative","Closed","All full time and regular part time employees in the following classifications:   Big Brothers Big Sisters (BBBS) case manager, diversion program case worker, family emergency response coordinator, juvenile restitution coordinator, outreach coordinator,  transitional services coordinator, Intensive Family-Based Services counselo, outpatient counselor, student assistance program counselor, street tracker,bookkeeper, receptionist, but excluding all other employees, casual employees, confidential employees, managers, guards, and supervisors as defined in the National Labor Relations Act.",NA,NA,NA,41,2004-04-01,2004-01-01,"11-25",TRUE,"RC","Yes","United Nurses and Allied Professionals",1,"UNAP",0.736842105263158,"Yes",0
"01-RD-002032",NA,"Adelphia Cable",2004-02-17,2004-04-26,"Rutland","VT","A",2004-04-13,14,0,"Communication Workers of America Local 1298, AFL-CIO",0,NA,NA,NA,NA,12,12,"N",0,"N",NA,"Initial","Single Labor Organization","Certification of Results","Closed","All full-time and regular part-time service technicians, maintenance technicians, and head-end technician employed by the Employer at its Rutland, Vermont, facility, but excluding all other employees, the warehouse employees, construction coordinator, office clerical employees, customer service employees, confidential employees, managerial employees, guards and supervisors as defined in the Act.",NA,NA,NA,56,2004-04-01,2004-01-01,"11-25",TRUE,"RD","Yes","Communication Workers of America Local 1298, AFL-CIO",1,"CWA",0,"No",2
NA,NA,NA,NA,NA,NA,NA,NA,NA,NA,NA,NA,NA,NA,NA,NA,NA,NA,NA,NA,NA,NA,NA,NA,NA,NA,NA,NA,NA,NA,NA,NA,NA,NA,NA,NA,NA,NA,NA,NA,NA,NA,NA,NA
NA,NA,NA,NA,NA,NA,NA,NA,NA,NA,NA,NA,NA,NA,NA,NA,NA,NA,NA,NA,NA,NA,NA,NA,NA,NA,NA,NA,NA,NA,NA,NA,NA,NA,NA,NA,NA,NA,NA,NA,NA,NA,NA,NA
"01-RC-021678",NA,"St. Albans Cooperative Creamery Inc.",2003-09-15,2003-10-27,"St. Albans","VT","A",2003-10-15,7,0,"International Brotherhood of Teamsters Local 597, AFL-CIO",7,NA,NA,NA,NA,0,7,"N",0,"N","International Brotherhood of Teamsters Local 597, AFL-CIO","Initial","Single Labor Organization","Certific. of Representative","Closed","All full-time and regular part-time laboratory technicians employed by the Employer at its 140 Federal Street, St. Albans, Vermont facility, but excluding office clerical employees, managerial employees, those employees, currently represented by Teamsters, Local 597, confidential employees, casual employees, guards and supervisors as defined in the Act.",NA,NA,NA,30,2003-10-01,2003-07-01,"6-10",TRUE,"RC","Yes","International Brotherhood of Teamsters Local 597, AFL-CIO",1,"Teamsters",1,"Yes",0
NA,NA,NA,NA,NA,NA,NA,NA,NA,NA,NA,NA,NA,NA,NA,NA,NA,NA,NA,NA,NA,NA,NA,NA,NA,NA,NA,NA,NA,NA,NA,NA,NA,NA,NA,NA,NA,NA,NA,NA,NA,NA,NA,NA
"01-RC-021659",NA,"Fletcher Allen Health Care",2003-07-10,2003-08-29,"various","VT","A",2003-08-13,153,0,"Vermont Federation of Nurses and Health Professionals, AFT, AFL-CIO",86,NA,NA,NA,NA,46,132,"N",1,"N","Vermont Federation of Nurses and Health Professionals, AFT, AFL-CIO","Initial","Single Labor Organization","Certific. of Representative","Closed","All full-time and regular part time and per diem Licensed Practiracl Nurses (LPNs) who  worked an average of four (4) hours per week in the thirteen week period prior to the eligibility date for election, including LPN I, LPN II, Dialysis LPN II, Dialysis LPN III, Precertification Specialist, Ambulatroy Licensed Nursed KK, Ambulatory Licensed Nurse III, Cath Lab Specialist LPN, and Senior Cath Lab Specialist LPN employed by the Employer at its facilities located in the State of Vermont at the medical Center Campus, 111 Colchester Avenue, Burlington; University Health Center, 1 South Prospect Street, Burlington; Fanny Allen Campus, 790 College Parkway, Colchester; Colchester Family Practies, 883 Blakely Road, Colchester; Given Health Care Center at the Brickyard, 87 Main Street, Essex Junction; Milton Family Praactice, 28 Center Drive, Milton; FAHC Cardiology, 366 Dorset Street, South Burlington; Given Health Care Center, 310 Pine Street, Burlington; Spine Institute of New England, 158 Hurricane lane, Williston; Given Health Care Center, 353 Blair Park Road, Williston; Aesclapius, 1 Timber Lane, South Burlington; Urology, 1775 Williston Road, South Burlington; South Burlington  Family Practice, 1775 Williston Road, South Burlington; Berlin Family Practice, 130 Fisher road, Berlin; Medical Office Building, 792 College Parkway, Colchester; Otolaryhngology, 130 Fisher Road, Berlin;  and McAuley Hall, Trinity Campus, Burlington; but excluding all other employees, confidential employees, casual employees, guards and supervisors as defined in the Act.",NA,NA,NA,34,2003-07-01,2003-07-01,"101-500",TRUE,"RC","Yes","Vermont Federation of Nurses and Health Professionals, AFT, AFL-CIO",1,"AFT",0.651515151515151,"Yes",21
"01-RC-021639",NA,"Brattleboro Reformer/Town Crier",2003-05-22,2003-07-07,"Brattleboro","VT","A",2003-06-26,34,0,"Paper, Allied-Industrial, Chemical and Energy Workers International Union, AFL-CIO (PACE)",10,NA,NA,NA,NA,21,31,"N",2,"N",NA,"Initial","Single Labor Organization","Certification of Results","Closed","All full-time employees employed by the Employer at the Brattleboro, Vermont facility in the Display Advertising Department, Classified Advertising Department, Business Office, Newsroom, Composing Department, CirculationDepartment, Parts Finder and Town Crier Department,  but excluding all other employees, independent contractors, confidential employees, managerial employees and guards and supervisors as defined in the Act.",NA,NA,NA,35,2003-04-01,2003-04-01,"26-50",TRUE,"RC","Yes","Paper, Allied-Industrial, Chemical and Energy Workers International Union, AFL-CIO (PACE)",1,"USW",0.32258064516129,"No",3
"01-RC-021615",NA,"SEI Technology, Inc.",2003-03-17,2003-05-14,"St. Albans","VT","A",2003-05-01,393,2,"American Federation of State, County and Municipal Employees, Council 93",115,NA,NA,NA,NA,267,382,"N",0,"N",NA,"Initial","Single Labor Organization","Certification of Results","Closed","All full-time and regular part-time clerk I employees and clerk II employees engaged in file maintenance and processing employed by the joint Employer at the Bureau of Citizenship and Immigration Services St. Albans, Vermont service center, but excluding temporary employees, quality control employees, administrative assistants, professional employees, managerial employees, guards and supervisors as defined in the Act.",NA,NA,NA,45,2003-04-01,2003-01-01,"101-500",TRUE,"RC","Yes","American Federation of State, County and Municipal Employees, Council 93",1,"AFSCME",0.301047120418848,"No",11
"01-RC-021616",NA,"Datatrac Information Services, Inc.",2003-03-17,2003-05-14,"St. Albans","VT","A",2003-05-01,393,2,"American Federation of State, County and Municipal Employees, Council 93",115,NA,NA,NA,NA,267,282,"N",0,"N",NA,"Initial","Single Labor Organization","Certification of Results","Closed","All full-time and regular part-time clerk I employees and clerk II employees engaged in file maintenance and processing employed by the Joint Employer at the Bureau of Citzenship and Immigration Services St. Albans, Vermont Service Center, but excluding temporary employees, quality control employees, administrative assistants, professional employees, managerial employees, guards and supervisors as defined in the Act.",NA,NA,NA,45,2003-04-01,2003-01-01,"101-500",TRUE,"RC","Yes","American Federation of State, County and Municipal Employees, Council 93",1,"AFSCME",0.301047120418848,"No",11
"01-RD-001994",NA,"Berlin Health & Rehabilitation Ctr.",2002-10-15,2002-12-04,"Barre","VT","A",2002-11-21,94,0,"United Electrical, Radio & Machine Workers of America, AFL-CIO",45,NA,NA,NA,NA,41,86,"N",2,"N","United Electrical, Radio & Machine Workers of America, AFL-CIO","Initial","Single Labor Organization","Certific. of Representative","Closed","All full time, regular part time, and per diem employees employed in the following classifications at the Employer's facility in Barre, Vermont:  Licensed Nurse Aide (LNA), restorative nurse aide, geriatric aide, activity aide, day care worker, dietary aide, dietitian aide, ward secretary, central supply clerk, cook, maintenance worker, admissions coordinator, payroll clerk and clerical assistant, but excluding all other employees, technical employees, confidential employees, managers, professional employees, guards and supervisors as defined in the National Labor Relations Act, as amended.",NA,NA,NA,37,2002-10-01,2002-10-01,"51-100",TRUE,"RD","Yes","United Electrical, Radio & Machine Workers of America, AFL-CIO",1,"UE",0.523255813953488,"Yes",8
NA,NA,NA,NA,NA,NA,NA,NA,NA,NA,NA,NA,NA,NA,NA,NA,NA,NA,NA,NA,NA,NA,NA,NA,NA,NA,NA,NA,NA,NA,NA,NA,NA,NA,NA,NA,NA,NA,NA,NA,NA,NA,NA,NA
NA,NA,NA,NA,NA,NA,NA,NA,NA,NA,NA,NA,NA,NA,NA,NA,NA,NA,NA,NA,NA,NA,NA,NA,NA,NA,NA,NA,NA,NA,NA,NA,NA,NA,NA,NA,NA,NA,NA,NA,NA,NA,NA,NA
"01-RC-021562",NA,"Franklin Foods",2002-10-08,2002-12-04,"Enosburg Falls","VT","A",2002-11-22,58,0,"International Brotherhood of Teamsters Local #597, AFL-CIO",10,NA,NA,NA,NA,42,52,"N",0,"N",NA,"Initial","Single Labor Organization","Certification of Results","Closed","All full time and regular part-time production and maintenance, shipping/receiving and laboratory employees employed by the Employer at its Enosburg Falls, Vermont facility, but excluding all office clerical employees, professional employees, sales employees, managerial employees, guards and supervisors, as defined in the Act.",NA,NA,NA,45,2002-10-01,2002-10-01,"51-100",TRUE,"RC","Yes","International Brotherhood of Teamsters Local #597, AFL-CIO",1,"Teamsters",0.192307692307692,"No",6
"01-RM-001257",NA,"Kaytec, Inc.",2002-08-30,2002-11-22,"Richford","VT","A",2002-11-14,42,0,"International Brotherhood of Teamsters Local 597, AFL-CIO",19,NA,NA,NA,NA,14,33,"N",0,"N","International Brotherhood of Teamsters Local 597, AFL-CIO","Initial","Single Labor Organization","Certific. of Representative","Closed","All full-time and regular part-time production and maintenance employees including, blending employees, operators, packers, shipping and receiving employees, grinders, stockroom employees, quality control employees, truck drivers employed at the Employer's Richfort, Vermont facility, but excluding all other employees, office and clerical employees. leadhands, Q.C. Manager, managers, guards and supervisors as defined in the Act.",NA,NA,NA,76,2002-10-01,2002-07-01,"26-50",TRUE,"RM","Yes","International Brotherhood of Teamsters Local 597, AFL-CIO",1,"Teamsters",0.575757575757576,"Yes",9
"01-RC-021545",NA,"Fletcher Allen Health Care",2002-08-16,2002-10-15,"various","VT","A",2002-10-03,1119,0,"Vermont Federation of Nurses and Health Professionals, UPV/AFT, AFL-CIO",672,NA,NA,NA,NA,345,1017,"N",46,"N","Vermont Federation of Nurses and Health Professionals, UPV/AFT, AFL-CIO","Initial","Single Labor Organization","Certific. of Representative","Closed","AS PER ATTACHMENT",NA,NA,NA,48,2002-10-01,2002-07-01,"500>",TRUE,"RC","Yes","Vermont Federation of Nurses and Health Professionals, UPV/AFT, AFL-CIO",1,"AFT",0.660766961651917,"Yes",102
"01-RC-021541",NA,"Adelphia Communications",2002-08-09,2002-09-30,"Rutland","VT","A",2002-09-20,15,0,"Communications Workers of America, AFL-CIO",12,NA,NA,NA,NA,3,15,"N",0,"N","Communications Workers of America, AFL-CIO","Initial","Single Labor Organization","Certific. of Representative","Closed","All full-time and regular part-time service technicians, maintenance technicians, and head-end technician employed by the Employer at its Rutland, Vermont, facility, but excluding all other employees, the warehouse employees, construction coordinator, office clerical employees, customer service employees, confidential employees, managerial employees, guards and supervisors as defined in the Act.",NA,NA,NA,42,2002-07-01,2002-07-01,"11-25",TRUE,"RC","Yes","Communications Workers of America, AFL-CIO",1,"CWA",0.8,"Yes",0
"01-RC-021519",NA,"Brattleboro Memorial Hospital",2002-06-24,2002-08-13,"Brattleboro","VT","A",2002-08-01,25,0,"United Professions of Vermont/Vermont Federation of Nurses and Health Professionals, a/w American Federation of Teachers, AFL-CIO",14,NA,NA,NA,NA,2,16,"N",5,"N","United Professions of Vermont/Vermont Federation of Nurses and Health Professionals, a/w American Federation of Teachers, AFL-CIO","Initial","Single Labor Organization","Certific. of Representative","Closed","All full-time, regular part-time and per diem (who had worked an average of 4 or more hours per week during the 13  week payroll quarter immediately preceding the eligibility date), licensed practical nurses employed by the Employer at its Brattleboro, Vermont facility, but excluding all other employees, managers, guards and supervisors as defined by the Act.",NA,NA,NA,38,2002-07-01,2002-04-01,"11-25",TRUE,"RC","Yes","United Professions of Vermont/Vermont Federation of Nurses and Health Professionals, a/w American Federation of Teachers, AFL-CIO",1,"AFT",0.875,"Yes",9
"01-RC-021491",NA,"Crane Logistics Inc.",2002-03-28,2002-05-22,"Williston","VT","A",2002-05-13,34,0,"International Brotherhood of Teamsters Local 597, AFL-CIO",9,NA,NA,NA,NA,15,24,"N",0,"N",NA,"Initial","Single Labor Organization","Certification of Results","Closed","All full time and regular part time dockmen, drivers, airport delivery and pick-up employees, and warehouse employees employed by the Employer at its 391 Boyer Circle, Williston, Vermont facility but excluding office clerical employees, managerial employees, guards and supervisors as defined in the Act.",NA,NA,NA,46,2002-04-01,2002-01-01,"26-50",TRUE,"RC","Yes","International Brotherhood of Teamsters Local 597, AFL-CIO",1,"Teamsters",0.375,"No",10
NA,NA,NA,NA,NA,NA,NA,NA,NA,NA,NA,NA,NA,NA,NA,NA,NA,NA,NA,NA,NA,NA,NA,NA,NA,NA,NA,NA,NA,NA,NA,NA,NA,NA,NA,NA,NA,NA,NA,NA,NA,NA,NA,NA
NA,NA,NA,NA,NA,NA,NA,NA,NA,NA,NA,NA,NA,NA,NA,NA,NA,NA,NA,NA,NA,NA,NA,NA,NA,NA,NA,NA,NA,NA,NA,NA,NA,NA,NA,NA,NA,NA,NA,NA,NA,NA,NA,NA
"01-RC-021455",NA,"Brattleboro Retreat",2001-12-19,2002-03-28,"Brattleboro","VT","A",2002-03-15,215,1,"United Nurses and Allied Professionals",109,NA,NA,NA,NA,75,184,"N",8,"N","United Nurses and Allied Professionals","Initial","Single Labor Organization","Certific. of Representative","Closed","All full-time, regular part-time and per diem nonprofessional employees employed by the Employer at its Brattleboro, Vermont facility, including charge mental health workers with no subordinates and power plant technicians who do not serve as guards, but excluding the senior data analyst, SNAPs, professional employees, managerial employees, confidential employees, guards, and supervisors as defined in the Act.",NA,NA,NA,86,2002-01-01,2001-10-01,"101-500",TRUE,"RC","Yes","United Nurses and Allied Professionals",1,"UNAP",0.592391304347826,"Yes",31
"01-RC-021419",NA,"Baker Commodities Inc. Corenco Division",2001-09-14,2001-10-25,"Williston","VT","A",2001-10-17,5,0,"International Brotherhood of Teamsters Local #597, AFL-CIO",3,NA,NA,NA,NA,1,4,"N",0,"N","International Brotherhood of Teamsters Local #597, AFL-CIO","Initial","Single Labor Organization","Certific. of Representative","Closed","All full-time and regular part-time truck drivers, route drivers, laborers and warehousemen employed by the Employer at its Williston, Vermont facility, but excluding all other employees, office clerical employees, professional employees, managerial employees, guards and supervisors as defined in the Act.",NA,NA,NA,33,2001-10-01,2001-07-01,"<5",TRUE,"RC","Yes","International Brotherhood of Teamsters Local #597, AFL-CIO",1,"Teamsters",0.75,"Yes",1
"01-RC-021366",NA,"Adelphia Communications Corp.",2001-05-02,2001-10-30,"Rutland","VT","A",2001-06-29,12,0,"International Brotherhood of Electrical Workers, AFL-CIO",0,NA,NA,NA,NA,10,11,"N",1,"N",NA,"Initial","Single Labor Organization","Withdrawal","Closed",NA,NA,NA,NA,58,2001-04-01,2001-04-01,"11-25",TRUE,"RC","Yes","International Brotherhood of Electrical Workers, AFL-CIO",1,"IBEW",0,"Other",2
"01-RC-021339",NA,"Velan Valve Corporation",2001-04-10,2001-06-04,"Willison","VT","A",2001-05-23,9,0,"International Association of Machinists and Aerospace Workers, District Lodge 99, Local Lodge 2709",7,NA,NA,NA,NA,0,7,"N",1,"N","International Association of Machinists and Aerospace Workers, District Lodge 99, Local Lodge 2709","Initial","Single Labor Organization","Certific. of Representative","Closed","All full-time and regular part-time temporary production and maintenance employees, including temporary shipping and receiving employees, temporary inspection employer, and temporary raw material handlers employed by the Employer at its Williston, Vermont locations, but excluding all office clerical employees, professional employees, guards, and supervisors as defined in the Act.",NA,NA,NA,43,2001-04-01,2001-04-01,"6-10",TRUE,"RC","Yes","International Association of Machinists and Aerospace Workers, District Lodge 99, Local Lodge 2709",1,"IAM",1,"Yes",2
"01-RC-021333",NA,"Central Vermont Public Service Corp.",2001-03-19,2001-05-10,"Rutland","VT","A",2001-04-30,4,0,"International Brotherhood of Electrical Workers, Local 300, AFL-CIO",1,NA,NA,NA,NA,3,4,"N",0,"N",NA,"Initial","Single Labor Organization","Certification of Results","Closed","All full-time and regular part-time maintenance/facility technicians employed by the Employer at its Rutland, Vermont location, but excluding all other employees, office clerical employees, managerial employees, guards and supervisors as defined in the Act.",NA,NA,NA,42,2001-04-01,2001-01-01,"<5",TRUE,"RC","Yes","International Brotherhood of Electrical Workers, Local 300, AFL-CIO",1,"IBEW",0.25,"No",0
"01-RC-021324",NA,"Cedar Ridge Sprinkler",2001-02-27,2001-04-20,"Essex Junction","VT","A",2001-04-10,4,0,"Sprinkler Fitters Local Union 669, District 20, a/w United Association of Plumbers & Pipefitters",3,NA,NA,NA,NA,1,4,"N",0,"N","Sprinkler Fitters Local Union 669, District 20, a/w United Association of Plumbers & Pipefitters","Initial","Single Labor Organization","Certific. of Representative","Closed","All full time and regular part-time journeyman and apprectice installers employed by the Employer at its
 97 Center Street, Essex Junction, Vermont locations, but excluding all other employes, office clerical employees, professional employees, managerial employees, guards, and supervisors as defined in the Act.",NA,NA,NA,42,2001-04-01,2001-01-01,"<5",TRUE,"RC","Yes","Sprinkler Fitters Local Union 669, District 20, a/w United Association of Plumbers & Pipefitters",1,"UA",0.75,"Yes",0
"01-RC-021298",NA,"American Ski Corp. d/b/a Killington Limited",2001-01-12,2001-03-15,"Killington","VT","A",2001-03-01,33,0,"District 2A, Transportation Technical Warehouse Industrial",20,NA,NA,NA,NA,11,31,"N",1,"N","District 2A, Transportation Technical Warehouse Industrial","Initial","Single Labor Organization","Certific. of Representative","Closed","All full-time and regular part-time ski patrollers and hill chiefs employed by the Employer at its Killington and  Pico ski areas, but excluding all other employees, office clerical employees, confidential employees, dispatchers, nurses, volumteers, managerial employees, guards and supervisors as defined by the Act.",NA,NA,NA,48,2001-01-01,2001-01-01,"26-50",TRUE,"RC","Yes","District 2A, Transportation Technical Warehouse Industrial",0,"Uncoded",0.645161290322581,"Yes",2
"01-RD-001957",NA,"Suburban Propane",2000-12-14,2001-01-23,"Brattleboro","VT","A",2001-01-16,9,0,"Oil, Chemical & Atomic Workers International Union PACE International Union Local 8-366, AFL-CIO",4,NA,NA,NA,NA,5,9,"N",0,"N",NA,"Initial","Single Labor Organization","Certification of Results","Closed",NA,"All full time and regular part-time Delivery Employees, Station employees, Installation employees and Service employees employed by the employer at its Brattleboro, Vermont district but excluding office clerical employees, dispatchers, professional employees, Sales people, guards and supervisors as defined in the NLRA as amended and all other employees",NA,NA,33,2001-01-01,2000-10-01,"6-10",TRUE,"RD","Yes","Oil, Chemical & Atomic Workers International Union PACE International Union Local 8-366, AFL-CIO",1,"USW",0.444444444444444,"No",0
"01-RC-021268",NA,"Crowley Foods",2000-10-19,2000-12-12,"Bennington","VT","A",2000-11-29,7,0,"International Brotherhood of Teamsters, Local 669, AFL-CIO",3,NA,NA,NA,NA,4,7,"N",0,"N",NA,"Initial","Single Labor Organization","Certification of Results","Closed",NA,NA,NA,NA,41,2000-10-01,2000-10-01,"6-10",TRUE,"RC","Yes","International Brotherhood of Teamsters, Local 669, AFL-CIO",1,"Teamsters",0.428571428571429,"No",0
NA,NA,NA,NA,NA,NA,NA,NA,NA,NA,NA,NA,NA,NA,NA,NA,NA,NA,NA,NA,NA,NA,NA,NA,NA,NA,NA,NA,NA,NA,NA,NA,NA,NA,NA,NA,NA,NA,NA,NA,NA,NA,NA,NA
NA,NA,NA,NA,NA,NA,NA,NA,NA,NA,NA,NA,NA,NA,NA,NA,NA,NA,NA,NA,NA,NA,NA,NA,NA,NA,NA,NA,NA,NA,NA,NA,NA,NA,NA,NA,NA,NA,NA,NA,NA,NA,NA,NA
"01-RC-021220",NA,"Heritage Flight Services",2000-07-31,2000-09-25,"South Burlington","VT","A",2000-09-13,15,0,"International Association of Machinists and Aerospace Workers, AFL-CIO",7,NA,NA,NA,NA,4,11,"N",2,"N","International Association of Machinists and Aerospace Workers, AFL-CIO","Initial","Single Labor Organization","Certific. of Representative","Closed","All full time and regular part time service employees and ground equipment mehanics employed by the Employer at both of its locations at the Burlington International Airport, Burlington, Vermont, but excludig aviation mechanics, office clerical employees, professional employees, managerial employees, confidential employees, guards and supervisors as defined in the Act.",NA,NA,NA,44,2000-07-01,2000-07-01,"11-25",TRUE,"RC","Yes","International Association of Machinists and Aerospace Workers, AFL-CIO",1,"IAM",0.636363636363636,"Yes",4
"01-RC-021209",NA,"Berlin Health & Rehabilitation Center",2000-06-27,2000-08-22,"Berlin","VT","A",2000-08-10,106,0,"United Electrical, Radio & Machine Workers of America (UE)",54,NA,NA,NA,NA,46,100,"N",4,"N","United Electrical, Radio & Machine Workers of America (UE)","Initial","Single Labor Organization","Certific. of Representative","Closed","All full time and regular part tme and per diem employes employed in the following classifications at the Employer's facility in Berlin, Vermont:  Licensed Nurse Aide (LNA), Restorative nurse aide, Geriatric aide, activity aide, day care worker, dietary aide, dietitian aide, ward secretary, central supply clerk, cook, maintenance worker, admissions coordinator, payroll clerk and clerical assistant; excluding all other employees, technical employees, confidential employees, managers, guards and professional employees and supervisors as defined in the National Labor Relations Act, as amended.",NA,NA,NA,44,2000-07-01,2000-04-01,"101-500",TRUE,"RC","Yes","United Electrical, Radio & Machine Workers of America (UE)",1,"UE",0.54,"Yes",6
"01-RC-021175",NA,"Cote Contractors, Inc.",2000-04-18,2000-06-05,"Willliston","VT","A",2000-05-25,13,0,"Iron Workers Local 474",3,NA,NA,NA,NA,9,12,"N",0,"N",NA,"Initial","Single Labor Organization","Certification of Results","Closed","All full-time and regular part-time employees engaged in the construction Industry seel erection employed  by the Employer in the New England area, But excluding all crane Operators, all shop employees, all
managers, all office clerical employees, all foremen, alll guards, all supervisors as defined in the Act and
all other employees.",NA,NA,NA,37,2000-04-01,2000-04-01,"11-25",TRUE,"RC","Yes","Iron Workers Local 474",1,"Ironworkers",0.25,"No",1
NA,NA,NA,NA,NA,NA,NA,NA,NA,NA,NA,NA,NA,NA,NA,NA,NA,NA,NA,NA,NA,NA,NA,NA,NA,NA,NA,NA,NA,NA,NA,NA,NA,NA,NA,NA,NA,NA,NA,NA,NA,NA,NA,NA
NA,NA,NA,NA,NA,NA,NA,NA,NA,NA,NA,NA,NA,NA,NA,NA,NA,NA,NA,NA,NA,NA,NA,NA,NA,NA,NA,NA,NA,NA,NA,NA,NA,NA,NA,NA,NA,NA,NA,NA,NA,NA,NA,NA
"01-RC-021165",NA,"Bogner of America",2000-03-24,2000-05-16,"Newport","VT","A",2000-05-05,101,0,"International Association of Machinists and Aerospace Workers, AFL-CIO",43,NA,NA,NA,NA,58,101,"N",0,"N",NA,"Initial","Single Labor Organization","Certification of Results","Closed","All full time and regular part time production and maintenance employees, inspection employees, warehouse employees, lead persons, purchasing clerks and customer service representatives employed by the employer at its Newport, VT, facility but excluding all other employees, office clerical employees,
managerial employees, guards and supervisors as defined in the Act.",NA,NA,NA,42,2000-04-01,2000-01-01,"101-500",TRUE,"RC","Yes","International Association of Machinists and Aerospace Workers, AFL-CIO",1,"IAM",0.425742574257426,"No",0
NA,NA,NA,NA,NA,NA,NA,NA,NA,NA,NA,NA,NA,NA,NA,NA,NA,NA,NA,NA,NA,NA,NA,NA,NA,NA,NA,NA,NA,NA,NA,NA,NA,NA,NA,NA,NA,NA,NA,NA,NA,NA,NA,NA
NA,NA,NA,NA,NA,NA,NA,NA,NA,NA,NA,NA,NA,NA,NA,NA,NA,NA,NA,NA,NA,NA,NA,NA,NA,NA,NA,NA,NA,NA,NA,NA,NA,NA,NA,NA,NA,NA,NA,NA,NA,NA,NA,NA
"01-RC-021135",NA,"Ethan Allen",2000-01-24,2000-05-25,"Orleans","VT","A",2000-03-31,510,2,"United Steelworkers of America, AFL-CIO, CLC",212,NA,NA,NA,NA,271,483,"N",8,"N",NA,"Initial","Single Labor Organization","Certification of Results","Closed",NA,NA,NA,NA,67,2000-01-01,2000-01-01,"500>",TRUE,"RC","Yes","United Steelworkers of America, AFL-CIO, CLC",1,"USW",0.438923395445135,"No",27
"01-RC-021084",NA,"S.B. Electronics, Inc.",1999-09-20,1999-11-22,"Barre","VT","A",1999-11-11,52,0,"International Brotherhood of Electrical Workers, Local 300, AFL-CIO",14,NA,NA,NA,NA,34,48,"N",3,"N",NA,"Initial","Single Labor Organization","Certification of Results","Closed","All full-time and regular part-time (employees who worked an average of four hours per week in the thirteen week period prior to the date for the election) Production and maintenance employees, including inspectors, (non professional) engineers and engineering technician employed by the employer at its 131 South Main Street, Barre, Vermont facility, but excluding information technician, customer service employee, inside sales employee, technical sales employee, accounts receivable employee, managerial employees, confidentail employees, casual employees, guards and supervisors as defined in the Act.",NA,NA,NA,52,1999-10-01,1999-07-01,"51-100",TRUE,"RC","Yes","International Brotherhood of Electrical Workers, Local 300, AFL-CIO",1,"IBEW",0.291666666666667,"No",4
"01-RC-021046",NA,"Cedar Ridge Sprinkler",1999-08-02,1999-09-16,"Essex Junction","VT","A",1999-09-07,6,0,"Road Sprinkler Fitters, Local Union 669,",2,NA,NA,NA,NA,2,4,"N",0,"N",NA,"Initial","Single Labor Organization","Certification of Results","Closed",NA,NA,NA,NA,36,1999-07-01,1999-07-01,"6-10",TRUE,"RC","Yes","Road Sprinkler Fitters, Local Union 669,",1,"UA",0.5,"No",2
"01-RD-001917",NA,"Rutland Regional Health Services",1999-06-15,1999-07-26,"Rutland","VT","A",1999-07-15,318,0,"Office & Professional Employees Internat",160,NA,NA,NA,NA,124,284,"N",12,"N","Office & Professional Employees Internat","Initial","Single Labor Organization","Certific. of Representative","Closed",NA,NA,NA,NA,30,1999-07-01,1999-04-01,"101-500",TRUE,"RD","Yes","Office & Professional Employees Internat",1,"OPEIU",0.563380281690141,"Yes",34
NA,NA,NA,NA,NA,NA,NA,NA,NA,NA,NA,NA,NA,NA,NA,NA,NA,NA,NA,NA,NA,NA,NA,NA,NA,NA,NA,NA,NA,NA,NA,NA,NA,NA,NA,NA,NA,NA,NA,NA,NA,NA,NA,NA
"01-RC-021023",NA,"Super Valu",1999-05-25,2000-03-29,"Vergennes","VT","A",1999-07-02,4,0,"United Food & Commercial Workers International Union, AFL-CIO",3,NA,NA,NA,NA,1,4,"N",0,"N","United Food & Commercial Workers International Union, AFL-CIO","Initial","Single Labor Organization","Certific. of Representative","Closed","All full time and regular part-time meat cutters and meat wrappers employed by the Employer at its Vergennes, Vermont facility, but excluding all other employees, meat manager, guards, and supervisors as defined in the Act.",NA,NA,NA,38,1999-07-01,1999-04-01,"<5",TRUE,"RC","Yes","United Food & Commercial Workers International Union, AFL-CIO",1,"UFCW",0.75,"Yes",0
"01-RC-021017",NA,"LeFevre Ambulance",1999-05-10,1999-07-07,"Bellow Falls","VT","A",1999-06-24,18,0,"Office & Professional Employees Internat",9,NA,NA,NA,NA,5,14,"N",0,"N","Office & Professional Employees Internat","Initial","Single Labor Organization","Certific. of Representative","Closed",NA,NA,NA,NA,45,1999-04-01,1999-04-01,"11-25",TRUE,"RC","Yes","Office & Professional Employees Internat",1,"OPEIU",0.642857142857143,"Yes",4
NA,NA,NA,NA,NA,NA,NA,NA,NA,NA,NA,NA,NA,NA,NA,NA,NA,NA,NA,NA,NA,NA,NA,NA,NA,NA,NA,NA,NA,NA,NA,NA,NA,NA,NA,NA,NA,NA,NA,NA,NA,NA,NA,NA
"01-RC-021001",NA,"Kaytec",1999-04-12,1999-06-08,"Richford","VT","A",1999-05-28,45,0,"Teamsters Local No. 597, a/w Internation",18,NA,NA,NA,NA,16,34,"N",0,"N","Teamsters Local No. 597, a/w Internation","Initial","Single Labor Organization","Certific. of Representative","Closed",NA,NA,NA,NA,46,1999-04-01,1999-04-01,"26-50",TRUE,"RC","Yes","Teamsters Local No. 597, a/w Internation",1,"Teamsters",0.529411764705882,"Yes",11
NA,NA,NA,NA,NA,NA,NA,NA,NA,NA,NA,NA,NA,NA,NA,NA,NA,NA,NA,NA,NA,NA,NA,NA,NA,NA,NA,NA,NA,NA,NA,NA,NA,NA,NA,NA,NA,NA,NA,NA,NA,NA,NA,NA
NA,NA,NA,NA,NA,NA,NA,NA,NA,NA,NA,NA,NA,NA,NA,NA,NA,NA,NA,NA,NA,NA,NA,NA,NA,NA,NA,NA,NA,NA,NA,NA,NA,NA,NA,NA,NA,NA,NA,NA,NA,NA,NA,NA
"01-RC-020960",NA,"Vermont Transit",1999-01-06,1999-03-24,"Burlington","VT","A",1999-03-10,100,0,"United Transportation Union",49,NA,NA,NA,NA,49,98,"N",0,"N",NA,"Initial","Single Labor Organization","Certification of Results","Closed",NA,NA,NA,NA,63,1999-01-01,1999-01-01,"51-100",TRUE,"RC","Yes","United Transportation Union",0,"Uncoded",0.5,"No",2
NA,NA,NA,NA,NA,NA,NA,NA,NA,NA,NA,NA,NA,NA,NA,NA,NA,NA,NA,NA,NA,NA,NA,NA,NA,NA,NA,NA,NA,NA,NA,NA,NA,NA,NA,NA,NA,NA,NA,NA,NA,NA,NA,NA
NA,NA,NA,NA,NA,NA,NA,NA,NA,NA,NA,NA,NA,NA,NA,NA,NA,NA,NA,NA,NA,NA,NA,NA,NA,NA,NA,NA,NA,NA,NA,NA,NA,NA,NA,NA,NA,NA,NA,NA,NA,NA,NA,NA
NA,NA,NA,NA,NA,NA,NA,NA,NA,NA,NA,NA,NA,NA,NA,NA,NA,NA,NA,NA,NA,NA,NA,NA,NA,NA,NA,NA,NA,NA,NA,NA,NA,NA,NA,NA,NA,NA,NA,NA,NA,NA,NA,NA
"01-RC-020925",NA,"Ben & Jerry's Homemade, Inc.",1998-10-20,1999-01-22,"St. Albans","VT","A",1999-01-08,19,0,"International Brotherhood of Electrical",11,NA,NA,NA,NA,8,19,"N",0,"N","International Brotherhood of Electrical","Initial","Single Labor Organization","Certific. of Representative","Closed",NA,NA,NA,NA,80,1999-01-01,1998-10-01,"11-25",TRUE,"RC","Yes","International Brotherhood of Electrical",0,"Uncoded",0.578947368421053,"Yes",0
NA,NA,NA,NA,NA,NA,NA,NA,NA,NA,NA,NA,NA,NA,NA,NA,NA,NA,NA,NA,NA,NA,NA,NA,NA,NA,NA,NA,NA,NA,NA,NA,NA,NA,NA,NA,NA,NA,NA,NA,NA,NA,NA,NA
NA,NA,NA,NA,NA,NA,NA,NA,NA,NA,NA,NA,NA,NA,NA,NA,NA,NA,NA,NA,NA,NA,NA,NA,NA,NA,NA,NA,NA,NA,NA,NA,NA,NA,NA,NA,NA,NA,NA,NA,NA,NA,NA,NA
NA,NA,NA,NA,NA,NA,NA,NA,NA,NA,NA,NA,NA,NA,NA,NA,NA,NA,NA,NA,NA,NA,NA,NA,NA,NA,NA,NA,NA,NA,NA,NA,NA,NA,NA,NA,NA,NA,NA,NA,NA,NA,NA,NA
NA,NA,NA,NA,NA,NA,NA,NA,NA,NA,NA,NA,NA,NA,NA,NA,NA,NA,NA,NA,NA,NA,NA,NA,NA,NA,NA,NA,NA,NA,NA,NA,NA,NA,NA,NA,NA,NA,NA,NA,NA,NA,NA,NA
NA,NA,NA,NA,NA,NA,NA,NA,NA,NA,NA,NA,NA,NA,NA,NA,NA,NA,NA,NA,NA,NA,NA,NA,NA,NA,NA,NA,NA,NA,NA,NA,NA,NA,NA,NA,NA,NA,NA,NA,NA,NA,NA,NA
NA,NA,NA,NA,NA,NA,NA,NA,NA,NA,NA,NA,NA,NA,NA,NA,NA,NA,NA,NA,NA,NA,NA,NA,NA,NA,NA,NA,NA,NA,NA,NA,NA,NA,NA,NA,NA,NA,NA,NA,NA,NA,NA,NA
NA,NA,NA,NA,NA,NA,NA,NA,NA,NA,NA,NA,NA,NA,NA,NA,NA,NA,NA,NA,NA,NA,NA,NA,NA,NA,NA,NA,NA,NA,NA,NA,NA,NA,NA,NA,NA,NA,NA,NA,NA,NA,NA,NA
NA,NA,NA,NA,NA,NA,NA,NA,NA,NA,NA,NA,NA,NA,NA,NA,NA,NA,NA,NA,NA,NA,NA,NA,NA,NA,NA,NA,NA,NA,NA,NA,NA,NA,NA,NA,NA,NA,NA,NA,NA,NA,NA,NA
