"Case","Region","Case_Name","Date_Filed","Date_Closed","City","State","Unit ID","Tally_Date","Num_Eligible_Voters","Void Ballots","Labor_Union","Votes_For_Union","Labor Union2","Votes for Labor Union2","Labor Union3","Votes for Labor Union3","Votes_Against","Total_Ballots_Counted","Runoff Required","Challenged Ballots","Challenges are Determinative","Union to Certify","Tally_Type","Ballot_Type","Reason_Closed","Status","Voting Unit (Unit A)","Voting Unit (Unit B)","Voting Unit (Unit C)","Voting Unit (Unit D)","Length","Tally_Quarter","Filed_Quarter","size","Unique","Case_Type","Election_Data","Plot_Labor_Union","National_Count","National","Margin","Union_Cer","Didnt_Vote"
"14-RC-392456","Region 14, Saint Louis, Missouri","Starbucks Corporation",2026-08-07,NA,"Ponca City","OK",NA,NA,18,NA,"Chicago and Midwest Regional Joint Board, Workers United/SEIU",NA,NA,NA,NA,NA,NA,NA,NA,NA,NA,NA,NA,NA,NA,"Open",NA,NA,NA,NA,NA,NA,2026-07-01,"11-25",TRUE,"RC","No","Chicago and Midwest Regional Joint Board, Workers United/SEIU",1,"WU",NA,"Still Open",NA
"14-RD-387892","Region 14, Saint Louis, Missouri","Midwest Drywall Co., Inc.",2026-05-29,NA,"Oklahoma City","OK",NA,NA,48,NA,"Central South Carpenters Regional Council",NA,NA,NA,NA,NA,NA,NA,NA,NA,NA,NA,NA,NA,NA,"Open",NA,NA,NA,NA,NA,NA,2026-04-01,"26-50",TRUE,"RD","No","Central South Carpenters Regional Council",0,"Uncoded",NA,"Still Open",NA
"14-RC-384584","Region 14, Saint Louis, Missouri","Professional Contract Services, Inc.",2026-04-10,2026-05-08,"Fort Sill","OK","A",2026-04-29,4,NA,"IUOE Local 351",3,NA,NA,NA,NA,1,4,NA,NA,NA,"IUOE Local 351","Initial","Single Labor Organization","Certific. of Representative","Closed","All full-time and regular part-time material expediters, as classified by the Employer, employed by the Employer at its Building 1903 Barbour Road, Fort Sill, Oklahoma facility, but EXCLUDING office clerical employees, professional employees, managerial employees, guards, and supervisors as defined in the Act, and all other employees.",NA,NA,NA,19,2026-04-01,2026-04-01,"<5",TRUE,"RC","Yes","IUOE Local 351",1,"IUOE",0.75,"Yes",0
"14-RC-384298","Region 14, Saint Louis, Missouri","Starbucks Corporation",2026-04-06,2026-05-18,"Norman","OK","A",2026-05-07,26,NA,"Workers United",17,NA,NA,NA,NA,9,26,NA,NA,NA,"Workers United","Initial","Single Labor Organization","Certific. of Representative","Closed","All full-time and regular part-time baristas and shift supervisors employed by the Employer
at its 3051 Classen Blvd., Norman, OK store, but excluding, store managers, assistant
managers, professional employees, office clericals employees, guards, and supervisors as
defined by the Act.",NA,NA,NA,31,2026-04-01,2026-04-01,"26-50",TRUE,"RC","Yes","Workers United",1,"WU",0.653846153846154,"Yes",0
"14-RC-382849","Region 14, Saint Louis, Missouri","Oklahoma Natural Gas",2026-03-13,2026-03-20,"Oklahoma City","OK",NA,NA,10,NA,NA,NA,NA,NA,NA,NA,NA,NA,NA,NA,NA,NA,NA,NA,"Withdrawal Non-adjusted","Closed",NA,NA,NA,NA,NA,NA,2026-01-01,"6-10",TRUE,"RC","No",NA,0,"Uncoded",NA,"Other",NA
"14-RC-382101","Region 14, Saint Louis, Missouri","Oklahoma Natural Gas",2026-03-02,2026-03-11,"Tulsa","OK",NA,NA,10,NA,NA,NA,NA,NA,NA,NA,NA,NA,NA,NA,NA,NA,NA,NA,"Withdrawal Non-adjusted","Closed",NA,NA,NA,NA,NA,NA,2026-01-01,"6-10",TRUE,"RC","No",NA,0,"Uncoded",NA,"Other",NA
"14-RD-379045","Region 14, Saint Louis, Missouri","Coreslab Structures",2026-01-14,NA,"Tulsa","OK",NA,NA,25,NA,"International Union of Operating Engineers Local 627",NA,NA,NA,NA,NA,NA,NA,NA,NA,NA,NA,NA,NA,NA,"Open",NA,NA,NA,NA,NA,NA,2026-01-01,"11-25",TRUE,"RD","No","International Union of Operating Engineers Local 627",1,"IUOE",NA,"Still Open",NA
"14-RC-375542","Region 14, Saint Louis, Missouri","Rural Electric Cooperative",2025-11-25,NA,"Lindsay","OK","A",2026-01-08,20,NA,"International Brotherhood of Electrical Workers Local 1002",10,NA,NA,NA,NA,10,20,NA,5,"Y","International Brotherhood of Electrical Workers Local 1002","Initial","Single Labor Organization",NA,"Open","All full-time and regular part-time journeyman linemen, apprentice linemen, district service workers, staking engineers, warehouse material handlers, meter technicians, chief mechanics, and right of way maintenance/service workers employed by the Employer at its facility located at 13942 Highway 76, Lindsay, Oklahoma, but EXCLUDING all other employees, professional employees, office clerical employees, guards and supervisors as defined in the Act.",NA,NA,NA,44,2026-01-01,2025-10-01,"11-25",TRUE,"RC","Yes","International Brotherhood of Electrical Workers Local 1002",1,"IBEW",0.5,"Still Open",0
"14-RD-366167","Region 14, Saint Louis, Missouri","Vitamin Cottage Natural Foods Markets, Inc.",2025-05-22,2025-06-02,"Norman","OK",NA,NA,20,NA,NA,NA,NA,NA,NA,NA,NA,NA,NA,NA,NA,NA,NA,NA,"Withdrawal Non-adjusted","Closed",NA,NA,NA,NA,NA,NA,2025-04-01,"11-25",TRUE,"RD","No",NA,0,"Uncoded",NA,"Other",NA
"32-RD-364282","Region 32, Oakland, California","Delaware Resource Group of Oklahoma, LLC",2025-04-23,2025-07-21,"Oklahoma City","OK",NA,NA,2,NA,NA,NA,NA,NA,NA,NA,NA,NA,NA,NA,NA,NA,NA,NA,"Dismissal Non-adjusted","Closed",NA,NA,NA,NA,NA,NA,2025-04-01,"<5",TRUE,"RD","No",NA,0,"Uncoded",NA,"Other",NA
"14-UC-362071","Region 14, Saint Louis, Missouri","Oklahoma Policy Institute, Inc.",2025-03-17,2025-05-12,"Tulsa","OK",NA,NA,17,NA,NA,NA,NA,NA,NA,NA,NA,NA,NA,NA,NA,NA,NA,NA,"Unit Clarification","Closed",NA,NA,NA,NA,NA,NA,2025-01-01,"11-25",TRUE,"UC","No",NA,0,"Uncoded",NA,"Other",NA
"14-RC-361196","Region 14, Saint Louis, Missouri","Starbucks Corporation",2025-02-28,2025-04-16,"Norman","OK","A",2025-04-07,18,NA,"Workers United",15,NA,NA,NA,NA,2,17,NA,NA,NA,"Workers United","Initial","Single Labor Organization","Certific. of Representative","Closed","All full-time and regular part-time baristas and shift supervisors employed by the Employer at its store located at 1601 24th Ave NW, Norman, OK 73069, but EXCLUDING all store managers, assistant store managers, office clerical employees, professional employees, guards and supervisors as defined in the Act.",NA,NA,NA,38,2025-04-01,2025-01-01,"11-25",TRUE,"RC","Yes","Workers United",1,"WU",0.882352941176471,"Yes",1
"14-RC-361195","Region 14, Saint Louis, Missouri","Starbucks Corporation",2025-02-28,2025-07-15,"Purcell","OK","A",2025-04-03,16,NA,"Workers United",7,NA,NA,NA,NA,7,14,NA,NA,NA,"Workers United","Initial","Single Labor Organization","Certification of Results","Closed","All full-time and regular part-time baristas and shift supervisors employed by the Employer at its facility located at 2025 S Green Ave., Purcell, OK  73080, but EXCLUDING all store managers, assistant store managers, office clerical employees, professional employees, guards and supervisors as defined in the Act.",NA,NA,NA,34,2025-04-01,2025-01-01,"11-25",TRUE,"RC","Yes","Workers United",1,"WU",0.5,"No",2
"14-RC-358603","Region 14, Saint Louis, Missouri","American Red Cross",2025-01-17,2025-01-28,"Tulsa","OK",NA,NA,19,NA,NA,NA,NA,NA,NA,NA,NA,NA,NA,NA,NA,NA,NA,NA,"Withdrawal Non-adjusted","Closed",NA,NA,NA,NA,NA,NA,2025-01-01,"11-25",TRUE,"RC","No",NA,0,"Uncoded",NA,"Other",NA
"14-RC-354364","Region 14, Saint Louis, Missouri","Public Service Company of Oklahoma",2024-11-07,2024-12-17,"Lawton","OK","A",2024-12-05,7,NA,"International Brotherhood of Electrical Workers, Local 1002",4,NA,NA,NA,NA,3,0,NA,NA,NA,"International Brotherhood of Electrical Workers, Local 1002","Initial","Single Labor Organization","Certific. of Representative","Closed","All full-time and regular part-time field meter servicers employed by the Employer out of its service centers in the Lawton District, including Lawton (226 E D Ave., Lawton, OK); Weatherford (222 W Tom Stafford, Weatherford,  OK); Elk City (104 Blueridge, Elk City, OK); and Hobart (801 West 11 Hobart, OK), but EXCLUDING all other employees, including office  clerical employees, professional employees, guards and supervisors as defined in the Act.",NA,NA,NA,28,2024-10-01,2024-10-01,"6-10",TRUE,"RC","Yes","International Brotherhood of Electrical Workers, Local 1002",1,"IBEW",NA,"Yes",0
"14-RD-353895","Region 14, Saint Louis, Missouri","Brent Electric Co., Inc.",2024-11-01,2025-05-13,"Pryor","OK",NA,NA,14,NA,NA,NA,NA,NA,NA,NA,NA,NA,NA,NA,NA,NA,NA,NA,"Withdrawal Non-adjusted","Closed",NA,NA,NA,NA,NA,NA,2024-10-01,"11-25",TRUE,"RD","No",NA,0,"Uncoded",NA,"Other",NA
"14-RC-351950","Region 14, Saint Louis, Missouri","Starbucks Corporation",2024-10-03,2024-10-30,"Norman","OK","A",2024-10-17,13,NA,"Workers United",12,NA,NA,NA,NA,1,13,NA,NA,NA,"Workers United","Initial","Single Labor Organization","Certific. of Representative","Closed","All full-time and regular part-time Baristas and Shift Supervisors employed by Starbucks Corporation at its facility located at 3750 W. Robinson St., Norman, OK, but EXCLUDING all other employees, store managers, assistant store managers, office clerical employees, professional employees, guards, and supervisors as defined by the Act.",NA,NA,NA,14,2024-10-01,2024-10-01,"11-25",TRUE,"RC","Yes","Workers United",1,"WU",0.923076923076923,"Yes",0
"14-RD-350563","Region 14, Saint Louis, Missouri","New NGC, Inc. d/b/a National Gypsum",2024-09-16,2025-03-28,"Pryor","OK",NA,NA,67,NA,NA,NA,NA,NA,NA,NA,NA,NA,NA,NA,NA,NA,NA,NA,"Withdrawal Non-adjusted","Closed",NA,NA,NA,NA,NA,NA,2024-07-01,"51-100",TRUE,"RD","No",NA,0,"Uncoded",NA,"Other",NA
"14-RD-349012","Region 14, Saint Louis, Missouri","PepsiCo Beverages North America (PBNA), an Operating Unit of PepsiCo Inc.",2024-08-26,2025-09-25,"Tulsa","OK","A",2025-09-05,59,NA,"Transport Drivers Union of Beverage Products Corporation, affiliated with International Brotherhood of Teamsters, Local 886",26,NA,NA,NA,NA,29,55,NA,NA,NA,"Transport Drivers Union of Beverage Products Corporation, affiliated with International Brotherhood of Teamsters, Local 886","Initial","Revised Single Labor Org","Certification of Results","Closed","All transport drivers employed by the Employer at its facility located at 510 West Skelly Drive, Tulsa, Oklahoma, but EXCLUDING all other employees, in all of the Employer's Divisions, including but without any limitation on the generality of the foregoing, all other drivers, warehouse persons, production employees, maintenance employees, clerical and office employees, guards, watch persons, and supervisors as defined in the Act.",NA,NA,NA,375,2025-07-01,2024-07-01,"51-100",TRUE,"RD","Yes","Transport Drivers Union of Beverage Products Corporation, affiliated with International Brotherhood of Teamsters, Local 886",1,"Teamsters",0.472727272727273,"No",4
"14-RD-349012","Region 14, Saint Louis, Missouri","PepsiCo Beverages North America (PBNA), an Operating Unit of PepsiCo Inc.",2024-08-26,2025-09-25,"Tulsa","OK","A",2024-09-25,59,NA,"Transport Drivers Union of Beverage Products Corporation, affiliated with International Brotherhood of Teamsters, Local 886",25,NA,NA,NA,NA,27,52,NA,3,"Y","Transport Drivers Union of Beverage Products Corporation, affiliated with International Brotherhood of Teamsters, Local 886","Initial","Single Labor Organization","Certification of Results","Closed","All transport drivers employed by the Employer at its facility located at 510 West Skelly Drive, Tulsa, Oklahoma, but EXCLUDING all other employees, in all of the Employer's Divisions, including but without any limitation on the generality of the foregoing, all other drivers, warehouse persons, production employees, maintenance employees, clerical and office employees, guards, watch persons, and supervisors as defined in the Act.",NA,NA,NA,30,2024-07-01,2024-07-01,"51-100",FALSE,"RD","Yes","Transport Drivers Union of Beverage Products Corporation, affiliated with International Brotherhood of Teamsters, Local 886",1,"Teamsters",0.480769230769231,"No",7
"14-RM-349011","Region 14, Saint Louis, Missouri","Imperial, LLC",2024-08-23,2024-10-22,"Tulsa","OK","A",2024-09-18,65,NA,"Teamsters Local Union No. 886",40,NA,NA,NA,NA,17,57,NA,4,NA,"Teamsters Local Union No. 886","Initial","Single Labor Organization","Certific. of Representative","Closed","All full-time and regular part-time route drivers, route floaters, route merchandisers and transport drivers employed by the Employer at its facility located at 2020 N. Mingo Rd., Tulsa, Oklahoma, but EXCLUDING all office clerical employees, professional employees, guards and supervisors as defined in the Act.",NA,NA,NA,26,2024-07-01,2024-07-01,"51-100",TRUE,"RM","Yes","Teamsters Local Union No. 886",1,"Teamsters",0.701754385964912,"Yes",8
"14-RD-348632","Region 14, Saint Louis, Missouri","Gold Bond Building Products, LLC d/b/a National Gypsum",2024-08-20,2025-03-06,"Pryor","OK","A",2024-09-13,67,NA,"United Steel Workers Local #13-1141",26,NA,NA,NA,NA,37,63,NA,1,NA,"United Steel Workers Local #13-1141","Initial","Single Labor Organization","Certification of Results","Closed","All full-time and regular part-time production and maintenance employees employed by the Employer at its facility located at 4189 Hunt Street, Pryor, Oklahoma, but EXCLUDING testers, janitors, office clerical employees, professional employees, guards and supervisors as defined in the Act.",NA,NA,NA,24,2024-07-01,2024-07-01,"51-100",TRUE,"RD","Yes","United Steel Workers Local #13-1141",1,"USW",0.412698412698413,"No",4
"14-RC-347948","Region 14, Saint Louis, Missouri","All American Fire Systems, Inc.",2024-08-09,2026-05-05,"Claremore","OK","A",2024-09-11,13,NA,"Road Sprinkler Fitters Local Union No. 669, United Association of Journeymen and Apprentices of the Plumbing and Pipe Fitting Industry of the United States and Canada, AFL-CIO",3,NA,NA,NA,NA,5,8,NA,7,"Y","Road Sprinkler Fitters Local Union No. 669, United Association of Journeymen and Apprentices of the Plumbing and Pipe Fitting Industry of the United States and Canada, AFL-CIO","Initial","Single Labor Organization","Withdrawal Non-adjusted","Closed","All full-time and regular part-time sprinkler fitters and helpers employed by the Employer at its Claremore, Oklahoma facility, but EXCLUDING all other employees, office clerical employees, professional employees, guards and supervisors as defined by the Act.",NA,NA,NA,33,2024-07-01,2024-07-01,"11-25",TRUE,"RC","Yes","Road Sprinkler Fitters Local Union No. 669, United Association of Journeymen and Apprentices of the Plumbing and Pipe Fitting Industry of the United States and Canada, AFL-CIO",1,"UA",0.375,"Other",5
"14-UC-347935","Region 14, Saint Louis, Missouri","Oklahoma Policy Institute",2024-08-08,2024-11-12,"Tulsa","OK",NA,NA,19,NA,NA,NA,NA,NA,NA,NA,NA,NA,NA,NA,NA,NA,NA,NA,"Unit Clarification","Closed",NA,NA,NA,NA,NA,NA,2024-07-01,"11-25",TRUE,"UC","No",NA,0,"Uncoded",NA,"Other",NA
"14-RD-347745","Region 14, Saint Louis, Missouri","PepsiCo Beverages North America (PBNA), an Operating Unit of PepsiCo Inc.",2024-08-07,2024-08-21,"Tulsa","OK",NA,NA,60,NA,NA,NA,NA,NA,NA,NA,NA,NA,NA,NA,NA,NA,NA,NA,"Withdrawal Non-adjusted","Closed",NA,NA,NA,NA,NA,NA,2024-07-01,"51-100",TRUE,"RD","No",NA,0,"Uncoded",NA,"Other",NA
"14-RC-343852","Region 14, Saint Louis, Missouri","Lufkin US Acquisition Company LLC",2024-06-07,2024-07-22,"Claremore","OK","A",2024-07-11,94,NA,"International Association of Machinists and Aerospace Workers",26,NA,NA,NA,NA,63,89,NA,NA,NA,"International Association of Machinists and Aerospace Workers","Initial","Single Labor Organization","Certification of Results","Closed","All full-time and regular part-time Welder Fitter Ill, Welder Fitter II, Warehouse Tech, Warehouse Foreman, Team Lead, Saw Operator, Roll Stamp Operator, Quality Control Inspector, Programmer, Plating Operator, Material Handler I, Maintenance Tech, Machinist Ill, Machinist II, Machinist I, Deburr and Assembler, employed by the Employer at its 844 West Lowry Road, Claremore, OK facility, but EXCLUDING Help Desk Support, office clerical employees, professional employees, guards, and supervisors as defined in the Act, and all other employees.",NA,NA,NA,34,2024-07-01,2024-04-01,"51-100",TRUE,"RC","Yes","International Association of Machinists and Aerospace Workers",1,"IAM",0.292134831460674,"No",5
"14-RC-343015","Region 14, Saint Louis, Missouri","JLS/JPATS LOGISTIC SERVICES",2024-05-24,2024-05-31,"Enid","OK",NA,NA,7,NA,NA,NA,NA,NA,NA,NA,NA,NA,NA,NA,NA,NA,NA,NA,"Withdrawal Non-adjusted","Closed",NA,NA,NA,NA,NA,NA,2024-04-01,"6-10",TRUE,"RC","No",NA,0,"Uncoded",NA,"Other",NA
"14-RC-339600","Region 14, Saint Louis, Missouri","Vitamin Cottage Natural Foods Markets, Inc.",2024-04-08,2024-05-20,"Norman","OK","A",2024-05-09,20,NA,"United Food and Commercial Workers Local 1000",11,NA,NA,NA,NA,9,20,NA,NA,NA,"United Food and Commercial Workers Local 1000","Initial","Single Labor Organization","Certific. of Representative","Closed","All full-time and regular part-time Good4U Customer Care, Body Care Managers, Vitamin Managers, Vitamin/Body Care Assistants, Grocery/Bulk Managers, Grocery/Bulk Assistants, Receiving Managers, Receiving Assistants, Produce Managers, Produce Assistants, Dairy/Frozen Managers, Dairy/Frozen Assistants, NHC Pros, and Head Cashiers employed by the Employer at its facility located at 1918 W Main St.,
Norman, OK, but EXCLUDING all professional employees, confidential employees, office clerical employees, guards and supervisors as defined in the Act.",NA,NA,NA,31,2024-04-01,2024-04-01,"11-25",TRUE,"RC","Yes","United Food and Commercial Workers Local 1000",1,"UFCW",0.55,"Yes",0
"14-RC-337471","Region 14, Saint Louis, Missouri","Second Chance Animal Rescue",2024-03-08,2024-04-23,"Norman","OK","A",2024-04-11,6,NA,"American Federation of State, County and Municipal Employees, AFL-CIO",6,NA,NA,NA,NA,0,6,NA,NA,NA,"American Federation of State, County and Municipal Employees, AFL-CIO","Initial","Single Labor Organization","Certific. of Representative","Closed","All full-time and regular part-time employees employed by the Employer at its facility located at 4500 24th Ave NW, Norman, OK, but excluding professional employees, office clerical employees, guards and supervisors as defined in the Act.",NA,NA,NA,34,2024-04-01,2024-01-01,"6-10",TRUE,"RC","Yes","American Federation of State, County and Municipal Employees, AFL-CIO",1,"AFSCME",1,"Yes",0
"14-RC-336741","Region 14, Saint Louis, Missouri","Anthony's Foods",2024-02-28,2024-04-25,"Meeker","OK","A",2024-04-16,10,NA,"United Food and Commercial Workers Local 1000",5,NA,NA,NA,NA,0,5,NA,NA,NA,"United Food and Commercial Workers Local 1000","Initial","Single Labor Organization","Certific. of Representative","Closed","All full-time and regular part-time employees employed by the Employer at its facility located at 316 South Dawson, Meeker, Oklahoma, but EXCLUDING all office clerical employees, professional employees, confidential employees, guards and supervisors as defined by the Act.",NA,NA,NA,48,2024-04-01,2024-01-01,"6-10",TRUE,"RC","Yes","United Food and Commercial Workers Local 1000",1,"UFCW",1,"Yes",5
"14-RC-333056","Region 14, Saint Louis, Missouri","Graves Menumaker Foods Transportation, LLC",2024-01-08,2024-01-31,"Oklahoma City","OK",NA,NA,14,NA,NA,NA,NA,NA,NA,NA,NA,NA,NA,NA,NA,NA,NA,NA,"Withdrawal Non-adjusted","Closed",NA,NA,NA,NA,NA,NA,2024-01-01,"11-25",TRUE,"RC","No",NA,0,"Uncoded",NA,"Other",NA
"14-RC-332282","Region 14, Saint Louis, Missouri","Keystone Supply Company, LLC",2023-12-19,2024-02-27,"Oklahoma City","OK","A",2024-02-15,24,NA,"Teamsters Local Union 886",13,NA,NA,NA,NA,4,17,NA,1,NA,"Teamsters Local Union 886","Initial","Single Labor Organization","Certific. of Representative","Closed","All full-time and regular part-time delivery drivers employed by the Employer from its facility located at 1301 N Kennedy Ave., Shawnee, OK and its drop yard located at 3715 Oklahoma Ave, Woodward, OK, but EXCLUDING office clerical employees, warehouse employees, professional employees, guards, and supervisors as defined in the Act.",NA,NA,NA,58,2024-01-01,2023-10-01,"11-25",TRUE,"RC","Yes","Teamsters Local Union 886",1,"Teamsters",0.764705882352941,"Yes",7
"14-RC-331658","Region 14, Saint Louis, Missouri","Red Label",2023-12-12,2023-12-28,"Stillwater","OK",NA,NA,4,NA,NA,NA,NA,NA,NA,NA,NA,NA,NA,NA,NA,NA,NA,NA,"Withdrawal Non-adjusted","Closed",NA,NA,NA,NA,NA,NA,2023-10-01,"<5",TRUE,"RC","No",NA,0,"Uncoded",NA,"Other",NA
"14-RC-329301","Region 14, Saint Louis, Missouri","Red Label Dispensary",2023-11-03,2023-11-21,"Stillwater","OK",NA,NA,4,NA,NA,NA,NA,NA,NA,NA,NA,NA,NA,NA,NA,NA,NA,NA,"Withdrawal Non-adjusted","Closed",NA,NA,NA,NA,NA,NA,2023-10-01,"<5",TRUE,"RC","No",NA,0,"Uncoded",NA,"Other",NA
"14-RC-328117","Region 14, Saint Louis, Missouri","Oklahoma Policy Institute, Inc.",2023-10-18,2024-01-09,"Tulsa","OK","A",2023-12-20,17,NA,"United Food and Commercial Workers Local 1000",16,NA,NA,NA,NA,0,16,NA,1,NA,"United Food and Commercial Workers Local 1000","Initial","Single Labor Organization","Certific. of Representative","Closed","All full-time and regular part-time Policy Department employees, including Health Care & Fiscal Policy Analyst, Immigration Policy Analyst, Criminal Justice Analyst, Youth Policy Analyst, and Tribal Policy Analyst; Research Department employees, including Sr. Data Analyst and Data Analyst; Operations Department employees, including Finance & Admin System Associate and Development Manager; Legislative & Outreach Department employees, including SE Regional Organizer; SW Regional Organzier, NE Regional Organizer; and Central OK Regional Organizer; Communications Department employees, including Digital Communications 
Associate/Story Banker and Communications Associate, employed by the Employer from its facility located at 907 S Detroit Avenue, Suite 1005, Tulsa, Oklahoma 74103, but EXCLUDING all other employees, including employees working as Executive Director, Policy Director, Research Director, Operations Director, Legislative & Outreach Director, Communications Director, Fellows, seasonal employees, managers, confidential employees, professionals, guards and supervisors as defined in the Act.",NA,NA,NA,63,2023-10-01,2023-10-01,"11-25",TRUE,"RC","Yes","United Food and Commercial Workers Local 1000",1,"UFCW",1,"Yes",1
"14-RM-327950","Region 14, Saint Louis, Missouri","Starbucks Corporation",2023-10-16,2023-11-21,"Midwest City","OK",NA,NA,20,NA,NA,NA,NA,NA,NA,NA,NA,NA,NA,NA,NA,NA,NA,NA,"Certific. of Representative","Closed",NA,NA,NA,NA,NA,NA,2023-10-01,"11-25",TRUE,"RM","No",NA,0,"Uncoded",NA,"Yes",NA
"14-RD-327273","Region 14, Saint Louis, Missouri","Starbucks Corporation",2023-10-04,2026-04-21,"Nichols Hills","OK",NA,NA,27,NA,NA,NA,NA,NA,NA,NA,NA,NA,NA,NA,NA,NA,NA,NA,"Dismissal Non-adjusted","Closed",NA,NA,NA,NA,NA,NA,2023-10-01,"26-50",TRUE,"RD","No",NA,0,"Uncoded",NA,"Other",NA
"14-RC-327075","Region 14, Saint Louis, Missouri","Starbucks Corporation",2023-10-02,2023-11-21,"Midwest City","OK","A",2023-11-09,17,NA,"Workers United",13,NA,NA,NA,NA,3,16,NA,NA,NA,"Workers United","Initial","Single Labor Organization","Certific. of Representative","Closed","All full-time and regular part-time Baristas and Shift Supervisors employed by the Employer at the Employer’s 7203 SE 29th, Midwest City, OK, excluding All Store Managers, Assistant Store Managers, Office Clericals, Guards, Professional Employees, and Supervisors as defined by the Act.",NA,NA,NA,38,2023-10-01,2023-10-01,"11-25",TRUE,"RC","Yes","Workers United",1,"WU",0.8125,"Yes",1
"14-RD-325050","Region 14, Saint Louis, Missouri","Continental Carbon Company",2023-09-01,2023-10-13,"Ponca City","OK","A",2023-10-04,42,NA,"United Steel, Paper, Forestry, Rubber, Manufacturing, Energy, Allied Industrial and Service Workers International Union on behalf of its Local No. 13-857",14,NA,NA,NA,NA,25,39,NA,NA,NA,"United Steel, Paper, Forestry, Rubber, Manufacturing, Energy, Allied Industrial and Service Workers International Union on behalf of its Local No. 13-857","Initial","Single Labor Organization","Certification of Results","Closed","All full-time and regular part-time production, maintenance and shipping employees employed by the Employer at its facility located at 1006 E Oakland Ave, Ponca City, OK, but EXCLUDING Executives, laboratory, technical, office clerical employees, professional employees, guards and supervisors as defined in the Act.",NA,NA,NA,33,2023-10-01,2023-07-01,"26-50",TRUE,"RD","Yes","United Steel, Paper, Forestry, Rubber, Manufacturing, Energy, Allied Industrial and Service Workers International Union on behalf of its Local No. 13-857",1,"USW",0.358974358974359,"No",3
"14-RC-322894","Region 14, Saint Louis, Missouri","Coca Cola Southwest Beverage",2023-08-01,2023-08-15,"Okmulgee","OK",NA,NA,12,NA,NA,NA,NA,NA,NA,NA,NA,NA,NA,NA,NA,NA,NA,NA,"Withdrawal Non-adjusted","Closed",NA,NA,NA,NA,NA,NA,2023-07-01,"11-25",TRUE,"RC","No",NA,0,"Uncoded",NA,"Other",NA
"14-RC-321441","Region 14, Saint Louis, Missouri","SYGMA Network",2023-07-10,2024-07-24,"Pryor","OK",NA,NA,31,NA,NA,NA,NA,NA,NA,NA,NA,NA,NA,NA,NA,NA,NA,NA,"Withdrawal Non-adjusted","Closed",NA,NA,NA,NA,NA,NA,2023-07-01,"26-50",TRUE,"RC","No",NA,0,"Uncoded",NA,"Other",NA
"14-RD-320091","Region 14, Saint Louis, Missouri","Enbridge Employee Services Inc.",2023-06-15,2023-07-24,"Cushing","OK","A",2023-07-13,33,NA,"United Steelworkers, Local 348",5,NA,NA,NA,NA,27,32,NA,NA,NA,NA,"Initial","Single Labor Organization","Certification of Results","Closed","All full-time and regular part-time control center operators, control center relief operators, operation technicians, relief operation technicians, and right of way technicians employed by the Employer at its facility located at 2101 S Linwood Ave, Cushing, OK, but EXCLUDING all other employees including office clerical employees, professional employees, guards and supervisors as defined in the Act.",NA,NA,NA,28,2023-07-01,2023-04-01,"26-50",TRUE,"RD","Yes","United Steelworkers, Local 348",1,"USW",0.15625,"No",1
"14-RC-315087","Region 14, Saint Louis, Missouri","Windstream Services, LLC",2023-03-29,2023-05-16,"Poteau","OK","A",2023-05-05,21,NA,"Communications Workers of America, AFL-CIO",16,NA,NA,NA,NA,4,20,NA,NA,NA,"Communications Workers of America, AFL-CIO","Initial","Single Labor Organization","Certific. of Representative","Closed","Included:  All full-time and regular part-time Business Systems Tech 1, Business Systems Tech II, Construction-Line Worker, Customer Service Tech I, Customer Service Tech II, Engineer I-OSP, Materials Coordinator I, and Network Technician I whose reporting locations are the Employer's facilities located at 201 Kerr Avenue, Poteau, Oklahoma; 111 South Blackstone St., Vian, Oklahoma; and 116 South 1st Street, Stillwell, Oklahoma.

Excluded:  Office Clerical Employees, Professional Employees, Guards, and Supervisors as defined in the Act.",NA,NA,NA,37,2023-04-01,2023-01-01,"11-25",TRUE,"RC","Yes","Communications Workers of America, AFL-CIO",1,"CWA",0.8,"Yes",1
"14-RC-310143","Region 14, Saint Louis, Missouri","ICEE Company",2023-01-10,2023-04-28,"Oklahoma City","OK","A",2023-04-14,15,NA,"Plumbers and Pipefitters Local Union No. 344",9,NA,NA,NA,NA,4,13,NA,2,NA,"Plumbers and Pipefitters Local Union No. 344","Initial","Single Labor Organization","Certific. of Representative","Closed","All full-time and regular part-time refrigeration, service, and combination technicians, warehouse employees, and route sales representatives employed by the Employer out of its Oklahoma City market with facility locations at 2804 S Purdue Avenue, Oklahoma City, OK 73128; 2642 Mohawk Boulevard, Tulsa, OK, 74110-1229; 1706 S Pointe Street, Siloam Springs, AR, 72761; 6103 Star Lane, Amarillo, TX 79109; and 3601 W Harry Street # 6, Wichita, KS 67213, but EXCLUDING All other employees including professional employees, managers, office clerical employees, guards, and supervisors as defined in the Act.",NA,NA,NA,94,2023-04-01,2023-01-01,"11-25",TRUE,"RC","Yes","Plumbers and Pipefitters Local Union No. 344",1,"UA",0.692307692307692,"Yes",2
"14-RC-308961","Region 14, Saint Louis, Missouri","Brown and Root Industrial Services",2022-12-15,2023-02-06,"Valliant","OK","A",2023-01-26,123,NA,"United Steel, Paper and Forestry, Rubber, Manufacturing, Allied Industrial and Service Workers International Union, AFL-CIO, CLC",17,NA,NA,NA,NA,97,114,NA,NA,NA,"United Steel, Paper and Forestry, Rubber, Manufacturing, Allied Industrial and Service Workers International Union, AFL-CIO, CLC","Initial","Single Labor Organization","Certification of Results","Closed","All full-time and regular part-time electrical, HSE, and mechanical employees employed by Brown and Root at Its operation located at 890 IP Lane, Valliant, Oklahoma operation but excluding all other employees including office clerical employees, professional employees, salaried and exempt employees, leads, timekeepers, planners, customer service, guards and supervisors as defined in the Act.",NA,NA,NA,42,2023-01-01,2022-10-01,"101-500",TRUE,"RC","Yes","United Steel, Paper and Forestry, Rubber, Manufacturing, Allied Industrial and Service Workers International Union, AFL-CIO, CLC",1,"USW",0.149122807017544,"No",9
"14-RD-305461","Region 14, Saint Louis, Missouri","Starbucks Coffee Company",2022-10-18,2022-10-27,"Nichols Hills","OK",NA,NA,30,NA,NA,NA,NA,NA,NA,NA,NA,NA,NA,NA,NA,NA,NA,NA,"Dismissal Non-adjusted","Closed",NA,NA,NA,NA,NA,NA,2022-10-01,"26-50",TRUE,"RD","No",NA,0,"Uncoded",NA,"Other",NA
"14-RC-302997","Region 14, Saint Louis, Missouri","Professional Contract Services, Inc.",2022-09-09,2022-11-01,"Lawton","OK","A",2022-10-18,8,NA,"IUOE Local 351",7,NA,NA,NA,NA,1,8,NA,NA,NA,"IUOE Local 351","Initial","Single Labor Organization","Certific. of Representative","Closed","All full-time and regular part-time service order dispatchers, data entry operator II's, and production control clerks employed by the Employer at its facility located at Ft. Sill Army Base, 1946 Barbour Road, Ft. Sill, OK, but EXCLUDING Office clerical employees, confidential employees, professional employees, guards and supervisors as defined in the Act.",NA,NA,NA,39,2022-10-01,2022-07-01,"6-10",TRUE,"RC","Yes","IUOE Local 351",1,"IUOE",0.875,"Yes",0
"14-RC-302558","Region 14, Saint Louis, Missouri","Apple, Inc.",2022-09-01,2022-10-31,"Oklahoma City","OK","A",2022-10-14,95,NA,"Communications Workers of America, AFL-CIO",56,NA,NA,NA,NA,32,88,NA,NA,NA,"Communications Workers of America, AFL-CIO","Initial","Single Labor Organization","Certific. of Representative","Closed","All regular full-time and part-time employees employed by Apple, Inc. at its 1901 NW Expressway, Oklahoma City, OK store, but EXCLUDING all professional employees, office clerical employees, confidential employees, managerial employees, guards, and supervisors as defined in the Act.",NA,NA,NA,43,2022-10-01,2022-07-01,"51-100",TRUE,"RC","Yes","Communications Workers of America, AFL-CIO",1,"CWA",0.636363636363636,"Yes",7
"14-RC-300684","Region 14, Saint Louis, Missouri","SONORAN Technology and Professional Services, LLC",2022-08-03,2022-10-07,"Enid","OK","A",2022-09-28,19,1,"IAMAW, AFL-CIO",14,NA,NA,NA,NA,0,14,NA,NA,NA,"IAMAW, AFL-CIO","Initial","Single Labor Organization","Certific. of Representative","Closed","All full-time and regular part-time hourly employees including:  Flight Simulator Programming, Flight Simulator Scheduling, Flight Simulator Analyst, Flight Simulator Standards and Evaluation employed by the Employer at its Vance Air Force Base, Enid, OK location; but EXCLUDING Office clerical employees, professional employees, managerial employees, site manager, guards and supervisors as defined in the Act.",NA,NA,NA,56,2022-07-01,2022-07-01,"11-25",TRUE,"RC","Yes","IAMAW, AFL-CIO",1,"IAM",1,"Yes",5
"14-RC-298528","Region 14, Saint Louis, Missouri","Tuckers Onion Burgers",2022-06-30,2022-07-19,"Norman","OK",NA,NA,14,NA,NA,NA,NA,NA,NA,NA,NA,NA,NA,NA,NA,NA,NA,NA,"Withdrawal Non-adjusted","Closed",NA,NA,NA,NA,NA,NA,2022-04-01,"11-25",TRUE,"RC","No",NA,0,"Uncoded",NA,"Other",NA
"14-RC-296383","Region 14, Saint Louis, Missouri","ECO Services, LLC dba ecoLINK, a wholly owned subsidiary of East Central Oklahoma Electric Cooperative, Inc.",2022-05-20,2022-10-07,"Okmulgee","OK","A",2022-09-28,6,NA,"International Brotherhood of Electrical Workers Local 1002",5,NA,NA,NA,NA,1,6,NA,NA,NA,"International Brotherhood of Electrical Workers Local 1002","Initial","Single Labor Organization","Certific. of Representative","Closed","INCLUDED:  All full-time and regular part-time subscriber support representatives and fiber network field technicians employed by the Employer at its Okmulgee, Oklahoma facility, but EXCLUDING all other employees, guards and supervisor as defined in the Act.

If a majority of valid ballots are case for International Brotherhood of Electrical Workers, Local 1002, they will be taken to have indicated the employees' desire to be included in the existing unit currently represented by the International Brotherhood of Electrical Workers, Local 1002.  If a majority of valid ballots are not case for representation, they will be taken to have indicated the employees' desire to remain unrepresented.",NA,NA,NA,131,2022-07-01,2022-04-01,"6-10",TRUE,"RC","Yes","International Brotherhood of Electrical Workers Local 1002",1,"IBEW",0.833333333333333,"Yes",0
"14-RD-295399","Region 14, Saint Louis, Missouri","Univar Solutions USA Inc.",2022-05-06,2022-06-14,"Oklahoma City","OK",NA,NA,6,NA,NA,NA,NA,NA,NA,NA,NA,NA,NA,NA,NA,NA,NA,NA,"Withdrawal Non-adjusted","Closed",NA,NA,NA,NA,NA,NA,2022-04-01,"6-10",TRUE,"RD","No",NA,0,"Uncoded",NA,"Other",NA
"14-RC-294686","Region 14, Saint Louis, Missouri","ecoLink",2022-04-26,2022-05-19,"Okmulgee","OK",NA,NA,7,NA,NA,NA,NA,NA,NA,NA,NA,NA,NA,NA,NA,NA,NA,NA,"Withdrawal Non-adjusted","Closed",NA,NA,NA,NA,NA,NA,2022-04-01,"6-10",TRUE,"RC","No",NA,0,"Uncoded",NA,"Other",NA
"14-RC-293567","Region 14, Saint Louis, Missouri","Starbucks Corporation",2022-04-05,2022-08-24,"Norman","OK","A",2022-08-05,35,NA,"WORKERS UNITED A/W SERVICE EMPLOYEES INTERNATIONAL UNION",8,NA,NA,NA,NA,8,16,NA,NA,NA,NA,"Initial","Single Labor Organization","Certification of Results","Closed","All full-time and regular part-time baristas and shift supervisors employed by the Employer at its Store 55714, located at 3051 Classen Blvd., Norman, Oklahoma 73071.",NA,NA,NA,122,2022-07-01,2022-04-01,"26-50",TRUE,"RC","Yes","WORKERS UNITED A/W SERVICE EMPLOYEES INTERNATIONAL UNION",1,"WU",0.5,"No",19
"14-RC-293567","Region 14, Saint Louis, Missouri","Starbucks Corporation",2022-04-05,2022-08-24,"Norman","OK","A",2022-07-06,35,NA,"WORKERS UNITED A/W SERVICE EMPLOYEES INTERNATIONAL UNION",8,NA,NA,NA,NA,8,16,NA,1,"Y",NA,"Initial","Single Labor Organization","Certification of Results","Closed","All full-time and regular part-time baristas and shift supervisors employed by the Employer at its Store 55714, located at 3051 Classen Blvd., Norman, Oklahoma 73071.",NA,NA,NA,92,2022-07-01,2022-04-01,"26-50",FALSE,"RC","Yes","WORKERS UNITED A/W SERVICE EMPLOYEES INTERNATIONAL UNION",1,"WU",0.5,"No",19
"14-RC-293408","Region 14, Saint Louis, Missouri","Starbucks Corporation",2022-04-04,2022-06-28,"Oklahoma City","OK","A",2022-06-14,28,NA,"WORKERS UNITED",14,NA,NA,NA,NA,1,15,NA,1,NA,"WORKERS UNITED","Initial","Single Labor Organization","Certific. of Representative","Closed","All full-tine and regular part-time hourly Baristas and Shift Supervisors by Starbucks Corporation at 3616 N May Avenue, Oklahoma City, OK 73112 (Store #14406 - often referred to as 36th & May), but EXCLUDING all Store Managers, office clerical employees, professional employees, guards, and supervisors as defined by the Act.",NA,NA,NA,71,2022-04-01,2022-04-01,"26-50",TRUE,"RC","Yes","WORKERS UNITED",1,"WU",0.933333333333333,"Yes",13
"14-RC-292446","Region 14, Saint Louis, Missouri","Starbucks Corporation",2022-03-17,2022-06-21,"Oklahoma City","OK","A",2022-05-31,33,1,"WORKERS UNITED A/W SERVICE EMPLOYEES INTERNATIONAL UNION",15,NA,NA,NA,NA,2,17,NA,NA,NA,"WORKERS UNITED A/W SERVICE EMPLOYEES INTERNATIONAL UNION","Initial","Single Labor Organization","Certific. of Representative","Closed","All full-time and regular part-time hourly Baristas and Shift Supervisors employed at 132 NW 23rd St., Oklahoma City, OK (Store 61431), but EXCLUDING all Store Managers, office clerical employees, professional employees, guards, and supervisors as defined by the Act.",NA,NA,NA,75,2022-04-01,2022-01-01,"26-50",TRUE,"RC","Yes","WORKERS UNITED A/W SERVICE EMPLOYEES INTERNATIONAL UNION",1,"WU",0.882352941176471,"Yes",16
"14-RC-290942","Region 14, Saint Louis, Missouri","Starbucks Corporation",2022-02-22,2022-08-05,"Nichols Hills","OK","A",2022-07-25,35,NA,"Workers United",13,NA,NA,NA,NA,11,24,NA,NA,NA,"Workers United","Initial","Revised Single Labor Org","Certific. of Representative","Closed","All full-time and regular part-time hourly Baristas and Shift Supervisors employed at 1123 NW 63rd Avenue, Oklahoma City, OK 73116 (Store 6490 - often referred to as Nichols Hills, but EXCLUDING all Store Managers, office clerical employees, professional employees, guards, and supervisors as defined by the Act, and all other employees.",NA,NA,NA,153,2022-07-01,2022-01-01,"26-50",TRUE,"RC","Yes","Workers United",1,"WU",0.541666666666667,"Yes",11
"14-RC-290942","Region 14, Saint Louis, Missouri","Starbucks Corporation",2022-02-22,2022-08-05,"Nichols Hills","OK","A",2022-07-25,35,NA,"Workers United",13,NA,NA,NA,NA,11,24,NA,NA,NA,"Workers United","Initial","Revised Single Labor Org","Certification of Results","Closed","All full-time and regular part-time hourly Baristas and Shift Supervisors employed at 1123 NW 63rd Avenue, Oklahoma City, OK 73116 (Store 6490 - often referred to as Nichols Hills, but EXCLUDING all Store Managers, office clerical employees, professional employees, guards, and supervisors as defined by the Act, and all other employees.",NA,NA,NA,153,2022-07-01,2022-01-01,"26-50",FALSE,"RC","Yes","Workers United",1,"WU",0.541666666666667,"No",11
"14-RC-290942","Region 14, Saint Louis, Missouri","Starbucks Corporation",2022-02-22,2022-08-05,"Nichols Hills","OK","A",2022-05-06,35,NA,"Workers United",10,NA,NA,NA,NA,9,19,NA,5,"Y","Workers United","Initial","Single Labor Organization","Certific. of Representative","Closed","All full-time and regular part-time hourly Baristas and Shift Supervisors employed at 1123 NW 63rd Avenue, Oklahoma City, OK 73116 (Store 6490 - often referred to as Nichols Hills, but EXCLUDING all Store Managers, office clerical employees, professional employees, guards, and supervisors as defined by the Act, and all other employees.",NA,NA,NA,73,2022-04-01,2022-01-01,"26-50",FALSE,"RC","Yes","Workers United",1,"WU",0.526315789473684,"Yes",16
"14-RC-290942","Region 14, Saint Louis, Missouri","Starbucks Corporation",2022-02-22,2022-08-05,"Nichols Hills","OK","A",2022-05-06,35,NA,"Workers United",10,NA,NA,NA,NA,9,19,NA,5,"Y","Workers United","Initial","Single Labor Organization","Certification of Results","Closed","All full-time and regular part-time hourly Baristas and Shift Supervisors employed at 1123 NW 63rd Avenue, Oklahoma City, OK 73116 (Store 6490 - often referred to as Nichols Hills, but EXCLUDING all Store Managers, office clerical employees, professional employees, guards, and supervisors as defined by the Act, and all other employees.",NA,NA,NA,73,2022-04-01,2022-01-01,"26-50",FALSE,"RC","Yes","Workers United",1,"WU",0.526315789473684,"No",16
"14-RC-280992","Region 14, Saint Louis, Missouri","Lattimore Materials Corp.",2021-08-06,2021-10-26,"Stringtown","OK","A",2021-10-13,33,NA,"International Union of Operating Engineers Local 627",4,NA,NA,NA,NA,22,26,NA,1,NA,"International Union of Operating Engineers Local 627","Initial","Single Labor Organization","Certification of Results","Closed","All full-time and regular part-time production and maintenance employees employed by the Employer at its facility located at 101 E. Reba McEntire Rd., Stringtown, OK; but EXCLUDING all other employees, professional employees, office clerical employees, scale operator, quality control, guards and supervisors as defined in the Act.",NA,NA,NA,68,2021-10-01,2021-07-01,"26-50",TRUE,"RC","Yes","International Union of Operating Engineers Local 627",1,"IUOE",0.153846153846154,"No",7
"14-RC-280405","Region 14, Saint Louis, Missouri","Brent Electric Co., Inc.",2021-07-26,2021-09-23,"Tulsa","OK","A",2021-09-13,15,NA,"International Brotherhood of Electrical Workers Local 584",8,NA,NA,NA,NA,1,9,NA,2,NA,"International Brotherhood of Electrical Workers Local 584","Initial","Single Labor Organization","Certific. of Representative","Closed","All employees employed by the Employer performing electrical construction, maintenance or repair work within the geographical jurisdiction of the Union, which includes Adair, Atoka, Cherokee, Coal, Craig, Creek, Delaware, Haskell, Hughes, Latimer, Leflore (except Braden, Pocola and Spiro Township), Mayes, McIntosh, Muskogee, Nowata, Okfuskee, Okmulgee, Osage (that portion east of State Highway No. 18), Ottawa, Pawnee (that portion east of State Highway No. 18), Payne (Eagle, Indian, Mound and Union Townships only), Pittsburgh, Pushmataha, Rogers, Sequoyah (that portion west of Akins, Gans, Hanson, Long and Redlands Townships), Tulsa, Wagoner, and Washington counties in Oklahoma, but EXCLUDING all other employees, office clerical employees, professional employees, guards, and supervisors as defined in the Act.",NA,NA,NA,49,2021-07-01,2021-07-01,"11-25",TRUE,"RC","Yes","International Brotherhood of Electrical Workers Local 584",1,"IBEW",0.888888888888889,"Yes",6
"14-RC-280405","Region 14, Saint Louis, Missouri","Brent Electric Co., Inc.",2021-07-23,2021-09-23,"Tulsa","OK","A",2021-09-13,15,NA,"International Brotherhood of Electrical Workers Local 584",8,NA,NA,NA,NA,1,9,NA,2,NA,"International Brotherhood of Electrical Workers Local 584","Initial","Single Labor Organization","Certific. of Representative","Closed","All employees employed by the Employer performing electrical construction, maintenance or repair work within the geographical jurisdiction of the Union, which includes Adair, Atoka, Cherokee, Coal, Craig, Creek, Delaware, Haskell, Hughes, Latimer, Leflore (except Braden, Pocola and Spiro Township), Mayes, McIntosh, Muskogee, Nowata, Okfuskee, Okmulgee, Osage (that portion east of State Highway No. 18), Ottawa, Pawnee (that portion east of State Highway No. 18), Payne (Eagle, Indian, Mound and Union Townships only), Pittsburgh, Pushmataha, Rogers, Sequoyah (that portion west of Akins, Gans, Hanson, Long and Redlands Townships), Tulsa, Wagoner, and Washington counties in Oklahoma, but EXCLUDING all other employees, office clerical employees, professional employees, guards, and supervisors as defined in the Act.",NA,NA,NA,52,2021-07-01,2021-07-01,"11-25",FALSE,"RC","Yes","International Brotherhood of Electrical Workers Local 584",1,"IBEW",0.888888888888889,"Yes",6
"14-RC-276315","Region 14, Saint Louis, Missouri","Lieber Mechanical, LLC",2021-04-28,2021-07-21,"Oklahoma City","OK","A",2021-06-04,39,NA,"Plumbers & Pipefitters Local 344",10,NA,NA,NA,NA,17,27,NA,11,"Y","Plumbers & Pipefitters Local 344","Initial","Single Labor Organization","Withdrawal Non-adjusted","Closed","All full-time and regular part-time pipefitters, plumbers, pipelayers, pipe helpers and/or apprentices, and HVAC service technician employees employed by the Employer out of its facility located at 1105 First Place Boulevard, Yukon, OK  73099, but EXCLUDING all other employees, office clerical employees, professional employees, managers, guards and supervisors as defined in the Act.",NA,NA,NA,37,2021-04-01,2021-04-01,"26-50",TRUE,"RC","Yes","Plumbers & Pipefitters Local 344",1,"UA",0.37037037037037,"Other",12
"14-RC-266528","Region 14, Saint Louis, Missouri","CARDS NEO, LLC",2020-09-23,2021-01-11,"Fairland","OK","A",2020-12-21,27,NA,"Teamsters General Drivers & Helpers Local 823",2,NA,NA,NA,NA,13,15,NA,7,NA,"Teamsters General Drivers & Helpers Local 823","Initial","Single Labor Organization","Certification of Results","Closed","All full-time and regular part-time drivers, laborer/helpers and mechanics employed at and out of the Employer’s Fairland, Oklahoma facility, but EXCLUDING all professional employees, managerial employees, office clerical employees, guards and supervisors as defined in the Act.",NA,NA,NA,89,2020-10-01,2020-07-01,"26-50",TRUE,"RC","Yes","Teamsters General Drivers & Helpers Local 823",1,"Teamsters",0.133333333333333,"No",12
"14-RC-264061","Region 14, Saint Louis, Missouri","Herzog Transit Services, Inc.",2020-08-04,2020-10-05,"Oklahoma City","OK","A",2020-09-22,27,NA,"Amalgamated Transit Union Local 993",14,NA,NA,NA,NA,8,22,NA,NA,NA,"Amalgamated Transit Union Local 993","Initial","Single Labor Organization","Certific. of Representative","Closed","All full-time and regular part-time street car operators, maintenance technicians, and maintenance right of way technicians employed by the Employer from its facility located at 406 SW 7th St Oklahoma City, OK, but EXCLUDING all other employees, including store/inventory clerks, cleaners, office clerical employees, professional employees, managerial employees, guards and supervisors as defined in the Act.",NA,NA,NA,49,2020-07-01,2020-07-01,"26-50",TRUE,"RC","Yes","Amalgamated Transit Union Local 993",1,"ATU",0.636363636363636,"Yes",5
"14-RC-262365","Region 14, Saint Louis, Missouri","Verdigris Valley Electric Cooperative, Inc.",2020-06-30,2020-07-23,"Collinsville","OK",NA,NA,39,NA,NA,NA,NA,NA,NA,NA,NA,NA,NA,NA,NA,NA,NA,NA,"Withdrawal Non-adjusted","Closed",NA,NA,NA,NA,NA,NA,2020-04-01,"26-50",TRUE,"RC","No",NA,0,"Uncoded",NA,"Other",NA
"14-RD-254082","Region 14, Saint Louis, Missouri","Sysco Oklahoma",2019-12-26,2020-07-22,"Norman","OK",NA,NA,120,NA,NA,NA,NA,NA,NA,NA,NA,NA,NA,NA,NA,NA,NA,NA,"Withdrawal Non-adjusted","Closed",NA,NA,NA,NA,NA,NA,2019-10-01,"101-500",TRUE,"RD","No",NA,0,"Uncoded",NA,"Other",NA
"14-RC-252716","Region 14, Saint Louis, Missouri","Strategic Resources, Inc. (SRI)",2019-12-03,2020-01-10,"Fort Sill","OK","A",2019-12-31,4,NA,"International Association of Machinists and Aerospace Workers, Local Lodge 47",1,NA,NA,NA,NA,2,3,NA,NA,NA,"International Association of Machinists and Aerospace Workers, Local Lodge 47","Initial","Single Labor Organization","Certification of Results","Closed","All full-time and regular part-time Military Family Life Counselors (MFLC) employed by the Employer on the MFLC Program at Ft. Sill Army Base, in Oklahoma, but EXCLUDING all other employees, managerial employees, office clerical employees,professional employees, guards, and supervisors as defined in the Act.",NA,NA,NA,28,2019-10-01,2019-10-01,"<5",TRUE,"RC","Yes","International Association of Machinists and Aerospace Workers, Local Lodge 47",1,"IAM",0.333333333333333,"No",1
"14-UC-250360","Region 14, Saint Louis, Missouri","Cytek Industrial Materials Inc. d/b/a Solvay",2019-10-21,2019-10-28,"Tulsa","OK",NA,NA,70,NA,NA,NA,NA,NA,NA,NA,NA,NA,NA,NA,NA,NA,NA,NA,"Withdrawal Non-adjusted","Closed",NA,NA,NA,NA,NA,NA,2019-10-01,"51-100",TRUE,"UC","No",NA,0,"Uncoded",NA,"Other",NA
"14-UC-249280","Region 14, Saint Louis, Missouri","Cytek Industrial Materials Inc. d/b/a Solvay",2019-10-02,2019-10-11,"Tulsa","OK",NA,NA,70,NA,NA,NA,NA,NA,NA,NA,NA,NA,NA,NA,NA,NA,NA,NA,"Withdrawal Non-adjusted","Closed",NA,NA,NA,NA,NA,NA,2019-10-01,"51-100",TRUE,"UC","No",NA,0,"Uncoded",NA,"Other",NA
"14-RD-248476","Region 14, Saint Louis, Missouri","New NGC Inc. d/b/a National Gypsum",2019-09-18,2020-01-24,"Pryor","OK","A",2020-01-10,60,1,"United Steel, Paper and Forestry, Rubber, Manufacturing, Energy, Allied Industrial and Service Workers, USW International Union and Local #13-1141",46,NA,NA,NA,NA,11,57,NA,NA,NA,"United Steel, Paper and Forestry, Rubber, Manufacturing, Energy, Allied Industrial and Service Workers, USW International Union and Local #13-1141","Initial","Single Labor Organization","Certific. of Representative","Closed","All full-time and regular part-time production and maintenance employees employed by the Employer at its facility located at 4189 Hunt St., Pryor, OK, but excluding all office clerical employees, professional employees, testers, janitors, guards and supervisors as defined in the Act.",NA,NA,NA,114,2020-01-01,2019-07-01,"51-100",TRUE,"RD","Yes","United Steel, Paper and Forestry, Rubber, Manufacturing, Energy, Allied Industrial and Service Workers, USW International Union and Local #13-1141",1,"USW",0.807017543859649,"Yes",3
"14-RC-246243","Region 14, Saint Louis, Missouri","Sonoran Technology and Professional Services, LLC",2019-08-08,2019-09-10,"Altus Afb","OK","A",2019-08-27,10,NA,"International Association of Machinists and Aerospace Workers, AFL-CIO",9,NA,NA,NA,NA,1,10,NA,NA,NA,"International Association of Machinists and Aerospace Workers, AFL-CIO","Initial","Single Labor Organization","Certific. of Representative","Closed","All full-time and regular part-time Standardization & Evaluation (Stan/Eval) support employees, Training support employees, and Aircrew Scheduling/Programming support employees employed by the Employer at Altus Air Force Base, Altus, OK, but EXCLUDING office clerical employees, professional employees, guards and supervisors as defined in the Act, and all other employees.",NA,NA,NA,19,2019-07-01,2019-07-01,"6-10",TRUE,"RC","Yes","International Association of Machinists and Aerospace Workers, AFL-CIO",1,"IAM",0.9,"Yes",0
"14-RC-245030","Region 14, Saint Louis, Missouri","Cytec Industrial Materials (OK) Inc. d/b/a Solvay",2019-07-17,2019-08-19,"Tulsa","OK","A",2019-08-08,79,NA,"United Steel, Paper and Forestry, Rubber, Manufacturing, Energy, Allied Industrial and Service Workers International Union AFL-CIO",56,NA,NA,NA,NA,8,64,NA,10,NA,"United Steel, Paper and Forestry, Rubber, Manufacturing, Energy, Allied Industrial and Service Workers International Union AFL-CIO","Initial","Single Labor Organization","Certific. of Representative","Closed","All full-time and regular part-time production employees, employed by the Employer at its 5350 South 129th East Avenue, Tulsa, Oklahoma facility; but EXCLUDING all Maintenance Technicians, Quality Control, Shift Team Leads, office clerical employees, professional employees, guards and supervisors as defined in the Act, and all other employees.",NA,NA,NA,22,2019-07-01,2019-07-01,"51-100",TRUE,"RC","Yes","United Steel, Paper and Forestry, Rubber, Manufacturing, Energy, Allied Industrial and Service Workers International Union AFL-CIO",1,"USW",0.875,"Yes",15
"14-RC-244383","Region 14, Saint Louis, Missouri","Triple Canopy, Inc.",2019-07-05,2019-08-05,"Muskogee","OK","A",2019-07-26,30,NA,"United Government Security Officers of America International Union and United Government Security Officers of America Local 259 a/w United Government Security Officers of America International Union",22,NA,NA,NA,NA,0,22,NA,NA,NA,"United Government Security Officers of America International Union and United Government Security Officers of America Local 259 a/w United Government Security Officers of America International Union","Initial","Single Labor Organization","Certific. of Representative","Closed","All full-time and regular part-time armed and unarmed guards performing guard duties, as defined in Section 9(b)(3) of the Act, employed by Triple Canopy, Inc., at the following U.S. Government building locations: 125 S Main St., Muskogee, OK; 122 Eastside Blvd., Muskogee, OK; 800 E Okmulgee St., Muskogee, OK; 520 Denison Ave., Muskogee, OK; 101 N 5th St., Muskogee, OK; 2401 W Shawnee St., Muskogee, OK; 524 S 2nd St., McAlester, OK; and 902 S George Nigh Expressway, McAlester, OK, but excluding all other employees, office clerical employees, managers, and professional employees and supervisors as defined by the Act.",NA,NA,NA,21,2019-07-01,2019-07-01,"26-50",TRUE,"RC","Yes","United Government Security Officers of America International Union and United Government Security Officers of America Local 259 a/w United Government Security Officers of America International Union",1,"UGSOA",1,"Yes",8
"14-RM-241186","Region 14, Saint Louis, Missouri","Nestle Purina PetCare Company",2019-05-09,2019-06-06,"Edmond","OK",NA,NA,18,NA,NA,NA,NA,NA,NA,NA,NA,NA,NA,NA,NA,NA,NA,NA,"Dismissal Non-adjusted","Closed",NA,NA,NA,NA,NA,NA,2019-04-01,"11-25",TRUE,"RM","No",NA,0,"Uncoded",NA,"Other",NA
"14-RD-238749","Region 14, Saint Louis, Missouri","Schlumberger Technology Corp.",2019-04-01,2019-05-13,"Bartlesville","OK","A",2019-04-25,103,NA,"International Union of Operating Engineers, AFL-CIO, Local 351",59,NA,NA,NA,NA,41,100,NA,1,NA,"International Union of Operating Engineers, AFL-CIO, Local 351","Initial","Single Labor Organization","Certific. of Representative","Closed","All employees engaged in the productive operation and maintenance of the Schlumberger Bartlesville Technology Center, Bartlesville, Oklahoma; but EXCLUDING all office, professional, and confidential employees and all supervisors as defined in Section 2 of the Act as amended.",NA,NA,NA,24,2019-04-01,2019-04-01,"101-500",TRUE,"RD","Yes","International Union of Operating Engineers, AFL-CIO, Local 351",1,"IUOE",0.59,"Yes",3
"14-RC-236158","Region 14, Saint Louis, Missouri","TK&K Services, LLC",2019-02-19,2019-03-25,"Tinker AFB","OK","A",2019-03-15,4,NA,"International Brotherhood of Teamsters Local 886",3,NA,NA,NA,NA,1,4,NA,NA,NA,"International Brotherhood of Teamsters Local 886","Initial","Single Labor Organization","Certific. of Representative","Closed","All full-time and regular part-time fuel distribution operators and fuel distribution mechanics working at Altus Air Force Base, OK, but EXCLUDING all other employees, office clerical employees
, professional employees, managerial employees, guards and supervisors as defined in the Act.",NA,NA,NA,24,2019-01-01,2019-01-01,"<5",TRUE,"RC","Yes","International Brotherhood of Teamsters Local 886",1,"Teamsters",0.75,"Yes",0
"14-RC-234703","Region 14, Saint Louis, Missouri","Armstrong Flooring, Inc.",2019-01-25,2019-06-10,"Stillwater","OK","A",2019-05-29,102,NA,"United Steel, Paper & Forestry, Rubber, Manufacturing, Energy, Allied Industrial & Service Workers",47,NA,NA,NA,NA,52,99,NA,NA,NA,"United Steel, Paper & Forestry, Rubber, Manufacturing, Energy, Allied Industrial & Service Workers","Initial","Revised Single Labor Org","Certification of Results","Closed","All full-time and regular part-time maintenance, production and quality employees in Print, DC, LVT, Baseline, C&F and MFG/DST, at Armstrong Flooring, Inc.’s facility located at 4115 N. Perkins Road, Stillwater, Oklahoma 74075 but excluding all other employees, including office clerical, temporary employees, engineering, management, guards and supervisors as defined in the Act.",NA,NA,NA,124,2019-04-01,2019-01-01,"101-500",TRUE,"RC","Yes","United Steel, Paper & Forestry, Rubber, Manufacturing, Energy, Allied Industrial & Service Workers",1,"USW",0.474747474747475,"No",3
"14-RC-234703","Region 14, Saint Louis, Missouri","Armstrong Flooring, Inc.",2019-01-25,2019-06-10,"Stillwater","OK","A",2019-02-13,102,NA,"United Steel, Paper & Forestry, Rubber, Manufacturing, Energy, Allied Industrial & Service Workers",47,NA,NA,NA,NA,41,88,NA,11,"Y","United Steel, Paper & Forestry, Rubber, Manufacturing, Energy, Allied Industrial & Service Workers","Initial","Single Labor Organization","Certification of Results","Closed","All full-time and regular part-time maintenance, production and quality employees in Print, DC, LVT, Baseline, C&F and MFG/DST, at Armstrong Flooring, Inc.’s facility located at 4115 N. Perkins Road, Stillwater, Oklahoma 74075 but excluding all other employees, including office clerical, temporary employees, engineering, management, guards and supervisors as defined in the Act.",NA,NA,NA,19,2019-01-01,2019-01-01,"101-500",FALSE,"RC","Yes","United Steel, Paper & Forestry, Rubber, Manufacturing, Energy, Allied Industrial & Service Workers",1,"USW",0.534090909090909,"No",14
"14-RC-233878","Region 14, Saint Louis, Missouri","One Gas Company",2019-01-10,2019-01-18,"Tulsa","OK",NA,NA,160,NA,NA,NA,NA,NA,NA,NA,NA,NA,NA,NA,NA,NA,NA,NA,"Withdrawal Non-adjusted","Closed",NA,NA,NA,NA,NA,NA,2019-01-01,"101-500",TRUE,"RC","No",NA,0,"Uncoded",NA,"Other",NA
"14-RC-228764","Region 14, Saint Louis, Missouri","Asplundh Tree Expert, LLC",2018-10-09,2018-10-29,"Bartlesville","OK",NA,NA,13,NA,NA,NA,NA,NA,NA,NA,NA,NA,NA,NA,NA,NA,NA,NA,"Withdrawal Non-adjusted","Closed",NA,NA,NA,NA,NA,NA,2018-10-01,"11-25",TRUE,"RC","No",NA,0,"Uncoded",NA,"Other",NA
"14-RD-228682","Region 14, Saint Louis, Missouri","Smithfield Direct LLC",2018-10-05,2018-11-05,"Broken Arrow","OK","A",2018-10-26,12,NA,"International Brotherhood of Teamsters Local Union No. 523",2,NA,NA,NA,NA,9,11,NA,NA,NA,"International Brotherhood of Teamsters Local Union No. 523","Initial","Single Labor Organization","Certification of Results","Closed","All full-time and regular part-time Route Sales Representatives (RSRs) and all General Workers at the Employer’s facility located at 1901 West Iola Street, Broken Arrow, Oklahoma, but EXCLUDING all office clerical employees, professional employees, confidential employees, guards, and supervisors as defined in the Act, and all other employees.",NA,NA,NA,21,2018-10-01,2018-10-01,"11-25",TRUE,"RD","Yes","International Brotherhood of Teamsters Local Union No. 523",1,"Teamsters",0.181818181818182,"No",1
"14-RC-223491","Region 14, Saint Louis, Missouri","Professional Contract Services, Inc. (PCSI)",2018-07-11,2018-08-08,"Fort Sill","OK","A",2018-07-25,32,NA,"Plumbers & Pipefitters Local #344, affiliated with United Association of Journeymen and Apprentices of the Plumbing & Pipefitting Industry",21,NA,NA,NA,NA,6,27,NA,NA,NA,"Plumbers & Pipefitters Local #344, affiliated with United Association of Journeymen and Apprentices of the Plumbing & Pipefitting Industry","Initial","Single Labor Organization","Certific. of Representative","Closed","All full-time and regular part-time HVAC Mechanics (less than 20 tons), HVAC Mechanics (greater than 20 tons), Electronic Technician II, Electronic Technician III (lead), Fire Alarm Systems Mechanic, Boiler Tender, Boiler Tender Lead, Sheet Metal Worker, Sheet Metal Worker Lead, Fuel Distribution System Mechanic and Welders employed by the Employer at its facility located at 1946 Barbour Rd, Fort Sill, OK, but EXCLUDING office clerical employees, professional employees, managerial employees, guards and supervisors as defined in the Act, and all other employees.",NA,NA,NA,14,2018-07-01,2018-07-01,"26-50",TRUE,"RC","Yes","Plumbers & Pipefitters Local #344, affiliated with United Association of Journeymen and Apprentices of the Plumbing & Pipefitting Industry",1,"UA",0.777777777777778,"Yes",5
"14-RC-222169","Region 14, Saint Louis, Missouri","Baker Petrolite LLC",2018-06-15,2018-08-03,"Sand Springs","OK","A",2018-07-24,113,NA,"International Association of Bridge, Structural, Ornamental & Reinforcing Iron Workers Local 584",41,NA,NA,NA,NA,68,109,NA,NA,"N","International Association of Bridge, Structural, Ornamental & Reinforcing Iron Workers Local 584","Initial","Revised Single Labor Org","Certification of Results","Closed","All full-time and regular part-time production and maintenance employees, including lab technicians employed by the Employer at its facility located at 9100 W. 21st Street, Sand Springs, Oklahoma 74063, but EXCLUDING all other employees, professional employees, office clerical employees, guards, and supervisors as defined by the Act.",NA,NA,NA,39,2018-07-01,2018-04-01,"101-500",TRUE,"RC","Yes","International Association of Bridge, Structural, Ornamental & Reinforcing Iron Workers Local 584",1,"Ironworkers",0.376146788990826,"No",4
"14-RC-222169","Region 14, Saint Louis, Missouri","Baker Petrolite LLC",2018-06-15,2018-08-03,"Sand Springs","OK","A",2018-07-10,113,NA,"International Association of Bridge, Structural, Ornamental & Reinforcing Iron Workers Local 584",40,NA,NA,NA,NA,53,93,NA,16,"Y","International Association of Bridge, Structural, Ornamental & Reinforcing Iron Workers Local 584","Initial","Single Labor Organization","Certification of Results","Closed","All full-time and regular part-time production and maintenance employees, including lab technicians employed by the Employer at its facility located at 9100 W. 21st Street, Sand Springs, Oklahoma 74063, but EXCLUDING all other employees, professional employees, office clerical employees, guards, and supervisors as defined by the Act.",NA,NA,NA,25,2018-07-01,2018-04-01,"101-500",FALSE,"RC","Yes","International Association of Bridge, Structural, Ornamental & Reinforcing Iron Workers Local 584",1,"Ironworkers",0.43010752688172,"No",20
"14-RC-222107","Region 14, Saint Louis, Missouri","FlightSafety Services Corp.",2018-06-15,2018-07-16,"Altus Afb","OK","A",2018-07-06,16,NA,"International Association of Machinists and Aerospace Workers, AFL-CIO",13,NA,NA,NA,NA,0,13,NA,NA,NA,"International Association of Machinists and Aerospace Workers, AFL-CIO","Initial","Single Labor Organization","Certific. of Representative","Closed","All full and regular part time hourly employees on the KC-46 aircrew training system contract to include Pilot Instructors, Boom Operator Instructors, Ground Training Instructors, Maintenance Tech I, II, and III, scheduler, MHE handler (K-load driver) working at Altus AFB, OK employed by the Employer, but excluding office clerical employees, professional employees, managerial employees, guards, and supervisors, as defined in the Act.",NA,NA,NA,21,2018-07-01,2018-04-01,"11-25",TRUE,"RC","Yes","International Association of Machinists and Aerospace Workers, AFL-CIO",1,"IAM",1,"Yes",3
"14-RC-221287","Region 14, Saint Louis, Missouri","PAE Aviation and Technical Services, LLC",2018-06-01,2018-07-02,"Oklahoma City","OK","A",2018-06-22,12,NA,"International Association of Machinists and Aerospace Workers, AFL-CIO",11,NA,NA,NA,NA,0,11,NA,NA,NA,"International Association of Machinists and Aerospace Workers, AFL-CIO","Initial","Single Labor Organization","Certific. of Representative","Closed","All full-time and regular part-time hourly employees to include Mechanics, Lead Mechanic, QC Inspectors, Avionics, and GSE Workers employed by the Employer at its Oklahoma City, OK facility, but EXCLUDING office clerical employees, professional employees, managerial employees, guards and supervisors as defined in the Act.",NA,NA,NA,21,2018-04-01,2018-04-01,"11-25",TRUE,"RC","Yes","International Association of Machinists and Aerospace Workers, AFL-CIO",1,"IAM",1,"Yes",1
"14-RC-221294","Region 14, Saint Louis, Missouri","FLIGHT SAFETY INTERNATIONAL",2018-06-01,2018-06-06,"Altus Afb","OK",NA,NA,18,NA,NA,NA,NA,NA,NA,NA,NA,NA,NA,NA,NA,NA,NA,NA,"Withdrawal Non-adjusted","Closed",NA,NA,NA,NA,NA,NA,2018-04-01,"11-25",TRUE,"RC","No",NA,0,"Uncoded",NA,"Other",NA
"14-RC-217329","Region 14, Saint Louis, Missouri","Nestle Purina PetCare Company",2018-03-28,2018-04-30,"Edmond","OK","A",2018-04-19,17,NA,"Bakery, Confectionery, Tobacco Workers and Grain Millers International Union Local 366G",9,NA,NA,NA,NA,8,17,NA,NA,NA,"Bakery, Confectionery, Tobacco Workers and Grain Millers International Union Local 366G","Initial","Single Labor Organization","Certific. of Representative","Closed","All full-time and regular part-time Quality Assurance employees employed by the Employer at its facility located at  13900 N Lincoln Blvd, Edmond, OK, but EXCLUDING Quality Assurance Managers, Team Leaders, guards and supervisors as defined in the Act, and all other employees.",NA,NA,NA,22,2018-04-01,2018-01-01,"11-25",TRUE,"RC","Yes","Bakery, Confectionery, Tobacco Workers and Grain Millers International Union Local 366G",1,"BCTGM",0.529411764705882,"Yes",0
"14-RC-213671","Region 14, Saint Louis, Missouri","Aircraft Service International, Inc.",2018-01-26,2018-10-05,"Tulsa","OK",NA,NA,25,NA,NA,NA,NA,NA,NA,NA,NA,NA,NA,NA,NA,NA,NA,NA,"Withdrawal Non-adjusted","Closed",NA,NA,NA,NA,NA,NA,2018-01-01,"11-25",TRUE,"RC","No",NA,0,"Uncoded",NA,"Other",NA
"14-RC-212963","Region 14, Saint Louis, Missouri","Menzies Aviation",2018-01-12,2018-01-24,"Tulsa","OK",NA,NA,25,NA,NA,NA,NA,NA,NA,NA,NA,NA,NA,NA,NA,NA,NA,NA,"Withdrawal Non-adjusted","Closed",NA,NA,NA,NA,NA,NA,2018-01-01,"11-25",TRUE,"RC","No",NA,0,"Uncoded",NA,"Other",NA
"14-RD-212844","Region 14, Saint Louis, Missouri","Great Plains CCBC (Southwest CCBC)",2018-01-10,2019-04-03,"Okmulgee","OK",NA,NA,43,NA,NA,NA,NA,NA,NA,NA,NA,NA,NA,NA,NA,NA,NA,NA,"Withdrawal Non-adjusted","Closed",NA,NA,NA,NA,NA,NA,2018-01-01,"26-50",TRUE,"RD","No",NA,0,"Uncoded",NA,"Other",NA
"14-RD-212162","Region 14, Saint Louis, Missouri","APAC-Central, Inc.",2017-12-26,2018-01-29,"Vinita","OK","A",2018-01-19,4,NA,"International Brotherhood of Teamsters, Chauffeurs, Warehousemen, Local 523",0,NA,NA,NA,NA,2,2,NA,NA,NA,"International Brotherhood of Teamsters, Chauffeurs, Warehousemen, Local 523","Initial","Single Labor Organization","Certification of Results","Closed","All drivers and truck mechanics employed by the Employer from its facility located at 26457 S 4460 Road, Vinita, OK, 74301, but EXCLUDING all professional employees, office clerical employees, guards, and supervisors, as defined by the Act, and all other employees.",NA,NA,NA,24,2018-01-01,2017-10-01,"<5",TRUE,"RD","Yes","International Brotherhood of Teamsters, Chauffeurs, Warehousemen, Local 523",1,"Teamsters",0,"No",2
"14-RD-207046","Region 14, Saint Louis, Missouri","Southwest Electric Company",2017-09-28,2017-10-30,"Oklahoma City","OK","A",2017-10-19,78,NA,"Communications Workers of America, AFL-CIO",22,NA,NA,NA,NA,53,75,NA,NA,NA,"Communications Workers of America, AFL-CIO","Initial","Single Labor Organization","Certification of Results","Closed","All full-time and regular part-time employees in the Power Transformer Division, Specialty Transformer Division and Oklahoma City Motor Division employed by the Employer at its facility located at 6503 Southeast 74th Street, Oklahoma City, Oklahoma, but EXCLUDING all office clerical employees, temporary employees, professional employees, guards and supervisors as defined in the Act, and all other employees.",NA,NA,NA,21,2017-10-01,2017-07-01,"51-100",TRUE,"RD","Yes","Communications Workers of America, AFL-CIO",1,"CWA",0.293333333333333,"No",3
"14-RC-204291","Region 14, Saint Louis, Missouri","Cushman & Wakefield National Corporation",2017-08-14,2017-09-18,"Tulsa","OK","A",2017-09-08,6,NA,"International Union of Operating Engineers Local 627",5,NA,NA,NA,NA,0,5,NA,1,NA,"International Union of Operating Engineers Local 627","Initial","Single Labor Organization","Certific. of Representative","Closed","All full-time and regular part-time static engineers employed by the Employer at its facility located at 6929 N Lakewood Ave, Tulsa, OK, but EXCLUDING all other employees, professional employees, clerical employees, guards and supervisors as defined in the Act.",NA,NA,NA,25,2017-07-01,2017-07-01,"6-10",TRUE,"RC","Yes","International Union of Operating Engineers Local 627",1,"IUOE",1,"Yes",1
"14-RC-201091","Region 14, Saint Louis, Missouri","SAIC (Science Applications International Corporation)",2017-06-22,2017-08-17,"Oklahoma City","OK","A",2017-08-07,284,9,"INTERNATIONAL ASSOCIATION OF MACHINISTS AND AEROSPACE WORKERS, AFL-CIO",173,NA,NA,NA,NA,56,229,NA,2,NA,"INTERNATIONAL ASSOCIATION OF MACHINISTS AND AEROSPACE WORKERS, AFL-CIO","Initial","Single Labor Organization","Certific. of Representative","Closed","All full-time and regular part-time casual employees employed by the Employer at the FAA Mike Monroney Aeronautical Center in Oklahoma City, OK in the following classifications:  Instructors I, Instructors II, Instructors III, Lab Manager, and Course Coordinator and working in the following domains:  Enroute, Lab, TWR, RTF, and Basics specialized under Contract 80TFAW-15-0-00016, but EXCLUDING office Clerical employees, Guards and Supervisors as defined in the Act.",NA,NA,NA,46,2017-07-01,2017-04-01,"101-500",TRUE,"RC","Yes","INTERNATIONAL ASSOCIATION OF MACHINISTS AND AEROSPACE WORKERS, AFL-CIO",1,"IAM",0.755458515283843,"Yes",55
"14-RC-198022","Region 14, Saint Louis, Missouri","Geo Corrections & Detention, LLC",2017-05-03,2017-05-10,"Lawton","OK",NA,NA,200,NA,NA,NA,NA,NA,NA,NA,NA,NA,NA,NA,NA,NA,NA,NA,"Withdrawal Non-adjusted","Closed",NA,NA,NA,NA,NA,NA,2017-04-01,"101-500",TRUE,"RC","No",NA,0,"Uncoded",NA,"Other",NA
"14-RC-195850","Region 14, Saint Louis, Missouri","Armour-Eckrich Meats, Inc.",2017-03-30,2017-05-02,"Broken Arrow","OK","A",2017-04-21,13,NA,"International Brotherhood of Teamsters, Chauffeurs, Warehousemen, Local 523",7,NA,NA,NA,NA,5,12,NA,NA,NA,"International Brotherhood of Teamsters, Chauffeurs, Warehousemen, Local 523","Initial","Single Labor Organization","Certific. of Representative","Closed","All full-time and regular part-time Route Sales Representatives (RSRs) and all General Workers at the Employer’s facility located at 1901 W. Iola Street, Broken Arrow, OK, but EXCLUDING all office clerical employees, professional employees, confidential employees, guards, and supervisors as defined in the Act, and all other employees.",NA,NA,NA,22,2017-04-01,2017-01-01,"11-25",TRUE,"RC","Yes","International Brotherhood of Teamsters, Chauffeurs, Warehousemen, Local 523",1,"Teamsters",0.583333333333333,"Yes",1
"14-RC-189414","Region 14, Saint Louis, Missouri","Great Plains Coca-Cola Bottling Company",2016-12-07,2017-01-09,"Okmulgee","OK","A",2016-12-30,41,NA,"International Brotherhood of Teamsters Local Union No. 523",20,NA,NA,NA,NA,18,38,NA,NA,NA,"International Brotherhood of Teamsters Local Union No. 523","Initial","Single Labor Organization","Certific. of Representative","Closed","All full-time and regular part-time bulk drivers, transport drivers, and red route drivers employed by the Employer at its facility located at 1304 W 20th St., Okmulgee, OK, but EXCLUDING all other employees, office clerical employees, guard, and supervisors as defined in the Act.",NA,NA,NA,23,2016-10-01,2016-10-01,"26-50",TRUE,"RC","Yes","International Brotherhood of Teamsters Local Union No. 523",1,"Teamsters",0.526315789473684,"Yes",3
"14-RD-183990","Region 14, Saint Louis, Missouri","Balfour Beatty Communities, LLC",2016-09-12,2017-03-03,"Tinker AFB","OK",NA,NA,13,NA,NA,NA,NA,NA,NA,NA,NA,NA,NA,NA,NA,NA,NA,NA,"Withdrawal Non-adjusted","Closed",NA,NA,NA,NA,NA,NA,2016-07-01,"11-25",TRUE,"RD","No",NA,0,"Uncoded",NA,"Other",NA
"14-RC-176753","Region 14, Saint Louis, Missouri","Rockford Corporation",2016-05-23,2016-06-13,"Oklahoma City","OK",NA,NA,5,NA,NA,NA,NA,NA,NA,NA,NA,NA,NA,NA,NA,NA,NA,NA,"Dismissal Non-adjusted","Closed",NA,NA,NA,NA,NA,NA,2016-04-01,"<5",TRUE,"RC","No",NA,0,"Uncoded",NA,"Other",NA
"14-RC-175584","Region 14, Saint Louis, Missouri","Railcrew Xpress, LLC",2016-05-05,2016-06-23,"Ardmore","OK","A",2016-06-13,26,NA,"International Brotherhood of Teamsters, Local 886",15,NA,NA,NA,NA,4,19,NA,1,NA,"International Brotherhood of Teamsters, Local 886","Initial","Single Labor Organization","Certific. of Representative","Closed","All full-time and regular part-time drivers employed by the Employer at 430 East Main Street, Ravia, OK, from the Employer’s headquarters located at 9867 Widmer Road, Lenexa, Kansas, but EXCLUDING office clerical employees, professional employees, confidential employees, guards and supervisors as defined in the Act, and all other employees.",NA,NA,NA,39,2016-04-01,2016-04-01,"26-50",TRUE,"RC","Yes","International Brotherhood of Teamsters, Local 886",1,"Teamsters",0.789473684210526,"Yes",7
"14-RD-172719","Region 14, Saint Louis, Missouri","Tribune Broadcasting Oklahoma City, LLC",2016-03-29,2016-04-28,"Oklahoma City","OK","A",2016-04-18,14,NA,"Screen Actors Guild-American Federation of Television and Radio Artists (SAG-AFTRA), Dallas/Ft. Worth Local, AFL-CIO",8,NA,NA,NA,NA,5,13,NA,NA,NA,"Screen Actors Guild-American Federation of Television and Radio Artists (SAG-AFTRA), Dallas/Ft. Worth Local, AFL-CIO","Initial","Single Labor Organization","Certific. of Representative","Closed","All full time and regular part-time photographers/photojournalists and ENG truck operators employed by the Employer at its facility located at 444 East Britton Road, Oklahoma City, Oklahoma, but EXCLUDING All chief photographers/photojournalists; chief engineers, engineers, anchors, editors, helicopter pilots, ENG editors, meteorologists, multi-media journalists, operators, producers, reporters, writers, directors, managers, graphic artists, webmasters, promotion producers, account executives, traffic employees, media coordinators, accounting employees, clerical employees, professional employees, guards and supervisors as defined in the Act, and all other employees.",NA,NA,NA,20,2016-04-01,2016-01-01,"11-25",TRUE,"RD","Yes","Screen Actors Guild-American Federation of Television and Radio Artists (SAG-AFTRA), Dallas/Ft. Worth Local, AFL-CIO",1,"SAG-AFTRA",0.615384615384615,"Yes",1
"14-RC-171284","Region 14, Saint Louis, Missouri","RailCrew Xpress, LLC",2016-03-08,2016-04-18,"Enid","OK","A",2016-04-07,16,NA,"International Brotherhood of Teamsters, Local 886",11,NA,NA,NA,NA,0,11,NA,1,NA,"International Brotherhood of Teamsters, Local 886","Initial","Single Labor Organization","Certific. of Representative","Closed","bAll full-time and regular part-time drivers employed by the Employer at 1000 E Peach St., Enid, OK, from the Employer’s headquarters located at 9867 Widmer Road, Lenexa, Kansas, but EXCLUDING office clerical employees, professional employees, confidential employees, guards and supervisors as defined in the Act and all other employees.",NA,NA,NA,30,2016-04-01,2016-01-01,"11-25",TRUE,"RC","Yes","International Brotherhood of Teamsters, Local 886",1,"Teamsters",1,"Yes",5
"14-RC-163941","Region 14, Saint Louis, Missouri","Work Services Corporation",2015-11-10,2016-01-07,"Fort Sill","OK",NA,NA,34,NA,NA,NA,NA,NA,NA,NA,NA,NA,NA,NA,NA,NA,NA,NA,"Withdrawal Non-adjusted","Closed",NA,NA,NA,NA,NA,NA,2015-10-01,"26-50",TRUE,"RC","No",NA,0,"Uncoded",NA,"Other",NA
"14-RC-162149","Region 14, Saint Louis, Missouri","American Medical Response Ambulance Service, Inc.",2015-10-16,2015-11-20,"Oklahoma City","OK","A",2015-11-10,31,NA,"INTERNATIONAL ASSOCIATION OF EMTS AND PARAMEDICS/NAGE/SEIU LOCAL 5000",13,NA,NA,NA,NA,0,16,NA,3,NA,"INTERNATIONAL ASSOCIATION OF EMTS AND PARAMEDICS/NAGE/SEIU LOCAL 5000","Initial","Single Labor Organization","Certific. of Representative","Closed","All full-time and regular part-time dispatchers and call-takers employed by the Employer at is facility located at 1111 Classen Dr., Oklahoma City, OK, but EXCLUDING all other employees, professional employees, office clerical employees, guards, and supervisors as defined in the Act.",NA,NA,NA,25,2015-10-01,2015-10-01,"26-50",TRUE,"RC","Yes","INTERNATIONAL ASSOCIATION OF EMTS AND PARAMEDICS/NAGE/SEIU LOCAL 5000",1,"NAGE",1,"Yes",18
"14-RC-159712","Region 14, Saint Louis, Missouri","Summit Inspections Services, Inc.",2015-09-09,2015-09-29,"Ponca City","OK",NA,NA,10,NA,NA,NA,NA,NA,NA,NA,NA,NA,NA,NA,NA,NA,NA,NA,"Withdrawal Non-adjusted","Closed",NA,NA,NA,NA,NA,NA,2015-07-01,"6-10",TRUE,"RC","No",NA,0,"Uncoded",NA,"Other",NA
"14-RC-158714","Region 14, Saint Louis, Missouri","RailCrew Xpress, LLC",2015-08-25,2015-10-19,"Oklahoma City","OK","A",2015-10-05,38,2,"International Brotherhood of Teamsters, Local 886",25,NA,NA,NA,NA,0,25,NA,4,NA,"International Brotherhood of Teamsters, Local 886","Initial","Single Labor Organization","Certific. of Representative","Closed","All full-time and regular part-time drivers employed by the Employer at 8401 S. Eastern Avenue, Oklahoma City, OK, from the Employer’s headquarters located at 9867 Widmer Road, Lenexa, Kansas, but EXCLUDING office clerical employees, professional employees, confidential employees, guards and supervisors as defined in the Act and all other employees.

Others permitted to vote: The parties have agreed that lead drivers and dispatchers may vote in the election but their ballots will be challenged since their eligibility has not been resolved.  No decision has been made regarding whether the individuals in these classifications or groups are included in, or excluded from, the bargaining unit.  The eligibility or inclusion of these individuals will be resolved, if necessary, following the election.",NA,NA,NA,41,2015-10-01,2015-07-01,"26-50",TRUE,"RC","Yes","International Brotherhood of Teamsters, Local 886",1,"Teamsters",1,"Yes",13
"14-RC-157045","Region 14, Saint Louis, Missouri","Luckinbill, Inc.",2015-07-30,2015-12-02,"Edmond","OK","A",2015-10-01,8,NA,"Road Sprinklerfitters Local Union 669, U.A., AFL-CIO",4,NA,NA,NA,NA,4,8,NA,1,"Y","Road Sprinklerfitters Local Union 669, U.A., AFL-CIO","Initial","Single Labor Organization","Certification of Results","Closed","All full-time and regular part-time employees engaged in the installation, maintenance, service, inspection and repair of fire protection systems employed by the Employer at its facilities located at 409 Centennial Blvd., Edmond, OK; 304 E Broadway, Enid, OK; and 605 SE 2nd, Lawton, OK, but excluding commercial fire alarm technicians, owners, family members, office clerical employees, professional employees, managerial employees, guards and supervisors as defined in the Act, and all other employees.",NA,NA,NA,63,2015-10-01,2015-07-01,"6-10",TRUE,"RC","Yes","Road Sprinklerfitters Local Union 669, U.A., AFL-CIO",0,"Uncoded",0.5,"No",0
"14-RC-156740","Region 14, Saint Louis, Missouri","Balfour Beatty Communities, LLC",2015-07-24,2015-09-04,"Tinker Afb","OK","A",2015-08-19,14,NA,"INTERNATIONAL ASSOCIATION OF MACHINISTS AND AEROSPACE WORKERS, AFL-CIO",9,NA,NA,NA,NA,5,14,NA,NA,NA,"INTERNATIONAL ASSOCIATION OF MACHINISTS AND AEROSPACE WORKERS, AFL-CIO","Initial","Single Labor Organization","Certific. of Representative","Closed","All full-time and regular part-time Maintenance Technicians, Finance Specialists, Business Procurement Administrators, Resident Specialists, Roads & Grounds, Attendants, and Work Order Administrators employed by the Employer at Tinker Air Force Base, Oklahoma, but EXCLUDING all office clerical employees, professional employees, managerial employees, guards and supervisors as defined in the Act.",NA,NA,NA,26,2015-07-01,2015-07-01,"11-25",TRUE,"RC","Yes","INTERNATIONAL ASSOCIATION OF MACHINISTS AND AEROSPACE WORKERS, AFL-CIO",1,"IAM",0.642857142857143,"Yes",0
"14-RC-156553","Region 14, Saint Louis, Missouri","DRS Technical Services, Inc.",2015-07-22,2015-08-17,"Oklahoma City","OK",NA,NA,3,NA,NA,NA,NA,NA,NA,NA,NA,NA,NA,NA,NA,NA,NA,NA,"Withdrawal Non-adjusted","Closed",NA,NA,NA,NA,NA,NA,2015-07-01,"<5",TRUE,"RC","No",NA,0,"Uncoded",NA,"Other",NA
"14-RC-148359","Region 14, Saint Louis, Missouri","Best Loading Services, Inc.",2015-03-17,2015-05-04,"Oklahoma City","OK","A",2015-04-24,13,NA,"INTERNATIONAL BROTHERHOOD OF TEAMSTERS, LOCAL 886",11,NA,NA,NA,NA,1,12,NA,NA,NA,"INTERNATIONAL BROTHERHOOD OF TEAMSTERS, LOCAL 886 ","Initial","Single Labor Organization","Certific. of Representative","Closed","All full-time and regular part-time freight handlers employed by the Employer at the Sysco Oklahoma facility located at 1350 W. Tecumseh Road, Norman, Oklahoma 73069; but excluding all other employees, office clerical employees, managers, guards and supervisors as defined in the Act.",NA,NA,NA,38,2015-04-01,2015-01-01,"11-25",TRUE,"RC","Yes","INTERNATIONAL BROTHERHOOD OF TEAMSTERS, LOCAL 886",1,"Teamsters",0.916666666666667,"Yes",1
"14-RC-145751","Region 14, Saint Louis, Missouri","L-3 Communications Vertex Aerospace, LLC",2015-02-04,2015-03-16,"Vance AFB","OK","A",2015-03-06,3,NA,"International Association of Machinists and Aerospace Workers, AFL-CIO",3,NA,NA,NA,NA,0,3,NA,NA,NA,"International Association of Machinists and Aerospace Workers, AFL-CIO","Initial","Single Labor Organization","Certific. of Representative","Closed","All full-time and regular part-time supply clerks who issue and restock aircraft part supply items at Employer’s operations at Vance Air Force Base, Enid, OK, but EXCLUDING office clerical employees, professional employees, managerial employees, guards and supervisors as defined in the Act.",NA,NA,NA,30,2015-01-01,2015-01-01,"<5",TRUE,"RC","Yes","International Association of Machinists and Aerospace Workers, AFL-CIO",1,"IAM",1,"Yes",0
"14-RC-142480","Region 14, Saint Louis, Missouri","Great Plains Coca-Cola Bottling Company",2014-12-09,2015-01-21,"Oklahoma City","OK",NA,NA,160,NA,NA,NA,NA,NA,NA,NA,NA,NA,NA,NA,NA,NA,NA,NA,"Withdrawal Non-adjusted","Closed",NA,NA,NA,NA,NA,NA,2014-10-01,"101-500",TRUE,"RC","No",NA,0,"Uncoded",NA,"Other",NA
"14-RC-139268","Region 14, Saint Louis, Missouri","Capital Distributing, LLC",2014-10-22,2014-12-15,"Oklahoma City","OK","A",2014-12-03,30,NA,"International Brotherhood of Teamsters Local 886",7,NA,NA,NA,NA,20,27,NA,2,NA,"International Brotherhood of Teamsters Local 886","Initial","Single Labor Organization","Certification of Results","Closed","All full-time and regular part-time Hourly Drivers, Route Delivery Combo Drivers, Route Delivery 6-Point Regular Drivers and Route Delivery On-Premise Drivers, employed by the Employer at its 421 North Portland Avenue facility, Oklahoma City, Oklahoma, but EXCLUDING all office clerical employees, salesman, professional employees, guards and supervisors as defined in the Act, and all other employees.",NA,NA,NA,42,2014-10-01,2014-10-01,"26-50",TRUE,"RC","Yes","International Brotherhood of Teamsters Local 886",1,"Teamsters",0.259259259259259,"No",3
"14-RC-138879","Region 14, Saint Louis, Missouri","Western Flyer Express LLC",2014-10-16,2014-11-17,"Oklahoma City","OK",NA,NA,25,NA,NA,NA,NA,NA,NA,NA,NA,NA,NA,NA,NA,NA,NA,NA,"Withdrawal Non-adjusted","Closed",NA,NA,NA,NA,NA,NA,2014-10-01,"11-25",TRUE,"RC","No",NA,0,"Uncoded",NA,"Other",NA
"14-RD-138115","Region 14, Saint Louis, Missouri","The Hertz Corporation",2014-10-03,2014-11-17,"Tulsa","OK","A",2014-11-06,18,NA,"Transport Workers Union AFL-CIO, Local Union No. 516",0,NA,NA,NA,NA,16,16,NA,NA,NA,"Transport Workers Union AFL-CIO, Local Union No. 516","Initial","Single Labor Organization","Certification of Results","Closed","All full-time and regular part-time counter sales representatives, flex service representatives, instant return representatives, vehicle service attendants, and mechanics employed by the Employer from its facilities located at 7777 E Apache Street, Tulsa, OK 73115; 2110 North 73rd East Avenue, Tulsa, OK 74115; and 7727 E Young Place N, Suite 200 Tulsa, OK 74115; but EXCLUDING all transporters, shuttlers, courtesy bus drivers, office clerical employees, managers, professional employees, foremen, guards and supervisors, as defined by the Act, and all other employees.",NA,NA,NA,34,2014-10-01,2014-10-01,"11-25",TRUE,"RD","Yes","Transport Workers Union AFL-CIO, Local Union No. 516",0,"Uncoded",0,"No",2
"14-RC-136719","Region 14, Saint Louis, Missouri","APAC-Central, Inc.",2014-09-15,2014-10-20,"Tulsa","OK","A",2014-10-10,8,NA,"INTERNATIONAL BROTHERHOOD OF TEAMSTERS LOCAL UNION NO. 523",3,NA,NA,NA,NA,4,7,NA,1,NA,"INTERNATIONAL BROTHERHOOD OF TEAMSTERS LOCAL UNION NO. 523","Initial","Single Labor Organization","Certification of Results","Closed","All full-time and regular part-time drivers employed by the Employer from its facility located at 14115 E 36th Street North, Tulsa, Oklahoma, 74116, excluding all professional employees, office clerical employees, guards, and supervisors, as defined by the Act, and all other employees.",NA,NA,NA,25,2014-10-01,2014-07-01,"6-10",TRUE,"RC","Yes","INTERNATIONAL BROTHERHOOD OF TEAMSTERS LOCAL UNION NO. 523",1,"Teamsters",0.428571428571429,"No",1
"14-RD-136343","Region 14, Saint Louis, Missouri","Dover Fluid Management, Inc. d/b/a Norris",2014-09-09,2014-10-27,"Tulsa","OK","A",2014-10-16,201,NA,"United Steel Paper and Forestry, Rubber, Manufacturing, Energy, Allied Industrial and Service Workers International Union, Local 4430",126,NA,NA,NA,NA,69,195,NA,NA,NA,"United Steel Paper and Forestry, Rubber, Manufacturing, Energy, Allied Industrial and Service Workers International Union, Local 4430","Initial","Single Labor Organization","Certific. of Representative","Closed","All full-time and regular part-time production and maintenance employees employed by the Employer at its facility located at 4801 West 49th Street, Tulsa, Oklahoma, 74107, but excluding Watchmen, Clerks, Timekeepers, Office Force, Office Janitors, Head Nurse, Industrial Nurse, Supervisors or Executive Staff, Technical, Engineering, Quality Assurance Technician or Time Study Men, clerical employees in the Production Control Department, office clerical employees, professional employees, guards and supervisors as defined in the Act, or any others who are excluded from such appropriate bargaining unit as set forth in the Act.",NA,NA,NA,37,2014-10-01,2014-07-01,"101-500",TRUE,"RD","Yes","United Steel Paper and Forestry, Rubber, Manufacturing, Energy, Allied Industrial and Service Workers International Union, Local 4430",1,"USW",0.646153846153846,"Yes",6
"14-RC-135346","Region 14, Saint Louis, Missouri","Deco Security Services, Inc.",2014-08-25,2014-11-10,"Oklahoma City","OK","A",2014-10-29,83,NA,"International Union, Security, Police, and Fire Professionals of America (SPFPA), and its Local 887",43,NA,NA,NA,NA,0,43,NA,NA,NA,"International Union, Security, Police, and Fire Professionals of America (SPFPA), and its Local 887","Initial","Single Labor Organization","Certific. of Representative","Closed","Included: All full time and regular part-time security guards as defined in Section 9(b)(3) of the National Labor Relations Act (the Act) performing services for the Employer under the Contract (as defined below) in Oklahoma City, Moore, Durant, Stillwater, Hugo, Enid, Shawnee, Chickasha, Ada, Clinton, Lawton, and Ardmore, Oklahoma.

Excluded: All office clerical employees, professional employees, managers, non-security personnel, lead guards, sergeants, lieutenants, captains, assistant project manager, project manager, applicants, candidates, pre-employment trainees and supervisors, as defined in the Act, and all other employees of the Employer, pursuant to the Employer's contract with the U.S. Department of Homeland Security, Contract No. HSCEC7-10-A-00002 (the Contract).",NA,NA,NA,65,2014-10-01,2014-07-01,"51-100",TRUE,"RC","Yes","International Union, Security, Police, and Fire Professionals of America (SPFPA), and its Local 887",1,"SPFPA",1,"Yes",40
"14-RC-135196","Region 14, Saint Louis, Missouri","Choctaw Electric Cooperative, Inc.",2014-08-21,2014-10-10,"Hugo","OK","A",2014-09-30,46,NA,"International Brotherhood of Electrical Workers, Local Union 1002",33,NA,NA,NA,NA,12,45,NA,NA,NA,"International Brotherhood of Electrical Workers, Local Union 1002","Initial","Single Labor Organization","Certific. of Representative","Closed","All regular full-time and part-time production and maintenance employees employed by the Employer, Choctaw Electric Cooperative, Inc. at its facilities located in Hugo, OK; Idabel, OK; and Antlers, OK, in the following positions:  Lineman, Journeyman Lineman, Lead Lineman, Area Serviceman, Automotive Mechanic, Electronic Technician, Equipment Operator, Equipment Tech, Warehouse Materials Handler, Meter Technician, Right of Way Laborer, Utility Person, and Working Foreman.  But, excluding, all other employees, including Office and Clerical, Dispatchers, Call Center, Mapping Department, Staking Department, Professional, Guards and Supervisors as defined by the Act.",NA,NA,NA,40,2014-07-01,2014-07-01,"26-50",TRUE,"RC","Yes","International Brotherhood of Electrical Workers, Local Union 1002",1,"IBEW",0.733333333333333,"Yes",1
"14-RC-134797","Region 14, Saint Louis, Missouri","Deco Security Services, Inc.",2014-08-15,2014-09-22,"Oklahoma City","OK",NA,NA,78,NA,NA,NA,NA,NA,NA,NA,NA,NA,NA,NA,NA,NA,NA,NA,"Withdrawal Non-adjusted","Closed",NA,NA,NA,NA,NA,NA,2014-07-01,"51-100",TRUE,"RC","No",NA,0,"Uncoded",NA,"Other",NA
"14-UC-130080","Region 14, Saint Louis, Missouri","Magellan Midstream Holdings GP LLC",2014-06-05,2014-07-16,"Tulsa","OK",NA,NA,25,NA,NA,NA,NA,NA,NA,NA,NA,NA,NA,NA,NA,NA,NA,NA,"Withdrawal Non-adjusted","Closed",NA,NA,NA,NA,NA,NA,2014-04-01,"11-25",TRUE,"UC","No",NA,0,"Uncoded",NA,"Other",NA
"14-RD-128995","Region 14, Saint Louis, Missouri","Cox Systems Technology, Inc.",2014-05-20,2014-07-09,"Oklahoma City","OK","A",2014-06-25,14,NA,"INTERNATIONAL BROTHERHOOD OF ELECTRICAL WORKERS,  LOCAL 1141",9,NA,NA,NA,NA,3,13,NA,1,NA,"INTERNATIONAL BROTHERHOOD OF ELECTRICAL WORKERS,  LOCAL 1141","Initial","Single Labor Organization","Certific. of Representative","Closed","All full time and regular part time apprentices and journeyman technicians/electricians, installers, cable pullers, and project supervisors employed by the Employer from its facility located at 3121 South Lakeside Drive, Oklahoma City, Oklahoma, but EXCLUDING, all office clerical employees, professional employees, confidential employees, guards and supervisors as defined in the Act, and all other employees.",NA,NA,NA,36,2014-04-01,2014-04-01,"11-25",TRUE,"RD","Yes","INTERNATIONAL BROTHERHOOD OF ELECTRICAL WORKERS,  LOCAL 1141",1,"IBEW",0.75,"Yes",2
"14-RC-128367","Region 14, Saint Louis, Missouri","Professional Contract Services, Inc.",2014-05-09,2014-06-30,"Fort Sill","OK","A",2014-06-18,81,NA,"International Union of Operating Engineers, Local 351",45,NA,NA,NA,NA,29,74,NA,NA,NA,"International Union of Operating Engineers, Local 351","Initial","Single Labor Organization","Certific. of Representative","Closed","All full-time and regular part-time general maintenance workers, maintenance trade helpers, carpenters, electricians, media specialists, truck drivers (medium), water treatment plant operators,  heavy equipment operators, plumbers, laborer/ground maintenance workers, stock clerks and locksmiths employed by the Employer at its facility located at 1946 Barbour Road, Fort Sill, Oklahoma, but EXCLUDING office clerical employees, professional employees, managerial employees, guards and supervisors as defined in the Act, and all other employees.",NA,NA,NA,40,2014-04-01,2014-04-01,"51-100",TRUE,"RC","Yes","International Union of Operating Engineers, Local 351",1,"IUOE",0.608108108108108,"Yes",7
"14-RD-125617","Region 14, Saint Louis, Missouri","Local TV Oklahoma, LLC",2014-04-01,2014-05-05,"Oklahoma City","OK","A",2014-04-24,13,NA,"SCREEN ACTORS GUILD-AMERICAN FEDERATON OF TELEVISION AND RADIO ARTISTS (SAG-AFTRA),  DALLAS/FT WORTH LOCAL",7,NA,NA,NA,NA,6,13,NA,NA,NA,"SCREEN ACTORS GUILD-AMERICAN FEDERATON OF TELEVISION AND RADIO ARTISTS (SAG-AFTRA),  DALLAS/FT WORTH LOCAL","Initial","Single Labor Organization","Certific. of Representative","Closed","All full time and regular part time photographers/photojournalists and ENG truck operators employed by the Employer at its facility located at 444 East Britton Road, Oklahoma City, OK, but EXCLUDING all chief photographers/photojournalists, chief engineers, engineers, anchors, editors, helicopter pilots, ENG editors, meteorologists, multi-media journalists, operators, producers, reporters, writers, directors, managers, graphic artists, webmasters, promotion producers, account executives, traffic employees, media coordinators, accounting employees, clerical employees, professional employees, guards and supervisors as defined in the Act, and all other employees.",NA,NA,NA,23,2014-04-01,2014-04-01,"11-25",TRUE,"RD","Yes","SCREEN ACTORS GUILD-AMERICAN FEDERATON OF TELEVISION AND RADIO ARTISTS (SAG-AFTRA),  DALLAS/FT WORTH LOCAL",1,"SAG-AFTRA",0.538461538461538,"Yes",0
"14-RC-125149","Region 14, Saint Louis, Missouri","Umicore Autocat USA Inc.",2014-03-25,2014-05-08,"Catoosa","OK","A",2014-04-28,2,NA,"UNITED AUTOMOBILE, AEROSPACE & AGRICULTURAL IMPLEMENT WORKERS OF AMERICA (UAW)",2,NA,NA,NA,NA,0,2,NA,NA,NA,"UNITED AUTOMOBILE, AEROSPACE & AGRICULTURAL IMPLEMENT WORKERS OF AMERICA (UAW)","Initial","Single Labor Organization","Certific. of Representative","Closed","All full-time and regular part-time vault production employees, employed by the Employer at its facility located at 1301 Main Parkway, Catoosa, Oklahoma, but EXCLUDING office clerical employees, professional employees guards and supervisors as defined in the Act, and all other employees.",NA,NA,NA,34,2014-04-01,2014-01-01,"<5",TRUE,"RC","Yes","UNITED AUTOMOBILE, AEROSPACE & AGRICULTURAL IMPLEMENT WORKERS OF AMERICA (UAW)",1,"UAW",1,"Yes",0
"14-RC-124829","Region 14, Saint Louis, Missouri","OK Foods, Inc.",2014-03-20,2015-08-18,"Heavener","OK","A",2015-08-06,37,NA,"United Food and Commercial Workers Union, Local 1000, AFL-CIO",13,NA,NA,NA,NA,22,36,NA,1,NA,"United Food and Commercial Workers Union, Local 1000, AFL-CIO","Rerun","Single Labor Organization","Certification of Results","Closed","All full-time and regular part-time maintenance and refrigeration employees including leads and parts clerks employed by the Employer at its facility located at 1000 Old Pike Road, Heavener, Oklahoma, but EXCLUDING office clerical employees, janitorial and sanitation employees, shipping and receiving employees, production employees, professional employees, managerial employees,  guards and supervisors as defined in the Act, and all other employees.",NA,NA,NA,504,2015-07-01,2014-01-01,"26-50",TRUE,"RC","Yes","United Food and Commercial Workers Union, Local 1000, AFL-CIO",1,"UFCW",0.371428571428571,"No",2
"14-RC-124829","Region 14, Saint Louis, Missouri","OK Foods, Inc.",2014-03-20,2015-08-18,"Heavener","OK","A",2014-05-01,55,NA,"United Food and Commercial Workers Union, Local 1000, AFL-CIO",26,NA,NA,NA,NA,29,55,NA,NA,NA,"United Food and Commercial Workers Union, Local 1000, AFL-CIO","Initial","Single Labor Organization","Certification of Results","Closed","All full-time and regular part-time maintenance and refrigeration employees including leads and parts clerks employed by the Employer at its facility located at 1000 Old Pike Road, Heavener, Oklahoma, but EXCLUDING office clerical employees, janitorial and sanitation employees, shipping and receiving employees, production employees, professional employees, managerial employees,  guards and supervisors as defined in the Act, and all other employees.",NA,NA,NA,42,2014-04-01,2014-01-01,"51-100",FALSE,"RC","Yes","United Food and Commercial Workers Union, Local 1000, AFL-CIO",1,"UFCW",0.472727272727273,"No",0
"14-RC-124351","Region 14, Saint Louis, Missouri","MVM Incorporated",2014-03-13,2014-05-05,"Tulsa","OK","A",2014-04-25,29,NA,"United Government Security Officers of America, International Union",27,NA,NA,NA,NA,0,27,NA,NA,NA,"COHEN, WEISS AND SIMMON, LLP","Initial","Single Labor Organization","Certific. of Representative","Closed","All full-time and share-time Court Security Officers, Lead Court Security Officers, Special Security Officers, and Lead Special Security Officers employed by the Employer in the 10th Judicial Circuit at the following locations:  Boulder Building, 224 S Boulder Ave., Tulsa, Ok 74103; Page Belcher Federal Building at 333 4th St., Tulsa, OK 74103; U.S. Bankruptcy Court for the Eastern District of Oklahoma, 111 West 4th St., Okmulgee, OK 74447; and U.S. Court of Eastern District of Oklahoma, 101 North 5th St., Muskogee, OK 74401, but EXCLUDING all office clerical employees, professional employees, confidential employees and supervisors as defined in the Act.",NA,NA,NA,43,2014-04-01,2014-01-01,"26-50",TRUE,"RC","Yes","United Government Security Officers of America, International Union",1,"UGSOA",1,"Yes",2
"14-RC-121195","Region 14, Saint Louis, Missouri","APAC-Central, Inc.",2014-01-24,2014-03-17,"Vinita","OK","A",2014-03-07,10,NA,"International Brotherhood of Teamsters, Chauffeurs, Warehousemen, Local 523",6,NA,NA,NA,NA,4,10,NA,NA,NA,"International Brotherhood of Teamsters, Chauffeurs, Warehousemen, Local 523","Initial","Single Labor Organization","Certific. of Representative","Closed","All drivers employed by the Employer from its facility located at 26457 S 4460 Road, Vinita, OK, 74301, but EXCLUDING all professional employees, office clerical employees, guards, and supervisors, as defined by the Act, and all other employees.",NA,NA,NA,42,2014-01-01,2014-01-01,"6-10",TRUE,"RC","Yes","International Brotherhood of Teamsters, Chauffeurs, Warehousemen, Local 523",1,"Teamsters",0.6,"Yes",0
"14-RD-118058","Region 14, Saint Louis, Missouri","Pole Products, a Division of Ameron International Corporation",2013-12-02,2014-01-09,"Tulsa","OK",NA,NA,18,NA,NA,NA,NA,NA,NA,NA,NA,NA,NA,NA,NA,NA,NA,NA,"Withdrawal Non-adjusted","Closed",NA,NA,NA,NA,NA,NA,2013-10-01,"11-25",TRUE,"RD","No",NA,0,"Uncoded",NA,"Other",NA
"14-RC-116639","Region 14, Saint Louis, Missouri","Public Service Company of Oklahoma",2013-11-08,2013-12-30,"Tulsa","OK","A",2013-12-20,9,NA,"International Brotherhood of Electrical Workers, Local Union 1002",8,NA,NA,NA,NA,1,0,NA,NA,NA,"International Brotherhood of Electrical Workers, Local Union 1002","Initial","Single Labor Organization","Certific. of Representative","Closed","All full-time and regular part-time store keepers and store attendants employed by the Employer at its service centers located in Chickasha (2000 W Frisco Ave. Chickasha OK  73018-2401); Elk City (104 Blue Ridge Dr. Elk City OK  73644-9736); Hugo (308 N Broadway  Hugo OK  74743-0639); Lawton (226 SE B Ave. Lawton OK. 73501-5440); McAlester (900 E. Electric Ave. McAlester OK  74501-3825); and, Okmulgee (909 E 20th St. Okmulgee  OK  74447-0997),  but EXCLUDING all professional employees, guards, and supervisors, as defined by the Act, and all other employees.",NA,NA,NA,42,2013-10-01,2013-10-01,"6-10",TRUE,"RC","Yes","International Brotherhood of Electrical Workers, Local Union 1002",1,"IBEW",NA,"Yes",0
"14-RC-112012","Region 14, Saint Louis, Missouri","Donohue Commercial Service, Inc.",2013-08-26,2013-11-08,"Tulsa","OK","A",2013-10-29,13,NA,"PLUMBERS & PIPEFITTERS LOCAL 430",3,NA,NA,NA,NA,9,12,NA,NA,NA,"PLUMBERS & PIPEFITTERS LOCAL 430","Initial","Single Labor Organization","Certification of Results","Closed","All full-time and regular part-time HVAC service employees employed by the Employer at its facility located at 7676 E 46th Pl, Tulsa, OK but EXCLUDING all other employees, guards, and supervisors as defined in the Act.",NA,NA,NA,64,2013-10-01,2013-07-01,"11-25",TRUE,"RC","Yes","PLUMBERS & PIPEFITTERS LOCAL 430",1,"UA",0.25,"No",1
"14-RC-108015","Region 14, Saint Louis, Missouri","Triple R Janitorial, Inc.",2013-06-26,2013-08-19,"Midwest City","OK","A",2013-08-07,24,1,"International Union of Operating Engineers, Local 351",12,NA,NA,NA,NA,5,17,NA,2,NA,"International Union of Operating Engineers, Local 351","Initial","Single Labor Organization","Certific. of Representative","Closed","All janitorial staff, including floor technicians, employed by Triple R Janitorial at Fort Sill, Oklahoma, excluding guards and supervisors, as defined by the National Labor Relations Act, as amended.",NA,NA,NA,42,2013-07-01,2013-04-01,"11-25",TRUE,"RC","Yes","International Union of Operating Engineers, Local 351",1,"IUOE",0.705882352941177,"Yes",7
"14-RC-105131","Region 14, Saint Louis, Missouri","SMG",2013-05-15,2013-06-07,"Oklahoma City","OK",NA,NA,100,NA,NA,NA,NA,NA,NA,NA,NA,NA,NA,NA,NA,NA,NA,NA,"Dismissal Non-adjusted","Closed",NA,NA,NA,NA,NA,NA,2013-04-01,"51-100",TRUE,"RC","No",NA,0,"Uncoded",NA,"Other",NA
"14-RD-104165","Region 14, Saint Louis, Missouri","Corporate Residential Services",2013-05-01,2013-05-14,"Broken Arrow","OK",NA,NA,3,NA,NA,NA,NA,NA,NA,NA,NA,NA,NA,NA,NA,NA,NA,NA,"Dismissal Non-adjusted","Closed",NA,NA,NA,NA,NA,NA,2013-04-01,"<5",TRUE,"RD","No",NA,0,"Uncoded",NA,"Other",NA
"17-RM-093606","Region 14, Saint Louis, Missouri","NEO Federal Credit Union",2012-11-21,2013-01-14,"Miami","OK",NA,NA,8,NA,NA,NA,NA,NA,NA,NA,NA,NA,NA,NA,NA,NA,NA,NA,"Withdrawal Non-adjusted","Closed",NA,NA,NA,NA,NA,NA,2012-10-01,"6-10",TRUE,"RM","No",NA,0,"Uncoded",NA,"Other",NA
"17-UC-091936","Region 14, Saint Louis, Missouri","AFGE Local 916",2012-10-24,2012-11-16,"Oklahoma City","OK",NA,NA,3,NA,NA,NA,NA,NA,NA,NA,NA,NA,NA,NA,NA,NA,NA,NA,"Dismissal Non-adjusted","Closed",NA,NA,NA,NA,NA,NA,2012-10-01,"<5",TRUE,"UC","No",NA,0,"Uncoded",NA,"Other",NA
"17-RD-090339","Region 14, Saint Louis, Missouri","Southwest Electric",2012-10-01,2012-10-03,"Oklahoma City","OK",NA,NA,23,NA,NA,NA,NA,NA,NA,NA,NA,NA,NA,NA,NA,NA,NA,NA,"Withdrawal Non-adjusted","Closed",NA,NA,NA,NA,NA,NA,2012-10-01,"11-25",TRUE,"RD","No",NA,0,"Uncoded",NA,"Other",NA
"17-RC-087161","Region 14, Saint Louis, Missouri","Local TV Oklahoma, LLC",2012-08-13,2012-10-02,"Oklahoma City","OK","A",2012-09-20,16,NA,"SCREEN ACTORS GUILD-AMERICAN FEDERATON OF TELEVISION AND RADIO ARTISTS (SAG-AFTRA),  DALLAS/FT WORTH LOCAL",9,NA,NA,NA,NA,7,16,NA,NA,NA,"SCREEN ACTORS GUILD-AMERICAN FEDERATON OF TELEVISION AND RADIO ARTISTS (SAG-AFTRA),  DALLAS/FT WORTH LOCAL","Initial","Single Labor Organization","Certific. of Representative","Closed","All full time and regular part-time photographers/photojournalists and ENG truck operators employed by the Employer at its facility located at 444 East Britton Road, Oklahoma City, Oklahoma, but EXCLUDING All chief photographers/photojournalists; chief engineers, engineers, anchors, editors, helicopter pilots, ENG editors, meteorologists, multi-media journalists, operators, producers, reporters, writers, directors, managers, graphic artists, webmasters, promotion producers, account executives, traffic employees, media coordinators, accounting employees, clerical employees, professional employees, guards and supervisors as defined in the Act, and all other employees.",NA,NA,NA,38,2012-07-01,2012-07-01,"11-25",TRUE,"RC","Yes","SCREEN ACTORS GUILD-AMERICAN FEDERATON OF TELEVISION AND RADIO ARTISTS (SAG-AFTRA),  DALLAS/FT WORTH LOCAL",1,"SAG-AFTRA",0.5625,"Yes",0
"17-RC-085209","Region 14, Saint Louis, Missouri","RCPS, Inc., d/b/a Ponca City Discount Foods",2012-07-13,2012-09-11,"Ponca City","OK","A",2012-08-21,10,NA,"United Food and Commercial Workers Union, Local 1000, AFL-CIO",5,NA,NA,NA,NA,5,10,NA,NA,NA,"United Food and Commercial Workers Union, Local 1000, AFL-CIO","Initial","Single Labor Organization","Certification of Results","Closed","All full time and regular part time meat, deli and cheese department employees, including the meat department manager employed by the Employer at its store located at 2405 N 14th St, Ponca City, Oklahoma , OK, but EXCLUDING all other employees including produce department, bakery department, grocery department, cashiers, courtesy clerks, office clerical employees, guards and supervisors as defined in the Act.",NA,NA,NA,39,2012-07-01,2012-07-01,"6-10",TRUE,"RC","Yes","United Food and Commercial Workers Union, Local 1000, AFL-CIO",1,"UFCW",0.5,"No",0
"17-RC-083522","Region 14, Saint Louis, Missouri","Sand Springs Railway",2012-06-20,2012-06-26,"Sand Springs","OK",NA,NA,6,NA,NA,NA,NA,NA,NA,NA,NA,NA,NA,NA,NA,NA,NA,NA,"Withdrawal Non-adjusted","Closed",NA,NA,NA,NA,NA,NA,2012-04-01,"6-10",TRUE,"RC","No",NA,0,"Uncoded",NA,"Other",NA
"17-RC-083187","Region 14, Saint Louis, Missouri","RJ Taylor - Wyatt LLC",2012-06-15,2012-08-07,"Ponca City","OK","A",2012-07-26,45,NA,"INTERNATIONAL UNION OF OPERATING ENGINEERS,  LOCAL 627, AFL-CIO",9,NA,NA,NA,NA,22,31,NA,5,NA,"INTERNATIONAL UNION OF OPERATING ENGINEERS,  LOCAL 627, AFL-CIO","Initial","Single Labor Organization","Certification of Results","Closed","All full-time and regular part-time equipment operators, swampers/oilers, and mechanics employed by the Employer in the State of Oklahoma but EXCLUDING all laborers, welders, office clerical employees, guards, and supervisors, as defined in the Act, and all other employees",NA,NA,NA,41,2012-07-01,2012-04-01,"26-50",TRUE,"RC","Yes","INTERNATIONAL UNION OF OPERATING ENGINEERS,  LOCAL 627, AFL-CIO",1,"IUOE",0.290322580645161,"No",14
"17-RD-075908","Region 14, Saint Louis, Missouri","Land O'Lakes Purina Feed, LLC",2012-03-06,2012-05-24,"Oklahoma City","OK","A",2012-04-05,23,NA,"BCTGM LOCAL 65",10,NA,NA,NA,NA,13,23,NA,NA,NA,NA,"Initial","Single Labor Organization","Certification of Results","Closed","All Production and Maintenance employees at the Employer’s 1108 Northwest 3rd Street, Oklahoma City, Oklahoma location, and all hourly warehouse employees at the Company’s warehouse facility at 400 North Ann Arbor, Oklahoma City, Oklahoma, but EXCLUDING all office clericals and clerical employees in the plant office, professional employees, guards and supervisors as defined in the Act.",NA,NA,NA,30,2012-04-01,2012-01-01,"11-25",TRUE,"RD","Yes","BCTGM LOCAL 65",1,"BCTGM",0.434782608695652,"No",0
"17-RC-068563","Region 14, Saint Louis, Missouri","APAC-Central, Inc.",2011-11-09,2011-12-13,"Tulsa","OK","A",2011-12-01,43,NA,"INTERNATIONAL UNION OF OPERATING ENGINEERS, LOCAL 627",5,NA,NA,NA,NA,31,36,NA,1,NA,NA,"Initial","Single Labor Organization","Certification of Results","Closed","UNIT: All production and maintenance employees employed by the employer at its facilities located 12243 East 410 Road, Claremore, OK (Claremore facility), 400251 W 1500 Rd., Dewey, OK (Dewey facility), 28805 US Highway 60 Pawhuska, OK (Pawhuska facility), N 4170 Road, 3 miles west on Hwy 60, Nowata, OK (Nowata facility), and 26457 S 4460 Rd., Vinita, OK (Vinita facility), the only facilities involved herein, but EXCLUDING all construction employees, over-the-road drivers, office clerical employees, guards, and supervisors, as defined in the Act, and all other employees.",NA,NA,NA,22,2011-10-01,2011-10-01,"26-50",TRUE,"RC","Yes","INTERNATIONAL UNION OF OPERATING ENGINEERS, LOCAL 627",1,"IUOE",0.138888888888889,"No",7
"17-RC-067813","Region 14, Saint Louis, Missouri","APAC-Central, Inc.",2011-10-28,2011-12-13,"Vinita","OK","A",2011-12-02,39,NA,"INTERNATIONAL UNION OF OPERATING ENGINEERS,  LOCAL 627, AFL-CIO",7,NA,NA,NA,NA,30,37,NA,1,NA,NA,"Initial","Single Labor Organization","Certification of Results","Closed","All over-the-road drivers employed by the employer at its facilities located at 11405 E 36th St. North, Tulsa, OK , 400251 W 1500 Rd., Dewey, OK, and 26457 S 4460 Rd., Vinita, OK, the only facilities involved herein, but EXCLUDING all production and maintenance employees, construction employees, office clerical employees, guards, and supervisors, as defined in the Act, and all other employees.",NA,NA,NA,35,2011-10-01,2011-10-01,"26-50",TRUE,"RC","Yes","INTERNATIONAL UNION OF OPERATING ENGINEERS,  LOCAL 627, AFL-CIO",1,"IUOE",0.189189189189189,"No",2
"17-RD-067071","Region 14, Saint Louis, Missouri","Paramedics Plus",2011-10-19,2011-10-27,"Oklahoma City","OK",NA,NA,258,NA,NA,NA,NA,NA,NA,NA,NA,NA,NA,NA,NA,NA,NA,NA,"Withdrawal Non-adjusted","Closed",NA,NA,NA,NA,NA,NA,2011-10-01,"101-500",TRUE,"RD","No",NA,0,"Uncoded",NA,"Other",NA
"17-RC-063913","Region 14, Saint Louis, Missouri","Superior Security & Investigations, Inc. of Shawnee, Inc. and Safety and Security Services, Inc., JE",2011-09-06,2011-10-14,"Shawnee","OK","A",2011-10-04,52,NA,"McCaffrey & Associates",27,NA,NA,NA,NA,1,28,NA,NA,NA,"McCaffrey & Associates","Initial","Single Labor Organization","Certific. of Representative","Closed","All full-time, regular part-time and reserve employees in the classifications of Loss Prevention Specialists, Security Guards and Lead Guards employed by the joint employer at the at the Mike Monroney Aeronautical Center located at 6500 S. MacArthur Blvd, Oklahoma City, OK, but EXCLUDING Office clerical employees, data entry clerks, Sergeants, Lieutenants, Captains, Managers, supervisors as defined in the Act, and all other employees.",NA,NA,NA,28,2011-10-01,2011-07-01,"51-100",TRUE,"RC","Yes","McCaffrey & Associates",0,"Uncoded",0.964285714285714,"Yes",24
"17-RC-060588","Region 14, Saint Louis, Missouri","Leader Communications Incorporated",2011-06-24,2011-08-15,"Oklahoma City","OK","A",2011-08-05,6,NA,"INTERNATIONAL ASSOCIATION OF MACHINISTS AND AEROSPACE WORKERS, AFL-CIO",4,NA,NA,NA,NA,1,5,NA,NA,NA,"INTERNATIONAL ASSOCIATION OF MACHINISTS AND AEROSPACE WORKERS, AFL-CIO","Initial","Single Labor Organization","Certific. of Representative","Closed","All full-time and regular part-time computer electronics technicians employed by the Employer at Tinker Air Force Base, Oklahoma City, OK to provide support for the three (3) E-3 Mission Crew Simulators and one (1) Facility for Interoperability Testing device, but EXCLUDING all other employees, office clerical employees, professional employees, managerial employees, guards and supervisors as defined in the Act.",NA,NA,NA,42,2011-07-01,2011-04-01,"6-10",TRUE,"RC","Yes","INTERNATIONAL ASSOCIATION OF MACHINISTS AND AEROSPACE WORKERS, AFL-CIO",1,"IAM",0.8,"Yes",1
"17-RC-060589","Region 14, Saint Louis, Missouri","IngenuitE, Inc.",2011-06-24,2011-08-26,"Oklahoma City","OK","A",2011-07-28,4,NA,"INTERNATIONAL ASSOCIATION OF MACHINISTS AND AEROSPACE WORKERS, AFL-CIO",2,NA,NA,NA,NA,2,4,NA,NA,NA,NA,"Initial","Single Labor Organization","Certification of Results","Closed","All full-time and regular part-time electronic maintenance technician IIs employed by the Employer at Tinker Air Force Base, Oklahoma City, OK to provide support for the three (3) E-3 Mission Crew Simulators and one (1) Facility for Interoperability Testing device, but EXCLUDING all other employees, office clerical employees, professional employees, managerial employees, guards and supervisors as defined in the Act.",NA,NA,NA,34,2011-07-01,2011-04-01,"<5",TRUE,"RC","Yes","INTERNATIONAL ASSOCIATION OF MACHINISTS AND AEROSPACE WORKERS, AFL-CIO",1,"IAM",0.5,"No",0
"17-RD-001809","Region 14, Saint Louis, Missouri","Raytheon Technical Services Company, LLC",2011-05-23,2011-06-30,"Oklahoma City","OK","A",2011-06-20,103,NA,"IAM, LOCAL LODGE 850",55,NA,NA,NA,NA,29,84,NA,NA,NA,"IAM, LOCAL LODGE 850","Initial","Single Labor Organization","Certific. of Representative","Closed","All full-time and regular part-time Remote Pilot Operators (RPOs) and Lead Remote Pilot Operators (ATCOTS) employed by the Employer at the Mike Monroney Aeronautical Center located at 6500 S. MacArthur Blvd, Oklahoma City, OK but EXCLUDING Office clerical employees, professional employees, managerial employees, guards and supervisors as defined in the Act, and all other employees.",NA,NA,NA,28,2011-04-01,2011-04-01,"101-500",TRUE,"RD","Yes","IAM, LOCAL LODGE 850",1,"IAM",0.654761904761905,"Yes",19
"17-RC-012702","Region 14, Saint Louis, Missouri","Arena Football One, LLC",2011-04-15,2011-06-27,"Tulsa","OK","A",2011-06-15,480,10,"Arena Football League",35,NA,NA,NA,NA,2,37,NA,5,NA,"Arena Football League","Initial","Single Labor Organization","Certific. of Representative","Closed","All Arena Football One, LLC (AF1) football players employed by AF1 who are either: (1) assigned to an AF1 Team's Players Roster of Twenty-four (24) Players, (2) on the Suspended Players' List, or (3) on the Injured Reserve Players List but EXCLUDING All Exempt List Players, Refuse-To-Report Players List, coaches, team personnel, all other employees, office clerical employees, guards and supervisors as defined in the Act.  Team personnel refers to individuals employed by the teams rather than employed by Arena Football One, LLC.",NA,NA,NA,61,2011-04-01,2011-04-01,"101-500",TRUE,"RC","Yes","Arena Football League",0,"Uncoded",0.945945945945946,"Yes",443
"17-RC-012700","Region 14, Saint Louis, Missouri","Arena Football One, LLC",2011-03-30,2011-04-01,"Tulsa","OK",NA,NA,432,NA,NA,NA,NA,NA,NA,NA,NA,NA,NA,NA,NA,NA,NA,NA,"Withdrawal Non-adjusted","Closed",NA,NA,NA,NA,NA,NA,2011-01-01,"101-500",TRUE,"RC","No",NA,0,"Uncoded",NA,"Other",NA
"17-RC-012697","Region 14, Saint Louis, Missouri","Arena Football One, LLC",2011-03-14,2011-03-18,"Tulsa","OK",NA,NA,400,NA,NA,NA,NA,NA,NA,NA,NA,NA,NA,NA,NA,NA,NA,NA,"Withdrawal Non-adjusted","Closed",NA,NA,NA,NA,NA,NA,2011-01-01,"101-500",TRUE,"RC","No",NA,0,"Uncoded",NA,"Other",NA
"17-RC-012696","Region 14, Saint Louis, Missouri","FreshPoint Oklahoma City LLC",2011-02-08,2011-03-15,"Oklahoma City","OK",NA,NA,33,NA,NA,NA,NA,NA,NA,NA,NA,NA,NA,NA,NA,NA,NA,NA,"Withdrawal Non-adjusted","Closed",NA,NA,NA,NA,NA,NA,2011-01-01,"26-50",TRUE,"RC","No",NA,0,"Uncoded",NA,"Other",NA
"17-RC-012692","Region 14, Saint Louis, Missouri","Systech Environmental Corporation",2011-01-10,2011-02-28,"Tulsa","OK","A",2011-02-16,4,NA,"BOILERMAKERS, LOCAL D421",1,NA,NA,NA,NA,3,4,"N",NA,"N",NA,"Initial","Single Labor Organization","Certification of Results","Closed","All full-time and regular part-time production and maintenance employees employed by Systech Environmental Corporation at its facility located at 2802 North 145th East Ave., Tulsa, Oklahoma 74116, but EXCLUDING plant executives, professional engineer",NA,NA,NA,37,2011-01-01,2011-01-01,"<5",TRUE,"RC","Yes","BOILERMAKERS, LOCAL D421",0,"Uncoded",0.25,"No",0
"17-RC-012681","Region 14, Saint Louis, Missouri","Picerne Military Housing, LLC",2010-10-05,2010-10-27,"Fort Sill","OK",NA,NA,7,NA,NA,NA,NA,NA,NA,NA,NA,NA,NA,NA,NA,NA,NA,NA,"Withdrawal Non-adjusted","Closed",NA,NA,NA,NA,NA,NA,2010-10-01,"6-10",TRUE,"RC","No",NA,0,"Uncoded",NA,"Other",NA
"17-RD-001804","Region 14, Saint Louis, Missouri","Dolese Bros. Co., Inc.",2010-09-22,2010-10-26,"Oklahoma City","OK",NA,NA,132,NA,NA,NA,NA,NA,NA,NA,NA,NA,NA,NA,NA,NA,NA,NA,"Withdrawal Non-adjusted","Closed",NA,NA,NA,NA,NA,NA,2010-07-01,"101-500",TRUE,"RD","No",NA,0,"Uncoded",NA,"Other",NA
"17-UC-000263","Region 14, Saint Louis, Missouri","Lafarge North America",2010-09-02,2010-10-15,"Tulsa","OK",NA,NA,62,NA,NA,NA,NA,NA,NA,NA,NA,NA,NA,NA,NA,NA,NA,NA,"Withdrawal Non-adjusted","Closed",NA,NA,NA,NA,NA,NA,2010-07-01,"51-100",TRUE,"UC","No",NA,0,"Uncoded",NA,"Other",NA
"17-RC-012676","Region 14, Saint Louis, Missouri","Raudin McCormick, LLC d/b/a Railcrew Xpress",2010-08-30,2010-10-22,"Tulsa","OK","A",2010-10-12,21,NA,"TEAMSTERS LOCAL 523",15,NA,NA,NA,NA,2,17,"N",NA,"N","TEAMSTERS LOCAL 523","Initial","Single Labor Organization","Certific. of Representative","Closed","All full-time and regular part-time driver, including yard drivers, radius drivers, road driver and multi-purpose vehicle drivers employed by the Employer from the Burlington Northern Santa Fe (BNSF) rail yard located at 1631 West 33rd Place, Tulsa,",NA,NA,NA,43,2010-10-01,2010-07-01,"11-25",TRUE,"RC","Yes","TEAMSTERS LOCAL 523",1,"Teamsters",0.882352941176471,"Yes",4
"12-RC-009431","Region 12, Tampa, Florida","Arena Football One, LLC d/b/a Arena Football League",2010-08-30,2010-09-02,"Tulsa","OK",NA,NA,350,NA,NA,NA,NA,NA,NA,NA,NA,NA,NA,NA,NA,NA,NA,NA,"Withdrawal Non-adjusted","Closed",NA,NA,NA,NA,NA,NA,2010-07-01,"101-500",TRUE,"RC","No",NA,0,"Uncoded",NA,"Other",NA
"17-RC-012673","Region 14, Saint Louis, Missouri","Driver Services of Kansas, Inc.",2010-08-23,2010-09-29,"Catoosa","OK",NA,NA,23,NA,NA,NA,NA,NA,NA,NA,NA,NA,NA,NA,NA,NA,NA,NA,"Withdrawal Non-adjusted","Closed",NA,NA,NA,NA,NA,NA,2010-07-01,"11-25",TRUE,"RC","No",NA,0,"Uncoded",NA,"Other",NA
"19-RC-015342","Region 19, Seattle, Washington","Arena Football One, LLC d/b/a Arena Football League",2010-08-20,2010-09-02,"Tulsa","OK",NA,NA,10,NA,NA,NA,NA,NA,NA,NA,NA,NA,NA,NA,NA,NA,NA,NA,"Withdrawal Non-adjusted","Closed",NA,NA,NA,NA,NA,NA,2010-07-01,"6-10",TRUE,"RC","No",NA,0,"Uncoded",NA,"Other",NA
"17-RC-012671","Region 14, Saint Louis, Missouri","Greatwide Dedicated Transport I, LLC",2010-08-16,2010-10-12,"Oklahoma City","OK","A",2010-09-27,8,NA,"IBT LOCAL 886",0,NA,NA,NA,NA,6,6,"N",1,"N",NA,"Initial","Single Labor Organization","Certification of Results","Closed","All full time and regular part time hostler drivers employed by the Employer at its 5600 S. Council, Oklahoma City, OK facility, EXCLUDING all shuttlers, technicians, trailer washers, dispatchers, office clerical employees, professional employees, gu",NA,NA,NA,42,2010-07-01,2010-07-01,"6-10",TRUE,"RC","Yes","IBT LOCAL 886",1,"Teamsters",0,"No",2
"17-RC-012671",NA,"Greatwide Dedicated Transport I, LLC",2010-08-16,2010-10-12,"Oklahoma City","OK","A",2010-09-27,8,0,"IBT Local 886",0,NA,NA,NA,NA,6,6,"N",1,"N",NA,"Initial","Single Labor Organization","Certification of Results","Closed",NA,NA,NA,NA,42,2010-07-01,2010-07-01,"6-10",FALSE,"RC","Yes","IBT Local 886",1,"Teamsters",0,"No",2
"17-RC-012669","Region 14, Saint Louis, Missouri","DECO, Inc.",2010-08-05,2010-09-27,"Oklahoma City","OK","A",2010-09-14,70,NA,"PROFESSIONAL SECURITY OFFICERS AND INVESTIGATORS OF AMERICA",42,NA,NA,NA,NA,4,46,"N",NA,"N","PROFESSIONAL SECURITY OFFICERS AND INVESTIGATORS OF AMERICA","Initial","Single Labor Organization","Certific. of Representative","Closed","All full time and regular part-time security guards as defined in Section 9(b)(3) of the National Labor Relations Act (the Act) performing services for the Employer under the Contract (as defined below) in Oklahoma City, Moore, Durant, Stillwater,",NA,NA,NA,40,2010-07-01,2010-07-01,"51-100",TRUE,"RC","Yes","PROFESSIONAL SECURITY OFFICERS AND INVESTIGATORS OF AMERICA",0,"Uncoded",0.91304347826087,"Yes",24
"17-RC-012670","Region 14, Saint Louis, Missouri","Northrop Grumman Technical Services, Inc.",2010-08-05,2010-08-12,"Vance AFB","OK",NA,NA,4,NA,NA,NA,NA,NA,NA,NA,NA,NA,NA,NA,NA,NA,NA,NA,"Withdrawal Non-adjusted","Closed",NA,NA,NA,NA,NA,NA,2010-07-01,"<5",TRUE,"RC","No",NA,0,"Uncoded",NA,"Other",NA
"17-RD-001802","Region 14, Saint Louis, Missouri","Safety and Security Services, Inc.",2010-07-23,2010-09-09,"Oklahoma City","OK","A",2010-08-31,22,NA,"UGSOA INTERNATIONAL UNION",7,NA,NA,NA,NA,8,15,"N",NA,"N",NA,"Rerun","Single Labor Organization","Certification of Results","Closed","All full-time and regular part-time security officers employed by the Employer that are performing guard duties as defined by Section 9(b)(3) of the Act, as amended, at Spirit Aero Systems, Inc's., facility located at 3330 North Mingo Road in Tulsa,",NA,NA,NA,39,2010-07-01,2010-07-01,"11-25",TRUE,"RD","Yes","UGSOA INTERNATIONAL UNION",1,"UGSOA",0.466666666666667,"No",7
"17-RD-001802",NA,"Safety and Security Services, Inc.",2010-07-23,2010-09-09,"Tulsa","OK","A",2010-08-31,22,0,"UGSOA International Union",7,NA,NA,NA,NA,8,15,"N",0,"N",NA,"Initial","Revised Single Labor Org","Certification of Results","Closed",NA,NA,NA,NA,39,2010-07-01,2010-07-01,"11-25",FALSE,"RD","Yes","UGSOA International Union",1,"UGSOA",0.466666666666667,"No",7
"17-RD-001802","Region 14, Saint Louis, Missouri","Safety and Security Services, Inc.",2010-07-23,2010-09-09,"Oklahoma City","OK","A",2010-08-25,22,NA,"UGSOA INTERNATIONAL UNION",7,NA,NA,NA,NA,7,14,"N",1,"Y",NA,"Initial","Single Labor Organization","Certification of Results","Closed","All full-time and regular part-time security officers employed by the Employer that are performing guard duties as defined by Section 9(b)(3) of the Act, as amended, at Spirit Aero Systems, Inc's., facility located at 3330 North Mingo Road in Tulsa,",NA,NA,NA,33,2010-07-01,2010-07-01,"11-25",FALSE,"RD","Yes","UGSOA INTERNATIONAL UNION",1,"UGSOA",0.5,"No",8
"17-RM-000866","Region 14, Saint Louis, Missouri","DECO, Inc.",2010-07-13,2010-08-17,"Oklahoma City","OK",NA,NA,85,NA,NA,NA,NA,NA,NA,NA,NA,NA,NA,NA,NA,NA,NA,NA,"Withdrawal Non-adjusted","Closed",NA,NA,NA,NA,NA,NA,2010-07-01,"51-100",TRUE,"RM","No",NA,0,"Uncoded",NA,"Other",NA
"17-RD-001799","Region 14, Saint Louis, Missouri","Simmons Food, Inc.",2010-06-30,2010-08-24,"Fairland","OK","A",2010-08-11,52,1,"BCTGM LOCAL 218",11,NA,NA,NA,NA,36,47,"N",NA,"N",NA,"Initial","Single Labor Organization","Certification of Results","Closed","All full-time and regular part-time production and maintenance employees, feed haul drivers, feed pickup drivers and quality assurance technician employed by the Employer at its feed plant located at 1010 Industrial Park, Fairland, Oklahoma, but EXCL",NA,NA,NA,42,2010-07-01,2010-04-01,"51-100",TRUE,"RD","Yes","BCTGM LOCAL 218",1,"BCTGM",0.234042553191489,"No",5
"17-RD-001797","Region 14, Saint Louis, Missouri","Trane US, Inc.",2010-05-19,2010-05-27,"Broken Arrow","OK",NA,NA,22,NA,NA,NA,NA,NA,NA,NA,NA,NA,NA,NA,NA,NA,NA,NA,"Withdrawal Non-adjusted","Closed",NA,NA,NA,NA,NA,NA,2010-04-01,"11-25",TRUE,"RD","No",NA,0,"Uncoded",NA,"Other",NA
"17-AC-000032","Region 14, Saint Louis, Missouri","Asplundh Tree Expert Co.",2010-05-12,2010-06-01,"Tulsa","OK",NA,NA,188,NA,NA,NA,NA,NA,NA,NA,NA,NA,NA,NA,NA,NA,NA,NA,"Withdrawal Non-adjusted","Closed",NA,NA,NA,NA,NA,NA,2010-04-01,"101-500",TRUE,"AC","No",NA,0,"Uncoded",NA,"Other",NA
"17-RC-012657","Region 14, Saint Louis, Missouri","Boldt Construction",2010-03-10,2010-03-12,"Oklahoma City","OK",NA,NA,24,NA,NA,NA,NA,NA,NA,NA,NA,NA,NA,NA,NA,NA,NA,NA,"Withdrawal Non-adjusted","Closed",NA,NA,NA,NA,NA,NA,2010-01-01,"11-25",TRUE,"RC","No",NA,0,"Uncoded",NA,"Other",NA
"17-RC-012656","Region 14, Saint Louis, Missouri","RPCS d/b/a Pyramid Foods",2010-01-22,2010-03-03,"Bartlesville","OK",NA,NA,8,NA,NA,NA,NA,NA,NA,NA,NA,NA,NA,NA,NA,NA,NA,NA,"Withdrawal Non-adjusted","Closed",NA,NA,NA,NA,NA,NA,2010-01-01,"6-10",TRUE,"RC","No",NA,0,"Uncoded",NA,"Other",NA
"17-RC-012653","Region 14, Saint Louis, Missouri","RPCS, Inc., d/b/a Food Pyramid",2010-01-12,2010-01-22,"Bartlesville","OK",NA,NA,8,NA,NA,NA,NA,NA,NA,NA,NA,NA,NA,NA,NA,NA,NA,NA,"Withdrawal Non-adjusted","Closed",NA,NA,NA,NA,NA,NA,2010-01-01,"6-10",TRUE,"RC","No",NA,0,"Uncoded",NA,"Other",NA
"17-RC-012652","Region 14, Saint Louis, Missouri","RPCS d/b/a Ponca City Discount Foods",2010-01-07,2010-04-09,"Ponca City","OK",NA,NA,12,NA,NA,NA,NA,NA,NA,NA,NA,NA,NA,NA,NA,NA,NA,NA,"Withdrawal Non-adjusted","Closed",NA,NA,NA,NA,NA,NA,2010-01-01,"11-25",TRUE,"RC","No",NA,0,"Uncoded",NA,"Other",NA
"17-RD-001795","Region 14, Saint Louis, Missouri","Dolese Bros. Co.",2009-12-28,2010-01-15,"Oklahoma City","OK",NA,NA,150,NA,NA,NA,NA,NA,NA,NA,NA,NA,NA,NA,NA,NA,NA,NA,"Dismissal Non-adjusted","Closed",NA,NA,NA,NA,NA,NA,2009-10-01,"101-500",TRUE,"RD","No",NA,0,"Uncoded",NA,"Other",NA
"17-RC-012651","Region 14, Saint Louis, Missouri","RPCS d/b/a Food Pyramid",2009-12-22,2010-01-20,"Bartlesville","OK",NA,NA,75,NA,NA,NA,NA,NA,NA,NA,NA,NA,NA,NA,NA,NA,NA,NA,"Withdrawal Non-adjusted","Closed",NA,NA,NA,NA,NA,NA,2009-10-01,"51-100",TRUE,"RC","No",NA,0,"Uncoded",NA,"Other",NA
"17-RC-012650","Region 14, Saint Louis, Missouri","Spartan Aviation Industries, Inc., d/b/a Spartan College of Aeronautics and Technology",2009-12-18,2010-04-29,"Tulsa","OK","A",2010-04-16,35,NA,"TEAMSTERS LOCAL 523",9,NA,NA,NA,NA,17,26,"N",NA,"N",NA,"Rerun","Single Labor Organization","Certification of Results","Closed","All full time and regular part time flight instructors, flight instructors (stage check airmen) and flight instructors (ground school) employed by the Employer at its 123 Cessna Drive, Jenks, Oklahoma, campus, EXCLUDING all office clerical employees,",NA,NA,NA,119,2010-04-01,2009-10-01,"26-50",TRUE,"RC","Yes","TEAMSTERS LOCAL 523",1,"Teamsters",0.346153846153846,"No",9
"17-RC-012650","Region 14, Saint Louis, Missouri","Spartan Aviation Industries, Inc., d/b/a Spartan College of Aeronautics and Technology",2009-12-18,2010-04-29,"Tulsa","OK","A",2010-01-28,37,NA,"INTERNATIONAL BROTHERHOOD OF TEAMSTERS LOCAL 523",14,NA,NA,NA,NA,16,30,"N",1,"N",NA,"Initial","Single Labor Organization","Certification of Results","Closed","All full time and regular part time flight instructors, flight instructors (stage check airmen) and flight instructors (ground school) employed by the Employer at its 123 Cessna Drive, Jenks, Oklahoma, campus, EXCLUDING all office clerical employees,",NA,NA,NA,41,2010-01-01,2009-10-01,"26-50",FALSE,"RC","Yes","INTERNATIONAL BROTHERHOOD OF TEAMSTERS LOCAL 523",1,"Teamsters",0.466666666666667,"No",7
"17-RC-012648","Region 14, Saint Louis, Missouri","Food Pyramid",2009-12-09,2009-12-21,"Bartlesville","OK",NA,NA,75,NA,NA,NA,NA,NA,NA,NA,NA,NA,NA,NA,NA,NA,NA,NA,"Withdrawal Non-adjusted","Closed",NA,NA,NA,NA,NA,NA,2009-10-01,"51-100",TRUE,"RC","No",NA,0,"Uncoded",NA,"Other",NA
"17-RC-012645","Region 14, Saint Louis, Missouri","Raytheon Technical Services Company, LLC",2009-11-30,2010-01-21,"Oklahoma City","OK","A",2010-01-11,139,1,"IAMAW, AFL-CIO",63,NA,NA,NA,NA,49,112,"N",6,"N","IAMAW, AFL-CIO","Initial","Single Labor Organization","Certific. of Representative","Closed","All full-time and regular part-time Remote Pilot Operators employed by the Employer at the Mike Monroney Aeronautical Center located at 6500 S. MacArthur Blvd, Oklahoma City, OK but EXCLUDING Office clerical employees, professional employees, manager",NA,NA,NA,42,2010-01-01,2009-10-01,"101-500",TRUE,"RC","Yes","IAMAW, AFL-CIO",1,"IAM",0.5625,"Yes",27
"17-AC-000031","Region 14, Saint Louis, Missouri","Dolese Brothers",2009-11-24,2009-12-28,"Oklahoma City","OK",NA,NA,100,NA,NA,NA,NA,NA,NA,NA,NA,NA,NA,NA,NA,NA,NA,NA,"Amended Certification","Closed",NA,NA,NA,NA,NA,NA,2009-10-01,"51-100",TRUE,"AC","No",NA,0,"Uncoded",NA,"Other",NA
"17-RC-012643","Region 14, Saint Louis, Missouri","Superior Security & Investigations of Shawnee, Inc.",2009-10-08,2009-11-27,"Oklahoma City","OK","A",2009-11-13,6,NA,"SPFPA INTERNATIONAL HEADQUARTERS",0,NA,NA,NA,NA,1,6,"N",NA,"N","SPFPA INTERNATIONAL HEADQUARTERS","Initial","Single Labor Organization","Certific. of Representative","Closed","All full-time and regular part-time security officers performing guard duties as defined in Section 9(b)(3) of the Act, as Amended, employed by the Employer at its jobsite located at 119 E Reno, Oklahoma City, OK but EXCLUDING all office clerical emp",NA,NA,NA,36,2009-10-01,2009-10-01,"6-10",TRUE,"RC","Yes","SPFPA INTERNATIONAL HEADQUARTERS",1,"SPFPA",0,"Yes",5
"17-RC-012639","Region 14, Saint Louis, Missouri","Superior Security Services, Inc.",2009-10-02,2009-10-08,"Oklahoma City","OK",NA,NA,8,NA,NA,NA,NA,NA,NA,NA,NA,NA,NA,NA,NA,NA,NA,NA,"Withdrawal Non-adjusted","Closed",NA,NA,NA,NA,NA,NA,2009-10-01,"6-10",TRUE,"RC","No",NA,0,"Uncoded",NA,"Other",NA
"17-RC-012635","Region 14, Saint Louis, Missouri","Public Service Company of Oklahoma",2009-09-15,2009-11-02,"Tulsa","OK","A",2009-10-23,7,NA,"IBEW LOCAL 1002",2,NA,NA,NA,NA,5,7,"N",NA,"N",NA,"Initial","Single Labor Organization","Certification of Results","Closed","All full-time and regular part-time service representatives employed by the Employer at its 126 W. Main Chouteau, Oklahoma; 850 E Parkway Dr., Vinita, Oklahoma; 600 Avant, Clinton, Oklahoma; and 2000 W Frisco, Chickasha, OK, but EXCLUDING all guard a",NA,NA,NA,38,2009-10-01,2009-07-01,"6-10",TRUE,"RC","Yes","IBEW LOCAL 1002",1,"IBEW",0.285714285714286,"No",0
"17-RC-012634","Region 14, Saint Louis, Missouri","Lopez Foods, Inc.",2009-09-10,2009-11-02,"Oklahoma City","OK","A",2009-10-22,23,NA,"IBT LOCAL 886",7,NA,NA,NA,NA,14,21,"N",3,"N",NA,"Initial","Single Labor Organization","Certification of Results","Closed","All full-time and regular part-time Food Safety Quality Systems (FSQS) employees employed by the Employer at its facility located at 9500 NW 4th Street, Oklahoma City, OK but EXCLUDING guards and supervisors as defined in the Act, and all other emplo",NA,NA,NA,42,2009-10-01,2009-07-01,"11-25",TRUE,"RC","Yes","IBT LOCAL 886",1,"Teamsters",0.333333333333333,"No",2
"17-RD-001791","Region 14, Saint Louis, Missouri","Dolese Brothers Company",2009-08-28,2009-09-01,"Elgin","OK",NA,NA,85,NA,NA,NA,NA,NA,NA,NA,NA,NA,NA,NA,NA,NA,NA,NA,"Withdrawal Non-adjusted","Closed",NA,NA,NA,NA,NA,NA,2009-07-01,"51-100",TRUE,"RD","No",NA,0,"Uncoded",NA,"Other",NA
"17-RC-012625","Region 14, Saint Louis, Missouri","CO-9 Air Control Systems, Inc.",2009-06-30,2010-05-24,"Broken Arrow","OK","A",2010-05-14,16,NA,"SHEET METAL WORKERS LOCAL 270",0,NA,NA,NA,NA,10,10,"N",6,"N",NA,"Initial","Single Labor Organization","Certification of Results","Closed","All full time and part time journeyman and apprentice HVAC employees performing construction work at all job sites within the State of Oklahoma from the Employer's facility located in Catoosa, Oklahoma but EXCLUDING all plumbers, temporary employees,",NA,NA,NA,318,2010-04-01,2009-04-01,"11-25",TRUE,"RC","Yes","SHEET METAL WORKERS LOCAL 270",1,"SMART",0,"No",6
"17-RC-012625",NA,"CO-9 Air Control Systems, Inc.",2009-06-30,2010-05-24,"Catoosa","OK","A",2010-05-14,16,0,"Sheet Metal Workers Local 270",0,NA,NA,NA,NA,10,10,"N",6,"N",NA,"Initial","Single Labor Organization","Certification of Results","Closed",NA,NA,NA,NA,318,2010-04-01,2009-04-01,"11-25",FALSE,"RC","Yes","Sheet Metal Workers Local 270",1,"SMART",0,"No",6
"17-RC-012623","Region 14, Saint Louis, Missouri","Asplundh Tree Expert Co.",2009-06-17,2009-08-03,"Tulsa","OK","A",2009-07-22,207,20,"SOUTHWEST LABORERS' DISTRICT COUNCIL",46,NA,NA,NA,NA,25,71,"N",16,"N","SOUTHWEST LABORERS' DISTRICT COUNCIL","Initial","Single Labor Organization","Certific. of Representative","Closed","All full-time and regular part-time line clearance employees, including tree trimmers, trimmer trainees and groundpersons, working for the Employer on the property of the Public Service Company of Oklahoma in the State of Oklahoma, but EXCLUDING all",NA,NA,NA,35,2009-07-01,2009-04-01,"101-500",TRUE,"RC","Yes","SOUTHWEST LABORERS' DISTRICT COUNCIL",1,"LIUNA",0.647887323943662,"Yes",136
"17-RC-012621","Region 14, Saint Louis, Missouri","Sodexo Operations, LLC",2009-06-01,2009-07-20,"Fort Sill","OK","A",2009-07-09,23,NA,"LABORERS INT'L UNION OF NORTH AMERICA, LOCAL 1168",15,NA,NA,NA,NA,7,22,"N",1,"N","LABORERS INT'L UNION OF NORTH AMERICA, LOCAL 1168","Initial","Single Labor Organization","Certific. of Representative","Closed","All regular full-time and regular part-time food service employees, including cooks, food service workers, food service worker/cashiers, storeroom clerks, nutrition assistants, and utility workers employed by the Employer at Reynolds Army Medical Cen",NA,NA,NA,38,2009-07-01,2009-04-01,"11-25",TRUE,"RC","Yes","LABORERS INT'L UNION OF NORTH AMERICA, LOCAL 1168",1,"LIUNA",0.681818181818182,"Yes",1
"17-RC-012618","Region 14, Saint Louis, Missouri","Asplundh Tree Expert Co.",2009-05-04,2009-05-12,"Tulsa","OK",NA,NA,263,NA,NA,NA,NA,NA,NA,NA,NA,NA,NA,NA,NA,NA,NA,NA,"Withdrawal Non-adjusted","Closed",NA,NA,NA,NA,NA,NA,2009-04-01,"101-500",TRUE,"RC","No",NA,0,"Uncoded",NA,"Other",NA
"17-RC-012617","Region 14, Saint Louis, Missouri","UPS Ground Freight, Inc.",2009-04-30,2009-06-03,"Oklahoma City","OK",NA,NA,3,NA,NA,NA,NA,NA,NA,NA,NA,NA,NA,NA,NA,NA,NA,NA,"Withdrawal Non-adjusted","Closed",NA,NA,NA,NA,NA,NA,2009-04-01,"<5",TRUE,"RC","No",NA,0,"Uncoded",NA,"Other",NA
"17-RC-012611","Region 14, Saint Louis, Missouri","Spartan Aviation Industries, Inc., d/b/a Spartan College of Aeronautics and Technology",2009-02-13,2009-03-23,"Jenks","OK",NA,NA,7,NA,NA,NA,NA,NA,NA,NA,NA,NA,NA,NA,NA,NA,NA,NA,"Withdrawal Non-adjusted","Closed",NA,NA,NA,NA,NA,NA,2009-01-01,"6-10",TRUE,"RC","No",NA,0,"Uncoded",NA,"Other",NA
NA,NA,NA,NA,NA,NA,NA,NA,NA,NA,NA,NA,NA,NA,NA,NA,NA,NA,NA,NA,NA,NA,NA,NA,NA,NA,NA,NA,NA,NA,NA,NA,NA,NA,NA,NA,NA,NA,NA,NA,NA,NA,NA,NA
"17-RC-012608","Region 14, Saint Louis, Missouri","Spartan Aviation Industries, Inc., d/b/a Spartan College of Aeronautics and Technology",2009-02-04,2009-03-12,"Jenks","OK",NA,NA,38,NA,NA,NA,NA,NA,NA,NA,NA,NA,NA,NA,NA,NA,NA,NA,"Withdrawal Non-adjusted","Closed",NA,NA,NA,NA,NA,NA,2009-01-01,"26-50",TRUE,"RC","No",NA,0,"Uncoded",NA,"Other",NA
"17-RC-012607","Region 14, Saint Louis, Missouri","Boeing Aerospace Operations, Inc.",2009-01-26,2009-03-16,"Altus","OK","A",2009-03-04,7,NA,"IAMAW, AFL-CIO",0,NA,NA,NA,NA,6,6,"N",NA,"N",NA,"Initial","Single Labor Organization","Certific. of Representative","Closed","All full-time and regular part-time customer support engineers, software engineers, systems engineers, and systems engineer support analysts employed by the Employer at its facility located at Altus Air Force Base, 320 N. 6th Street, Building 172 Altus, OK, EXCLUDING all office clerical employees,  guards, and supervisors, as defined by the National Labor Relations Act, as amended, and all other employees.","All full-time and regular part-time administrative assistants, business & planning analysts, combat aircraft training techs, computer-based training developers, computer-based training programmers, database administrators, flight schedulers, graphic designers, industrial security specialists, instructional systems designers, integrated schedule specialists, integrated support tech specialists, librarians, materials management analysts, multi-media graphic designers, procurement agents, product and definition change planning specialists, programmer analysts, project management specialists, quality systems specialists, supply chain specialists, system administrators, training device technicians, training systems integrators, and vehicle support assistants employed by the Employer at its facility located at Altus Air Force Base, 320 N. 6th Street, Building 172 Altus, OK, EXCLUDING all office clerical employees, guards, and supervisors, as defined by the National Labor Relations Act, as amended, and all other employees.",NA,NA,37,2009-01-01,2009-01-01,"6-10",TRUE,"RC","Yes","IAMAW, AFL-CIO",1,"IAM",0,"Yes",1
"17-RC-012607",NA,"Boeing Aerospace Operations, Inc.",2009-01-26,2009-03-16,"Altus","OK","A",2009-03-04,7,0,"IAMAW, AFL-CIO",0,NA,NA,NA,NA,6,6,"N",0,"N",NA,"Initial","Single Labor Organization","Certific. of Representative","Closed","All full-time and regular part-time customer support engineers, software engineers, systems engineers, and systems engineer support analysts employed by the Employer at its facility located at Altus Air Force Base, 320 N. 6th Street, Building 172 Altus, OK, EXCLUDING all office clerical employees,  guards, and supervisors, as defined by the National Labor Relations Act, as amended, and all other employees.","All full-time and regular part-time administrative assistants, business & planning analysts, combat aircraft training techs, computer-based training developers, computer-based training programmers, database administrators, flight schedulers, graphic designers, industrial security specialists, instructional systems designers, integrated schedule specialists, integrated support tech specialists, librarians, materials management analysts, multi-media graphic designers, procurement agents, product and definition change planning specialists, programmer analysts, project management specialists, quality systems specialists, supply chain specialists, system administrators, training device technicians, training systems integrators, and vehicle support assistants employed by the Employer at its facility located at Altus Air Force Base, 320 N. 6th Street, Building 172 Altus, OK, EXCLUDING all office clerical employees, guards, and supervisors, as defined by the National Labor Relations Act, as amended, and all other employees.",NA,NA,37,2009-01-01,2009-01-01,"6-10",FALSE,"RC","Yes","IAMAW, AFL-CIO",1,"IAM",0,"Yes",1
"17-RC-012607","Region 14, Saint Louis, Missouri","Boeing Aerospace Operations, Inc.",2009-01-26,2009-03-16,"Altus","OK","B",2009-03-04,147,NA,"IAMAW, AFL-CIO",114,NA,NA,NA,NA,4,118,"N",NA,"N","IAMAW, AFL-CIO","Initial","Single Labor Organization","Certific. of Representative","Closed","All full-time and regular part-time customer support engineers, software engineers, systems engineers, and systems engineer support analysts employed by the Employer at its facility located at Altus Air Force Base, 320 N. 6th Street, Building 172 Altus, OK, EXCLUDING all office clerical employees,  guards, and supervisors, as defined by the National Labor Relations Act, as amended, and all other employees.","All full-time and regular part-time administrative assistants, business & planning analysts, combat aircraft training techs, computer-based training developers, computer-based training programmers, database administrators, flight schedulers, graphic designers, industrial security specialists, instructional systems designers, integrated schedule specialists, integrated support tech specialists, librarians, materials management analysts, multi-media graphic designers, procurement agents, product and definition change planning specialists, programmer analysts, project management specialists, quality systems specialists, supply chain specialists, system administrators, training device technicians, training systems integrators, and vehicle support assistants employed by the Employer at its facility located at Altus Air Force Base, 320 N. 6th Street, Building 172 Altus, OK, EXCLUDING all office clerical employees, guards, and supervisors, as defined by the National Labor Relations Act, as amended, and all other employees.",NA,NA,37,2009-01-01,2009-01-01,"101-500",TRUE,"RC","Yes","IAMAW, AFL-CIO",1,"IAM",0.966101694915254,"Yes",29
"17-RC-012604","Region 14, Saint Louis, Missouri","Brinks, Inc.",2009-01-14,2009-01-27,"Oklahoma City","OK",NA,NA,20,NA,NA,NA,NA,NA,NA,NA,NA,NA,NA,NA,NA,NA,NA,NA,"Withdrawal Non-adjusted","Closed",NA,NA,NA,NA,NA,NA,2009-01-01,"11-25",TRUE,"RC","No",NA,0,"Uncoded",NA,"Other",NA
NA,NA,NA,NA,NA,NA,NA,NA,NA,NA,NA,NA,NA,NA,NA,NA,NA,NA,NA,NA,NA,NA,NA,NA,NA,NA,NA,NA,NA,NA,NA,NA,NA,NA,NA,NA,NA,NA,NA,NA,NA,NA,NA,NA
"17-RC-012589","Region 14, Saint Louis, Missouri","Public Service Company of Oklahoma",2008-11-14,2008-12-29,"Tulsa","OK","A",2008-12-17,3,NA,"INTERNATIONAL BROTHERHOOD OF ELECTRICAL WORKERS, LOCAL UNION 1002",3,NA,NA,NA,NA,0,3,"N",NA,"N","INTERNATIONAL BROTHERHOOD OF ELECTRICAL WORKERS, LOCAL UNION 1002","Initial","Single Labor Organization","Certific. of Representative","Closed","All full-time and regular part-time supply chain employees employed by the Employer at its 310 S Comanche, Bartlesville, Oklahoma; 126 W. Main, Chouteau, Oklahoma; 310 S Main, Grove, Oklahoma; and 850 E Parkway Dr., Vinita Oklahoma locations, EXCLUDING guards and supervisors as defined in the Act, and all other employees.",NA,NA,NA,33,2008-10-01,2008-10-01,"<5",TRUE,"RC","Yes","INTERNATIONAL BROTHERHOOD OF ELECTRICAL WORKERS, LOCAL UNION 1002",1,"IBEW",1,"Yes",0
"17-RC-012589",NA,"Public Service Company of Oklahoma",2008-11-14,2008-12-29,"Bartlesville","OK","A",2008-12-17,3,0,"International Brotherhood of Electrical Workers, Local Union 1002",3,NA,NA,NA,NA,0,3,"N",0,"N","International Brotherhood of Electrical Workers, Local Union 1002","Initial","Single Labor Organization","Certific. of Representative","Closed","All full-time and regular part-time supply chain employees employed by the Employer at its 310 S Comanche, Bartlesville, Oklahoma; 126 W. Main, Chouteau, Oklahoma; 310 S Main, Grove, Oklahoma; and 850 E Parkway Dr., Vinita Oklahoma locations, EXCLUDING guards and supervisors as defined in the Act, and all other employees.",NA,NA,NA,33,2008-10-01,2008-10-01,"<5",FALSE,"RC","Yes","International Brotherhood of Electrical Workers, Local Union 1002",1,"IBEW",1,"Yes",0
"17-RC-012587","Region 14, Saint Louis, Missouri","Safety and Security Services, Inc.",2008-11-07,2008-12-15,"Oklahoma City","OK","A",2008-12-05,23,NA,"UGSOA, IU",15,NA,NA,NA,NA,4,19,"N",NA,"N","UGSOA, IU","Initial","Single Labor Organization","Certific. of Representative","Closed","All full-time and regular part-time security officers employed by the Employer that are performing guard duties as defined by Section 9(b)(3) of the Act, as amended, at Spirit Aero Systems, Inc's., facility located at 3330 North Mingo Road in Tulsa, OK, EXCLUDING all office clerical employees, professional employees, and supervisors, as defined in the National Labor Relations Act, as amended, and all other employees.",NA,NA,NA,28,2008-10-01,2008-10-01,"11-25",TRUE,"RC","Yes","UGSOA, IU",1,"UGSOA",0.789473684210526,"Yes",4
"17-RC-012582","Region 14, Saint Louis, Missouri","Loomis Armored US, Inc.",2008-10-06,2008-11-10,"Oklahoma City","OK","A",2008-10-30,83,1,"International Union, Security, Police and Fire Professionals of America (SPFPA) and its Local No. 901",50,NA,NA,NA,NA,21,71,"N",1,"N","International Union, Security, Police and Fire Professionals of America (SPFPA) and its Local No. 901","Initial","Single Labor Organization","Certific. of Representative","Closed","All full-time and regular part-time armed security guards, drivers, ATM technicians, AST's, dispatchers and vault custodians performing guard duties as defined in Section 9(b)(3) of the Act, as amended, employed by the Employer at its facility located at 1610 NE 4th St., Oklahoma City, Oklahoma but Excluding office clerical employees and supervisors as defined in the Act, and all other employees.",NA,NA,NA,24,2008-10-01,2008-10-01,"51-100",TRUE,"RC","Yes","International Union, Security, Police and Fire Professionals of America (SPFPA) and its Local No. 901",1,"SPFPA",0.704225352112676,"Yes",12
"17-RC-012583","Region 14, Saint Louis, Missouri","Safety & Security Services,Inc.",2008-10-06,2008-10-15,"Oklahoma City","OK",NA,NA,17,NA,NA,NA,NA,NA,NA,NA,NA,NA,NA,NA,NA,NA,NA,NA,"Withdrawal Non-adjusted","Closed",NA,NA,NA,NA,NA,NA,2008-10-01,"11-25",TRUE,"RC","No",NA,0,"Uncoded",NA,"Other",NA
"17-RC-012578","Region 14, Saint Louis, Missouri","Hopmann Painting, Inc.",2008-09-25,2008-10-27,"Oklahoma City","OK","A",2008-10-16,6,NA,"INTERNATIONAL UNION OF PAINTERS & ALLIED TRADES DISTRICT COUNCIL #88 LOCAL 807",6,NA,NA,NA,NA,0,6,"N",NA,"N","INTERNATIONAL UNION OF PAINTERS & ALLIED TRADES DISTRICT COUNCIL #88 LOCAL 807","Initial","Single Labor Organization","Certific. of Representative","Closed","All full-time and regular part-time painters, drywall finishers, and wall-covering employees employed by the Employer at its facility located at 2129 SE 44th St, Oklahoma City, OK, EXCLUDING all office clerical employees, guards, and supervisors, as defined in the National Labor Relations Act, as amended, and all other employees.",NA,NA,NA,21,2008-10-01,2008-07-01,"6-10",TRUE,"RC","Yes","INTERNATIONAL UNION OF PAINTERS & ALLIED TRADES DISTRICT COUNCIL #88 LOCAL 807",1,"IUPAT",1,"Yes",0
"17-RC-012578",NA,"Hopmann Painting, Inc.",2008-09-25,2008-10-27,"Oklahoma City","OK","A",2008-10-16,6,0,"International Union of Painters & Allied Trades District Council #88 Local 807",6,NA,NA,NA,NA,0,6,"N",0,"N","International Union of Painters & Allied Trades District Council #88 Local 807","Initial","Single Labor Organization","Certific. of Representative","Closed","All full-time and regular part-time painters, drywall finishers, and wall-covering employees employed by the Employer at its facility located at 2129 SE 44th St, Oklahoma City, OK, EXCLUDING all office clerical employees, guards, and supervisors, as defined in the National Labor Relations Act, as amended, and all other employees.",NA,NA,NA,21,2008-10-01,2008-07-01,"6-10",FALSE,"RC","Yes","International Union of Painters & Allied Trades District Council #88 Local 807",1,"IUPAT",1,"Yes",0
"17-RC-012572","Region 14, Saint Louis, Missouri","SVC Manufacturing, Inc.",2008-08-26,2009-01-07,"Pryor","OK","A",2008-10-03,191,1,"UFCW LOCAL 1000",48,NA,NA,NA,NA,119,167,"N",12,"N",NA,"Initial","Single Labor Organization","Certification of Results","Closed","All full-time and regular part-time production, maintenance, and distribution center employees employed by the Employer at its facility located at 3500 Main Street, Pryor, Oklahoma, EXCLUDING all office clerical employees, guards, and supervisors, as",NA,NA,NA,38,2008-10-01,2008-07-01,"101-500",TRUE,"RC","Yes","UFCW LOCAL 1000",1,"UFCW",0.287425149700599,"No",24
"17-RD-001776","Region 14, Saint Louis, Missouri","North American Galvanizing Co.",2008-08-18,2008-09-25,"Tulsa","OK",NA,NA,35,NA,NA,NA,NA,NA,NA,NA,NA,NA,NA,NA,NA,NA,NA,NA,"Withdrawal Non-adjusted","Closed",NA,NA,NA,NA,NA,NA,2008-07-01,"26-50",TRUE,"RD","No",NA,0,"Uncoded",NA,"Other",NA
"17-RC-012570","Region 14, Saint Louis, Missouri","Safety & Security Services, Inc.",2008-08-15,2008-08-27,"tULSA","OK",NA,NA,21,NA,NA,NA,NA,NA,NA,NA,NA,NA,NA,NA,NA,NA,NA,NA,"Withdrawal Non-adjusted","Closed",NA,NA,NA,NA,NA,NA,2008-07-01,"11-25",TRUE,"RC","No",NA,0,"Uncoded",NA,"Other",NA
NA,NA,NA,NA,NA,NA,NA,NA,NA,NA,NA,NA,NA,NA,NA,NA,NA,NA,NA,NA,NA,NA,NA,NA,NA,NA,NA,NA,NA,NA,NA,NA,NA,NA,NA,NA,NA,NA,NA,NA,NA,NA,NA,NA
NA,NA,NA,NA,NA,NA,NA,NA,NA,NA,NA,NA,NA,NA,NA,NA,NA,NA,NA,NA,NA,NA,NA,NA,NA,NA,NA,NA,NA,NA,NA,NA,NA,NA,NA,NA,NA,NA,NA,NA,NA,NA,NA,NA
"17-RC-012566","Region 14, Saint Louis, Missouri","Professional Contract Services, Inc.",2008-07-23,2008-08-28,"Tinker AFB","OK",NA,NA,59,NA,NA,NA,NA,NA,NA,NA,NA,NA,NA,NA,NA,NA,NA,NA,"Withdrawal Non-adjusted","Closed",NA,NA,NA,NA,NA,NA,2008-07-01,"51-100",TRUE,"RC","No",NA,0,"Uncoded",NA,"Other",NA
"17-RC-012565","Region 14, Saint Louis, Missouri","Raudin McCormick, L.L.C. d/b/a Railcrew Xpress",2008-07-22,2008-09-26,"Tulsa","OK","A",2008-09-16,22,NA,"INTERNATIONAL ASSOCIATION OF MACHINISTS AND  AEROSPACE WORKERS, AFL-CIO",6,NA,NA,NA,NA,10,16,"N",1,"N",NA,"Initial","Single Labor Organization","Certification of Results","Closed","All full-time and regular part-time drivers, including yard drivers, radius drivers, road drivers and assistant lead drivers employed by the Employer from the Burlington Northern Santa Fe (BNSF) rail yard located at 1631 West 33rd Place, Tulsa, Oklahoma, but EXCLUDING all lead drivers, office clerical employees, professional employees, managerial employees, guards and supervisors as defined in the Act, as amended, and all other employees.",NA,NA,NA,56,2008-07-01,2008-07-01,"11-25",TRUE,"RC","Yes","INTERNATIONAL ASSOCIATION OF MACHINISTS AND  AEROSPACE WORKERS, AFL-CIO",1,"IAM",0.375,"No",6
"17-RC-012564","Region 14, Saint Louis, Missouri","Tinker Support Services J/V",2008-07-18,2008-07-29,"Tinker AFB","OK",NA,NA,2,NA,NA,NA,NA,NA,NA,NA,NA,NA,NA,NA,NA,NA,NA,NA,"Withdrawal Non-adjusted","Closed",NA,NA,NA,NA,NA,NA,2008-07-01,"<5",TRUE,"RC","No",NA,0,"Uncoded",NA,"Other",NA
"17-RC-012560","Region 14, Saint Louis, Missouri","Raudin McCormick d/b/a Railcrew Xpress",2008-06-12,2008-06-25,"Tulsa","OK",NA,NA,22,NA,NA,NA,NA,NA,NA,NA,NA,NA,NA,NA,NA,NA,NA,NA,"Withdrawal Non-adjusted","Closed",NA,NA,NA,NA,NA,NA,2008-04-01,"11-25",TRUE,"RC","No",NA,0,"Uncoded",NA,"Other",NA
"17-RD-001772","Region 14, Saint Louis, Missouri","Trane US, Inc.",2008-05-27,2008-07-07,"Broken Arrow","OK","A",2008-06-27,26,NA,"THE UNITED ASSOC. OF PLUMBERS AND PIPEFITTERS",15,NA,NA,NA,NA,11,26,"N",NA,"N","THE UNITED ASSOC. OF PLUMBERS AND PIPEFITTERS","Initial","Single Labor Organization","Certific. of Representative","Closed","All regular full time and regular part-time service journeymen, servicemen, service apprentices, and tradesmen employed by the Employer at its facilities located 305 Hudiburg Circle, Oklahoma City, Oklahoma and 2201 North Willow Avenue, Broken Arrow,",NA,NA,NA,31,2008-04-01,2008-04-01,"26-50",TRUE,"RD","Yes","THE UNITED ASSOC. OF PLUMBERS AND PIPEFITTERS",1,"UA",0.576923076923077,"Yes",0
"17-RD-001771","Region 14, Saint Louis, Missouri","Trane",2008-05-19,2008-05-27,"Broken Arrow","OK",NA,NA,12,NA,NA,NA,NA,NA,NA,NA,NA,NA,NA,NA,NA,NA,NA,NA,"Withdrawal Non-adjusted","Closed",NA,NA,NA,NA,NA,NA,2008-04-01,"11-25",TRUE,"RD","No",NA,0,"Uncoded",NA,"Other",NA
"17-RC-012549","Region 14, Saint Louis, Missouri","Summit Technical Solutions, LLC",2008-05-05,2008-06-26,"Oklahoma City","OK","A",2008-06-16,14,NA,"INTERNATIONAL ASSOCIATION OF MACHINISTS AND  AEROSPACE WORKERS, AFL-CIO",13,NA,NA,NA,NA,0,13,"N",NA,"N","INTERNATIONAL ASSOCIATION OF MACHINISTS AND  AEROSPACE WORKERS, AFL-CIO","Initial","Single Labor Organization","Certific. of Representative","Closed","ALL FULL-TIME AND REGULAR PART-TIME SHIPPING/RECEIVING, GENERAL CLERKS, TRUCK DRIVERS, MESSENGER/COURIERS, AND DRIVER/COURIERS EMPLOYED BY THE EMPLOYER AT ITS MIKE MONRONEY AERONAUTICAL CENTER LOCATED IN OKLAHOMA CITY, OK, BUT EXCLUDING ALL OFFICE CL",NA,NA,NA,42,2008-04-01,2008-04-01,"11-25",TRUE,"RC","Yes","INTERNATIONAL ASSOCIATION OF MACHINISTS AND  AEROSPACE WORKERS, AFL-CIO",1,"IAM",1,"Yes",1
"17-RC-012549",NA,"Summit Technical Solutions, LLC",2008-05-05,2008-06-26,"Oklahoma City","OK","A",2008-06-16,14,0,"International Association of Machinists and  Aerospace Workers, AFL-CIO",13,NA,NA,NA,NA,0,13,"N",0,"N","International Association of Machinists and  Aerospace Workers, AFL-CIO","Initial","Single Labor Organization","Certific. of Representative","Closed","ALL FULL-TIME AND REGULAR PART-TIME SHIPPING/RECEIVING, GENERAL CLERKS, TRUCK DRIVERS, MESSENGER/COURIERS, AND DRIVER/COURIERS EMPLOYED BY THE EMPLOYER AT ITS MIKE MONRONEY AERONAUTICAL CENTER LOCATED IN OKLAHOMA CITY, OK, BUT EXCLUDING ALL OFFICE CLERICAL EMPLOYEES, PROFESSIONAL EMPLOYEES, MANAGERIAL EMPLOYEES, GUARDS AND SUPERVISORS AS DEFINED IN THE ACT.",NA,NA,NA,42,2008-04-01,2008-04-01,"11-25",FALSE,"RC","Yes","International Association of Machinists and  Aerospace Workers, AFL-CIO",1,"IAM",1,"Yes",1
"17-RC-012551","Region 14, Saint Louis, Missouri","First Transit, Inc.",2008-05-05,2008-06-23,"Tulsa","OK","A",2008-06-13,47,NA,"IBT, LOCAL 523",30,NA,NA,NA,NA,1,31,"N",NA,"N","IBT, LOCAL 523","Initial","Single Labor Organization","Certific. of Representative","Closed","All full-time and regular part-time paratransit drivers employed by the Employer at its facility located at 1403 East 5th Court, Tulsa, Oklahoma, EXCLUDING all dispatchers, mechanics, confidential employees, office clerical employees, guards, and sup",NA,NA,NA,39,2008-04-01,2008-04-01,"26-50",TRUE,"RC","Yes","IBT, LOCAL 523",1,"Teamsters",0.967741935483871,"Yes",16
"17-RC-012550","Region 14, Saint Louis, Missouri","SI International, Inc.",2008-05-05,2008-05-12,"Oklahoma City","OK",NA,NA,3,NA,NA,NA,NA,NA,NA,NA,NA,NA,NA,NA,NA,NA,NA,NA,"Withdrawal Non-adjusted","Closed",NA,NA,NA,NA,NA,NA,2008-04-01,"<5",TRUE,"RC","No",NA,0,"Uncoded",NA,"Other",NA
"17-RC-012548","Region 14, Saint Louis, Missouri","Chugach Government Services, Inc.",2008-05-05,2008-05-09,"Tinker AFB","OK",NA,NA,4,NA,NA,NA,NA,NA,NA,NA,NA,NA,NA,NA,NA,NA,NA,NA,"Withdrawal Non-adjusted","Closed",NA,NA,NA,NA,NA,NA,2008-04-01,"<5",TRUE,"RC","No",NA,0,"Uncoded",NA,"Other",NA
"17-RC-012546","Region 14, Saint Louis, Missouri","Alliance Transportation, Inc.",2008-04-23,2008-06-12,"Tulsa","OK",NA,NA,48,NA,NA,NA,NA,NA,NA,NA,NA,NA,NA,NA,NA,NA,NA,NA,"Withdrawal Non-adjusted","Closed",NA,NA,NA,NA,NA,NA,2008-04-01,"26-50",TRUE,"RC","No",NA,0,"Uncoded",NA,"Other",NA
"17-RC-012543","Region 14, Saint Louis, Missouri","TW & Company, Inc.",2008-03-28,2008-06-02,"Midwest City","OK","A",2008-05-22,75,1,"SPFPA INTERNATIONAL HEADQUARTERS",36,NA,NA,NA,NA,5,41,"N",5,"N","SPFPA INTERNATIONAL HEADQUARTERS","Initial","Single Labor Organization","Certific. of Representative","Closed","ALL FULL TIME AND REGULAR PART-TIME ARMED AND UNARMED SECURITY OFFICERS PERFORMING GUARD DUTIES AS DEFINED IN SECTION 9(b)(3) OF THE NATIONAL LABOR RELATIONS ACT, AS AMENDED AND EMPLOYED BY THE EMPLOYER AT ITS FACILITY LOCATED AT TINKER AIR FORCE BAS",NA,NA,NA,55,2008-04-01,2008-01-01,"51-100",TRUE,"RC","Yes","SPFPA INTERNATIONAL HEADQUARTERS",1,"SPFPA",0.878048780487805,"Yes",34
"17-RD-001766","Region 14, Saint Louis, Missouri","Empire Sheet Metal, LLC",2008-03-28,2008-05-12,"Broken Arrow","OK","A",2008-05-02,6,NA,"SHEET METAL WORKERS LOCAL 270",0,NA,NA,NA,NA,6,6,"N",1,"N",NA,"Initial","Single Labor Organization","Certification of Results","Closed","All regular full-time and part-time employees employed by the Employer at its facility located at 4151 West Albany, Broken Arrow, Oklahoma, engaged in but not limited to the: (a) manufacture, fabrication, assembling, handling, erection, installation,",NA,NA,NA,35,2008-04-01,2008-01-01,"6-10",TRUE,"RD","Yes","SHEET METAL WORKERS LOCAL 270",1,"SMART",0,"No",0
"17-UD-000136","Region 14, Saint Louis, Missouri","Tinker Support Services, JV",2008-03-28,2008-04-10,"Tinker AFB","OK",NA,NA,41,NA,NA,NA,NA,NA,NA,NA,NA,NA,NA,NA,NA,NA,NA,NA,"Withdrawal Non-adjusted","Closed",NA,NA,NA,NA,NA,NA,2008-01-01,"26-50",TRUE,"UD","No",NA,0,"Uncoded",NA,"Other",NA
"17-RD-001765","Region 14, Saint Louis, Missouri","Empire Sheet Metal, LLC",2008-03-06,2008-03-28,"Tulsa","OK",NA,NA,7,NA,NA,NA,NA,NA,NA,NA,NA,NA,NA,NA,NA,NA,NA,NA,"Withdrawal Non-adjusted","Closed",NA,NA,NA,NA,NA,NA,2008-01-01,"6-10",TRUE,"RD","No",NA,0,"Uncoded",NA,"Other",NA
"17-RD-001764","Region 14, Saint Louis, Missouri","Oklahoma Communication Systems, Inc., a subsidiary of TDS Telecom, Inc.",2008-03-05,2008-03-12,"Inola","OK",NA,NA,21,NA,NA,NA,NA,NA,NA,NA,NA,NA,NA,NA,NA,NA,NA,NA,"Withdrawal Non-adjusted","Closed",NA,NA,NA,NA,NA,NA,2008-01-01,"11-25",TRUE,"RD","No",NA,0,"Uncoded",NA,"Other",NA
"17-RC-012530","Region 14, Saint Louis, Missouri","Hertz Transporting, Inc.",2008-02-07,2008-04-14,"Tulsa","OK","A",2008-04-02,33,NA,"TRANSPORT WORKERS UNION LOCAL 514",5,NA,NA,NA,NA,26,31,"N",NA,"N",NA,"Initial","Single Labor Organization","Certification of Results","Closed","All full-time and regular part-time transporters, including on-lot and off-lot transporters, employed by the Employer at its 7727 East Young Place and 2110 North 73rd East Avenue, Tulsa, Oklahoma locations, but EXCLUDING counter sales representatives",NA,NA,NA,55,2008-04-01,2008-01-01,"26-50",TRUE,"RC","Yes","TRANSPORT WORKERS UNION LOCAL 514",0,"Uncoded",0.161290322580645,"No",2
"17-RD-001763","Region 14, Saint Louis, Missouri","Mars Petcare US, Inc.",2008-02-01,2008-03-05,"Miami","OK",NA,NA,42,NA,NA,NA,NA,NA,NA,NA,NA,NA,NA,NA,NA,NA,NA,NA,"Withdrawal Non-adjusted","Closed",NA,NA,NA,NA,NA,NA,2008-01-01,"26-50",TRUE,"RD","No",NA,0,"Uncoded",NA,"Other",NA
NA,NA,NA,NA,NA,NA,NA,NA,NA,NA,NA,NA,NA,NA,NA,NA,NA,NA,NA,NA,NA,NA,NA,NA,NA,NA,NA,NA,NA,NA,NA,NA,NA,NA,NA,NA,NA,NA,NA,NA,NA,NA,NA,NA
NA,NA,NA,NA,NA,NA,NA,NA,NA,NA,NA,NA,NA,NA,NA,NA,NA,NA,NA,NA,NA,NA,NA,NA,NA,NA,NA,NA,NA,NA,NA,NA,NA,NA,NA,NA,NA,NA,NA,NA,NA,NA,NA,NA
NA,NA,NA,NA,NA,NA,NA,NA,NA,NA,NA,NA,NA,NA,NA,NA,NA,NA,NA,NA,NA,NA,NA,NA,NA,NA,NA,NA,NA,NA,NA,NA,NA,NA,NA,NA,NA,NA,NA,NA,NA,NA,NA,NA
"17-RC-012512","Region 14, Saint Louis, Missouri","CAE SimuFlite, Inc.",2007-10-03,2007-11-07,"Oklahoma City","OK",NA,NA,6,NA,NA,NA,NA,NA,NA,NA,NA,NA,NA,NA,NA,NA,NA,NA,"Withdrawal Non-adjusted","Closed",NA,NA,NA,NA,NA,NA,2007-10-01,"6-10",TRUE,"RC","No",NA,0,"Uncoded",NA,"Other",NA
"17-UC-000257","Region 14, Saint Louis, Missouri","Connelly Paving Company",2007-09-25,2007-12-06,"Oklahoma City","OK",NA,NA,50,NA,NA,NA,NA,NA,NA,NA,NA,NA,NA,NA,NA,NA,NA,NA,"Dismissal Non-adjusted","Closed",NA,NA,NA,NA,NA,NA,2007-07-01,"26-50",TRUE,"UC","No",NA,0,"Uncoded",NA,"Other",NA
"17-RC-012510","Region 14, Saint Louis, Missouri","Connelly Paving Company",2007-09-21,2007-12-06,"Oklahoma City","OK",NA,NA,50,NA,NA,NA,NA,NA,NA,NA,NA,NA,NA,NA,NA,NA,NA,NA,"Dismissal Non-adjusted","Closed",NA,NA,NA,NA,NA,NA,2007-07-01,"26-50",TRUE,"RC","No",NA,0,"Uncoded",NA,"Other",NA
NA,NA,NA,NA,NA,NA,NA,NA,NA,NA,NA,NA,NA,NA,NA,NA,NA,NA,NA,NA,NA,NA,NA,NA,NA,NA,NA,NA,NA,NA,NA,NA,NA,NA,NA,NA,NA,NA,NA,NA,NA,NA,NA,NA
"17-RD-001756","Region 14, Saint Louis, Missouri","AKAL",2007-07-31,2007-10-11,"Tulsa","OK",NA,NA,43,NA,NA,NA,NA,NA,NA,NA,NA,NA,NA,NA,NA,NA,NA,NA,"Withdrawal Non-adjusted","Closed",NA,NA,NA,NA,NA,NA,2007-07-01,"26-50",TRUE,"RD","No",NA,0,"Uncoded",NA,"Other",NA
"17-RC-012501","Region 14, Saint Louis, Missouri","Systems Research Group, Inc.",2007-07-19,2007-09-04,"Enid","OK","A",2007-08-22,4,NA,"IAM",4,NA,NA,NA,NA,0,4,"N",NA,"N","IAM","Initial","Single Labor Organization","Certific. of Representative","Closed","All full-time and regular part-time hardware technicians/CAI lab proctors employed by the Employer at its Vance Air Force Base, Enid, Oklahoma facility but EXCLUDING all office clerical employees, professional employees, managerial employees, guards",NA,NA,NA,34,2007-07-01,2007-07-01,"<5",TRUE,"RC","Yes","IAM",1,"IAM",1,"Yes",0
"17-RC-012501",NA,"Systems Research Group, Inc.",2007-07-19,2007-09-04,"Enid","OK","A",2007-08-22,4,0,"IAM",4,NA,NA,NA,NA,0,4,"N",0,"N","IAM","Initial","Single Labor Organization","Certific. of Representative","Closed","All full-time and regular part-time hardware technicians/CAI lab proctors employed by the Employer at its Vance Air Force Base, Enid, Oklahoma facility but EXCLUDING all office clerical employees, professional employees, managerial employees, guards and supervisors as defined in the Act, and all other employees.",NA,NA,NA,34,2007-07-01,2007-07-01,"<5",FALSE,"RC","Yes","IAM",1,"IAM",1,"Yes",0
"17-RC-012492","Region 14, Saint Louis, Missouri","L-3 Vertex Aerospace, L.L.C.",2007-05-25,2007-07-13,"Bethany","OK","A",2007-07-03,14,NA,"IAM",5,NA,NA,NA,NA,9,14,"N",1,"N",NA,"Initial","Single Labor Organization","Certification of Results","Closed","All full-time and regular part-time production and maintenance employees including supply technicians, aircraft mechanics, aircraft servicers, aircraft workers, aircraft technicians, quality assurance employees, janitors, and avionics technicians emp",NA,NA,NA,39,2007-07-01,2007-04-01,"11-25",TRUE,"RC","Yes","IAM",1,"IAM",0.357142857142857,"No",0
"17-RC-012488","Region 14, Saint Louis, Missouri","FlightSafety Services Corporation",2007-04-30,2007-06-13,"Altus","OK","A",2007-06-01,88,NA,"INTERNATIONAL ASSOCIATION OF MACHINISTS AND  AEROSPACE WORKERS, AFL-CIO",57,NA,NA,NA,NA,24,81,"N",NA,"N","INTERNATIONAL ASSOCIATION OF MACHINISTS AND  AEROSPACE WORKERS, AFL-CIO","Initial","Single Labor Organization","Certific. of Representative","Closed","All full-time and regular part-time production and maintenance employees, including supply technicians, computer programmers I, II, III, IV, personal computer support technicians, air crew training devices instructors (pilots), air crew training devi",NA,NA,NA,32,2007-04-01,2007-04-01,"51-100",TRUE,"RC","Yes","INTERNATIONAL ASSOCIATION OF MACHINISTS AND  AEROSPACE WORKERS, AFL-CIO",1,"IAM",0.703703703703704,"Yes",7
"17-UD-000133","Region 14, Saint Louis, Missouri","Bardes Services, Inc.",2007-04-25,2007-06-20,"Tinker AFB","OK",NA,NA,61,NA,NA,NA,NA,NA,NA,NA,NA,NA,NA,NA,NA,NA,NA,NA,"Certification of Results","Closed",NA,NA,NA,NA,NA,NA,2007-04-01,"51-100",TRUE,"UD","No",NA,0,"Uncoded",NA,"No",NA
NA,NA,NA,NA,NA,NA,NA,NA,NA,NA,NA,NA,NA,NA,NA,NA,NA,NA,NA,NA,NA,NA,NA,NA,NA,NA,NA,NA,NA,NA,NA,NA,NA,NA,NA,NA,NA,NA,NA,NA,NA,NA,NA,NA
"17-RC-012472","Region 14, Saint Louis, Missouri","FlightSafety Services Corporation",2007-01-18,2007-03-12,"Vance AFB","OK","A",2007-02-28,15,NA,"IAM",4,NA,NA,NA,NA,8,12,"N",NA,"N",NA,"Initial","Single Labor Organization","Certification of Results","Closed","All full-time and regular part-time proctors and electronic maintenance technicians employed by the Employer at its facility located at Vance AFB, Oklahoma, but EXCLUDING all office clerical employees, professional employees, managerial employees, gu",NA,NA,NA,41,2007-01-01,2007-01-01,"11-25",TRUE,"RC","Yes","IAM",1,"IAM",0.333333333333333,"No",3
"17-RC-012469","Region 14, Saint Louis, Missouri","Eastern Maintenance and Services, Inc.",2006-12-22,2007-02-12,"Fort Sill","OK","A",2007-02-01,19,NA,"INTERNATIONAL UNION OF OPERATING ENGINEERS, LOCAL 351, AFL-CIO",8,NA,NA,NA,NA,9,17,"N",NA,"N",NA,"Initial","Single Labor Organization","Certification of Results","Closed","All full-time and regular part-time plumbers, carpenters, painters, appliance mechanics, general maintenance workers, and laborers employed by the Employer at its facility located at Fort Sill, OK, EXCLUDING all confidential employees, office clerica",NA,NA,NA,41,2007-01-01,2006-10-01,"11-25",TRUE,"RC","Yes","INTERNATIONAL UNION OF OPERATING ENGINEERS, LOCAL 351, AFL-CIO",1,"IUOE",0.470588235294118,"No",2
"17-RC-012467","Region 14, Saint Louis, Missouri","VT Griffin Services, Inc.",2006-11-20,2007-10-22,"Fort Sill","OK","A",2007-10-11,82,NA,"INTERNATIONAL UNION OF OPERATING ENGINEERS, LOCAL 351, AFL-CIO",34,NA,NA,NA,NA,41,75,"N",NA,"N",NA,"Rerun","Single Labor Organization","Certification of Results","Closed","All full-time and regular part-time carpenters, HVAC mechanics, plumbers, electricians, pipefitters, pest controllers, welders, locksmiths, sheet metal workers, electronics technicians, general maintenance workers, fire alarms system mechanics, maint",NA,NA,NA,325,2007-10-01,2006-10-01,"51-100",TRUE,"RC","Yes","INTERNATIONAL UNION OF OPERATING ENGINEERS, LOCAL 351, AFL-CIO",1,"IUOE",0.453333333333333,"No",7
"17-RC-012467","Region 14, Saint Louis, Missouri","VT Griffin Services, Inc.",2006-11-20,2007-10-22,"Fort Sill","OK","A",2006-12-21,66,NA,"INTERNATIONAL UNION OF OPERATING ENGINEERS, LOCAL 351, AFL-CIO",25,NA,NA,NA,NA,36,61,"N",NA,"N",NA,"Initial","Single Labor Organization","Certification of Results","Closed","All full-time and regular part-time carpenters, HVAC mechanics, plumbers, electricians, pipefitters, pest controllers, welders, locksmiths, sheet metal workers, electronics technicians, general maintenance workers, fire alarms system mechanics, maint",NA,NA,NA,31,2006-10-01,2006-10-01,"51-100",FALSE,"RC","Yes","INTERNATIONAL UNION OF OPERATING ENGINEERS, LOCAL 351, AFL-CIO",1,"IUOE",0.409836065573771,"No",5
NA,NA,NA,NA,NA,NA,NA,NA,NA,NA,NA,NA,NA,NA,NA,NA,NA,NA,NA,NA,NA,NA,NA,NA,NA,NA,NA,NA,NA,NA,NA,NA,NA,NA,NA,NA,NA,NA,NA,NA,NA,NA,NA,NA
"17-RC-012466",NA,"American Electric Power Service Corporation and Sun Technical Services, Joint Employers",2006-10-16,2006-12-04,"Oologah","OK","A",2006-11-22,4,0,"IBEW Local 1002",4,NA,NA,NA,NA,0,4,"N",0,"N","IBEW Local 1002","Initial","Single Labor Organization","Certific. of Representative","Closed","All full time and regular part time welders, mechanics and craftsmen employees employed by the Employers at the Oklahoma Northeast 3 & 4 Generating Station located at 7300 E. Highway 88, Oologah, Oklahoma, facility, but EXCLUDING all office clerical, guards and supervisors as defined in the Act, and all other employees.",NA,NA,NA,37,2006-10-01,2006-10-01,"<5",TRUE,"RC","Yes","IBEW Local 1002",1,"IBEW",1,"Yes",0
NA,NA,NA,NA,NA,NA,NA,NA,NA,NA,NA,NA,NA,NA,NA,NA,NA,NA,NA,NA,NA,NA,NA,NA,NA,NA,NA,NA,NA,NA,NA,NA,NA,NA,NA,NA,NA,NA,NA,NA,NA,NA,NA,NA
"17-RC-012464",NA,"Trace Rehabilitation & Career Evaluation",2006-10-10,2006-11-20,"Fort Sill","OK","A",2006-11-08,39,0,"IUOE, Local 351",3,NA,NA,NA,NA,0,3,"N",0,"N","IUOE, Local 351","Initial","Single Labor Organization","Certific. of Representative","Closed","All full-time and regular part-time hourly employees including all leads, stockers and custodians employed by the Employer at its facility located at 1719 Macomb Road, Ft. Sill, Oklahoma but EXCLUDING all office clerical employees, guards and supervisors as defined in the Act.",NA,NA,NA,29,2006-10-01,2006-10-01,"26-50",TRUE,"RC","Yes","IUOE, Local 351",1,"IUOE",1,"Yes",36
NA,NA,NA,NA,NA,NA,NA,NA,NA,NA,NA,NA,NA,NA,NA,NA,NA,NA,NA,NA,NA,NA,NA,NA,NA,NA,NA,NA,NA,NA,NA,NA,NA,NA,NA,NA,NA,NA,NA,NA,NA,NA,NA,NA
NA,NA,NA,NA,NA,NA,NA,NA,NA,NA,NA,NA,NA,NA,NA,NA,NA,NA,NA,NA,NA,NA,NA,NA,NA,NA,NA,NA,NA,NA,NA,NA,NA,NA,NA,NA,NA,NA,NA,NA,NA,NA,NA,NA
"17-RC-012458",NA,"Mid-Continent Concrete Company",2006-09-15,2006-11-06,"Broken Arrow & Tulsa","OK","A",2006-10-27,81,0,"Teamsters Local 523",20,NA,NA,NA,NA,51,71,"N",0,"N",NA,"Initial","Single Labor Organization","Certification of Results","Closed","All full-time and regular part-time concrete drivers and loaders employed by the Employer at the Mingo Plant (#17), the Broken Arrow Plant (#7), the Bixby Plant (#6), the Sapulpa Plant (#10), the Collinsville Plant (#3) and the Downtown Plant (#11 and #15). EXCLUDING all batchmen, dispatchers, mechanics, confidential employees, office clerical employees, guards, and supervisors as defined in the National Labor Relations Act, as amended, and all other employees.",NA,NA,NA,42,2006-10-01,2006-07-01,"51-100",TRUE,"RC","Yes","Teamsters Local 523",1,"Teamsters",0.28169014084507,"No",10
NA,NA,NA,NA,NA,NA,NA,NA,NA,NA,NA,NA,NA,NA,NA,NA,NA,NA,NA,NA,NA,NA,NA,NA,NA,NA,NA,NA,NA,NA,NA,NA,NA,NA,NA,NA,NA,NA,NA,NA,NA,NA,NA,NA
"17-RC-012453",NA,"Simmons Foods, Inc.",2006-08-21,2006-10-30,"Fairland","OK","A",2006-10-19,60,0,"BCT&GM Local 16G",35,NA,NA,NA,NA,21,56,"N",0,"N","BCT&GM Local 16G","Initial","Single Labor Organization","Certific. of Representative","Closed","All full-time and regular part-time production and maintenance employees, feed haul drivers, feed pickup drivers and quality assurance technician employed by the Employer at its feed plant located at 1010 Industrial Park, Fairland, Oklahoma, but EXCLUDING all office clerical employees, professional employees, dispatchers, load schedulers, guards, and supervisors as defined in the Act, and all other employees.",NA,NA,NA,59,2006-10-01,2006-07-01,"51-100",TRUE,"RC","Yes","BCT&GM Local 16G",0,"Uncoded",0.625,"Yes",4
"17-RD-001744","Region 14, Saint Louis, Missouri","Dolese Brothers Company",2006-08-01,2007-05-29,"Oklahoma City","OK","A",2007-05-17,38,NA,"OPERATING ENGINEERS, LOCAL 627",20,NA,NA,NA,NA,14,34,"N",1,"N","OPERATING ENGINEERS, LOCAL 627","Initial","Single Labor Organization","Certific. of Representative","Closed","All production and maintenance employees employed at and working from the Employer's General Shop, 5600 West Reno, Oklahoma City, OK, EXCLUDING all office clerical employees, professional employees, guards and supervisors as defined in the Act.",NA,NA,NA,289,2007-04-01,2006-07-01,"26-50",TRUE,"RD","Yes","OPERATING ENGINEERS, LOCAL 627",1,"IUOE",0.588235294117647,"Yes",4
"17-RC-012449",NA,"CSC Applied Technologies, LLC",2006-08-01,2006-09-01,"Vance AFB","OK","A",2006-08-22,26,0,"IAMAW, AFL-CIO",21,NA,NA,NA,NA,1,22,"N",0,"N","IAMAW, AFL-CIO","Initial","Single Labor Organization","Certific. of Representative","Closed","All full-time and regular part-time employees employed by the Employer at its Vance AFB, Oklahoma, facility, in the accounting, project construction, fitness program, geo base, logistics, automotive skills, skills development, equipment control and software development branches or employed in the job classifications of community planner, environmental coordinator, fitness specialist, librarian, sports specialist, training and curriculum specialist, emission security monitor, project/compusec monitor, programmer/analyst, ISO auditor, and quality safety auditor, But EXCLUDING all confidential employees, guards, and supervisors as defined in the National Labor Relations Act, as amended, and all other employees.",NA,NA,NA,21,2006-07-01,2006-07-01,"26-50",TRUE,"RC","Yes","IAMAW, AFL-CIO",1,"IAM",0.954545454545455,"Yes",4
"17-RC-012447",NA,"Oklahoma Goodwill Industries, Inc.",2006-07-28,2006-09-18,"Oklahoma City","OK","A",2006-09-07,9,0,"UFCW Local 1000",6,NA,NA,NA,NA,3,9,"N",1,"N","UFCW Local 1000","Initial","Single Labor Organization","Certific. of Representative","Closed","All Full time and Regular part time floor techs employed at the Employer's job sites in the Oklahoma City Metropolitan Statistical Area, EXCLUDING all janitors, leads, service recipients, security guards, office and clerical employees and supervisors as defined by the National Labor Relations Act, as amended, and all other employees.",NA,NA,NA,41,2006-07-01,2006-07-01,"6-10",TRUE,"RC","Yes","UFCW Local 1000",1,"UFCW",0.666666666666667,"Yes",0
"17-RC-012446",NA,"L-3 Communications, Inc., Link Simulation & Training",2006-07-20,2006-08-18,"Oklahoma City","OK","A",2006-08-08,35,0,"IAMAW, AFL-CIO",26,NA,NA,NA,NA,2,28,"N",0,"N","IAMAW, AFL-CIO","Initial","Single Labor Organization","Certific. of Representative","Closed","All full-time and regular part-time instructors, graphic artists, computer operators, technical writers, drafters, and electronic technicians I, II, III employed by the Employer at its facilities located within the E-6 program at Tinker AFB, Oklahoma City, OK, but EXCLUDING all confidential employees, office clerical employees, guards, and supervisors as defined in the National Labor Relations Act, as amended, and all other employees.",NA,NA,NA,19,2006-07-01,2006-07-01,"26-50",TRUE,"RC","Yes","IAMAW, AFL-CIO",1,"IAM",0.928571428571429,"Yes",7
"17-RC-012440",NA,"L-3 Communications Link Simulation & Training",2006-05-31,2006-07-17,"Oklahoma City","OK","A",2006-07-06,4,0,"IAMAW, AFL-CIO",4,NA,NA,NA,NA,0,4,"N",0,"N","IAMAW, AFL-CIO","Initial","Single Labor Organization","Certific. of Representative","Closed","All full-time and regular part-time employees including Computer Based Training (CBT) Specialists/Instructors, Graphic Artists, and Computer Operator IV, employed by the Employer at its 6700 SE 59th, Oklahoma City, Oklahoma facility, but EXCLUDING all office clerical employees, professional employees, managerial employees, guards and supervisors as defined in the Act.",NA,NA,NA,36,2006-07-01,2006-04-01,"<5",TRUE,"RC","Yes","IAMAW, AFL-CIO",1,"IAM",1,"Yes",0
NA,NA,NA,NA,NA,NA,NA,NA,NA,NA,NA,NA,NA,NA,NA,NA,NA,NA,NA,NA,NA,NA,NA,NA,NA,NA,NA,NA,NA,NA,NA,NA,NA,NA,NA,NA,NA,NA,NA,NA,NA,NA,NA,NA
"17-RC-012424",NA,"AEP Public Service Company of Oklahoma",2006-02-16,2006-04-07,"Tulsa","OK","A",2006-03-28,93,0,"IBEW Local 1002",35,NA,NA,NA,NA,52,87,"N",0,"N",NA,"Initial","Single Labor Organization","Certification of Results","Closed","[  All full-time customer solution associates, senior customer solution associates, collectors and senior collectors employed by the Employer at its facility located at 212 E 6th Street, Tulsa, OK but EXCLUDING all lead customer solution associates, lead collectors, all other employees, guards and supervisors as defined in the Act.  ]",NA,NA,NA,40,2006-01-01,2006-01-01,"51-100",TRUE,"RC","Yes","IBEW Local 1002",1,"IBEW",0.402298850574713,"No",6
"17-RC-012422",NA,"AEP Public Service Company of Oklahoma",2006-02-10,2006-04-07,"Various","OK","A",2006-03-28,85,7,"IBEW Local 1002",24,NA,NA,NA,NA,43,67,"N",1,"N",NA,"Initial","Single Labor Organization","Certification of Results","Closed","[  All full-time and regular part-time Field Revenue Specialists and Meter Reader employees employed by the Employer located at its Oklahoma facilities.  EXCLUDING:  Lead Meter Readers, Field Communications Representatives, Clerical employees, professional employees, guards and supervisors as defined in the Act, and all other employees.  ]",NA,NA,NA,46,2006-01-01,2006-01-01,"51-100",TRUE,"RC","Yes","IBEW Local 1002",1,"IBEW",0.358208955223881,"No",18
"17-RC-012415",NA,"CSP, L.L.C.",2006-02-02,2006-03-20,"Tinker Air Force Base","OK","A",2006-03-10,17,0,"IAMAW, AFL-CIO",15,NA,NA,NA,NA,1,16,"N",0,"N","IAMAW, AFL-CIO","Initial","Single Labor Organization","Certific. of Representative","Closed","[  All full-time and regular part-time Engineering Technician I, Engineering Technician II (Inspectors), Engineering Technician III, and Civil Engineering Technicians employed by the Employer at its facility located at Tinker Air Force Base, OK but EXCLUDING all Professional Employees, Managerial Employees, Office Clerical, Guards, and Supervisors as defined in the Act.  ]",NA,NA,NA,36,2006-01-01,2006-01-01,"11-25",TRUE,"RC","Yes","IAMAW, AFL-CIO",1,"IAM",0.9375,"Yes",1
NA,NA,NA,NA,NA,NA,NA,NA,NA,NA,NA,NA,NA,NA,NA,NA,NA,NA,NA,NA,NA,NA,NA,NA,NA,NA,NA,NA,NA,NA,NA,NA,NA,NA,NA,NA,NA,NA,NA,NA,NA,NA,NA,NA
"17-RC-012401",NA,"Pinkerton Government Services, Inc.",2005-11-25,2006-01-17,"Tulsa","OK","A",2006-01-06,13,0,"SPFPA",10,NA,NA,NA,NA,2,12,"N",1,"N","SPFPA","Initial","Single Labor Organization","Certific. of Representative","Closed","[  All full-time and regular part-time security officers performing guard duties as defined in Section 9(b)(3) of the National Labor Relations Act, as amended, and employed by Pinkerton Government Services, Inc. at the Spirit Aerosystems, Inc. facility located at 3300 N. Mingo, Tulsa, Oklahoma, but EXCLUDING all office clerical employees, professional employees, and supervisors as defined in the Act, as amended, and all other employees.  ]",NA,NA,NA,42,2006-01-01,2005-10-01,"11-25",TRUE,"RC","Yes","SPFPA",1,"SPFPA",0.833333333333333,"Yes",1
NA,NA,NA,NA,NA,NA,NA,NA,NA,NA,NA,NA,NA,NA,NA,NA,NA,NA,NA,NA,NA,NA,NA,NA,NA,NA,NA,NA,NA,NA,NA,NA,NA,NA,NA,NA,NA,NA,NA,NA,NA,NA,NA,NA
NA,NA,NA,NA,NA,NA,NA,NA,NA,NA,NA,NA,NA,NA,NA,NA,NA,NA,NA,NA,NA,NA,NA,NA,NA,NA,NA,NA,NA,NA,NA,NA,NA,NA,NA,NA,NA,NA,NA,NA,NA,NA,NA,NA
NA,NA,NA,NA,NA,NA,NA,NA,NA,NA,NA,NA,NA,NA,NA,NA,NA,NA,NA,NA,NA,NA,NA,NA,NA,NA,NA,NA,NA,NA,NA,NA,NA,NA,NA,NA,NA,NA,NA,NA,NA,NA,NA,NA
"17-RC-012387",NA,"Spartan Aviation Industries, Inc.",2005-07-27,2005-09-19,"Jenks","OK","A",2005-09-07,74,0,"Teamsters Local 523",21,NA,NA,NA,NA,37,58,"N",0,"N",NA,"Initial","Single Labor Organization","Certification of Results","Closed","[  All full-time and regular part-time flight instructors, ground instructors, dispatchers and librarians employed by the Employer at its Jenks, Oklahoma flight school located at 123 Cessna Drive, BUT EXCLUDING all employees employed by the Employer who are represented by a labor organization, all aircraft maintenance employees, line operations employees, test proctors, data entry clerks, bookstore employees, guards, and supervisors as defined in the Act, and all other employees at the North and South campuses.
  ]",NA,NA,NA,42,2005-07-01,2005-07-01,"51-100",TRUE,"RC","Yes","Teamsters Local 523",1,"Teamsters",0.362068965517241,"No",16
"17-RC-012382",NA,"A1 Delivery",2005-06-14,2005-08-05,"Oklahoma City","OK","A",2005-07-26,27,0,"Teamsters Local 886",16,NA,NA,NA,NA,9,25,"N",2,"N","Teamsters Local 886","Initial","Single Labor Organization","Certific. of Representative","Closed","[  All full-time and regular part-time drivers/curriers and dock workers employed by the Employer at its facility located at 5421 Southwest 29th, Oklahoma City, Oklahoma terminal but EXCLUDING all clerical empoyees, guards and sueprvisors as defined in the Act.  ]",NA,NA,NA,42,2005-07-01,2005-04-01,"26-50",TRUE,"RC","Yes","Teamsters Local 886",1,"Teamsters",0.64,"Yes",2
"17-RC-012383",NA,"J&K Deliver",2005-06-14,2005-08-04,"Oklahoma City","OK","A",2005-07-25,21,0,"Teamsters Local Union 886",14,NA,NA,NA,NA,4,18,"N",3,"N","Teamsters Local Union 886","Initial","Single Labor Organization","Certific. of Representative","Closed","[  All full-time and regular part-time drivers/curriers and dock workers employed by the Employer at its facility located at 5421 SW 29th, Oklahoma City, Oklahoma terminal but EXCLUDING all clerical employees, guards and supervisors as defined in the Act.  ]",NA,NA,NA,41,2005-07-01,2005-04-01,"11-25",TRUE,"RC","Yes","Teamsters Local Union 886",1,"Teamsters",0.777777777777778,"Yes",3
NA,NA,NA,NA,NA,NA,NA,NA,NA,NA,NA,NA,NA,NA,NA,NA,NA,NA,NA,NA,NA,NA,NA,NA,NA,NA,NA,NA,NA,NA,NA,NA,NA,NA,NA,NA,NA,NA,NA,NA,NA,NA,NA,NA
"17-RC-012372",NA,"DynPar L.L.C.",2005-05-18,2005-07-11,"Tinker Air Force Base","OK","A",2005-06-29,37,0,"IAMAW, AFL-CIO",19,NA,NA,NA,NA,16,35,"N",2,"N","IAMAW, AFL-CIO","Initial","Single Labor Organization","Certific. of Representative","Closed","[   All regular full-time and regular part-time production and maintenance classifications to include documentation preparation clerk, general clerk III (customer service, housing, inventory, construction coordinator), general clerk IV (hazmat, planners, quality control), housing referral assistant, material coordinator, material expediter, production control clerk, stock clerk, and warehouse specialist employed by the employer at its facility located at Tinker Air Force Base, OK, but EXCLUDING all office clerical employees, professional employees, managerial employees, guards and supervisors as defined in the Act , and civil engineering technician, engineering technician 1 (cad operator), engineering technician II (construction inspector, design, clerk), and engineering technician III (GIS support).  ]",NA,NA,NA,42,2005-04-01,2005-04-01,"26-50",TRUE,"RC","Yes","IAMAW, AFL-CIO",1,"IAM",0.542857142857143,"Yes",2
"17-RC-012363",NA,"CSC Applied Technology, LLC",2005-05-05,2005-07-05,"Vance Air Force Base","OK","A",2005-06-14,12,0,"IAMAW, AFL-CIO",11,NA,NA,NA,NA,1,12,"N",0,"N","IAMAW, AFL-CIO","Initial","Single Labor Organization","Certific. of Representative","Closed","[   All full-time and regular part time production and maintenance employees, including Planner/ Programmer, Telephone Technician, Contract Specialist, Local Purchase Specialist, Assistant Chief/OPS and Station Chief/Kegelman, employed by the Employer at its facility located at Vance Air Force Base, Ok., but EXCLUDING Program Manager Administration Section, Professional Engineers, Guards, Watchmen, Temporary Employees, and Supervisors as defined in the National Labor Relations Act.   ]",NA,NA,NA,40,2005-04-01,2005-04-01,"11-25",TRUE,"RC","Yes","IAMAW, AFL-CIO",1,"IAM",0.916666666666667,"Yes",0
"17-RC-012361",NA,"DynCorp International",2005-05-02,2005-06-13,"Norman","OK","A",2005-06-02,2,0,"IAM, AFL-CIO, Local Lodge 834",2,NA,NA,NA,NA,0,2,"N",0,"N","IAM, AFL-CIO, Local Lodge 834","Initial","Single Labor Organization","Certific. of Representative","Closed","[   All full-time and regular part-time senior mechanics and A&P mechanics, employed by the Employer at its facility located at Goddard Ave., Norman , OK, but EXCLUDING all office clerical employees, professional employees, managerial employees guards, and supervisors as defined in the Act.  ]",NA,NA,NA,31,2005-04-01,2005-04-01,"<5",TRUE,"RC","Yes","IAM, AFL-CIO, Local Lodge 834",1,"IAM",1,"Yes",0
"17-RC-012352",NA,"Raytheon Technical Services Co., LLC",2005-04-13,2005-05-31,"Oklahoma City","OK","A",2005-05-18,20,0,"IAMAW, AFL-CIO",14,NA,NA,NA,NA,5,19,"N",0,"N","IAMAW, AFL-CIO","Initial","Single Labor Organization","Certific. of Representative","Closed","[   All full time and regular part-time electronics techs (I, II and III), activity leads, electrostatic spray painters, paint shop leads, general maintenance workers, woodcraft workers, and machine tool operators employed by the Employer at its facility located in Oklahoma City, Oklahoma, but EXCLUDING: all office clerical employees, professional employees, managerial employees, guards and supervisors as defined in the Act.  ]",NA,NA,NA,35,2005-04-01,2005-04-01,"11-25",TRUE,"RC","Yes","IAMAW, AFL-CIO",1,"IAM",0.736842105263158,"Yes",1
"17-RC-012343",NA,"Central Oklahoma United Methodist Retirement Facility, Inc. d/b/a Epworth Villa",2005-03-30,2005-06-17,"Oklahoma City","OK","A",2005-05-24,61,0,"UFCW Local 1000",29,NA,NA,NA,NA,26,55,"N",0,"N","UFCW Local 1000","Initial","Revised Single Labor Org","Certific. of Representative","Closed","[  All full-time and regular part-time CNA's and CMA's working as such at the Employer's facility located at 14901 N. Penn, Oklahoma City, OK but EXCLUDING LPN's, activity personnel, dietary aids, kitchen staff, independent contractors, office clerical employees, salesmen, laundry employees, cleaning employees, maintenance employees and guards and supervisors as defined in the Act.   ]",NA,NA,NA,55,2005-04-01,2005-01-01,"51-100",TRUE,"RC","Yes","UFCW Local 1000",1,"UFCW",0.527272727272727,"Yes",6
"17-RC-012343",NA,"Central Oklahoma United Methodist Retirement Facility, Inc. d/b/a Epworth Villa",2005-03-30,2005-06-17,"Oklahoma City","OK","A",2005-05-06,61,0,"UFCW Local 1000",26,NA,NA,NA,NA,24,50,"N",5,"Y",NA,"Initial","Single Labor Organization","Certific. of Representative","Closed","[  All full-time and regular part-time CNA's and CMA's working as such at the Employer's facility located at 14901 N. Penn, Oklahoma City, OK but EXCLUDING LPN's, activity personnel, dietary aids, kitchen staff, independent contractors, office clerical employees, salesmen, laundry employees, cleaning employees, maintenance employees and guards and supervisors as defined in the Act.   ]",NA,NA,NA,37,2005-04-01,2005-01-01,"51-100",FALSE,"RC","Yes","UFCW Local 1000",1,"UFCW",0.52,"Yes",11
"17-RC-012342",NA,"Acme Engineering & Manufacturing Company, Inc.",2005-03-21,2005-05-09,"Muskogee","OK","A",2005-04-27,265,0,"PACE",100,NA,NA,NA,NA,151,251,"N",0,"N",NA,"Initial","Single Labor Organization","Certification of Results","Closed","[   All hourly production, maintenance and warehouse employees employed by the Employer at its facility located at 1820 North York Street, Muskogee, Oklahoma but EXCLUDING all office and clerical employees, sales persons, engineering department employees, engineering services employees, industrial engineer, manufacturing engineering technicians, cnc programmers, production scheduling and planning employees, purchasing employees, contract workers, temporary employees, professional employees, guards and supervisors as defined by the Act.  ]",NA,NA,NA,37,2005-04-01,2005-01-01,"101-500",TRUE,"RC","Yes","PACE",1,"USW",0.398406374501992,"No",14
"17-RC-012333",NA,"Enbridge Employee Services, Inc.",2005-02-18,2005-04-04,"Cushing","OK","A",2005-03-22,14,0,"Enbridge Inhouse Committee",10,NA,NA,NA,NA,4,14,"N",0,"N","Enbridge Inhouse Committee","Initial","Single Labor Organization","Certific. of Representative","Closed","[   All regular full time operation technicians and right of way technicians employed by the Employer at its Cushing Operations, BUT EXCLUDING office clerical, guards, and supervisors as defined in the Act and all other employees.  ]",NA,NA,NA,32,2005-01-01,2005-01-01,"11-25",TRUE,"RC","Yes","Enbridge Inhouse Committee",0,"Uncoded",0.714285714285714,"Yes",0
"17-RC-012323",NA,"Lufthansa Technik Component Tulsa",2005-01-26,2005-03-14,"Tulsa","OK","A",2005-03-04,79,0,"UAW",44,NA,NA,NA,NA,30,74,"N",5,"N","UAW","Initial","Single Labor Organization","Certific. of Representative","Closed","[  All regular full-time production, maintenance and quality control workers employed at the Employer's facility located at 9932 E 58th St, Tulsa, Oklahoma.  EXCLUDING office clerical employees, administrative employees, salaried employees, guards and supervisors as defined in the Act.   ]",NA,NA,NA,37,2005-01-01,2005-01-01,"51-100",TRUE,"RC","Yes","UAW",1,"UAW",0.594594594594595,"Yes",5
"17-RC-012312","Region 14, Saint Louis, Missouri","F. A. Davis, Jr., D.D.S., P.L.L.C.",2004-12-16,2004-12-20,"Bethany","OK",NA,NA,8,NA,NA,NA,NA,NA,NA,NA,NA,NA,NA,NA,NA,NA,NA,NA,"Withdrawal Non-adjusted","Closed",NA,NA,NA,NA,NA,NA,2004-10-01,"6-10",TRUE,"RC","No",NA,0,"Uncoded",NA,"Other",NA
"17-RC-012311",NA,"Pinkerton Government Services, Inc.",2004-12-14,2005-02-04,"Tulsa","OK","A",2005-01-25,16,0,"UGSOA, IU",2,NA,NA,NA,NA,13,15,"N",1,"N",NA,"Initial","Single Labor Organization","Certification of Results","Closed","[  All regular full time and part time Security Officers (Guards under the Act) working for the Employer as Contract Security at the Boeing Commercial Airplane site located at 3330 N. Mingo in Tulsa, OK.  But EXCLUDING All Clerical, non-Guard Employees, and Supervisors as defined by the Act including the Account Manager, 1st Lieutenant, Receptionist, and the Security Administrator.  ]",NA,NA,NA,42,2005-01-01,2004-10-01,"11-25",TRUE,"RC","Yes","UGSOA, IU",1,"UGSOA",0.133333333333333,"No",1
"17-RC-012308","Region 14, Saint Louis, Missouri","Bartlett Collins",2004-11-16,2004-12-17,"Sapulpa","OK",NA,NA,22,NA,NA,NA,NA,NA,NA,NA,NA,NA,NA,NA,NA,NA,NA,NA,"Withdrawal Non-adjusted","Closed",NA,NA,NA,NA,NA,NA,2004-10-01,"11-25",TRUE,"RC","No",NA,0,"Uncoded",NA,"Other",NA
"17-RD-001711",NA,"Choctaw Electric Cooperative, Inc.",2004-10-20,2004-11-29,"Hugo and Idabel","OK","A",2004-11-16,30,0,"CWA Local 6015",4,NA,NA,NA,NA,25,29,"N",0,"N",NA,"Initial","Single Labor Organization","Certification of Results","Closed","[   All  full-time and part-time linemen, mechanics, laborers, and janitors employed by the Employer at its facilities located at Hwy 93 N in Hugo, OK and 220 E Washington, Idabel, OK  but EXCLUDING all office clerical employees, guards and supervisors as defined by the Act.  ]",NA,NA,NA,27,2004-10-01,2004-10-01,"26-50",TRUE,"RD","Yes","CWA Local 6015",1,"CWA",0.137931034482759,"No",1
"17-RD-001710",NA,"Aramark Refreshment Services",2004-10-19,2004-12-09,"Tulsa","OK","A",2004-11-29,5,0,"Teamsters Local 523",0,NA,NA,NA,NA,4,4,"N",0,"N",NA,"Initial","Single Labor Organization","Certification of Results","Closed","[   All full-time and part-time service persons, warehouse, mechanics and mechanics helpers and the dual job of industrial helper and vault employees employed by the Employer at its facility located at 1236 N Utica, Tulsa, OK, but EXCLUDING all office clerical employees, guards  and supervisors as defined by the Act.  ]",NA,NA,NA,41,2004-10-01,2004-10-01,"<5",TRUE,"RD","Yes","Teamsters Local 523",1,"Teamsters",0,"No",1
"17-RD-001709","Region 14, Saint Louis, Missouri","Hydro Conduit Corporation, d/b/a Rinker Materials, Prestress Concrete Plant",2004-10-18,2004-11-24,"Oklahoma City","OK",NA,NA,21,NA,NA,NA,NA,NA,NA,NA,NA,NA,NA,NA,NA,NA,NA,NA,"Withdrawal Non-adjusted","Closed",NA,NA,NA,NA,NA,NA,2004-10-01,"11-25",TRUE,"RD","No",NA,0,"Uncoded",NA,"Other",NA
"17-RD-001708",NA,"Compass Group USA, Inc. d/b/a Canteen Vending",2004-10-06,2004-11-15,"Tulsa","OK","A",2004-11-04,8,0,"Teamsters Local 523",8,NA,NA,NA,NA,3,11,"N",0,"N","Teamsters Local 523","Initial","Single Labor Organization","Certific. of Representative","Closed","[  All full-time and part-time route service, in-plant route service, maintenance and utility employees employed by the Employer at its facility located at 10161E Administral Place, Tulsa, OK, but EXCLUDING all office clerical employees, guards and supervisors as defined by the Act.  ]",NA,NA,NA,29,2004-10-01,2004-10-01,"6-10",TRUE,"RD","Yes","Teamsters Local 523",1,"Teamsters",0.727272727272727,"Yes",-3
"17-RC-012301",NA,"Nationwide Fire & Security, Inc.",2004-09-01,2005-07-11,"Tulsa","OK","A",2005-06-28,12,0,"Road Sprinkler Fitters Local 669",2,NA,NA,NA,NA,5,7,"N",0,"N",NA,"Initial","Revised Single Labor Org","Certification of Results","Closed","[   All full-time and regular part-time employees engaged in the installation, maintenance, and repair of automatic fire protection systems, employed by the Employer at its 3158 S. 108th East Avenue, #230, Tulsa, Oklahoma facility, but EXCLUDING all office clerical employees, designers, delivery personnel, guards and supervisors as defined by the Act, and all other employees.  ]",NA,NA,NA,300,2005-04-01,2004-07-01,"11-25",TRUE,"RC","Yes","Road Sprinkler Fitters Local 669",1,"UA",0.285714285714286,"No",5
"17-RC-012301",NA,"Nationwide Fire & Security, Inc.",2004-09-01,2005-07-11,"Tulsa","OK","A",2005-02-18,12,0,"Road Sprinkler Fitters Local 669",2,NA,NA,NA,NA,2,4,"N",5,"Y",NA,"Initial","Single Labor Organization","Certification of Results","Closed","[   All full-time and regular part-time employees engaged in the installation, maintenance, and repair of automatic fire protection systems, employed by the Employer at its 3158 S. 108th East Avenue, #230, Tulsa, Oklahoma facility, but EXCLUDING all office clerical employees, designers, delivery personnel, guards and supervisors as defined by the Act, and all other employees.  ]",NA,NA,NA,170,2005-01-01,2004-07-01,"11-25",FALSE,"RC","Yes","Road Sprinkler Fitters Local 669",1,"UA",0.5,"No",8
"17-RC-012299",NA,"ISEC Incorporated",2004-08-25,2005-01-20,"Oklahoma City","OK","A",2004-10-06,8,0,"United Brotherhood of Carpenters Local 329",2,NA,NA,NA,NA,2,4,"N",0,"N",NA,"Initial","Single Labor Organization","Certification of Results","Closed","[   All full time and regular part-time construction employees employed by the Employer at the Will Rogers Airport Project, EXCLUDING all office clerical employees, guards and supervisors as defined in the Act.  ]",NA,NA,NA,42,2004-10-01,2004-07-01,"6-10",TRUE,"RC","Yes","United Brotherhood of Carpenters Local 329",1,"UBC",0.5,"No",4
"17-RC-012293",NA,"Braden Shielding Systems LLC",2004-08-16,2004-09-20,"Broken Arrow","OK","A",2004-09-10,10,0,"Ironworkers Local 584",5,NA,NA,NA,NA,5,10,"N",0,"N",NA,"Initial","Single Labor Organization","Certification of Results","Closed","[  All production and maintenance employees employed at the Employer's 9260 Broken Arrow Expressway, Broken Arrow, Oklahoma, facility, including Leadmen, Shop Clerks, Delivery Truck Drivers and Janitors, EXCLUDING all office and clerical employees, watchmen, guards, installers, professional employees and supervisors as defined in the Act.   ]",NA,NA,NA,25,2004-07-01,2004-07-01,"6-10",TRUE,"RC","Yes","Ironworkers Local 584",1,"Ironworkers",0.5,"No",0
"17-RC-012292",NA,"Doane Pet Care",2004-08-11,2004-10-25,"Miami","OK","A",2004-10-13,41,0,"UFCW Local 1000",24,NA,NA,NA,NA,14,38,"N",6,"N","UFCW Local 1000","Initial","Single Labor Organization","Certific. of Representative","Closed","[  All regular full-time and part-time production, maintenance, and sanitation employees employed by the Employer at its facility located at 2020 Sixth St. SE, Miami, OK, but EXCLUDING All independent contractors, office clerical employees, salesmen, professional employees, guards, quality assurance employees, confidential employees and supervisors as defined by the Act.  ]",NA,NA,NA,63,2004-10-01,2004-07-01,"26-50",TRUE,"RC","Yes","UFCW Local 1000",1,"UFCW",0.631578947368421,"Yes",3
"17-RC-012285",NA,"Northwest Nursing Center",2004-07-07,2004-08-30,"Oklahoma City","OK","A",2004-08-18,49,0,"UFCW Local 1000",23,NA,NA,NA,NA,15,38,"N",0,"N","UFCW Local 1000","Initial","Single Labor Organization","Certific. of Representative","Closed","[  All full-time and regular part-time CMA and CNA, Dietary Aides/Kitchen Staff, Laundry employees and Cleaning employees, EXCLUDING all office clerical employees, salesmen, independent contractors, maintenance employees, LPNs, Social Director, Activities Director, guards and supervisors as defined in the Act, and all other employees.  ]",NA,NA,NA,42,2004-07-01,2004-07-01,"26-50",TRUE,"RC","Yes","UFCW Local 1000",1,"UFCW",0.605263157894737,"Yes",11
"17-RC-012283","Region 14, Saint Louis, Missouri","Rohmann Services, Inc.",2004-07-07,2004-07-29,"Tinker AFB","OK",NA,NA,NA,NA,NA,NA,NA,NA,NA,NA,NA,NA,NA,NA,NA,NA,NA,NA,"Withdrawal Non-adjusted","Closed",NA,NA,NA,NA,NA,NA,2004-07-01,NA,TRUE,"RC","No",NA,0,"Uncoded",NA,"Other",NA
"17-RD-001698",NA,"Hayes Axle Incorporated",2004-06-30,2004-08-09,"Seminole","OK","A",2004-07-28,25,0,"Teamsters Local 886",4,NA,NA,NA,NA,21,25,"N",0,"N",NA,"Initial","Single Labor Organization","Certification of Results","Closed","[   All production and maintenance employees, including assemblers and warehousemen at the Employer's plant in Seminole, Oklahoma, EXCLUDING all office clerical employees, watchmen, guards and supervisors as defined in the Act.  ]",NA,NA,NA,28,2004-07-01,2004-04-01,"11-25",TRUE,"RD","Yes","Teamsters Local 886",1,"Teamsters",0.16,"No",0
"17-RC-012282",NA,"The Bionetics Corp.",2004-06-24,2004-08-16,"Tinker Air Force Base","OK","A",2004-08-05,26,0,"Machinists",19,NA,NA,NA,NA,4,23,"N",0,"N","Machinists","Initial","Single Labor Organization","Certific. of Representative","Closed","[  All full-time and regular part-time Production and Maintenance employees including Electronics Technician III (excluding Lead Technician and Quality Evaluator positions), Electronics Technician II (excluding Quality Evaluators positions), Electronics Technician I, Scheduler, Shipping/Receiving Clerk, Material Coordinator, and Facility Maintenance employees (Janitor) employed at the Employer's facility at Tinker Air Force Base, Oklahoma.  EXCLUDING all office clerical employees, professional employees, managerial employees, guards and supervisors as defined in the Act, specifically excluding from the bargaining unit the Contract Manager, PMEL Manager, Logistics Lead, Quality Manager, Quality Evaluators (Currently classified as Electronics Technicans II's and Electronics Technician III's) and Lead Technicians (currently classified as Electronics Technician III's).  ]",NA,NA,NA,42,2004-07-01,2004-04-01,"26-50",TRUE,"RC","Yes","Machinists",0,"Uncoded",0.826086956521739,"Yes",3
"17-RC-012280",NA,"Environmental Action, Inc.",2004-06-22,2004-08-09,"Tulsa & Oklahoma City","OK","A",2004-07-30,46,0,"H&F Insulators & Asbestos Wkrs",9,NA,NA,NA,NA,34,43,"N",0,"N",NA,"Initial","Single Labor Organization","Certification of Results","Closed","[  All employees licensed by the State of Oklahoma to perform asbestos abatement work at the Employer's job sites located in the State of Oklahoma, but EXCLUDING all office clerical employees, guards and supervisors as defined in the Act and all other employees.  ]",NA,NA,NA,38,2004-07-01,2004-04-01,"26-50",TRUE,"RC","Yes","H&F Insulators & Asbestos Wkrs",1,"Insulators",0.209302325581395,"No",3
"17-RD-001697",NA,"Wolverine Tube, Inc.",2004-06-16,2004-10-19,"Shawnee","OK","A",2004-10-07,46,0,"Arkansas Regional Council of Carpenters",20,NA,NA,NA,NA,26,46,"N",1,"N",NA,"Initial","Single Labor Organization","Certification of Results","Closed","[   All full-time and regular part-time maintenance employees, including millwrights, electricians, machinists, blade filers, pin grinders, tool crib employees, draftsmen, utility employees and relief supervisors employed by the Employer at its Shawnee, Oklahoma facility, but EXCLUDING production employees, office clerical employees, guards and supervisors as defined in the Act, and all other employees.  ]",NA,NA,NA,113,2004-10-01,2004-04-01,"26-50",TRUE,"RD","Yes","Arkansas Regional Council of Carpenters",1,"UBC",0.434782608695652,"No",0
"17-RC-012277","Region 14, Saint Louis, Missouri","Environmental Action, Inc.",2004-06-15,2004-06-16,"Jenks","OK",NA,NA,37,NA,NA,NA,NA,NA,NA,NA,NA,NA,NA,NA,NA,NA,NA,NA,"Withdrawal Non-adjusted","Closed",NA,NA,NA,NA,NA,NA,2004-04-01,"26-50",TRUE,"RC","No",NA,0,"Uncoded",NA,"Other",NA
"17-RC-012274",NA,"Wimsco, Inc.",2004-06-03,2004-07-19,"Altus Air Force Base","OK","A",2004-07-07,18,0,"Operating Engineers Local 670",3,NA,NA,NA,NA,10,13,"N",1,"N",NA,"Initial","Single Labor Organization","Certification of Results","Closed","[   All full time and regular part time grounds keepers employed by the Employer at Altus Air Force Base, Altus, OK but EXCLUDING all office clerical employees, managerial employees, guards and supervisors as defined in the Act.  ]",NA,NA,NA,34,2004-07-01,2004-04-01,"11-25",TRUE,"RC","Yes","Operating Engineers Local 670",1,"IUOE",0.230769230769231,"No",5
"17-UC-000246","Region 14, Saint Louis, Missouri","Wynnewood Refining Company ",2004-05-21,2004-07-15,"Wynnewood","OK",NA,NA,125,NA,NA,NA,NA,NA,NA,NA,NA,NA,NA,NA,NA,NA,NA,NA,"Dismissal Non-adjusted","Closed",NA,NA,NA,NA,NA,NA,2004-04-01,"101-500",TRUE,"UC","No",NA,0,"Uncoded",NA,"Other",NA
"17-RC-012269",NA,"AES Shady Point, LLC",2004-05-13,2004-07-12,"Panama","OK","A",2004-07-02,63,0,"IBEW Local 584",15,NA,NA,NA,NA,34,49,"N",13,"N",NA,"Initial","Single Labor Organization","Certification of Results","Closed","[   All full-time and regular part-time production and maintenance employees located at the Employer's Panama, OK facility, but EXCLUDING all office clerical employees, professional employees, guards and supervisors as defined in the Act.  ]",NA,NA,NA,50,2004-07-01,2004-04-01,"51-100",TRUE,"RC","Yes","IBEW Local 584",1,"IBEW",0.306122448979592,"No",14
"17-RC-012263","Region 14, Saint Louis, Missouri","Diaz Construction",2004-05-04,2004-05-13,"Stillwater","OK",NA,NA,24,NA,NA,NA,NA,NA,NA,NA,NA,NA,NA,NA,NA,NA,NA,NA,"Withdrawal Non-adjusted","Closed",NA,NA,NA,NA,NA,NA,2004-04-01,"11-25",TRUE,"RC","No",NA,0,"Uncoded",NA,"Other",NA
"17-RC-012256",NA,"Lopez Foods Inc.",2004-04-07,2004-06-01,"Oklahoma City","OK","A",2004-05-19,37,0,"Teamsters Local 886",30,NA,NA,NA,NA,5,35,"N",0,"N","Teamsters Local 886","Initial","Single Labor Organization","Certific. of Representative","Closed","[   All full time and regular part time sanitation and clean up employees employed at the Employer's 9500 NW 4th Street, Oklahoma City, Oklahoma facility, EXCLUDING all office clerical employees, guards and supervisors as defined in the Act and all other employees.    ]",NA,NA,NA,42,2004-04-01,2004-04-01,"26-50",TRUE,"RC","Yes","Teamsters Local 886",1,"Teamsters",0.857142857142857,"Yes",2
"17-RC-012255",NA,"Borg Warner Morse TEC Inc.",2004-04-06,2004-06-14,"Sallisaw","OK","A",2004-06-03,138,0,"UAW",50,NA,NA,NA,NA,81,131,"N",0,"N",NA,"Initial","Single Labor Organization","Certification of Results","Closed","[  All full-time and regular part-time production and maintenance employees, quality control employees, and product technicians employed by the Employer at its Sallisaw, Oklahoma facility, but excluding all other employees, including those temporary employees employed through temporary agencies, clerks, guards, and supervisors (including team leaders), as defined in the Act.   ]",NA,NA,NA,58,2004-04-01,2004-04-01,"101-500",TRUE,"RC","Yes","UAW",1,"UAW",0.381679389312977,"No",7
"17-RC-012252","Region 14, Saint Louis, Missouri","University of Oklahoma ADTP-CART (Metro-Trans)",2004-03-29,2004-03-31,"Norman","OK",NA,NA,27,NA,NA,NA,NA,NA,NA,NA,NA,NA,NA,NA,NA,NA,NA,NA,"Withdrawal Non-adjusted","Closed",NA,NA,NA,NA,NA,NA,2004-01-01,"26-50",TRUE,"RC","No",NA,0,"Uncoded",NA,"Other",NA
"17-RC-012251",NA,"Interstate Brands Companies",2004-03-26,2004-05-17,"Lawton","OK","A",2004-05-07,2,0,"Teamsters Local 886",2,NA,NA,NA,NA,0,2,"N",0,"N","Teamsters Local 886","Initial","Single Labor Organization","Certific. of Representative","Closed","[  All full-time and regular part-time Thrift Store Clerks at its Lawton, Oklahoma, Dolly Madison Thrift Store, but EXCLUDING all professional employees, office clerical employees, guards and supervisors as defined in the Act and all other employees.  ]",NA,NA,NA,42,2004-04-01,2004-01-01,"<5",TRUE,"RC","Yes","Teamsters Local 886",1,"Teamsters",1,"Yes",0
"17-RD-001693",NA,"Purina Mills, LLC",2004-03-10,2004-04-26,"Oklahoma City","OK","A",2004-04-15,25,0,"Bakery Local 338G",17,NA,NA,NA,NA,7,24,"N",0,"N","Bakery Local 338G","Initial","Single Labor Organization","Certific. of Representative","Closed","[   All production and maintenance employees employed by the Employer at its facility located at 1108 NW 3rd Street, Oklahoma City, Oklahoma, but excluding all office clerical employees, clerical employees in the plant office, professional employees, and guards and supervisors as defined in the Act.  ]",NA,NA,NA,36,2004-04-01,2004-01-01,"11-25",TRUE,"RD","Yes","Bakery Local 338G",0,"Uncoded",0.708333333333333,"Yes",1
"17-RC-012249",NA,"Dyncorp Technical Services LLC",2004-03-08,2004-04-19,"Vance Air Force Base","OK","A",2004-04-09,10,0,"IAM, AFL-CIO",8,NA,NA,NA,NA,0,8,"N",0,"N","IAM, AFL-CIO","Initial","Single Labor Organization","Certific. of Representative","Closed","[  All personnell assistants II and III; Secretaries II and III; accounting clerks IV; and illustrators I and II.  Excluding:  All professional employees, managerial employees, directors, guards and supervisors as defined in the Act.  ]",NA,NA,NA,32,2004-04-01,2004-01-01,"6-10",TRUE,"RC","Yes","IAM, AFL-CIO",1,"IAM",1,"Yes",2
"17-RD-001692","Region 14, Saint Louis, Missouri","Beetle Plastics, LLC",2004-02-26,2004-03-05,"Ardmore","OK",NA,NA,15,NA,NA,NA,NA,NA,NA,NA,NA,NA,NA,NA,NA,NA,NA,NA,"Withdrawal Non-adjusted","Closed",NA,NA,NA,NA,NA,NA,2004-01-01,"11-25",TRUE,"RD","No",NA,0,"Uncoded",NA,"Other",NA
"17-RC-012247",NA,"KIRA, Inc.",2004-02-25,2004-08-06,"Tinker Air Force Base","OK","A",2004-04-07,15,0,"IAM, AFL-CIO",5,NA,NA,NA,NA,10,15,"N",0,"N",NA,"Initial","Single Labor Organization","Certification of Results","Closed","[ All full-time and regular part-time production and maintenance employees at the Employer's Tinker Air Force Base, Oklahoma.  EXCLUDING office clerical employees, professional employees, managerial employees, guards and supervisors as defined in the Act.]",NA,NA,NA,42,2004-04-01,2004-01-01,"11-25",TRUE,"RC","Yes","IAM, AFL-CIO",1,"IAM",0.333333333333333,"No",0
"17-RC-012246",NA,"DynPar L.L.C.",2004-02-25,2004-04-12,"Tinker Air Force Base","OK","A",2004-04-02,14,0,"IAM, AFL-CIO",10,NA,NA,NA,NA,4,14,"N",0,"N","IAM, AFL-CIO","Initial","Single Labor Organization","Certific. of Representative","Closed","[   All full-time and regular part-time production and maintenance employees at the Employer's waste treatment facility located at Tinker Air Force Base, Oklahoma.  EXCLUDING office clerical employees, professional employees, managerial employees, guards and supervisors as defined in the Act.  ]",NA,NA,NA,37,2004-04-01,2004-01-01,"11-25",TRUE,"RC","Yes","IAM, AFL-CIO",1,"IAM",0.714285714285714,"Yes",0
"17-RM-000844","Region 14, Saint Louis, Missouri","Riverside Electric Co.",2004-01-27,2004-05-14,"Tulsa","OK",NA,NA,1,NA,NA,NA,NA,NA,NA,NA,NA,NA,NA,NA,NA,NA,NA,NA,"Withdrawal Non-adjusted","Closed",NA,NA,NA,NA,NA,NA,2004-01-01,"<5",TRUE,"RM","No",NA,0,"Uncoded",NA,"Other",NA
"17-RC-012243","Region 14, Saint Louis, Missouri","Braden Shielding Systems, LLC",2004-01-23,2004-02-06,"Tulsa","OK",NA,NA,12,NA,NA,NA,NA,NA,NA,NA,NA,NA,NA,NA,NA,NA,NA,NA,"Withdrawal Non-adjusted","Closed",NA,NA,NA,NA,NA,NA,2004-01-01,"11-25",TRUE,"RC","No",NA,0,"Uncoded",NA,"Other",NA
"17-RC-012242","Region 14, Saint Louis, Missouri","Wonder Bread",2004-01-08,2004-02-05,"Oklahoma City","OK",NA,NA,15,NA,NA,NA,NA,NA,NA,NA,NA,NA,NA,NA,NA,NA,NA,NA,"Withdrawal Non-adjusted","Closed",NA,NA,NA,NA,NA,NA,2004-01-01,"11-25",TRUE,"RC","No",NA,0,"Uncoded",NA,"Other",NA
"17-RM-000842","Region 14, Saint Louis, Missouri","Trane",2004-01-06,2004-01-22,"Tulsa","OK",NA,NA,11,NA,NA,NA,NA,NA,NA,NA,NA,NA,NA,NA,NA,NA,NA,NA,"Withdrawal Non-adjusted","Closed",NA,NA,NA,NA,NA,NA,2004-01-01,"11-25",TRUE,"RM","No",NA,0,"Uncoded",NA,"Other",NA
NA,NA,NA,NA,NA,NA,NA,NA,NA,NA,NA,NA,NA,NA,NA,NA,NA,NA,NA,NA,NA,NA,NA,NA,NA,NA,NA,NA,NA,NA,NA,NA,NA,NA,NA,NA,NA,NA,NA,NA,NA,NA,NA,NA
NA,NA,NA,NA,NA,NA,NA,NA,NA,NA,NA,NA,NA,NA,NA,NA,NA,NA,NA,NA,NA,NA,NA,NA,NA,NA,NA,NA,NA,NA,NA,NA,NA,NA,NA,NA,NA,NA,NA,NA,NA,NA,NA,NA
"17-RD-001680",NA,"Pen Loyd, L.L.C.",2003-09-23,2004-02-20,"Tulsa","OK","A",2004-02-10,18,0,"Painters Local 807",7,NA,NA,NA,NA,11,18,"N",0,"N",NA,"Initial","Single Labor Organization","Certification of Results","Closed","[  All production employees in the job classification of painters, apprentice painters and pre-apprentice painters working at the Company's facility located at 2900 E. Apache, Tulsa, Oklahoma, EXCLUDING all office clerical employees, professional employees, supervisors, guards as defined in the Act.  ]",NA,NA,NA,140,2004-01-01,2003-07-01,"11-25",TRUE,"RD","Yes","Painters Local 807",0,"Uncoded",0.388888888888889,"No",0
"17-RD-001679",NA,"Dolese Brothers",2003-09-15,2003-11-03,"Richards Spur","OK","A",2003-10-22,118,0,"Operating Engineers Local 627",70,NA,NA,NA,NA,32,102,"N",0,"N","Operating Engineers Local 627","Initial","Single Labor Organization","Certific. of Representative","Closed","[   All production and maintanence employees, including foreman and/or leadmen, who are within the bargaining unit of the Company's quarry operations at Richards Spur, Oklahoma as established by the National Labor Relations Board in Case No. 16-RC-3284, and are employed by and working for the Company at the Company's quarry operations at Richards Spur, Oklahoma, but EXCLUDING all office clerical employees, warehousemen, technical employees, professional employees, guards, watchmen and supervisors as defined by the Act.  ]",NA,NA,NA,37,2003-10-01,2003-07-01,"101-500",TRUE,"RD","Yes","Operating Engineers Local 627",1,"IUOE",0.686274509803922,"Yes",16
"17-RD-001677",NA,"Dolese Brothers",2003-08-26,2003-10-14,"Oklahoma City","OK","A",2003-10-01,37,0,"Operating Engineers Local 627",24,NA,NA,NA,NA,11,35,"N",4,"N","Operating Engineers Local 627","Initial","Single Labor Organization","Certific. of Representative","Closed","[  All production and maintanence employees at and working from the General Shop, 5600 W Reno, Oklahoma City, OK, but EXCLUDING all office clerical employees, professional employees, guards and supervisors as defined by the Act.  ]",NA,NA,NA,36,2003-10-01,2003-07-01,"26-50",TRUE,"RD","Yes","Operating Engineers Local 627",1,"IUOE",0.685714285714286,"Yes",2
NA,NA,NA,NA,NA,NA,NA,NA,NA,NA,NA,NA,NA,NA,NA,NA,NA,NA,NA,NA,NA,NA,NA,NA,NA,NA,NA,NA,NA,NA,NA,NA,NA,NA,NA,NA,NA,NA,NA,NA,NA,NA,NA,NA
"17-RC-012220",NA,"Doanes Pet Care",2003-08-01,2004-09-20,"Miami","OK","A",2003-09-12,40,0,"UFCW Local 1000",15,NA,NA,NA,NA,22,37,"N",1,"N",NA,"Initial","Single Labor Organization","Certification of Results","Closed","[  All regular full-time and part-time production, maintenance, and sanitation employees employed by the Employer at its facility located at 2020 Sixth St. SE, Miami, OK, but EXCLUDING All independent contractors, office clerical employees, salesmen, professional employees, guards, quality assurance employees, confidential employees and supervisors as defined by the Act.  ]",NA,NA,NA,42,2003-07-01,2003-07-01,"26-50",TRUE,"RC","Yes","UFCW Local 1000",1,"UFCW",0.405405405405405,"No",3
"17-RD-001676",NA,"PennLloyd, L.L.C.",2003-07-30,2003-09-15,"Tulsa","OK","A",2003-09-04,2,0,"Teamsters Local 523",1,NA,NA,NA,NA,1,2,"N",0,"N",NA,"Initial","Single Labor Organization","Certification of Results","Closed","[   All full time and regular part time employees in the job classification of Forklift Operator working at the Company's facility located at 2900 E. Apache, Tulsa, Oklahoma, EXCLUDING all carpenters, painters, office clerical employees, professional employees, supervisors, guards as defined in the Act.  ]",NA,NA,NA,36,2003-07-01,2003-07-01,"<5",TRUE,"RD","Yes","Teamsters Local 523",1,"Teamsters",0.5,"No",0
"17-RD-001675",NA,"PennLloyd, L.L.C.",2003-07-29,2003-09-15,"Tulsa","OK","A",2003-09-04,104,0,"OK/AR Carpenters Local 943",26,NA,NA,NA,NA,72,98,"N",2,"N",NA,"Initial","Single Labor Organization","Certification of Results","Closed","[  All full time and regular part time employees performing carpentry and wood working functions at the Company's facility located at 2900 E. Apache, Tulsa, Oklahoma, including all Class A, Class B and Class C Carpenters, Apprentice Carpenters, Trainee Carpenters and Laborers working in the Company's Mill Department, CNC Equipment operators and programmers, employees working in the Bench and Laminate area, Final Assembly area Tool and Machining area, Hardware and Receiving area, the Warehouse area and the Shop Maintenance area of the facility, EXCLUDING all employees who apply finish including paint, to any and all fixtures manufactured by the Company and Forklift Operators, office clerical employees, professional employees, supervisors, guards as defined in the Act.  ]",NA,NA,NA,37,2003-07-01,2003-07-01,"101-500",TRUE,"RD","Yes","OK/AR Carpenters Local 943",0,"Uncoded",0.26530612244898,"No",6
"17-RC-012209","Region 14, Saint Louis, Missouri","TDK Ferrites Corporation",2003-06-12,2004-09-20,"Shawnee","OK",NA,NA,55,NA,NA,NA,NA,NA,NA,NA,NA,NA,NA,NA,NA,NA,NA,NA,"Withdrawal Non-adjusted","Closed",NA,NA,NA,NA,NA,NA,2003-04-01,"51-100",TRUE,"RC","No",NA,0,"Uncoded",NA,"Other",NA
"17-RC-012200",NA,"DCT Incorporated",2003-05-16,2003-07-07,"Oklahoma City","OK","A",2003-06-25,93,0,"UGSOA, Local 243",28,NA,NA,NA,NA,11,39,"N",2,"N","UGSOA, Local 243","Initial","Single Labor Organization","Certific. of Representative","Closed","[  All full-time and part-time security officers, guards, and security police officers employed by the Employer at the Federal Aviation Administration facility at the Mike Monroney Aeronautics Center, 6500 South McArthur Boulevard, Oklahoma City, OK, but EXCLUDING all office clerical, and supervisors as defined in the Act.  ]",NA,NA,NA,40,2003-04-01,2003-04-01,"51-100",TRUE,"RC","Yes","UGSOA, Local 243",1,"UGSOA",0.717948717948718,"Yes",54
"17-RC-012193",NA,"Double D Foods, Inc.",2003-04-25,2003-08-28,"Oklahoma City","OK","A",2003-06-05,60,0,"UFCW Local 1000",30,NA,NA,NA,NA,26,56,"N",2,"N","UFCW Local 1000","Initial","Single Labor Organization","Certific. of Representative","Closed","[  All full-time and regular part-time production and maintenance employees, including line sanitation employees, employed by the Employer at its Oklahoma City, Oklahoma facility, BUT EXCLUDING post-production clean-up employees, quality assurance and quality control employees, independent contractors, office and clerical employees, salesmen, professional employees, confidential employees, guards and supervisors, as defined in the Act.   ]",NA,NA,NA,41,2003-04-01,2003-04-01,"51-100",TRUE,"RC","Yes","UFCW Local 1000",1,"UFCW",0.535714285714286,"Yes",4
"17-UC-000244","Region 14, Saint Louis, Missouri","ConocoPhillips Ponca City Refinery",2003-04-21,2004-05-22,"Ponca City","OK",NA,NA,383,NA,NA,NA,NA,NA,NA,NA,NA,NA,NA,NA,NA,NA,NA,NA,"Unit Clarification","Closed",NA,NA,NA,NA,NA,NA,2003-04-01,"101-500",TRUE,"UC","No",NA,0,"Uncoded",NA,"Other",NA
"17-RC-012174",NA,"ISEC Incorporated",2003-03-21,2003-06-19,"Oklahoma City","OK","A",2003-04-25,8,0,"Arkansas Carpenters",2,NA,NA,NA,NA,4,6,"N",1,"N",NA,"Initial","Single Labor Organization","Certification of Results","Closed","[  All full time and regular part-time construction employees employed at the Will Rogers Airport Project, EXCLUDING all office clerical employees, foreman guards and supervisors as defined in the Act.   ]",NA,NA,NA,35,2003-04-01,2003-01-01,"6-10",TRUE,"RC","Yes","Arkansas Carpenters",0,"Uncoded",0.333333333333333,"No",2
"17-RC-012168",NA,"Trace, Inc.",2003-03-10,2003-05-01,"Tinker AFB, Midwest City","OK","A",2003-04-21,13,0,"IAM&AW",12,NA,NA,NA,NA,0,12,"N",1,"N","IAM&AW","Initial","Single Labor Organization","Certific. of Representative","Closed","[  All grounds and maintenance employees employed by the Employer at Tinker Air Force Base, Midwest City, OK but EXCLUDING all office clerical employees, professional employees, managerial employees, guards and supervisors as defined in the Act.  ]",NA,NA,NA,42,2003-04-01,2003-01-01,"11-25",TRUE,"RC","Yes","IAM&AW",1,"IAM",1,"Yes",1
"17-RD-001667",NA,"Simmons Foods, Inc.",2003-03-03,2003-04-17,"Fairland","OK","A",2003-04-07,37,0,"Teamsters Local 823",17,NA,NA,NA,NA,19,36,"N",0,"N",NA,"Initial","Single Labor Organization","Certification of Results","Closed","[  All full-time & regular part-time feed haul drivers & mechanics employed by the Employer at 1010 Industrial Park Road, Fairland, Oklahoma, but EXCLUDING plant personnel, feed pickup drivers, sales personnel, office clerical & professional employees, guards & supervisors as defined in the Act.  ]",NA,NA,NA,35,2003-04-01,2003-01-01,"26-50",TRUE,"RD","Yes","Teamsters Local 823",1,"Teamsters",0.472222222222222,"No",1
"17-RD-001664",NA,"ITT Industries Systems Division",2003-02-21,2003-09-05,"Fort Sill","OK","A",2003-08-26,35,0,"Teamsters Local 886",18,NA,NA,NA,NA,11,29,"N",3,"N","Teamsters Local 886","Initial","Single Labor Organization","Certific. of Representative","Closed","[   All bus drivers and tractor trailer drivers employed by the Employer at its Fort Sill, Oklahoma facility, EXCLUDING, office clerical employees, guards and supervisors, as defined in the Act.  ]",NA,NA,NA,186,2003-07-01,2003-01-01,"26-50",TRUE,"RD","Yes","Teamsters Local 886",1,"Teamsters",0.620689655172414,"Yes",6
"17-RC-012162",NA,"Hiland Dairy Foods Company, LLC",2003-02-20,2003-04-14,"Chandler","OK","A",2003-04-04,178,0,"Teamsters Local 886",20,NA,NA,NA,NA,144,164,"N",5,"N",NA,"Initial","Single Labor Organization","Certification of Results","Closed","[  All full-time and regular part-time production and maintenance employees, including drivers, mechanics, shipping and receiving employees employed by the Employer at its Chandler, Oklahoma facility, EXCLUDING office clerical employees, guards and superivsors, as defined in the Act.  ]",NA,NA,NA,43,2003-04-01,2003-01-01,"101-500",TRUE,"RC","Yes","Teamsters Local 886",1,"Teamsters",0.121951219512195,"No",14
"17-RC-012161",NA,"Wolverine Tube Inc.",2003-02-18,2003-05-07,"Shawnee","OK","A",2003-04-23,55,0,"Arkansas Regional Council of Carpenters",32,NA,NA,NA,NA,22,54,"N",0,"N","Arkansas Regional Council of Carpenters","Initial","Single Labor Organization","Certific. of Representative","Closed","[  All full-time and regular part-time maintenance employees, including millwrights, electricians, machinists, blade filers, pin grinders, tool crib employees, draftsmen, utility employees and relief superivsors employed by the Employer at its Shawnee, Oklahoma facility, but EXCLUDING production employees, office clerical employees, guards and supervisors as defined in the Act, and all other employees.  ]",NA,NA,NA,64,2003-04-01,2003-01-01,"51-100",TRUE,"RC","Yes","Arkansas Regional Council of Carpenters",1,"UBC",0.592592592592593,"Yes",1
"17-RC-012156",NA,"United Parcel Service",2003-01-14,2003-03-21,"Tulsa","OK","A",2003-03-11,3,0,"Teamsters Local 516",1,NA,NA,NA,NA,2,3,"N",0,"N",NA,"Initial","Single Labor Organization","Certification of Results","Closed","[  All hazardous materials package audit clerks and high value package audit clerks employed at the Employer's 5805 South 118th East Avenue, Tulsa, Oklahoma, facility, EXCLUDING guards and supervisors as defined in the Act, and all other employees.  ]",NA,NA,NA,56,2003-01-01,2003-01-01,"<5",TRUE,"RC","Yes","Teamsters Local 516",1,"Teamsters",0.333333333333333,"No",0
"17-RD-001662",NA,"ConocoPhillips",2003-01-10,2003-02-28,"Ponca City","OK","A",2002-02-18,3,0,"Carpenters Local 2008",0,NA,NA,NA,NA,3,3,"N",0,"N",NA,"Initial","Single Labor Organization","Certification of Results","Closed","[  Carpenters and their apprentices at Conoco Inc.'s Ponca City, Oklahoma refinery, but EXCLUDING all other production and maintenance employees, clerical and professional employees, guards, foreman, leadermen and all other supervisors defined in the Act. ]",NA,NA,NA,-326,2002-01-01,2003-01-01,"<5",TRUE,"RD","Yes","Carpenters Local 2008",0,"Uncoded",0,"No",0
"17-RC-012154",NA,"La Quinta Inns, Inc.",2002-12-31,2003-03-17,"Tulsa","OK","A",2003-03-07,14,0,"Teamsters Local 523",0,NA,NA,NA,NA,10,10,"N",1,"N",NA,"Initial","Single Labor Organization","Certification of Results","Closed","[  All housekeeping and maintenance employees and front desk sales representatives employed by the Employer at its facility at 10829 East 41st Street, Tulsa, Oklahoma, EXCLUDING office employees, director of housekeeping, guards and supervisors as defined by the Act.  ]",NA,NA,NA,66,2003-01-01,2002-10-01,"11-25",TRUE,"RC","Yes","Teamsters Local 523",1,"Teamsters",0,"No",4
"17-RC-012153",NA,"Interstate Brands Corporation",2002-12-17,2003-02-03,"Oklahoma City","OK","A",2003-01-24,4,0,"Bakery 65",4,NA,NA,NA,NA,0,4,"N",0,"N","Bakery 65","Initial","Single Labor Organization","Certific. of Representative","Closed","[   All clerks and lead clerks at the Oklahoma City, Oklahoma facility located at 5401 S. Western, Oklahoma City, Oklahoma, but EXCLUDING all guards and supervisors as defined by the Act.   ]",NA,NA,NA,38,2003-01-01,2002-10-01,"<5",TRUE,"RC","Yes","Bakery 65",0,"Uncoded",1,"Yes",0
"17-RD-001656",NA,"Teamster's Local Union 886",2002-12-09,2003-01-27,"Oklahoma City","OK","A",2003-01-17,6,0,"Independent Employee's Union (of Local 886)",3,NA,NA,NA,NA,3,6,"N",0,"N",NA,"Initial","Single Labor Organization","Certification of Results","Closed","[   All full-time and regular part-time assistant business agents, organizers and office clerical employee's employed by the Employer at its 3528 West Reno, Oklahoma City, OK facility, EXCLUDING, President, Secretary-Treasurer and guards and supervisor's as defined in the Act, and all other employees.  ]",NA,NA,NA,39,2003-01-01,2002-10-01,"6-10",TRUE,"RD","Yes","Independent Employee's Union (of Local 886)",0,"Uncoded",0.5,"No",0
NA,NA,NA,NA,NA,NA,NA,NA,NA,NA,NA,NA,NA,NA,NA,NA,NA,NA,NA,NA,NA,NA,NA,NA,NA,NA,NA,NA,NA,NA,NA,NA,NA,NA,NA,NA,NA,NA,NA,NA,NA,NA,NA,NA
NA,NA,NA,NA,NA,NA,NA,NA,NA,NA,NA,NA,NA,NA,NA,NA,NA,NA,NA,NA,NA,NA,NA,NA,NA,NA,NA,NA,NA,NA,NA,NA,NA,NA,NA,NA,NA,NA,NA,NA,NA,NA,NA,NA
"17-RC-012126",NA,"Oklahoma Natural Gas",2002-09-09,2002-11-01,"Tulsa","OK","A",2002-10-22,627,14,"IBEW Local 1002",120,NA,NA,NA,NA,414,534,"N",8,"N",NA,"Initial","Single Labor Organization","Certification of Results","Closed","[  All full time and regular part time Field Specialists, Field Technicians, Service Specialists, Service Technicians and Maintenance Specialists employed by the Employer in its Eastern and Western Divisions, EXCLUDING all other employees, supervisors and guards as defined in the Act.  ]",NA,NA,NA,43,2002-10-01,2002-07-01,"500>",TRUE,"RC","Yes","IBEW Local 1002",1,"IBEW",0.224719101123595,"No",93
"17-RD-001650",NA,"Fox-Smythe Transportation Company",2002-09-09,2002-10-21,"Oklahoma City","OK","A",2002-10-11,3,0,"Teamsters Local 886",0,NA,NA,NA,NA,3,3,"N",0,"N",NA,"Initial","Single Labor Organization","Certification of Results","Closed","[  All truck drivers employed by the Employer from its facility located at 1700 S. Portland, Oklahoma City, Oklahoma, but EXCLUDING all office clerical employees, maintenance shop employees, watchmen, guards and supervisors as defined in the Act.  ]",NA,NA,NA,32,2002-10-01,2002-07-01,"<5",TRUE,"RD","Yes","Teamsters Local 886",1,"Teamsters",0,"No",0
"17-RD-001645",NA,"Braden Manufacturing LLC",2002-07-25,2002-09-30,"Tulsa","OK","A",2002-09-19,46,0,"Shopmen's Local 620",10,NA,NA,NA,NA,33,43,"N",0,"N",NA,"Initial","Single Labor Organization","Certification of Results","Closed","[  All production and maintenance employees engaged in the fabrication of iron, steel, metal and other products or in maintenance work in or about the Employer's plant or plants in Tulsa, Oklahoma and vicinity, and to work done by such production and maintenance employees and truck drivers, BUT EXCLUDING office or clerical employees, janitors, draftsmen, engineering employees, watchmen, guards, inspectors or supervisors, or to work performed by such employees, and also excluding erection, installation, or construction work, or employees engaged in such work.  ]",NA,NA,NA,56,2002-07-01,2002-07-01,"26-50",TRUE,"RD","Yes","Shopmen's Local 620",0,"Uncoded",0.232558139534884,"No",3
"17-RC-012115",NA,"Collins & Aikman, Inc.",2002-07-24,2002-09-12,"Oklahoma City","OK","A",2002-08-29,65,1,"UAW",39,NA,NA,NA,NA,25,64,"N",0,"N","UAW","Initial","Single Labor Organization","Certific. of Representative","Closed","[  All full-time and regular part-time hourly production and maintenance employees, including material handling employees, inspection employees, and cycle counter employees employed by the Employer at its Oklahoma City, Oklahoma facility, but EXCLUDING all temporary employees, office clerical employees, professional employees, guards, and supervisors as defined in the Act.  ]",NA,NA,NA,36,2002-07-01,2002-07-01,"51-100",TRUE,"RC","Yes","UAW",1,"UAW",0.609375,"Yes",1
"17-RC-012104",NA,"SGS, LLC",2002-06-04,2002-07-27,"Muskogee, Okmulgee & Oklahoma","OK","A",2002-07-16,18,0,"Carpenters, Tulsa Local 943",13,NA,NA,NA,NA,4,17,"N",8,"N","Carpenters, Tulsa Local 943","Initial","Single Labor Organization","Certific. of Representative","Closed","[  All carpenters, carpenter foremen, carpenter apprentices and superintendents employed by the Employer at its Oklahoma locations, but EXCLUDING all other craft employees, clerical employees, guards and supervisors as defined by the Act.   ]",NA,NA,NA,42,2002-07-01,2002-04-01,"11-25",TRUE,"RC","Yes","Carpenters, Tulsa Local 943",0,"Uncoded",0.764705882352941,"Yes",1
"17-RC-012088",NA,"J.L. Harris Construction, Inc.",2002-04-24,2002-06-11,"Lawton","OK","A",2002-05-31,51,0,"Arkansas Regional Council of Carpenters",12,NA,NA,NA,NA,29,41,"N",8,"N",NA,"Initial","Single Labor Organization","Certification of Results","Closed","[  All full time and regular part time carpenters, carpenter apprentices and laborers who function as carpenter helpers who are employed by the Employer at its Oklahoma Veteran's Center job site located at 501 Southeast Flower Mound, Lawton, Oklahoma, but EXCLUDING All other craft employees, office clericals, other employees, guards and supervisors (including superintendents Jod Mills and Genaro Venzor) as defined in the Act.  ]",NA,NA,NA,37,2002-04-01,2002-04-01,"51-100",TRUE,"RC","Yes","Arkansas Regional Council of Carpenters",1,"UBC",0.292682926829268,"No",10
"17-RC-012082",NA,"CP Kelco",2002-03-27,2002-05-21,"Okmulgee","OK","A",2002-05-10,104,78,"Operating Engineers Local 627",78,NA,NA,NA,NA,21,99,"N",2,"N","Operating Engineers Local 627","Initial","Single Labor Organization","Certific. of Representative","Closed","[   All full time and regular part time production and maintenance employees employed at the Employer's Okmulgee, Oklahoma, facility, including Operator 1s, Operator 2s, Instrumentation and Electrical (I&E) Technicians and Maintenance Mechanics.  EXCLUDING: Instrumentation and Electrical (I&E) Programmers, Lot Selection Specialist, Lab Tech 1s, Lab Tech 2s, Instrumentation and Electrical (I&E) Planner, Maintenance Planner, WIP Coordinator, engineers, professional employees, office clerical employees and supervisors and guards as defined in the Act.   ]",NA,NA,NA,44,2002-04-01,2002-01-01,"101-500",TRUE,"RC","Yes","Operating Engineers Local 627",1,"IUOE",0.787878787878788,"Yes",5
"17-RC-012075",NA,"USF Dugan",2002-03-18,2002-05-14,"Oklahoma City","OK","A",2002-05-03,24,1,"Teamsters Local 886",5,NA,NA,NA,NA,18,23,"N",5,"N",NA,"Initial","Single Labor Organization","Certification of Results","Closed","[  All full-time and regular part-time road drivers, city pickup and delivery drivers, and dock employees employed by the Employer at its facility located at 5919 Southeast 74th Street, Oklahoma City, OK  but EXCLUDING dispatchers, clerical employees, persons classified as casual, and guards and supervisors as defined in the Act, and all other employees.  ]",NA,NA,NA,46,2002-04-01,2002-01-01,"11-25",TRUE,"RC","Yes","Teamsters Local 886",1,"Teamsters",0.217391304347826,"No",1
"17-RC-012072",NA,"Public Service Company of Oklahoma",2002-03-11,2002-04-30,"Grove","OK","A",2002-04-18,5,0,"IBEW Local 1002",5,NA,NA,NA,NA,0,5,"N",0,"N","IBEW Local 1002","Initial","Single Labor Organization","Certific. of Representative","Closed","[  All full time and part time employees of the Employer employed at its Grove facilities who are not currently included in a collective bargaining unit, including Service Representatives and Working Foremen.  EXCLUDING: Office clerical employees, professional employees, guards and supervisors as defined in the Act, and all other employees.   ]",NA,NA,NA,38,2002-04-01,2002-01-01,"<5",TRUE,"RC","Yes","IBEW Local 1002",1,"IBEW",1,"Yes",0
"17-RD-001629",NA,"Chevron-Texaco, Maysville Gas Complex",2002-01-28,2002-03-09,"Maysville","OK","A",2002-02-26,40,0,"PACE Local 5-0654",22,NA,NA,NA,NA,17,39,"N",0,"N","PACE Local 5-0654","Initial","Single Labor Organization","Certific. of Representative","Closed","[ All operating and maintenance employees employed by the employer at the Maysville, Oklahoma plant and associated compressor stations including the Eola water pump station, laboratory and plant clerical employees and operators, but EXCLUDING, office clerical employees, guards and supervisors as defined in the Act.  ]",NA,NA,NA,29,2002-01-01,2002-01-01,"26-50",TRUE,"RD","Yes","PACE Local 5-0654",1,"USW",0.564102564102564,"Yes",1
NA,NA,NA,NA,NA,NA,NA,NA,NA,NA,NA,NA,NA,NA,NA,NA,NA,NA,NA,NA,NA,NA,NA,NA,NA,NA,NA,NA,NA,NA,NA,NA,NA,NA,NA,NA,NA,NA,NA,NA,NA,NA,NA,NA
NA,NA,NA,NA,NA,NA,NA,NA,NA,NA,NA,NA,NA,NA,NA,NA,NA,NA,NA,NA,NA,NA,NA,NA,NA,NA,NA,NA,NA,NA,NA,NA,NA,NA,NA,NA,NA,NA,NA,NA,NA,NA,NA,NA
"17-RD-001625",NA,"Baldwin Steel Company",2001-12-12,2002-06-25,"Tulsa","OK","A",2002-06-14,66,0,"Teamsters Local 523",29,NA,NA,NA,NA,25,54,"N",0,"N","Teamsters Local 523","Initial","Single Labor Organization","Certific. of Representative","Closed","[   All hourly employees, including warehousemen, maintenance man and truck drivers, employed at the Employer's 3123 East Apache, Tulsa, Oklahoma, facility, but EXCLUDING all office, salaried and/or clerical employees, supervisors, watchmen or guards as defined in the National Labor Relations Act.  ]",NA,NA,NA,184,2002-04-01,2001-10-01,"51-100",TRUE,"RD","Yes","Teamsters Local 523",1,"Teamsters",0.537037037037037,"Yes",12
"17-RC-012047",NA,"ITT Industries, Inc., Systems Division",2001-11-30,2002-01-15,"Fort Sill","OK","A",2002-01-04,32,0,"Teamsters Local 886",15,NA,NA,NA,NA,11,26,"N",2,"N","Teamsters Local 886","Initial","Single Labor Organization","Certific. of Representative","Closed","[ All Full-time and regualar part-time bus drivers employed by the Employer at its Fort Sill, Oklahoma operation, but EXCLUDING Office clerical employees, mechanics, guards and supervisors as defined in the Act, and all other employees. ]",NA,NA,NA,35,2002-01-01,2001-10-01,"26-50",TRUE,"RC","Yes","Teamsters Local 886",1,"Teamsters",0.576923076923077,"Yes",6
"17-RC-012045",NA,"Dynpar L.L.C.",2001-11-28,2002-01-23,"Tinker AFB","OK","A",2002-01-11,175,0,"IAM&AW",115,NA,NA,NA,NA,47,162,"N",0,"N","IAM&AW","Initial","Single Labor Organization","Certific. of Representative","Closed","[ All DynPar full-time and regular part-time maintenance employees working in the following shops/areas: Special Structures, Zones A, B, and C, Sheet Metal, Power Production, Plant Maintenance, Controls and Fuels at its facility located at Tinker Airforce Base, Oklahoma.  EXCLUDING office clerical employees, professional employees, managerial employees, guards and supervisors as defined in the Act. ]",NA,NA,NA,44,2002-01-01,2001-10-01,"101-500",TRUE,"RC","Yes","IAM&AW",1,"IAM",0.709876543209877,"Yes",13
"17-RD-001624",NA,"C & C Distributors, Inc.",2001-11-09,2001-12-19,"Lawton","OK","A",2001-12-05,22,0,"UFCW Local 1000",6,NA,NA,NA,NA,13,19,"N",1,"N",NA,"Initial","Single Labor Organization","Certification of Results","Closed","[ All warehousemen and truck drivers employed by the Employer at its Lawton, Oklahoma facilities, but EXCLUDING Office clerical, guards, watchmen, professional and technical employees, merchandisers, all supervisors and any other supervisory employees with the authority to hire, promote, discharge or discipline as defined in the National Labor Relations Act. ]",NA,NA,NA,26,2001-10-01,2001-10-01,"11-25",TRUE,"RD","Yes","UFCW Local 1000",1,"UFCW",0.315789473684211,"No",3
"17-RC-012041",NA,"Spartan Aviation Industries, Inc.",2001-11-01,2002-09-23,"Tulsa","OK","A",2002-09-13,69,0,"UAW",32,NA,NA,NA,NA,33,65,"N",1,"N",NA,"Initial","Single Labor Organization","Certification of Results","Closed","[  Group A  -  All full-time and regular part-time flight instructors, ground instructors and dispatchers employed by the Employer at its Tulsa, Oklahoma flight school, BUT EXCLUDING all employees employed by the Employer who are represented by a labor organization, all aircraft maintenance employees, librarians, line operations employees, test proctors, data entry clerks, bookstore employees, guards, and supervisors as defined in the Act, and all other employees at the North and South campuses.

Group B  -  All librarians employed by the Employer at its Tulsa, Oklahoma flight school, BUT EXCLUDING all flight instructors, ground instructors, dispatchers, all employees employed by the Employer at its north and south campuses who are represented by a labor organization, all aircraft maintenance employees, line operations crew, test proctors, data entry clerks, bookstore employees, guards, and supervisors as defined in the Act, and all other employees at the North and South campuses.  ]",NA,NA,NA,316,2002-07-01,2001-10-01,"51-100",TRUE,"RC","Yes","UAW",1,"UAW",0.492307692307692,"No",4
"17-RC-012020",NA,"Georgia-Pacific Corporation",2001-08-27,2001-10-31,"Muskogee","OK","A",2001-10-19,1331,1,"APPWU",247,NA,NA,NA,NA,961,1208,"N",44,"N",NA,"Initial","Single Labor Organization","Certification of Results","Closed","[ All full-time and regular part-time hourly production, maintenance and shipping employees, including Ecosource employees, hourly lead persons, planners, powerhouse and effluent treatment employees, and polyethylene plant employees, employed by the Employer at its Muskogee, Oklahoma facility, EXCLUDING,  office clerical employees, accounting employees, managerial employees, temporary employees employed by Cherokee Temps, NESCO and Bios Group, guards and supervisors, as defined in the Act.  ]",NA,NA,NA,53,2001-10-01,2001-07-01,"500>",TRUE,"RC","Yes","APPWU",0,"Uncoded",0.204470198675497,"No",123
"17-RC-012014",NA,"Bruckner Truck Sales Inc.-Oklahoma Division",2001-08-20,2001-10-06,"OKlahoma City","OK","A",2001-09-25,18,0,"Teamsters Local 886",6,NA,NA,NA,NA,9,15,"N",3,"N",NA,"Initial","Single Labor Organization","Certification of Results","Closed","[ All full-time and regular part-time mechanics employed by the Employer at its Oklahoma City facility located at 3824 West Reno, Oklahoma City, Oklahoma, but EXCLUDING office clerical employees, guards and supervisors as defined in the Act, and all other employees. ]",NA,NA,NA,36,2001-07-01,2001-07-01,"11-25",TRUE,"RC","Yes","Teamsters Local 886",1,"Teamsters",0.4,"No",3
"17-RC-012009",NA,"Teamster's Local Union 886",2001-08-14,2001-09-26,"Oklahoma City","OK","A",2001-09-14,6,0,"Teamsters Local 886",5,NA,NA,NA,NA,0,5,"N",0,"N","Teamsters Local 886","Initial","Single Labor Organization","Certific. of Representative","Closed","[ All full-time and regular part-time assistant business agents, organizers and office clerical employees employed by the Employer at its 3528 West Reno, Oklahoma City, OK facility, EXCLUDING, President, Secretary-Treasurer and guards and supervisors as defined in the Act, and all other employees. ]",NA,NA,NA,31,2001-07-01,2001-07-01,"6-10",TRUE,"RC","Yes","Teamsters Local 886",1,"Teamsters",1,"Yes",1
"17-RC-012008",NA,"Robinson - Van Vuren Associates",2001-08-13,2001-09-19,"Ardmore","OK","A",2001-09-07,3,0,"NATCA",3,NA,NA,NA,NA,0,3,"N",0,"N","NATCA","Initial","Single Labor Organization","Certific. of Representative","Closed","[ All full-time and regular part-time air traffic control specialists employed by the Employer at its Rt. 1 Box 8 Ardmore Branch, Ardmore, OK facility, EXCLUDING, office clerical employees, facility manager, guards and supervisors as defined in the Act. ]",NA,NA,NA,25,2001-07-01,2001-07-01,"<5",TRUE,"RC","Yes","NATCA",1,"NATCA",1,"Yes",0
"17-RC-012006",NA,"VoPak USA, Inc.",2001-07-30,2001-09-05,"Oklahoma City","OK","A",2001-08-23,11,0,"Teamsters Local 886",9,NA,NA,NA,NA,1,10,"N",0,"N","Teamsters Local 886","Initial","Single Labor Organization","Certific. of Representative","Closed","[ All drivers and warehouse employees employed by the Employer at its 3320 S. Council Road, Oklahoma City, OK facility, EXCLUDING, all office clerical employees, guards and supervisors as defined in the Act, and all other employees   ]",NA,NA,NA,24,2001-07-01,2001-07-01,"11-25",TRUE,"RC","Yes","Teamsters Local 886",1,"Teamsters",0.9,"Yes",1
"17-RC-012005",NA,"DynPar L.L.C.",2001-07-27,2001-09-05,"Tinker AFB","OK","A",2001-08-24,43,0,"IAM",36,NA,NA,NA,NA,6,42,"N",0,"N","IAM","Initial","Single Labor Organization","Certific. of Representative","Closed","[ All regular full-time and part-time boiler/chiller attenders and stationary engineers employed by the Employer at its facility located at Tinker Air Force Base, Oklahoma, EXCLUDING all office clerical employees, professional employees, managerial employees, guards, and supervisors as defined in the Act. ]",NA,NA,NA,28,2001-07-01,2001-07-01,"26-50",TRUE,"RC","Yes","IAM",1,"IAM",0.857142857142857,"Yes",1
"17-RD-001617",NA,"Praxair Inc.",2001-07-03,2001-07-31,"Claremore","OK","A",2001-07-20,3,0,"Teamsters Local 516",1,NA,NA,NA,NA,2,3,"N",0,"N",NA,"Initial","Single Labor Organization","Certification of Results","Closed","[ All full-time and regular part-time drivers employed by the Employer at its facility located in Claremore, Oklahoma, but EXCLUDING, guards and supervisors as defined in the Act, and all other employees.  ]",NA,NA,NA,17,2001-07-01,2001-07-01,"<5",TRUE,"RD","Yes","Teamsters Local 516",1,"Teamsters",0.333333333333333,"No",0
"17-RC-011996",NA,"NEO Federal Credit Union",2001-06-26,2001-08-04,"Miami","OK","A",2001-07-24,4,0,"OPEIU Local 330",3,NA,NA,NA,NA,1,4,"N",0,"N","OPEIU Local 330","Initial","Single Labor Organization","Certific. of Representative","Closed","[ Regular part-time clerical employees of the Employer who are not included in a collective-bargaining unit, but EXCLUDING, guards and supervisors as defined in the Act, and all other employees.  ]",NA,NA,NA,28,2001-07-01,2001-04-01,"<5",TRUE,"RC","Yes","OPEIU Local 330",1,"OPEIU",0.75,"Yes",0
"17-RC-011975",NA,"Oral Roberts University",2001-05-01,2001-07-04,"Tulsa","OK","A",2001-06-20,95,96,"SPFPA",15,NA,NA,NA,NA,58,73,"N",3,"N",NA,"Initial","Revised Single Labor Org","Certification of Results","Closed","[ All full-time and regular part-time security officers performing guard duties, as defined in Section 9(b)(3) of the NLRA, employed by the Employer at its Tulsa, Oklahoma facility, but EXCLUDING all office clerical employees, professional employees, and supervisors as defined in the Act, as amended, and all other employees. ]",NA,NA,NA,50,2001-04-01,2001-04-01,"51-100",TRUE,"RC","Yes","SPFPA",1,"SPFPA",0.205479452054795,"No",22
"17-RC-011975",NA,"Oral Roberts University",2001-05-01,2001-07-04,"Tulsa","OK","A",2001-06-05,95,0,"SPFPA",15,NA,NA,NA,NA,20,35,"N",41,"Y",NA,"Initial","Single Labor Organization","Certification of Results","Closed","[ All full-time and regular part-time security officers performing guard duties, as defined in Section 9(b)(3) of the NLRA, employed by the Employer at its Tulsa, Oklahoma facility, but EXCLUDING all office clerical employees, professional employees, and supervisors as defined in the Act, as amended, and all other employees. ]",NA,NA,NA,35,2001-04-01,2001-04-01,"51-100",FALSE,"RC","Yes","SPFPA",1,"SPFPA",0.428571428571429,"No",60
"17-RC-011974",NA,"Lear Siegler Services, Inc.",2001-04-30,2001-06-02,"Vance Air Force Base","OK","A",2001-05-22,44,0,"Vance Instructor Association",39,NA,NA,NA,NA,0,39,"N",0,"N","Vance Instructor Association","Initial","Single Labor Organization","Certific. of Representative","Closed","[ All T-37/T-38 Primary Aircraft Simulator Instructors employed by Lear Siegler Services, Inc. at Vance Air Force Base, Oklahoma, but EXCLUDING Office clerical employees, guards and supervisors as defined by the Act, and all other employees employed by Lear Siegler Services, Inc. ]",NA,NA,NA,22,2001-04-01,2001-04-01,"26-50",TRUE,"RC","Yes","Vance Instructor Association",0,"Uncoded",1,"Yes",5
"17-RC-011973",NA,"Cadet Manufacturing, Inc.",2001-04-27,2001-07-20,"Chouteau","OK","A",2001-06-08,23,0,"Great Plains Carpenters and Joiners",10,NA,NA,NA,NA,10,20,"N",1,"Y",NA,"Initial","Single Labor Organization","Certification of Results","Closed","[ All full time and part time production and maintenance employees employed by the Employer at its 1301 Old Highway 33 East, Chouteau, Oklahoma, facility, EXCLUDING, all office clerical employees, guards and supervisors as defined by the Act.  ]",NA,NA,NA,42,2001-04-01,2001-04-01,"11-25",TRUE,"RC","Yes","Great Plains Carpenters and Joiners",0,"Uncoded",0.5,"No",3
"17-RC-011964",NA,"TRM Services, Inc.",2001-03-26,2001-05-15,"Oklahoma City","OK","A",2001-05-04,9,0,"Teamsters Local 886",0,NA,NA,NA,NA,9,9,"N",0,"N",NA,"Initial","Single Labor Organization","Certification of Results","Closed","[  All full time and regular part-time dock workers and delivery drivers employed at the Oklahoma City, Oklahoma facility located at 101 Southwest 7th, Oklahoma City, Oklahoma., but EXCLUDING all clerical employees, professional employees, guards, supervisors and all others as defined by the Act. ]",NA,NA,NA,39,2001-04-01,2001-01-01,"6-10",TRUE,"RC","Yes","Teamsters Local 886",1,"Teamsters",0,"No",0
"17-RC-011958",NA,"SPSC, Inc., d/b/a Southwestern Porcelain Steel Co.",2001-02-21,2001-06-12,"Sand Springs","OK","A",2001-04-11,21,0,"United Steelworkers of America",12,NA,NA,NA,NA,10,22,"N",1,"N","United Steelworkers of America","Initial","Revised Single Labor Org","Certific. of Representative","Closed","[ All production and maintenance employees employed by the Employer at its 201 E. Morrow Road, Sand Springs, Oklahoma, facility, but EXCLUDING all other employees, guards and supervisors, as defined by the Act. ]",NA,NA,NA,49,2001-04-01,2001-01-01,"11-25",TRUE,"RC","Yes","United Steelworkers of America",1,"USW",0.545454545454545,"Yes",-1
"17-RC-011958",NA,"SPSC, Inc., d/b/a Southwestern Porcelain Steel Co.",2001-02-21,2001-06-12,"Sand Springs","OK","A",2001-04-03,21,0,"United Steelworkers of America",11,NA,NA,NA,NA,9,20,"N",3,"Y",NA,"Initial","Single Labor Organization","Certific. of Representative","Closed","[ All production and maintenance employees employed by the Employer at its 201 E. Morrow Road, Sand Springs, Oklahoma, facility, but EXCLUDING all other employees, guards and supervisors, as defined by the Act. ]",NA,NA,NA,41,2001-04-01,2001-01-01,"11-25",FALSE,"RC","Yes","United Steelworkers of America",1,"USW",0.55,"Yes",1
"17-RC-011957",NA,"Republic Paperboard Company, LLC",2001-02-20,2001-04-10,"Lawton","OK","A",2001-03-30,85,0,"PACE",31,NA,NA,NA,NA,51,82,"N",2,"N",NA,"Initial","Single Labor Organization","Certification of Results","Closed","[ All hourly production employees at the Lawton, Oklahoma facility located at 8801 Southwest Lee Boulevard, Lawton, Oklahoma, but EXCLUDING  All contract maintenance employees, salaried employees, clerical employees, technical employees, professional employees, guards, managers and supervisors as defined by the Act. ]",NA,NA,NA,38,2001-01-01,2001-01-01,"51-100",TRUE,"RC","Yes","PACE",1,"USW",0.378048780487805,"No",3
"17-RC-011954",NA,"Sooner Process and Investigation, Inc.",2001-02-12,2001-03-27,"Tulsa","OK","A",2001-03-14,8,0,"UGSOA Local #201",7,NA,NA,NA,NA,0,7,"N",0,"N","UGSOA Local #201","Initial","Single Labor Organization","Certific. of Representative","Closed","[ All full-time and regular part-time security officers employed by the Employer at facilities located in the greater Tulsa, Oklahoma area, the only facilities involved herein, but EXCLUDING all office clerical employees and supervisors, as defined in the Act, and all other employees.  ]",NA,NA,NA,30,2001-01-01,2001-01-01,"6-10",TRUE,"RC","Yes","UGSOA Local #201",1,"UGSOA",1,"Yes",1
"17-RC-011953",NA,"Bartlett Collins Company",2001-02-09,2002-08-28,"Sapulpa","OK","A",2002-08-17,24,0,"American Flint Glass Workers Union AFL-CIO",18,NA,NA,NA,NA,1,19,"N",2,"N","American Flint Glass Workers Union AFL-CIO","Rerun","Single Labor Organization","Certific. of Representative","Closed","[ All full time employees of the Employer employed at its 620 South Linden, Sapulpa, Oklahoma facility, in the classifications of:  mold maker, machinist (machinist I, machinist II, machinist III et al), senior machinist, lead man (machinist lead), and mold cleaning employees, but EXCLUDING all other employees, including office clerical, other plant production and maintenance employees, professional and technical employees, watchmen, guards, head tank men and other supervisors as defined in the Act. ]",NA,NA,NA,554,2002-07-01,2001-01-01,"11-25",TRUE,"RC","Yes","American Flint Glass Workers Union AFL-CIO",0,"Uncoded",0.947368421052632,"Yes",5
"17-RD-001603",NA,"Pump Star, Inc., a subsidiary of Blue Tee Corporation",2001-02-02,2001-03-20,"Enid","OK","A",2001-03-08,30,0,"USWA, Local 4800",2,NA,NA,NA,NA,24,26,"N",0,"N",NA,"Initial","Single Labor Organization","Certification of Results","Closed","[ All production and maintenance employees including assemply employees, welders and warehouse employees employed by Pump Star, Inc., a subsidiary of Blue Tee Corporation at its 2215 South Van Buren, Enid, Oklahoma facility, but EXCLUDING Office clerical employees, guards and supervisors as defined in the Act. ]",NA,NA,NA,34,2001-01-01,2001-01-01,"26-50",TRUE,"RD","Yes","USWA, Local 4800",1,"USW",0.0769230769230769,"No",4
"17-RD-001602",NA,"Beetle Plastics, Inc.",2001-01-30,2001-03-17,"Ardmore","OK","A",2001-03-06,20,0,"Laborers Local 1168",11,NA,NA,NA,NA,7,18,"N",1,"N","Laborers Local 1168","Initial","Single Labor Organization","Certific. of Representative","Closed","[ All hourly production, maintenance and sanatation employees employed by Beetle Plasics at its facility in Ardmore, Oklahoma, but EXCLUDING Guards, office clerical employees, professional employees and supervisors as defined in the Act. ]",NA,NA,NA,35,2001-01-01,2001-01-01,"11-25",TRUE,"RD","Yes","Laborers Local 1168",1,"LIUNA",0.611111111111111,"Yes",2
"17-RC-011936",NA,"Uniroyal Goodrich Tire Manufacturing Company",2000-12-08,2001-01-30,"Ardmore","OK","A",2001-01-18,1805,5,"United Steelworkers of America",422,NA,NA,NA,NA,1210,1632,"N",118,"N",NA,"Initial","Single Labor Organization","Certification of Results","Closed","All full-time and regular part-time production and maintenance employees employed by the Employer at its facility located at 1101 Uniroyal Road, Ardmore, Oklahoma, the only facility involved herein, but EXCLUDING all office clerical employees, contractor employees, contingent employees on the payroll of a temporary employment leasing company, sales employees, professional employees, guards and supervisors as defined in the Act.",NA,NA,NA,41,2001-01-01,2000-10-01,"500>",TRUE,"RC","Yes","United Steelworkers of America",1,"USW",0.258578431372549,"No",173
"17-RC-011928",NA,"DynPar, LLC",2000-11-02,2000-12-12,"Tinker AFB","OK","A",2000-12-01,9,0,"Teamsters Local 886",9,NA,NA,NA,NA,0,9,"N",0,"N","Teamsters Local 886","Initial","Single Labor Organization","Certific. of Representative","Closed","[ All full-time and regular part-time utility plumbing employees assigned to the exterior plumbing shop employed by the Employer at its Tinker AFB, Oklahoma operation, the only facility involved herein, but excluding all office clerical employees, guards and supervisors as defined in the Act, and all other employees.  ]",NA,NA,NA,29,2000-10-01,2000-10-01,"6-10",TRUE,"RC","Yes","Teamsters Local 886",1,"Teamsters",1,"Yes",0
"17-RC-011924",NA,"Textron, Inc., Automotive Trim Division",2000-10-30,2001-08-03,"Oklahoma City","OK","A",2000-12-08,113,0,"UAW",50,NA,NA,NA,NA,63,113,"N",1,"N",NA,"Initial","Single Labor Organization","Certification of Results","Closed","[ All full time, regular part time and temporary employees employed by Textron, Inc., and/or jointly employed by Textron, Inc., and Norrell, in production, material handling, inspection, support and maintenance jobs at Textron's facility located at 8121 East Mid American Boulevard, Oklahoma City, Oklahoma, EXCLUDING all employees employed by ARD, Precision Quality, Android and/or any employer other than Textron, Inc., and all office clerical and professional employees, and guards and supervisors as defined in the Act.  ]",NA,NA,NA,39,2000-10-01,2000-10-01,"101-500",TRUE,"RC","Yes","UAW",1,"UAW",0.442477876106195,"No",0
"17-RC-011920",NA,"DynPar, LLC",2000-10-10,2000-11-28,"Tinker AFB","OK","A",2000-11-17,5,0,"Teamsters Local 886",2,NA,NA,NA,NA,3,5,"N",0,"N",NA,"Initial","Single Labor Organization","Certification of Results","Closed","[ All full-time liquid fuel maintenance employees employed by the Employer at the Tinker AFB, Oklahoma facility, EXCLUDING all other employees and guards and supervisors as defined in the Act. ]",NA,NA,NA,38,2000-10-01,2000-10-01,"<5",TRUE,"RC","Yes","Teamsters Local 886",1,"Teamsters",0.4,"No",0
"17-RD-001595",NA,"Chemcentral Corporation",2000-10-06,2000-11-25,"Oklahoma City","OK","A",2000-11-13,6,0,"Teamsters Local 886",3,NA,NA,NA,NA,3,6,"N",0,"N",NA,"Initial","Single Labor Organization","Certification of Results","Closed","[ All truck drivers and warehousemen employed by the Employer at its facility located at 7301 SW 29th, Oklahoma City, Oklahoma but excluding all secretaries, office clerical employees, guards and supervisors as defined in the Act.   ]",NA,NA,NA,38,2000-10-01,2000-10-01,"6-10",TRUE,"RD","Yes","Teamsters Local 886",1,"Teamsters",0.5,"No",0
"17-RC-011917",NA,"Interstate Brands Corporation",2000-10-05,2000-11-28,"Tulsa, Muskogee and Sand Sprin","OK","A",2000-11-16,22,0,"Teamsters Local 523",13,NA,NA,NA,NA,6,19,"N",0,"N","Teamsters Local 523","Initial","Single Labor Organization","Certific. of Representative","Closed","[ All regular full time and part-time clerks and lead clerks employed by the Employer at its current Tulsa, Oklahoma, Thrift Stores (1707 N. Lewis, 1201 N. Sheridan, 5804 South Peoria, 11682 E. 21st Street); Sand Springs, Oklahoma, Thrift Store (4010 Old Supulpa Road); and Muskogee, Oklahoma, Thrift Stores (1004 Eastside Blvd., 1101 West Okmulgee); EXCLUDING all office employees, clerical employees, managerial employees, guards, supervisors as defined by the Act, and all other employees.  ]",NA,NA,NA,42,2000-10-01,2000-10-01,"11-25",TRUE,"RC","Yes","Teamsters Local 523",1,"Teamsters",0.684210526315789,"Yes",3
NA,NA,NA,NA,NA,NA,NA,NA,NA,NA,NA,NA,NA,NA,NA,NA,NA,NA,NA,NA,NA,NA,NA,NA,NA,NA,NA,NA,NA,NA,NA,NA,NA,NA,NA,NA,NA,NA,NA,NA,NA,NA,NA,NA
NA,NA,NA,NA,NA,NA,NA,NA,NA,NA,NA,NA,NA,NA,NA,NA,NA,NA,NA,NA,NA,NA,NA,NA,NA,NA,NA,NA,NA,NA,NA,NA,NA,NA,NA,NA,NA,NA,NA,NA,NA,NA,NA,NA
"17-RC-011909",NA,"Jay Griffin Painting, Inc.",2000-09-19,2000-11-09,"Norman","OK","A",2000-10-27,13,0,"PaintersLocal #807",4,NA,NA,NA,NA,8,12,"N",3,"N",NA,"Initial","Single Labor Organization","Certification of Results","Closed","[ All full-time and regular part-time painters, drywall finishers and vinyl hangers employed by the Employer from its facility located at 2278 Industrial Boulevard, Suite 107, Norman, Oklahoma, but EXCLUDING all office clerical employees, guards and supervisors as defined in the Act.  ]",NA,NA,NA,38,2000-10-01,2000-07-01,"11-25",TRUE,"RC","Yes","PaintersLocal #807",0,"Uncoded",0.333333333333333,"No",1
"17-RC-011907",NA,"Gaffey Cranes, Inc.",2000-09-15,2000-11-07,"Claremore","OK","A",2000-10-25,50,2,"USWA",20,NA,NA,NA,NA,27,47,"N",0,"N",NA,"Initial","Single Labor Organization","Certification of Results","Closed","[  All full-time and regular part-tme production, maintenance, shipping/receiving and service employees employed by the Employer at the 9655 East 522 Road, Claremore, Oklahoma facility, EXCLUDING all temporary agency personnel, office clerical employees, sales employees, professional employees, guards and supervisors as defined in the Act.  ]",NA,NA,NA,40,2000-10-01,2000-07-01,"26-50",TRUE,"RC","Yes","USWA",1,"USW",0.425531914893617,"No",3
"17-RC-011901",NA,"DP Manufacturing, Inc.",2000-08-15,2000-10-03,"Tulsa","OK","A",2000-09-22,64,0,"Teamsters Local 523",8,NA,NA,NA,NA,45,53,"N",6,"N",NA,"Initial","Single Labor Organization","Certification of Results","Closed","[ All full-time and regular part-time production and maintenance employees, including warehouse employees, employed by the Employer at its 5647 S. 122nd East Avenue, Tulsa, Oklahoma facility, EXCLUDING, office clerical employees, sales employees, managerial employees, guards and supervisors, as defined in the Act.  ]",NA,NA,NA,38,2000-07-01,2000-07-01,"51-100",TRUE,"RC","Yes","Teamsters Local 523",1,"Teamsters",0.150943396226415,"No",11
"17-RC-011899",NA,"Timberlake Construction Company",2000-08-14,2001-03-06,"Oklahoma City","OK","A",2001-02-23,11,0,"Carpenters",2,NA,NA,NA,NA,4,6,"N",0,"N",NA,"Initial","Revised Single Labor Org","Certification of Results","Closed","[  All full time and regular part time carpenters employed by the Employer from its 7613 North Classen Blvd., Oklahoma City, Oklahoma facility, but EXCLUDING all other building trade crafts, laborers, office clerical employees, guards and supervisors, as defined in the Act; and all other employees. ]",NA,NA,NA,193,2001-01-01,2000-07-01,"11-25",TRUE,"RC","Yes","Carpenters",0,"Uncoded",0.333333333333333,"No",5
"17-RC-011899",NA,"Timberlake Construction Company",2000-08-14,2001-03-06,"Oklahoma City","OK","A",2000-09-15,11,0,"Carpenters",2,NA,NA,NA,NA,0,2,"N",5,"Y","Carpenters","Initial","Single Labor Organization","Certification of Results","Closed","[  All full time and regular part time carpenters employed by the Employer from its 7613 North Classen Blvd., Oklahoma City, Oklahoma facility, but EXCLUDING all other building trade crafts, laborers, office clerical employees, guards and supervisors, as defined in the Act; and all other employees. ]",NA,NA,NA,32,2000-07-01,2000-07-01,"11-25",FALSE,"RC","Yes","Carpenters",0,"Uncoded",1,"No",9
"17-RC-011895",NA,"Harp Electric Company",2000-08-01,2000-09-19,"Oklahoma City","OK","A",2000-09-08,14,0,"IBEW Local 1141",4,NA,NA,NA,NA,6,10,"N",1,"N",NA,"Initial","Single Labor Organization","Certification of Results","Closed","[ All full-time and regular part-time electricians and apprentices, employed by the Employer at it's facility located at 350 S. Vermont, No. 331, Oklahoma City, Oklahoma, but EXCLUDING all office  clerical employees, professional employees, guards and supervisors as defined in the Act, and all other employees. ]",NA,NA,NA,38,2000-07-01,2000-07-01,"11-25",TRUE,"RC","Yes","IBEW Local 1141",1,"IBEW",0.4,"No",4
"17-RC-011890",NA,"Duke Energy Field Services",2000-07-21,2000-11-20,"Sholem, Fox, Ratliff City & Br","OK","A",2000-08-22,31,0,"Operating Engineers, Local 670",12,NA,NA,NA,NA,19,31,"N",0,"N",NA,"Initial","Single Labor Organization","Certification of Results","Closed","[ All maintenance, technical, and operating employees, including plant operators, technical persons, field operators, measurement technicians, and mechanics, employed by the Employer at its Sholem, Oklahoma; Fox, Oklahoma; Ratliff City, Oklahoma, Bray, Oklahoma and Lindsay, Oklahoma facilities, but EXCLUDING all office clerical employees, guards, and supervisors as defined in the Act. ]",NA,NA,NA,32,2000-07-01,2000-07-01,"26-50",TRUE,"RC","Yes","Operating Engineers, Local 670",1,"IUOE",0.387096774193548,"No",0
"17-RC-011889",NA,"Altec Interiors, Inc.",2000-07-20,2000-09-12,"Moore","OK","A",2000-08-31,19,0,"UBC & Joiners of America, AFL-CIO, CLC",5,NA,NA,NA,NA,10,15,"N",0,"N",NA,"Initial","Single Labor Organization","Certification of Results","Closed","[ All full-time and regular part-time carpenters, drywall, metal stud and acoustical ceiling carpenters employed by the Employer from its facility located at 2024 Ruhl Drive, Guthrie, Oklahoma, but excluding laborers, other building trades employees, office clerical employees, guards and supervisors as defined in the Act.  ]",NA,NA,NA,42,2000-07-01,2000-07-01,"11-25",TRUE,"RC","Yes","UBC & Joiners of America, AFL-CIO, CLC",1,"UBC",0.333333333333333,"No",4
"17-RC-011888",NA,"GNB Technologies, Inc.",2000-07-19,2000-09-12,"Oklahoma City","OK","A",2000-08-31,64,0,"GNB Worker's Council/IBEW 1141",28,NA,NA,NA,NA,34,62,"N",1,"N",NA,"Initial","Single Labor Organization","Certification of Results","Closed","[ All regular full-time warehouse employees, maintenance employees, and team leaders employed at the Employer's Distribution Center located at 1101 SE 59th ST., OKC, OK 73129, but EXCLUDING office clerical employees, managers, guards and supervisors, as defined in the Act, and all other employees.  ]",NA,NA,NA,43,2000-07-01,2000-07-01,"51-100",TRUE,"RC","Yes","GNB Worker's Council/IBEW 1141",1,"IBEW",0.451612903225806,"No",2
"17-RD-001589",NA,"The World Publishing Company",2000-06-12,2000-08-01,"Tulsa","OK","A",2000-07-21,17,1,"GCIU Local 226-M",6,NA,NA,NA,NA,9,15,"N",0,"N",NA,"Initial","Single Labor Organization","Certification of Results","Closed","[ All full-time and regular part-time pressroom employees employed by the Employer at its 315 South Boulder, Tulsa, Oklahoma facility, EXCLUDING, paper handlers, press equipment maintenance employees,  office clerical employees, professional employees, guards and supervisors, as defined in the Act, and all other employees.  ]",NA,NA,NA,39,2000-07-01,2000-04-01,"11-25",TRUE,"RD","Yes","GCIU Local 226-M",1,"Teamsters",0.4,"No",2
"17-RC-011871",NA,"JWK International Corporation",2000-05-23,2000-07-18,"Oklahoma City","OK","A",2000-07-06,19,0,"PPF Local 344",14,NA,NA,NA,NA,2,16,"N",0,"N","PPF Local 344","Initial","Single Labor Organization","Certific. of Representative","Closed","[ All full-time and regular part-time master industrial HVAC employees, HVAC journeymen and helper employees, boiler mechanics, electronic control technicians, master plumbers and helpers, industrial plumbers and helpers, pipefitters, sheetmetal/mechanical employees and maintenance trade helpers employed by the Joint Employers at the Mike Monroney Aeronautical Center, Oklahoma City, Oklahoma, but EXCLUDING all master electricians, industrial electricians, electrical helpers, Q.A. specialists, mill wrights and helpers, journeymen carpenters, painters and helpers, elevator mechanics and helpers, fire suppression technicians, pest control technicians, laborers, water treatment specialists, electronic technicians, CMS team leader, CCMS operators, CCMS surveillance employee, warehouse team leader, computer programming analyst, computer hardware technician, O&M electromechanical technicians, equipment mechanics, preventive maintenance employees, telecommunications manager, office clerical employees, guards and supervisors as defined in the Act.  ]",NA,NA,NA,44,2000-07-01,2000-04-01,"11-25",TRUE,"RC","Yes","PPF Local 344",0,"Uncoded",0.875,"Yes",3
"17-RC-011870",NA,"Four Winds Services, Inc.",2000-05-17,2000-07-18,"Oklahoma City","OK","A",2000-07-06,19,0,"PPF Local 344",14,NA,NA,NA,NA,2,16,"N",0,"N","PPF Local 344","Initial","Single Labor Organization","Certific. of Representative","Closed","[ All full-time and regular part-time master industrial HVAC employees, HVAC journeymen and helper employees, boiler mechanics, electronic control technicians, master plumbers and helpers, industrial plumbers and helpers, pipefitters, sheetmetal/mechanical employees and maintenance trade helpers employed by the Joint Employers at the Mike Monroney Aeronautical Center, Oklahoma City, Oklahoma, but EXCLUDING all master electricians, industrial electricians, electrical helpers, Q.A. specialists, mill wrights and helpers, journeymen carpenters, painters and helpers, elevator mechanics and helpers, fire suppression technicians, pest control technicians, laborers, water treatment specialists, electronic technicians, CMS team leader, CCMS operators, CCMS surveillance employee, warehouse team leader, computer programming analyst, computer hardware technician, O&M electromechanical technicians, equipment mechanics, preventive maintenance employees, telecommunications manager, office clerical employees, guards and supervisors as defined in the Act.  ]",NA,NA,NA,50,2000-07-01,2000-04-01,"11-25",TRUE,"RC","Yes","PPF Local 344",0,"Uncoded",0.875,"Yes",3
"17-RC-011864",NA,"Vincent Metal Goods",2000-05-04,2000-06-27,"Tulsa","OK","A",2000-06-15,6,0,"Teamsters Local 523",2,NA,NA,NA,NA,4,6,"N",0,"N",NA,"Initial","Single Labor Organization","Certification of Results","Closed","[ All full-time and regular part-time drivers and warehouse employees employed by Vincent Metal Goods at its facility located at 1623 North 71st E. Ave., Tulsa, Oklahoma, EXCLUDING all clerical employees, sales employees, managerial employees, guards and supervisors as defined in the National Labor Relations Act and all other employees. ]",NA,NA,NA,42,2000-04-01,2000-04-01,"6-10",TRUE,"RC","Yes","Teamsters Local 523",1,"Teamsters",0.333333333333333,"No",0
"17-RC-011855",NA,"Doctors Hospital",2000-04-13,2000-06-29,"Tulsa","OK","A",2000-05-25,66,0,"Teamsters Local 523",25,NA,NA,NA,NA,29,54,"N",2,"N",NA,"Initial","Single Labor Organization","Certification of Results","Closed","[ All full-time and regular part-time registered nurses and PRN's  who are employed by the Employer at its facility located at 2323 South Harvard, Tulsa, Oklahoma, but EXCLUDING all physicians, all technical employees, all other professional employees, administrative and office clerical employees, housekeeping, food service and maintenance employees, all other non-professional employees, watchmen, guards and supervisors as defined in the Act. ]",NA,NA,NA,42,2000-04-01,2000-04-01,"51-100",TRUE,"RC","Yes","Teamsters Local 523",1,"Teamsters",0.462962962962963,"No",12
NA,NA,NA,NA,NA,NA,NA,NA,NA,NA,NA,NA,NA,NA,NA,NA,NA,NA,NA,NA,NA,NA,NA,NA,NA,NA,NA,NA,NA,NA,NA,NA,NA,NA,NA,NA,NA,NA,NA,NA,NA,NA,NA,NA
NA,NA,NA,NA,NA,NA,NA,NA,NA,NA,NA,NA,NA,NA,NA,NA,NA,NA,NA,NA,NA,NA,NA,NA,NA,NA,NA,NA,NA,NA,NA,NA,NA,NA,NA,NA,NA,NA,NA,NA,NA,NA,NA,NA
"17-RC-011840",NA,"Sasscon, Inc.",2000-03-09,2000-05-01,"Moore","OK","A",2000-04-20,29,0,"Carpenters and Joiners of America",1,NA,NA,NA,NA,21,22,"N",0,"N",NA,"Initial","Single Labor Organization","Certification of Results","Closed","[ All full-time and regular part-time drywall, metal stud and acoustical ceiling carpenters employed by the Employer on all of its jobsites located within the State of Oklahoma excluding the counties of Ottawa, Leflore and Sequoyah east of Highway 82, but excluding all office clerical employees, guards and supervisors as defined in the Act, and all other employees. ]",NA,NA,NA,42,2000-04-01,2000-01-01,"26-50",TRUE,"RC","Yes","Carpenters and Joiners of America",0,"Uncoded",0.0454545454545455,"No",7
NA,NA,NA,NA,NA,NA,NA,NA,NA,NA,NA,NA,NA,NA,NA,NA,NA,NA,NA,NA,NA,NA,NA,NA,NA,NA,NA,NA,NA,NA,NA,NA,NA,NA,NA,NA,NA,NA,NA,NA,NA,NA,NA,NA
"17-RC-011835",NA,"Global Stone St.Clair, Inc.",2000-02-29,2000-04-17,"Marble City","OK","A",2000-04-07,61,0,"PACE",14,NA,NA,NA,NA,44,58,"N",3,"N",NA,"Initial","Single Labor Organization","Certification of Results","Closed","[  All full time and regular part time production and maintenance employees, including but not limited to, kiln burners, loader operators, utility, crusher operators, repairmen, mobile mechanics, oilers, electricians, truck drivers, scalers, blasters, drillers, baggers, and fines operators, employed by the Employer at its Marble City, OK facility, EXCLUDING, all office clerical employees, salespersons, professional employees, guards and supervisors, as defined in the Act. ]",NA,NA,NA,38,2000-04-01,2000-01-01,"51-100",TRUE,"RC","Yes","PACE",1,"USW",0.241379310344828,"No",3
NA,NA,NA,NA,NA,NA,NA,NA,NA,NA,NA,NA,NA,NA,NA,NA,NA,NA,NA,NA,NA,NA,NA,NA,NA,NA,NA,NA,NA,NA,NA,NA,NA,NA,NA,NA,NA,NA,NA,NA,NA,NA,NA,NA
"17-RD-001580",NA,"Simmons Foods, Inc. (Anderson MO feed mill) and Simmons Poultry Farms, Inc. (Fairland OK feed mill)",2000-02-18,2000-04-03,"Anderson, MO and Fairland","OK","A",2000-03-24,43,0,"Teamsters Local 823",24,NA,NA,NA,NA,18,42,"N",0,"N","Teamsters Local 823","Initial","Single Labor Organization","Certific. of Representative","Closed","[  All full-time and regular part-time feed haul drivers and mechanics employed by the Employer at its facilities located at 1010 Industrial Park Road, Fairland, Oklahoma and Highway 59 South, Anderson, Missouri, but EXCLUDING all the plant personnel, feed pickup drivers, outside sales employees, office clerical employees, professional employees, guards and supervisors as defined in the Act. ]",NA,NA,NA,35,2000-01-01,2000-01-01,"26-50",TRUE,"RD","Yes","Teamsters Local 823",1,"Teamsters",0.571428571428571,"Yes",1
"17-RC-011828",NA,"Liberty of Oklahoma Corporation",2000-02-11,2000-04-03,"Enid","OK","A",2000-03-24,103,0,"Teamsters Local 886",53,NA,NA,NA,NA,36,89,"N",1,"N","Teamsters Local 886","Initial","Single Labor Organization","Certific. of Representative","Closed","[ All full-time and regular part-time habitation specialist I, habitation specialist II, habitation specialist III, licensed practical nurses and custodians employed by the Employer at its facility located at The Greer Center, 2501 Delaware Avenue, Enid, Oklahoma, the only facility involved herein, but excluding all office clerical employees, professional employees, registered nurses, confidential employees, guards and supervisors as defined in the Act.  ]",NA,NA,NA,42,2000-01-01,2000-01-01,"101-500",TRUE,"RC","Yes","Teamsters Local 886",1,"Teamsters",0.595505617977528,"Yes",14
"17-RC-011822",NA,"Flex-O-Lite",2000-01-26,2000-03-13,"Idabel","OK","A",2000-03-02,10,0,"PACE International Union, AFL-CIO",10,NA,NA,NA,NA,0,10,"N",0,"N","PACE International Union, AFL-CIO","Initial","Single Labor Organization","Certific. of Representative","Closed","[  All full-time and regular part-time production and maintenance employees employed by the Employer at its facility located at 1001 Industrial Parkway, Idabel, Oklahoma, the only facility involved herein, but excluding all office clerical employees, professional employees, technical and quality control employees, guards, working foremen, supervisors as defined in the Act, and all other employees. ]",NA,NA,NA,36,2000-01-01,2000-01-01,"6-10",TRUE,"RC","Yes","PACE International Union, AFL-CIO",1,"USW",1,"Yes",0
"17-RC-011819",NA,"Sooner Process and Investigation, Inc.",2000-01-24,2000-03-31,"various","OK","A",2000-03-21,33,0,"United Government Security Officers of America for and on Behalf of Local #201",28,NA,NA,NA,NA,0,28,"N",0,"N","United Government Security Officers of America for and on Behalf of Local #201","Initial","Single Labor Organization","Certific. of Representative","Closed","[  All full-time and regular part-time security officers employed by the Employer at facilities located in the greater Oklahoma City area, Shawnee, Ponca City and Chickasha, Oklahoma, the only facilities involved herein, but excluding all office clerical employees and supervisors as defined in the Act, and all other employees.  ]",NA,NA,NA,57,2000-01-01,2000-01-01,"26-50",TRUE,"RC","Yes","United Government Security Officers of America for and on Behalf of Local #201",1,"UGSOA",1,"Yes",5
"17-RC-011812",NA,"Public Service Company of Oklahoma (PSO)",2000-01-03,2000-03-23,"Tulsa","OK","A",2000-03-13,25,0,"IBEW,  Local Union 1002",17,NA,NA,NA,NA,8,25,"N",0,"N","IBEW,  Local Union 1002","Initial","Single Labor Organization","Certific. of Representative","Closed","[  All full-time and regular part-time connect/disconnect employees employed by the Employer in the Tulsa, Oklahoma metropolitan area, EXCLUDING office clerical employees, professional employees, guards, and supervisors as defined in the Act, and all other employees. ]",NA,NA,NA,70,2000-01-01,2000-01-01,"11-25",TRUE,"RC","Yes","IBEW,  Local Union 1002",1,"IBEW",0.68,"Yes",0
"17-RC-011810",NA,"Hobby Lobby Stores, Inc.",1999-12-20,2000-02-14,"Oklahoma City","OK","A",2000-02-02,543,1,"USWA",73,NA,NA,NA,NA,335,408,"N",57,"N",NA,"Initial","Single Labor Organization","Certification of Results","Closed","[  All full-time and regular part-time Warehouseman, Dock, Shipping and Receiving Workers employed by the Employer at its facility located in Building 1 - 7721 S.W. 44th Street, Oklahoma City, Oklahoma, Building 2 - 7505 S.W. 44th Street, Oklahoma City, Oklahoma, Building 3 - 5500 West Reno, Oklahoma City, Oklahoma and Building 4 - 4680 N.W. 3rd Street Oklahoma City, Oklahoma, but EXCLUDING all Custom Floral, Display, Maintenance, Temporary Employees and Office Clerical employees and Supervisors as defined in the Act. ]",NA,NA,NA,44,2000-01-01,1999-10-01,"500>",TRUE,"RC","Yes","USWA",1,"USW",0.178921568627451,"No",135
"17-RD-001574",NA,"The Hertz Corporation d/b/a Hertz Rent-A-Car",1999-12-13,2000-04-17,"Oklahoma City","OK","A",2000-04-06,11,0,"Teamsters Local 886",1,NA,NA,NA,NA,9,10,"N",0,"N",NA,"Initial","Single Labor Organization","Certification of Results","Closed","[  All counter sales representatives and instant return representatives employed by the Employer at the Will Rogers World Airport, Oklahoma City, Oklahoma, EXCLUDING, all car washers, mechanics, guards and supervisors, as defined in the Act. ]",NA,NA,NA,115,2000-04-01,1999-10-01,"11-25",TRUE,"RD","Yes","Teamsters Local 886",1,"Teamsters",0.1,"No",1
"17-RC-011804",NA,"Justice Golf Car Co., Inc.",1999-11-04,1999-12-16,"Tulsa","OK","A",1999-12-06,4,0,"Teamsters Local 523",1,NA,NA,NA,NA,3,4,"N",0,"N",NA,"Initial","Single Labor Organization","Certification of Results","Closed","All mechanics, delivery personnel, and parts personnel employed by the Employer at its facility located at  9901 E. 51st, Tulsa, Oklahoma, EXCLUDING, all office clerical employees, guards and supervisors, as defined in the Act.",NA,NA,NA,32,1999-10-01,1999-10-01,"<5",TRUE,"RC","Yes","Teamsters Local 523",1,"Teamsters",0.25,"No",0
"17-RC-011801",NA,"ITT Industries, Inc., Systems Division",1999-10-25,1999-12-13,"Fort Sill","OK","A",1999-12-03,35,0,"LIUNA, 1168",19,NA,NA,NA,NA,14,33,"N",0,"N","LIUNA, 1168","Initial","Single Labor Organization","Certific. of Representative","Closed","[  All full-time and regular part-time bus drivers employed by the Employer at its Ft. Sill, Oklahoma operation but excluding all office clerical employees, mechanics, guards and supervisors as defined in the Act, and all other employees. ]",NA,NA,NA,39,1999-10-01,1999-10-01,"26-50",TRUE,"RC","Yes","LIUNA, 1168",1,"LIUNA",0.575757575757576,"Yes",2
"17-RC-011798",NA,"Arvin Ride Control Products, Inc.",1999-10-13,1999-11-29,"Chickasha","OK","A",1999-11-19,721,3,"UAW",277,NA,NA,NA,NA,386,663,"N",12,"N",NA,"Initial","Single Labor Organization","Certification of Results","Closed","[  All full-time and regular part-time production and maintenance employees employed by the Employer at its Chickasha, Oklahoma manufacturing and distribution facilities located at 700 North Industrial Boulevard and 502 Michigan Avenue, including all assembly techs, tubing support techs, manual cell techs, final assembly techs, strut techs, paint and stack techs, rod support techs, air/oil techs, strut pack techs, distribution pack techs, quality technicians, ISO/document control techs, receiving techs, tool prep techs, production design techs, special projects techs, continuous improvement coordinators, distribution techs, management information system techs, production schedulers, raw material expediters, finished goods ordering clerks, cartons ordering clerks, traffic clerks, and maintenance techs, but EXCLUDING all office clerical employees, professional employees, guards, and supervisors (including team leaders) as defined in the Act, and all employees employed by any employers other than Arvin Ride Control Products, Inc. ]",NA,NA,NA,37,1999-10-01,1999-10-01,"500>",TRUE,"RC","Yes","UAW",1,"UAW",0.417797888386124,"No",58
"17-RC-011794",NA,"Textron, Inc., Automotive Trim Division",1999-09-23,2000-04-17,"Oklahoma City","OK","A",1999-11-05,80,0,"UAW",29,NA,NA,NA,NA,50,79,"N",1,"N",NA,"Initial","Single Labor Organization","Certification of Results","Closed","All production and maintenance employees employed by the Employer at its facility located at 8001 East Mid America Boulevard, Building #2, Oklahoma City, Oklahoma, the only facility involved herein, but excluding all office clerical employees, professional employees, guards and supervisors as defined in the Act, and all employees employed by any employers other than Textron, Inc. Automotive Trim Division.",NA,NA,NA,43,1999-10-01,1999-07-01,"51-100",TRUE,"RC","Yes","UAW",1,"UAW",0.367088607594937,"No",1
"17-RC-011778",NA,"Bud's Family Foods",1999-07-30,1999-09-21,"Tulsa","OK","A",1999-09-10,20,0,"UFCW, Local 1000",3,NA,NA,NA,NA,14,17,"N",0,"N",NA,"Initial","Single Labor Organization","Certification of Results","Closed",NA,NA,NA,NA,42,1999-07-01,1999-07-01,"11-25",TRUE,"RC","Yes","UFCW, Local 1000",1,"UFCW",0.176470588235294,"No",3
"17-RC-011758",NA,"Optimum Home Delivery Service, Inc.",1999-06-21,1999-08-09,"Oklahoma City","OK","A",1999-07-30,11,0,"Teamsters Local 886",1,NA,NA,NA,NA,10,11,"N",0,"N",NA,"Initial","Single Labor Organization","Certification of Results","Closed",NA,NA,NA,NA,39,1999-07-01,1999-04-01,"11-25",TRUE,"RC","Yes","Teamsters Local 886",1,"Teamsters",0.0909090909090909,"No",0
"17-RC-011757",NA,"Tube City Inc. d/b/a Olympic Mill Services",1999-06-07,1999-07-19,"Sand Springs","OK","A",1999-07-09,5,0,"United Steelworkers of America",3,NA,NA,NA,NA,2,5,"N",0,"N","United Steelworkers of America","Initial","Single Labor Organization","Certific. of Representative","Closed",NA,NA,NA,NA,32,1999-07-01,1999-04-01,"<5",TRUE,"RC","Yes","United Steelworkers of America",1,"USW",0.6,"Yes",0
NA,NA,NA,NA,NA,NA,NA,NA,NA,NA,NA,NA,NA,NA,NA,NA,NA,NA,NA,NA,NA,NA,NA,NA,NA,NA,NA,NA,NA,NA,NA,NA,NA,NA,NA,NA,NA,NA,NA,NA,NA,NA,NA,NA
"17-RC-011756",NA,"Cowan Construction, Inc.",1999-05-28,1999-08-09,"Tulsa","OK","A",1999-07-29,4,0,"Carpenters Local 943",3,NA,NA,NA,NA,1,4,"N",0,"N","Carpenters Local 943","Initial","Single Labor Organization","Certific. of Representative","Closed",NA,NA,NA,NA,62,1999-07-01,1999-04-01,"<5",TRUE,"RC","Yes","Carpenters Local 943",0,"Uncoded",0.75,"Yes",0
"17-RC-011752",NA,"Eastern Oklahoma Medical Center",1999-05-25,1999-07-19,"Poteau","OK","A",1999-07-08,41,0,"Teamsters Local 516",11,NA,NA,NA,NA,19,30,"N",3,"N",NA,"Initial","Single Labor Organization","Certification of Results","Closed",NA,NA,NA,NA,44,1999-07-01,1999-04-01,"26-50",TRUE,"RC","Yes","Teamsters Local 516",1,"Teamsters",0.366666666666667,"No",11
"17-RC-011751",NA,"Eastern Oklahoma Medical Center",1999-05-25,1999-07-19,"Poteau","OK","A",1999-07-08,53,0,"Teamsters Local 516",16,NA,NA,NA,NA,32,48,"N",0,"N",NA,"Initial","Single Labor Organization","Certification of Results","Closed",NA,NA,NA,NA,44,1999-07-01,1999-04-01,"51-100",TRUE,"RC","Yes","Teamsters Local 516",1,"Teamsters",0.333333333333333,"No",5
"17-RC-011750",NA,"Braden Shielding Systems, LLC",1999-05-25,1999-07-19,"Tulsa","OK","A",1999-07-07,15,0,"BSOIW, Local 620",7,NA,NA,NA,NA,8,15,"N",0,"N",NA,"Initial","Single Labor Organization","Certification of Results","Closed",NA,NA,NA,NA,43,1999-07-01,1999-04-01,"11-25",TRUE,"RC","Yes","BSOIW, Local 620",0,"Uncoded",0.466666666666667,"No",0
NA,NA,NA,NA,NA,NA,NA,NA,NA,NA,NA,NA,NA,NA,NA,NA,NA,NA,NA,NA,NA,NA,NA,NA,NA,NA,NA,NA,NA,NA,NA,NA,NA,NA,NA,NA,NA,NA,NA,NA,NA,NA,NA,NA
"17-RC-011733",NA,"National Education Centers, Inc. d/b/a Spartan School of Aeronautics",1999-04-08,1999-06-02,"Tulsa","OK","A",1999-05-21,58,0,"International Union, UAW",44,NA,NA,NA,NA,9,53,"N",2,"N","International Union, UAW","Initial","Single Labor Organization","Certific. of Representative","Closed",NA,NA,NA,NA,43,1999-04-01,1999-04-01,"51-100",TRUE,"RC","Yes","International Union, UAW",1,"UAW",0.830188679245283,"Yes",5
"17-RD-001555",NA,"Texaco Exploration and Production Inc.",1999-04-06,1999-05-24,"Velma","OK","A",1999-05-13,22,0,"International Union of Operating Enginee",13,NA,NA,NA,NA,9,22,"N",0,"N","International Union of Operating Enginee","Initial","Single Labor Organization","Certific. of Representative","Closed",NA,NA,NA,NA,37,1999-04-01,1999-04-01,"11-25",TRUE,"RD","Yes","International Union of Operating Enginee",0,"Uncoded",0.590909090909091,"Yes",0
"17-RC-011731",NA,"Carco Rental Inc.",1999-04-01,1999-05-24,"Oklahoma City","OK","A",1999-05-14,22,0,"Teamsters Local 886, International Broth",2,NA,NA,NA,NA,20,22,"N",0,"N",NA,"Initial","Single Labor Organization","Certification of Results","Closed",NA,NA,NA,NA,43,1999-04-01,1999-04-01,"11-25",TRUE,"RC","Yes","Teamsters Local 886, International Broth",1,"Teamsters",0.0909090909090909,"No",0
"17-RD-001554",NA,"Claude Neon Federal Signs, Inc.",1999-04-01,1999-05-07,"Tulsa","OK","A",1999-04-26,7,0,"International Brotherhood of Painters &",0,NA,NA,NA,NA,5,5,"N",0,"N",NA,"Initial","Single Labor Organization","Certification of Results","Closed",NA,NA,NA,NA,25,1999-04-01,1999-04-01,"6-10",TRUE,"RD","Yes","International Brotherhood of Painters &",0,"Uncoded",0,"No",2
"17-RC-011726",NA,"Sequoia Health Services",1999-03-22,1999-05-10,"Oklahoma City","OK","A",1999-04-29,25,0,"Teamsters Local Union 886",8,NA,NA,NA,NA,16,24,"N",0,"N",NA,"Initial","Single Labor Organization","Certification of Results","Closed",NA,NA,NA,NA,38,1999-04-01,1999-01-01,"11-25",TRUE,"RC","Yes","Teamsters Local Union 886",1,"Teamsters",0.333333333333333,"No",1
"17-RC-011725",NA,"The Pepsi Bottling Group, Inc.",1999-03-17,1999-05-10,"Tulsa","OK","A",1999-04-29,175,0,"Transport Workers Local 514",44,NA,NA,NA,NA,121,165,"N",0,"N",NA,"Initial","Single Labor Organization","Certification of Results","Closed",NA,NA,NA,NA,43,1999-04-01,1999-01-01,"101-500",TRUE,"RC","Yes","Transport Workers Local 514",0,"Uncoded",0.266666666666667,"No",10
"17-RC-011719",NA,"Penske Logistics, Inc.",1999-02-25,1999-04-20,"Oklahoma City","OK","A",1999-04-10,24,0,"Teamsters Local Union 886, International",11,NA,NA,NA,NA,13,24,"N",0,"N",NA,"Initial","Single Labor Organization","Certification of Results","Closed",NA,NA,NA,NA,44,1999-04-01,1999-01-01,"11-25",TRUE,"RC","Yes","Teamsters Local Union 886, International",1,"Teamsters",0.458333333333333,"No",0
"17-RC-011718",NA,"Windsor Quality Foods Company, Ltd., d/b/a The Original Chili Bowl",1999-02-23,1999-04-12,"Tulsa","OK","A",1999-04-01,7,0,"Operating Engineers Local 627",5,NA,NA,NA,NA,2,7,"N",0,"N","Operating Engineers Local 627","Initial","Single Labor Organization","Certific. of Representative","Closed",NA,NA,NA,NA,37,1999-04-01,1999-01-01,"6-10",TRUE,"RC","Yes","Operating Engineers Local 627",1,"IUOE",0.714285714285714,"Yes",0
"17-RD-001547",NA,"Simmons Foods Inc. (Anderson Mo feed mill) and Simmons Poultry Farms Inc. (Fairland Ok feed mill)",1999-02-08,1999-03-23,"Fairland","OK","A",1999-03-12,45,0,"International Brotherhood of Teamsters L",24,NA,NA,NA,NA,20,44,"N",1,"N","International Brotherhood of Teamsters L","Initial","Single Labor Organization","Certific. of Representative","Closed",NA,NA,NA,NA,32,1999-01-01,1999-01-01,"26-50",TRUE,"RD","Yes","International Brotherhood of Teamsters L",1,"Teamsters",0.545454545454545,"Yes",1
"17-RC-011716",NA,"Hillcrest Medical Center",1999-02-05,1999-12-13,"Tulsa","OK","A",1999-12-03,545,0,"International Brotherhood of Teamsters, Local 523, AFL-CIO",283,NA,NA,NA,NA,210,493,"N",7,"N","International Brotherhood of Teamsters, Local 523, AFL-CIO","Rerun","Single Labor Organization","Certific. of Representative","Closed","[  All full-time and regular part-time registered nurses employed by the Employer at all of the Employer's locations, including team leaders, rotating or temporary charge nurses, home health care nurses, nurses employed at satellite dialysis centers, and airevac nurses, but EXCLUDING guards and supervisors as defined in the Act, permanent charge nurses, house supervisors, and all other employees. ]",NA,NA,NA,301,1999-10-01,1999-01-01,"500>",TRUE,"RC","Yes","International Brotherhood of Teamsters, Local 523, AFL-CIO",1,"Teamsters",0.574036511156187,"Yes",52
"17-RC-011716",NA,"Hillcrest Medical Center",1999-02-05,1999-12-13,"Tulsa","OK","A",1999-11-04,546,0,"International Brotherhood of Teamsters,",249,NA,NA,NA,NA,255,504,"N",0,"N",NA,"Initial","Revised Single Labor Org","Certific. of Representative","Closed","[  All full-time and regular part-time registered nurses employed by the Employer at all of the Employer's locations, including team leaders, rotating or temporary charge nurses, home health care nurses, nurses employed at satellite dialysis centers, and airevac nurses, but EXCLUDING guards and supervisors as defined in the Act, permanent charge nurses, house supervisors, and all other employees. ]",NA,NA,NA,272,1999-10-01,1999-01-01,"500>",FALSE,"RC","Yes","International Brotherhood of Teamsters,",1,"Teamsters",0.494047619047619,"Yes",42
"17-RC-011716",NA,"Hillcrest Medical Center",1999-02-05,1999-12-13,"Tulsa","OK","A",1999-04-24,546,0,"International Brotherhood of Teamsters,",245,NA,NA,NA,NA,246,491,"N",22,"Y",NA,"Initial","Single Labor Organization","Certific. of Representative","Closed","[  All full-time and regular part-time registered nurses employed by the Employer at all of the Employer's locations, including team leaders, rotating or temporary charge nurses, home health care nurses, nurses employed at satellite dialysis centers, and airevac nurses, but EXCLUDING guards and supervisors as defined in the Act, permanent charge nurses, house supervisors, and all other employees. ]",NA,NA,NA,78,1999-04-01,1999-01-01,"500>",FALSE,"RC","Yes","International Brotherhood of Teamsters,",1,"Teamsters",0.4989816700611,"Yes",55
"17-RC-011708",NA,"USF Dugan formerly known as TNT Dugan, Inc.",1999-01-19,1999-06-24,"Oklahoma City","OK","A",1999-02-19,24,0,"Teamsters Local 886, International Broth",9,NA,NA,NA,NA,15,24,"N",0,"N",NA,"Initial","Single Labor Organization","Certification of Results","Closed",NA,NA,NA,NA,31,1999-01-01,1999-01-01,"11-25",TRUE,"RC","Yes","Teamsters Local 886, International Broth",1,"Teamsters",0.375,"No",0
NA,NA,NA,NA,NA,NA,NA,NA,NA,NA,NA,NA,NA,NA,NA,NA,NA,NA,NA,NA,NA,NA,NA,NA,NA,NA,NA,NA,NA,NA,NA,NA,NA,NA,NA,NA,NA,NA,NA,NA,NA,NA,NA,NA
NA,NA,NA,NA,NA,NA,NA,NA,NA,NA,NA,NA,NA,NA,NA,NA,NA,NA,NA,NA,NA,NA,NA,NA,NA,NA,NA,NA,NA,NA,NA,NA,NA,NA,NA,NA,NA,NA,NA,NA,NA,NA,NA,NA
NA,NA,NA,NA,NA,NA,NA,NA,NA,NA,NA,NA,NA,NA,NA,NA,NA,NA,NA,NA,NA,NA,NA,NA,NA,NA,NA,NA,NA,NA,NA,NA,NA,NA,NA,NA,NA,NA,NA,NA,NA,NA,NA,NA
"17-RD-001542",NA,"Fox-Smythe Transportation Co.",1999-01-04,1999-03-18,"Oklahoma City","OK","A",1999-03-08,11,0,"Teamsters Local 886",7,NA,NA,NA,NA,4,11,"N",0,"N","Teamsters Local 886","Initial","Single Labor Organization","Certific. of Representative","Closed",NA,NA,NA,NA,63,1999-01-01,1999-01-01,"11-25",TRUE,"RD","Yes","Teamsters Local 886",1,"Teamsters",0.636363636363636,"Yes",0
"17-RC-011706",NA,"Stairmaster",1998-12-30,1999-02-22,"Tulsa","OK","A",1999-02-11,172,0,"United Steelworkers of America",50,NA,NA,NA,NA,115,165,"N",3,"N",NA,"Initial","Single Labor Organization","Certification of Results","Closed",NA,NA,NA,NA,43,1999-01-01,1998-10-01,"101-500",TRUE,"RC","Yes","United Steelworkers of America",1,"USW",0.303030303030303,"No",7
NA,NA,NA,NA,NA,NA,NA,NA,NA,NA,NA,NA,NA,NA,NA,NA,NA,NA,NA,NA,NA,NA,NA,NA,NA,NA,NA,NA,NA,NA,NA,NA,NA,NA,NA,NA,NA,NA,NA,NA,NA,NA,NA,NA
"17-RD-001541",NA,"Texaco Exploration and Producting, Inc.",1998-12-21,1999-02-08,"Velma","OK","A",1999-01-27,31,0,"International Union of Operating Enginee",10,NA,NA,NA,NA,18,28,"N",0,"N",NA,"Initial","Single Labor Organization","Certification of Results","Closed",NA,NA,NA,NA,37,1999-01-01,1998-10-01,"26-50",TRUE,"RD","Yes","International Union of Operating Enginee",0,"Uncoded",0.357142857142857,"No",3
"17-RC-011694",NA,"S.B. Jones, Inc.",1998-12-16,1999-02-08,"Lawton","OK","A",1999-01-21,14,0,"International Brotherhood of Electrical",4,NA,NA,NA,NA,8,12,"N",0,"N",NA,"Initial","Single Labor Organization","Certification of Results","Closed",NA,NA,NA,NA,36,1999-01-01,1998-10-01,"11-25",TRUE,"RC","Yes","International Brotherhood of Electrical",0,"Uncoded",0.333333333333333,"No",2
NA,NA,NA,NA,NA,NA,NA,NA,NA,NA,NA,NA,NA,NA,NA,NA,NA,NA,NA,NA,NA,NA,NA,NA,NA,NA,NA,NA,NA,NA,NA,NA,NA,NA,NA,NA,NA,NA,NA,NA,NA,NA,NA,NA
NA,NA,NA,NA,NA,NA,NA,NA,NA,NA,NA,NA,NA,NA,NA,NA,NA,NA,NA,NA,NA,NA,NA,NA,NA,NA,NA,NA,NA,NA,NA,NA,NA,NA,NA,NA,NA,NA,NA,NA,NA,NA,NA,NA
NA,NA,NA,NA,NA,NA,NA,NA,NA,NA,NA,NA,NA,NA,NA,NA,NA,NA,NA,NA,NA,NA,NA,NA,NA,NA,NA,NA,NA,NA,NA,NA,NA,NA,NA,NA,NA,NA,NA,NA,NA,NA,NA,NA
NA,NA,NA,NA,NA,NA,NA,NA,NA,NA,NA,NA,NA,NA,NA,NA,NA,NA,NA,NA,NA,NA,NA,NA,NA,NA,NA,NA,NA,NA,NA,NA,NA,NA,NA,NA,NA,NA,NA,NA,NA,NA,NA,NA
NA,NA,NA,NA,NA,NA,NA,NA,NA,NA,NA,NA,NA,NA,NA,NA,NA,NA,NA,NA,NA,NA,NA,NA,NA,NA,NA,NA,NA,NA,NA,NA,NA,NA,NA,NA,NA,NA,NA,NA,NA,NA,NA,NA
NA,NA,NA,NA,NA,NA,NA,NA,NA,NA,NA,NA,NA,NA,NA,NA,NA,NA,NA,NA,NA,NA,NA,NA,NA,NA,NA,NA,NA,NA,NA,NA,NA,NA,NA,NA,NA,NA,NA,NA,NA,NA,NA,NA
NA,NA,NA,NA,NA,NA,NA,NA,NA,NA,NA,NA,NA,NA,NA,NA,NA,NA,NA,NA,NA,NA,NA,NA,NA,NA,NA,NA,NA,NA,NA,NA,NA,NA,NA,NA,NA,NA,NA,NA,NA,NA,NA,NA
NA,NA,NA,NA,NA,NA,NA,NA,NA,NA,NA,NA,NA,NA,NA,NA,NA,NA,NA,NA,NA,NA,NA,NA,NA,NA,NA,NA,NA,NA,NA,NA,NA,NA,NA,NA,NA,NA,NA,NA,NA,NA,NA,NA
NA,NA,NA,NA,NA,NA,NA,NA,NA,NA,NA,NA,NA,NA,NA,NA,NA,NA,NA,NA,NA,NA,NA,NA,NA,NA,NA,NA,NA,NA,NA,NA,NA,NA,NA,NA,NA,NA,NA,NA,NA,NA,NA,NA
