"Case","Region","Case_Name","Date_Filed","Date_Closed","City","State","Unit ID","Tally_Date","Num_Eligible_Voters","Void Ballots","Labor_Union","Votes_For_Union","Labor Union2","Votes for Labor Union2","Labor Union3","Votes for Labor Union3","Votes_Against","Total_Ballots_Counted","Runoff Required","Challenged Ballots","Challenges are Determinative","Union to Certify","Tally_Type","Ballot_Type","Reason_Closed","Status","Voting Unit (Unit A)","Voting Unit (Unit B)","Voting Unit (Unit C)","Voting Unit (Unit D)","Length","Tally_Quarter","Filed_Quarter","size","Unique","Case_Type","Election_Data","Plot_Labor_Union","National_Count","National","Margin","Union_Cer","Didnt_Vote"
"01-RC-392119","Region 01, Boston, Massachusetts","AmeriGas Propane, Inc.",2026-08-03,NA,"Londonderry","NH",NA,NA,5,NA,"United Steel, Paper and Forestry, Rubber, Manufacturing, Energy, Allied & Industrial Service Workers International Union, AFL-CIO, CLC",NA,NA,NA,NA,NA,NA,NA,NA,NA,NA,NA,NA,NA,NA,"Open",NA,NA,NA,NA,NA,NA,2026-07-01,"<5",TRUE,"RC","No","United Steel, Paper and Forestry, Rubber, Manufacturing, Energy, Allied & Industrial Service Workers International Union, AFL-CIO, CLC",1,"USW",NA,"Still Open",NA
"01-RC-386909","Region 01, Boston, Massachusetts","First Student, Inc.",2026-05-13,2026-07-06,"Belmont","NH","A",2026-06-25,1,NA,"INTERNATIONAL BROTHERHOOD OF TEAMSTERS LOCAL 633",1,NA,NA,NA,NA,0,1,NA,NA,NA,"INTERNATIONAL BROTHERHOOD OF TEAMSTERS LOCAL 633","Initial","Single Labor Organization","Certification of Results","Closed","Included: All full-time and regular part-time dispatchers employed by the Employer at its 592 Laconia Road, Belmont, New Hampshire facility.

Excluded: All office clerical employees, confidential employees, managers, guards, and professional employees and supervisors as defined in the Act.",NA,NA,NA,43,2026-04-01,2026-04-01,"<5",TRUE,"RC","Yes","INTERNATIONAL BROTHERHOOD OF TEAMSTERS LOCAL 633",1,"Teamsters",1,"No",0
"01-RC-377851","Region 01, Boston, Massachusetts","Starbucks Corporation",2025-12-23,2026-01-30,"Salem","NH",NA,NA,22,NA,NA,NA,NA,NA,NA,NA,NA,NA,NA,NA,NA,NA,NA,NA,"Withdrawal Non-adjusted","Closed",NA,NA,NA,NA,NA,NA,2025-10-01,"11-25",TRUE,"RC","No",NA,0,"Uncoded",NA,"Other",NA
"01-RC-370456","Region 01, Boston, Massachusetts","CONCORD HOSPITAL - LACONIA, CONCORD HOSPITAL - FRANKLIN",2025-07-31,2025-09-12,"Laconia","NH","A",2025-09-04,179,2,"STATE EMPLOYEES ASSOCIATION OF NEW HAMPSHIRE, (SEA), SERVICE EMPLOYEES INTERNATIONAL UNION (SEIU) LOCAL 1984",78,NA,NA,NA,NA,74,152,NA,3,NA,"STATE EMPLOYEES ASSOCIATION OF NEW HAMPSHIRE, (SEA), SERVICE EMPLOYEES INTERNATIONAL UNION (SEIU) LOCAL 1984","Initial","Single Labor Organization","Certific. of Representative","Closed","Included: All full-time, regular part-time and per diem registered nurses employed by Concord Hospital - Laconia and/or Concord Hospital – Franklin and working at their acute care hospitals in Laconia, NH and/or in Franklin, NH.

Excluded: Nurse Practitioners, Advanced Practice Providers, office clerical employees, confidential employees, managers, guards, nonprofessional employees and supervisors as defined in the Act.",NA,NA,NA,35,2025-07-01,2025-07-01,"101-500",TRUE,"RC","Yes","STATE EMPLOYEES ASSOCIATION OF NEW HAMPSHIRE, (SEA), SERVICE EMPLOYEES INTERNATIONAL UNION (SEIU) LOCAL 1984",1,"SEIU",0.513157894736842,"Yes",27
"01-RC-369551","Region 01, Boston, Massachusetts","Stericycle, Inc. d/b/a Shred-It",2025-07-18,2025-09-04,"Hudson","NH","A",2025-08-22,21,NA,"International Brotherhood of Teamsters Local 633",7,NA,NA,NA,NA,12,19,NA,NA,NA,NA,"Initial","Single Labor Organization","Certification of Results","Closed","Included: All full-time and regular part-time drivers employed by the Employer at its facility located at 1 Wall Street, Hudson, NH 03051.
Excluded: All dispatchers, warehouse employees, confidential employees, managers, guards, professional employees and supervisors as defined in the Act, and all other employees.",NA,NA,NA,35,2025-07-01,2025-07-01,"11-25",TRUE,"RC","Yes","International Brotherhood of Teamsters Local 633",1,"Teamsters",0.368421052631579,"No",2
"01-RC-361340","Region 01, Boston, Massachusetts","Garda CL New England, Inc.",2025-03-05,2025-04-11,"Manchester","NH","A",2025-04-03,25,NA,"United Federation LEOS-PBA",14,NA,NA,NA,NA,3,17,NA,NA,NA,"United Federation LEOS-PBA","Initial","Single Labor Organization","Certific. of Representative","Closed","All full-time and regular part-time Drivers & Messengers, Lead Vault Custodians and Vault Custodians performing guard duties as defined in Section 9(B)(3) of the Act; but excluding all office clerical employees, confidential employees, managers, professional employees and supervisors as defined in the Act, and all other employees.",NA,NA,NA,29,2025-04-01,2025-01-01,"11-25",TRUE,"RC","Yes","United Federation LEOS-PBA",1,"United Federation LEOS-PBA",0.823529411764706,"Yes",8
"01-RC-361097","Region 01, Boston, Massachusetts","Starbucks Corporation",2025-02-28,2025-03-27,"Littleton","NH",NA,NA,18,NA,NA,NA,NA,NA,NA,NA,NA,NA,NA,NA,NA,NA,NA,NA,"Withdrawal Non-adjusted","Closed",NA,NA,NA,NA,NA,NA,2025-01-01,"11-25",TRUE,"RC","No",NA,0,"Uncoded",NA,"Other",NA
"01-RC-360965","Region 01, Boston, Massachusetts","Mary Hitchcock Memorial Hospital d/b/a Hampstead Hospital",2025-02-26,2025-04-25,"Hampstead","NH","A",2025-04-17,39,21,"STATE EMPLOYEES ASSOCIATION OF NH, INC., SEIU LOCAL 1984",10,NA,NA,NA,NA,21,31,NA,6,NA,NA,"Initial","Single Labor Organization","Certification of Results","Closed","Included: All full-time and regular part-time Registered Nurses, Social Workers, Teachers, APRN Psychiatry II, Behavioral Analyst, Clinical Pharmacist and Milieu Supervisors employed by the Employer at its Hampstead, NH facility.

Excluded: All Human Resources personnel, Information Technology, Operations Managers, Facility Managers, CEO, CFO, COO, Compliance Officer, Contract Manager, General Counsel, Internal Investigator, managers, guards and supervisors as defined in the Act, and all other employees.  

Others Permitted to Vote: The parties agree that Nursing Supervisors and Quality Management Specialists may vote in the election, but their ballots will be challenged since their eligibility has not been resolved.  No decision has been made regarding whether the individuals in these classifications or groups are included in, or excluded from, the bargaining unit.  The eligibility or inclusion of these individuals will be resolved, if necessary, following the election.","Included: All full-time and regular part-time Counselors, Senior Counselors, Admissions Staff, Receptionists, Maintenance Staff, Family Advocates, Therapists, Activities Staff, Mental Health Technicians, Peer Support Specialists, Teaching Aids, Aids, Activities Therapist and ROI Specialist employed by the Employer at its Hampstead, NH facility.

Excluded: All Human Resources personnel, Information Technology, Operations Managers, Facility Managers, CEO, CFO, COO, Compliance Officer, Contract Manager, General Counsel, Internal Investigator, managers, guards, professional employees and supervisors as defined in the Act, and all other employees.","Included: All full-time and regular part-time Counselors, Senior Counselors, Admissions Staff, Receptionists, Maintenance Staff, Family Advocates, Therapists, Activities Staff, Mental Health Technicians, Peer Support Specialists, Teaching Aids, Aids, Activities Therapist and ROI Specialist employed by the Employer at its Hampstead, NH facility.

Excluded: All Human Resources personnel, Information Technology, Operations Managers, Facility Managers, CEO, CFO, COO, Compliance Officer, Contract Manager, General Counsel, Internal Investigator, managers, guards, professional employees and supervisors as defined in the Act, and all other employees.","Included: All full-time and regular part-time Counselors, Senior Counselors, Admissions Staff, Receptionists, Maintenance Staff, Family Advocates, Therapists, Activities Staff, Mental Health Technicians, Peer Support Specialists, Teaching Aids, Aids, Activities Therapist and ROI Specialist employed by the Employer at its Hampstead, NH facility.

Excluded: All Human Resources personnel, Information Technology, Operations Managers, Facility Managers, CEO, CFO, COO, Compliance Officer, Contract Manager, General Counsel, Internal Investigator, managers, guards, professional employees and supervisors as defined in the Act, and all other employees.",50,2025-04-01,2025-01-01,"26-50",TRUE,"RC","Yes","STATE EMPLOYEES ASSOCIATION OF NH, INC., SEIU LOCAL 1984",1,"SEIU",0.32258064516129,"No",8
"01-RC-360965","Region 01, Boston, Massachusetts","Mary Hitchcock Memorial Hospital d/b/a Hampstead Hospital",2025-02-26,2025-04-25,"Hampstead","NH","A",2025-04-17,58,NA,"STATE EMPLOYEES ASSOCIATION OF NH, INC., SEIU LOCAL 1984",15,NA,NA,NA,NA,30,45,NA,1,NA,NA,"Initial","Single Labor Organization","Certification of Results","Closed","Included: All full-time and regular part-time Registered Nurses, Social Workers, Teachers, APRN Psychiatry II, Behavioral Analyst, Clinical Pharmacist and Milieu Supervisors employed by the Employer at its Hampstead, NH facility.

Excluded: All Human Resources personnel, Information Technology, Operations Managers, Facility Managers, CEO, CFO, COO, Compliance Officer, Contract Manager, General Counsel, Internal Investigator, managers, guards and supervisors as defined in the Act, and all other employees.  

Others Permitted to Vote: The parties agree that Nursing Supervisors and Quality Management Specialists may vote in the election, but their ballots will be challenged since their eligibility has not been resolved.  No decision has been made regarding whether the individuals in these classifications or groups are included in, or excluded from, the bargaining unit.  The eligibility or inclusion of these individuals will be resolved, if necessary, following the election.","Included: All full-time and regular part-time Counselors, Senior Counselors, Admissions Staff, Receptionists, Maintenance Staff, Family Advocates, Therapists, Activities Staff, Mental Health Technicians, Peer Support Specialists, Teaching Aids, Aids, Activities Therapist and ROI Specialist employed by the Employer at its Hampstead, NH facility.

Excluded: All Human Resources personnel, Information Technology, Operations Managers, Facility Managers, CEO, CFO, COO, Compliance Officer, Contract Manager, General Counsel, Internal Investigator, managers, guards, professional employees and supervisors as defined in the Act, and all other employees.","Included: All full-time and regular part-time Counselors, Senior Counselors, Admissions Staff, Receptionists, Maintenance Staff, Family Advocates, Therapists, Activities Staff, Mental Health Technicians, Peer Support Specialists, Teaching Aids, Aids, Activities Therapist and ROI Specialist employed by the Employer at its Hampstead, NH facility.

Excluded: All Human Resources personnel, Information Technology, Operations Managers, Facility Managers, CEO, CFO, COO, Compliance Officer, Contract Manager, General Counsel, Internal Investigator, managers, guards, professional employees and supervisors as defined in the Act, and all other employees.","Included: All full-time and regular part-time Counselors, Senior Counselors, Admissions Staff, Receptionists, Maintenance Staff, Family Advocates, Therapists, Activities Staff, Mental Health Technicians, Peer Support Specialists, Teaching Aids, Aids, Activities Therapist and ROI Specialist employed by the Employer at its Hampstead, NH facility.

Excluded: All Human Resources personnel, Information Technology, Operations Managers, Facility Managers, CEO, CFO, COO, Compliance Officer, Contract Manager, General Counsel, Internal Investigator, managers, guards, professional employees and supervisors as defined in the Act, and all other employees.",50,2025-04-01,2025-01-01,"51-100",FALSE,"RC","Yes","STATE EMPLOYEES ASSOCIATION OF NH, INC., SEIU LOCAL 1984",1,"SEIU",0.333333333333333,"No",13
"01-RC-360976","Region 01, Boston, Massachusetts","Starbucks Corporation",2025-02-26,2025-04-11,"Seabrook","NH","A",2025-04-03,17,NA,"Workers United a/w Service Employees International Union",6,NA,NA,NA,NA,5,11,NA,NA,NA,"Workers United a/w Service Employees International Union","Initial","Single Labor Organization","Certific. of Representative","Closed","Included: All full-time and regular part-time Baristas and Shift Supervisors employed by the Employer at its facility located at 570 Lafayette Road, Seabrook, NH 03874. 
Excluded: All store managers, assistant store managers, office clerical employees, guards, professional employees and supervisors as defined by the Act.",NA,NA,NA,36,2025-04-01,2025-01-01,"11-25",TRUE,"RC","Yes","Workers United a/w Service Employees International Union",1,"WU",0.545454545454545,"Yes",6
"01-RC-351922","Region 01, Boston, Massachusetts","Starbucks Corporation",2024-10-03,2024-10-24,"Epping","NH","A",2024-10-16,17,NA,"Workers United a/w Service Employees International Union",10,NA,NA,NA,NA,0,10,NA,NA,NA,"Workers United a/w Service Employees International Union","Initial","Single Labor Organization","Certific. of Representative","Closed","Included: All full-time and regular part-time Baristas and Shift Supervisors employed by the Employer at its facility located at 96 Calef Highway, Epping, NH 03042. Excluded: All store managers, assistant store managers, office clericals, guards, professional employees and supervisors as defined by the Act, and all other employees.",NA,NA,NA,13,2024-10-01,2024-10-01,"11-25",TRUE,"RC","Yes","Workers United a/w Service Employees International Union",1,"WU",1,"Yes",7
"01-RC-347287","Region 01, Boston, Massachusetts","SekTec Inc",2024-07-31,2024-08-02,"Merrimack","NH",NA,NA,17,NA,NA,NA,NA,NA,NA,NA,NA,NA,NA,NA,NA,NA,NA,NA,"Withdrawal Non-adjusted","Closed",NA,NA,NA,NA,NA,NA,2024-07-01,"11-25",TRUE,"RC","No",NA,0,"Uncoded",NA,"Other",NA
"01-RC-347013","Region 01, Boston, Massachusetts","SekTec Inc.",2024-07-26,2024-07-31,"Merrimack","NH",NA,NA,17,NA,NA,NA,NA,NA,NA,NA,NA,NA,NA,NA,NA,NA,NA,NA,"Withdrawal Non-adjusted","Closed",NA,NA,NA,NA,NA,NA,2024-07-01,"11-25",TRUE,"RC","No",NA,0,"Uncoded",NA,"Other",NA
"01-RC-345053","Region 01, Boston, Massachusetts","Mascoma, LLC",2024-06-25,2024-08-30,"Lebanon","NH","A",2024-08-22,42,NA,"BAKERY CONFECTIONERY TOBACCO WORKERS AND GRAIN MILLERS INTERNATIONAL UNION, LOCAL 334",18,NA,NA,NA,NA,21,39,NA,NA,NA,NA,"Initial","Single Labor Organization","Certification of Results","Closed","VOTING GROUP - UNIT A (PROFESSIONAL UNIT):

Professional Employees Included: All full-time and regular part-time Research Scientists, Senior Research Scientists, Application Scientists, Senior Bioinformatics Scientists, Bioinformatics Scientists, Data Scientists, Research Associate II employees, and Research Associate III employees employed by the Employer at its Lebanon, New Hampshire facility.
Excluded: All non-professional employees, office clerical employees, confidential employees, managers, guards, and supervisors as defined in the Act. 

VOTING GROUP - UNIT B (NON-PROFESSIONAL UNIT):

Non-Professional Employees Included: All full-time and regular part-time Research Associate I employees, Application Microbiologists, Bioinformatics Research Associates, Laboratory Technicians, and Laboratory Equipment Technicians employed by the Employer at its Lebanon, New Hampshire facility.
Excluded: All office clerical employees, confidential employees, managers, guards, and professional employees and supervisors as defined in the Act. 

OR

If a majority of voting professionals in Voting Group A vote to be included in a unit with non-professional employees in Voting Group B, the following combined unit is appropriate:
Combined Unit
INCLUDED: All full time and regular part-time Research Scientists, Senior Research Scientists, Application Scientists, Senior Bioinformatics Scientists, Bioinformatics Scientists, Data Scientists, Research Associate II employees, and Research Associate III employees, Research Associate I employees, Application Microbiologists, Bioinformatics Research Associates, Laboratory Technicians, and Laboratory Equipment Technicians employed by the Employer at its Lebanon, New Hampshire facility.
EXCLUDED: All office clerical employees, confidential employees, managers, guards, and supervisors as defined in the Act.",NA,NA,NA,58,2024-07-01,2024-04-01,"26-50",TRUE,"RC","Yes","BAKERY CONFECTIONERY TOBACCO WORKERS AND GRAIN MILLERS INTERNATIONAL UNION, LOCAL 334",1,"BCTGM",0.461538461538462,"No",3
"01-RC-341280","Region 01, Boston, Massachusetts","Starbucks Corporation",2024-05-01,2024-05-22,"Stratham","NH","A",2024-05-14,19,NA,"Workers United",9,NA,NA,NA,NA,6,15,NA,2,NA,"Workers United","Initial","Single Labor Organization","Certific. of Representative","Closed","Included: All full-time and regular part-time Baristas and Shift Supervisors employed by the Employer at its facility located at 16 Portsmouth Ave., Stratham, NH.

Excluded: All store managers, assistant store managers, office clericals, guards, professional employees and supervisors as defined by the Act, and all other employees.",NA,NA,NA,13,2024-04-01,2024-04-01,"11-25",TRUE,"RC","Yes","Workers United",1,"WU",0.6,"Yes",4
"01-RC-340140","Region 01, Boston, Massachusetts","Trustees of Dartmouth College",2024-04-16,2024-05-29,"Hanover","NH","A",2024-05-21,105,NA,"Student Workers Collective at Dartmouth",46,NA,NA,NA,NA,6,49,NA,1,NA,"Student Workers Collective at Dartmouth","Initial","Single Labor Organization","Certific. of Representative","Closed","All full-time and regular part-time student employees of the Office of Residential Life, serving as Undergraduate Advisors (UGAs); but excluding all non-student employees, confidential employees, managers, and guards, professional employees and supervisors as defined by the Act.

Others Permitted to Vote: The parties agree that Student Interns within the Undergraduate Housing Office may vote in the election, but their ballots will be challenged since their eligibility has not been resolved. No decision has been made regarding whether the individuals in these classifications or groups are included in, or excluded from, the bargaining unit. The eligibility or inclusion of these individuals will be resolved, if necessary, following the election.",NA,NA,NA,35,2024-04-01,2024-04-01,"101-500",TRUE,"RC","Yes","Student Workers Collective at Dartmouth",0,"Uncoded",0.884615384615385,"Yes",53
"01-RC-336502","Region 01, Boston, Massachusetts","Student Transportation of America, Inc.",2024-02-26,2024-04-03,"Bedford","NH","A",2024-03-26,49,NA,"INTERNATIONAL BROTHERHOOD OF TEAMSTERS LOCAL 633",40,NA,NA,NA,NA,2,42,NA,1,NA,"INTERNATIONAL BROTHERHOOD OF TEAMSTERS LOCAL 633","Initial","Single Labor Organization","Certific. of Representative","Closed","All full-time and regular part-time bus drivers and monitors employed by the Employer at its Bedford, New Hampshire location; but excluding dispatchers, mechanics, assistant managers, managers, office clerical employees, confidential employees, and professional employees, guards, and supervisors as defined in the Act.",NA,NA,NA,29,2024-01-01,2024-01-01,"26-50",TRUE,"RC","Yes","INTERNATIONAL BROTHERHOOD OF TEAMSTERS LOCAL 633",1,"Teamsters",0.952380952380952,"Yes",7
"01-RD-335903","Region 01, Boston, Massachusetts","AJ Nonwovens",2024-02-16,2024-02-22,"Hampton","NH",NA,NA,150,NA,NA,NA,NA,NA,NA,NA,NA,NA,NA,NA,NA,NA,NA,NA,"Withdrawal Non-adjusted","Closed",NA,NA,NA,NA,NA,NA,2024-01-01,"101-500",TRUE,"RD","No",NA,0,"Uncoded",NA,"Other",NA
"01-RM-335526","Region 01, Boston, Massachusetts","NHCG, LLC",2024-02-12,2024-08-16,"Nashua","NH",NA,NA,45,NA,NA,NA,NA,NA,NA,NA,NA,NA,NA,NA,NA,NA,NA,NA,"Dismissal Non-adjusted","Closed",NA,NA,NA,NA,NA,NA,2024-01-01,"26-50",TRUE,"RM","No",NA,0,"Uncoded",NA,"Other",NA
"01-RC-334956","Region 01, Boston, Massachusetts","NHCG, LLC and The River Property & Hospitality Group, LLC, d/b/a The Lucky Moose Casino & Tavern, and NHCG, LLC and The River Property & Hospitality Group, LLC d/b/a The River Casino & Sports Bar",2024-02-02,2024-03-12,"Nashua","NH","A",2024-03-01,23,NA,"New England Joint Board, UNITE HERE",7,NA,NA,NA,NA,11,20,NA,2,NA,NA,"Initial","Single Labor Organization","Certific. of Representative","Closed","The Lucky Moose Casino & Tavern:
INCLUDED: All full-time and regular part-time dealers working at The Lucky Moose Casino & Tavern.
EXCLUDED: Slot attendants, cage workers, bartenders, servers, cooks, dishwashers, security officers, office clericals, managers, and guards, professional employees and supervisors as defined in the Act. 

The River Casino & Sports Bar:
INCLUDED: All full-time and regular part-time dealers working at The River Casino & Sports Bar.
EXCLUDED: Slot attendants, cage workers, bartenders, servers, cooks, dishwashers, security officers, office clericals, managers, and guards, professional employees and supervisors as defined in the Act.",NA,NA,NA,28,2024-01-01,2024-01-01,"11-25",TRUE,"RC","Yes","New England Joint Board, UNITE HERE",1,"UNITE HERE",0.388888888888889,"Yes",5
"01-RC-334956","Region 01, Boston, Massachusetts","NHCG, LLC and The River Property & Hospitality Group, LLC, d/b/a The Lucky Moose Casino & Tavern, and NHCG, LLC and The River Property & Hospitality Group, LLC d/b/a The River Casino & Sports Bar",2024-02-02,2024-03-12,"Nashua","NH","A",2024-03-01,24,NA,"New England Joint Board, UNITE HERE",18,NA,NA,NA,NA,3,21,NA,NA,NA,"New England Joint Board, UNITE HERE","Initial","Single Labor Organization","Certific. of Representative","Closed","The Lucky Moose Casino & Tavern:
INCLUDED: All full-time and regular part-time dealers working at The Lucky Moose Casino & Tavern.
EXCLUDED: Slot attendants, cage workers, bartenders, servers, cooks, dishwashers, security officers, office clericals, managers, and guards, professional employees and supervisors as defined in the Act. 

The River Casino & Sports Bar:
INCLUDED: All full-time and regular part-time dealers working at The River Casino & Sports Bar.
EXCLUDED: Slot attendants, cage workers, bartenders, servers, cooks, dishwashers, security officers, office clericals, managers, and guards, professional employees and supervisors as defined in the Act.",NA,NA,NA,28,2024-01-01,2024-01-01,"11-25",FALSE,"RC","Yes","New England Joint Board, UNITE HERE",1,"UNITE HERE",0.857142857142857,"Yes",3
"01-RC-334737","Region 01, Boston, Massachusetts","W.H. Bagshaw",2024-01-30,2025-07-14,"Nashua","NH",NA,NA,20,NA,NA,NA,NA,NA,NA,NA,NA,NA,NA,NA,NA,NA,NA,NA,"Withdrawal Non-adjusted","Closed",NA,NA,NA,NA,NA,NA,2024-01-01,"11-25",TRUE,"RC","No",NA,0,"Uncoded",NA,"Other",NA
"01-RC-334445","Region 01, Boston, Massachusetts","SEACOAST MENTAL HEALTH CENTER, INC.",2024-01-26,2024-03-15,"Portsmouth","NH","A",2024-03-07,15,NA,"International Brotherhood of Electrical Workers, Local 1837",13,NA,NA,NA,NA,2,15,NA,NA,NA,"International Brotherhood of Electrical Workers, Local 1837","Initial","Single Labor Organization","Certific. of Representative","Closed","All full-time and regular part-time employees in the positions of Outreach Therapist, ACT Outreach Therapist, Co-Occurring Therapist, or ITCOD Coordinator within the Portsmouth Adult Services Classic Team, Assertive Community Treatment Team (ACT), or Substance Abuse Disorder Program (ITCOD) in the Adult Services Department, employed by the Employer at its 1145 Sagamore Avenue, Portsmouth, New Hampshire facility; but excluding office clerical employees, managers and guards, nonprofessional employees and supervisors as defined in the Act.",NA,NA,NA,41,2024-01-01,2024-01-01,"11-25",TRUE,"RC","Yes","International Brotherhood of Electrical Workers, Local 1837",1,"IBEW",0.866666666666667,"Yes",0
"01-RC-329398","Region 01, Boston, Massachusetts","Allied Universal",2023-11-06,2023-11-30,"Seabrook","NH",NA,NA,16,NA,NA,NA,NA,NA,NA,NA,NA,NA,NA,NA,NA,NA,NA,NA,"Withdrawal Non-adjusted","Closed",NA,NA,NA,NA,NA,NA,2023-10-01,"11-25",TRUE,"RC","No",NA,0,"Uncoded",NA,"Other",NA
"01-RC-325633","Region 01, Boston, Massachusetts","Trustees of Dartmouth College",2023-09-13,2024-12-31,"Hanover","NH","A",2024-03-05,15,NA,"Service Employees International Union, Local 560",13,NA,NA,NA,NA,2,15,NA,NA,NA,"Service Employees International Union, Local 560","Initial","Single Labor Organization","Withdrawal Non-adjusted","Closed","All basketball players on the men’s varsity basketball team employed at the Employer’s Hanover, New Hampshire location, but excluding managers, guards, and professional employees and supervisors as defined in the Act.",NA,NA,NA,174,2024-01-01,2023-07-01,"11-25",TRUE,"RC","Yes","Service Employees International Union, Local 560",1,"SEIU",0.866666666666667,"Other",0
"01-RC-319993","Region 01, Boston, Massachusetts","Cellco Partnership d/b/a Verizon Wireless",2023-06-15,2023-07-05,"Keene","NH",NA,NA,5,NA,NA,NA,NA,NA,NA,NA,NA,NA,NA,NA,NA,NA,NA,NA,"Withdrawal Non-adjusted","Closed",NA,NA,NA,NA,NA,NA,2023-04-01,"<5",TRUE,"RC","No",NA,0,"Uncoded",NA,"Other",NA
"01-RC-319255","Region 01, Boston, Massachusetts","Public Service Company of New Hampshire d/b/a Eversource Energy",2023-06-02,2026-02-12,"Manchester","NH",NA,NA,89,NA,NA,NA,NA,NA,NA,NA,NA,NA,NA,NA,NA,NA,NA,NA,"Dismissal Non-adjusted","Closed",NA,NA,NA,NA,NA,NA,2023-04-01,"51-100",TRUE,"RC","No",NA,0,"Uncoded",NA,"Other",NA
"01-RC-318931","Region 01, Boston, Massachusetts","Public Service Company of New Hampshire d/b/a Eversource Energy",2023-05-26,2024-11-19,"Manchester","NH","A",2023-12-14,20,NA,"International Brotherhood of Electrical Workers, Local 1837",17,NA,NA,NA,NA,1,18,NA,NA,NA,"International Brotherhood of Electrical Workers, Local 1837","Initial","Single Labor Organization","Certific. of Representative","Closed","All full-time and regular part-time Associate Distribution System Operators; Operators, Distribution Systems; and Leads, Systems Operation Center employed at the Employer’s Manchester, New Hampshire location, but excluding confidential employees, guards, and professional employees and supervisors as defined in the Act.",NA,NA,NA,202,2023-10-01,2023-04-01,"11-25",TRUE,"RC","Yes","International Brotherhood of Electrical Workers, Local 1837",1,"IBEW",0.944444444444444,"Yes",2
"01-RC-316758","Region 01, Boston, Massachusetts","Student Transportation of America, Inc.",2023-04-24,2023-06-01,"Candia","NH","A",2023-05-23,21,NA,"International Brotherhood of Teamsters Local 633",12,NA,NA,NA,NA,6,18,NA,NA,NA,"International Brotherhood of Teamsters Local 633","Initial","Single Labor Organization","Certific. of Representative","Closed","All regular full-time and regular part-time bus drivers employed by the Employer 
at its facility in Candia, New Hampshire; but, excluding all other employees, 
managers, guards, and supervisors as defined in the Act.",NA,NA,NA,29,2023-04-01,2023-04-01,"11-25",TRUE,"RC","Yes","International Brotherhood of Teamsters Local 633",1,"Teamsters",0.666666666666667,"Yes",3
"01-RC-316316","Region 01, Boston, Massachusetts","Trustees of Dartmouth College",2023-04-18,2023-06-22,"Hanover","NH","A",2023-06-13,93,NA,"AFSCME Council 93",63,NA,NA,NA,NA,11,74,NA,16,NA,"AFSCME Council 93","Initial","Single Labor Organization","Certific. of Representative","Closed","VOTING GROUP - UNIT A (PROFESSIONAL UNIT):

Included: All full-time and regular part-time professional employees employed by Dartmouth College at its libraries in Hanover and Lebanon, New Hampshire. 
Excluded: All confidential employees, undergraduate and graduate student employees, managers, temporary employees, guards and watchmen, and supervisors as defined by the Act.","VOTING GROUP - UNIT B (NON-PROFESSIONAL UNIT):

Included: All non-professional full-time and regular part-time employees employed by Dartmouth College at its libraries in Hanover and Lebanon, New Hampshire. 
Excluded: All confidential employees, undergraduate and graduate student employees, managers, temporary employees, guards and watchmen, and supervisors as defined by the Act.",NA,NA,56,2023-04-01,2023-04-01,"51-100",TRUE,"RC","Yes","AFSCME Council 93",1,"AFSCME",0.851351351351351,"Yes",19
"01-RC-316131","Region 01, Boston, Massachusetts","Eversource Energy",2023-04-14,2023-05-04,"Keene","NH",NA,NA,11,NA,NA,NA,NA,NA,NA,NA,NA,NA,NA,NA,NA,NA,NA,NA,"Withdrawal Non-adjusted","Closed",NA,NA,NA,NA,NA,NA,2023-04-01,"11-25",TRUE,"RC","No",NA,0,"Uncoded",NA,"Other",NA
"01-RC-315488","Region 01, Boston, Massachusetts","Starbucks Corporation",2023-04-05,2023-06-02,"Rochester","NH","A",2023-05-23,17,NA,"Workers United",10,NA,NA,NA,NA,4,14,NA,NA,NA,"Workers United","Initial","Single Labor Organization","Certific. of Representative","Closed","Included:  All full-time and regular part-time baristas and shift supervisors.  Excluded: Store managers, assistant store managers, office clerical employees and guards, professional employees and supervisors as defined in the Act.",NA,NA,NA,48,2023-04-01,2023-04-01,"11-25",TRUE,"RC","Yes","Workers United",1,"WU",0.714285714285714,"Yes",3
"01-RC-314865","Region 01, Boston, Massachusetts","Public Service Company of New Hampshire d/b/a Eversource Energy",2023-03-27,2024-11-19,"Manchester","NH","A",2023-11-16,21,NA,"International Brotherhood of Electrical Workers, Local 1837",14,NA,NA,NA,NA,1,15,NA,5,NA,"International Brotherhood of Electrical Workers, Local 1837","Initial","Single Labor Organization","Certific. of Representative","Closed","All full-time and regular part-time Control Room Operators, System Operators, System Operations Supervisors Level 1, System Operations Supervisors Level 2, and Operations Shift Supervisors employed at the Employer’s Manchester, New Hampshire location, but excluding confidential employees, guards, and professional employees and supervisors as defined in the Act",NA,NA,NA,234,2023-10-01,2023-01-01,"11-25",TRUE,"RC","Yes","International Brotherhood of Electrical Workers, Local 1837",1,"IBEW",0.933333333333333,"Yes",6
"01-RC-312811","Region 01, Boston, Massachusetts","Trustees of Dartmouth College",2023-02-24,2023-04-20,"Hanover","NH","A",2023-04-12,787,NA,"Graduate Organized Laborers of Dartmouth-United Electrical, Radio and Machine Workers of America (UE)",261,NA,NA,NA,NA,33,294,NA,13,NA,"Graduate Organized Laborers of Dartmouth-United Electrical, Radio and Machine Workers of America (UE)","Initial","Single Labor Organization","Certific. of Representative","Closed","Included: All graduate students enrolled in Dartmouth College degree programs who are employed to provide teaching and research services.

Excluded: All undergraduate students; graduate students not seeking Dartmouth degrees, including visiting students; standardized patients, tutors, and graders (unless also receiving a stipend to perform teaching and research services, and then only for such stipend-bearing services); office clericals; managers; guards and supervisors as defined in the Act.",NA,NA,NA,47,2023-04-01,2023-01-01,"500>",TRUE,"RC","Yes","Graduate Organized Laborers of Dartmouth-United Electrical, Radio and Machine Workers of America (UE)",2,"Multiple",0.887755102040816,"Yes",493
"01-RC-310656","Region 01, Boston, Massachusetts","Behavioral Health & Developmental Services of Strafford County, Inc.",2023-01-20,2023-02-24,"Dover","NH","A",2023-02-14,11,NA,"International Brotherhood of Electrical Workers, Local 1837",10,NA,NA,NA,NA,0,11,NA,1,NA,"International Brotherhood of Electrical Workers, Local 1837","Initial","Single Labor Organization","Certific. of Representative","Closed","All full-time Adult, Youth and Family Services Therapists employed by the Employer at its 50 Chestnut St., Dover, NH location but excluding part-time employees, managers, guards, and supervisors as defined in the Act.",NA,NA,NA,25,2023-01-01,2023-01-01,"11-25",TRUE,"RC","Yes","International Brotherhood of Electrical Workers, Local 1837",1,"IBEW",1,"Yes",1
"01-RC-308753","Region 01, Boston, Massachusetts","Midwest Air Traffic Control Service, Inc.",2022-12-13,2023-02-02,"West Lebanon","NH","A",2023-01-25,3,NA,"National Air Traffic Controllers Association AFL-CIO (NATCA)",3,NA,NA,NA,NA,0,3,NA,NA,NA,"National Air Traffic Controllers Association AFL-CIO (NATCA)","Initial","Single Labor Organization","Certific. of Representative","Closed","Included: All full-time and regular part-time air traffic control specialists employed at the Employer's location at 57 Airport Road, West Lebanon, NH, 03784. 


Excluded: All office clerical employees, managers, guards, and supervisors as defined in the Act.",NA,NA,NA,43,2023-01-01,2022-10-01,"<5",TRUE,"RC","Yes","National Air Traffic Controllers Association AFL-CIO (NATCA)",1,"NATCA",1,"Yes",0
"01-RC-303738","Region 01, Boston, Massachusetts","Lewis Tree Service, Inc.",2022-09-20,2023-01-26,"Farmington","NH","A",2023-01-17,14,NA,"INTERNATIONAL BROTHERHOOD OF ELECTRICAL WORKERS LOCAL 1837",10,NA,NA,NA,NA,2,12,NA,1,NA,"INTERNATIONAL BROTHERHOOD OF ELECTRICAL WORKERS LOCAL 1837","Initial","Single Labor Organization","Certific. of Representative","Closed","Included: All full-time and regular part-time employees of the Employer performing utility-line clearance tree trimming on the property of Eversource Energy in the State of New Hampshire including: crew team leaders, crew leaders tree, trimmers, trimmer trainees, and groundspersons; and excluding all general foremen, permission facilitators, traveling employees, office clerical employees, managers, guards, and supervisors as defined in the Act.",NA,NA,NA,119,2023-01-01,2022-07-01,"11-25",TRUE,"RC","Yes","INTERNATIONAL BROTHERHOOD OF ELECTRICAL WORKERS LOCAL 1837",1,"IBEW",0.833333333333333,"Yes",2
"01-RC-303738","Region 01, Boston, Massachusetts","Lewis Tree Service, Inc.",2022-09-20,2023-01-26,"Farmington","NH","A",2023-01-17,14,NA,"INTERNATIONAL BROTHERHOOD OF ELECTRICAL WORKERS LOCAL 1837",10,NA,NA,NA,NA,2,12,NA,1,NA,"INTERNATIONAL BROTHERHOOD OF ELECTRICAL WORKERS LOCAL 1837","Rerun","Single Labor Organization","Certific. of Representative","Closed","Included: All full-time and regular part-time employees of the Employer performing utility-line clearance tree trimming on the property of Eversource Energy in the State of New Hampshire including: crew team leaders, crew leaders tree, trimmers, trimmer trainees, and groundspersons; and excluding all general foremen, permission facilitators, traveling employees, office clerical employees, managers, guards, and supervisors as defined in the Act.",NA,NA,NA,119,2023-01-01,2022-07-01,"11-25",FALSE,"RC","Yes","INTERNATIONAL BROTHERHOOD OF ELECTRICAL WORKERS LOCAL 1837",1,"IBEW",0.833333333333333,"Yes",2
"01-RC-303738","Region 01, Boston, Massachusetts","Lewis Tree Service, Inc.",2022-09-20,2023-01-26,"Farmington","NH","A",2022-11-22,13,NA,"Lewis Tree Service, Inc.",5,NA,NA,NA,NA,0,5,NA,1,NA,"Lewis Tree Service, Inc.","Initial","Single Labor Organization","Certific. of Representative","Closed","Included: All full-time and regular part-time employees of the Employer performing utility-line clearance tree trimming on the property of Eversource Energy in the State of New Hampshire including: crew team leaders, crew leaders tree, trimmers, trimmer trainees, and groundspersons; and excluding all general foremen, permission facilitators, traveling employees, office clerical employees, managers, guards, and supervisors as defined in the Act.",NA,NA,NA,63,2022-10-01,2022-07-01,"11-25",FALSE,"RC","Yes","Lewis Tree Service, Inc.",0,"Uncoded",1,"Yes",8
"01-RC-301777","Region 01, Boston, Massachusetts","Trustees of Dartmouth College",2022-08-22,2022-09-26,"Hanover","NH","A",2022-09-16,6,NA,"Service Employee International Union Local 560",5,NA,NA,NA,NA,0,5,NA,NA,NA,"Service Employee International Union Local 560","Initial","Single Labor Organization","Certific. of Representative","Closed","All full-time and regular part-time Visitor Services Guides who are employed by the Employer at its Hood Museum facility located at 6 East Wheelock St. in Hanover, NH, but excluding all clerical employees, administrative employees, confidential employees, managers, guards, and professionals and supervisors as defined in the Act.",NA,NA,NA,25,2022-07-01,2022-07-01,"6-10",TRUE,"RC","Yes","Service Employee International Union Local 560",0,"Uncoded",1,"Yes",1
"01-RC-290146","Region 01, Boston, Massachusetts","Trustees of Dartmouth College",2022-02-04,2022-04-07,"Hanover","NH","A",2022-03-30,173,NA,"Student Workers Collective at Dartmouth",52,NA,NA,NA,NA,0,55,NA,3,NA,"Student Workers Collective at Dartmouth","Initial","Single Labor Organization","Certific. of Representative","Closed","All full-time and regular part-time student employees of the Dartmouth Dining Services including Dining Student Associates, Student Supervisors and Cashiers, but excluding all non-student Dining Services employees, confidential employees, managers, guards and professional employees and supervisors as defined by the Act.",NA,NA,NA,54,2022-01-01,2022-01-01,"101-500",TRUE,"RC","Yes","Student Workers Collective at Dartmouth",0,"Uncoded",1,"Yes",121
"01-RC-288391","Region 01, Boston, Massachusetts","New Hampshire Public Defender",2022-01-03,2022-03-01,"Concord","NH","A",2022-02-18,119,NA,"State Employees' Association of NH, Inc. /SEIU 1984",56,NA,NA,NA,NA,49,106,NA,1,NA,"State Employees' Association of NH, Inc. /SEIU 1984","Initial","Single Labor Organization","Certific. of Representative","Closed","Included: All full-time and regular part-time staff attorneys and appellate attorneys employed by New Hampshire Public Defender at its offices in Concord, Dover, Keene, Laconia, Littleton, Manchester, Nashua, Newport, Orford and Stratham, New Hampshire.

Excluded: All managing attorneys, assistant managing attorneys, investigators, administrative staff, and guards and supervisors as defined by the Act.",NA,NA,NA,46,2022-01-01,2022-01-01,"101-500",TRUE,"RC","Yes","State Employees' Association of NH, Inc. /SEIU 1984",1,"SEIU",0.533333333333333,"Yes",14
"01-RD-287660","Region 01, Boston, Massachusetts","INDEPENDENT PIPE AND SUPPLY",2021-12-14,2021-12-22,"Manchester","NH",NA,NA,4,NA,NA,NA,NA,NA,NA,NA,NA,NA,NA,NA,NA,NA,NA,NA,"Withdrawal Non-adjusted","Closed",NA,NA,NA,NA,NA,NA,2021-10-01,"<5",TRUE,"RD","No",NA,0,"Uncoded",NA,"Other",NA
"01-RD-286356","Region 01, Boston, Massachusetts","BOB'S DISCOUNT FURNITURE, LLC",2021-11-16,2022-02-09,"Manchester","NH","A",2022-01-14,25,NA,"United Food and Commercial Workers Local 1445",14,NA,NA,NA,NA,9,23,NA,NA,NA,"United Food and Commercial Workers Local 1445","Initial","Single Labor Organization","Certific. of Representative","Closed","All full-time and regular part-time sales associates, warehouse employees, clerical employees, and cafeteria employees employed at the Manchester, NH location, 1875 South Willow Street, Manchester, New Hampshire 03103; but excluding all other employees, and guards, professional employees, and supervisors as defined by the Act.",NA,NA,NA,59,2022-01-01,2021-10-01,"11-25",TRUE,"RD","Yes","United Food and Commercial Workers Local 1445",1,"UFCW",0.608695652173913,"Yes",2
"01-RC-282873","Region 01, Boston, Massachusetts","Unitil Service Corp.",2021-09-13,2022-01-04,"Hampton","NH","A",2021-11-08,5,NA,"UTILITY WORKERS UNION OF AMERICA  AFL-CIO",4,NA,NA,NA,NA,1,5,NA,NA,NA,"UTILITY WORKERS UNION OF AMERICA  AFL-CIO","Initial","Single Labor Organization","Certific. of Representative","Closed","Included: All full-time and regular part-time Gas Controllers employed by the Employer.

Excluded: Managers, clerical employees, guards, and supervisors as defined in the Act.",NA,NA,NA,56,2021-10-01,2021-07-01,"<5",TRUE,"RC","Yes","UTILITY WORKERS UNION OF AMERICA  AFL-CIO",1,"UWUA",0.8,"Yes",0
"01-RD-282414","Region 01, Boston, Massachusetts","AmeriGas Propane, Inc.",2021-09-02,2021-09-30,"Swanzey","NH",NA,NA,6,NA,NA,NA,NA,NA,NA,NA,NA,NA,NA,NA,NA,NA,NA,NA,"Withdrawal Non-adjusted","Closed",NA,NA,NA,NA,NA,NA,2021-07-01,"6-10",TRUE,"RD","No",NA,0,"Uncoded",NA,"Other",NA
"01-RC-280253","Region 01, Boston, Massachusetts","Bull Moose Music",2021-07-21,2021-09-22,"Salem","NH","A",2021-09-14,21,NA,"United Food and Commercial Workers International Union",15,NA,NA,NA,NA,0,17,NA,2,NA,"United Food and Commercial Workers International Union","Initial","Single Labor Organization","Certific. of Representative","Closed","All full-time and regular part-time store clerks, head clerks, and shift supervisors employed by the Employer at its Salem, New Hampshire location, but excluding all confidential employees, managers, guards, and professional employees and supervisors as defined by the Act.",NA,NA,NA,55,2021-07-01,2021-07-01,"11-25",TRUE,"RC","Yes","United Food and Commercial Workers International Union",1,"UFCW",1,"Yes",6
"01-RC-279219","Region 01, Boston, Massachusetts","New Hampshire Public Radio Inc.",2021-06-29,2021-07-20,"Concord","NH",NA,NA,30,NA,NA,NA,NA,NA,NA,NA,NA,NA,NA,NA,NA,NA,NA,NA,"Withdrawal Non-adjusted","Closed",NA,NA,NA,NA,NA,NA,2021-04-01,"26-50",TRUE,"RC","No",NA,0,"Uncoded",NA,"Other",NA
"01-RC-273064","Region 01, Boston, Massachusetts","GPI NH-T, Inc. d/b/a Ira Toyota of Manchester",2021-02-19,2021-05-05,"Manchester","NH","A",2021-04-26,28,NA,"International Association of Machinists and Aerospace Workers, AFL-CIO, District Lodge 15",0,NA,NA,NA,NA,22,25,NA,1,NA,"GPI NH-T, Inc. d/b/a Ira Toyota of Manchester","Initial","Single Labor Organization","Certification of Results","Closed","All full-time and regular part-time service technicians, service technician team leaders, and service lube technicians employed by the Employer at its Manchester, New Hampshire Toyota dealership, but excluding all service advisors, confidential employees, managers, guards, professional employees and supervisors as defined in the Act.",NA,NA,NA,66,2021-04-01,2021-01-01,"26-50",TRUE,"RC","Yes","International Association of Machinists and Aerospace Workers, AFL-CIO, District Lodge 15",1,"IAM",0,"No",6
"01-RC-270696","Region 01, Boston, Massachusetts","First Student, Inc.",2020-12-28,2021-02-24,"Exeter","NH","A",2021-02-16,2,NA,"Teamsters Local 633 of New Hampshire",2,NA,NA,NA,NA,0,2,NA,NA,NA,"Teamsters Local 633 of New Hampshire","Initial","Single Labor Organization","Certific. of Representative","Closed","Included: All full-time and regular part-time Technicians employed by the Employer at its Exeter, New Hampshire facility.
Excluded: All Drivers and Monitors, office clerical employees, confidential employees, managers, guards, and professional employees and supervisors as defined by the Act.",NA,NA,NA,50,2021-01-01,2020-10-01,"<5",TRUE,"RC","Yes","Teamsters Local 633 of New Hampshire",1,"Teamsters",1,"Yes",0
"01-RC-263214","Region 01, Boston, Massachusetts","Coca-Cola Beverages Northeast, Inc.",2020-07-20,2020-09-21,"Londonderry","NH",NA,NA,35,NA,NA,NA,NA,NA,NA,NA,NA,NA,NA,NA,NA,NA,NA,NA,"Withdrawal Non-adjusted","Closed",NA,NA,NA,NA,NA,NA,2020-07-01,"26-50",TRUE,"RC","No",NA,0,"Uncoded",NA,"Other",NA
"01-RC-253002","Region 01, Boston, Massachusetts","Lifeline Ambulance Service",2019-12-06,2019-12-23,"Somersworth","NH",NA,NA,55,NA,NA,NA,NA,NA,NA,NA,NA,NA,NA,NA,NA,NA,NA,NA,"Withdrawal Non-adjusted","Closed",NA,NA,NA,NA,NA,NA,2019-10-01,"51-100",TRUE,"RC","No",NA,0,"Uncoded",NA,"Other",NA
"01-RC-250823","Region 01, Boston, Massachusetts","First Student Inc.",2019-10-30,2019-12-04,"Belmont","NH","A",2019-11-25,7,NA,"INTERNATIONAL BROTHERHOOD OF TEAMSTERS LOCAL 633",4,NA,NA,NA,NA,0,4,NA,NA,NA,"INTERNATIONAL BROTHERHOOD OF TEAMSTERS LOCAL 633","Initial","Single Labor Organization","Certific. of Representative","Closed","All full-time and regular part-time mechanics and utility semi-skilled employees employed at the Employer's 592 Laconia Road, Belmont, NH 03220 facility, but excluding all other employees, clerical employees, guards and supervisors as defined by the Act.",NA,NA,NA,26,2019-10-01,2019-10-01,"6-10",TRUE,"RC","Yes","INTERNATIONAL BROTHERHOOD OF TEAMSTERS LOCAL 633",1,"Teamsters",1,"Yes",3
"01-RC-250838","Region 01, Boston, Massachusetts","First Transit, Inc.",2019-10-30,2019-11-27,"Nashua","NH","A",2019-11-18,1,1,"INTERNATIONAL BROTHERHOOD OF TEAMSTERS LOCAL 633",1,NA,NA,NA,NA,0,1,NA,NA,NA,"INTERNATIONAL BROTHERHOOD OF TEAMSTERS LOCAL 633","Initial","Single Labor Organization","Certific. of Representative","Closed","All transit clerks employed by First Transit, Inc. at its 11 Riverside St., Nashua, New Hampshire facility, but excluding all other employees, managers, guards, and supervisors as defined in the Act.",NA,NA,NA,19,2019-10-01,2019-10-01,"<5",TRUE,"RC","Yes","INTERNATIONAL BROTHERHOOD OF TEAMSTERS LOCAL 633",1,"Teamsters",1,"Yes",0
"01-RD-249117","Region 01, Boston, Massachusetts","Nashua Foundries, Inc.",2019-09-30,2019-10-28,"Nashua","NH",NA,NA,8,NA,NA,NA,NA,NA,NA,NA,NA,NA,NA,NA,NA,NA,NA,NA,"Withdrawal Non-adjusted","Closed",NA,NA,NA,NA,NA,NA,2019-07-01,"6-10",TRUE,"RD","No",NA,0,"Uncoded",NA,"Other",NA
"01-RC-244740","Region 01, Boston, Massachusetts","Akima Global Services, LLC",2019-07-12,2019-07-19,"New Boston","NH",NA,NA,4,NA,NA,NA,NA,NA,NA,NA,NA,NA,NA,NA,NA,NA,NA,NA,"Withdrawal Non-adjusted","Closed",NA,NA,NA,NA,NA,NA,2019-07-01,"<5",TRUE,"RC","No",NA,0,"Uncoded",NA,"Other",NA
"01-RC-237853","Region 01, Boston, Massachusetts","First Student",2019-03-18,2019-04-11,"North Hampton","NH","A",2019-04-03,4,NA,"INTERNATIONAL BROTHERHOOD OF TEAMSTERS LOCAL 633",3,NA,NA,NA,NA,0,3,NA,NA,NA,"INTERNATIONAL BROTHERHOOD OF TEAMSTERS LOCAL 633","Initial","Single Labor Organization","Certific. of Representative","Closed","Included:  All regular full-time and regular part-time dispatchers, yard technicians, and technicians; but excluding all other employees, managers and supervisors as defined by the Act.",NA,NA,NA,16,2019-04-01,2019-01-01,"<5",TRUE,"RC","Yes","INTERNATIONAL BROTHERHOOD OF TEAMSTERS LOCAL 633",1,"Teamsters",1,"Yes",1
"01-RC-235831","Region 01, Boston, Massachusetts","FlightSafety Services Corp.",2019-02-12,2019-02-15,"Portsmouth","NH",NA,NA,2,NA,NA,NA,NA,NA,NA,NA,NA,NA,NA,NA,NA,NA,NA,NA,"Withdrawal Non-adjusted","Closed",NA,NA,NA,NA,NA,NA,2019-01-01,"<5",TRUE,"RC","No",NA,0,"Uncoded",NA,"Other",NA
"01-RC-233549","Region 01, Boston, Massachusetts","First Student, Inc.",2019-01-03,2019-02-05,"North Hampton","NH","A",2019-01-25,55,NA,"International Brotherhood of Teamsters, Chauffeurs, Warehousemen and Helpers of America, Local 633",43,NA,NA,NA,NA,8,51,NA,NA,NA,"International Brotherhood of Teamsters, Chauffeurs, Warehousemen and Helpers of America, Local 633","Initial","Single Labor Organization","Certific. of Representative","Closed","Included:  All regular full-time and regular part-time bus drivers; but excluding all other employees, dispatchers, mechanics, managers and supervisors as defined by the act.",NA,NA,NA,22,2019-01-01,2019-01-01,"51-100",TRUE,"RC","Yes","International Brotherhood of Teamsters, Chauffeurs, Warehousemen and Helpers of America, Local 633",1,"Teamsters",0.843137254901961,"Yes",4
"01-RC-229866","Region 01, Boston, Massachusetts","Eversource Energy",2018-10-25,2018-11-23,"Manchester","NH","A",2018-11-15,5,NA,"International Brotherhood of Electrical Workers Local Union #1837",3,NA,NA,NA,NA,2,5,NA,NA,NA,"International Brotherhood of Electrical Workers Local Union #1837","Initial","Single Labor Organization","Certific. of Representative","Closed","All full-time and regular part-time Representative A’s employed by the Employer in its New Hampshire Area Work Centers who provide administrative support to Operations, but excluding all other Representative A’s, and all other employees, guards, and supervisors as defined by the Act.",NA,NA,NA,21,2018-10-01,2018-10-01,"<5",TRUE,"RC","Yes","International Brotherhood of Electrical Workers Local Union #1837",1,"IBEW",0.6,"Yes",0
"01-RC-215352","Region 01, Boston, Massachusetts","First Student",2018-02-23,2018-03-29,"Moultonborough","NH","A",2018-03-20,1,NA,"CHAUFFEURS, TEAMSTERS & HELPERS, LOCAL UNION NO. 633 OF NEW HAMPSHIRE, A/W INTERNATIONAL BROTHERHOOD OF TEAMSTERS",1,NA,NA,NA,NA,0,1,NA,NA,NA,"CHAUFFEURS, TEAMSTERS & HELPERS, LOCAL UNION NO. 633 OF NEW HAMPSHIRE, A/W INTERNATIONAL BROTHERHOOD OF TEAMSTERS","Initial","Single Labor Organization","Certific. of Representative","Closed","All full-time and regular part-time bus monitors employed by the Employer at its Moultonborough, NH facility; but excluding all other employees, managers, guards, and supervisors as defined in the Act.",NA,NA,NA,25,2018-01-01,2018-01-01,"<5",TRUE,"RC","Yes","CHAUFFEURS, TEAMSTERS & HELPERS, LOCAL UNION NO. 633 OF NEW HAMPSHIRE, A/W INTERNATIONAL BROTHERHOOD OF TEAMSTERS",1,"Teamsters",1,"Yes",0
"01-RC-207847","Region 01, Boston, Massachusetts","COCA-COLA BOTTLING COMPANY OF NORTHERN NEW ENGLAND, INC.",2017-10-12,2017-12-08,"Londonderry","NH","A",2017-11-30,33,NA,"CHAUFFEURS, WAREHOUSEMEN AND HELPERS OF AMERICA LOCAL UNION NO. 633 OF NEW HAMPSHIRE, A/W INTERNATIONAL BROTHERHOOD OF TEAMSTERS",6,NA,NA,NA,NA,23,29,NA,2,NA,"CHAUFFEURS, WAREHOUSEMEN AND HELPERS OF AMERICA LOCAL UNION NO. 633 OF NEW HAMPSHIRE, A/W INTERNATIONAL BROTHERHOOD OF TEAMSTERS","Initial","Single Labor Organization","Certification of Results","Closed","All full-time and regular part-time warehouse employees, including loader is, checker, loader 2s, loader 2 shift leads, and inventory specialists employed by the Employer at its Londonderry, New Hampshire sales center, but excluding all other employees, bulk drivers, home/cold drivers, side load driver, cooler service technicians, managers, guards and supervisors as defined in the Act.
The dispatcher and point of sales specialist employed at the Londonderry sales center shall be permitted to vote subject to challenge.",NA,NA,NA,49,2017-10-01,2017-10-01,"26-50",TRUE,"RC","Yes","CHAUFFEURS, WAREHOUSEMEN AND HELPERS OF AMERICA LOCAL UNION NO. 633 OF NEW HAMPSHIRE, A/W INTERNATIONAL BROTHERHOOD OF TEAMSTERS",1,"Teamsters",0.206896551724138,"No",4
"01-RC-207508","Region 01, Boston, Massachusetts","Goodman Networks / Multiband Field Services, Inc.",2017-10-05,2017-10-24,"Nashua","NH",NA,NA,40,NA,NA,NA,NA,NA,NA,NA,NA,NA,NA,NA,NA,NA,NA,NA,"Withdrawal Non-adjusted","Closed",NA,NA,NA,NA,NA,NA,2017-10-01,"26-50",TRUE,"RC","No",NA,0,"Uncoded",NA,"Other",NA
"01-RC-206733","Region 01, Boston, Massachusetts","First Transit, Inc.",2017-09-22,2017-10-10,"NASHUA","NH",NA,NA,1,NA,NA,NA,NA,NA,NA,NA,NA,NA,NA,NA,NA,NA,NA,NA,"Withdrawal Non-adjusted","Closed",NA,NA,NA,NA,NA,NA,2017-07-01,"<5",TRUE,"RC","No",NA,0,"Uncoded",NA,"Other",NA
"01-RC-204729","Region 01, Boston, Massachusetts","UNITED NATURAL FOODS INC.",2017-08-21,2017-09-28,"Chesterfield","NH","A",2017-09-16,63,NA,"INTERNATIONAL BROTHERHOOD OF TEAMSTERS LOCAL UNION 633",26,NA,NA,NA,NA,35,61,NA,14,NA,"INTERNATIONAL BROTHERHOOD OF TEAMSTERS LOCAL UNION 633","Initial","Single Labor Organization","Withdrawal Non-adjusted","Closed","All full-time and regular part-time CDL CLass A Drivers employed by United Natural Foods Inc. at its facility located at 71 Stow Drive, Chesterfield, NH 03443; but excluding all other employees, guards, managers, and supervisors as defined by the Act.",NA,NA,NA,26,2017-07-01,2017-07-01,"51-100",TRUE,"RC","Yes","INTERNATIONAL BROTHERHOOD OF TEAMSTERS LOCAL UNION 633",1,"Teamsters",0.426229508196721,"Other",2
"01-RC-204401","Region 01, Boston, Massachusetts","UNITED NATURAL FOODS INC.",2017-08-15,2017-08-22,"CHESTERFIELD","NH",NA,NA,65,NA,NA,NA,NA,NA,NA,NA,NA,NA,NA,NA,NA,NA,NA,NA,"Withdrawal Non-adjusted","Closed",NA,NA,NA,NA,NA,NA,2017-07-01,"51-100",TRUE,"RC","No",NA,0,"Uncoded",NA,"Other",NA
"01-RC-202515","Region 01, Boston, Massachusetts","Asplundh Tree Expert Co.",2017-07-18,2017-08-30,"Weare","NH","A",2017-08-21,16,NA,"International Brotherhood of Electrical Workers Local Union #1837",0,NA,NA,NA,NA,12,12,NA,2,NA,"International Brotherhood of Electrical Workers Local Union #1837","Initial","Single Labor Organization","Certification of Results","Closed","All full-time and regular part-time employees of Asplundh Tree Expert Co. performing line clearance tree trimming on the property of Unitil in the State of New Hampshire, including working crew forepersons, tree trimmers, trimmer trainees, ground persons, and permission/planners, but excluding all other employees, general forepersons, office clerical employees, professional employees, guards, and supervisors as defined in the Act.",NA,NA,NA,34,2017-07-01,2017-07-01,"11-25",TRUE,"RC","Yes","International Brotherhood of Electrical Workers Local Union #1837",1,"IBEW",0,"No",4
"01-RC-202363","Region 01, Boston, Massachusetts","Asplundh Tree Expert Co.",2017-07-13,2017-08-30,"Weare","NH","A",2017-08-21,32,NA,"International Brotherhood of Electrical Workers Local Union #1837",9,NA,NA,NA,NA,13,22,NA,NA,NA,"International Brotherhood of Electrical Workers Local Union #1837","Initial","Single Labor Organization","Certification of Results","Closed","All full-time and regular part-time employees of Asplundh Tree Expert Co. performing line clearance tree trimming on the property of New Hampshire Electric Cooperative in the State of New Hampshire, including working crew forepersons, tree trimmers, trimmer trainees, and ground persons, but excluding all other employees, general forepersons, office clerical employees, professional employees, guards, and supervisors as defined in the Act.",NA,NA,NA,39,2017-07-01,2017-07-01,"26-50",TRUE,"RC","Yes","International Brotherhood of Electrical Workers Local Union #1837",1,"IBEW",0.409090909090909,"No",10
"01-RC-202119","Region 01, Boston, Massachusetts","ASPLUNDH TREE EXPERT CO.",2017-07-10,2017-07-17,"Weare","NH",NA,NA,300,NA,NA,NA,NA,NA,NA,NA,NA,NA,NA,NA,NA,NA,NA,NA,"Withdrawal Non-adjusted","Closed",NA,NA,NA,NA,NA,NA,2017-07-01,"101-500",TRUE,"RC","No",NA,0,"Uncoded",NA,"Other",NA
"01-RC-201189","Region 01, Boston, Massachusetts","Student Transportation of America",2017-06-23,2017-09-27,"Londonderry","NH","A",2017-09-19,50,NA,"INTERNATIONAL BROTHERHOOD OF TEAMSTERS LOCAL 633",34,NA,NA,NA,NA,9,43,NA,NA,NA,"INTERNATIONAL BROTHERHOOD OF TEAMSTERS LOCAL 633","Initial","Single Labor Organization","Certific. of Representative","Closed","All regular full-time and regular part-time bus drivers employed by the Employer at its facility in Londonderry, New Hampshire; but, excluding all other employees, managers, guards, and supervisors as defined in the Act.",NA,NA,NA,88,2017-07-01,2017-04-01,"26-50",TRUE,"RC","Yes","INTERNATIONAL BROTHERHOOD OF TEAMSTERS LOCAL 633",1,"Teamsters",0.790697674418605,"Yes",7
"01-RC-198537","Region 01, Boston, Massachusetts","Sunbelt Rentals, Inc.",2017-05-10,2017-06-08,"Manchester","NH","A",2017-05-31,7,NA,"International Union of Operating Engineers, Local 98, AFL-CIO",4,NA,NA,NA,NA,3,7,NA,NA,NA,"International Union of Operating Engineers, Local 98, AFL-CIO","Initial","Single Labor Organization","Certific. of Representative","Closed","All full-time and regular part-time drivers and mechanics; excluding all other employees, clericals, salespersons, guards and supervisors as defined by the Act",NA,NA,NA,21,2017-04-01,2017-04-01,"6-10",TRUE,"RC","Yes","International Union of Operating Engineers, Local 98, AFL-CIO",1,"IUOE",0.571428571428571,"Yes",0
"01-RC-195698","Region 01, Boston, Massachusetts","Eversource Energy",2017-03-28,2017-04-25,"Manchester","NH","A",2017-04-14,7,NA,"International Brotherhood of Electrical Workers Local Union #1837",6,NA,NA,NA,NA,1,7,NA,NA,NA,"International Brotherhood of Electrical Workers Local Union #1837","Initial","Single Labor Organization","Certific. of Representative","Closed","A11 Credit Specialists employed by the Employer at its-Manche3tw., New Hampshire faLi y, but
excluding all other employees, managers, guards and supervisors as defined in the Act.

I",NA,NA,NA,17,2017-04-01,2017-01-01,"6-10",TRUE,"RC","Yes","International Brotherhood of Electrical Workers Local Union #1837",1,"IBEW",0.857142857142857,"Yes",0
"01-RD-194228","Region 01, Boston, Massachusetts","WMUR-TV",2017-03-06,2017-04-07,"Manchester","NH","A",2017-03-30,21,NA,"INTERNATIONAL BROTHERHOOD OF ELECTRICAL WORKERS, LOCAL 1228",10,NA,NA,NA,NA,11,21,NA,NA,NA,NA,"Initial","Single Labor Organization","Certification of Results","Closed","All full-time and regular part-time directors, production assistants and graphic designers employed by the Employer at its Manchester, NH facility located at 100 South Commercial Street, Manchester, New Hampshire, excluding managerial employees, clerical employees, and guards as defined by the Act.",NA,NA,NA,24,2017-01-01,2017-01-01,"11-25",TRUE,"RD","Yes","INTERNATIONAL BROTHERHOOD OF ELECTRICAL WORKERS, LOCAL 1228",1,"IBEW",0.476190476190476,"No",0
"01-RC-187650","Region 01, Boston, Massachusetts","AIRGAS USA, LLC",2016-11-07,2016-12-08,"CHARLESTOWN","NH","A",2016-11-30,5,NA,"CHAUFFEURS TEAMSTERS AND HELPERS, LOCAL 633 OF NEW HAMPSHIRE A/W INTERNATIONAL BROTHERHOOD OF TEAMSTERS",2,NA,NA,NA,NA,3,5,NA,NA,NA,NA,"Initial","Single Labor Organization","Certification of Results","Closed","All full-time and regular part-time CDL Class A and Class B Drivers, but excluding all other employees, managers, guards, and supervisors as defined in the Act.",NA,NA,NA,23,2016-10-01,2016-10-01,"<5",TRUE,"RC","Yes","CHAUFFEURS TEAMSTERS AND HELPERS, LOCAL 633 OF NEW HAMPSHIRE A/W INTERNATIONAL BROTHERHOOD OF TEAMSTERS",1,"Teamsters",0.4,"No",0
"01-UC-187726","Region 01, Boston, Massachusetts","UNITIL CORPORATION",2016-11-07,2018-07-11,"HAMPTON","NH",NA,NA,39,NA,NA,NA,NA,NA,NA,NA,NA,NA,NA,NA,NA,NA,NA,NA,"Withdrawal Non-adjusted","Closed",NA,NA,NA,NA,NA,NA,2016-10-01,"26-50",TRUE,"UC","No",NA,0,"Uncoded",NA,"Other",NA
"01-RC-187421","Region 01, Boston, Massachusetts","TRUSTEES OF DARTMOUTH COLLEGE",2016-11-02,2016-11-23,"HANOVER","NH","A",2016-11-15,2,NA,"Cohen Weiss & Simon LLP",2,NA,NA,NA,NA,0,2,NA,NA,NA,"Cohen Weiss & Simon LLP","Initial","Single Labor Organization","Certific. of Representative","Closed","All special services coordinators employed by the Employer at its Hanover, New Hampshire location but excluding all guards and supervisors as defined by the Act.",NA,NA,NA,13,2016-10-01,2016-10-01,"<5",TRUE,"RC","Yes","Cohen Weiss & Simon LLP",0,"Uncoded",1,"Yes",0
"01-RC-187206","Region 01, Boston, Massachusetts","TRUSTEES OF DARTMOUTH COLLEGE",2016-10-31,2016-11-23,"HANOVER","NH","A",2016-11-15,2,NA,"Cohen Weiss & Simon LLP",2,NA,NA,NA,NA,0,2,NA,NA,NA,"Cohen Weiss & Simon LLP","Initial","Single Labor Organization","Certific. of Representative","Closed","All parking monitors employed by the Employer at its Hanover, New Hampshire location but excluding all guards and supervisors as defined by the Act.",NA,NA,NA,15,2016-10-01,2016-10-01,"<5",TRUE,"RC","Yes","Cohen Weiss & Simon LLP",0,"Uncoded",1,"Yes",0
"01-RC-187297","Region 01, Boston, Massachusetts","AIRGAS",2016-10-31,2016-11-07,"CHARLESTOWN","NH",NA,NA,6,NA,NA,NA,NA,NA,NA,NA,NA,NA,NA,NA,NA,NA,NA,NA,"Withdrawal Non-adjusted","Closed",NA,NA,NA,NA,NA,NA,2016-10-01,"6-10",TRUE,"RC","No",NA,0,"Uncoded",NA,"Other",NA
"01-RC-185582","Region 01, Boston, Massachusetts","G4S Secure Solutions",2016-10-04,2016-10-28,"Seabrook","NH",NA,NA,125,NA,NA,NA,NA,NA,NA,NA,NA,NA,NA,NA,NA,NA,NA,NA,"Withdrawal Non-adjusted","Closed",NA,NA,NA,NA,NA,NA,2016-10-01,"101-500",TRUE,"RC","No",NA,0,"Uncoded",NA,"Other",NA
"01-RC-184778","Region 01, Boston, Massachusetts","F.C.I. FEDERAL INC.",2016-09-22,2016-10-27,"PORTSMOUTH","NH","A",2016-10-19,576,1,"UNITED ELECTRICAL, RADIO AND MACHINE WORKERS OF AMERICA (UE)",279,NA,NA,NA,NA,247,526,NA,1,NA,"UNITED ELECTRICAL, RADIO AND MACHINE WORKERS OF AMERICA (UE)","Initial","Single Labor Organization","Certific. of Representative","Closed",NA,NA,NA,NA,27,2016-10-01,2016-07-01,"500>",TRUE,"RC","Yes","UNITED ELECTRICAL, RADIO AND MACHINE WORKERS OF AMERICA (UE)",1,"UE",0.53041825095057,"Yes",50
"01-RC-184573","Region 01, Boston, Massachusetts","FIRST STUDENT, INC.",2016-09-20,2016-10-14,"SALEM","NH","A",2016-10-06,4,NA,"CHAUFFEURS TEAMSTERS AND HELPERS, LOCAL 633 OF NEW HAMPSHIRE A/W INTERNATIONAL BROTHERHOOD OF TEAMSTERS",4,NA,NA,NA,NA,0,4,NA,NA,NA,"CHAUFFEURS TEAMSTERS AND HELPERS, LOCAL 633 OF NEW HAMPSHIRE A/W INTERNATIONAL BROTHERHOOD OF TEAMSTERS","Initial","Single Labor Organization","Certific. of Representative","Closed",NA,NA,NA,NA,16,2016-10-01,2016-07-01,"<5",TRUE,"RC","Yes","CHAUFFEURS TEAMSTERS AND HELPERS, LOCAL 633 OF NEW HAMPSHIRE A/W INTERNATIONAL BROTHERHOOD OF TEAMSTERS",1,"Teamsters",1,"Yes",0
"01-RC-182168","Region 01, Boston, Massachusetts","AMERIGAS PROPANE, INC. d/b/a KEENE GAS",2016-08-15,2016-09-16,"SWANZEY","NH","A",2016-09-08,11,NA,"United Steel, Paper and Forestry, Rubber, Manufacturing, Energy, Allied Industrial and Service Workers International Union, AFL-CIO, CLC",9,NA,NA,NA,NA,2,11,NA,NA,NA,"United Steel, Paper and Forestry, Rubber, Manufacturing, Energy, Allied Industrial and Service Workers International Union, AFL-CIO, CLC","Initial","Single Labor Organization","Certific. of Representative","Closed","All full-time and part-time delivery representatives and service technicians employed by the Employer at or out of its Swanzey and Hinsdale, New Hampshire facilities but, excluding all other employees, office clerical employees, guards and supervisors as defined by the Act.",NA,NA,NA,24,2016-07-01,2016-07-01,"11-25",TRUE,"RC","Yes","United Steel, Paper and Forestry, Rubber, Manufacturing, Energy, Allied Industrial and Service Workers International Union, AFL-CIO, CLC",1,"USW",0.818181818181818,"Yes",0
"01-RC-181367","Region 01, Boston, Massachusetts","YOH SERVICES",2016-08-03,2016-08-10,"NEW BOSTON","NH",NA,NA,5,NA,NA,NA,NA,NA,NA,NA,NA,NA,NA,NA,NA,NA,NA,NA,"Withdrawal Non-adjusted","Closed",NA,NA,NA,NA,NA,NA,2016-07-01,"<5",TRUE,"RC","No",NA,0,"Uncoded",NA,"Other",NA
"01-RC-180436","Region 01, Boston, Massachusetts","HARRIS IT SERVICES CORPORATION",2016-07-20,2016-08-18,"NEW BOSTON","NH","A",2016-08-10,5,NA,"INTERNATIONAL ASSOCIATION OF MACHINISTS & AEROSPACE WORKERS, AFL-CIO, DISTRICT LODGE 4",5,NA,NA,NA,NA,0,0,NA,NA,NA,"INTERNATIONAL ASSOCIATION OF MACHINISTS & AEROSPACE WORKERS, AFL-CIO, DISTRICT LODGE 4","Initial","Single Labor Organization","Certific. of Representative","Closed","All full-time and regular part-time satellite communications technicians employed by the Employer at its Chestnut Hill Road Location in New Hampshire, excluding all office clerical, temporary, professional, managerial, guards and supervisors as defined by the Act.",NA,NA,NA,21,2016-07-01,2016-07-01,"<5",TRUE,"RC","Yes","INTERNATIONAL ASSOCIATION OF MACHINISTS & AEROSPACE WORKERS, AFL-CIO, DISTRICT LODGE 4",1,"IAM",NA,"Yes",0
"01-RC-174854","Region 01, Boston, Massachusetts","PUBLIC SERVICE COMPANY OF NEW HAMPSHIRE d/b/a EVERSOURCE ENERGY",2016-04-26,2016-06-06,"MANCHESTER","NH","A",2016-05-27,29,1,"INTERNATIONAL BROTHERHOOD OF ELECTRICAL WORKERS, AFL-CIO, LOCAL 1837",15,NA,NA,NA,NA,10,25,NA,NA,NA,"INTERNATIONAL BROTHERHOOD OF ELECTRICAL WORKERS, AFL-CIO, LOCAL 1837","Initial","Single Labor Organization","Certific. of Representative","Closed",NA,NA,NA,NA,31,2016-04-01,2016-04-01,"26-50",TRUE,"RC","Yes","INTERNATIONAL BROTHERHOOD OF ELECTRICAL WORKERS, AFL-CIO, LOCAL 1837",1,"IBEW",0.6,"Yes",4
"01-RC-174468","Region 01, Boston, Massachusetts","EXEL, INC.",2016-04-20,2016-05-13,"Bow","NH",NA,NA,10,NA,NA,NA,NA,NA,NA,NA,NA,NA,NA,NA,NA,NA,NA,NA,"Withdrawal Non-adjusted","Closed",NA,NA,NA,NA,NA,NA,2016-04-01,"6-10",TRUE,"RC","No",NA,0,"Uncoded",NA,"Other",NA
"01-RC-172640","Region 01, Boston, Massachusetts","TRUSTEES OF DARTMOUTH COLLEGE",2016-03-28,2016-04-21,"Hanover","NH",NA,NA,17,NA,NA,NA,NA,NA,NA,NA,NA,NA,NA,NA,NA,NA,NA,NA,"Dismissal Non-adjusted","Closed",NA,NA,NA,NA,NA,NA,2016-01-01,"11-25",TRUE,"RC","No",NA,0,"Uncoded",NA,"Other",NA
"01-RC-172097","Region 01, Boston, Massachusetts","SPAULDING YOUTH CENTER",2016-03-18,2016-04-21,"Northfield","NH","A",2016-04-13,81,NA,"STATE EMPLOYEES' ASSOCIATION OF NH, INC., SEIU Local 1984",13,NA,NA,NA,NA,61,74,NA,1,NA,"STATE EMPLOYEES' ASSOCIATION OF NH, INC., SEIU Local 1984","Initial","Single Labor Organization","Certification of Results","Closed","Included: All full-time and regular part-time Teachers, Head Teachers, Teaching Associates, Librarian/Media Technology Teachers, Physical Education Teachers, Arts Teachers, Outdoor Education Teachers, Outdoor Education Coordinator, Speech/Language Pathologists, Assistant Speech/Language Pathologists, Teaching Associates, Paraeducators (1 or 2), Administrative Assistants, 1:1 Aides, and Substitutes employed at The School at Spaulding Youth Center, 72 Spaulding Road, Northfield, NH 03276-4608, including employees who work at least an average of four hours per week in one of the above School positions in the 13 weeks preceding payroll eligibility date. 
Excluded: All other employees, confidential employees, guards, and supervisors as defined in the Act.",NA,NA,NA,26,2016-04-01,2016-01-01,"51-100",TRUE,"RC","Yes","STATE EMPLOYEES' ASSOCIATION OF NH, INC., SEIU Local 1984",1,"SEIU",0.175675675675676,"No",7
"01-RC-167994","Region 01, Boston, Massachusetts","LOOMIS ARMORED US, INC.",2016-01-20,2016-04-25,"LONDONDERRY","NH","A",2016-01-29,43,NA,"United Federation of Special Police and Security Officers, Inc.",15,NA,NA,NA,NA,23,28,NA,9,"Y","United Federation of Special Police and Security Officers, Inc.","Initial","Single Labor Organization","Certification of Results","Closed","Included: All regular full time & part time Guards, Drivers, Messengers, Vaults, and Custodians employed by the Employer at their Londonderry facility.

Excluded: All supervisors and clerical employees as defined in the Act.",NA,NA,NA,9,2016-01-01,2016-01-01,"26-50",TRUE,"RC","Yes","United Federation of Special Police and Security Officers, Inc.",1,"United Federation LEOS-PBA",0.394736842105263,"No",5
"01-RC-167807","Region 01, Boston, Massachusetts","FIRSTGROUP AMERICA, INC.",2016-01-15,2016-02-09,"MOULTONBOROUGH","NH","A",2016-01-15,3,NA,"CHAUFFEURS TEAMSTERS AND HELPERS, LOCAL 633 OF NEW HAMPSHIRE A/W INTERNATIONAL BROTHERHOOD OF TEAMSTERS",3,NA,NA,NA,NA,0,3,NA,NA,NA,"CHAUFFEURS TEAMSTERS AND HELPERS, LOCAL 633 OF NEW HAMPSHIRE A/W INTERNATIONAL BROTHERHOOD OF TEAMSTERS","Initial","Single Labor Organization","Certific. of Representative","Closed","All full time and regular part-time technicians employed by the Employer at its Moultonborough, NH location, but excluding all other employees, bus drivers, Special Education drivers, guards, and supervisors as defined in the Act.",NA,NA,NA,0,2016-01-01,2016-01-01,"<5",TRUE,"RC","Yes","CHAUFFEURS TEAMSTERS AND HELPERS, LOCAL 633 OF NEW HAMPSHIRE A/W INTERNATIONAL BROTHERHOOD OF TEAMSTERS",1,"Teamsters",1,"Yes",0
"01-UC-167368","Region 01, Boston, Massachusetts","NATIONAL EDUCATION ASSOCIATION - NEW HAMPSHIRE",2016-01-11,2016-03-04,"CONCORD","NH",NA,NA,1,NA,NA,NA,NA,NA,NA,NA,NA,NA,NA,NA,NA,NA,NA,NA,"Withdrawal Non-adjusted","Closed",NA,NA,NA,NA,NA,NA,2016-01-01,"<5",TRUE,"UC","No",NA,0,"Uncoded",NA,"Other",NA
"01-RC-164550","Region 01, Boston, Massachusetts","FIRSTGROUP AMERICA, INC.",2015-11-20,2015-12-08,"PLAISTOW","NH","A",2015-12-08,1,NA,"CHAUFFEURS TEAMSTERS AND HELPERS, LOCAL 633 OF NEW HAMPSHIRE A/W INTERNATIONAL BROTHERHOOD OF TEAMSTERS",1,NA,NA,NA,NA,0,1,NA,NA,NA,"CHAUFFEURS TEAMSTERS AND HELPERS, LOCAL 633 OF NEW HAMPSHIRE A/W INTERNATIONAL BROTHERHOOD OF TEAMSTERS","Initial","Single Labor Organization","Certific. of Representative","Closed","All technicians-in-charge employed by the Employer at its Plaistow, New Hampshire facility but, excluding all other employees, office and clerical employees, professional employees, confidential employees, managers, guards, and supervisors as defined in the Act.",NA,NA,NA,18,2015-10-01,2015-10-01,"<5",TRUE,"RC","Yes","CHAUFFEURS TEAMSTERS AND HELPERS, LOCAL 633 OF NEW HAMPSHIRE A/W INTERNATIONAL BROTHERHOOD OF TEAMSTERS",1,"Teamsters",1,"Yes",0
"01-RC-159823","Region 01, Boston, Massachusetts","PODS ENTERPRISES, LLC",2015-09-11,2016-10-26,"NASHUA","NH","A",2015-10-07,21,NA,"INTERNATIONAL BROTHERHOOD OF TEAMSTERS, LOCAL 25",9,NA,NA,NA,NA,10,19,NA,1,NA,NA,"Initial","Single Labor Organization","Withdrawal Non-adjusted","Closed","INCLUDED:  ALL FULL TIME AND REGULAR PART TIME DRIVER LEADS, DRIVERS, AND EQUIPMENT MAINTENANCE TECHNICIANS EMPLOYED BY THE EMPLOYER AT ITS NASHUA, NH, NORWOOD, MA, AND WILMINGTON, MA LOCATIONS.

EXCLUDED:  ALL OTHER EMPLOYEES, MANAGERS, GUARDS, AND SUPERVISORS AS DEFINED BY THE ACT.",NA,NA,NA,26,2015-10-01,2015-07-01,"11-25",TRUE,"RC","Yes","INTERNATIONAL BROTHERHOOD OF TEAMSTERS, LOCAL 25",1,"Teamsters",0.473684210526316,"Other",2
"01-RC-155301","Region 01, Boston, Massachusetts","FIRST STUDENT",2015-07-02,2015-07-23,"SALEM","NH","A",2015-07-16,1,NA,"INTERNATIONAL BROTHERHOOD OF TEAMSTERS LOCAL UNION NO. 633",1,NA,NA,NA,NA,0,1,NA,NA,NA,"INTERNATIONAL BROTHERHOOD OF TEAMSTERS LOCAL UNION NO. 633","Initial","Single Labor Organization","Certific. of Representative","Closed","All technicians-in-charge employed by the Employer at its Salem, New Hampshire facility but, excuding all other employees, office and clerical employees, professional employees, confidential employees, managers, guards, and supervisors as defined in the Act.",NA,NA,NA,14,2015-07-01,2015-07-01,"<5",TRUE,"RC","Yes","INTERNATIONAL BROTHERHOOD OF TEAMSTERS LOCAL UNION NO. 633",1,"Teamsters",1,"Yes",0
"01-RC-155211","Region 01, Boston, Massachusetts","Hanover Consumer Cooperative Society, Inc. d/b/a Lebanon Co-op Food Store",2015-06-30,2015-08-04,"Lebanon","NH","A",2015-07-27,122,NA,"United Food and Commercial Workers Union, Local 1459, Transit Division",31,NA,NA,NA,NA,70,101,NA,12,NA,NA,"Initial","Single Labor Organization","Certification of Results","Closed","All full-time, part-time and per diem clerks, baggers, cashiers, meat cutters, frozen supervisors, lead supervisors, managing supervisors, meat supervisors, product dupervisors, and shift supervisors employed by the Employer at its 12 Centerra Parkway, Lebanon, NH, location, who regularly average 4 hours or more per week for the last calendar quarter prior to the eligibility date, but excluding all other employees, managers, confidential employees, guards, and statutory supervisors as defined in the Act.",NA,NA,NA,27,2015-07-01,2015-04-01,"101-500",TRUE,"RC","Yes","United Food and Commercial Workers Union, Local 1459, Transit Division",1,"UFCW",0.306930693069307,"No",21
"01-RC-154198","Region 01, Boston, Massachusetts","EVERSOURCE ENERGY SERVICE COMPANY",2015-06-16,2015-07-16,"Manchester","NH","A",2015-07-08,130,1,"International Brotherhood of Electrical Workers, Local 1837",60,NA,NA,NA,NA,64,124,NA,1,NA,NA,"Initial","Single Labor Organization","Certification of Results","Closed","All Customer Service Representatives II, Customer Service Representatives III, Customer Service Representatives IV, and Customer Service Representatives V employed by the Employer at its Manchester, New Hampshire Customer Care Center but excluding all other employees, credit counselors, managers, guards, and supervisors as defined in the Act.",NA,NA,NA,22,2015-07-01,2015-04-01,"101-500",TRUE,"RC","Yes","International Brotherhood of Electrical Workers, Local 1837",1,"IBEW",0.483870967741935,"No",6
"01-RC-147033","Region 01, Boston, Massachusetts","WMUR-TV HEARST PROPERTIES INC.",2015-02-25,2015-04-17,"MANCHESTER","NH","A",2015-04-06,20,NA,"INTERNATIONAL BROTHERHOOD OF ELECTRICAL WORKERS, LOCAL 1228",15,NA,NA,NA,NA,4,19,NA,NA,NA,"INTERNATIONAL BROTHERHOOD OF ELECTRICAL WORKERS, LOCAL 1228","Initial","Single Labor Organization","Certific. of Representative","Closed",NA,NA,NA,NA,40,2015-04-01,2015-01-01,"11-25",TRUE,"RC","Yes","INTERNATIONAL BROTHERHOOD OF ELECTRICAL WORKERS, LOCAL 1228",1,"IBEW",0.789473684210526,"Yes",1
"01-RC-143778","Region 01, Boston, Massachusetts","FIRST STUDENT",2015-01-05,2015-02-25,"DERRY","NH","A",2015-02-13,1,NA,"INTERNATIONAL BROTHERHOOD OF TEAMSTERS LOCAL UNION NO. 633",1,NA,NA,NA,NA,0,1,NA,NA,NA,"INTERNATIONAL BROTHERHOOD OF TEAMSTERS LOCAL UNION NO. 633","Initial","Single Labor Organization","Certific. of Representative","Closed","INCLUDED:  ALL TECHNICIANS IN CHARGE EMPLOYED BY THE EMPLOYER AT ITS DERRY, NEW HAMPSHIRE FACILITY

EXCLUDED:  ALL OTHER EMPLOYEES, OFFICE AND CLERICAL EMPLOYEES, PROFESSIONAL EMPLOYEES, CONFIDENTIAL EMPLOYEES, MANAGERS, GUARDS, AND SUPERVISORS AS DEFINED IN THE ACT.",NA,NA,NA,39,2015-01-01,2015-01-01,"<5",TRUE,"RC","Yes","INTERNATIONAL BROTHERHOOD OF TEAMSTERS LOCAL UNION NO. 633",1,"Teamsters",1,"Yes",0
"01-UC-143192","Region 01, Boston, Massachusetts","FIRST STUDENT",2014-12-19,2015-08-24,"DERRY","NH",NA,NA,20,NA,NA,NA,NA,NA,NA,NA,NA,NA,NA,NA,NA,NA,NA,NA,"Withdrawal Non-adjusted","Closed",NA,NA,NA,NA,NA,NA,2014-10-01,"11-25",TRUE,"UC","No",NA,0,"Uncoded",NA,"Other",NA
"01-RC-141130","Region 01, Boston, Massachusetts","FIRST STUDENT INC.",2014-11-18,2015-01-20,"TILTON","NH","A",2015-01-09,63,NA,"INTERNATIONAL BROTHERHOOD OF TEAMSTERS, CHAUFFEURS, AND HELPERS LOCAL UNION NO. 633",39,NA,NA,NA,NA,14,53,NA,NA,NA,"INTERNATIONAL BROTHERHOOD OF TEAMSTERS, CHAUFFEURS, AND HELPERS LOCAL UNION NO. 633","Initial","Single Labor Organization","Certific. of Representative","Closed","All full time and regular part time bus drivers employed by the Employer at its Tilton and Bristol, NH locations, but excluding all other employees, guards, managers, and supervisors as defined in the Act.",NA,NA,NA,52,2015-01-01,2014-10-01,"51-100",TRUE,"RC","Yes","INTERNATIONAL BROTHERHOOD OF TEAMSTERS, CHAUFFEURS, AND HELPERS LOCAL UNION NO. 633",1,"Teamsters",0.735849056603774,"Yes",10
"01-RC-138009","Region 01, Boston, Massachusetts","Con-way Freight Inc.",2014-10-02,2014-11-20,"MANCHESTER","NH","A",2014-11-13,45,NA,"INTERNATIONAL BROTHERHOOD OF TEAMSTERS, LOCAL 633 OF NEW HAMPSHIRE",15,NA,NA,NA,NA,29,44,NA,1,NA,NA,"Initial","Single Labor Organization","Certification of Results","Closed","And full time and regular part time drivers/sales representatives, and dock workers employed by the Employer at its 56 Pine Street, Manchester, NH, facility but excluding all other employees, professional employees, guards, and supervisors as defined in the Act.",NA,NA,NA,42,2014-10-01,2014-10-01,"26-50",TRUE,"RC","Yes","INTERNATIONAL BROTHERHOOD OF TEAMSTERS, LOCAL 633 OF NEW HAMPSHIRE",1,"Teamsters",0.340909090909091,"No",1
"01-RC-135960","Region 01, Boston, Massachusetts","DECCO, INC.",2014-09-04,2014-10-28,"BROOKLINE","NH","A",2014-10-17,88,NA,"UNITED ASSOCIATION OF JOURNEYMEN AND APPRENTICES, PLUMBERS, PIPEFITTERS, SPRINKLER FITTERS AND SERVICE TECHNICIANS, LOCAL 537",17,NA,NA,NA,NA,68,85,NA,2,NA,NA,"Initial","Single Labor Organization","Certification of Results","Closed","All full time and regular part time pipefitters, welders, apprentice pipefitters, apprentice welders, lead pipefitters, lead welders, pipefitting foremen, and welding foremen employed by the Employer at its Brookline, NH location, but excluding all other employees, crafts, office clerical employees, employees of temporary help agencies, managers, sales personnel, guards, and supervisors as defined by the Act.",NA,NA,NA,43,2014-10-01,2014-07-01,"51-100",TRUE,"RC","Yes","UNITED ASSOCIATION OF JOURNEYMEN AND APPRENTICES, PLUMBERS, PIPEFITTERS, SPRINKLER FITTERS AND SERVICE TECHNICIANS, LOCAL 537",1,"UA",0.2,"No",3
"01-RC-135074","Region 01, Boston, Massachusetts","FIRST STUDENT, INC.",2014-08-20,2014-10-07,"MILFORD","NH","A",2014-09-26,41,NA,"CHAUFFEURS, WAREHOUSEMEN AND HELPERS OF AMERICA LOCAL UNION NO. 633, A/W INTERNATIONAL BROTHERHOOD OF TEAMSTERS",34,NA,NA,NA,NA,6,40,NA,NA,NA,"CHAUFFEURS, WAREHOUSEMEN AND HELPERS OF AMERICA LOCAL UNION NO. 633, A/W INTERNATIONAL BROTHERHOOD OF TEAMSTERS","Initial","Single Labor Organization","Certific. of Representative","Closed","All full-time and regular part-time bus drivers employed by the Employer at its 211 Mont Vernon Road, Milford, New Hampshire facility but excluding all other employees, managers, guards, and supervisors as defined in the Act.",NA,NA,NA,37,2014-07-01,2014-07-01,"26-50",TRUE,"RC","Yes","CHAUFFEURS, WAREHOUSEMEN AND HELPERS OF AMERICA LOCAL UNION NO. 633, A/W INTERNATIONAL BROTHERHOOD OF TEAMSTERS",1,"Teamsters",0.85,"Yes",1
"01-RC-127890","Region 01, Boston, Massachusetts","PEPSI BEVERAGES COMPANY",2014-05-05,2014-06-23,"MANCHESTER","NH","A",2014-06-12,16,NA,"INTERNATIONAL BROTHERHOOD OF TEAMSTERS LOCAL 633",11,NA,NA,NA,NA,5,16,NA,NA,NA,"INTERNATIONAL BROTHERHOOD OF TEAMSTERS LOCAL 633","Initial","Single Labor Organization","Certific. of Representative","Closed","All full-time and regular part-time pre-sell representatives employed by the Employer out of its 127 Pepsi Road, Manchester, New Hampshire facility; excluding all other employees, managerial employees, office clerical employees, guards and supervisors as defined in the Act.",NA,NA,NA,38,2014-04-01,2014-04-01,"11-25",TRUE,"RC","Yes","INTERNATIONAL BROTHERHOOD OF TEAMSTERS LOCAL 633",1,"Teamsters",0.6875,"Yes",0
"01-UD-122889","Region 01, Boston, Massachusetts","PARAGON SYSTEMS INC.",2014-02-20,2015-08-26,"MANCHESTER","NH",NA,NA,12,NA,NA,NA,NA,NA,NA,NA,NA,NA,NA,NA,NA,NA,NA,NA,"Dismissal Non-adjusted","Closed",NA,NA,NA,NA,NA,NA,2014-01-01,"11-25",TRUE,"UD","No",NA,0,"Uncoded",NA,"Other",NA
"01-RC-121590","Region 01, Boston, Massachusetts","FIRST STUDENT, INC.",2014-01-31,2014-03-10,"SWANZEY","NH","A",2014-02-25,1,NA,"CHAUFFEURS, WAREHOUSEMEN AND HELPERS LOCAL 633 OF NEW HAMPSHIRE, A/W INTERNATIONAL BROTHERHOOD OF TEAMSTERS",1,NA,NA,NA,NA,0,1,NA,NA,NA,"CHAUFFEURS, WAREHOUSEMEN AND HELPERS LOCAL 633 OF NEW HAMPSHIRE, A/W INTERNATIONAL BROTHERHOOD OF TEAMSTERS","Initial","Single Labor Organization","Certific. of Representative","Closed","All techs-in-charge employed by the Employer at its Swanzey, New Hampshire facility but, excluding all other employees, office and clerical employees, professional employees, confidential employees, managers, guards, and supervisors as defined in the Act.",NA,NA,NA,25,2014-01-01,2014-01-01,"<5",TRUE,"RC","Yes","CHAUFFEURS, WAREHOUSEMEN AND HELPERS LOCAL 633 OF NEW HAMPSHIRE, A/W INTERNATIONAL BROTHERHOOD OF TEAMSTERS",1,"Teamsters",1,"Yes",0
"01-UC-120022","Region 01, Boston, Massachusetts","FIRST STUDENT BUS, SWANZEY",2014-01-06,2014-01-31,"SWANZEY","NH",NA,NA,80,NA,NA,NA,NA,NA,NA,NA,NA,NA,NA,NA,NA,NA,NA,NA,"Withdrawal Non-adjusted","Closed",NA,NA,NA,NA,NA,NA,2014-01-01,"51-100",TRUE,"UC","No",NA,0,"Uncoded",NA,"Other",NA
"01-RD-115858","Region 01, Boston, Massachusetts","W. H. BAGSHAW COMPANY",2013-10-29,2013-11-05,"Nashua","NH",NA,NA,16,NA,NA,NA,NA,NA,NA,NA,NA,NA,NA,NA,NA,NA,NA,NA,"Withdrawal Non-adjusted","Closed",NA,NA,NA,NA,NA,NA,2013-10-01,"11-25",TRUE,"RD","No",NA,0,"Uncoded",NA,"Other",NA
"01-RC-103378","Region 01, Boston, Massachusetts","First Student, Inc.",2013-04-23,2013-06-11,"Belmont","NH","A",2013-05-31,8,NA,"BELMONT BUS DRIVERS ASSOCIATION",49,NA,NA,NA,NA,2,58,NA,NA,NA,"BELMONT BUS DRIVERS ASSOCIATION","Initial","Single Labor Organization","Certific. of Representative","Closed","All full-time and regular part-time bus drivers employed by the Employer at its 592 Laconia Road Rte 106, Belmont, NH location who drive buses in either Belmont or surrounding towns, including spare and casual drivers, but excluding all other employees, guards and supervisors as defined in the Act.",NA,NA,NA,38,2013-04-01,2013-04-01,"6-10",TRUE,"RC","Yes","BELMONT BUS DRIVERS ASSOCIATION",0,"Uncoded",0.96078431372549,"Yes",-43
"01-RC-103352","Region 01, Boston, Massachusetts","Public Service of New Hampshire",2013-04-22,2013-06-14,"Manchester","NH","A",2013-06-03,4,NA,"INTERNATIONAL BROTHERHOOD OF ELECTRICAL WORKERS, LOCAL 1837",4,NA,NA,NA,NA,0,4,NA,NA,NA,"INTERNATIONAL BROTHERHOOD OF ELECTRICAL WORKERS, LOCAL 1837","Initial","Single Labor Organization","Certific. of Representative","Closed","All full-time and regular part-time building mechanics and attendants employed by the Employer at its 73 West Brook Street, Manchester, New Hampshire facility, but excluding all other employees, guards, and supervisors as defined in the Act.
If a majority of valid ballots are cast for the International Brotherhood of Electrical Workers, Local 1837, they will be taken to have indicated the employees' desire to be included in the existing bargaining unit of employees subject to the June 1, 2010-May 31, 2013 collective-bargaining agreement between the International Brotherhood of Electrical Workers, Local 1837 and Public Service Company of New Hampshire.  If a majority of valid ballots are not cast for the International Brotherhood of Electrical Workers, Local 1837, they will be taken to have indicated the employees' desire to remain unrepresented.",NA,NA,NA,42,2013-04-01,2013-04-01,"<5",TRUE,"RC","Yes","INTERNATIONAL BROTHERHOOD OF ELECTRICAL WORKERS, LOCAL 1837",1,"IBEW",1,"Yes",0
"01-RC-102607","Region 01, Boston, Massachusetts","First Student, Inc.",2013-04-12,2013-04-25,"Belmont","NH",NA,NA,80,NA,NA,NA,NA,NA,NA,NA,NA,NA,NA,NA,NA,NA,NA,NA,"Withdrawal Non-adjusted","Closed",NA,NA,NA,NA,NA,NA,2013-04-01,"51-100",TRUE,"RC","No",NA,0,"Uncoded",NA,"Other",NA
"01-RM-101152","Region 01, Boston, Massachusetts","Cummins Northeast",2013-03-26,2013-04-01,"Concord","NH",NA,NA,2,NA,NA,NA,NA,NA,NA,NA,NA,NA,NA,NA,NA,NA,NA,NA,"Withdrawal Non-adjusted","Closed",NA,NA,NA,NA,NA,NA,2013-01-01,"<5",TRUE,"RM","No",NA,0,"Uncoded",NA,"Other",NA
"01-RC-099489","Region 01, Boston, Massachusetts","ROTOBEC, USA",2013-03-04,2013-04-22,"Littleton","NH","A",2013-04-10,5,NA,"INTERNATIONAL ASSOCIATION OF MACHINISTS & AEROSPACE WORKERS, AFL-CIO",1,NA,NA,NA,NA,4,5,NA,1,NA,NA,"Initial","Single Labor Organization","Certification of Results","Closed","All full-time and regular part-time machinists employed by the Employer at its Littleton, NH location, but excluding all other employees and supervisors, as defined by the Act.",NA,NA,NA,37,2013-04-01,2013-01-01,"<5",TRUE,"RC","Yes","INTERNATIONAL ASSOCIATION OF MACHINISTS & AEROSPACE WORKERS, AFL-CIO",1,"IAM",0.2,"No",0
"01-RC-099435","Region 01, Boston, Massachusetts","Northeast Utilities Service Company",2013-03-01,2013-08-12,"Manchester","NH","A",2013-07-31,159,NA,"INTERNATIONAL BROTHERHOOD OF ELECTRICAL WORKERS UNION LOCAL 1837, AFL-CIO",55,NA,NA,NA,NA,93,148,NA,NA,NA,NA,"Initial","Single Labor Organization","Certification of Results","Closed","All full-time and regular part-time Customer Service Representatives II, Customer Service Representatives III, and Customer Service Representatives IV employed by the Employer at its Manchester, New Hampshire Customer Care Center but excluding all other employees, credit counselors, managers, guards, and supervisors as defined in the Act.",NA,NA,NA,152,2013-07-01,2013-01-01,"101-500",TRUE,"RC","Yes","INTERNATIONAL BROTHERHOOD OF ELECTRICAL WORKERS UNION LOCAL 1837, AFL-CIO",1,"IBEW",0.371621621621622,"No",11
"01-UC-097553","Region 01, Boston, Massachusetts","Cummins Northeast",2013-02-04,2013-04-08,"Concord","NH",NA,NA,41,NA,NA,NA,NA,NA,NA,NA,NA,NA,NA,NA,NA,NA,NA,NA,"Withdrawal Non-adjusted","Closed",NA,NA,NA,NA,NA,NA,2013-01-01,"26-50",TRUE,"UC","No",NA,0,"Uncoded",NA,"Other",NA
"01-RD-096640","Region 01, Boston, Massachusetts","STUDENT TRANSPORTATION OF AMERICA",2013-01-18,2013-04-04,"Merrimack","NH",NA,NA,50,NA,NA,NA,NA,NA,NA,NA,NA,NA,NA,NA,NA,NA,NA,NA,"Dismissal Non-adjusted","Closed",NA,NA,NA,NA,NA,NA,2013-01-01,"26-50",TRUE,"RD","No",NA,0,"Uncoded",NA,"Other",NA
"01-RD-093600","Region 01, Boston, Massachusetts","Student Transportation of America",2012-11-21,2013-01-24,"Merrimack","NH",NA,NA,49,NA,NA,NA,NA,NA,NA,NA,NA,NA,NA,NA,NA,NA,NA,NA,"Dismissal Non-adjusted","Closed",NA,NA,NA,NA,NA,NA,2012-10-01,"26-50",TRUE,"RD","No",NA,0,"Uncoded",NA,"Other",NA
"01-RC-091771","Region 01, Boston, Massachusetts","Redimix Companies, Inc.",2012-10-22,2012-12-18,"Manchester","NH","A",2012-12-07,45,NA,"INTERNATIONAL BROTHERHOOD OF TEAMSTERS, CHAUFFEURS, WAREHOUSEMEN AND HELPERS OF AMERICA, LOCAL 633",22,NA,NA,NA,NA,23,45,NA,NA,NA,NA,"Initial","Single Labor Organization","Certification of Results","Closed","All regular full time and part time loader operators and mechanics at the Manchester facility, all loader operators and drivers at the Bow facility, all loader operators, mechanics and drivers at the Dover facility, all loader operators, mechanics and drivers at the Berwick facility, all loader operators and drivers at the Amherst facility and all north mechanics at the Winnisquam facility. Excluding all other employees, guards and supervisors as defined in the Act.",NA,NA,NA,46,2012-10-01,2012-10-01,"26-50",TRUE,"RC","Yes","INTERNATIONAL BROTHERHOOD OF TEAMSTERS, CHAUFFEURS, WAREHOUSEMEN AND HELPERS OF AMERICA, LOCAL 633",1,"Teamsters",0.488888888888889,"No",0
"01-RC-091769","Region 01, Boston, Massachusetts","Redimix Companies, Inc.",2012-10-22,2012-11-05,"Manchester","NH",NA,NA,19,NA,NA,NA,NA,NA,NA,NA,NA,NA,NA,NA,NA,NA,NA,NA,"Withdrawal Non-adjusted","Closed",NA,NA,NA,NA,NA,NA,2012-10-01,"11-25",TRUE,"RC","No",NA,0,"Uncoded",NA,"Other",NA
"01-RC-091094","Region 01, Boston, Massachusetts","Redi-Mix",2012-10-11,2012-10-24,"Manchester","NH",NA,NA,37,NA,NA,NA,NA,NA,NA,NA,NA,NA,NA,NA,NA,NA,NA,NA,"Withdrawal Non-adjusted","Closed",NA,NA,NA,NA,NA,NA,2012-10-01,"26-50",TRUE,"RC","No",NA,0,"Uncoded",NA,"Other",NA
"01-RC-090572","Region 01, Boston, Massachusetts","First Student, Inc.",2012-10-03,2012-10-17,"Salem","NH",NA,NA,16,NA,NA,NA,NA,NA,NA,NA,NA,NA,NA,NA,NA,NA,NA,NA,"Withdrawal Non-adjusted","Closed",NA,NA,NA,NA,NA,NA,2012-10-01,"11-25",TRUE,"RC","No",NA,0,"Uncoded",NA,"Other",NA
"01-RD-089607","Region 01, Boston, Massachusetts","Kennel Club Concessions",2012-09-20,2012-11-13,"Seabrook","NH","A",2012-11-01,17,NA,"CHEMICAL AND PRODUCTION WORKERS UNION, LOCAL 30",0,NA,NA,NA,NA,7,7,NA,NA,NA,NA,"Initial","Single Labor Organization","Certification of Results","Closed",NA,NA,NA,NA,42,2012-10-01,2012-07-01,"11-25",TRUE,"RD","Yes","CHEMICAL AND PRODUCTION WORKERS UNION, LOCAL 30",0,"Uncoded",0,"No",10
"01-RC-085976","Region 01, Boston, Massachusetts","UNTIL Energy Systems, Inc.",2012-07-25,2012-09-17,"Portsmouth","NH","A",2012-09-05,5,NA,"International Brotherhood of Electrical Workers, Local 1837",3,NA,NA,NA,NA,2,5,NA,NA,NA,"International Brotherhood of Electrical Workers, Local 1837","Initial","Single Labor Organization","Certific. of Representative","Closed","All full time and regular part time electric system operators employed by the Employer at its Portsmouth, NH location, but excluding all other employees, guards, and supervisors, as defined in the Act.",NA,NA,NA,42,2012-07-01,2012-07-01,"<5",TRUE,"RC","Yes","International Brotherhood of Electrical Workers, Local 1837",1,"IBEW",0.6,"Yes",0
"01-RC-076317","Region 01, Boston, Massachusetts","New Hampshire Electric Cooperative, Inc.",2012-03-12,2012-04-27,"Plymouth","NH",NA,NA,4,NA,NA,NA,NA,NA,NA,NA,NA,NA,NA,NA,NA,NA,NA,NA,"Withdrawal Non-adjusted","Closed",NA,NA,NA,NA,NA,NA,2012-01-01,"<5",TRUE,"RC","No",NA,0,"Uncoded",NA,"Other",NA
"01-RC-072536","Region 01, Boston, Massachusetts","Whitestone Group, Inc.",2012-01-17,2012-01-26,"Nashua","NH",NA,NA,30,NA,NA,NA,NA,NA,NA,NA,NA,NA,NA,NA,NA,NA,NA,NA,"Withdrawal Non-adjusted","Closed",NA,NA,NA,NA,NA,NA,2012-01-01,"26-50",TRUE,"RC","No",NA,0,"Uncoded",NA,"Other",NA
"01-RD-070353","Region 01, Boston, Massachusetts","Ryder Transportation Services",2011-12-08,2012-01-31,"Portsmouth","NH","A",2012-01-19,12,NA,"International Association of Machinists & Aerospace Workers, AFL-CIO, DISTRICT 15, LOCAL 264",7,NA,NA,NA,NA,5,12,NA,NA,NA,"International Association of Machinists & Aerospace Workers, AFL-CIO, DISTRICT 15, LOCAL 264","Initial","Single Labor Organization","Certific. of Representative","Closed","All full-time and regular part-time technicians, technicians-in-charge and service employees employed by the Employer out of its 114 Gosling Road, Portsmouth, New Hampshire facility, including those employed by the Employer at the Coca-Cola plant in Seabrook, New Hampshire but excluding all other employees, office clerical employees, professional employees, guards and supervisors as defined in the Act.",NA,NA,NA,42,2012-01-01,2011-10-01,"11-25",TRUE,"RD","Yes","International Association of Machinists & Aerospace Workers, AFL-CIO, DISTRICT 15, LOCAL 264",1,"IAM",0.583333333333333,"Yes",0
"01-RC-064709","Region 01, Boston, Massachusetts","G4S Regulated Security Solutions",2011-09-19,2012-02-13,"Seabrook","NH",NA,NA,20,NA,NA,NA,NA,NA,NA,NA,NA,NA,NA,NA,NA,NA,NA,NA,"Dismissal Non-adjusted","Closed",NA,NA,NA,NA,NA,NA,2011-07-01,"11-25",TRUE,"RC","No",NA,0,"Uncoded",NA,"Other",NA
"01-RC-063933","Region 01, Boston, Massachusetts","Bob's Discount Furniture",2011-09-06,2011-10-28,"Manchester","NH","A",2011-10-17,27,NA,"UNITED FOOD & COMMERCIAL WORKERS INTERNATIONAL UNION, LOCAL 1445",16,NA,NA,NA,NA,10,26,NA,NA,NA,"UNITED FOOD & COMMERCIAL WORKERS UNION, LOCAL 1445","Initial","Single Labor Organization","Certific. of Representative","Closed","All full time and regular part time sales associates, warehouse employees, and clerical employees employed by the Employer at its 1875 South Willow Street, Manchester, New Hampshire 03103 location, but excluding all other employees, guards, and supervisors as defined by the Act",NA,NA,NA,41,2011-10-01,2011-07-01,"26-50",TRUE,"RC","Yes","UNITED FOOD & COMMERCIAL WORKERS INTERNATIONAL UNION, LOCAL 1445",1,"UFCW",0.615384615384615,"Yes",1
"01-RD-062053","Region 01, Boston, Massachusetts","Path Ways of the River Valley",2011-08-04,2011-10-12,"Claremont","NH","A",2011-09-30,125,NA,"AMERICAN FEDERATION OF STATE COUNCIL AND MUNICIPAL EMPLOYEES, A/W UNITED EMERGENCY MEDICAL SERVICE WORKERS, LOCAL 4911(AFSCME), AFL-CIO",42,NA,NA,NA,NA,52,94,NA,1,NA,NA,"Initial","Single Labor Organization","Certification of Results","Closed",NA,NA,NA,NA,57,2011-07-01,2011-07-01,"101-500",TRUE,"RD","Yes","AMERICAN FEDERATION OF STATE COUNCIL AND MUNICIPAL EMPLOYEES, A/W UNITED EMERGENCY MEDICAL SERVICE WORKERS, LOCAL 4911(AFSCME), AFL-CIO",1,"AFSCME",0.446808510638298,"No",31
"01-RC-022542","Region 01, Boston, Massachusetts","Universal Recycling Technologies",2011-05-06,2011-06-28,"Dover","NH","A",2011-06-16,57,NA,"CHAUFFEURS, WAREHOUSEMEN AND HELPERS OF AMERICA LOCAL UNION NO. 633 OF NEW HAMPSHIRE, A/W INTERNATIONAL BROTHERHOOD OF TEAMSTERS",18,NA,NA,NA,NA,34,52,NA,2,NA,NA,"Initial","Single Labor Organization","Certification of Results","Closed","All full time and regular part time shipping /receiving employees, maintenance employees, disessemblers, assets, machine operators, custodians, fork lift operators, laborers, glassline sorters, tube loaders, lamps, truckdrivers/cdl and universal waste employees employed by the Employer at its Dover, NH facility, but excluding all other employees, office clerical employees, managerial employees, guards and supervisors as defined in the Act.",NA,NA,NA,41,2011-04-01,2011-04-01,"51-100",TRUE,"RC","Yes","CHAUFFEURS, WAREHOUSEMEN AND HELPERS OF AMERICA LOCAL UNION NO. 633 OF NEW HAMPSHIRE, A/W INTERNATIONAL BROTHERHOOD OF TEAMSTERS",1,"Teamsters",0.346153846153846,"No",5
"01-UD-000302","Region 01, Boston, Massachusetts","St. Vincent de Paul Rehabilitation and Nursing Center",2010-12-28,2011-04-25,"Berlin","NH",NA,NA,15,NA,NA,NA,NA,NA,NA,NA,NA,NA,NA,NA,NA,NA,NA,NA,"Certification of Results","Closed",NA,NA,NA,NA,NA,NA,2010-10-01,"11-25",TRUE,"UD","No",NA,0,"Uncoded",NA,"No",NA
"01-UD-000301","Region 01, Boston, Massachusetts","St. Vincent de Paul Rehabilitation & Nursing Center",2010-12-28,2011-04-25,"Berlin","NH",NA,NA,116,NA,NA,NA,NA,NA,NA,NA,NA,NA,NA,NA,NA,NA,NA,NA,"Certification of Results","Closed",NA,NA,NA,NA,NA,NA,2010-10-01,"101-500",TRUE,"UD","No",NA,0,"Uncoded",NA,"No",NA
"01-RD-002152","Region 01, Boston, Massachusetts","First Student",2010-12-09,2010-12-15,"Belmont","NH",NA,NA,85,NA,NA,NA,NA,NA,NA,NA,NA,NA,NA,NA,NA,NA,NA,NA,"Withdrawal Non-adjusted","Closed",NA,NA,NA,NA,NA,NA,2010-10-01,"51-100",TRUE,"RD","No",NA,0,"Uncoded",NA,"Other",NA
"01-RD-002150","Region 01, Boston, Massachusetts","Midwest ATC",2010-11-10,2010-12-28,"West Lebanon","NH","A",2010-12-17,5,NA,"NATIONAL AIR TRAFFIC CONTROLLERS ASSOCIATION (NATCA)",1,NA,NA,NA,NA,3,4,"N",NA,"N","NATIONAL AIR TRAFFIC CONTROLLERS ASSOCIATION (NATCA)","Initial","Single Labor Organization","Certification of Results","Closed","All full time and regular part time air traffic controllers employed by the Employer at the West Lebanon, New Hampshire  Airport, 10 Airport Road, West Lebanon, New Hampshire but excluding all other employees, office clerical employees, air traffic c",NA,NA,NA,37,2010-10-01,2010-10-01,"<5",TRUE,"RD","Yes","NATIONAL AIR TRAFFIC CONTROLLERS ASSOCIATION (NATCA)",1,"NATCA",0.25,"No",1
"01-RC-022466","Region 01, Boston, Massachusetts","First Student",2010-06-25,2010-10-25,"North Hampton","NH","A",2010-10-06,76,NA,"INTERNATIONAL BROTHERHOOD OF TEAMSTERS, LOCAL 633",29,NA,NA,NA,NA,39,68,"N",1,"N",NA,"Initial","Single Labor Organization","Certification of Results","Closed","All full-time and regular part-time school bus drivers employed by the Employer at its North Hampton, NH facility, but excluding all other employees, office clerical employees, managerial employees, guards and supervisors as defined in the Act.",NA,NA,NA,103,2010-10-01,2010-04-01,"51-100",TRUE,"RC","Yes","INTERNATIONAL BROTHERHOOD OF TEAMSTERS, LOCAL 633",1,"Teamsters",0.426470588235294,"No",8
"01-RC-022463","Region 01, Boston, Massachusetts","MVM, Inc.",2010-06-07,2010-08-02,"Manchester","NH","A",2010-07-22,51,NA,"UNITED GOVERNMENT, SECURITY OFFICERS OF AMERICA, LOCAL NO. 273",37,NA,NA,NA,NA,2,39,"N",3,"N","UNITED GOVERNMENT, SECURITY OFFICERS OF AMERICA, LOCAL NO. 273","Initial","Single Labor Organization","Certific. of Representative","Closed","All full-time and regular part-time security officers performing guard duties as defined in Section 9(b)(3) of the National Labor Relations Act, as amended, who are employed by  MVM, Inc. and who work in the federal buildings located at: 

80 Danie",NA,NA,NA,45,2010-07-01,2010-04-01,"51-100",TRUE,"RC","Yes","UNITED GOVERNMENT, SECURITY OFFICERS OF AMERICA, LOCAL NO. 273",0,"Uncoded",0.948717948717949,"Yes",12
"02-RC-023485",NA,"Ashton Management A/A/F Hudson Piers Associates LP",2010-05-12,2010-06-14,"New York","NH","A",2010-06-04,2,0,"Local 713, International Brotherhood of Trade Unions, IUJAT",2,NA,NA,NA,NA,0,2,"N",0,"N","Local 713, International Brotherhood of Trade Unions, IUJAT","Initial","Single Labor Organization","Certific. of Representative","Closed",NA,NA,NA,NA,23,2010-04-01,2010-04-01,"<5",FALSE,"RC","Yes","Local 713, International Brotherhood of Trade Unions, IUJAT",1,"IUJAT",1,"Yes",0
"01-RC-022454","Region 01, Boston, Massachusetts","First Student, Inc.",2010-05-07,2010-06-21,"Nashua","NH","A",2010-06-10,4,NA,"INTERNATIONAL BROTHERHOOD OF TEAMSTERS, CHAUFFEURS AND HELPERS LOCAL UNION  NO 633",3,NA,NA,NA,NA,0,3,"N",NA,"N","INTERNATIONAL BROTHERHOOD OF TEAMSTERS, CHAUFFEURS AND HELPERS LOCAL UNION  NO 633","Initial","Single Labor Organization","Certific. of Representative","Closed","All technicians employed by the Employer at its Nashua, NH facility, but excluding all other employees, office clerical, managers, guards and supervisors as defined in the Act.",NA,NA,NA,34,2010-04-01,2010-04-01,"<5",TRUE,"RC","Yes","INTERNATIONAL BROTHERHOOD OF TEAMSTERS, CHAUFFEURS AND HELPERS LOCAL UNION  NO 633",1,"Teamsters",1,"Yes",1
"01-RC-022454",NA,"First Student, Inc.",2010-05-07,2010-06-21,"Nashua","NH","A",2010-06-10,4,0,"International Brotherhood of Teamsters, Chauffeurs and Helpers Local Union  No 633",3,NA,NA,NA,NA,0,3,"N",0,"N","International Brotherhood of Teamsters, Chauffeurs and Helpers Local Union  No 633","Initial","Single Labor Organization","Certific. of Representative","Closed",NA,NA,NA,NA,34,2010-04-01,2010-04-01,"<5",FALSE,"RC","Yes","International Brotherhood of Teamsters, Chauffeurs and Helpers Local Union  No 633",1,"Teamsters",1,"Yes",1
"01-RC-022450","Region 01, Boston, Massachusetts","Pathways of The River Valley",2010-04-30,2010-06-30,"Claremont","NH","A",2010-06-16,150,1,"AMERICAN FEDERATION OF STATE, COUNTY AND MUNICIPAL EMPLOYEES COUNCIL 93, AFL-CIO",62,NA,NA,NA,NA,58,120,"N",2,"N","AMERICAN FEDERATION OF STATE, COUNTY AND MUNICIPAL EMPLOYEES COUNCIL 93, AFL-CIO","Initial","Single Labor Organization","Certific. of Representative","Closed",NA,NA,NA,NA,47,2010-04-01,2010-04-01,"101-500",TRUE,"RC","Yes","AMERICAN FEDERATION OF STATE, COUNTY AND MUNICIPAL EMPLOYEES COUNCIL 93, AFL-CIO",1,"AFSCME",0.516666666666667,"Yes",30
"01-RC-022442","Region 01, Boston, Massachusetts","New Hampshire Electric Cooperative, Inc.",2010-04-07,2010-06-01,"Plymouth","NH","A",2010-05-19,4,NA,"INTERNATIONAL BROTHERHOOD OF ELECTRICAL WORKERS, LOCAL 1837, AFL-CIO",2,NA,NA,NA,NA,2,4,"N",NA,"N",NA,"Initial","Single Labor Organization","Certification of Results","Closed","All full time and regular part time meter service specialists employed by the Employer in the State of New Hampshire, but excluding all other employees, guards and supervisors as defined in the Act.",NA,NA,NA,42,2010-04-01,2010-04-01,"<5",TRUE,"RC","Yes","INTERNATIONAL BROTHERHOOD OF ELECTRICAL WORKERS, LOCAL 1837, AFL-CIO",1,"IBEW",0.5,"No",0
"01-RC-022440","Region 01, Boston, Massachusetts","First Student",2010-03-24,2010-05-17,"Moultonborough","NH","A",2010-05-05,39,NA,"INTERNATIONAL BROTHERHOOD OF TEAMSTERS, CHAUFFEURS, AND HELPERS LOCAL UNION NO. 633",27,NA,NA,NA,NA,7,34,"N",NA,"N","INTERNATIONAL BROTHERHOOD OF TEAMSTERS, CHAUFFEURS, AND HELPERS LOCAL UNION NO. 633","Initial","Single Labor Organization","Certific. of Representative","Closed","All full time and regular part time school bus drivers employed by the Employer at its Moultonborough, New Hampshire facility, but excluding all other employees, office clerical employees, monitors, dispatchers",NA,NA,NA,42,2010-04-01,2010-01-01,"26-50",TRUE,"RC","Yes","INTERNATIONAL BROTHERHOOD OF TEAMSTERS, CHAUFFEURS, AND HELPERS LOCAL UNION NO. 633",1,"Teamsters",0.794117647058823,"Yes",5
"01-RC-022434","Region 01, Boston, Massachusetts","First Student",2010-03-16,2010-05-04,"Salem","NH","A",2010-04-23,7,NA,"INTERNATIONAL BROTHERHOOD OF TEAMSTERS, CHAUFFEURS AND HELPERS LOCAL UNION  NO. 633",5,NA,NA,NA,NA,0,5,"N",2,"N","INTERNATIONAL BROTHERHOOD OF TEAMSTERS, CHAUFFEURS AND HELPERS LOCAL UNION  NO. 633","Initial","Single Labor Organization","Certific. of Representative","Closed","All full-time and regular part-time dispatchers and clerical employees employed by the Employer at its Salem, Derry, Exeter, Portsmouth, Dover and Rochester, New Hampshire locations, but excluding all other employees, drivers, monitors, technicians,",NA,NA,NA,38,2010-04-01,2010-01-01,"6-10",TRUE,"RC","Yes","INTERNATIONAL BROTHERHOOD OF TEAMSTERS, CHAUFFEURS AND HELPERS LOCAL UNION  NO. 633",1,"Teamsters",1,"Yes",2
"01-RC-022434",NA,"First Student",2010-03-16,2010-05-04,"Salem","NH","A",2010-04-23,7,0,"International Brotherhood of Teamsters, Chauffeurs and Helpers Local Union  No. 633",5,NA,NA,NA,NA,0,5,"N",2,"N","International Brotherhood of Teamsters, Chauffeurs and Helpers Local Union  No. 633","Initial","Single Labor Organization","Certific. of Representative","Closed",NA,NA,NA,NA,38,2010-04-01,2010-01-01,"6-10",FALSE,"RC","Yes","International Brotherhood of Teamsters, Chauffeurs and Helpers Local Union  No. 633",1,"Teamsters",1,"Yes",2
"01-RC-022436",NA,"First Student",2010-03-16,2010-05-04,"Various","NH","A",2010-04-22,4,NA,"International Brotherhood of Teamsters, Chauffeurs, and Helpers Local Union No. 633",4,NA,NA,NA,NA,0,4,"N",2,"N","International Brotherhood of Teamsters, Chauffeurs, and Helpers Local Union No. 633","Initial","Single Labor Organization","Certific. of Representative","Closed",NA,NA,NA,NA,37,2010-04-01,2010-01-01,"<5",FALSE,"RC","Yes","International Brotherhood of Teamsters, Chauffeurs, and Helpers Local Union No. 633",1,"Teamsters",1,"Yes",0
"01-RC-022435","Region 01, Boston, Massachusetts","First Student",2010-03-16,2010-05-04,"Salem","NH","A",2010-04-21,3,NA,"INTERNATIONAL BROTHERHOOD OF TEAMSTERS, CHAUFFEURS, AND HELPERS LOCAL UNION NO. 633",2,NA,NA,NA,NA,1,3,"N",NA,"N","INTERNATIONAL BROTHERHOOD OF TEAMSTERS, CHAUFFEURS, AND HELPERS LOCAL UNION NO. 633","Initial","Single Labor Organization","Certific. of Representative","Closed","All full time and regular part time mechanics employed by the Employer at its Plaistow, Rochester and Derry, New Hampshire facilities, but excluding all other employees, drivers, monitors, shop managers, office clerical employees, dispatchers,   tech",NA,NA,NA,36,2010-04-01,2010-01-01,"<5",TRUE,"RC","Yes","INTERNATIONAL BROTHERHOOD OF TEAMSTERS, CHAUFFEURS, AND HELPERS LOCAL UNION NO. 633",1,"Teamsters",0.666666666666667,"Yes",0
"01-RC-022433",NA,"First Student",2010-03-16,2010-04-30,"Swanzey","NH","A",2010-04-20,4,0,"International Brotherhood of Teamsters, Chauffeurs and Helpers Local Union No. 633",2,NA,NA,NA,NA,0,2,"N",1,"N","International Brotherhood of Teamsters, Chauffeurs and Helpers Local Union No. 633","Initial","Single Labor Organization","Certific. of Representative","Closed",NA,NA,NA,NA,35,2010-04-01,2010-01-01,"<5",FALSE,"RC","Yes","International Brotherhood of Teamsters, Chauffeurs and Helpers Local Union No. 633",1,"Teamsters",1,"Yes",2
"01-RC-022422","Region 01, Boston, Massachusetts","New Hampshire Electric Cooperative",2010-01-29,2010-03-15,"Plymouth","NH","A",2010-03-04,4,NA,"INTERNATIONAL BROTHERHOOD OF ELECTRICAL WORKERS LOCAL UNION NO. 1837, AFL-CIO",3,NA,NA,NA,NA,1,4,"N",NA,"N","INTERNATIONAL BROTHERHOOD OF ELECTRICAL WORKERS LOCAL UNION NO. 1837, AFL-CIO","Initial","Single Labor Organization","Certific. of Representative","Closed","All full time and regular part time warehouse employees including stockpersons/drivers, contracts coordinators, and warehouse/garage specialists employed by the Employer at its Plymouth, New Hampshire facility, but excluding all other employees, guar",NA,NA,NA,34,2010-01-01,2010-01-01,"<5",TRUE,"RC","Yes","INTERNATIONAL BROTHERHOOD OF ELECTRICAL WORKERS LOCAL UNION NO. 1837, AFL-CIO",1,"IBEW",0.75,"Yes",0
"01-RC-022398","Region 01, Boston, Massachusetts","First Student",2009-12-11,2010-02-01,"Salem","NH","A",2010-01-21,3,NA,"INTERNATIONAL BROTHERHOOD OF TEAMSTERS, CHAUFFEURS, AND HELPERS LOCAL UNION NO. 633",3,NA,NA,NA,NA,0,3,"N",NA,"N","INTERNATIONAL BROTHERHOOD OF TEAMSTERS, CHAUFFEURS, AND HELPERS LOCAL UNION NO. 633","Initial","Single Labor Organization","Certific. of Representative","Closed","All full time and regular part time mechanics employed by the Employer at its 51 Lowell Road, Salem, New Hampshire facility, but excluding all other employees, office clerical employees, drivers, dispatchers, monitors, technicians, managerial employe",NA,NA,NA,41,2010-01-01,2009-10-01,"<5",TRUE,"RC","Yes","INTERNATIONAL BROTHERHOOD OF TEAMSTERS, CHAUFFEURS, AND HELPERS LOCAL UNION NO. 633",1,"Teamsters",1,"Yes",0
"01-RC-022398",NA,"First Student",2009-12-11,2010-02-01,"Salem","NH","A",2010-01-21,3,0,"International Brotherhood of Teamsters, Chauffeurs, and Helpers Local Union No. 633",3,NA,NA,NA,NA,0,3,"N",0,"N","International Brotherhood of Teamsters, Chauffeurs, and Helpers Local Union No. 633","Initial","Single Labor Organization","Certific. of Representative","Closed",NA,NA,NA,NA,41,2010-01-01,2009-10-01,"<5",FALSE,"RC","Yes","International Brotherhood of Teamsters, Chauffeurs, and Helpers Local Union No. 633",1,"Teamsters",1,"Yes",0
"01-UC-000877","Region 01, Boston, Massachusetts","First Student",2009-12-09,2010-01-14,"Exeter","NH",NA,NA,1,NA,NA,NA,NA,NA,NA,NA,NA,NA,NA,NA,NA,NA,NA,NA,"Withdrawal Non-adjusted","Closed",NA,NA,NA,NA,NA,NA,2009-10-01,"<5",TRUE,"UC","No",NA,0,"Uncoded",NA,"Other",NA
"01-UC-000878","Region 01, Boston, Massachusetts","First Student",2009-12-09,2010-01-14,"Nashua","NH",NA,NA,1,NA,NA,NA,NA,NA,NA,NA,NA,NA,NA,NA,NA,NA,NA,NA,"Withdrawal Non-adjusted","Closed",NA,NA,NA,NA,NA,NA,2009-10-01,"<5",TRUE,"UC","No",NA,0,"Uncoded",NA,"Other",NA
"01-RC-022393","Region 01, Boston, Massachusetts","First Student",2009-12-01,2009-12-29,"Merrimack","NH","A",2009-12-18,2,NA,"INTERNATIONAL BROTHERHOOD OF TEAMSTERS, LOCAL 633",2,NA,NA,NA,NA,0,2,"N",NA,"N","INTERNATIONAL BROTHERHOOD OF TEAMSTERS, LOCAL 633","Initial","Single Labor Organization","Certific. of Representative","Closed","All full-time and regular part-time mechanics employed by the Employer at its 35 Railroad Avenue, Merrimack, NH location, but excluding all other employees,  technician-in-charge, office clerical employees,  dispatchers, drivers, monitors, managerial",NA,NA,NA,17,2009-10-01,2009-10-01,"<5",TRUE,"RC","Yes","INTERNATIONAL BROTHERHOOD OF TEAMSTERS, LOCAL 633",1,"Teamsters",1,"Yes",0
"01-RC-022394","Region 01, Boston, Massachusetts","First Student",2009-12-01,2009-12-29,"Merrimack","NH","A",2009-12-18,2,NA,"INTERNATIONAL BROTHERHOOD OF TEAMSTERS, LOCAL 633",2,NA,NA,NA,NA,0,2,"N",NA,"N","INTERNATIONAL BROTHERHOOD OF TEAMSTERS, LOCAL 633","Initial","Single Labor Organization","Certific. of Representative","Closed","All full-time and regular part-time dispatchers employed by the Employer at its 35 Railroad Avenue, Merrimack, NH location, but excluding all other employees, office clerical employees,  mechanics, drivers, monitors, managerial employees, guards and",NA,NA,NA,17,2009-10-01,2009-10-01,"<5",TRUE,"RC","Yes","INTERNATIONAL BROTHERHOOD OF TEAMSTERS, LOCAL 633",1,"Teamsters",1,"Yes",0
"01-RC-022393",NA,"First Student",2009-12-01,2009-12-29,"Merrimack","NH","A",2009-12-18,2,0,"International Brotherhood of Teamsters, Local 633",2,NA,NA,NA,NA,0,2,"N",0,"N","International Brotherhood of Teamsters, Local 633","Initial","Single Labor Organization","Certific. of Representative","Closed",NA,NA,NA,NA,17,2009-10-01,2009-10-01,"<5",FALSE,"RC","Yes","International Brotherhood of Teamsters, Local 633",1,"Teamsters",1,"Yes",0
"01-RC-022394",NA,"First Student",2009-12-01,2009-12-29,"Merrimack","NH","A",2009-12-18,2,0,"International Brotherhood of Teamsters, Local 633",2,NA,NA,NA,NA,0,2,"N",0,"N","International Brotherhood of Teamsters, Local 633","Initial","Single Labor Organization","Certific. of Representative","Closed",NA,NA,NA,NA,17,2009-10-01,2009-10-01,"<5",FALSE,"RC","Yes","International Brotherhood of Teamsters, Local 633",1,"Teamsters",1,"Yes",0
"01-RC-022391","Region 01, Boston, Massachusetts","First Student",2009-11-24,2010-01-25,"Dover","NH","A",2010-01-20,29,NA,"INTERNATIONAL BROTHERHOOD OF TEAMSTERS, CHAUFFEURS, AND HELPERS LOCAL UNION NO. 633",26,NA,NA,NA,NA,0,26,"N",NA,"N","INTERNATIONAL BROTHERHOOD OF TEAMSTERS, CHAUFFEURS, AND HELPERS LOCAL UNION NO. 633","Initial","Single Labor Organization","Certific. of Representative","Closed","All full-time and regular part-time school bus drivers employed by First Student, Inc. at its 115 Industrial Drive, Dover, New Hampshire location, who were employed during the payroll period ending Saturday, December 19, 2009, but excluding all other",NA,NA,NA,57,2010-01-01,2009-10-01,"26-50",TRUE,"RC","Yes","INTERNATIONAL BROTHERHOOD OF TEAMSTERS, CHAUFFEURS, AND HELPERS LOCAL UNION NO. 633",1,"Teamsters",1,"Yes",3
"01-RC-022391",NA,"First Student",2009-11-24,2010-01-25,"Dover","NH","A",2010-01-20,29,0,"International Brotherhood of Teamsters, Chauffeurs, and Helpers Local Union No. 633",26,NA,NA,NA,NA,0,26,"N",0,"N","International Brotherhood of Teamsters, Chauffeurs, and Helpers Local Union No. 633","Initial","Single Labor Organization","Certific. of Representative","Closed",NA,NA,NA,NA,57,2010-01-01,2009-10-01,"26-50",FALSE,"RC","Yes","International Brotherhood of Teamsters, Chauffeurs, and Helpers Local Union No. 633",1,"Teamsters",1,"Yes",3
"01-RC-022392","Region 01, Boston, Massachusetts","First Student",2009-11-24,2009-12-29,"Merrimack","NH","A",2009-12-18,62,NA,"INTERNATIONAL BROTHERHOOD OF TEAMSTERS, CHAUFFEURS, AND HELPERS LOCAL UNION NO. 633",51,NA,NA,NA,NA,3,54,"N",NA,"N","INTERNATIONAL BROTHERHOOD OF TEAMSTERS, CHAUFFEURS, AND HELPERS LOCAL UNION NO. 633","Initial","Single Labor Organization","Certific. of Representative","Closed","All full-time and regular part-time drivers employed by the Employer at its 35 Railroad Avenue, Merrimack, NH location, but excluding all other employees, office clerical employees,  dispatchers, mechanics, monitors, managerial employees, guards and",NA,NA,NA,24,2009-10-01,2009-10-01,"51-100",TRUE,"RC","Yes","INTERNATIONAL BROTHERHOOD OF TEAMSTERS, CHAUFFEURS, AND HELPERS LOCAL UNION NO. 633",1,"Teamsters",0.944444444444444,"Yes",8
"01-RC-022376","Region 01, Boston, Massachusetts","First Student, Inc.",2009-10-21,2009-11-23,"Swanzey","NH","A",2009-11-12,2,NA,"INTERNATIONAL BROTHERHOOD OF TEAMSTERS, CHAUFFEUS AND HELPERS UNION LOCAL 633 OF NEW HAMPSHIRE",2,NA,NA,NA,NA,0,2,"N",NA,"N","INTERNATIONAL BROTHERHOOD OF TEAMSTERS, CHAUFFEUS AND HELPERS UNION LOCAL 633 OF NEW HAMPSHIRE","Initial","Single Labor Organization","Certific. of Representative","Closed","All full time and regular part time dispatchers employed by the Employer at its 49 Whittemore Farm Road, Swanzey, NH facility, but excluding all other employees, office clerical employees, drivers, monitors, technicians, mechanics, managerial employe",NA,NA,NA,22,2009-10-01,2009-10-01,"<5",TRUE,"RC","Yes","INTERNATIONAL BROTHERHOOD OF TEAMSTERS, CHAUFFEUS AND HELPERS UNION LOCAL 633 OF NEW HAMPSHIRE",1,"Teamsters",1,"Yes",0
"01-RC-022376",NA,"First Student, Inc.",2009-10-21,2009-11-23,"Swanzey","NH","A",2009-11-12,2,0,"International Brotherhood of Teamsters, Chauffeus and Helpers Union Local 633 of New Hampshire",2,NA,NA,NA,NA,0,2,"N",0,"N","International Brotherhood of Teamsters, Chauffeus and Helpers Union Local 633 of New Hampshire","Initial","Single Labor Organization","Certific. of Representative","Closed",NA,NA,NA,NA,22,2009-10-01,2009-10-01,"<5",FALSE,"RC","Yes","International Brotherhood of Teamsters, Chauffeus and Helpers Union Local 633 of New Hampshire",1,"Teamsters",1,"Yes",0
"01-RC-022375","Region 01, Boston, Massachusetts","Harvey Construction Corp. of New Hampshire",2009-10-13,2010-01-14,"Bedford","NH",NA,NA,6,NA,NA,NA,NA,NA,NA,NA,NA,NA,NA,NA,NA,NA,NA,NA,"Dismissal Non-adjusted","Closed",NA,NA,NA,NA,NA,NA,2009-10-01,"6-10",TRUE,"RC","No",NA,0,"Uncoded",NA,"Other",NA
"01-RC-022344","Region 01, Boston, Massachusetts","First Transit, Inc.",2009-07-01,2009-08-31,"Nashua","NH","A",2009-08-19,22,NA,"INTERNATIONAL BROTHERHOOD OF TEAMSTERS, CHAUFFEURS AND HELPERS LOCAL UNION  NO. 633",19,NA,NA,NA,NA,1,20,"N",NA,"N","INTERNATIONAL BROTHERHOOD OF TEAMSTERS, CHAUFFEURS AND HELPERS LOCAL UNION  NO. 633","Initial","Single Labor Organization","Certific. of Representative","Closed","All full-time and regular part-time bus operators employed by the Employer at its 11 Riverside Street, Nashua, NH facility, but excluding all other employees, guards, and supervisors as defined in the Act.",NA,NA,NA,49,2009-07-01,2009-07-01,"11-25",TRUE,"RC","Yes","INTERNATIONAL BROTHERHOOD OF TEAMSTERS, CHAUFFEURS AND HELPERS LOCAL UNION  NO. 633",1,"Teamsters",0.95,"Yes",2
"01-RC-022326","Region 01, Boston, Massachusetts","First Student",2009-05-18,2009-06-22,"Sutton","NH","A",2009-06-09,41,NA,"INTERNATIONAL BROTHERHOOD OF TEAMSTERS, A/W CHAUFFEURS, TEAMSTERS AND HELPERS LOCAL UNION NO. 633",26,NA,NA,NA,NA,5,31,"N",NA,"N","INTERNATIONAL BROTHERHOOD OF TEAMSTERS, A/W CHAUFFEURS, TEAMSTERS AND HELPERS LOCAL UNION NO. 633","Initial","Single Labor Organization","Certific. of Representative","Closed","All full time and regular part time school bus drivers employed by the Employer at its 454 North Road, Sutton, New Hampshire location, but excluding all other employees, office clerical employees, technicians, mechanics, dispatchers, professional emp",NA,NA,NA,22,2009-04-01,2009-04-01,"26-50",TRUE,"RC","Yes","INTERNATIONAL BROTHERHOOD OF TEAMSTERS, A/W CHAUFFEURS, TEAMSTERS AND HELPERS LOCAL UNION NO. 633",1,"Teamsters",0.838709677419355,"Yes",10
"01-RC-022320",NA,"Shaw's Supermarkets, Inc.",2009-05-08,2010-10-08,"Conway","NH","A",2009-06-19,114,2,"United Food and Commercial Workers Union, Local 791, AFL-CIO",18,NA,NA,NA,NA,88,106,"N",0,"N",NA,"Initial","Single Labor Organization","Withdrawal","Closed",NA,NA,NA,NA,42,2009-04-01,2009-04-01,"101-500",FALSE,"RC","Yes","United Food and Commercial Workers Union, Local 791, AFL-CIO",1,"UFCW",0.169811320754717,"Other",8
"01-RC-022307","Region 01, Boston, Massachusetts","First Student",2009-03-12,2009-04-27,"Exeter","NH","A",2009-04-17,103,NA,"INTERNATIONAL BROTHERHOOD OF TEAMSTERS, CHAUFFEURS, WAREHOUSEMEN AND HELPERS OF AMERICA, LOCAL UNION",62,NA,NA,NA,NA,32,94,"N",1,"N","INTERNATIONAL BROTHERHOOD OF TEAMSTERS, CHAUFFEURS, WAREHOUSEMEN AND HELPERS OF AMERICA, LOCAL UNION","Initial","Single Labor Organization","Certific. of Representative","Closed","All full time and regular part time school bus drivers employed by the Employer at its 97 Epping Road, Exeter, New Hampshire location, but excluding all other employees, mechanics, dispatchers, office clerical employees, professional employees, guards and supervisors as defined in the Act.",NA,NA,NA,36,2009-04-01,2009-01-01,"101-500",TRUE,"RC","Yes","INTERNATIONAL BROTHERHOOD OF TEAMSTERS, CHAUFFEURS, WAREHOUSEMEN AND HELPERS OF AMERICA, LOCAL UNION",1,"Teamsters",0.659574468085106,"Yes",9
"01-RD-002125","Region 01, Boston, Massachusetts","Public Service of New Hampshire",2009-03-10,2009-09-08,"Epping","NH",NA,NA,1,NA,NA,NA,NA,NA,NA,NA,NA,NA,NA,NA,NA,NA,NA,NA,"Dismissal Non-adjusted","Closed",NA,NA,NA,NA,NA,NA,2009-01-01,"<5",TRUE,"RD","No",NA,0,"Uncoded",NA,"Other",NA
"01-RD-002126","Region 01, Boston, Massachusetts","Public Service of New Hampshire",2009-03-10,2009-09-08,"Manchester","NH",NA,NA,3,NA,NA,NA,NA,NA,NA,NA,NA,NA,NA,NA,NA,NA,NA,NA,"Dismissal Non-adjusted","Closed",NA,NA,NA,NA,NA,NA,2009-01-01,"<5",TRUE,"RD","No",NA,0,"Uncoded",NA,"Other",NA
"01-RD-002123","Region 01, Boston, Massachusetts","Foss Manufacturing",2009-02-09,2009-03-31,"Hampton","NH","A",2009-03-18,214,NA,"UNITED FOOD AND COMMERCIAL WORKERS INTERNATIONAL LOCAL UNION NO. 348-S, AFL-CIO",127,NA,NA,NA,NA,54,181,"N",1,"N","UNITED FOOD AND COMMERCIAL WORKERS INTERNATIONAL LOCAL UNION NO. 348-S, AFL-CIO","Initial","Single Labor Organization","Certific. of Representative","Closed","All full time warehouse and production employees employed by the Employer at its 11 Merrill Drive, Hampton, New Hampshire facility, but excluding all other employees, executives, managerial employees office clericals, guards and supervisors as defined in the Act.",NA,NA,NA,37,2009-01-01,2009-01-01,"101-500",TRUE,"RD","Yes","UNITED FOOD AND COMMERCIAL WORKERS INTERNATIONAL LOCAL UNION NO. 348-S, AFL-CIO",1,"UFCW",0.701657458563536,"Yes",33
NA,NA,NA,NA,NA,NA,NA,NA,NA,NA,NA,NA,NA,NA,NA,NA,NA,NA,NA,NA,NA,NA,NA,NA,NA,NA,NA,NA,NA,NA,NA,NA,NA,NA,NA,NA,NA,NA,NA,NA,NA,NA,NA,NA
"01-AC-000098","Region 01, Boston, Massachusetts","Sterling Suffolk Racecourse, LLC, a Joint Employer with U. S. Security Associates, Inc.",2009-01-23,2011-04-29,"Manchester","NH",NA,NA,8,NA,NA,NA,NA,NA,NA,NA,NA,NA,NA,NA,NA,NA,NA,NA,"Dismissal Non-adjusted","Closed",NA,NA,NA,NA,NA,NA,2009-01-01,"6-10",TRUE,"AC","No",NA,0,"Uncoded",NA,"Other",NA
"01-AC-000099","Region 01, Boston, Massachusetts","Asset Protection Associates",2009-01-23,2009-02-04,"Manchester","NH",NA,NA,8,NA,NA,NA,NA,NA,NA,NA,NA,NA,NA,NA,NA,NA,NA,NA,"Amended Certification","Closed",NA,NA,NA,NA,NA,NA,2009-01-01,"6-10",TRUE,"AC","No",NA,0,"Uncoded",NA,"Other",NA
"01-RD-002121","Region 01, Boston, Massachusetts","Foss Mfg.",2008-12-22,2008-12-24,"Hampton","NH",NA,NA,304,NA,NA,NA,NA,NA,NA,NA,NA,NA,NA,NA,NA,NA,NA,NA,"Withdrawal Non-adjusted","Closed",NA,NA,NA,NA,NA,NA,2008-10-01,"101-500",TRUE,"RD","No",NA,0,"Uncoded",NA,"Other",NA
"01-RC-022287","Region 01, Boston, Massachusetts","Asset Protection Associates",2008-12-05,2009-01-20,"Manchester","NH","A",2009-01-08,9,NA,"INTERNATIONAL UNION, SECURITY, POLICE AND FIRE PROFESSIONALS OF AMERICA (SPFPA)",7,NA,NA,NA,NA,1,8,"N",NA,"N","INTERNATIONAL UNION, SECURITY, POLICE AND FIRE PROFESSIONALS OF AMERICA (SPFPA)","Initial","Single Labor Organization","Certific. of Representative","Closed","All full-time and regular part-time security officers performing guard duties as defined in Section 9(b)(3) of the National Labor Relations Act, as amended, employed by the Employer at its Manchester, New Hampshire facility, but excluding,  all office clerical employees, professional employees, shift supervisors, site supervisors, all other employees and supervisors as defined in the Act.",NA,NA,NA,34,2009-01-01,2008-10-01,"6-10",TRUE,"RC","Yes","INTERNATIONAL UNION, SECURITY, POLICE AND FIRE PROFESSIONALS OF AMERICA (SPFPA)",1,"SPFPA",0.875,"Yes",1
NA,NA,NA,NA,NA,NA,NA,NA,NA,NA,NA,NA,NA,NA,NA,NA,NA,NA,NA,NA,NA,NA,NA,NA,NA,NA,NA,NA,NA,NA,NA,NA,NA,NA,NA,NA,NA,NA,NA,NA,NA,NA,NA,NA
"01-RC-022272","Region 01, Boston, Massachusetts","Goffstown Truck Center, Inc.",2008-10-29,2011-02-17,"Londonderry","NH","A",2009-10-23,44,NA,"CHAUFFEURS, TEAMSTERS AND HELPERS LOCAL 633, A/W INTERNATIONAL BROTHERHOOD OF TEAMSTERS",23,NA,NA,NA,NA,20,43,"N",2,"N","CHAUFFEURS, TEAMSTERS AND HELPERS LOCAL 633, A/W INTERNATIONAL BROTHERHOOD OF TEAMSTERS","Rerun","Single Labor Organization","Withdrawal Non-adjusted","Closed","All full time and regular part time school bus drivers employed by the Employer at its 554 Mammoth Road, Londonderry, NH facility, but excluding all other employees, office clerical employees, guards and supervisors as defined in the Act.",NA,NA,NA,359,2009-10-01,2008-10-01,"26-50",TRUE,"RC","Yes","CHAUFFEURS, TEAMSTERS AND HELPERS LOCAL 633, A/W INTERNATIONAL BROTHERHOOD OF TEAMSTERS",1,"Teamsters",0.534883720930233,"Other",1
"01-RC-022272",NA,"Goffstown Truck Center, Inc.",2008-10-29,2011-02-17,"Londonderry","NH","A",2009-10-23,44,0,"Chauffeurs, Teamsters and Helpers Local 633, a/w International Brotherhood of Teamsters",23,NA,NA,NA,NA,20,43,"N",2,"N","Chauffeurs, Teamsters and Helpers Local 633, a/w International Brotherhood of Teamsters","Rerun","Single Labor Organization","Withdrawal","Closed","All full time and regular part time school bus drivers employed by the Employer at its 554 Mammoth Road, Londonderry, NH facility, but excluding all other employees, office clerical employees, guards and supervisors as defined in the Act.",NA,NA,NA,359,2009-10-01,2008-10-01,"26-50",FALSE,"RC","Yes","Chauffeurs, Teamsters and Helpers Local 633, a/w International Brotherhood of Teamsters",1,"Teamsters",0.534883720930233,"Other",1
"01-RC-022272","Region 01, Boston, Massachusetts","Goffstown Truck Center, Inc.",2008-10-29,2011-02-17,"Londonderry","NH","A",2008-12-12,55,NA,"INTERNATIONAL BROTHERHOOD OF TEAMSTERS A/W CHAUFFEURS TEAMSTERS AND HELPERS LOCAL 633",26,NA,NA,NA,NA,19,45,"N",NA,"N","INTERNATIONAL BROTHERHOOD OF TEAMSTERS A/W CHAUFFEURS TEAMSTERS AND HELPERS LOCAL 633","Initial","Single Labor Organization","Withdrawal Non-adjusted","Closed","All full time and regular part time school bus drivers employed by the Employer at its 554 Mammoth Road, Londonderry, NH facility, but excluding all other employees, office clerical employees, guards and supervisors as defined in the Act.",NA,NA,NA,44,2008-10-01,2008-10-01,"51-100",FALSE,"RC","Yes","INTERNATIONAL BROTHERHOOD OF TEAMSTERS A/W CHAUFFEURS TEAMSTERS AND HELPERS LOCAL 633",1,"Teamsters",0.577777777777778,"Other",10
"01-RC-022272",NA,"Goffstown Truck Center, Inc.",2008-10-29,2011-02-17,"Londonderry","NH","A",2008-12-12,55,0,"International Brotherhood of Teamsters a/w Chauffeurs Teamsters and Helpers Local 633",26,NA,NA,NA,NA,19,45,"N",0,"N","International Brotherhood of Teamsters a/w Chauffeurs Teamsters and Helpers Local 633","Initial","Single Labor Organization","Withdrawal","Closed","All full time and regular part time school bus drivers employed by the Employer at its 554 Mammoth Road, Londonderry, NH facility, but excluding all other employees, office clerical employees, guards and supervisors as defined in the Act.",NA,NA,NA,44,2008-10-01,2008-10-01,"51-100",FALSE,"RC","Yes","International Brotherhood of Teamsters a/w Chauffeurs Teamsters and Helpers Local 633",1,"Teamsters",0.577777777777778,"Other",10
"01-RC-022249","Region 01, Boston, Massachusetts","Ryder Transportation",2008-09-05,2008-10-27,"Portsmouth","NH","A",2008-10-16,12,NA,"INTERNATIONAL ASSOCIATION OF MACHINISTS AND AEROSPACE WORKERS, DISTRICT LODGE NO. 15, AFL-CIO",6,NA,NA,NA,NA,4,10,"N",NA,"N","INTERNATIONAL ASSOCIATION OF MACHINISTS AND AEROSPACE WORKERS, DISTRICT LODGE NO. 15, AFL-CIO","Initial","Single Labor Organization","Certific. of Representative","Closed","All full-time and regular part-time technicians, technicians-in-charge and service employees employed by the Employer out of its 114 Gosling Road, Portsmouth, New Hampshire facility, including those employed by the Employer at the Coca-Cola plant in Seabrook, New Hampshire, but excluding all other employees, office clerical employees, professional employees, guards, and supervisors as defined in the Act.",NA,NA,NA,41,2008-10-01,2008-07-01,"11-25",TRUE,"RC","Yes","INTERNATIONAL ASSOCIATION OF MACHINISTS AND AEROSPACE WORKERS, DISTRICT LODGE NO. 15, AFL-CIO",1,"IAM",0.6,"Yes",2
"01-RC-022250","Region 01, Boston, Massachusetts","New Hampshire Music Festival",2008-09-05,2008-09-17,"Center Harbor","NH",NA,NA,73,NA,NA,NA,NA,NA,NA,NA,NA,NA,NA,NA,NA,NA,NA,NA,"Withdrawal Non-adjusted","Closed",NA,NA,NA,NA,NA,NA,2008-07-01,"51-100",TRUE,"RC","No",NA,0,"Uncoded",NA,"Other",NA
"01-RD-002117","Region 01, Boston, Massachusetts","Casella Waste Services",2008-08-27,2008-09-10,"Allenstown","NH",NA,NA,2,NA,NA,NA,NA,NA,NA,NA,NA,NA,NA,NA,NA,NA,NA,NA,"Withdrawal Non-adjusted","Closed",NA,NA,NA,NA,NA,NA,2008-07-01,"<5",TRUE,"RD","No",NA,0,"Uncoded",NA,"Other",NA
"01-RD-002116","Region 01, Boston, Massachusetts","Public Service Company of New Hampshire",2008-08-25,2008-10-27,"Manchester","NH","A",2008-10-15,33,1,"INTERNATIONAL BROTHERHOOD OF ELECTRICAL WORKERS, LOCAL UNION NO. 1837, AFL-CIO",12,NA,NA,NA,NA,17,29,"N",NA,"N",NA,"Initial","Single Labor Organization","Certification of Results","Closed","All full-time and regular part-time field technicians A, B, and C and field technician specialists employed by the Employer at its various New Hampshire locations, but excluding guards and supervisors as defined in the Act.",NA,NA,NA,51,2008-10-01,2008-07-01,"26-50",TRUE,"RD","Yes","INTERNATIONAL BROTHERHOOD OF ELECTRICAL WORKERS, LOCAL UNION NO. 1837, AFL-CIO",1,"IBEW",0.413793103448276,"No",4
NA,NA,NA,NA,NA,NA,NA,NA,NA,NA,NA,NA,NA,NA,NA,NA,NA,NA,NA,NA,NA,NA,NA,NA,NA,NA,NA,NA,NA,NA,NA,NA,NA,NA,NA,NA,NA,NA,NA,NA,NA,NA,NA,NA
"01-RC-022236","Region 01, Boston, Massachusetts","Airgas East",2008-07-28,2008-10-06,"Salem","NH",NA,NA,15,NA,NA,NA,NA,NA,NA,NA,NA,NA,NA,NA,NA,NA,NA,NA,"Withdrawal Non-adjusted","Closed",NA,NA,NA,NA,NA,NA,2008-07-01,"11-25",TRUE,"RC","No",NA,0,"Uncoded",NA,"Other",NA
NA,NA,NA,NA,NA,NA,NA,NA,NA,NA,NA,NA,NA,NA,NA,NA,NA,NA,NA,NA,NA,NA,NA,NA,NA,NA,NA,NA,NA,NA,NA,NA,NA,NA,NA,NA,NA,NA,NA,NA,NA,NA,NA,NA
"01-RC-022227","Region 01, Boston, Massachusetts","First Student, Inc.",2008-07-03,2008-09-29,"Swanzey","NH","A",2008-09-19,85,NA,"INTERNATIONAL BROTHERHOOD OF TEAMSTERS, CHAUFFEURS, TEAMSTERS AND HELPERS LOCAL UNION NO. 633 OF NEW",50,NA,NA,NA,NA,28,78,"N",NA,"N","INTERNATIONAL BROTHERHOOD OF TEAMSTERS, CHAUFFEURS, TEAMSTERS AND HELPERS LOCAL UNION NO. 633 OF NEW","Initial","Single Labor Organization","Certific. of Representative","Closed","All full time and regular part time school bus drivers and monitors employed by the Employer at its 49 Whitamore Farm Road, Swanzey, NH facility, but excluding all other employees, office clerical employees, dispatchers, mechanics, managerial employe",NA,NA,NA,78,2008-07-01,2008-07-01,"51-100",TRUE,"RC","Yes","INTERNATIONAL BROTHERHOOD OF TEAMSTERS, CHAUFFEURS, TEAMSTERS AND HELPERS LOCAL UNION NO. 633 OF NEW",1,"Teamsters",0.641025641025641,"Yes",7
"01-RD-002115","Region 01, Boston, Massachusetts","Midwest Air Traffic Control Services, Inc.",2008-07-03,2008-09-10,"Nashua","NH","A",2008-08-27,5,NA,"PROFESSIONAL AIR TRAFFIC CONTROLLER'S ASSOCIATION  (PATCO), A/W FEDERATION OF PHYSICIANS AND DENTIST",2,NA,NA,NA,NA,3,5,"N",1,"N",NA,"Initial","Single Labor Organization","Certification of Results","Closed","All full time and regular part time air traffic controllers employed by the Employer at the Nashua New Hampshire Airport, 79 Perimeter Road, Nashua, New Hampshire but excluding all other employees, office clerical employees, air traffic control manag","All full time and regular part time air traffic controllers employed by the Employer at the Nashua New Hampshire Airport, 79 Perimeter Road, Nashua, New Hampshire but excluding all other employees, office clerical employees, air traffic control manag",NA,NA,55,2008-07-01,2008-07-01,"<5",TRUE,"RD","Yes","PROFESSIONAL AIR TRAFFIC CONTROLLER'S ASSOCIATION  (PATCO), A/W FEDERATION OF PHYSICIANS AND DENTIST",1,"PATCO",0.4,"No",0
"01-UC-000868","Region 01, Boston, Massachusetts","Airgas East",2008-06-27,2008-07-28,"Salem","NH",NA,NA,15,NA,NA,NA,NA,NA,NA,NA,NA,NA,NA,NA,NA,NA,NA,NA,"Withdrawal Non-adjusted","Closed",NA,NA,NA,NA,NA,NA,2008-04-01,"11-25",TRUE,"UC","No",NA,0,"Uncoded",NA,"Other",NA
"01-RC-022223","Region 01, Boston, Massachusetts","Monro Muffler & Brake",2008-06-26,2008-10-01,"Keene","NH",NA,NA,4,NA,NA,NA,NA,NA,NA,NA,NA,NA,NA,NA,NA,NA,NA,NA,"Withdrawal Non-adjusted","Closed",NA,NA,NA,NA,NA,NA,2008-04-01,"<5",TRUE,"RC","No",NA,0,"Uncoded",NA,"Other",NA
"01-RC-022220","Region 01, Boston, Massachusetts","Laidlaw Transit, Inc.",2008-06-18,2008-06-25,"Derry","NH",NA,NA,5,NA,NA,NA,NA,NA,NA,NA,NA,NA,NA,NA,NA,NA,NA,NA,"Withdrawal Non-adjusted","Closed",NA,NA,NA,NA,NA,NA,2008-04-01,"<5",TRUE,"RC","No",NA,0,"Uncoded",NA,"Other",NA
"01-RC-022210","Region 01, Boston, Massachusetts","Monro Muffler & Brake Co.",2008-05-21,2008-06-06,"Keene","NH",NA,NA,4,NA,NA,NA,NA,NA,NA,NA,NA,NA,NA,NA,NA,NA,NA,NA,"Withdrawal Non-adjusted","Closed",NA,NA,NA,NA,NA,NA,2008-04-01,"<5",TRUE,"RC","No",NA,0,"Uncoded",NA,"Other",NA
"01-RC-022203","Region 01, Boston, Massachusetts","First Student, Inc.",2008-04-11,2008-06-04,"Plaistow","NH","A",2008-05-21,33,NA,"INTERNATIONAL BROTHERHOOD OF TEAMSTERS LOCAL UNION 633",18,NA,NA,NA,NA,11,29,"N",3,"N","INTERNATIONAL BROTHERHOOD OF TEAMSTERS LOCAL UNION 633","Initial","Single Labor Organization","Certific. of Representative","Closed","All full time and regular part time school bus drivers employed by the Employer at its 11 Wentworth Avenue, Plaistow, NH facility, but excluding all other employees, office clerical employees, dispatchers, mechanics, monitors, managerial employees, g",NA,NA,NA,40,2008-04-01,2008-04-01,"26-50",TRUE,"RC","Yes","INTERNATIONAL BROTHERHOOD OF TEAMSTERS LOCAL UNION 633",1,"Teamsters",0.620689655172414,"Yes",4
"01-RC-022193","Region 01, Boston, Massachusetts","First Student, Inc.",2008-03-12,2008-04-29,"Rochester","NH","A",2008-04-18,40,NA,"INTERNATIONAL BROTHERHOOD OF TEAMSTERS, CHAUFFEURS, WAREHOUSMEN AND HELPERS OF AMERICA, LOCAL UNION",22,NA,NA,NA,NA,16,38,"N",1,"N","INTERNATIONAL BROTHERHOOD OF TEAMSTERS, CHAUFFEURS, WAREHOUSMEN AND HELPERS OF AMERICA, LOCAL UNION","Initial","Single Labor Organization","Certific. of Representative","Closed","All full-time and regular part-time school bus drivers and monitors employed by the Employer at its Rochester, Somersworth, Portsmouth and Rollinsford, New Hampshire and Acton, Maine facilities, but excluding all other employees, managers guards and",NA,NA,NA,37,2008-04-01,2008-01-01,"26-50",TRUE,"RC","Yes","INTERNATIONAL BROTHERHOOD OF TEAMSTERS, CHAUFFEURS, WAREHOUSMEN AND HELPERS OF AMERICA, LOCAL UNION",1,"Teamsters",0.578947368421053,"Yes",2
"01-RC-022191","Region 01, Boston, Massachusetts","The Trustees of Dartmouth College",2008-03-04,2008-04-14,"Hanover","NH","A",2008-04-01,3,NA,"SERVICE EMPLOYEES INTERNATIONAL UNION LOCAL NO. 560",3,NA,NA,NA,NA,0,3,"N",NA,"N","SERVICE EMPLOYEES INTERNATIONAL UNION LOCAL NO. 560","Initial","Single Labor Organization","Certific. of Representative","Closed","All full time and regular part time stockroom employees in the warehouse for procurement and auxiliary services,  who are employed by the Employer at its Hanover, New Hampshire facility, but excluding all other employees, office clerical  employees,",NA,NA,NA,28,2008-04-01,2008-01-01,"<5",TRUE,"RC","Yes","SERVICE EMPLOYEES INTERNATIONAL UNION LOCAL NO. 560",1,"SEIU",1,"Yes",0
"01-RC-022191",NA,"The Trustees of Dartmouth College",2008-03-04,2008-04-14,"Hanover","NH","A",2008-04-01,3,0,"Service Employees International Union Local No. 560",3,NA,NA,NA,NA,0,3,"N",0,"N","Service Employees International Union Local No. 560","Initial","Single Labor Organization","Certific. of Representative","Closed","All full time and regular part time stockroom employees in the warehouse for procurement and auxiliary services,  who are employed by the Employer at its Hanover, New Hampshire facility, but excluding all other employees, office clerical  employees, professional employees, guards and supervisors as defined in the Act.

If a majority of valid ballots are cast for Service Employees International Union, Local 560, AFL-CIO, they will be taken to have indicated the employees' desire to be included in the existing building services and recycling employees unit currently represented by Service Employees International Union, Local 560, AFL-CIO.  If a majority of valid ballots are not cast for representation, they will be taken to have indicated the employees desire to remain unrepresented.",NA,NA,NA,28,2008-04-01,2008-01-01,"<5",FALSE,"RC","Yes","Service Employees International Union Local No. 560",1,"SEIU",1,"Yes",0
"01-RC-022189","Region 01, Boston, Massachusetts","Armstrong Wood Products",2008-02-25,2008-03-21,"Nashua","NH",NA,NA,12,NA,NA,NA,NA,NA,NA,NA,NA,NA,NA,NA,NA,NA,NA,NA,"Withdrawal Non-adjusted","Closed",NA,NA,NA,NA,NA,NA,2008-01-01,"11-25",TRUE,"RC","No",NA,0,"Uncoded",NA,"Other",NA
"01-UC-000862","Region 01, Boston, Massachusetts","Dartmouth College",2008-01-18,2008-01-25,"Hanover","NH",NA,NA,6,NA,NA,NA,NA,NA,NA,NA,NA,NA,NA,NA,NA,NA,NA,NA,"Withdrawal Non-adjusted","Closed",NA,NA,NA,NA,NA,NA,2008-01-01,"6-10",TRUE,"UC","No",NA,0,"Uncoded",NA,"Other",NA
NA,NA,NA,NA,NA,NA,NA,NA,NA,NA,NA,NA,NA,NA,NA,NA,NA,NA,NA,NA,NA,NA,NA,NA,NA,NA,NA,NA,NA,NA,NA,NA,NA,NA,NA,NA,NA,NA,NA,NA,NA,NA,NA,NA
NA,NA,NA,NA,NA,NA,NA,NA,NA,NA,NA,NA,NA,NA,NA,NA,NA,NA,NA,NA,NA,NA,NA,NA,NA,NA,NA,NA,NA,NA,NA,NA,NA,NA,NA,NA,NA,NA,NA,NA,NA,NA,NA,NA
"01-RC-022170","Region 01, Boston, Massachusetts","Public Service Co. of New Hampshire",2007-12-21,2008-06-27,"Manchester","NH",NA,NA,5,NA,NA,NA,NA,NA,NA,NA,NA,NA,NA,NA,NA,NA,NA,NA,"Dismissal Non-adjusted","Closed",NA,NA,NA,NA,NA,NA,2007-10-01,"<5",TRUE,"RC","No",NA,0,"Uncoded",NA,"Other",NA
"01-RC-022168","Region 01, Boston, Massachusetts","Public Service Co. of New Hampshire",2007-12-21,2008-06-27,"Manchester","NH",NA,NA,6,NA,NA,NA,NA,NA,NA,NA,NA,NA,NA,NA,NA,NA,NA,NA,"Dismissal Non-adjusted","Closed",NA,NA,NA,NA,NA,NA,2007-10-01,"6-10",TRUE,"RC","No",NA,0,"Uncoded",NA,"Other",NA
"01-RC-022169","Region 01, Boston, Massachusetts","Public Service Co. of New Hampshire",2007-12-21,2008-06-27,"Manchester","NH",NA,NA,9,NA,NA,NA,NA,NA,NA,NA,NA,NA,NA,NA,NA,NA,NA,NA,"Dismissal Non-adjusted","Closed",NA,NA,NA,NA,NA,NA,2007-10-01,"6-10",TRUE,"RC","No",NA,0,"Uncoded",NA,"Other",NA
"01-RC-022164","Region 01, Boston, Massachusetts","First Student Bus, Inc.",2007-12-06,2008-01-28,"Nashua","NH","A",2008-01-16,162,NA,"INTERNATIONAL BROTHERHOOD OF TEAMSTERS, CHAUFFEURS, WAREHOUSEMEN AND HELPERS OF AMERICA, LOCAL UNION",105,NA,NA,NA,NA,36,141,"N",3,"N","INTERNATIONAL BROTHERHOOD OF TEAMSTERS, CHAUFFEURS, WAREHOUSEMEN AND HELPERS OF AMERICA, LOCAL UNION","Initial","Single Labor Organization","Certific. of Representative","Closed","All full-time and regular part-time bus drivers and monitors employed by the Employer at its 153 Burke Street, Nashua, NH facility,  but excluding all other employees, office clerical employees, professional employees, dispatchers, guards and supervi",NA,NA,NA,41,2008-01-01,2007-10-01,"101-500",TRUE,"RC","Yes","INTERNATIONAL BROTHERHOOD OF TEAMSTERS, CHAUFFEURS, WAREHOUSEMEN AND HELPERS OF AMERICA, LOCAL UNION",1,"Teamsters",0.74468085106383,"Yes",21
NA,NA,NA,NA,NA,NA,NA,NA,NA,NA,NA,NA,NA,NA,NA,NA,NA,NA,NA,NA,NA,NA,NA,NA,NA,NA,NA,NA,NA,NA,NA,NA,NA,NA,NA,NA,NA,NA,NA,NA,NA,NA,NA,NA
"01-RC-022153","Region 01, Boston, Massachusetts","First Student of Merrimack New Hampshire",2007-10-23,2007-12-26,"Merrimack","NH","A",2007-12-04,67,NA,"UNITED STEEL, PAPER, FORESTRY, RUBBER, MANUFACTURING, ENERGY,  ALLIED INDUSTRIAL AND SERVICE WORKERS",12,NA,NA,NA,NA,41,53,"N",NA,"N",NA,"Initial","Single Labor Organization","Certification of Results","Closed","All full-time and regular part time drivers, including spare drivers employed by the Employer at its 35 Railroad Ave., Merrimack, NH facility, EXCLUDING all monitors, maintenance employees, technicians-in-charge, office clerical, professional employe",NA,NA,NA,42,2007-10-01,2007-10-01,"51-100",TRUE,"RC","Yes","UNITED STEEL, PAPER, FORESTRY, RUBBER, MANUFACTURING, ENERGY,  ALLIED INDUSTRIAL AND SERVICE WORKERS",1,"USW",0.226415094339623,"No",14
"01-RC-022151","Region 01, Boston, Massachusetts","Laidlaw Transit Inc., f/k/a Laidlaw Education Services, d/b/a First Group America",2007-10-15,2007-11-26,"Derry","NH","A",2007-11-16,65,NA,"INTERNATIONAL BROTHERHOOD OF TEAMSTERS, CHAUFFEURS AND HELPERS LOCAL UNION NO. 633",45,NA,NA,NA,NA,10,55,"N",NA,"N","INTERNATIONAL BROTHERHOOD OF TEAMSTERS, CHAUFFEURS AND HELPERS LOCAL UNION NO. 633","Initial","Single Labor Organization","Certific. of Representative","Closed","All full time and regular part time school bus drivers employed by the Employer at its 33 Chester Road, Derry, New Hampshire facility,  but excluding all other employees, office clerical employees, managerial employees, guards and supervisors as defi",NA,NA,NA,32,2007-10-01,2007-10-01,"51-100",TRUE,"RC","Yes","INTERNATIONAL BROTHERHOOD OF TEAMSTERS, CHAUFFEURS AND HELPERS LOCAL UNION NO. 633",1,"Teamsters",0.818181818181818,"Yes",10
NA,NA,NA,NA,NA,NA,NA,NA,NA,NA,NA,NA,NA,NA,NA,NA,NA,NA,NA,NA,NA,NA,NA,NA,NA,NA,NA,NA,NA,NA,NA,NA,NA,NA,NA,NA,NA,NA,NA,NA,NA,NA,NA,NA
"01-RD-002102","Region 01, Boston, Massachusetts","New Hampshire Public Defender",2007-08-01,2007-09-26,"Concord","NH",NA,NA,29,NA,NA,NA,NA,NA,NA,NA,NA,NA,NA,NA,NA,NA,NA,NA,"Dismissal Non-adjusted","Closed",NA,NA,NA,NA,NA,NA,2007-07-01,"26-50",TRUE,"RD","No",NA,0,"Uncoded",NA,"Other",NA
"01-RC-022127","Region 01, Boston, Massachusetts","Suburban Propane",2007-06-27,2007-08-20,"Milford","NH","A",2007-08-08,12,NA,"UNITED STEELWORKER, PAPER AND FORESTRY, RUBBER, MANUFACTURING, ENERGY, ALLIED INDUSTRIAL AND SERVICE",5,NA,NA,NA,NA,7,12,"N",NA,"N",NA,"Initial","Single Labor Organization","Certification of Results","Closed","All full time and regular part time delivery drivers and repair/service technicians employed by the Employer at its 8 Hitchiner Way (Route 101A), Milford, NH and 30 Thunder Road, Franklin, NH facilities, but excluding all other employees, office cler",NA,NA,NA,42,2007-07-01,2007-04-01,"11-25",TRUE,"RC","Yes","UNITED STEELWORKER, PAPER AND FORESTRY, RUBBER, MANUFACTURING, ENERGY, ALLIED INDUSTRIAL AND SERVICE",0,"Uncoded",0.416666666666667,"No",0
"01-RD-002100","Region 01, Boston, Massachusetts","First Student",2007-06-25,2007-11-05,"Belmont","NH","A",2007-10-26,82,NA,"INTERNATIONAL UNION, UNITED AUTOMOBILE, AEROSPACE & AGRICULTURAL IMPLEMENT WORKERS OF AMERICA, LOCAL",44,NA,NA,NA,NA,13,57,"N",NA,"N","INTERNATIONAL UNION, UNITED AUTOMOBILE, AEROSPACE & AGRICULTURAL IMPLEMENT WORKERS OF AMERICA, LOCAL","Initial","Single Labor Organization","Certific. of Representative","Closed","All full time and regular part time school bus drivers employed by the Employer at its 32 Eastgate Park Road, Belmont, New Hampshire location  who drive buses in either Belmont or surrounding towns, including spare and casual drivers, but excluding a",NA,NA,NA,123,2007-10-01,2007-04-01,"51-100",TRUE,"RD","Yes","INTERNATIONAL UNION, UNITED AUTOMOBILE, AEROSPACE & AGRICULTURAL IMPLEMENT WORKERS OF AMERICA, LOCAL",1,"UAW",0.771929824561403,"Yes",25
"01-UD-000294","Region 01, Boston, Massachusetts","First Student",2007-06-25,2007-09-14,"Belmont","NH",NA,NA,10,NA,NA,NA,NA,NA,NA,NA,NA,NA,NA,NA,NA,NA,NA,NA,"Withdrawal Non-adjusted","Closed",NA,NA,NA,NA,NA,NA,2007-04-01,"6-10",TRUE,"UD","No",NA,0,"Uncoded",NA,"Other",NA
"01-RC-022125","Region 01, Boston, Massachusetts","First Student, Inc.",2007-06-11,2009-05-14,"Milford","NH",NA,NA,55,NA,NA,NA,NA,NA,NA,NA,NA,NA,NA,NA,NA,NA,NA,NA,"Withdrawal Non-adjusted","Closed",NA,NA,NA,NA,NA,NA,2007-04-01,"51-100",TRUE,"RC","No",NA,0,"Uncoded",NA,"Other",NA
"01-RC-022115","Region 01, Boston, Massachusetts","Public Service Company of New Hampshire",2007-05-07,2007-08-06,"Manchester","NH","A",2007-07-20,35,NA,"INTERNATIONAL BROTHERHOOD OF ELECTRICAL WORKERS LOCAL UNION NO. 1837, AFL-CIO",19,NA,NA,NA,NA,16,35,"N",NA,"N","INTERNATIONAL BROTHERHOOD OF ELECTRICAL WORKERS LOCAL UNION NO. 1837, AFL-CIO","Initial","Single Labor Organization","Certific. of Representative","Closed","All full-time and regular part-time field technicians A, B, and C and field technician specialists employed by the Employer at its various New Hampshire locations, but excluding guards and supervisors as defined in the Act.",NA,NA,NA,74,2007-07-01,2007-04-01,"26-50",TRUE,"RC","Yes","INTERNATIONAL BROTHERHOOD OF ELECTRICAL WORKERS LOCAL UNION NO. 1837, AFL-CIO",1,"IBEW",0.542857142857143,"Yes",0
"01-RC-022105","Region 01, Boston, Massachusetts","Public Service of New Hampshire",2007-04-03,2007-04-13,"Manchester","NH",NA,NA,32,NA,NA,NA,NA,NA,NA,NA,NA,NA,NA,NA,NA,NA,NA,NA,"Withdrawal Non-adjusted","Closed",NA,NA,NA,NA,NA,NA,2007-04-01,"26-50",TRUE,"RC","No",NA,0,"Uncoded",NA,"Other",NA
"01-RC-022093","Region 01, Boston, Massachusetts","Midwest Air Traffic Control Service Inc.",2007-02-26,2007-04-16,"Nashua","NH","A",2007-04-06,5,NA,"PROFESSIONAL AIR TRAFFIC CONTROLLERS ORGANIZATION {PATCO} FPD, NUHHCE, AFSCME, AFL-CIO",3,NA,NA,NA,NA,2,5,"N",NA,"N","PROFESSIONAL AIR TRAFFIC CONTROLLERS ORGANIZATION {PATCO} FPD, NUHHCE, AFSCME, AFL-CIO","Initial","Single Labor Organization","Certific. of Representative","Closed","All full time and regular part time air traffic controllers employed by the Employer at the Nashua New Hampshire Airport, 79 Perimeter Road, Nashua, New Hampshire but excluding all other employees, office clerical employees, air traffic control manag",NA,NA,NA,39,2007-04-01,2007-01-01,"<5",TRUE,"RC","Yes","PROFESSIONAL AIR TRAFFIC CONTROLLERS ORGANIZATION {PATCO} FPD, NUHHCE, AFSCME, AFL-CIO",2,"Multiple",0.6,"Yes",0
NA,NA,NA,NA,NA,NA,NA,NA,NA,NA,NA,NA,NA,NA,NA,NA,NA,NA,NA,NA,NA,NA,NA,NA,NA,NA,NA,NA,NA,NA,NA,NA,NA,NA,NA,NA,NA,NA,NA,NA,NA,NA,NA,NA
NA,NA,NA,NA,NA,NA,NA,NA,NA,NA,NA,NA,NA,NA,NA,NA,NA,NA,NA,NA,NA,NA,NA,NA,NA,NA,NA,NA,NA,NA,NA,NA,NA,NA,NA,NA,NA,NA,NA,NA,NA,NA,NA,NA
NA,NA,NA,NA,NA,NA,NA,NA,NA,NA,NA,NA,NA,NA,NA,NA,NA,NA,NA,NA,NA,NA,NA,NA,NA,NA,NA,NA,NA,NA,NA,NA,NA,NA,NA,NA,NA,NA,NA,NA,NA,NA,NA,NA
NA,NA,NA,NA,NA,NA,NA,NA,NA,NA,NA,NA,NA,NA,NA,NA,NA,NA,NA,NA,NA,NA,NA,NA,NA,NA,NA,NA,NA,NA,NA,NA,NA,NA,NA,NA,NA,NA,NA,NA,NA,NA,NA,NA
NA,NA,NA,NA,NA,NA,NA,NA,NA,NA,NA,NA,NA,NA,NA,NA,NA,NA,NA,NA,NA,NA,NA,NA,NA,NA,NA,NA,NA,NA,NA,NA,NA,NA,NA,NA,NA,NA,NA,NA,NA,NA,NA,NA
NA,NA,NA,NA,NA,NA,NA,NA,NA,NA,NA,NA,NA,NA,NA,NA,NA,NA,NA,NA,NA,NA,NA,NA,NA,NA,NA,NA,NA,NA,NA,NA,NA,NA,NA,NA,NA,NA,NA,NA,NA,NA,NA,NA
"01-RC-022052",NA,"WMUR-TV",2006-09-06,2006-10-31,"Manchester","NH","A",2006-10-18,9,0,"International Brotherhood of Electrical Workers, Local Union No. 1228, AFL-CIO",7,NA,NA,NA,NA,2,9,"N",0,"N","International Brotherhood of Electrical Workers, Local Union No. 1228, AFL-CIO","Initial","Single Labor Organization","Certific. of Representative","Closed","All full-time and regular part-time Master Control Operators and ENG/SNG Operations Technicians employed by the Employer at its WMUR-TV/DT facility in Manchester, New Hampshire, but excluding all other employees, field videographer/editors, salesmen, guards and supervisors as defined in the Act.",NA,NA,NA,42,2006-10-01,2006-07-01,"6-10",TRUE,"RC","Yes","International Brotherhood of Electrical Workers, Local Union No. 1228, AFL-CIO",1,"IBEW",0.777777777777778,"Yes",0
"01-RC-022032",NA,"North American Energy Services (NAES)",2006-06-26,2006-08-14,"Londonderry","NH","A",2006-08-04,18,0,"International Brotherhood of Electrical Workers, Local 1837,  AFL-CIO",14,NA,NA,NA,NA,4,18,"N",1,"N","International Brotherhood of Electrical Workers, Local 1837,  AFL-CIO","Initial","Single Labor Organization","Certific. of Representative","Closed","All full time and regular part time operations and maintenance employees employed by the Employer at 21 N. Wentworth Avenue, Londonderry, New Hampshire, but excluding all other employees, including office clerical employees, professional employees, confidential employees, guards, and supervisors as defined in the Act.",NA,NA,NA,39,2006-07-01,2006-04-01,"11-25",TRUE,"RC","Yes","International Brotherhood of Electrical Workers, Local 1837,  AFL-CIO",1,"IBEW",0.777777777777778,"Yes",0
"01-RC-022028",NA,"American Red Cross",2006-06-09,2006-09-05,"Manchester","NH","A",2006-08-23,66,0,"International Union, United Automobile, Aerospace and Agricultural Implement Workers of America, Region 9A, AFL-CIO",37,NA,NA,NA,NA,24,61,"N",4,"N","International Union, United Automobile, Aerospace and Agricultural Implement Workers of America, Region 9A, AFL-CIO","Initial","Single Labor Organization","Certific. of Representative","Closed","All full-time and regular part-time collection specialists, collection specialist/LPNs (non-charge), mobile unit assistants, mobile unit assistant/facility assistants, technician instructors, and donor center assistants employed by the Employer at its Manchester, New Hampshire facility, but excluding all other employees, confidential employees, professional employees, guards, and supervisors as defined in the Act.",NA,NA,NA,75,2006-07-01,2006-04-01,"51-100",TRUE,"RC","Yes","International Union, United Automobile, Aerospace and Agricultural Implement Workers of America, Region 9A, AFL-CIO",1,"UAW",0.60655737704918,"Yes",5
NA,NA,NA,NA,NA,NA,NA,NA,NA,NA,NA,NA,NA,NA,NA,NA,NA,NA,NA,NA,NA,NA,NA,NA,NA,NA,NA,NA,NA,NA,NA,NA,NA,NA,NA,NA,NA,NA,NA,NA,NA,NA,NA,NA
"01-RC-021988",NA,"Bonk Air Transport, Inc.",2006-01-23,2006-03-14,"Londonderry","NH","A",2006-03-03,28,0,"International Brotherhood of Teamsters, Local Union No.  633",12,NA,NA,NA,NA,16,28,"N",0,"N",NA,"Initial","Single Labor Organization","Certification of Results","Closed","All full time and regular part time drivers, dockworkers and dispatchers employed by the Employer at its Londonderry, New Hampshire facility, but excluding all other employees, office clerical employees, managerial employees, guards and supervisors as defined in the Act.",NA,NA,NA,39,2006-01-01,2006-01-01,"26-50",TRUE,"RC","Yes","International Brotherhood of Teamsters, Local Union No.  633",1,"Teamsters",0.428571428571429,"No",0
"01-RC-021981",NA,"United Rentals, Inc.",2005-12-21,2006-02-21,"West Lebanon","NH","A",2006-02-10,3,0,"International Union of Operating Engineers, Local  98, AFL-CIO",0,NA,NA,NA,NA,3,3,"N",0,"N",NA,"Initial","Single Labor Organization","Certification of Results","Closed","All full time and regular part time mechanics and drivers at the employed by the employer at the 17 interchange Drive, West Lebanon, New Hampshire facility, but excluding commission sales representatives, office clerical employees, professional employees, managerial employees, guards and supervisors as defined in the Act.",NA,NA,NA,51,2006-01-01,2005-10-01,"<5",TRUE,"RC","Yes","International Union of Operating Engineers, Local  98, AFL-CIO",1,"IUOE",0,"No",0
NA,NA,NA,NA,NA,NA,NA,NA,NA,NA,NA,NA,NA,NA,NA,NA,NA,NA,NA,NA,NA,NA,NA,NA,NA,NA,NA,NA,NA,NA,NA,NA,NA,NA,NA,NA,NA,NA,NA,NA,NA,NA,NA,NA
NA,NA,NA,NA,NA,NA,NA,NA,NA,NA,NA,NA,NA,NA,NA,NA,NA,NA,NA,NA,NA,NA,NA,NA,NA,NA,NA,NA,NA,NA,NA,NA,NA,NA,NA,NA,NA,NA,NA,NA,NA,NA,NA,NA
"01-RC-021962",NA,"Central Parking Corporation",2005-10-28,2005-12-19,"Manchester","NH","A",2005-12-09,146,0,"International Brotherhood of Teamsters, Local 633",76,NA,NA,NA,NA,16,92,"N",2,"N","International Brotherhood of Teamsters, Local 633","Initial","Single Labor Organization","Certific. of Representative","Closed","All full-time and regular part-time cashiers, shuttle drivers, inventory employees, maintenance employees, porters, mechanics, receptionists and lead attendants employed by the Employer at its One Airport Road, Manchester, New Hampshire location, but excluding all other employees, managers, guards and supervisors as defined in the Act.",NA,NA,NA,42,2005-10-01,2005-10-01,"101-500",TRUE,"RC","Yes","International Brotherhood of Teamsters, Local 633",1,"Teamsters",0.826086956521739,"Yes",54
NA,NA,NA,NA,NA,NA,NA,NA,NA,NA,NA,NA,NA,NA,NA,NA,NA,NA,NA,NA,NA,NA,NA,NA,NA,NA,NA,NA,NA,NA,NA,NA,NA,NA,NA,NA,NA,NA,NA,NA,NA,NA,NA,NA
"01-UD-000286","Region 01, Boston, Massachusetts","First Student Bus Company",2005-08-30,2007-09-14,"Belmont","NH",NA,NA,90,NA,NA,NA,NA,NA,NA,NA,NA,NA,NA,NA,NA,NA,NA,NA,"Withdrawal Non-adjusted","Closed",NA,NA,NA,NA,NA,NA,2005-07-01,"51-100",TRUE,"UD","No",NA,0,"Uncoded",NA,"Other",NA
"01-RC-021952",NA,"K.M. Gagnon, Inc.",2005-08-29,2005-10-11,"Hanover","NH","A",2005-09-29,10,0,"International Union of Bricklayers & Allied Craftsmen Union Local 3, AFL-CIO",2,NA,NA,NA,NA,6,8,"N",1,"N",NA,"Initial","Single Labor Organization","Certification of Results","Closed","All full-time and regular part-time bricklayers employed by the Employer at its Claremont, New Hampshire location, but excluding all other employees, guards, and supervisors as defined in the Act.",NA,NA,NA,31,2005-07-01,2005-07-01,"6-10",TRUE,"RC","Yes","International Union of Bricklayers & Allied Craftsmen Union Local 3, AFL-CIO",1,"BAC",0.25,"No",2
NA,NA,NA,NA,NA,NA,NA,NA,NA,NA,NA,NA,NA,NA,NA,NA,NA,NA,NA,NA,NA,NA,NA,NA,NA,NA,NA,NA,NA,NA,NA,NA,NA,NA,NA,NA,NA,NA,NA,NA,NA,NA,NA,NA
"01-RC-021937",NA,"Bellavance Beverage Company",2005-07-11,2005-09-06,"Nashua","NH","A",2005-08-26,36,0,"International Brotherhood of Teamsters Local Union 633, AFL-CIO",14,NA,NA,NA,NA,21,35,"N",2,"N",NA,"Initial","Single Labor Organization","Certification of Results","Closed","All full-time and regular part time drivers, helpers, salespersons, merchandizers, warehousemen, and foremen employed by the employer at its 120 Northwest Boulevard, Nashua, NH facility but excluding office clerical employees, managerial employees, team leaders, seasonal employees, guards and supervisors as defined in the Act and all other employees.",NA,NA,NA,46,2005-07-01,2005-07-01,"26-50",TRUE,"RC","Yes","International Brotherhood of Teamsters Local Union 633, AFL-CIO",1,"Teamsters",0.4,"No",1
"01-RC-021926",NA,"NOVIA Associates, Inc.",2005-06-09,2005-08-01,"Salem","NH","A",2005-07-22,16,0,"Sheet Metal Workers International Association, AFL-CIO",12,NA,NA,NA,NA,4,16,"N",0,"N","Sheet Metal Workers International Association, AFL-CIO","Initial","Single Labor Organization","Certific. of Representative","Closed","All full-time sheet metal workers, welders, fabricators, assemblers, painters, shipper/receiver, operators, shop foreman, curb department head and fabricator department head employed by the Employer at its Salem, NH facility, but excluding all other employees, clerical employees, managerial employees, engineers, and guards and supervisors as defined in the Act.",NA,NA,NA,43,2005-07-01,2005-04-01,"11-25",TRUE,"RC","Yes","Sheet Metal Workers International Association, AFL-CIO",1,"SMART",0.75,"Yes",0
NA,NA,NA,NA,NA,NA,NA,NA,NA,NA,NA,NA,NA,NA,NA,NA,NA,NA,NA,NA,NA,NA,NA,NA,NA,NA,NA,NA,NA,NA,NA,NA,NA,NA,NA,NA,NA,NA,NA,NA,NA,NA,NA,NA
"01-RC-021911",NA,"Omniplex World Services Corp.",2005-04-27,2005-06-13,"Manchester","NH","A",2005-06-02,37,0,"United Federation of Security Officers, Inc.",31,NA,NA,NA,NA,0,31,"N",0,"N","United Federation of Security Officers, Inc.","Initial","Single Labor Organization","Certific. of Representative","Closed","All non-exempt full time and regular part time employees working as security officers at the New Boston Air Force Station, New Boston, New Hampshire, but excluding flight sear gents, all other employees, managerial and administrative employees and supervisors as defined in the Act.",NA,NA,NA,36,2005-04-01,2005-04-01,"26-50",TRUE,"RC","Yes","United Federation of Security Officers, Inc.",0,"Uncoded",1,"Yes",6
"01-RC-021910",NA,"First Student, Inc.",2005-04-26,2006-01-26,"Bristol & Tilton","NH","A",2005-06-03,62,0,"United Auto Workers International Union, AFL-CIO",14,NA,NA,NA,NA,41,55,"N",1,"N",NA,"Initial","Single Labor Organization","Certification of Results","Closed","All full-time and regular part-time school bus drivers including spare and casual drivers employed by the Employer at its facilities located in Tilton and Bristol, New Hampshire, but excluding all other employees, office clerical employees, managerial employees, confidential employees, guards and supervisors as defined in the Act.",NA,NA,NA,38,2005-04-01,2005-04-01,"51-100",TRUE,"RC","Yes","United Auto Workers International Union, AFL-CIO",1,"UAW",0.254545454545455,"No",7
"01-RC-021886",NA,"Beckett Family of Services - Mt. Prospect Academy",2005-02-24,2005-04-18,"Plymouth","NH","A",2005-04-07,57,0,"Service Employees International Union Local 1984, State Employees Association of NH, AFL-CIO, CLC",24,NA,NA,NA,NA,29,53,"N",3,"N",NA,"Initial","Single Labor Organization","Certification of Results","Closed","Voting Group 1 (professional employees)

All full-time and regular part time professional employees employed by the Employer at its Plymouth, New Hampshire facility, including teachers, family outreach workers, treatment coordinators, youth advisors, therapeutic recreation/wilderness counselors, independent living coordinators, awaked overnight staff, behavior specialists, and school to work counselors, but excluding all nonprofessional employees, campus supervisors, campus administration employees, principal, school supervisors, secretarial employees, kitchen supervisors, guards and supervisors as defined in the Act.

Voting Group 2 (nonprofessional employees)

All full-time and regular part time nonprofessional employees employed by the Employer at its Plymouth, New Hampshire facility, including medical assistants, transporters, teacher assistants, cooks, and maintenance employees, but excluding all professional employees, campus supervisors, campus administration employees, principal, school supervisors, secretarial employees, kitchen supervisors, guards and supervisors as defined in the Act.",NA,NA,NA,42,2005-04-01,2005-01-01,"51-100",TRUE,"RC","Yes","Service Employees International Union Local 1984, State Employees Association of NH, AFL-CIO, CLC",1,"SEIU",0.452830188679245,"No",4
"01-RC-021877",NA,"LePage Bakeries d/b/a Country Kitchen",2005-01-25,2005-04-04,"Hudson","NH","A",2005-03-25,19,0,"International Brotherhood of Teamsters Local 633 of NH, AFL-CIO",2,NA,NA,NA,NA,17,19,"N",0,"N",NA,"Initial","Single Labor Organization","Certification of Results","Closed","All route sales associates and route sales associate trainees employed by the Employer at its Hudson, New Hampshire distribution facility, but excluding all other employees, marketing representatives, thrift store clerks, professional employees, clerical employees, guards, and supervisors as defined in the Act",NA,NA,NA,59,2005-01-01,2005-01-01,"11-25",TRUE,"RC","Yes","International Brotherhood of Teamsters Local 633 of NH, AFL-CIO",1,"Teamsters",0.105263157894737,"No",0
"01-RC-021872",NA,"Casella Waste Management, Inc. d/b/a Attlantic Wakefield/Atlantic Transfer",2005-01-12,2005-03-07,"Allentown","NH","A",2005-02-25,7,0,"International Brotherhood of Teamsters Local Union 633, AFL-CIO",4,NA,NA,NA,NA,3,7,"N",0,"N","International Brotherhood of Teamsters Local Union 633, AFL-CIO","Initial","Single Labor Organization","Certific. of Representative","Closed","All full time and regular part time truck drivers and transfer station/equipment operators employed by the Employer at its Allentown, New Hampshire facility, but excluding office clerical employees, confidential employees, management employees, guards and supervisors as defined in the Act.",NA,NA,NA,44,2005-01-01,2005-01-01,"6-10",TRUE,"RC","Yes","International Brotherhood of Teamsters Local Union 633, AFL-CIO",1,"Teamsters",0.571428571428571,"Yes",0
"01-RC-021871",NA,"Casella Waste Management, Inc. d/b/a Atlantic Waste Systems North",2005-01-12,2005-03-07,"Salem","NH","A",2005-02-25,30,1,"International Brotherhood of Teamsters Local Union 633, AFL-CIO",18,NA,NA,NA,NA,10,28,"N",0,"N","International Brotherhood of Teamsters Local Union 633, AFL-CIO","Initial","Single Labor Organization","Certific. of Representative","Closed","All full time and regular part time truck drivers, mechanics, helpers, container repair/drivers and transfer station/equipment operators employed by the Employer at its Salem, New Hampshire facility and the Salem, New Hampshire transfer station, but excluding office clerical employees, confidential employees, management employees, guards and supervisors as defined in the Act.",NA,NA,NA,44,2005-01-01,2005-01-01,"26-50",TRUE,"RC","Yes","International Brotherhood of Teamsters Local Union 633, AFL-CIO",1,"Teamsters",0.642857142857143,"Yes",2
"01-RC-021868",NA,"Cold River Materials",2005-01-11,2005-04-11,"Walpole & Keene","NH","A",2005-04-01,23,0,"International Union of Operating Engineers Local 98, AFL-CIO",8,NA,NA,NA,NA,12,20,"N",0,"N",NA,"Initial","Single Labor Organization","Certification of Results","Closed","All full time and regular part time loader/bulldozer operators, rock truck operators, plant operator mechanics and scale operator employed by the Employer at its New Hampshire locations, but excluding office clerical employees, office managers, quality control employee, electrican and supervisors as defined in the Act.",NA,NA,NA,80,2005-04-01,2005-01-01,"11-25",TRUE,"RC","Yes","International Union of Operating Engineers Local 98, AFL-CIO",1,"IUOE",0.4,"No",3
"01-RC-021869",NA,"Loomis Fargo",2005-01-11,2005-04-11,"Londonderry","NH","A",2005-04-01,89,0,"International Union, Security, Police, and Fire Professionals of America (SPFPA)",34,NA,NA,NA,NA,43,77,"N",14,"N",NA,"Initial","Revised Single Labor Org","Certification of Results","Closed","All full-time and regular part-time driver-guards, messenger-guards and armed vault custodians performing guard duties, employed by the Employer at 520 Old Mammouth Road, Londonderry, New Hampshire, but excluding all other employees, managerial employees, and supervisors as defined in the Act.",NA,NA,NA,80,2005-04-01,2005-01-01,"51-100",TRUE,"RC","Yes","International Union, Security, Police, and Fire Professionals of America (SPFPA)",1,"SPFPA",0.441558441558442,"No",12
"01-RC-021869",NA,"Loomis Fargo",2005-01-11,2005-04-11,"Londonderry","NH","A",2005-02-18,89,0,"International Union, Security, Police, and Fire Professionals of America (SPFPA)",32,NA,NA,NA,NA,34,66,"N",14,"Y",NA,"Initial","Single Labor Organization","Certification of Results","Closed","All full-time and regular part-time driver-guards, messenger-guards and armed vault custodians performing guard duties, employed by the Employer at 520 Old Mammouth Road, Londonderry, New Hampshire, but excluding all other employees, managerial employees, and supervisors as defined in the Act.",NA,NA,NA,38,2005-01-01,2005-01-01,"51-100",FALSE,"RC","Yes","International Union, Security, Police, and Fire Professionals of America (SPFPA)",1,"SPFPA",0.484848484848485,"No",23
"01-RC-021849",NA,"Service America Courier Corp.",2004-11-16,2005-01-10,"Portsmouth","NH","A",2004-12-30,23,0,"International Brotherhood of Teamsters Local 633, AFL-CIO",15,NA,NA,NA,NA,7,22,"N",1,"N","International Brotherhood of Teamsters Local 633, AFL-CIO","Initial","Single Labor Organization","Certific. of Representative","Closed","All full time and regular part time drivers employed by the Employer at its 115 Heritage Avenue, Portsmouth, New Hampshire facility, but excluding all other employees, warehouse employees, dispatchers, office clerical employees, managerial employees, guards, and supervisors as defined in the Act.",NA,NA,NA,44,2004-10-01,2004-10-01,"11-25",TRUE,"RC","Yes","International Brotherhood of Teamsters Local 633, AFL-CIO",1,"Teamsters",0.681818181818182,"Yes",1
"01-RC-021842",NA,"Dartmouth College - Hanover Inn",2004-11-08,2005-01-18,"Hanover","NH","A",2005-01-06,88,0,"Service Employees International Union Local 560, AFL-CIO",50,NA,NA,NA,NA,20,70,"N",4,"N","Service Employees International Union Local 560, AFL-CIO","Initial","Single Labor Organization","Certific. of Representative","Closed","INCLUDED: All full time and regular part-time employees employed by the Employer at the Hanover Inn in Hanover, New Hampshire including food preparation, food service, guest services, housekeeping and maintenance employees, but 
EXCLUDING::  All other employees, Dartmouth student employees, security employees, office clerical employees, temporary or seasonal employees, employees who have averaged  less than 20 hours per week in the 13 weeks ending at 11:59 p.m. Saturday November 13, 2004, and also excluding managers and supervisors as defined in the National Labor Relations Act, as amended.",NA,NA,NA,59,2005-01-01,2004-10-01,"51-100",TRUE,"RC","Yes","Service Employees International Union Local 560, AFL-CIO",1,"SEIU",0.714285714285714,"Yes",18
"01-RC-021841",NA,"NationsRent, Inc.",2004-11-05,2004-12-28,"Candia","NH","A",2004-12-17,15,1,"International Association of Machinists and Aerospace Workers, District Lodge 4, AFL-CIO",12,NA,NA,NA,NA,0,12,"N",0,"N","International Association of Machinists and Aerospace Workers, District Lodge 4, AFL-CIO","Initial","Single Labor Organization","Certific. of Representative","Closed","All full time and regular part time truck drivers, mechanics, service technicians, service technician leadmen and laborers, employed by the Employer at its 17 Old Manchester Road, Candia, New Hampshire  facility, but excluding all other employees, office clerical employees, parts clerks, inside sales employees, guards and supervisors as defined in the Act.",NA,NA,NA,42,2004-10-01,2004-10-01,"11-25",TRUE,"RC","Yes","International Association of Machinists and Aerospace Workers, District Lodge 4, AFL-CIO",1,"IAM",1,"Yes",3
"01-RC-021740",NA,"Damon Insulation Co.",2004-02-24,2004-08-26,"Hooksett","NH","A",2004-04-06,39,0,"International Association of Heat and Frost Insulators & Asbestos Workers Local #6, AFL-CIO",22,NA,NA,NA,NA,8,30,"N",5,"N","International Association of Heat and Frost Insulators & Asbestos Workers Local #6, AFL-CIO","Initial","Single Labor Organization","Certific. of Representative","Closed","All full-time and regular part-time insulators employed by the Employer at its Hooksett, New Hampshire location, but excluding all other employees, clerical employees, foremen, managerial employees, guards and supervisors as defined in the Act.",NA,NA,NA,42,2004-04-01,2004-01-01,"26-50",TRUE,"RC","Yes","International Association of Heat and Frost Insulators & Asbestos Workers Local #6, AFL-CIO",1,"Insulators",0.733333333333333,"Yes",9
"01-RD-002028",NA,"Spaulding Composites Inc.",2004-01-08,2004-05-12,"Rochester","NH","A",2004-04-28,50,0,"PACE Local 1424, AFL-CIO",16,NA,NA,NA,NA,32,48,"N",0,"N",NA,"Initial","Single Labor Organization","Certification of Results","Closed","All full time and regular part time production and maintenance employees employed by the Employer at its 55 Nedeau Drive, Rochester, New Hampshire location, but excluding all other employees, office clerical employees, managerial employees, guards and supervisors as defined in the Act.",NA,NA,NA,111,2004-04-01,2004-01-01,"26-50",TRUE,"RD","Yes","PACE Local 1424, AFL-CIO",1,"USW",0.333333333333333,"No",2
NA,NA,NA,NA,NA,NA,NA,NA,NA,NA,NA,NA,NA,NA,NA,NA,NA,NA,NA,NA,NA,NA,NA,NA,NA,NA,NA,NA,NA,NA,NA,NA,NA,NA,NA,NA,NA,NA,NA,NA,NA,NA,NA,NA
NA,NA,NA,NA,NA,NA,NA,NA,NA,NA,NA,NA,NA,NA,NA,NA,NA,NA,NA,NA,NA,NA,NA,NA,NA,NA,NA,NA,NA,NA,NA,NA,NA,NA,NA,NA,NA,NA,NA,NA,NA,NA,NA,NA
NA,NA,NA,NA,NA,NA,NA,NA,NA,NA,NA,NA,NA,NA,NA,NA,NA,NA,NA,NA,NA,NA,NA,NA,NA,NA,NA,NA,NA,NA,NA,NA,NA,NA,NA,NA,NA,NA,NA,NA,NA,NA,NA,NA
"01-RC-021653",NA,"Nashua Redimix Concrete, Inc.",2003-06-25,2004-01-26,"Nashua","NH","A",2003-08-15,24,0,"International Brotherhood of Teamsters Local 633, AFL-CIO",10,NA,NA,NA,NA,13,23,"N",1,"N",NA,"Initial","Single Labor Organization","Certification of Results","Closed","All full-time and regular part-time drivers, mechanics, batchers, and loaders/loader operators employed by the Employer at its Nashua, New Hampshire location, but excluding dispatchers, office clerical employees, managers, guards, and supervisors as defined in the Act.",NA,NA,NA,51,2003-07-01,2003-04-01,"11-25",TRUE,"RC","Yes","International Brotherhood of Teamsters Local 633, AFL-CIO",1,"Teamsters",0.434782608695652,"No",1
"01-RC-021647",NA,"Aggregate Industry",2003-06-10,2003-08-05,"Raymond","NH","A",2003-07-22,7,0,"International Brotherhood of Teamsters Local 633, AFL-CIO",7,NA,NA,NA,NA,0,7,"N",0,"N","International Brotherhood of Teamsters Local 633, AFL-CIO","Initial","Single Labor Organization","Certific. of Representative","Closed","All full-time and regular part-time truck mechanics employed by the Employer at its 91 Chester Road, Raymond, New Hampshire facility but excluding office employees, managerial employees, truck drivers, loaders operators, batchmen, plant mechanics, confidential employees, casual employees, security employees, guards and supervisors as defined in the Act, and all other employees.",NA,NA,NA,42,2003-07-01,2003-04-01,"6-10",TRUE,"RC","Yes","International Brotherhood of Teamsters Local 633, AFL-CIO",1,"Teamsters",1,"Yes",0
"01-RC-021626",NA,"Independent Pipe & Supply Corp.",2003-04-22,2003-06-12,"Manchester","NH","A",2003-05-30,3,0,"Chauffeurs, Teamsters and Helpers Local Union 633, a/w International Brotherhood of Teamsters, AFL-CIO",3,NA,NA,NA,NA,0,3,"N",0,"N","Chauffeurs, Teamsters and Helpers Local Union 633, a/w International Brotherhood of Teamsters, AFL-CIO","Initial","Single Labor Organization","Certific. of Representative","Closed","All full-time and regular part-time drivers and warehouse workers employed by the Employer at its 777 Industrial Park Drive, Manchester, New Hampshire, but excluding all other employees, clerical employees, guards and supervisors as defined in the Act.",NA,NA,NA,38,2003-04-01,2003-04-01,"<5",TRUE,"RC","Yes","Chauffeurs, Teamsters and Helpers Local Union 633, a/w International Brotherhood of Teamsters, AFL-CIO",1,"Teamsters",1,"Yes",0
"01-RC-021592",NA,"McIntosh College, Inc.",2003-01-03,2003-02-25,"Dover","NH","A",2003-02-13,34,0,"NH Federation of Teachers, American Federation of Teachers, Local # 8027, AFL-CIO",3,NA,NA,NA,NA,30,33,"N",0,"N",NA,"Initial","Single Labor Organization","Certification of Results","Closed","All full-time faculty members employed by the Employer at its 23 Cataract Avenue, Dover, NH facility, but excluding part-time faculty members, program chairs, clerical employees, managerial employees, confidential employees, casual employees, guards and supervisors as defined in the Act.",NA,NA,NA,41,2003-01-01,2003-01-01,"26-50",TRUE,"RC","Yes","NH Federation of Teachers, American Federation of Teachers, Local # 8027, AFL-CIO",1,"AFT",0.0909090909090909,"No",1
"01-RC-021589",NA,"WMUR-TV",2002-12-24,2003-02-06,"Manchester","NH","A",2003-01-29,14,0,"International Brotherhood of Electrical Workers Local 1228, AFL-CIO",14,NA,NA,NA,NA,0,14,"N",0,"N","International Brotherhood of Electrical Workers Local 1228, AFL-CIO","Initial","Single Labor Organization","Certific. of Representative","Closed","All full-time and regular part-time news field videographer/editors employed by the Employer at its WMUR-TV/WMUR-DT facility or faclities but excluding all other employees, salesmen, guards and supervisors as defined in the Act.",NA,NA,NA,36,2003-01-01,2002-10-01,"11-25",TRUE,"RC","Yes","International Brotherhood of Electrical Workers Local 1228, AFL-CIO",1,"IBEW",1,"Yes",0
NA,NA,NA,NA,NA,NA,NA,NA,NA,NA,NA,NA,NA,NA,NA,NA,NA,NA,NA,NA,NA,NA,NA,NA,NA,NA,NA,NA,NA,NA,NA,NA,NA,NA,NA,NA,NA,NA,NA,NA,NA,NA,NA,NA
NA,NA,NA,NA,NA,NA,NA,NA,NA,NA,NA,NA,NA,NA,NA,NA,NA,NA,NA,NA,NA,NA,NA,NA,NA,NA,NA,NA,NA,NA,NA,NA,NA,NA,NA,NA,NA,NA,NA,NA,NA,NA,NA,NA
"01-RC-021552",NA,"Atlantic Waste Systems North",2002-09-10,2002-10-29,"Salem","NH","A",2002-10-18,31,0,"International Brotherhood of Teamsters, AFL-CIO, Chauffers, Teamsters and Helpers Local Union 633 of New Hampshire",15,NA,NA,NA,NA,16,31,"N",0,"N","International Brotherhood of Teamsters, AFL-CIO, Chauffers, Teamsters and Helpers Local Union 633 of New Hampshire","Initial","Single Labor Organization","Certification of Results","Closed","All full time and regular part time truck drivers, mechanics, helpers, and container repair/driver and transfer station/equipment operator, employed by the Employer at its Salem, New Hampshire facility, but excluding all other employees, office clerical employees, managerial employees, dispatchers, guards, and supervisors as defined in the Act.",NA,NA,NA,38,2002-10-01,2002-07-01,"26-50",TRUE,"RC","Yes","International Brotherhood of Teamsters, AFL-CIO, Chauffers, Teamsters and Helpers Local Union 633 of New Hampshire",1,"Teamsters",0.483870967741935,"No",0
"01-RD-001987","Region 01, Boston, Massachusetts","Tru-Serv",2002-08-09,2007-02-09,"Manchester","NH",NA,NA,37,NA,NA,NA,NA,NA,NA,NA,NA,NA,NA,NA,NA,NA,NA,NA,"Withdrawal Non-adjusted","Closed",NA,NA,NA,NA,NA,NA,2002-07-01,"26-50",TRUE,"RD","No",NA,0,"Uncoded",NA,"Other",NA
"01-RC-021505",NA,"Waste Management Inc.",2002-05-01,2002-06-25,"Londonderry","NH","A",2002-06-14,137,0,"International Brotherhood of Teamsters Local 633, AFL-CIO",47,NA,NA,NA,NA,70,117,"N",4,"N",NA,"Initial","Single Labor Organization","Certification of Results","Closed","All full-time and regular part-time drivers and helpers employed by the Employer out of its 26 Liberty Drive, Londondery, New Hampshire facility, but excluding office clerical employees, managerial employees, mechanics, confidential employees, casual employees, guards and supervisors as defined in the Act and all other employees.",NA,NA,NA,44,2002-04-01,2002-04-01,"101-500",TRUE,"RC","Yes","International Brotherhood of Teamsters Local 633, AFL-CIO",1,"Teamsters",0.401709401709402,"No",20
"01-RC-021484",NA,"First Student Inc., Belmont Division",2002-03-13,2002-06-12,"Belmont and Hopkington","NH","A",2002-04-19,88,0,"United Automobile, Aerospace & Agricultural Implement Workers of America, AFL-CIO",43,NA,NA,NA,NA,38,81,"N",0,"N","United Automobile, Aerospace & Agricultural Implement Workers of America, AFL-CIO","Initial","Single Labor Organization","Certific. of Representative","Closed",NA,NA,NA,NA,37,2002-04-01,2002-01-01,"51-100",TRUE,"RC","Yes","United Automobile, Aerospace & Agricultural Implement Workers of America, AFL-CIO",1,"UAW",0.530864197530864,"Yes",7
"01-RC-021475",NA,"Dartmouth Dining Services",2002-02-08,2002-03-22,"Hanover","NH","A",2002-03-12,20,0,"Service Employees International Union, Local 560, AFL-CIO, CLC",13,NA,NA,NA,NA,4,17,"N",0,"N","Service Employees International Union, Local 560, AFL-CIO, CLC","Initial","Single Labor Organization","Certific. of Representative","Closed","All full-time line cooks and counter workers employed by the Employer at its Courtyard Cafe, Hopkins Center, Hanover, New Hampshire location, but excluding all other employees, regular part-time employees, office clerical employees, confidential employees, temporary employees, student employees, managerial employees, the manager, the assistant manager, shift supervisors, guards and all other supervisors as defined in the Act.",NA,NA,NA,32,2002-01-01,2002-01-01,"11-25",TRUE,"RC","Yes","Service Employees International Union, Local 560, AFL-CIO, CLC",1,"SEIU",0.764705882352941,"Yes",3
NA,NA,NA,NA,NA,NA,NA,NA,NA,NA,NA,NA,NA,NA,NA,NA,NA,NA,NA,NA,NA,NA,NA,NA,NA,NA,NA,NA,NA,NA,NA,NA,NA,NA,NA,NA,NA,NA,NA,NA,NA,NA,NA,NA
NA,NA,NA,NA,NA,NA,NA,NA,NA,NA,NA,NA,NA,NA,NA,NA,NA,NA,NA,NA,NA,NA,NA,NA,NA,NA,NA,NA,NA,NA,NA,NA,NA,NA,NA,NA,NA,NA,NA,NA,NA,NA,NA,NA
"01-RC-021462",NA,"American Tool Rental",2002-01-09,2002-03-04,"Hooksett","NH","A",2002-02-21,11,0,"International Brotherhood of Teamsters, Local 633, AFL-CIO",4,NA,NA,NA,NA,7,11,"N",0,"N",NA,"Initial","Single Labor Organization","Certification of Results","Closed","All full-time and regular part-time employees in the following job classifications employed by the Employer at its 1193 Hooksett Road, Hooksett, New Hampshire facility including Office Clerks, Dispatchers, Truck Drivers, Mechanics, Parts Support Specialists, and Rental Counter Persons, but excluding Managerial Employees, Division Manager, Branch Manager, Sales Manager, Service Manager, Outside Sales Persons, Confidential Employees, Casual Employees, Guards and Supervisors as defined in the Act and all other employees.",NA,NA,NA,43,2002-01-01,2002-01-01,"11-25",TRUE,"RC","Yes","International Brotherhood of Teamsters, Local 633, AFL-CIO",1,"Teamsters",0.363636363636364,"No",0
"01-RC-021459",NA,"North Atlantic Energy Services",2002-01-07,2002-02-20,"Seabrook","NH","A",2002-02-07,8,0,"Utility Workers Union of America, Local Union No. 555, AFL-CIO",5,NA,NA,NA,NA,3,8,"N",0,"N","Utility Workers Union of America, Local Union No. 555, AFL-CIO","Initial","Single Labor Organization","Certific. of Representative","Closed","All full-time and regular part-time fire fighter technicians and fire brigade leaders employed by the Employer at its Seabrook, New Hampshire facility, but excluding all other employees, guards and supervisors as defined in the Act.",NA,NA,NA,31,2002-01-01,2002-01-01,"6-10",TRUE,"RC","Yes","Utility Workers Union of America, Local Union No. 555, AFL-CIO",1,"UWUA",0.625,"Yes",0
"01-RC-021456",NA,"Hampstead Outlook, Inc. d/b/a Hampstead Hospital",2001-12-19,2002-03-11,"Hampstead","NH","A",2002-01-24,14,0,"Service Employees International Union, Local 1984, AFL-CIO",9,NA,NA,NA,NA,0,9,"N",4,"N","Service Employees International Union, Local 1984, AFL-CIO","Initial","Single Labor Organization","Certific. of Representative","Closed","All full-time and regular part-time LPNs, counselors, aides, medical records, psychological testers, psychologist secretaries, psychiatrist secretaries, social worker secretraries, ward secretaries, C.O.T.A. and dietary employees employed by the Employer at its 218 East Road, Hampstead, New Hampshire facility but excluding all RNs, social workers, psychiatrists, psychologist, teachers, certified theapeutic recreational specialists, housekeeping, switchboard operators, drivers, business office, maintenance, all other secretaries, nurse executive, program directors,  nurse managers, comptroller, medical director, administrator, shift supervisors as defined in the Act, all per diem dietrary employees, and all other.",NA,NA,NA,36,2002-01-01,2001-10-01,"11-25",TRUE,"RC","Yes","Service Employees International Union, Local 1984, AFL-CIO",1,"SEIU",1,"Yes",5
"01-RC-021439",NA,"Scientific Games",2001-11-08,2002-01-07,"Concord","NH","A",2001-12-20,18,0,"International Brotherhood of Teamsters Local 633, AFL-CIO",4,NA,NA,NA,NA,12,16,"N",2,"N",NA,"Initial","Single Labor Organization","Certification of Results","Closed","All full-time and regular part-time computer operators, lead operators, senior operators, field technicians, bench technician lead technician and dispatchers employed by the Employer at its 59 Chenelle Drive, Concord, New Hampshire facility, but excluding the receptionist and all office clerical employees, the administrative assistant and all other confidential employees, professional employees, guards, general manager, operation manager, assistant operations manager, marketing manager, field service supervisor and all other supervisors as defined in the Act and all others.",NA,NA,NA,42,2001-10-01,2001-10-01,"11-25",TRUE,"RC","Yes","International Brotherhood of Teamsters Local 633, AFL-CIO",1,"Teamsters",0.25,"No",2
"01-RD-001975",NA,"Morgan Services",2001-10-18,2001-12-12,"Londonderry","NH","A",2001-11-29,6,0,"International Brotherhood of Teamsters, Local 633, AFL-CIO",2,NA,NA,NA,NA,4,6,"N",0,"N",NA,"Initial","Single Labor Organization","Certification of Results","Closed","All full-time and regular part-time route service representatives and tractor-trailer drivers employed by the Employer at 576 Mammoth Road, Londonderry, New Hampshire, but excluding executives, supervisors, office and clerical personnel and any other individuals that are excluded by the Labor Management Relations Act of 1947.",NA,NA,NA,42,2001-10-01,2001-10-01,"6-10",TRUE,"RD","Yes","International Brotherhood of Teamsters, Local 633, AFL-CIO",1,"Teamsters",0.333333333333333,"No",0
"01-RC-021302",NA,"New Hampshire Catholic Charities d/b/a St. Vincent De Paul Nursing Home",2001-01-18,2001-04-11,"Manchester","NH","A",2001-03-30,10,0,"Paper, Allied-Industrial, Chemical & Energy Workers International Union, AFL-CIO, CLC",7,NA,NA,NA,NA,2,9,"N",0,"N","Paper, Allied-Industrial, Chemical & Energy Workers International Union, AFL-CIO, CLC","Initial","Single Labor Organization","Certific. of Representative","Closed","All full-time and regular part-time registered nurses, including charge nurses and the quality assurance director & clinical coordinator, employed by the Employer at its 29 Providence Avenue, Berlin, New Hampshire locations, but excluding on-call registered nurses, all other employees, guards and supervisors as defined in the Act.",NA,NA,NA,71,2001-01-01,2001-01-01,"6-10",TRUE,"RC","Yes","Paper, Allied-Industrial, Chemical & Energy Workers International Union, AFL-CIO, CLC",0,"Uncoded",0.777777777777778,"Yes",1
"01-RC-021301",NA,"New Hampshire Catholic Charities d/b/a  St. Vincent De Paul Nursing Home",2001-01-18,2001-04-11,"Manchester","NH","A",2001-03-30,80,3,"Paper, Allied-Industrial, Chemical & Energy Workers International Union, AFL-CIO, CLC",56,NA,NA,NA,NA,21,77,"N",0,"N","Paper, Allied-Industrial, Chemical & Energy Workers International Union, AFL-CIO, CLC","Initial","Single Labor Organization","Certific. of Representative","Closed","All full-time and regular part-time nonprofessional employees employed by the Employer at its 29 Providence Avenue, Berlin, New Hampshire location, including LPN staff nurses, LPN charge nurses, certified nursing assistants, receptionist/Secretary, activities employees, cooks, and aides in the dietary department, housekeepers, laundry department employees, maintenance department employees, medical records employees, and social service department employees, but excluding on-call employees, all other employees, guards and supervisors as defined in the Act.",NA,NA,NA,71,2001-01-01,2001-01-01,"51-100",TRUE,"RC","Yes","Paper, Allied-Industrial, Chemical & Energy Workers International Union, AFL-CIO, CLC",0,"Uncoded",0.727272727272727,"Yes",3
"01-RD-001954",NA,"Kingston Ready Mix",2000-11-24,2001-01-03,"Kingston","NH","A",2000-12-21,6,0,"International Brotherhood of Teamsters, Local 633, AFL-CIO",4,NA,NA,NA,NA,2,6,"N",0,"N","International Brotherhood of Teamsters, Local 633, AFL-CIO","Initial","Single Labor Organization","Certific. of Representative","Closed","All full time and regular part time ready mix drivers employed by the Employer at its Kingston, New Hampshire location, but excluding bulk cement drivers, deliver person/pit driver, loader operators, batch man, mechanics, salesmen, office clerical employees, professional employees, guards and supervisors as defined in the Act.",NA,NA,NA,27,2000-10-01,2000-10-01,"6-10",TRUE,"RD","Yes","International Brotherhood of Teamsters, Local 633, AFL-CIO",1,"Teamsters",0.666666666666667,"Yes",0
"01-RC-021276",NA,"Seacoast Management Co., Inc.",2000-11-09,2001-01-03,"Dover","NH","A",2000-12-20,13,0,"Teamsters Local 633 of N. H. a/w International Brotherhood of Teamsters,  AFL-CIO",10,NA,NA,NA,NA,3,13,"N",0,"N","Teamsters Local 633 of N. H. a/w International Brotherhood of Teamsters,  AFL-CIO","Initial","Single Labor Organization","Certific. of Representative","Closed","All full time drivers and dispatchers employed by the Employer at its Dover, NH location, but excluding all other employees, office clerical employees, mechanics, guards and supervisors as defined in the Act.",NA,NA,NA,41,2000-10-01,2000-10-01,"11-25",TRUE,"RC","Yes","Teamsters Local 633 of N. H. a/w International Brotherhood of Teamsters,  AFL-CIO",1,"Teamsters",0.769230769230769,"Yes",0
"01-RC-021258",NA,"Burns International Security Services",2000-10-02,2000-11-21,"Seabrook","NH","A",2000-11-09,41,0,"International Union, Security, Police, Fire Professionals of America (SPFPA)",23,NA,NA,NA,NA,14,37,"N",0,"N","International Union, Security, Police, Fire Professionals of America (SPFPA)","Initial","Single Labor Organization","Certific. of Representative","Closed","All full-time and regular part-time security officers performing guard duties as defined in Section 9(b)(3) of the Act employed by the Employer at its Lafayette Road, Seabrook, New Hampshire location, but excludin office clerical employees, confidential employees, managerial emplyees, and supervisorys (includig Central Alarm Station an Secondary Alarm Station employees) as defined in the Act.",NA,NA,NA,38,2000-10-01,2000-10-01,"26-50",TRUE,"RC","Yes","International Union, Security, Police, Fire Professionals of America (SPFPA)",1,"SPFPA",0.621621621621622,"Yes",4
NA,NA,NA,NA,NA,NA,NA,NA,NA,NA,NA,NA,NA,NA,NA,NA,NA,NA,NA,NA,NA,NA,NA,NA,NA,NA,NA,NA,NA,NA,NA,NA,NA,NA,NA,NA,NA,NA,NA,NA,NA,NA,NA,NA
NA,NA,NA,NA,NA,NA,NA,NA,NA,NA,NA,NA,NA,NA,NA,NA,NA,NA,NA,NA,NA,NA,NA,NA,NA,NA,NA,NA,NA,NA,NA,NA,NA,NA,NA,NA,NA,NA,NA,NA,NA,NA,NA,NA
"01-RC-021232",NA,"Public Service of New Hampshire",2000-08-22,2000-09-25,"Milford","NH","A",2000-09-14,3,0,"International Brotherhood of Electrical Workers",2,NA,NA,NA,NA,1,3,"N",0,"N","International Brotherhood of Electrical Workers","Initial","Single Labor Organization","Certific. of Representative","Closed","All full-time, regular meter readers and meter specialist employed by the Employer at its Milford, New Hampshire facility, but excluding all Department heads, Office Clericals, Guards and supervisors as defined in the Act, and all other employees employed by the Employer at is Milford, NH facility.",NA,NA,NA,23,2000-07-01,2000-07-01,"<5",TRUE,"RC","Yes","International Brotherhood of Electrical Workers",1,"IBEW",0.666666666666667,"Yes",0
"01-RC-021227",NA,"Air Quality Experts, Inc.",2000-08-08,2001-05-30,"Salem","NH","A",2001-05-29,18,0,"Massachusetts Laborers' District Council, a/w Laborers' International Union of North America, AFL-CIO",7,NA,NA,NA,NA,12,19,"N",4,"N",NA,"Initial","Revised Single Labor Org","Certification of Results","Closed","All full-time and regular part-time supervisory asbestors employees, laborer asbestos employees/general construction employed by the Employer at its 40 Lowell Road, Salem, New Hampshire facility, but excluding office clerical employees, managerial employees, confidential employees, casual employees, guards and supervisors as defined in the Act.",NA,NA,NA,294,2001-04-01,2000-07-01,"11-25",TRUE,"RC","Yes","Massachusetts Laborers' District Council, a/w Laborers' International Union of North America, AFL-CIO",1,"LIUNA",0.368421052631579,"No",-1
"01-RC-021227",NA,"Air Quality Experts, Inc.",2000-08-08,2001-05-30,"Salem","NH","A",2000-09-22,18,0,"Massachusetts Laborers' District Council, a/w Laborers' International Union of North America, AFL-CIO",7,NA,NA,NA,NA,10,17,"N",15,"Y",NA,"Initial","Single Labor Organization","Certification of Results","Closed","All full-time and regular part-time supervisory asbestors employees, laborer asbestos employees/general construction employed by the Employer at its 40 Lowell Road, Salem, New Hampshire facility, but excluding office clerical employees, managerial employees, confidential employees, casual employees, guards and supervisors as defined in the Act.",NA,NA,NA,45,2000-07-01,2000-07-01,"11-25",FALSE,"RC","Yes","Massachusetts Laborers' District Council, a/w Laborers' International Union of North America, AFL-CIO",1,"LIUNA",0.411764705882353,"No",1
"01-RC-021203",NA,"Air Traffic Ltd., Inc.",2000-06-16,2000-08-09,"Portsmouth","NH","A",2000-07-28,5,0,"Professional Air Traffic Controllers Organization, AFL-CIO",5,NA,NA,NA,NA,0,5,"N",0,"N","Professional Air Traffic Controllers Organization, AFL-CIO","Initial","Single Labor Organization","Certific. of Representative","Closed","All full time and regular part time weather supervisors and weather observers.",NA,NA,NA,42,2000-07-01,2000-04-01,"<5",TRUE,"RC","Yes","Professional Air Traffic Controllers Organization, AFL-CIO",1,"PATCO",1,"Yes",0
NA,NA,NA,NA,NA,NA,NA,NA,NA,NA,NA,NA,NA,NA,NA,NA,NA,NA,NA,NA,NA,NA,NA,NA,NA,NA,NA,NA,NA,NA,NA,NA,NA,NA,NA,NA,NA,NA,NA,NA,NA,NA,NA,NA
NA,NA,NA,NA,NA,NA,NA,NA,NA,NA,NA,NA,NA,NA,NA,NA,NA,NA,NA,NA,NA,NA,NA,NA,NA,NA,NA,NA,NA,NA,NA,NA,NA,NA,NA,NA,NA,NA,NA,NA,NA,NA,NA,NA
"01-RC-021170",NA,"Auto City",2000-04-06,2000-05-31,"Manchester","NH","A",2000-05-19,13,0,"Auto Body Technicians Union",7,NA,NA,NA,NA,6,13,"N",0,"N","Auto Body Technicians Union","Initial","Single Labor Organization","Certific. of Representative","Closed","All full-time and regular part-time auto body technicians, mechanics, detailmen and the parts manager employed by the Employer at its 17 South Bedford Street, Manchester, NH facility but excluding alll office clerical employees, professional employees, guards, the shop manager, the shop foreman, and all other supervisors as defined in the Act.",NA,NA,NA,43,2000-04-01,2000-04-01,"11-25",TRUE,"RC","Yes","Auto Body Technicians Union",0,"Uncoded",0.538461538461538,"Yes",0
"01-RD-001934",NA,"Volume Services America at Seabrook Greyhound",2000-03-29,2000-05-10,"Seabrook","NH","A",2000-04-29,28,0,"Central States Joint Board, Local 10, AFL-CIO",16,NA,NA,NA,NA,9,25,"N",1,"N","Central States Joint Board, Local 10, AFL-CIO","Initial","Single Labor Organization","Certific. of Representative","Closed","All full time and regular part-time employees of the Employer employed at its Yankee Greyhound Race Track, Seabrook, NH facility employed in the general categories of kitchen, dining room, and concessions
stand employees, including concessions grill cooks, soup cooks, sandwich cooks, confections cooked cooks, service persons, dishwashers, saladpersons, buspersons, cashiers, maintenance employees, concession counter employees, concession runner employees, and bartenders, but excluding all office employees, managers, guards, and supervisors as defined in the Act.",NA,NA,NA,31,2000-04-01,2000-01-01,"26-50",TRUE,"RD","Yes","Central States Joint Board, Local 10, AFL-CIO",0,"Uncoded",0.64,"Yes",3
"01-RC-021155",NA,"Eastern Bridge, LLC",2000-03-10,2000-05-01,"Claremont","NH","A",2000-04-20,55,0,"Shopmen's Local Union No. 501, a/w International Association of Bridge, Stuctural and Ornamental Iron Workers, AFL-CIO",18,NA,NA,NA,NA,30,48,"N",0,"N",NA,"Initial","Single Labor Organization","Certification of Results","Closed","All regular full time and regular part time production and maintenance employees employed by the Employer at its River Road, Claremont, NH location, including first shift leadmen, quality control employees, janitors and quality control production safety trainer, but excluding all office clerical employees, safety director, professional employees, guards and supervisors as defined in the Act, including the quality control manager, shop superintendent and second shift leadman/supervisor.",NA,NA,NA,41,2000-04-01,2000-01-01,"51-100",TRUE,"RC","Yes","Shopmen's Local Union No. 501, a/w International Association of Bridge, Stuctural and Ornamental Iron Workers, AFL-CIO",0,"Uncoded",0.375,"No",7
NA,NA,NA,NA,NA,NA,NA,NA,NA,NA,NA,NA,NA,NA,NA,NA,NA,NA,NA,NA,NA,NA,NA,NA,NA,NA,NA,NA,NA,NA,NA,NA,NA,NA,NA,NA,NA,NA,NA,NA,NA,NA,NA,NA
NA,NA,NA,NA,NA,NA,NA,NA,NA,NA,NA,NA,NA,NA,NA,NA,NA,NA,NA,NA,NA,NA,NA,NA,NA,NA,NA,NA,NA,NA,NA,NA,NA,NA,NA,NA,NA,NA,NA,NA,NA,NA,NA,NA
"01-RC-021147",NA,"Lewis & Saunders, Inc.",2000-02-18,2000-04-07,"Laconia","NH","A",2000-03-29,265,0,"United Steelworkers of America, AFL-CIO, CLC",65,NA,NA,NA,NA,158,223,"N",28,"N",NA,"Initial","Single Labor Organization","Certification of Results","Closed","All full-time and regular part-time production and maintenance employees including lead persons, production planners, material planners and master scheduler, and material and production clerical employees, employed by the Employer at its 93 Lexington Drive, laconia, NH facility, but excluding officer clerical employees, managerial employees, professional employees, confidential employees, casual employees, guards and supervisors as defined in the Act.",NA,NA,NA,40,2000-01-01,2000-01-01,"101-500",TRUE,"RC","Yes","United Steelworkers of America, AFL-CIO, CLC",1,"USW",0.291479820627803,"No",42
"29-RM-000890",NA,"Royale Tenants Corp.",2000-01-24,2000-03-31,"Brooklyn","NH","A",2000-03-01,3,0,"Local 2, NYS Independent Union of Buildi",1,NA,NA,NA,NA,2,3,"N",0,"N",NA,"Initial","Single Labor Organization","Certification of Results","Closed","INCLUDED:  All full-time and regular part-time building service employees, including but not limited to superintendents, handymen, porters, and doormen, employed by the Employer at its facility located at 30 Bay 29th Street, Brooklyn, New York, during the payroll period ending February 4, 2000.

EXCLUDED:  Guards and supervisors as defined in Section 2(11) of the Act.",NA,NA,NA,37,2000-01-01,2000-01-01,"<5",TRUE,"RM","Yes","Local 2, NYS Independent Union of Buildi",0,"Uncoded",0.333333333333333,"No",0
"01-RC-021093",NA,"Public Service Co. of N.H.",1999-10-05,1999-11-18,"Manchester","NH","A",1999-11-09,3,0,"International Brotherhood of Electrical Workers, Local 1837, AFL-CIO",3,NA,NA,NA,NA,0,3,"N",0,"N","International Brotherhood of Electrical","Initial","Single Labor Organization","Certific. of Representative","Closed","All full time and regular part  time secretary B employees and easement specialist employees in the T and D asset record department employed by the Employer at its Manchester, NH location, but excluding
all other employees, section leaders, department heads, guards and supervisors as deifined in the Act.",NA,NA,NA,35,1999-10-01,1999-10-01,"<5",TRUE,"RC","Yes","International Brotherhood of Electrical Workers, Local 1837, AFL-CIO",1,"IBEW",1,"Yes",0
"01-RC-021078",NA,"Kingston Ready-Mix",1999-09-10,1999-11-19,"Kingston","NH","A",1999-11-10,10,0,"International Brotherhood of Teamsters, Local 633, AFL-CIO",7,NA,NA,NA,NA,2,9,"N",1,"N","International Brotherhood of Teamsters,","Initial","Single Labor Organization","Certific. of Representative","Closed","All full-time and regular part-time ready-mix drivers employed by the Employer at its Kingston, New Hampshire location, but excluding bulk cement drivers, deliver person/pit driver, loader opreators, batch man, mechanics, salesmen, officer clerical employees, professional employees, guards, and supervisors as defined in the Act.",NA,NA,NA,61,1999-10-01,1999-07-01,"6-10",TRUE,"RC","Yes","International Brotherhood of Teamsters, Local 633, AFL-CIO",1,"Teamsters",0.777777777777778,"Yes",1
"01-RC-021043",NA,"Northcare & Subsidiaries - Mountain Health & Androscoggin Valley Hospital",1999-07-26,1999-09-20,NA,"NH","A",1999-09-09,102,0,"Paper, Allied-Industrial, Chemical & Ene",40,NA,NA,NA,NA,56,96,"N",3,"N",NA,"Initial","Single Labor Organization","Certification of Results","Closed",NA,NA,NA,NA,45,1999-07-01,1999-07-01,"101-500",TRUE,"RC","Yes","Paper, Allied-Industrial, Chemical & Ene",0,"Uncoded",0.416666666666667,"No",6
"01-RC-021028",NA,"Brox's Concrete",1999-06-02,1999-08-03,"Rochester","NH","A",1999-07-22,10,0,"International Brotherhood of Teamsters L",7,NA,NA,NA,NA,3,10,"N",0,"N","International Brotherhood of Teamsters L","Initial","Single Labor Organization","Certific. of Representative","Closed",NA,NA,NA,NA,50,1999-07-01,1999-04-01,"6-10",TRUE,"RC","Yes","International Brotherhood of Teamsters L",1,"Teamsters",0.7,"Yes",0
NA,NA,NA,NA,NA,NA,NA,NA,NA,NA,NA,NA,NA,NA,NA,NA,NA,NA,NA,NA,NA,NA,NA,NA,NA,NA,NA,NA,NA,NA,NA,NA,NA,NA,NA,NA,NA,NA,NA,NA,NA,NA,NA,NA
"01-RC-021020",NA,"Quikrete",1999-05-18,1999-08-04,"Brentwood","NH","A",1999-07-23,35,0,"Teamsters Local 633 of New Hampshire a/w",22,NA,NA,NA,NA,12,34,"N",0,"N",NA,"Initial","Single Labor Organization","Certific. of Representative","Closed",NA,NA,NA,NA,66,1999-07-01,1999-04-01,"26-50",TRUE,"RC","Yes","Teamsters Local 633 of New Hampshire a/w",1,"Teamsters",0.647058823529412,"Yes",1
NA,NA,NA,NA,NA,NA,NA,NA,NA,NA,NA,NA,NA,NA,NA,NA,NA,NA,NA,NA,NA,NA,NA,NA,NA,NA,NA,NA,NA,NA,NA,NA,NA,NA,NA,NA,NA,NA,NA,NA,NA,NA,NA,NA
"01-RD-001914",NA,"Centurion Protection Inc.",1999-04-05,1999-06-07,"Manchester","NH","A",1999-05-27,9,0,"International Brotherhood of Teamsters,",0,NA,NA,NA,NA,6,6,"N",1,"N",NA,"Initial","Single Labor Organization","Certification of Results","Closed",NA,NA,NA,NA,52,1999-04-01,1999-04-01,"6-10",TRUE,"RD","Yes","International Brotherhood of Teamsters,",1,"Teamsters",0,"No",3
"01-RC-020992",NA,"Transit Management of Nashua, Inc.",1999-03-25,1999-05-03,"Nashua","NH","A",1999-04-22,21,0,"American Federationof State, County and",15,NA,NA,NA,NA,5,20,"N",0,"N","American Federationof State, County and","Initial","Single Labor Organization","Certific. of Representative","Closed",NA,NA,NA,NA,28,1999-04-01,1999-01-01,"11-25",TRUE,"RC","Yes","American Federationof State, County and",0,"Uncoded",0.75,"Yes",1
"01-RD-001912",NA,"Jenkins Spirits Corp. Ltd.",1999-02-03,1999-06-10,"Londonderry","NH","A",1999-03-12,6,0,"Teamsters Local 633 of N.H., a/w Interna",1,NA,NA,NA,NA,5,6,"N",0,"N",NA,"Initial","Single Labor Organization","Certification of Results","Closed",NA,NA,NA,NA,37,1999-01-01,1999-01-01,"6-10",TRUE,"RD","Yes","Teamsters Local 633 of N.H., a/w Interna",1,"Teamsters",0.166666666666667,"No",0
NA,NA,NA,NA,NA,NA,NA,NA,NA,NA,NA,NA,NA,NA,NA,NA,NA,NA,NA,NA,NA,NA,NA,NA,NA,NA,NA,NA,NA,NA,NA,NA,NA,NA,NA,NA,NA,NA,NA,NA,NA,NA,NA,NA
NA,NA,NA,NA,NA,NA,NA,NA,NA,NA,NA,NA,NA,NA,NA,NA,NA,NA,NA,NA,NA,NA,NA,NA,NA,NA,NA,NA,NA,NA,NA,NA,NA,NA,NA,NA,NA,NA,NA,NA,NA,NA,NA,NA
NA,NA,NA,NA,NA,NA,NA,NA,NA,NA,NA,NA,NA,NA,NA,NA,NA,NA,NA,NA,NA,NA,NA,NA,NA,NA,NA,NA,NA,NA,NA,NA,NA,NA,NA,NA,NA,NA,NA,NA,NA,NA,NA,NA
NA,NA,NA,NA,NA,NA,NA,NA,NA,NA,NA,NA,NA,NA,NA,NA,NA,NA,NA,NA,NA,NA,NA,NA,NA,NA,NA,NA,NA,NA,NA,NA,NA,NA,NA,NA,NA,NA,NA,NA,NA,NA,NA,NA
NA,NA,NA,NA,NA,NA,NA,NA,NA,NA,NA,NA,NA,NA,NA,NA,NA,NA,NA,NA,NA,NA,NA,NA,NA,NA,NA,NA,NA,NA,NA,NA,NA,NA,NA,NA,NA,NA,NA,NA,NA,NA,NA,NA
"01-RC-020927",NA,"Valley Regional Health Care, Inc.",1998-11-03,1999-02-01,"Claremont and Newport","NH","A",1999-01-21,87,0,"Massachusetts Nurses Association",53,NA,NA,NA,NA,22,75,"N",1,"N",NA,"Initial","Single Labor Organization","Certific. of Representative","Closed",NA,NA,NA,NA,79,1999-01-01,1998-10-01,"51-100",TRUE,"RC","Yes","Massachusetts Nurses Association",1,"NNU",0.706666666666667,"Yes",12
NA,NA,NA,NA,NA,NA,NA,NA,NA,NA,NA,NA,NA,NA,NA,NA,NA,NA,NA,NA,NA,NA,NA,NA,NA,NA,NA,NA,NA,NA,NA,NA,NA,NA,NA,NA,NA,NA,NA,NA,NA,NA,NA,NA
NA,NA,NA,NA,NA,NA,NA,NA,NA,NA,NA,NA,NA,NA,NA,NA,NA,NA,NA,NA,NA,NA,NA,NA,NA,NA,NA,NA,NA,NA,NA,NA,NA,NA,NA,NA,NA,NA,NA,NA,NA,NA,NA,NA
NA,NA,NA,NA,NA,NA,NA,NA,NA,NA,NA,NA,NA,NA,NA,NA,NA,NA,NA,NA,NA,NA,NA,NA,NA,NA,NA,NA,NA,NA,NA,NA,NA,NA,NA,NA,NA,NA,NA,NA,NA,NA,NA,NA
NA,NA,NA,NA,NA,NA,NA,NA,NA,NA,NA,NA,NA,NA,NA,NA,NA,NA,NA,NA,NA,NA,NA,NA,NA,NA,NA,NA,NA,NA,NA,NA,NA,NA,NA,NA,NA,NA,NA,NA,NA,NA,NA,NA
NA,NA,NA,NA,NA,NA,NA,NA,NA,NA,NA,NA,NA,NA,NA,NA,NA,NA,NA,NA,NA,NA,NA,NA,NA,NA,NA,NA,NA,NA,NA,NA,NA,NA,NA,NA,NA,NA,NA,NA,NA,NA,NA,NA
NA,NA,NA,NA,NA,NA,NA,NA,NA,NA,NA,NA,NA,NA,NA,NA,NA,NA,NA,NA,NA,NA,NA,NA,NA,NA,NA,NA,NA,NA,NA,NA,NA,NA,NA,NA,NA,NA,NA,NA,NA,NA,NA,NA
NA,NA,NA,NA,NA,NA,NA,NA,NA,NA,NA,NA,NA,NA,NA,NA,NA,NA,NA,NA,NA,NA,NA,NA,NA,NA,NA,NA,NA,NA,NA,NA,NA,NA,NA,NA,NA,NA,NA,NA,NA,NA,NA,NA
NA,NA,NA,NA,NA,NA,NA,NA,NA,NA,NA,NA,NA,NA,NA,NA,NA,NA,NA,NA,NA,NA,NA,NA,NA,NA,NA,NA,NA,NA,NA,NA,NA,NA,NA,NA,NA,NA,NA,NA,NA,NA,NA,NA
