"Case","Region","Case_Name","Date_Filed","Date_Closed","City","State","Unit ID","Tally_Date","Num_Eligible_Voters","Void Ballots","Labor_Union","Votes_For_Union","Labor Union2","Votes for Labor Union2","Labor Union3","Votes for Labor Union3","Votes_Against","Total_Ballots_Counted","Runoff Required","Challenged Ballots","Challenges are Determinative","Union to Certify","Tally_Type","Ballot_Type","Reason_Closed","Status","Voting Unit (Unit A)","Voting Unit (Unit B)","Voting Unit (Unit C)","Voting Unit (Unit D)","Length","Tally_Quarter","Filed_Quarter","size","Unique","Case_Type","Election_Data","Plot_Labor_Union","National_Count","National","Margin","Union_Cer","Didnt_Vote"
"28-RC-382375","Region 28, Phoenix, Arizona","C2 Steel, LLC d/b/a Holly Steel",2026-03-05,NA,"Phoenix","AZ","A",2026-04-01,22,NA,"District Council of Iron Workers of the State of California and Vicinity a/w International Association of Bridge, Structural, Ornamental and Reinforcing Iron Workers",11,NA,NA,NA,NA,10,28,NA,8,"Y",NA,"Initial","Single Labor Organization",NA,"Open","INCLUDED: All full-time and regular part-time Welders and General Laborers employed by the Employer to work in the field and based out of its facility located in Phoenix, Arizona.

EXCLUDED: All other employees, office clerical employees, temporary employees, confidential employees, managerial employees, guards, and supervisors as defined in the Act.",NA,NA,NA,27,2026-04-01,2026-01-01,"11-25",TRUE,"RC","Yes","District Council of Iron Workers of the State of California and Vicinity a/w International Association of Bridge, Structural, Ornamental and Reinforcing Iron Workers",1,"Ironworkers",0.523809523809524,"Still Open",1
"20-RC-381899","Region 20, San Francisco, California","Pacific Post Tension, Inc.",2026-02-26,2026-04-09,"Vacaville","CA","A",2026-03-31,46,1,"Ironworkers Local 378",26,NA,NA,NA,NA,9,35,NA,NA,NA,"Ironworkers Local 378","Initial","Single Labor Organization","Certific. of Representative","Closed","Included: All full-time and regular part-time employees including rebar placers, cable placers and foremen in the State of California. 

Excluded: All professionals, estimators, sales employees, delivery drivers, clericals, managers, guards, and supervisors as defined by
 the Act.",NA,NA,NA,33,2026-01-01,2026-01-01,"26-50",TRUE,"RC","Yes","Ironworkers Local 378",1,"Ironworkers",0.742857142857143,"Yes",11
"18-RD-381047","Region 18, Minneapolis, Minnesota","Steel King Industries, Inc.",2026-02-13,2026-03-24,"Stevens Point","WI","A",2026-03-10,66,NA,"Ironworkers Regional Shop Local Union No. 853",42,NA,NA,NA,NA,18,60,NA,NA,NA,"Ironworkers Regional Shop Local Union No. 853","Initial","Single Labor Organization","Certific. of Representative","Closed","All full-time and regular part-time production and maintenance employees employed by the Employer who are engaged in the fabrication of iron, steel, metal, and other products, or in maintenance work in or about the Employer’s plant or plants located at Stevens Point, Wisconsin and vicinity; but excluding office clerical employees, draftsmen, engineering employees, watchmen, and guards, and supervisors as defined in the Act.",NA,NA,NA,25,2026-01-01,2026-01-01,"51-100",TRUE,"RD","Yes","Ironworkers Regional Shop Local Union No. 853",1,"Ironworkers",0.7,"Yes",6
"20-RC-373769","Region 20, San Francisco, California","A V Decking Inc. d/b/a A V Metal Decking",2025-09-22,NA,"Elk Grove","CA","A",2025-12-22,49,7,"International Association of Bridge, Structural, Ornamental and Reinforcing Iron Workers",14,NA,NA,NA,NA,1,15,NA,7,NA,"International Association of Bridge, Structural, Ornamental and Reinforcing Iron Workers","Initial","Single Labor Organization",NA,"Open",NA,NA,NA,NA,91,2025-10-01,2025-07-01,"26-50",TRUE,"RC","Yes","International Association of Bridge, Structural, Ornamental and Reinforcing Iron Workers",1,"Ironworkers",0.933333333333333,"Still Open",34
"32-RC-367229","Region 32, Oakland, California","TARC Construction, Inc.",2025-06-10,2025-07-24,"Fremont","CA","A",2025-07-16,9,NA,"Iron Workers Local 378, International Association of Bridge, Structural, Ornamental and Reinforcing Iron Workers, AFL-CIO",8,NA,NA,NA,NA,0,8,NA,NA,NA,"Iron Workers Local 378, International Association of Bridge, Structural, Ornamental and Reinforcing Iron Workers, AFL-CIO","Initial","Single Labor Organization","Certific. of Representative","Closed","All full-time and regular part-time iron workers in the Employer’s steel division including foremen, employed by the Employer at or from its facility located 3240 Darby Common, Fremont, CA 94539 performing work at, but not limited to, the following job sites: Old Dominion Truck lines 601 D’Arcy Parkway Lathrop, CA 95330, Baywood Terrace Apartments 3453 Baywood Terrace, Fremont, CA 94536 and Placer County Waste management 3013 Fiddyment Road, Roseville, CA 95747; excluding all other classifications, confidential employees, office clerical employees, guards, and supervisors as defined by the Act.",NA,NA,NA,36,2025-07-01,2025-04-01,"6-10",TRUE,"RC","Yes","Iron Workers Local 378, International Association of Bridge, Structural, Ornamental and Reinforcing Iron Workers, AFL-CIO",1,"Ironworkers",1,"Yes",1
"01-RM-363992","Region 01, Boston, Massachusetts","Jesco Iron Craft, Inc. d/b/a Jescraft",2025-04-17,2025-05-22,"Oxford","CT","A",2025-05-14,10,NA,"International Association of Bridge, Structural, Ornamental and Reinforcing Iron Workers, AFL-CIO",8,NA,NA,NA,NA,0,8,NA,2,NA,"International Association of Bridge, Structural, Ornamental and Reinforcing Iron Workers, AFL-CIO","Initial","Single Labor Organization","Certific. of Representative","Closed","All full-time and regular part-time Production Operators, Mig Welders, Painters, Shipping/Receiving Clerks, and Assemblers employed at the Employer’s Oxford, Connecticut location; but excluding all office clericals, confidential employees, managerial employees, guards. professional employees and supervisors as defined in the Act, and all other employees.",NA,NA,NA,27,2025-04-01,2025-04-01,"6-10",TRUE,"RM","Yes","International Association of Bridge, Structural, Ornamental and Reinforcing Iron Workers, AFL-CIO",1,"Ironworkers",1,"Yes",2
"19-RC-361905","Region 19, Seattle, Washington","Technical Glass Products, Inc.",2025-03-13,2025-04-22,"Snoqualmie","WA","A",2025-04-14,66,NA,"International Association of Bridge, Structural, Ornamental and Reinforcing Iron Workers, AFL-CIO",50,NA,NA,NA,NA,8,58,NA,1,NA,"International Association of Bridge, Structural, Ornamental and Reinforcing Iron Workers, AFL-CIO","Initial","Single Labor Organization","Certific. of Representative","Closed","Included: All full time and regular part time production and maintenance employees, including glass processors, machine operators, assemblers, welders, pre-finish, powder coat, shipping and receiving, employed by the Employer at its Snoqualmie, Washington facility; excluding all other employees, CNC programmers, managers, confidential employees, office clerical employees, professional employees, and guards and supervisors as defined in the Act.",NA,NA,NA,32,2025-04-01,2025-01-01,"51-100",TRUE,"RC","Yes","International Association of Bridge, Structural, Ornamental and Reinforcing Iron Workers, AFL-CIO",1,"Ironworkers",0.862068965517241,"Yes",8
"06-RC-350334","Region 06, Pittsburgh, Pennsylvania","Greco Steel Products, Inc.",2024-09-12,NA,"Springdale","PA","A",2024-10-02,18,NA,"International Association of Bridge, Structural, Ornamental and Reinforcing Iron Workers",9,NA,NA,NA,NA,7,16,NA,1,NA,"International Association of Bridge, Structural, Ornamental and Reinforcing Iron Workers","Initial","Single Labor Organization",NA,"Open","All full-time and regular part-time field Iron Workers and Laborers working out of the Employer's Springdale, Pennsylvania facility; excluding all office clerical employees, shop and fabrication employees, drivers, janitorial employees, maintenance employees, salaried employees, and guards, and professional employees and supervisors as defined by the Act.  

The parties have agreed that the crane operators may vote in the election, but their ballots will be challenged since their eligibility has not been resolved.  No decision has been made regarding whether the individuals in this classification or group are included in, or excluded from, the bargaining unit.  The eligibility or inclusion of these individuals will be resolved, if necessary, following the election.",NA,NA,NA,20,2024-10-01,2024-07-01,"11-25",TRUE,"RC","Yes","International Association of Bridge, Structural, Ornamental and Reinforcing Iron Workers",1,"Ironworkers",0.5625,"Still Open",2
"31-RD-347626","Region 31, Los Angeles, California","Field Applied Composite Systems LLC",2024-08-05,2024-09-12,"Azusa","CA","A",2024-09-04,3,NA,"Int'l. Assoc. of Bridge, Structural, Ornamental & Reinforcing Iron Workers Local 855",0,NA,NA,NA,NA,2,2,NA,NA,NA,NA,"Initial","Single Labor Organization","Certification of Results","Closed","INCLUDED: All production and maintenance employees of the company engaged in the fabrication of iron, steel, metal, fiber-optic cable, and other products or in maintenance work in or about the company’s plant located at 925 N. Todd Avenue, Azusa, California 91702, or in the jurisdiction of Regional Shop Local Union No. 885.

EXCLUDED: All other employees, office or clerical employees, draftsmen, engineers, watchmen, guards, and supervisors as defined by the Act.",NA,NA,NA,30,2024-07-01,2024-07-01,"<5",TRUE,"RD","Yes","Int'l. Assoc. of Bridge, Structural, Ornamental & Reinforcing Iron Workers Local 855",1,"Ironworkers",0,"No",1
"31-RC-343737","Region 31, Los Angeles, California","Young's Iron Works Inc.",2024-06-05,2024-07-05,"Sun Valley","CA","A",2024-06-26,8,NA,"Ironworkers Shop Local 855",2,NA,NA,NA,NA,6,8,NA,NA,NA,"Ironworkers Shop Local 855","Initial","Single Labor Organization","Certification of Results","Closed","Included: All production and maintenance employees employed by the Employer
at 9133 De Garmo Ave., Sun Valley, CA 91352.

Excluded: All other employees, guards, and supervisors as defined in the Act.",NA,NA,NA,21,2024-04-01,2024-04-01,"6-10",TRUE,"RC","Yes","Ironworkers Shop Local 855",1,"Ironworkers",0.25,"No",0
"13-RC-339419","Region 13, Chicago, Illinois","Portillo's Hot Dogs, LLC",2024-04-05,NA,"Aurora","IL","A",2024-04-30,42,NA,"International Association of Bridge, Structural, Ornamental and Reinforcing Iron Workers, AFL-CIO",23,NA,NA,NA,NA,16,39,NA,2,NA,"International Association of Bridge, Structural, Ornamental and Reinforcing Iron Workers, AFL-CIO","Initial","Single Labor Organization",NA,"Open",NA,NA,NA,NA,25,2024-04-01,2024-04-01,"26-50",TRUE,"RC","Yes","International Association of Bridge, Structural, Ornamental and Reinforcing Iron Workers, AFL-CIO",1,"Ironworkers",0.58974358974359,"Still Open",3
"03-RC-336315","Region 03, Buffalo, New York","Stavo Industries, Inc.",2024-02-22,2024-04-23,"Kingston","NY","A",2024-04-12,47,NA,"International Association of Bridge, Structural, Ornamental and Reinforcing Iron Workers",20,NA,NA,NA,NA,20,40,NA,2,NA,"International Association of Bridge, Structural, Ornamental and Reinforcing Iron Workers","Initial","Single Labor Organization","Certification of Results","Closed","All full-time and regular part-time production and maintenance
employees employed by the Employer at its Kingston, New York facilities excluding all office clerical employees, confidential employees, guards, professional employees and supervisors as defined in the Act, and all other employees.",NA,NA,NA,50,2024-04-01,2024-01-01,"26-50",TRUE,"RC","Yes","International Association of Bridge, Structural, Ornamental and Reinforcing Iron Workers",1,"Ironworkers",0.5,"No",7
"03-RC-336315","Region 03, Buffalo, New York","Stavo Industries, Inc.",2024-02-22,2024-04-23,"Kingston","NY","A",2024-03-13,47,NA,"International Association of Bridge, Structural, Ornamental and Reinforcing Iron Workers",20,NA,NA,NA,NA,18,38,NA,3,"Y",NA,"Initial","Single Labor Organization","Certification of Results","Closed","All full-time and regular part-time production and maintenance
employees employed by the Employer at its Kingston, New York facilities excluding all office clerical employees, confidential employees, guards, professional employees and supervisors as defined in the Act, and all other employees.",NA,NA,NA,20,2024-01-01,2024-01-01,"26-50",FALSE,"RC","Yes","International Association of Bridge, Structural, Ornamental and Reinforcing Iron Workers",1,"Ironworkers",0.526315789473684,"No",9
"04-RC-333250","Region 04, Philadelphia, Pennsylvania","PTR Baler and Compactor LLC",2024-01-09,2024-02-02,"Philadelphia","PA","A",2024-01-25,6,NA,"Regional Shop Local Union No. 852 of the International Association of Bridge, Structural, Ornamental and Reinforcing Iron Workers (affiliated with A.F.L.-C.I.O.)",4,NA,NA,NA,NA,1,5,NA,1,NA,"Regional Shop Local Union No. 852 of the International Association of Bridge, Structural, Ornamental and Reinforcing Iron Workers (affiliated with A.F.L.-C.I.O.)","Initial","Single Labor Organization","Certific. of Representative","Closed","Included: All full-time and regular part-time Stock Room Associates in the Stock/Tool Room employed by the Employer at its 2207 East Ontario Street, Philadelphia, PA facility.

Excluded: All other employees, employees in any existing bargaining unit, office clerical employees, draftsmen, engineering employees, watchmen, guards, and supervisors as defined in the Act. 

Others permitted to vote: The parties have agreed that the Inventory Coordinator may vote in the election, but their ballot will be challenged since their eligibility has not been resolved. No decision has been made regarding whether the individual in this classification or group is included in, or excluded from, the bargaining unit. The eligibility or inclusion of this individual will be resolved, if necessary, following the election. 

If a majority of valid ballots are cast for Regional Shop Local Union No. 852 of the International Association of Bridge, Structural, Ornamental and Reinforcing Iron Workers (affiliated with A.F.L.-C.I.O.), they will be taken to have indicated the employees’ desire to be included in the existing unit of all production, maintenance and service employees of the Company engaged in the fabrication of iron, steel, metal, and other products, or services, in maintenance work in or about the Company’s plant or plants located in Philadelphia, Pennsylvania, and vicinity, currently represented by the Regional Shop Local Union No. 852 of the International Association of Bridge, Structural, Ornamental and Reinforcing Iron Workers (affiliated with A.F.L.-C.I.O.) at the Employer’s 2207 East Ontario Street, Philadelphia, PA facility. If a majority of valid ballots are not cast for representation, they will be taken to have indicated the employees’ desire to remain unrepresented",NA,NA,NA,16,2024-01-01,2024-01-01,"6-10",TRUE,"RC","Yes","Regional Shop Local Union No. 852 of the International Association of Bridge, Structural, Ornamental and Reinforcing Iron Workers (affiliated with A.F.L.-C.I.O.)",1,"Ironworkers",0.8,"Yes",1
"14-RC-331217","Region 14, Saint Louis, Missouri","Nu Way Fab, LLC",2023-12-04,2025-01-14,"Troy","IL","A",2024-12-30,9,NA,"International Association of Bridge, Structural, Ornamental and Reinforcing Iron Workers",5,NA,NA,NA,NA,4,9,NA,NA,NA,"International Association of Bridge, Structural, Ornamental and Reinforcing Iron Workers","Initial","Revised Single Labor Org","Certific. of Representative","Closed","All full-time and regular part time rebar fabricators employed by the Employer at its facility located at 2454 Formosa Road, Troy, Illinois, but EXCLUDING all office clerical employees, professional employees, drivers, maintenance personnel, foremen, temporary employees, guards and supervisors as defined in the Act, and all other employees.

The parties have agreed that employees in the assistant foreman classification may vote in the election, but their ballot(s) may be challenged since their eligibility has not been resolved.  No decision has been made regarding whether the individuals in this classification or group is included in, or excluded from, the bargaining unit.  The eligibility or inclusion of these individuals will be resolved, if necessary, following the election.",NA,NA,NA,392,2024-10-01,2023-10-01,"6-10",TRUE,"RC","Yes","International Association of Bridge, Structural, Ornamental and Reinforcing Iron Workers",1,"Ironworkers",0.555555555555556,"Yes",0
"14-RC-331217","Region 14, Saint Louis, Missouri","Nu Way Fab, LLC",2023-12-04,2025-01-14,"Troy","IL","A",2024-01-11,4,NA,"International Association of Bridge, Structural, Ornamental and Reinforcing Iron Workers",0,NA,NA,NA,NA,3,3,NA,7,"Y","International Association of Bridge, Structural, Ornamental and Reinforcing Iron Workers","Initial","Single Labor Organization","Certific. of Representative","Closed","All full-time and regular part time rebar fabricators employed by the Employer at its facility located at 2454 Formosa Road, Troy, Illinois, but EXCLUDING all office clerical employees, professional employees, drivers, maintenance personnel, foremen, temporary employees, guards and supervisors as defined in the Act, and all other employees.

The parties have agreed that employees in the assistant foreman classification may vote in the election, but their ballot(s) may be challenged since their eligibility has not been resolved.  No decision has been made regarding whether the individuals in this classification or group is included in, or excluded from, the bargaining unit.  The eligibility or inclusion of these individuals will be resolved, if necessary, following the election.",NA,NA,NA,38,2024-01-01,2023-10-01,"<5",FALSE,"RC","Yes","International Association of Bridge, Structural, Ornamental and Reinforcing Iron Workers",1,"Ironworkers",0,"Yes",1
"05-RM-330777","Region 05, Baltimore, Maryland","Shure-Line Construction, Inc.",2023-11-27,NA,"Kenton","DE",NA,NA,6,NA,"International Association of Bridge, Structural, Ornamental and Reinforcing Iron Workers",NA,NA,NA,NA,NA,NA,NA,NA,NA,NA,NA,NA,NA,NA,"Open",NA,NA,NA,NA,NA,NA,2023-10-01,"6-10",TRUE,"RM","No","International Association of Bridge, Structural, Ornamental and Reinforcing Iron Workers",1,"Ironworkers",NA,"Still Open",NA
"05-RC-324801","Region 05, Baltimore, Maryland","Smart Simple Solutions, LLC",2023-08-30,NA,"Leesburg","VA","A",2023-09-29,47,8,"International Association of Bridge, Structural, Ornamental and Reinforcing Iron Workers",26,NA,NA,NA,NA,7,33,NA,26,"Y",NA,"Initial","Single Labor Organization",NA,"Open","INCLUDED: All full-time and regular part-time helpers, welders, team leaders, and firewatchers engaged in miscellaneous steel installation of miscellaneous iron work 
that Smart Simple Solutions, LLC performs for Iron Fabrication Services, LLC. 

EXCLUDED: All salaried employees, professional employees, shop and fabrication employees, drivers, clerical employees, managerial employees, guards, and supervisors as defined in the Act. 

Others permitted to vote:  The parties have agreed that the following individuals, alleged as discriminatees in Cases 05-CA-322527, 05-CA-324504, and 05-CA-324690 may vote in the election, but their ballots will be challenged since their eligibility has not been resolved: Adolfo Castro Normans, Yolanda Santiago Reyes, Leonel Zambrano Manzaba, Noe Martin Gonzales Aguilar, Roy Alfredo Rodas, Winston Materan, Remember Barrios, Zuleyma Cruz, Juan Carlos Escalante Barrera, Cristy Rodriguez, Estela Ayala, Brenda Bermudez, Elizabeth Diana Moreno, Noel Alexander Licona Cerritos, Luis Antonio Sanchez-Roman, Sasha Mejia Linares, Jaqueline 
Mejia Linares, Ariel Ivan Calix Rivera, German Nataren, Carlos Linares, Santos Rene Martinez, Milton Antonio Flores, Walter Alexis Santos Cardenas, Yonathan Moreno Mejia, Wilfredo Barreras Escalante, Angel Saravia, and Nelvis Portillo.  No decision has been made regarding whether the individuals are included in, or excluded from, the bargaining unit.  The eligibility and inclusion of these individuals will be resolved, if necessary, following the election.",NA,NA,NA,30,2023-07-01,2023-07-01,"26-50",TRUE,"RC","Yes","International Association of Bridge, Structural, Ornamental and Reinforcing Iron Workers",1,"Ironworkers",0.787878787878788,"Still Open",14
"05-RC-323041","Region 05, Baltimore, Maryland","Iron Fabrication Services, LLC",2023-08-02,2023-10-10,"Annapolis Junction","MD","A",2023-09-29,19,NA,"International Association of Bridge, Structural, Ornamental and Reinforcing Iron Workers, AFL-CIO",12,NA,NA,NA,NA,4,16,NA,5,NA,"International Association of Bridge, Structural, Ornamental and Reinforcing Iron Workers, AFL-CIO","Initial","Single Labor Organization",NA,"Closed","INCLUDED: All full-time and regular part-time ironworkers, welders, helpers, team leads, and foremen engaged in miscellaneous steel installation of miscellaneous iron work.

EXCLUDED: All salaried employees, professional employees, shop and fabrication employees, drivers, office clerical employees, managerial employees, guards, and supervisors as defined in the Act.

Others permitted to vote:  The parties have agreed that the following individuals, alleged as discriminatees in Cases 05-CA-322527 and 05-CA-324504, may vote in the election, but their ballots will be challenged since their eligibility has not been resolved: Felipe Mateo Contreras, Fredy R. Rivera Reyes, Jose Berrios Renderos, and Abel Sanchez.  No decision has been made regarding whether the individuals are included in, or excluded from, the bargaining unit.  The eligibility and inclusion of these individuals will be resolved, if necessary, following the election.",NA,NA,NA,58,2023-07-01,2023-07-01,"11-25",TRUE,"RC","Yes","International Association of Bridge, Structural, Ornamental and Reinforcing Iron Workers, AFL-CIO",1,"Ironworkers",0.75,"Other",3
"05-RC-323041","Region 05, Baltimore, Maryland","Iron Fabrication Services, LLC",2023-08-02,2023-10-10,"Annapolis Junction","MD","A",2023-09-29,19,NA,"International Association of Bridge, Structural, Ornamental and Reinforcing Iron Workers, AFL-CIO",12,NA,NA,NA,NA,4,16,NA,5,NA,"International Association of Bridge, Structural, Ornamental and Reinforcing Iron Workers, AFL-CIO","Initial","Single Labor Organization","Certific. of Representative","Closed","INCLUDED: All full-time and regular part-time ironworkers, welders, helpers, team leads, and foremen engaged in miscellaneous steel installation of miscellaneous iron work.

EXCLUDED: All salaried employees, professional employees, shop and fabrication employees, drivers, office clerical employees, managerial employees, guards, and supervisors as defined in the Act.

Others permitted to vote:  The parties have agreed that the following individuals, alleged as discriminatees in Cases 05-CA-322527 and 05-CA-324504, may vote in the election, but their ballots will be challenged since their eligibility has not been resolved: Felipe Mateo Contreras, Fredy R. Rivera Reyes, Jose Berrios Renderos, and Abel Sanchez.  No decision has been made regarding whether the individuals are included in, or excluded from, the bargaining unit.  The eligibility and inclusion of these individuals will be resolved, if necessary, following the election.",NA,NA,NA,58,2023-07-01,2023-07-01,"11-25",FALSE,"RC","Yes","International Association of Bridge, Structural, Ornamental and Reinforcing Iron Workers, AFL-CIO",1,"Ironworkers",0.75,"Yes",3
"04-RC-322837","Region 04, Philadelphia, Pennsylvania","Forepeak Steel, LLC",2023-07-31,2024-02-09,"Point Pleasant","NJ","A",2024-01-25,6,NA,"International Association of Bridge, Structural, Ornamental and Reinforcing Iron Workers, AFL-CIO",3,NA,NA,NA,NA,2,5,NA,NA,NA,"International Association of Bridge, Structural, Ornamental and Reinforcing Iron Workers, AFL-CIO","Initial","Revised Single Labor Org","Certific. of Representative","Closed","Included: All full-time and regular part-time ironworkers employed by the Employer from its 1503 River Avenue, Point Pleasant Borough, New Jersey facility. 

Excluded: All other employees, salaried employees, office clerical employees, professional employees, confidential employees, managerial employees, guards, and supervisors as defined by the Act.",NA,NA,NA,178,2024-01-01,2023-07-01,"6-10",TRUE,"RC","Yes","International Association of Bridge, Structural, Ornamental and Reinforcing Iron Workers, AFL-CIO",1,"Ironworkers",0.6,"Yes",1
"04-RC-322837","Region 04, Philadelphia, Pennsylvania","Forepeak Steel, LLC",2023-07-31,2024-02-09,"Point Pleasant","NJ","A",2023-09-07,6,NA,"International Association of Bridge, Structural, Ornamental and Reinforcing Iron Workers, AFL-CIO",3,NA,NA,NA,NA,2,5,NA,1,"Y",NA,"Initial","Single Labor Organization","Certific. of Representative","Closed","Included: All full-time and regular part-time ironworkers employed by the Employer from its 1503 River Avenue, Point Pleasant Borough, New Jersey facility. 

Excluded: All other employees, salaried employees, office clerical employees, professional employees, confidential employees, managerial employees, guards, and supervisors as defined by the Act.",NA,NA,NA,38,2023-07-01,2023-07-01,"6-10",FALSE,"RC","Yes","International Association of Bridge, Structural, Ornamental and Reinforcing Iron Workers, AFL-CIO",1,"Ironworkers",0.6,"Yes",1
"04-RC-320463","Region 04, Philadelphia, Pennsylvania","EEW American Offshore Structures, Inc.",2023-06-22,2023-07-28,"Paulsboro","NJ","A",2023-07-20,48,NA,"International Association of Bridge, Structural, Ornamental and Reinforcing Iron Workers",35,NA,NA,NA,NA,7,42,NA,3,NA,"International Association of Bridge, Structural, Ornamental and Reinforcing Iron Workers","Initial","Single Labor Organization","Certific. of Representative","Closed","Included: All full-time and regular part-time production employees and fabricators, including Welders, SPMT Operators, Painter/Blaster employees, General Laborers, and Inventory Control employees employed by the Employer at its facility located at 100 Offshore Drive, Paulsboro, NJ.

Excluded:  All other employees, temporary employees, maintenance employees, janitorial employees, managers, professional employees, office clerical employees, guards, and supervisors as defined in the Act.",NA,NA,NA,28,2023-07-01,2023-04-01,"26-50",TRUE,"RC","Yes","International Association of Bridge, Structural, Ornamental and Reinforcing Iron Workers",1,"Ironworkers",0.833333333333333,"Yes",6
"04-RC-320463","Region 04, Philadelphia, Pennsylvania","EEW American Offshore Structures, Inc.",2023-06-22,2023-07-28,"Paulsboro","NJ","A",2023-07-20,48,NA,"International Association of Bridge, Structural, Ornamental and Reinforcing Iron Workers",35,NA,NA,NA,NA,7,42,NA,3,NA,"International Association of Bridge, Structural, Ornamental and Reinforcing Iron Workers","Initial","Single Labor Organization","Certification of Results","Closed","Included: All full-time and regular part-time production employees and fabricators, including Welders, SPMT Operators, Painter/Blaster employees, General Laborers, and Inventory Control employees employed by the Employer at its facility located at 100 Offshore Drive, Paulsboro, NJ.

Excluded:  All other employees, temporary employees, maintenance employees, janitorial employees, managers, professional employees, office clerical employees, guards, and supervisors as defined in the Act.",NA,NA,NA,28,2023-07-01,2023-04-01,"26-50",FALSE,"RC","Yes","International Association of Bridge, Structural, Ornamental and Reinforcing Iron Workers",1,"Ironworkers",0.833333333333333,"No",6
"32-RD-316891","Region 32, Oakland, California","Westco Iron Works, Inc.",2023-04-26,2023-06-21,"Newman","CA","A",2023-06-12,43,NA,"Shopmen's Iron Workers Local 790, International Association of Bridge, Structural, ornamental and Reinforcing Iron Workers, AFL-CIO",6,NA,NA,NA,NA,35,41,NA,NA,NA,NA,"Initial","Single Labor Organization","Certification of Results","Closed","All full-time and regular part-time production and maintenance employees engaged in manufacturing, fabricating and handling of all materials entering into and/or used in connection with the manufacture or fabrication of all iron, steel, metal and other products, including pre-cast and pre-stressed concrete products, done by the Employer in or about its plant or plants located in the San Francisco, California Bay area and Vicinity thereof, including all maintenance work of the ordinary upkeep and repair of the Company’s machinery, plant and property, (provided, however, major extensions and major remodeling shall not be considered “maintenance”) done in or about said plant or plants (except such maintenance work which is normally performed by members of other unions), and to work done by such production and maintenance employees;

Excluding Employees engaged in erection, installation or construction work, employees engaged in such work, employees represented by other unions which are recognized by the Company and are the legitimate, exclusive bargaining representatives of such employees, draftsmen, engineering employees, office or clerical employees, watchmen, guards, or supervisors [as defined by the Act] (excluding working foremen and leadmen.",NA,NA,NA,47,2023-04-01,2023-04-01,"26-50",TRUE,"RD","Yes","Shopmen's Iron Workers Local 790, International Association of Bridge, Structural, ornamental and Reinforcing Iron Workers, AFL-CIO",1,"Ironworkers",0.146341463414634,"No",2
"13-RC-313847","Region 13, Chicago, Illinois","Portillo's Hot Dogs, LLC",2023-03-10,2024-08-16,"Addison","IL","A",2023-04-13,48,NA,"International Association of Bridge, Structural, Ornamental and Reinforcing Iron Workers, AFL-CIO",28,NA,NA,NA,NA,20,48,NA,NA,NA,"International Association of Bridge, Structural, Ornamental and Reinforcing Iron Workers, AFL-CIO","Initial","Single Labor Organization","Certific. of Representative","Closed","Included: All full-time and regular part-time Production Associates, Forklift Operators, HACCP Coordinators, FSQA Associate, Plant Mechanic, Crew Chiefs, and temporary employees in these classifications, employed by the Employer at its facility currently located at 380 S. Rohlwing Rd, Addison, Illinois.
 
Excluded: All other employees, salaried employees, office clerical employees and guards, professional employees and supervisors as defined in the Act.",NA,NA,NA,34,2023-04-01,2023-01-01,"26-50",TRUE,"RC","Yes","International Association of Bridge, Structural, Ornamental and Reinforcing Iron Workers, AFL-CIO",1,"Ironworkers",0.583333333333333,"Yes",0
"13-RC-312033","Region 13, Chicago, Illinois","Four Good, Inc. d/b/a School of Rock Oak Park and Four All Good, Inc. d/b/a School of Rock Glenbrook, as a single-employer",2023-02-13,2023-04-04,"Oak Park","IL","A",2023-03-23,49,NA,"International Association of Bridge, Structural, Ornamental and Reinforcing Iron Workers, AFL-CIO",16,NA,NA,NA,NA,32,48,NA,NA,NA,NA,"Initial","Single Labor Organization","Certification of Results","Closed","Included: All full-time and regular part-time Instructors, Grad School Program Directors, Rookies and Little Wing Program Directors, Studio Managers, and Studio Coordinators employed by the Employers at their School of Rock Oak Park facility currently located at 219 Lake Street, Oak Park, Illinois, and their School of Rock Glenbrook facility currently located at 3139 Dundee Road, Northbrook, Illinois.

Excluded: All other employees, salaried employees, guards, professional employees and supervisors as defined by the Act.",NA,NA,NA,38,2023-01-01,2023-01-01,"26-50",TRUE,"RC","Yes","International Association of Bridge, Structural, Ornamental and Reinforcing Iron Workers, AFL-CIO",1,"Ironworkers",0.333333333333333,"No",1
"31-RC-307032","Region 31, Los Angeles, California","WC Brown Welding Inc.",2022-11-14,2023-05-23,"Fontana","CA","A",2023-04-20,15,NA,"Shopmen's Local Union No. 509 of International Association of Bridge, Structural, Ornamental and Reinforcing Iron Workers",7,NA,NA,NA,NA,7,14,NA,NA,NA,NA,"Initial","Revised Single Labor Org","Certification of Results","Closed","Included: All Helpers, Welders, Layout Fitters, Fitters, Forklift Drivers, and Drivers.

Excluded: All other employees, confidential employees, clericals, managers, guards, and supervisors as defined by the Act.",NA,NA,NA,157,2023-04-01,2022-10-01,"11-25",TRUE,"RC","Yes","Shopmen's Local Union No. 509 of International Association of Bridge, Structural, Ornamental and Reinforcing Iron Workers",1,"Ironworkers",0.5,"No",1
"31-RC-307032","Region 31, Los Angeles, California","WC Brown Welding Inc.",2022-11-14,2023-05-23,"Fontana","CA","A",2023-01-05,15,NA,"Shopmen's Local Union No. 509 of International Association of Bridge, Structural, Ornamental and Reinforcing Iron Workers",7,NA,NA,NA,NA,5,12,NA,2,"Y",NA,"Initial","Single Labor Organization","Certification of Results","Closed","Included: All Helpers, Welders, Layout Fitters, Fitters, Forklift Drivers, and Drivers.

Excluded: All other employees, confidential employees, clericals, managers, guards, and supervisors as defined by the Act.",NA,NA,NA,52,2023-01-01,2022-10-01,"11-25",FALSE,"RC","Yes","Shopmen's Local Union No. 509 of International Association of Bridge, Structural, Ornamental and Reinforcing Iron Workers",1,"Ironworkers",0.583333333333333,"No",3
"21-RC-305119","Region 21, Los Angeles, California","Alcorn Fence Company",2022-10-13,2022-11-17,"Riverside","CA","A",2022-11-08,3,NA,"Shopmen's Local Union No. 509 of the International Association of Bridge, Structural, Ornamental and Reinforcing Iron Workers (AFL-CIO)",3,NA,NA,NA,NA,0,3,NA,NA,NA,"Shopmen's Local Union No. 509 of the International Association of Bridge, Structural, Ornamental and Reinforcing Iron Workers (AFL-CIO)","Initial","Single Labor Organization","Certification of Results","Closed","Included:  All full-time and regular part-time shop ironworkers employed by the Employer at its facility currently located at 6445 Old Pedley Road, Riverside, California.

Excluded:  All other employees, office clerical employees, professional employees, managerial employees, guards, and supervisors as defined in the Act.

If a majority of valid ballots are cast for the Petitioner, SHOPMEN'S LOCAL UNION NO. 509 OF THE INTERNATIONAL ASSOCIATION OF BRIDGE, STRUCTURAL, ORNAMENTAL AND REINFORCING IRON WORKERS (AFL-CIO), they will be taken to have indicated the employees' desire to be included in the bargaining unit as described in the collective-bargaining agreement between the Employer and Petitioner effective June 1, 2022 through May 31, 2025.

If a majority of valid ballots are not cast for representation, they will be taken to have indicated the employees' desire to remain unrepresented.",NA,NA,NA,26,2022-10-01,2022-10-01,"<5",TRUE,"RC","Yes","Shopmen's Local Union No. 509 of the International Association of Bridge, Structural, Ornamental and Reinforcing Iron Workers (AFL-CIO)",1,"Ironworkers",1,"No",0
"03-RD-304972","Region 03, Buffalo, New York","The Whitacre Engineering Co. d/b/a Whitacre Rebar",2022-10-12,2023-08-09,"Liverpool","NY","A",2022-12-05,3,NA,"Shopmen’s Local Union No. 824 of the International Association of Bridge, Structural, Ornamental and Reinforcing Iron Workers, AFL-CIO",1,NA,NA,NA,NA,2,3,NA,NA,NA,"Shopmen’s Local Union No. 824 of the International Association of Bridge, Structural, Ornamental and Reinforcing Iron Workers, AFL-CIO","Initial","Single Labor Organization","Withdrawal Non-adjusted","Closed","INCLUDED: All production and maintenance employees engaged in the fabrication of iron, steel, metal and 
other products, or in maintenance work in or about the Employer’s plant or plants located at 
Liverpool, New York and vicinity who were employed during the payroll period ending Saturday, 
November 12, 2022.  EXCLUDED: Office clerical employees, draftsmen, engineering employees, watchmen, guards, and 
professional employees and supervisors as defined in the Act, and employees engaged in 
erection, installation, or construction work.",NA,NA,NA,54,2022-10-01,2022-10-01,"<5",TRUE,"RD","Yes","Shopmen’s Local Union No. 824 of the International Association of Bridge, Structural, Ornamental and Reinforcing Iron Workers, AFL-CIO",1,"Ironworkers",0.333333333333333,"Other",0
"19-RC-300998","Region 19, Seattle, Washington","Raimore Construction, LLC",2022-08-08,2024-01-25,"Portland","OR","A",2022-12-28,40,1,"Iron Workers District Council of the Pacific Northwest & affiliated Iron Worker Local #14, #29 and #86 of the International Association of Bridge, Structural, Ornamental and Reinforcing Iron Workers",10,NA,NA,NA,NA,0,10,NA,NA,NA,"Iron Workers District Council of the Pacific Northwest & affiliated Iron Worker Local #14, #29 and #86 of the International Association of Bridge, Structural, Ornamental and Reinforcing Iron Workers","Initial","Single Labor Organization","Certific. of Representative","Closed","INCLUDED: All full-time and regular part-time iron workers employed by the Employer and performing work in the State of Oregon and Clark County in the State of Washington. 
EXCLUDED: All other employees, employees represented by other labor organizations, and guards and supervisors as defined by the Act.",NA,NA,NA,142,2022-10-01,2022-07-01,"26-50",TRUE,"RC","Yes","Iron Workers District Council of the Pacific Northwest & affiliated Iron Worker Local #14, #29 and #86 of the International Association of Bridge, Structural, Ornamental and Reinforcing Iron Workers",1,"Ironworkers",1,"Yes",30
"25-RC-298959","Region 25, Indianapolis, Indiana","Regal Industrial Midwest LLC",2022-07-08,2022-08-29,"Pekin","IL","A",2022-08-19,6,NA,"International Association of Bridge, Structural, Ornamental and Reinforcing Iron Workers",5,NA,NA,NA,NA,1,6,NA,NA,NA,"International Association of Bridge, Structural, Ornamental and Reinforcing Iron Workers","Initial","Single Labor Organization","Certific. of Representative","Closed","Included: All full-time and regular part-time production and maintenance employees, including blasters, painters, metallizers, machine operators, welders, fabricators, general laborers, and material handlers, employed by the Employer out of its Pekin, Illinois facility. 
Excluded: All professional employees, office clerical employees, temporary employees, guards and supervisors as defined in the Act, and all other employees.",NA,NA,NA,42,2022-07-01,2022-07-01,"6-10",TRUE,"RC","Yes","International Association of Bridge, Structural, Ornamental and Reinforcing Iron Workers",1,"Ironworkers",0.833333333333333,"Yes",0
"06-RC-298405","Region 06, Pittsburgh, Pennsylvania","Mendel Steel and Ornamental Iron Co.",2022-06-29,2022-08-11,"Bethel Park","PA","A",2022-08-03,3,NA,"INTERNATIONAL ASSOCIATION OF BRIDGE, STRUCTURAL, ORNAMENTAL AND REINFORCING IRON WORKERS, AFL-CIO",2,NA,NA,NA,NA,0,3,NA,1,NA,"INTERNATIONAL ASSOCIATION OF BRIDGE, STRUCTURAL, ORNAMENTAL AND REINFORCING IRON WORKERS, AFL-CIO","Initial","Single Labor Organization","Certific. of Representative","Closed","All hourly full-time and regular part-time production and maintenance employees including but not limited to shop iron workers, welders, fabricators, fillers, saw operators, press operators employed at 3017 S. Park Road, Bethel Park, PA 15102-1639, but excluding salaried employees, janitorial employees, office clerical employees, temporary workers, guards, professional employees, and supervisors as defined in the Act.",NA,NA,NA,35,2022-07-01,2022-04-01,"<5",TRUE,"RC","Yes","INTERNATIONAL ASSOCIATION OF BRIDGE, STRUCTURAL, ORNAMENTAL AND REINFORCING IRON WORKERS, AFL-CIO",1,"Ironworkers",1,"Yes",1
"32-RC-297978","Region 32, Oakland, California","Pevik Construction Group Inc.",2022-06-22,2022-08-10,"Madera","CA","A",2022-07-27,15,NA,"District Council of Iron Workers of the State of California and Vicinity, International Association of Bridge, Structural, Ornamental and Reinforcing Iron Workers",8,NA,NA,NA,NA,5,13,NA,NA,NA,"District Council of Iron Workers of the State of California and Vicinity, International Association of Bridge, Structural, Ornamental and Reinforcing Iron Workers","Initial","Single Labor Organization","Certific. of Representative","Closed","All full-time and regular part-time shop fabricators, shop welders, and shop foremen/leads, and field iron workers and field iron worker foremen/leads employed by the Employer at or out of its facility located at 2207 Riverview Drive, Madera, CA 93637; excluding all other employees, confidential employees, office clerical employees, guards, and supervisors as defined by the Act.",NA,NA,NA,35,2022-07-01,2022-04-01,"11-25",TRUE,"RC","Yes","District Council of Iron Workers of the State of California and Vicinity, International Association of Bridge, Structural, Ornamental and Reinforcing Iron Workers",1,"Ironworkers",0.615384615384615,"Yes",2
"28-RC-295837","Region 28, Phoenix, Arizona","KBL Reinforcing Inc.",2022-05-13,NA,"Las Vegas","NV","A",2022-07-15,100,5,"District Council of Iron Workers of the State of California, International Association of Bridge, Structural, Ornamental and Reinforcing Iron Workers",20,NA,NA,NA,NA,31,81,NA,30,"Y","District Council of Iron Workers of the State of California and Vicinity, International Association of Bridge, Structural, Ornamental and Reinforcing Iron Workers","Initial","Single Labor Organization",NA,"Open","INCLUDED:     All full-time and regular part-time Iron Workers employed by the Employer at its facility located in Las Vegas, Nevada.

Others permitted to vote: The parties have agreed that Ironworkers Jose M. Soto and Lorenzo Soto may vote in the election but their ballots will be challenged since their eligibility has not been resolved. No decision has been made regarding whether the individuals in this classification or group are included in, or excluded from, the bargaining unit. The eligibility or inclusion of these individuals will be resolved, if necessary, following the election.

EXCLUDED:  All other employees, office clerical employees, managers, guards, and supervisors as defined in the Act.
",NA,NA,NA,63,2022-07-01,2022-04-01,"51-100",TRUE,"RC","Yes","District Council of Iron Workers of the State of California, International Association of Bridge, Structural, Ornamental and Reinforcing Iron Workers",1,"Ironworkers",0.392156862745098,"Still Open",49
"21-RC-293033","Region 21, Los Angeles, California","Ironwood Fabrication, Inc.",2022-03-28,2023-02-23,"La Habra","CA","A",2022-10-06,17,NA,"District Council of Iron Workers of the State of California and Vicinity, International Association of Bridge, Structural, Ornamental and Reinforcing Iron Workers",4,NA,NA,NA,NA,7,11,NA,2,NA,NA,"Initial","Single Labor Organization","Withdrawal Non-adjusted","Closed","Included:  All full-time and regular part-time field helpers, field welders, foremen/welders, shop helpers, shop drivers, and shop welders, employed by the Employer at or out of its facility currently located at 761 Monroe Way, Placentia, California 92870, which was previously located at 215 Industry Avenue, La Habra, California. 

Excluded: All confidential employees, office clerical employees, professional employees, managerial employees, guards, and supervisors as defined in the Act.",NA,NA,NA,192,2022-10-01,2022-01-01,"11-25",TRUE,"RC","Yes","District Council of Iron Workers of the State of California and Vicinity, International Association of Bridge, Structural, Ornamental and Reinforcing Iron Workers",1,"Ironworkers",0.363636363636364,"Other",6
"21-RC-293033","Region 21, Los Angeles, California","Ironwood Fabrication, Inc.",2022-03-28,2023-02-23,"La Habra","CA","A",2022-07-15,17,NA,"District Council of Iron Workers of the State of California and Vicinity, International Association of Bridge, Structural, Ornamental and Reinforcing Iron Workers",4,NA,NA,NA,NA,7,11,NA,5,"Y",NA,"Initial","Single Labor Organization","Withdrawal Non-adjusted","Closed","Included:  All full-time and regular part-time field helpers, field welders, foremen/welders, shop helpers, shop drivers, and shop welders, employed by the Employer at or out of its facility currently located at 761 Monroe Way, Placentia, California 92870, which was previously located at 215 Industry Avenue, La Habra, California. 

Excluded: All confidential employees, office clerical employees, professional employees, managerial employees, guards, and supervisors as defined in the Act.",NA,NA,NA,109,2022-07-01,2022-01-01,"11-25",FALSE,"RC","Yes","District Council of Iron Workers of the State of California and Vicinity, International Association of Bridge, Structural, Ornamental and Reinforcing Iron Workers",1,"Ironworkers",0.363636363636364,"Other",6
"05-RC-292712","Region 05, Baltimore, Maryland","ShureLine Construction, Inc.",2022-03-22,2022-10-31,"Kenton","DE","A",2022-10-18,14,NA,"International Association of Bridge, Structural, Ornamental and Reinforcing Iron Workers",8,NA,NA,NA,NA,3,11,NA,3,NA,"International Association of Bridge, Structural, Ornamental and Reinforcing Iron Workers","Initial","Single Labor Organization","Certific. of Representative","Closed","INCLUDED: All full time and regular part-time iron workers, equipment operators, crane operators, and general foreman employed by the Employer in its structural steel division who are assigned to work in the field;

EXCLUDED: All other employees, employees assigned to work in the Employer’s shops, drivers, office clerical employees, professional employees, guards and supervisors as defined in the Act.",NA,NA,NA,210,2022-10-01,2022-01-01,"11-25",TRUE,"RC","Yes","International Association of Bridge, Structural, Ornamental and Reinforcing Iron Workers",1,"Ironworkers",0.727272727272727,"Yes",3
"28-RC-290472","Region 13, Chicago, Illinois","Black Iron Reinforcing, LLC",2022-02-10,2024-04-18,"Las Vegas","NV","A",2022-09-12,103,5,"District Council of Iron Workers of the State of California and Vicinity, International Association of Bridge, Structural, Ornamental and Reinforcing Iron Workers",33,NA,NA,NA,NA,26,67,NA,8,"Y",NA,"Initial","Single Labor Organization","Certific. of Representative","Closed","Included:  All full-time and regular part-time ironworkers and laborers employed by the Employer wherever located, including in Las Vegas, Nevada.  

Excluded: All other employees, fab laborers, drivers, clericals, managers, supervisors, and guards as defined by the Act.",NA,NA,NA,214,2022-07-01,2022-01-01,"101-500",TRUE,"RC","Yes","District Council of Iron Workers of the State of California and Vicinity, International Association of Bridge, Structural, Ornamental and Reinforcing Iron Workers",1,"Ironworkers",0.559322033898305,"Yes",44
"25-RC-282502","Region 25, Indianapolis, Indiana","G&D Integrated Manufacturing, LLC",2021-09-07,2021-10-21,"Morton","IL","A",2021-10-13,20,NA,"International Association of Bridge, Structural,  Ornamental and Reinforcing Iron Workers",13,NA,NA,NA,NA,5,18,NA,2,NA,"International Association of Bridge, Structural,  Ornamental and Reinforcing Iron Workers","Initial","Single Labor Organization","Certific. of Representative","Closed","Included: All full-time and regular part-time welders, machine operators, quality control employees, and general laborers employed by the Employer at its Morton, Illinois facility. 

Excluded: All office clerical employees, salaried employees, janitorial employees, maintenance employees, professional employees, guards and supervisors as defined in the Act, and all other employees.",NA,NA,NA,36,2021-10-01,2021-07-01,"11-25",TRUE,"RC","Yes","International Association of Bridge, Structural,  Ornamental and Reinforcing Iron Workers",1,"Ironworkers",0.722222222222222,"Yes",2
"12-RC-277875","Region 12, Tampa, Florida","GM&P Consulting and Glazing Contractors, Inc.",2021-05-28,2021-07-29,"Miami","FL","A",2021-07-13,33,2,"International Association of Bridge, Structural, Ornamental, and Reinforcing Iron Workers Local 272, AFL-CIO",13,NA,NA,NA,NA,17,30,NA,NA,NA,NA,"Initial","Single Labor Organization","Certification of Results","Closed","INCLUDED:   All full-time and regular part-time installers/finishers and helpers employed by the employer within Broward, Collier, Miami-Dade, and Monroe counties, Florida.
EXCLUDED:  All other employees, laborers, warranty service employees, office clerical employees, professional employees, managers, guards and supervisors as defined in the Act.",NA,NA,NA,46,2021-07-01,2021-04-01,"26-50",TRUE,"RC","Yes","International Association of Bridge, Structural, Ornamental, and Reinforcing Iron Workers Local 272, AFL-CIO",1,"Ironworkers",0.433333333333333,"No",3
"12-RC-275894","Region 12, Tampa, Florida","DBR Development Management LLC",2021-04-20,2021-07-02,"Dorado","PR","A",2021-06-22,48,2,"International Association of Bridge, Structural, Ornamental and Reinforcing Iron Workers, Local Union No. 845, AFL-CIO",5,NA,NA,NA,NA,35,40,NA,3,NA,NA,"Initial","Single Labor Organization","Certification of Results","Closed","All full-time reinforcing iron workers employed by the Employer; excluding all other employees, carpenters, laborers, professional employees, office clerical employees, guards, and supervisors as defined in the Act.",NA,NA,NA,63,2021-04-01,2021-04-01,"26-50",TRUE,"RC","Yes","International Association of Bridge, Structural, Ornamental and Reinforcing Iron Workers, Local Union No. 845, AFL-CIO",1,"Ironworkers",0.125,"No",8
"29-RC-274826","Region 29, Brooklyn, New York","NYC Crane Hoist Operations, LLC",2021-03-26,2022-04-27,"Brooklyn","NY","A",2022-01-04,28,2,"United Derrickmen & Riggers Association, Local No. 197, International Association of Bridge, Structural, Ornamental and Reinforcing Iron Workers, AFL-CIO",3,NA,NA,NA,NA,3,6,"Y",9,"Y",NA,"Initial","Single Labor Organization","Certific. of Representative","Closed","incl
All full-time and regular part time employees working at the Employer's jobsites in New York City who were employed by the Employer during the payroll period ending February 15, 2022. 
Add footnote here

excl
crane operators, drivers, yard workers, confidential employees, professional employees, guards, managers, and supervisors as defined by the Act

Others permitted to vote
At this time, no decision has been made regarding whether employees classified as foremen are included or excluded from the bargaining unit, and individuals in these classifications may vote in the election but their ballots shall be challenged since their eligibility has not been determined. The eligibility or inclusion of these individuals will be resolved, if necessary, following the election.

footnote
Also eligible to vote are all employees in the unit(s) who either (1) were employed a total of 30 working days or more within the 12 months preceding the election eligibility date or (2) had some employment in the 12 months preceding the election eligibility date and were employed 45 working days or more within the 24 months immediately preceding the election eligibility date. However, employees meeting either of those criteria who were terminated for cause or who quit voluntarily prior to the completion of the last job for which they were employed, are not eligible.",NA,NA,NA,284,2022-01-01,2021-01-01,"26-50",TRUE,"RC","Yes","United Derrickmen & Riggers Association, Local No. 197, International Association of Bridge, Structural, Ornamental and Reinforcing Iron Workers, AFL-CIO",1,"Ironworkers",0.5,"Yes",22
"21-RD-274720","Region 21, Los Angeles, California","Alcorn Fence Company",2021-03-26,2021-05-17,"Riverside","CA","A",2021-05-07,3,NA,"SHOPMEN’S LOCAL UNION NO. 509 OF THE INTERNATIONAL ASSOCIATION OF BRIDGE, STRUCTURAL, ORNAMENTAL AND REINFORCING IRON WORKERS (AFL-CIO)",0,NA,NA,NA,NA,1,1,NA,NA,NA,NA,"Initial","Single Labor Organization","Certification of Results","Closed","Included:  All full-time and regular part-time Mechanics, Loader/Yardman/Driver Leadman, Welders, Truck Drivers (Class 1 or 2 License), Pipe Cutters, Gateman, Loader/Yardman/Drivers, Mechanic Helpers, Fence Installers, and Trainees employed by the Employer at 6445 Old Pedley Road, Riverside, California.

Excluded:  All other employees, office clerical employees, professional employees, managerial employees, guards, and supervisors as defined in the Act.",NA,NA,NA,42,2021-04-01,2021-01-01,"<5",TRUE,"RD","Yes","SHOPMEN’S LOCAL UNION NO. 509 OF THE INTERNATIONAL ASSOCIATION OF BRIDGE, STRUCTURAL, ORNAMENTAL AND REINFORCING IRON WORKERS (AFL-CIO)",1,"Ironworkers",0,"No",2
"04-RC-265654","Region 04, Philadelphia, Pennsylvania","Men of Steel Enterprises, LLC",2020-09-04,2020-10-19,"Bensalem","PA","A",2020-10-09,16,NA,"International Association of Bridge, Structural, Ornamental and Reinforcing Iron Workers, AFL-CIO",6,NA,NA,NA,NA,9,15,NA,1,NA,NA,"Initial","Single Labor Organization","Certification of Results","Closed","Included: All full-time and regular part-time CDL drivers employed by the Employer at its 555 State Road, #101, Bensalem, PA facility. 
Excluded: All other employees, professional employees, office clerical employees, guards and supervisors as defined in the Act.",NA,NA,NA,35,2020-10-01,2020-07-01,"11-25",TRUE,"RC","Yes","International Association of Bridge, Structural, Ornamental and Reinforcing Iron Workers, AFL-CIO",1,"Ironworkers",0.4,"No",1
"22-RC-265289","Region 22, Newark, New Jersey","ABLE ROLLING STEEL DOOR INC.",2020-08-27,2021-04-15,"South Hackensack","NJ","A",2020-10-28,6,2,"INTERNATIONAL ASSOCIATION OF BRIDGE, STRUCTURAL, ORNAMENTAL AND REINFORCING IRON WORKERS, AFL-CIO",3,NA,NA,NA,NA,0,3,NA,1,NA,"INTERNATIONAL ASSOCIATION OF BRIDGE, STRUCTURAL, ORNAMENTAL AND REINFORCING IRON WORKERS, AFL-CIO","Initial","Single Labor Organization","Certific. of Representative","Closed",NA,NA,NA,"Included:	All full-time and regular part-time installation/service employees employed by the Employer at its South Hackensack, New Jersey facility.
Excluded:	All office clerical employees, professional employees, managers, guards and supervisors as defined in the National Labor Relations Act and all other employees.",62,2020-10-01,2020-07-01,"6-10",TRUE,"RC","Yes","INTERNATIONAL ASSOCIATION OF BRIDGE, STRUCTURAL, ORNAMENTAL AND REINFORCING IRON WORKERS, AFL-CIO",1,"Ironworkers",1,"Yes",3
"09-RD-262581","Region 09, Cincinnati, Ohio","ALRO STEEL CORPORATION",2020-07-02,2020-09-10,"Columbus","OH","A",2020-08-28,30,NA,"Shopmen's Local Union No. 851 of the International Association of Bridge, Structural, Ornamental and Reinforcing Iron Workers, AFL-CIO (BSOW)",3,NA,NA,NA,NA,19,22,NA,NA,NA,NA,"Initial","Single Labor Organization","Certification of Results","Closed","All full-time and regular part-time truck drivers, production and maintenance employees employed by the Employer at its facility currently located at 555 Hilliard Rome Rd. Columbus, Ohio 43228; excluding all other employees, office clerical employees, managers, and supervisors and guards as defined by the National Labor Relations Act.",NA,NA,NA,57,2020-07-01,2020-07-01,"26-50",TRUE,"RD","Yes","Shopmen's Local Union No. 851 of the International Association of Bridge, Structural, Ornamental and Reinforcing Iron Workers, AFL-CIO (BSOW)",1,"Ironworkers",0.136363636363636,"No",8
"03-RC-262231","Region 03, Buffalo, New York","Watson Bowman Acme Corp.",2020-06-26,2020-08-28,"Buffalo","NY","A",2020-08-19,54,NA,"International Association of Bridge, Structural, Ornamental & Reinforcing Iron Workers, Shopmen's Local No. 576, AFL-CIO",12,NA,NA,NA,NA,29,41,NA,12,NA,NA,"Initial","Single Labor Organization","Certification of Results","Closed","All full-time and regular part-time production and maintenance employees, including quality control and warehouse shipping and receiving clerks, employed by the Employer at its Amherst, New York facility; excluding office clerical employees, guards, design detailers, and professional employees and supervisors as defined in the Act.",NA,NA,NA,54,2020-07-01,2020-04-01,"51-100",TRUE,"RC","Yes","International Association of Bridge, Structural, Ornamental & Reinforcing Iron Workers, Shopmen's Local No. 576, AFL-CIO",1,"Ironworkers",0.292682926829268,"No",13
"08-RD-251243","Region 08, Cleveland, Ohio","Alro Steel Corporation",2019-11-06,2019-12-10,"Toledo","OH","A",2019-11-26,37,NA,"Ironworkers Local Union No. 55S",20,NA,NA,NA,NA,14,34,NA,NA,NA,"Ironworkers Local Union No. 55S","Initial","Single Labor Organization","Certific. of Representative","Closed","All full-time truck drivers, production, and maintenance employees employed by the Employer at its facility located at 3003 Airport Highway, Toledo, OH 43447, but excluding all lead office clerks, confidential employees, professional employees, guards and supervisors as described in the Act.",NA,NA,NA,20,2019-10-01,2019-10-01,"26-50",TRUE,"RD","Yes","Ironworkers Local Union No. 55S",1,"Ironworkers",0.588235294117647,"Yes",3
"18-RC-250949","Region 18, Minneapolis, Minnesota","HUGHES CONSTRUCTION, INC.",2019-10-31,2020-01-29,"Dubuque","IA","A",2020-01-22,3,NA,"INTERNATIONAL ASSOCIATION OF BRIDGE, STRUCTURAL ORNAMENTAL AND REINFORCING IRON WORKERS, AFL-CIO",3,NA,NA,NA,NA,0,3,NA,NA,NA,"INTERNATIONAL ASSOCIATION OF BRIDGE, STRUCTURAL ORNAMENTAL AND REINFORCING IRON WORKERS, AFL-CIO","Initial","Single Labor Organization","Certific. of Representative","Closed","Included:	 All full-time and regular part-time installation and erection employees employed by the Employer.

Excluded:   All other employees, managers, and guards and supervisors as defined by the Act, as amended.",NA,NA,NA,83,2020-01-01,2019-10-01,"<5",TRUE,"RC","Yes","INTERNATIONAL ASSOCIATION OF BRIDGE, STRUCTURAL ORNAMENTAL AND REINFORCING IRON WORKERS, AFL-CIO",1,"Ironworkers",1,"Yes",0
"04-RC-248362","Region 04, Philadelphia, Pennsylvania","Haberle Steel, Inc.",2019-09-17,2019-10-24,"Souderton","PA","A",2019-10-14,38,NA,"Shopmen's Local Union No. 502, affiliated with the International Association of Bridge, Structural, Reinforcing and Ornamental Ironworkers, AFL-CIO",25,NA,NA,NA,NA,11,36,NA,NA,NA,"Shopmen's Local Union No. 502, affiliated with the International Association of Bridge, Structural, Reinforcing and Ornamental Ironworkers, AFL-CIO","Initial","Single Labor Organization","Certific. of Representative","Closed","Included:  All full-time and regular part-time truck drivers and production and maintenance employees, including drill line operators, fitters, machine operators, lay out employees, welders, helpers, painters, maintenance employees and lead employees employed by the Employer at its 1946 East Cherry Lane, Souderton, PA facility.  

Excluded: All other employees, foremen, professional employees, clerical employees, watchmen, inspectors, and guards and supervisors as defined in the Act.",NA,NA,NA,27,2019-10-01,2019-07-01,"26-50",TRUE,"RC","Yes","Shopmen's Local Union No. 502, affiliated with the International Association of Bridge, Structural, Reinforcing and Ornamental Ironworkers, AFL-CIO",1,"Ironworkers",0.694444444444444,"Yes",2
"04-RC-247926","Region 04, Philadelphia, Pennsylvania","H. Barron Iron Works, Inc.",2019-09-10,2019-10-08,"Gloucester City","NJ","A",2019-09-25,8,NA,"International Association of Bridge, Structural, Ornamental and Reinforcing Iron Workers, Philadelphia District Council",7,NA,NA,NA,NA,1,0,NA,NA,NA,"International Association of Bridge, Structural, Ornamental and Reinforcing Iron Workers, Philadelphia District Council","Initial","Single Labor Organization","Certific. of Representative","Closed","INCLUDED: All full-time and regular part-time Shop Foremen, Welders, Truck Drivers, Fabricators/Helpers, Fence Foremen and Fence Laborers employed by the Employer at its 316 Water Street, Gloucester City, New Jersey facility. 
EXCLUDED: All other employees, President, Secretary/Treasurer, Project Manager, Office Manager, office clerical employees, professional employees, confidential employees, managerial employees, guards, and supervisors as defined in the Act.",NA,NA,NA,15,2019-07-01,2019-07-01,"6-10",TRUE,"RC","Yes","International Association of Bridge, Structural, Ornamental and Reinforcing Iron Workers, Philadelphia District Council",1,"Ironworkers",NA,"Yes",0
"21-RC-246790","Region 21, Los Angeles, California","Hi-Tech Iron Works (Architectural Enterprises)",2019-08-19,2019-09-24,"Commerce","CA","A",2019-09-13,29,NA,"IRONWORKERS LOCAL UNION 509",11,NA,NA,NA,NA,14,25,NA,NA,NA,NA,"Initial","Single Labor Organization","Certification of Results","Closed","Included: 	All full-time and regular part-time machine operators, fabricators, welders, material handlers, cutters, lead-persons, painters, maintenance employees, and drivers employed by the Employer at its facility currently located at 5821 Randolph Street, Commerce, California 90040.

Excluded:	All other employees, field crew, office clerical employees, professional employees, managerial employees, guards, and supervisors as defined in the Act.",NA,NA,NA,25,2019-07-01,2019-07-01,"26-50",TRUE,"RC","Yes","IRONWORKERS LOCAL UNION 509",1,"Ironworkers",0.44,"No",4
"18-RD-225473","Region 18, Minneapolis, Minnesota","UNIFIED SCREENING & CRUSHING - MN, INC.",2018-08-13,2018-09-13,"Eagan","MN","A",2018-09-06,22,NA,"International Association of Bridge, Structural, Ornamental and Reinforcing Iron Workers, Local Union No. 853",11,NA,NA,NA,NA,9,20,NA,NA,NA,"International Association of Bridge, Structural, Ornamental and Reinforcing Iron Workers, Local Union No. 853","Initial","Single Labor Organization","Certific. of Representative","Closed","Included: All production and maintenance employees, leads, and plant cleaning employees of the Employer engaged in the fabrication of iron, steel and metal and other products, or in maintenance and plant cleaning work in or about the Employer’s plant located at Eagan, Minnesota, and vicinity, and work done by such production and maintenance employees.* 
*“Maintenance employees” hereinabove referred to is intended to include employees of the Company engaged in ordinary upkeep and repair of the Employer’s machinery, plant and property; provided, however, major extensions and major remodeling shall not be considered “maintenance” as that term is used herein. 
Excluded: All office and clerical employees, service and office cleaning employees, draftsmen, engineering employees, watchmen, and guards and supervisors, as defined by the Act, and excluding work performed by such employees, and erection, installation or construction work, and employees engaged in such work.",NA,NA,NA,24,2018-07-01,2018-07-01,"11-25",TRUE,"RD","Yes","International Association of Bridge, Structural, Ornamental and Reinforcing Iron Workers, Local Union No. 853",1,"Ironworkers",0.55,"Yes",2
"21-RC-224291","Region 21, Los Angeles, California","CREST STEEL CORPORATION",2018-07-24,2018-08-23,"Riverside","CA","A",2018-08-17,34,NA,"IRON WORKERS LOCAL UNION 509, INTERNATIONAL ASSOCIATION OF BRIDGE, STRUCTURAL, ORNAMENTS AND REINFORCING IRON WORKERS",8,NA,NA,NA,NA,24,32,NA,2,NA,NA,"Initial","Single Labor Organization","Certification of Results","Closed","Included: All full-time and regular part-time warehouse employees, production employees, and truck drivers employed by the Employer at its facility currently located at 6580 General Road, Riverside, California. 

Excluded: All other employees, temporary employees, confidential employees, professional employees, managerial employees, office clerical employees, guards and supervisors as defined in the Act.",NA,NA,NA,24,2018-07-01,2018-07-01,"26-50",TRUE,"RC","Yes","IRON WORKERS LOCAL UNION 509, INTERNATIONAL ASSOCIATION OF BRIDGE, STRUCTURAL, ORNAMENTS AND REINFORCING IRON WORKERS",1,"Ironworkers",0.25,"No",2
"14-RC-222169","Region 14, Saint Louis, Missouri","Baker Petrolite LLC",2018-06-15,2018-08-03,"Sand Springs","OK","A",2018-07-24,113,NA,"International Association of Bridge, Structural, Ornamental & Reinforcing Iron Workers Local 584",41,NA,NA,NA,NA,68,109,NA,NA,"N","International Association of Bridge, Structural, Ornamental & Reinforcing Iron Workers Local 584","Initial","Revised Single Labor Org","Certification of Results","Closed","All full-time and regular part-time production and maintenance employees, including lab technicians employed by the Employer at its facility located at 9100 W. 21st Street, Sand Springs, Oklahoma 74063, but EXCLUDING all other employees, professional employees, office clerical employees, guards, and supervisors as defined by the Act.",NA,NA,NA,39,2018-07-01,2018-04-01,"101-500",TRUE,"RC","Yes","International Association of Bridge, Structural, Ornamental & Reinforcing Iron Workers Local 584",1,"Ironworkers",0.376146788990826,"No",4
"14-RC-222169","Region 14, Saint Louis, Missouri","Baker Petrolite LLC",2018-06-15,2018-08-03,"Sand Springs","OK","A",2018-07-10,113,NA,"International Association of Bridge, Structural, Ornamental & Reinforcing Iron Workers Local 584",40,NA,NA,NA,NA,53,93,NA,16,"Y","International Association of Bridge, Structural, Ornamental & Reinforcing Iron Workers Local 584","Initial","Single Labor Organization","Certification of Results","Closed","All full-time and regular part-time production and maintenance employees, including lab technicians employed by the Employer at its facility located at 9100 W. 21st Street, Sand Springs, Oklahoma 74063, but EXCLUDING all other employees, professional employees, office clerical employees, guards, and supervisors as defined by the Act.",NA,NA,NA,25,2018-07-01,2018-04-01,"101-500",FALSE,"RC","Yes","International Association of Bridge, Structural, Ornamental & Reinforcing Iron Workers Local 584",1,"Ironworkers",0.43010752688172,"No",20
"19-RC-214588","Region 19, Seattle, Washington","Central Steel, Incorporated and Harris Rebar Columbia Basin, Inc., a single employer",2018-02-09,2018-03-28,"Lake Stevens","WA","A",2018-03-20,201,NA,"Iron Workers District Council of the Pacific Northwest & affiliated Iron Worker Local #14, #29 and #86 of the International Association of Bridge, Structural, Ornamental and Reinforcing Iron Workers",59,NA,NA,NA,NA,0,0,NA,NA,"N","Iron Workers District Council of the Pacific Northwest & affiliated Iron Worker Local #14, #29 and #86 of the International Association of Bridge, Structural, Ornamental and Reinforcing Iron Workers","Initial","Single Labor Organization","Certific. of Representative","Closed","All full-time and regular part-time employees performing work in connection with field fabrication and/or erection of structural, ornamental and reinforcing steel employed by the Employers in Washington and Oregon State, Northern Idaho, and Western Montana; excluding all other employees, shop employees, office clerical employees, employees represented by other unions, and guards and supervisors as defined in the Act.",NA,NA,NA,39,2018-01-01,2018-01-01,"101-500",TRUE,"RC","Yes","Iron Workers District Council of the Pacific Northwest & affiliated Iron Worker Local #14, #29 and #86 of the International Association of Bridge, Structural, Ornamental and Reinforcing Iron Workers",1,"Ironworkers",NA,"Yes",142
"21-RC-206448","Region 21, Los Angeles, California","PCIW STEEL CORP.",2017-09-19,2017-10-20,"San Diego","CA","A",2017-10-05,12,NA,"INTERNATIONAL ASSOCIATION OF BRIDGE, STRUCTURAL, ORNAMENTAL AND REINFORCING IRON WORKERS, AFL-CIO, SHOPMEN'S IRONWORKERS LOCAL UNION 509",6,NA,NA,NA,NA,3,9,NA,2,NA,"INTERNATIONAL ASSOCIATION OF BRIDGE, STRUCTURAL, ORNAMENTAL AND REINFORCING IRON WORKERS, AFL-CIO, SHOPMEN'S IRONWORKERS LOCAL UNION 509","Initial","Single Labor Organization","Certific. of Representative","Closed","Included:  All full-time and regular part-time employees employed by the Employer at its facility located at 1425 30th Street, Suite A, San Diego, California.
Excluded:  All office clerical employees, professional employees, managerial employees, guards, and supervisors as defined in the Act.",NA,NA,NA,16,2017-10-01,2017-07-01,"11-25",TRUE,"RC","Yes","INTERNATIONAL ASSOCIATION OF BRIDGE, STRUCTURAL, ORNAMENTAL AND REINFORCING IRON WORKERS, AFL-CIO, SHOPMEN'S IRONWORKERS LOCAL UNION 509",1,"Ironworkers",0.666666666666667,"Yes",3
"18-RD-201726","Region 18, Minneapolis, Minnesota","LEJEUNE STEEL COMPANY",2017-07-03,2017-08-30,"MINNEAPOLIS","MN","A",2017-08-23,58,NA,"INTERNATIONAL ASSOCIATION OF BRIDGE, STRUCTURAL, ORNAMENTAL, AND REINFORCING IRON WORKERS AFFILIATED WITH AFL-CIO LOCAL 535",14,NA,NA,NA,NA,42,56,NA,NA,NA,NA,"Initial","Single Labor Organization","Certification of Results","Closed","Included: All full-time and regular part-time production and maintenance employees, leadmen, and plant cleaning employees of the Employer engaged in the fabrication of iron, steel, metal, and other products, or in maintenance and plant cleaning work in or about the Employer’s plant located at 118 West 60th St., Minneapolis, Minnesota.

Excluded: Office and clerical employees, service and office cleaning employees, draftsmen,   engineering   employees,   watchmen,   employees   engaged   in   erection,
installation, or construction work, and guards and supervisors as defined by the Act, as amended.",NA,NA,NA,51,2017-07-01,2017-07-01,"51-100",TRUE,"RD","Yes","INTERNATIONAL ASSOCIATION OF BRIDGE, STRUCTURAL, ORNAMENTAL, AND REINFORCING IRON WORKERS AFFILIATED WITH AFL-CIO LOCAL 535",1,"Ironworkers",0.25,"No",2
"04-RC-200406","Region 04, Philadelphia, Pennsylvania","East Coast Steel, Inc.",2017-06-12,2017-07-10,"Sewell","NJ","A",2017-06-29,30,NA,"International Association of Bridge, Structural, Ornamental & Reinforcing Iron Workers Local 405",16,NA,NA,NA,NA,9,25,NA,5,NA,"International Association of Bridge, Structural, Ornamental & Reinforcing Iron Workers Local 405","Initial","Single Labor Organization","Certific. of Representative","Closed","INCLUDED: All production and transportation employees employed by the Employer at its 360 Columbia Drive, Sewell, NJ facility.
EXCLUDED: All other employees, including professional employees, sales personnel, office clericals, guards, and supervisors as defined in the Act.

Others permitted to vote: The parties have agreed that Inventory Control, Logistics, and Receiving employees may vote in the election but their ballots will be challenged since their eligibility has not been resolved.  No decision has been made regarding whether the individuals in these classifications or groups are included in, or excluded from, the bargaining unit.  The eligibility or inclusion of these individuals will be resolved, if necessary, following the election.",NA,NA,NA,17,2017-04-01,2017-04-01,"26-50",TRUE,"RC","Yes","International Association of Bridge, Structural, Ornamental & Reinforcing Iron Workers Local 405",1,"Ironworkers",0.64,"Yes",5
"19-RC-197739","Region 19, Seattle, Washington","Western Reinforcing LLC",2017-04-28,2017-06-19,"Snohomish","WA","A",2017-06-09,25,NA,"Iron Workers District Council of the Pacific Northwest and Its Affiliated Local Unions #14, #29, and #86 of the International Association of Bridge, Structural, Ornamental and Reinforcing Iron Workers, AFL-CIO",4,NA,NA,NA,NA,3,7,NA,NA,NA,"Iron Workers District Council of the Pacific Northwest and Its Affiliated Local Unions #14, #29, and #86 of the International Association of Bridge, Structural, Ornamental and Reinforcing Iron Workers, AFL-CIO","Initial","Single Labor Organization","Certific. of Representative","Closed","All full-time and regular part-time employees employed by the Employer in the State of Washington; the State of Oregon; the following counties in the State of Idaho:  Adams, Benewah, Bonner, Boundary, Clearwater, Idaho, Kootanai, Latah, Lewis, Nez Perce, Shoshone, and Washington; and the following counties in the State of Montana:  Flathead, Glacier, Lake, Lincoln, Mineral, Missoula, Ravalli, and Sanders; excluding office clerical employees, and guards and supervisors as defined by the Act.",NA,NA,NA,42,2017-04-01,2017-04-01,"11-25",TRUE,"RC","Yes","Iron Workers District Council of the Pacific Northwest and Its Affiliated Local Unions #14, #29, and #86 of the International Association of Bridge, Structural, Ornamental and Reinforcing Iron Workers, AFL-CIO",1,"Ironworkers",0.571428571428571,"Yes",18
"14-RD-197659","Region 14, Saint Louis, Missouri","Kansas City Steel Werx Inc.",2017-04-27,2018-06-21,"Kansas City","MO","A",2018-05-18,16,NA,"Shopmen's Local No. 518 of the International Association of Bridge, Structural, Ornamental and Reinforcing Iron Workers, affiliated with the AFL-CIO",6,NA,NA,NA,NA,8,14,NA,1,NA,"Shopmen's Local No. 518 of the International Association of Bridge, Structural, Ornamental and Reinforcing Iron Workers, affiliated with the AFL-CIO","Initial","Single Labor Organization","Certification of Results","Closed","All full-time and regular part-time production and maintenance employees engaged in the fabrication of iron, steel, metal and other products, or in maintenance work in or about the Employer’s facility located at 2815 E. 85th Street, Kansas City, Missouri 64132, but EXCLUDING all office clerical employees, professional employees, confidential employees, guards and supervisors as defined in the Act.",NA,NA,NA,386,2018-04-01,2017-04-01,"11-25",TRUE,"RD","Yes","Shopmen's Local No. 518 of the International Association of Bridge, Structural, Ornamental and Reinforcing Iron Workers, affiliated with the AFL-CIO",1,"Ironworkers",0.428571428571429,"No",2
"19-RC-191498","Region 19, Seattle, Washington","Skanska USA Building, Inc.",2017-01-19,2017-03-03,"Edmonds","WA","A",2017-02-23,243,NA,"Iron Workers District Council of the Pacific Northwest and Its Affiliated Local Unions #14, #29, and #86 of the International Association of Bridge, Structural, Ornamental and Reinforcing Iron Workers, AFL-CIO",114,NA,NA,NA,NA,0,114,NA,2,"N","Iron Workers District Council of the Pacific Northwest and Its Affiliated Local Unions #14, #29, and #86 of the International Association of Bridge, Structural, Ornamental and Reinforcing Iron Workers, AFL-CIO","Initial","Single Labor Organization","Certific. of Representative","Closed","All full-time and regular part-time field fabricators and erectors of structural, ornamental and reinforcing steel employed by the Employer in Washington State and working at or out of its Seattle, Washington facility; excluding all other employees, office clerical employees, and guards and supervisors as defined in the Act.",NA,NA,NA,35,2017-01-01,2017-01-01,"101-500",TRUE,"RC","Yes","Iron Workers District Council of the Pacific Northwest and Its Affiliated Local Unions #14, #29, and #86 of the International Association of Bridge, Structural, Ornamental and Reinforcing Iron Workers, AFL-CIO",1,"Ironworkers",1,"Yes",129
"03-RM-184989","Region 03, Buffalo, New York","Jamestown Fabricated Steel & Supply, Inc.",2016-09-26,2016-10-27,"Jamestown","NY","A",2016-10-19,3,NA,"Shopmen’s Local Union No. 470 of the International Association of Bridge, Structural, Ornamental & Reinforcing Iron Workers",0,NA,NA,NA,NA,3,3,NA,NA,NA,NA,"Initial","Single Labor Organization","Certification of Results","Closed",NA,NA,NA,NA,23,2016-10-01,2016-07-01,"<5",TRUE,"RM","Yes","Shopmen’s Local Union No. 470 of the International Association of Bridge, Structural, Ornamental & Reinforcing Iron Workers",1,"Ironworkers",0,"No",0
"19-RC-177477","Region 19, Seattle, Washington","Lease Crutcher Lewis WA, LLC",2016-06-02,2016-07-20,"Seattle","WA","A",2016-07-12,50,4,"Iron Workers District Council of the Pacific Northwest and Its Affiliated Local Unions #14, #29, and #86 of the International Association of Bridge, Structural, Ornamental and Reinforcing Iron Workers, AFL-CIO",18,NA,NA,NA,NA,0,18,NA,NA,"N","Iron Workers District Council of the Pacific Northwest and Its Affiliated Local Unions #14, #29, and #86 of the International Association of Bridge, Structural, Ornamental and Reinforcing Iron Workers, AFL-CIO","Initial","Single Labor Organization","Certific. of Representative","Closed","Included: All full-time and regular part-time employees performing work in the iron worker craft employed by the Employer in Washington, Oregon, Northern Idaho and Western Montana.

Excluded: All other employees, office clerical employees, employees represented by other unions, and guards and supervisors as defined in the Act.",NA,NA,NA,40,2016-07-01,2016-04-01,"26-50",TRUE,"RC","Yes","Iron Workers District Council of the Pacific Northwest and Its Affiliated Local Unions #14, #29, and #86 of the International Association of Bridge, Structural, Ornamental and Reinforcing Iron Workers, AFL-CIO",1,"Ironworkers",1,"Yes",32
"21-RC-172975","Region 21, Los Angeles, California","METAL IMPROVEMENT COMPANY, LLC",2016-03-31,2016-05-04,"Lynwood","CA","A",2016-04-21,3,NA,"INTERNATIONAL ASSOCIATION OF BRIDGE, STRUCTURAL, ORNAMENTAL AND REINFORCING IRON WORKERS, AFL-CIO, SHOPMEN'S IRONWORKERS LOCAL UNION 509",3,NA,NA,NA,NA,0,3,NA,NA,NA,"INTERNATIONAL ASSOCIATION OF BRIDGE, STRUCTURAL, ORNAMENTAL AND REINFORCING IRON WORKERS, AFL-CIO, SHOPMEN'S IRONWORKERS LOCAL UNION 509","Initial","Single Labor Organization","Certific. of Representative","Closed","Including: All full-time and regular part-time inspector/quality control employees employed by the Employer at its facility currently located at 2588 Industry Way, Lynwood, CA 90262

Excluding: All other employees, professional employees, managerial employees, office clerical employees, confidential employees, guards, and supervisors as defined in the Act.",NA,NA,NA,21,2016-04-01,2016-01-01,"<5",TRUE,"RC","Yes","INTERNATIONAL ASSOCIATION OF BRIDGE, STRUCTURAL, ORNAMENTAL AND REINFORCING IRON WORKERS, AFL-CIO, SHOPMEN'S IRONWORKERS LOCAL UNION 509",1,"Ironworkers",1,"Yes",0
"32-RC-172225","Region 32, Oakland, California","Glazier Steel, Inc.",2016-03-21,2016-04-25,"Antioch","CA","A",2016-04-15,53,NA,"Shopmen's Iron Workers Local 790, International Association of Bridge, Structural, ornamental and Reinforcing Iron Workers, AFL-CIO",5,NA,NA,NA,NA,46,52,NA,1,NA,NA,"Initial","Single Labor Organization","Certification of Results","Closed","All full-time and regular part-time Painter Primers, Master Mechanics, Mechanics, CNC Operators, Welders/Multi-tip Burners, Machine Operators, Fitter 1s, Layerouts, and Beam De-cambering Machine Operators employed by the Employer at its facility located at 2491 W. 10th Street, Antioch, California; excluding drivers, maintenance employees, managers, foremen, office clerical employees, guards, and supervisors as defined in the Act.",NA,NA,NA,25,2016-04-01,2016-01-01,"51-100",TRUE,"RC","Yes","Shopmen's Iron Workers Local 790, International Association of Bridge, Structural, ornamental and Reinforcing Iron Workers, AFL-CIO",1,"Ironworkers",0.0980392156862745,"No",2
"21-RC-169935","Region 21, Los Angeles, California","METAL IMPROVEMENT COMPANY, LLC",2016-02-18,2016-03-22,"VERNON","CA","A",2016-03-10,4,NA,"INTERNATIONAL ASSOCIATION OF BRIDGE, STRUCTURAL, ORNAMENTAL AND REINFORCING IRON WORKERS, AFL-CIO, SHOPMEN'S IRONWORKERS LOCAL UNION 509",3,NA,NA,NA,NA,1,4,NA,NA,NA,"INTERNATIONAL ASSOCIATION OF BRIDGE, STRUCTURAL, ORNAMENTAL AND REINFORCING IRON WORKERS, AFL-CIO, SHOPMEN'S IRONWORKERS LOCAL UNION 509","Initial","Single Labor Organization","Certific. of Representative","Closed","INCLUDING: All full-time and regular part-time inspector/quality control employees employed by the Employer at its facility currently located at 3239 East 46th Street, Vernon, California 90058;
EXCLUDING: All other employees, professional employees, managerial employees, office clerical employees, confidential employees, guards, and supervisors as defined in the Act.",NA,NA,NA,21,2016-01-01,2016-01-01,"<5",TRUE,"RC","Yes","INTERNATIONAL ASSOCIATION OF BRIDGE, STRUCTURAL, ORNAMENTAL AND REINFORCING IRON WORKERS, AFL-CIO, SHOPMEN'S IRONWORKERS LOCAL UNION 509",1,"Ironworkers",0.75,"Yes",0
"19-RC-166286","Region 19, Seattle, Washington","ADF International, Inc.",2015-12-17,2016-01-25,"Great Falls","MT","A",2016-01-15,162,NA,"International Association of Bridge, Structural, Ornamental and Reinforcing Iron Workers, AFL-CIO",101,NA,NA,NA,NA,36,137,NA,23,NA,"International Association of Bridge, Structural, Ornamental and Reinforcing Iron Workers, AFL-CIO","Initial","Single Labor Organization","Certific. of Representative","Closed","All full-time and regular part-time production and maintenance employees including Fitters (A, B and C), Welders (A, B, and C), Welder Helpers, Maintenance Mechanics, CNC Machine Operators, Inspectors, Crane Operators, Tool Rom/Stock Room Attendants, Building Caretakers/Janitors, Painters (A, B, and C), Production Technicians (A, B, and C), Forklift Operators, and Truck Drivers working at the Employer's facility located at 1900 Great Bear Avenue, Great Falls Montana.

All office clericals, professionals, and guards and supervisors as defined in the Act.",NA,NA,NA,29,2016-01-01,2015-10-01,"101-500",TRUE,"RC","Yes","International Association of Bridge, Structural, Ornamental and Reinforcing Iron Workers, AFL-CIO",1,"Ironworkers",0.737226277372263,"Yes",25
"22-RC-164533","Region 22, Newark, New Jersey","RED RIBBON BAKESHOP, INC.",2015-11-19,2015-12-28,"ENGLEWOOD","NJ","A",2015-12-16,20,NA,"International Ironworkers, Local 11",3,NA,NA,NA,NA,14,0,NA,NA,NA,NA,"Initial","Single Labor Organization","Certification of Results","Closed","All full-time and regular part-time truck drivers and  production crew employees, including shipping and receiving employees and bakers, employed by the Employer at its 166 Coolidge Avenue, Englewood, New Jersey facility, but excluding all other employees including inventory clerk assistant employees, warehouse clerk encoder employees, office clerical employees, maintenance employees, professional employees, guards and supervisors, including team leaders, as defined in the Act.",NA,NA,NA,27,2015-10-01,2015-10-01,"11-25",TRUE,"RC","Yes","International Ironworkers, Local 11",1,"Ironworkers",NA,"No",3
"10-RD-160157","Region 10, Atlanta, Georgia","Gentry Steel, Inc.",2015-09-17,2015-10-16,"Chattanooga","TN","A",2015-10-08,14,NA,"Shopmen’s Local Union No. 812 of the International Association of Bridge, Structural, Ornamental and Reinforcing Iron Workers (AFL-CIO)",8,NA,NA,NA,NA,6,0,NA,NA,NA,"Shopmen’s Local Union No. 812 of the International Association of Bridge, Structural, Ornamental and Reinforcing Iron Workers (AFL-CIO)","Initial","Single Labor Organization","Certific. of Representative","Closed","All production and maintenance employees at the Employer's Chattanooga, Tennessee plant, but excluding truck drivers, office employees, technical and professional employees, guards and supervisors, as defined by the Act, as amended.",NA,NA,NA,21,2015-10-01,2015-07-01,"11-25",TRUE,"RD","Yes","Shopmen’s Local Union No. 812 of the International Association of Bridge, Structural, Ornamental and Reinforcing Iron Workers (AFL-CIO)",1,"Ironworkers",NA,"Yes",0
"22-RC-158940","Region 22, Newark, New Jersey","RUNNELLS SPECIALIZED HOSPITAL",2015-08-28,2015-10-06,"BERKELEY HEIGHTS","NJ","A",2015-09-25,58,NA,"International Ironworkers, Local 11",15,NA,NA,NA,NA,0,15,NA,2,NA,"International Ironworkers, Local 11","Initial","Single Labor Organization","Certific. of Representative","Closed","All full-time and regular part-time (who regularly work at least 20 hours per week) Certified Nurse Assistants (CNAs) employed by the Employer at its Berkeley Heights, New Jersey facility, but excluding all office clerical employees, confidential employees, per-diem employees, temporary employees, part-time employees regularly scheduled to work less than twenty (20) hours per week, managerial employees, professional employees, guards and supervisors as defined in the Act, and all other employees.",NA,NA,NA,28,2015-07-01,2015-07-01,"51-100",TRUE,"RC","Yes","International Ironworkers, Local 11",1,"Ironworkers",1,"Yes",43
"01-RD-155802","Region 01, Boston, Massachusetts","RUSCO ENTERPRISES INC.",2015-07-13,2015-08-19,"WARREN","RI","A",2015-08-11,10,NA,"SHOPMAN'S LOCAL 501, INTERNATIONAL ASSOCIATION OF BRIDGE, STRUCTURAL, ORNAMENTAL AND REINFORCING IRON WORKERS",1,NA,NA,NA,NA,9,10,NA,NA,NA,"SHOPMAN'S LOCAL 501, INTERNATIONAL ASSOCIATION OF BRIDGE, STRUCTURAL, ORNAMENTAL AND REINFORCING IRON WORKERS","Initial","Single Labor Organization","Certification of Results","Closed","All production and maintenance employees employed by Risco Enterprises, Inc. at its 25 Bleachery Court, Warwick, Rhode Island facility, who are engaged in the fabrication and delivery of iron, steel, metal, and other products, or in maintenance work in or about the facility, but excluding clerical employees, managerial employees, guards, and supervisors as defined in the Act.",NA,NA,NA,29,2015-07-01,2015-07-01,"6-10",TRUE,"RD","Yes","SHOPMAN'S LOCAL 501, INTERNATIONAL ASSOCIATION OF BRIDGE, STRUCTURAL, ORNAMENTAL AND REINFORCING IRON WORKERS",1,"Ironworkers",0.1,"No",0
"19-RC-152006","Region 19, Seattle, Washington","Garco Construction, Inc.",2015-05-11,2015-07-07,"SPOKANE","WA","A",2015-06-29,46,2,"Iron Workers District Council of the Pacific Northwest & affiliated Iron Worker Local #14, #29 and #86 of the International Association of Bridge, Structural, Ornamental and Reinforcing Iron Workers",32,NA,NA,NA,NA,0,32,NA,NA,NA,"Iron Workers District Council of the Pacific Northwest & affiliated Iron Worker Local #14, #29 and #86 of the International Association of Bridge, Structural, Ornamental and Reinforcing Iron Workers","Initial","Single Labor Organization","Certific. of Representative","Closed","All full and regular part-time employees performing work in the iron worker craft employed by the Employer in Washington and Oregon State, Northern Idaho, and Western Montana.

All other employees, employees represented by another labor organization, office clerical employees, and guards and supervisors as defined by the Act.",NA,NA,NA,49,2015-04-01,2015-04-01,"26-50",TRUE,"RC","Yes","Iron Workers District Council of the Pacific Northwest & affiliated Iron Worker Local #14, #29 and #86 of the International Association of Bridge, Structural, Ornamental and Reinforcing Iron Workers",1,"Ironworkers",1,"Yes",14
"19-RC-146683","Region 19, Seattle, Washington","Sellen Construction Co., Inc.",2015-02-19,2015-04-22,"SEATTLE","WA","A",2015-04-14,65,NA,"Iron Workers District Council of the Pacific Northwest & affiliated Iron Worker Local #14, #29 and #86 of the International Association of Bridge, Structural, Ornamental and Reinforcing Iron Workers",19,NA,NA,NA,NA,0,19,NA,NA,NA,"Iron Workers District Council of the Pacific Northwest & affiliated Iron Worker Local #14, #29 and #86 of the International Association of Bridge, Structural, Ornamental and Reinforcing Iron Workers","Initial","Single Labor Organization","Certific. of Representative","Closed","All full and regular part-time employeees performing work in the iron worker craft employed by the Employer in Washington and Oregon State, Northern Idaho, and Western Montana; 

excluding all other employees covered by any other collective bargaining agreement, office clerical employees, and guards and supervisors as defined by the Act.",NA,NA,NA,54,2015-04-01,2015-01-01,"51-100",TRUE,"RC","Yes","Iron Workers District Council of the Pacific Northwest & affiliated Iron Worker Local #14, #29 and #86 of the International Association of Bridge, Structural, Ornamental and Reinforcing Iron Workers",1,"Ironworkers",1,"Yes",46
"32-RC-141750","Region 32, Oakland, California","Schuff Steel Company",2014-11-26,2015-07-07,"Stockton","CA","A",2015-01-07,98,2,"Shopmen's Iron Workers Local 790, International Association of Bridge, Structural, ornamental and Reinforcing Iron Workers, AFL-CIO",37,NA,NA,NA,NA,47,84,NA,10,NA,NA,"Initial","Single Labor Organization","Certification of Results","Closed","All full-time and regular part-time production and maintenance employees including production helpers employed at the Employer’s facility located at 2324 Navy Drive in Stockton, California; excluding temporary employees employed by an employment agency, safety coordinators, quality inspectors, production control programmers, office clerical employees, guards, and supervisors as defined in the Act.",NA,NA,NA,42,2015-01-01,2014-10-01,"51-100",TRUE,"RC","Yes","Shopmen's Iron Workers Local 790, International Association of Bridge, Structural, ornamental and Reinforcing Iron Workers, AFL-CIO",1,"Ironworkers",0.44047619047619,"No",14
"10-RC-123108","Region 10, Atlanta, Georgia","Newton Welding Services",2014-02-24,2015-03-03,"Social Circle","GA","A",2015-01-16,33,NA,"International Association of Bridge, Structural, Ornamental and Reinforcing Iron Workers",2,NA,NA,NA,NA,3,5,NA,2,"Y",NA,"Rerun","Single Labor Organization","Certification of Results","Closed","All full-time and regular part-time structural iron workers, including working foreman, employed by the Employer at sites both in and outside the State of Georgia; but excluding all clerical employees, guards and supervisors as defined
by the Act.",NA,NA,NA,326,2015-01-01,2014-01-01,"26-50",TRUE,"RC","Yes","International Association of Bridge, Structural, Ornamental and Reinforcing Iron Workers",1,"Ironworkers",0.4,"No",28
"10-RC-123108","Region 10, Atlanta, Georgia","Newton Welding Services",2014-02-24,2015-03-03,"Social Circle","GA","A",2014-05-21,24,2,"International Association of Bridge, Structural, Ornamental and Reinforcing Iron Workers",7,NA,NA,NA,NA,9,16,NA,2,NA,NA,"Rerun","Single Labor Organization","Certification of Results","Closed","All full-time and regular part-time structural iron workers, including working foreman, employed by the Employer at sites both in and outside the State of Georgia; but excluding all clerical employees, guards and supervisors as defined
by the Act.",NA,NA,NA,86,2014-04-01,2014-01-01,"11-25",FALSE,"RC","Yes","International Association of Bridge, Structural, Ornamental and Reinforcing Iron Workers",1,"Ironworkers",0.4375,"No",8
"10-RC-123108","Region 10, Atlanta, Georgia","Newton Welding Services",2014-02-24,2015-03-03,"Social Circle","GA","A",2014-04-28,24,2,"International Association of Bridge, Structural, Ornamental and Reinforcing Iron Workers",5,NA,NA,NA,NA,6,18,NA,7,"Y",NA,"Initial","Single Labor Organization","Certification of Results","Closed","All full-time and regular part-time structural iron workers, including working foreman, employed by the Employer at sites both in and outside the State of Georgia; but excluding all clerical employees, guards and supervisors as defined
by the Act.",NA,NA,NA,63,2014-04-01,2014-01-01,"11-25",FALSE,"RC","Yes","International Association of Bridge, Structural, Ornamental and Reinforcing Iron Workers",1,"Ironworkers",0.454545454545455,"No",13
"05-RC-122173","Region 05, Baltimore, Maryland","PICO Industries, Inc.",2014-02-07,2014-06-06,"Baltimore","MD","A",2014-03-21,29,NA,"Ironworkers Local #5",9,NA,NA,NA,NA,13,26,NA,4,NA,NA,"Initial","Single Labor Organization","Certification of Results","Closed","All full-time and regular part-time outside field erection crew employees employed by the Employer at its Baltimore, Maryland facility, but excluding all inside fabrication employees, temporary employees, office clerical employees, professional employees, managerial employees, guards and supervisors as defined in the Act.",NA,NA,NA,42,2014-01-01,2014-01-01,"26-50",TRUE,"RC","Yes","Ironworkers Local #5",1,"Ironworkers",0.409090909090909,"No",7
"32-RC-112008","Region 32, Oakland, California","Schuff Steel Company",2013-08-26,2014-03-13,"Stockton","CA","A",2013-11-01,91,1,"SHOPMEN'S IRON WORKERS LOCAL 790, INTERNATIONAL ASSOCIATION OF BRIDGE, STRUCTURAL, ORNAMENTAL AND REINFORCING IRON WORKERS, AFL-CIO",40,NA,NA,NA,NA,49,90,NA,1,NA,NA,"Initial","Single Labor Organization","Certification of Results","Closed","All full-time and regular part-time production and maintenance employees employed at the Employer’s facility located at 2324 Navy Drive, Stockton, California 95206; excluding leadmen, safety coordinators, quality inspectors, production control programmers, office clerical employees, guards, and supervisors as defined in the Act.",NA,NA,NA,67,2013-10-01,2013-07-01,"51-100",TRUE,"RC","Yes","SHOPMEN'S IRON WORKERS LOCAL 790, INTERNATIONAL ASSOCIATION OF BRIDGE, STRUCTURAL, ORNAMENTAL AND REINFORCING IRON WORKERS, AFL-CIO",1,"Ironworkers",0.449438202247191,"No",2
"21-RC-108959","Region 21, Los Angeles, California","METAL IMPROVEMENT COMPANY, LLC",2013-07-11,2013-08-30,"SANTA ANA","CA","A",2013-08-22,16,NA,"INTERNATIONAL ASSOCIATION OF BRIDGE, STRUCTURAL, ORNAMENTAL AND REINFORCING IRON WORKERS, AFL-CIO, SHOPMEN'S IRONWORKERS LOCAL UNION 509",13,NA,NA,NA,NA,3,16,NA,NA,NA,"INTERNATIONAL ASSOCIATION OF BRIDGE, STRUCTURAL, ORNAMENTAL AND REINFORCING IRON WORKERS, AFL-CIO, SHOPMEN'S IRONWORKERS LOCAL UNION 509","Initial","Single Labor Organization","Certific. of Representative","Closed","Included: All production, maintenance and quality control employees employed by the Employer at its facility located at 2151 South Hathaway Street, Santa Ana, Calfiornia;

Excluded: All other employees, office clerical employees, watchmen, guards, professional employees and supervisors as defined by the Act.",NA,NA,NA,42,2013-07-01,2013-07-01,"11-25",TRUE,"RC","Yes","INTERNATIONAL ASSOCIATION OF BRIDGE, STRUCTURAL, ORNAMENTAL AND REINFORCING IRON WORKERS, AFL-CIO, SHOPMEN'S IRONWORKERS LOCAL UNION 509",1,"Ironworkers",0.8125,"Yes",0
"05-RC-099380","Region 05, Baltimore, Maryland","Collins Reinforcing",2013-03-01,2013-09-04,"Washington","DC","A",2013-04-15,40,NA,"INTERNATIONAL ASSOCIATION OF BRIDGE, STRUCTURAL, ORNAMENTAL AND REINFORCING IRON WORKERS, AFL-CIO",10,NA,NA,NA,NA,13,23,NA,30,"Y",NA,"Initial","Single Labor Organization","Certific. of Representative","Closed","All reinforcing ironworker employees employed by the Employer at its worksites in the Greater Washington, DC Metropolitan area, but excluding all professional employees, clerical employees, administrative employees, confidential employees, managerial employees, guards, and supervisors as defined in the National Labor Relations Act, as amended.",NA,NA,NA,45,2013-04-01,2013-01-01,"26-50",TRUE,"RC","Yes","INTERNATIONAL ASSOCIATION OF BRIDGE, STRUCTURAL, ORNAMENTAL AND REINFORCING IRON WORKERS, AFL-CIO",1,"Ironworkers",0.434782608695652,"Yes",17
"01-RC-097257","Region 01, Boston, Massachusetts","Le Fort Enterprises, Inc. d/b/a Merry Maids of South Boston",2013-01-29,2013-12-03,"South Boston","MA","A",2013-03-28,29,NA,"INTERNATIONAL ASSOCIATION OF BRIDGE, STRUCTURAL, ORNAMENTAL AND REINFORCING IRON WORKERS, LOCAL 7",16,NA,NA,NA,NA,12,28,NA,1,NA,"INTERNATIONAL ASSOCIATION OF BRIDGE, STRUCTURAL, ORNAMENTAL AND REINFORCING IRON WORKERS, LOCAL 7","Initial","Single Labor Organization","Certific. of Representative","Closed","All full-time and regular part-time maids and housecleaners employed by the Employer at its 83 Damrell Street, South Boston, Massachusetts location, but excluding office clerical employees, professional employees, guards and supervisors as defined in the Act.",NA,NA,NA,58,2013-01-01,2013-01-01,"26-50",TRUE,"RC","Yes","INTERNATIONAL ASSOCIATION OF BRIDGE, STRUCTURAL, ORNAMENTAL AND REINFORCING IRON WORKERS, LOCAL 7",1,"Ironworkers",0.571428571428571,"Yes",1
"09-RC-082585","Region 09, Cincinnati, Ohio","LINGO MANUFACTURING CO.",2012-06-06,2012-12-11,"FLORENCE","KY","A",2012-11-30,20,NA,"Local 851, International Association of Bridge, Structural, Ornamental and Reinforcing Iron Workers, AFL-CIO, CLC",13,NA,NA,NA,NA,3,16,NA,1,NA,"Local 851, International Association of Bridge, Structural, Ornamental and Reinforcing Iron Workers, AFL-CIO, CLC","Rerun","Single Labor Organization","Certific. of Representative","Closed","All regular full-time and regular part-time employees employed by the Employer at its facility located in Florence, Kentucky, but excluding all temporary employees, office and clerical  employees, draftsman, engineers, watchman, janitors, guards and supervisors as defined in the Act.",NA,NA,NA,177,2012-10-01,2012-04-01,"11-25",TRUE,"RC","Yes","Local 851, International Association of Bridge, Structural, Ornamental and Reinforcing Iron Workers, AFL-CIO, CLC",1,"Ironworkers",0.8125,"Yes",4
"09-RC-082585","Region 09, Cincinnati, Ohio","LINGO MANUFACTURING CO.",2012-06-06,2012-12-11,"FLORENCE","KY","A",2012-07-13,20,NA,"SHOPMENS LOCAL UNION NO. 468 OF THE INTERNATIONAL ASSOCIATION OF BRIDGE, STRUCTURAL, ORNAMENTAL AND REINFORCING IRON WORKERS, AFL-CIO",10,NA,NA,NA,NA,9,19,NA,NA,NA,"SHOPMENS LOCAL UNION NO. 468 OF THE INTERNATIONAL ASSOCIATION OF BRIDGE, STRUCTURAL, ORNAMENTAL AND REINFORCING IRON WORKERS, AFL-CIO","Initial","Single Labor Organization","Certific. of Representative","Closed","All regular full-time and regular part-time employees employed by the Employer at its facility located in Florence, Kentucky, but excluding all temporary employees, office and clerical  employees, draftsman, engineers, watchman, janitors, guards and supervisors as defined in the Act.",NA,NA,NA,37,2012-07-01,2012-04-01,"11-25",FALSE,"RC","Yes","SHOPMENS LOCAL UNION NO. 468 OF THE INTERNATIONAL ASSOCIATION OF BRIDGE, STRUCTURAL, ORNAMENTAL AND REINFORCING IRON WORKERS, AFL-CIO",1,"Ironworkers",0.526315789473684,"Yes",1
"08-RC-082314","Region 08, Cleveland, Ohio","W. S. Tyler, Division of Haver Tyler, Inc.",2012-06-04,2012-07-24,"Mentor","OH","A",2012-07-12,31,NA,"SHOPMENS LOCAL UNION NO. 468 OF THE INTERNATIONAL ASSOCIATION OF BRIDGE, STRUCTURAL, ORNAMENTAL AND REINFORCING IRON WORKERS, AFL-CIO",7,NA,NA,NA,NA,21,28,NA,NA,NA,"SHOPMENS LOCAL UNION NO. 468 OF THE INTERNATIONAL ASSOCIATION OF BRIDGE, STRUCTURAL, ORNAMENTAL AND REINFORCING IRON WORKERS, AFL-CIO","Initial","Single Labor Organization","Certification of Results","Closed","All full-time and regular part-time Press Operators, Sieve Makers, Sieve Cloth Cutters, QC Certification Lab employees, QC Match Lab employees, Monode Operators, Sieve Mfg/Ship Supv. employees, Fine Wire handlers, Lab Equipment Assemblers, QC Sieve/Receiving employees, Inspection employees, Spot Welders, Shipping/Receiving employees, and Buffers employed by the Employer at its facility located at 8570 Tyler Blvd., Mentor, Ohio, but excluding all office clerical employees, temporary employees, professional employees, watchmen, officers, all guards and supervisors as defined in the Act and all other employees.   who were employed during the payroll period ending Saturday, June 9, 2012.",NA,NA,NA,38,2012-07-01,2012-04-01,"26-50",TRUE,"RC","Yes","SHOPMENS LOCAL UNION NO. 468 OF THE INTERNATIONAL ASSOCIATION OF BRIDGE, STRUCTURAL, ORNAMENTAL AND REINFORCING IRON WORKERS, AFL-CIO",1,"Ironworkers",0.25,"No",3
"06-RC-080721","Region 06, Pittsburgh, Pennsylvania","Patriot Machining and  Maintenance Service, Inc.",2012-05-10,2012-06-27,"CARLISLE","OH","A",2012-06-15,20,NA,"IRON WORKERS LOCAL UNION NO. 3",14,NA,NA,NA,NA,3,19,NA,2,NA,"IRON WORKERS LOCAL UNION NO. 3","Initial","Single Labor Organization","Certific. of Representative","Closed","All full-time and regular part-time production, fabrication, machining and maintenance employees employed by the Employer at its site at the AK Steel Plant in Lyndora, Pennsylvania; excluding all office clerical employees, confidential employees and guards, professional employees and supervisors as defined in the Act.",NA,NA,NA,36,2012-04-01,2012-04-01,"11-25",TRUE,"RC","Yes","IRON WORKERS LOCAL UNION NO. 3",1,"Ironworkers",0.823529411764706,"Yes",3
"09-RD-073123","Region 09, Cincinnati, Ohio","LINGO MANUFACTURING CO.",2012-01-25,2012-03-09,"FLORENCE","KY","A",2012-03-01,25,NA,"INTERNATIONAL ASSOCIATION OF BRIDGE, STRUCTURAL, ORNAMENTAL AND REINFORCING IRONWORKERS, SHOPMAN  LOCAL UNION NO. 522",16,NA,NA,NA,NA,7,23,NA,NA,NA,"INTERNATIONAL ASSOCIATION OF BRIDGE, STRUCTURAL, ORNAMENTAL AND REINFORCING IRONWORKERS, SHOPMAN  LOCAL UNION NO. 522","Initial","Single Labor Organization","Certific. of Representative","Closed","All production and maintenance employees employed by the Employer at its facility located in Florence, Kentucky, but excluding all temporary employees, office clerical employees, draftsman, engineers, watchman, janitors, guards and supervisors as defined in the Act.",NA,NA,NA,36,2012-01-01,2012-01-01,"11-25",TRUE,"RD","Yes","INTERNATIONAL ASSOCIATION OF BRIDGE, STRUCTURAL, ORNAMENTAL AND REINFORCING IRONWORKERS, SHOPMAN  LOCAL UNION NO. 522",1,"Ironworkers",0.695652173913043,"Yes",2
"04-RD-002190","Region 04, Philadelphia, Pennsylvania","W. Rose, Inc.",2010-10-07,2010-11-16,"Sharon Hill","PA","A",2010-11-04,13,NA,"INTERNATIONAL ASSOCIATION OF  BRIDGE, STRUCTURAL AND ORNAMENTAL IRON WORKERS LOCAL 502, AFL-CIO",1,NA,NA,NA,NA,11,12,"N",NA,"N",NA,"Initial","Single Labor Organization","Certification of Results","Closed","INCLUDED:  All full-time and regular part-time production, warehouse, shipping and maintenance employees employed by the Employer at its 1300 Elmwood Avenue, Sharon Hill, PA facility.
EXCLUDED:  All other employees, office clerical employees, drafts",NA,NA,NA,28,2010-10-01,2010-10-01,"11-25",TRUE,"RD","Yes","INTERNATIONAL ASSOCIATION OF  BRIDGE, STRUCTURAL AND ORNAMENTAL IRON WORKERS LOCAL 502, AFL-CIO",1,"Ironworkers",0.0833333333333333,"No",1
"09-RC-018298","Region 09, Cincinnati, Ohio","Chemetron Railway Products, Inc.",2010-05-12,2010-10-07,"Russell","KY","A",2010-09-29,20,NA,"INTERNATIONAL ASSOCIATION OF BRIDGE, STRUCTURAL, ORNAMENTAL & REINFORCING IRON WORKERS",7,NA,NA,NA,NA,12,19,"N",NA,"N",NA,"Rerun","Single Labor Organization","Certification of Results","Closed","All full-time and regular part-time employees engaged in welding, fabricating, loading and unloading principal products at the Employer's facility in Russell, Kentucky, but excluding lead persons, office clerical employees, professional employees, gu",NA,NA,NA,140,2010-07-01,2010-04-01,"11-25",TRUE,"RC","Yes","INTERNATIONAL ASSOCIATION OF BRIDGE, STRUCTURAL, ORNAMENTAL & REINFORCING IRON WORKERS",1,"Ironworkers",0.368421052631579,"No",1
"09-RC-018298",NA,"Chemetron Railway Products, Inc.",2010-05-12,2010-10-07,"Russell","KY","A",2010-09-29,20,0,"International Association of Bridge, Structural, Ornamental & Reinforcing Iron Workers",7,NA,NA,NA,NA,12,19,"N",0,"N",NA,"Initial","Revised Single Labor Org","Certification of Results","Closed",NA,NA,NA,NA,140,2010-07-01,2010-04-01,"11-25",FALSE,"RC","Yes","International Association of Bridge, Structural, Ornamental & Reinforcing Iron Workers",1,"Ironworkers",0.368421052631579,"No",1
"09-RC-018298","Region 09, Cincinnati, Ohio","Chemetron Railway Products, Inc.",2010-05-12,2010-10-07,"Russell","KY","A",2010-06-21,20,1,"INTERNATIONAL ASSOCIATION OF BRIDGE, STRUCTURAL, ORNAMENTAL & REINFORCING IRON WORKERS",7,NA,NA,NA,NA,9,16,"N",3,"Y",NA,"Initial","Single Labor Organization","Certification of Results","Closed","All full-time and regular part-time employees engaged in welding, fabricating, loading and unloading principal products at the Employer's facility in Russell, Kentucky, but excluding lead persons, office clerical employees, professional employees, gu",NA,NA,NA,40,2010-04-01,2010-04-01,"11-25",FALSE,"RC","Yes","INTERNATIONAL ASSOCIATION OF BRIDGE, STRUCTURAL, ORNAMENTAL & REINFORCING IRON WORKERS",1,"Ironworkers",0.4375,"No",4
"02-RC-023397",NA,"Clark & Wilkins Industries, Inc.",2009-07-01,2009-08-20,"New York","NY","A",2009-08-12,5,0,"Local Union No. 580 of the International Association of Bridge, Structural, Ornamental & Reinforcing Iron Workers, AFL-CIO",5,NA,NA,NA,NA,0,5,"N",0,"N","Local Union No. 580 of the International Association of Bridge, Structural, Ornamental & Reinforcing Iron Workers, AFL-CIO","Initial","Single Labor Organization","Certific. of Representative","Closed",NA,NA,NA,NA,42,2009-07-01,2009-07-01,"<5",FALSE,"RC","Yes","Local Union No. 580 of the International Association of Bridge, Structural, Ornamental & Reinforcing Iron Workers, AFL-CIO",1,"Ironworkers",1,"Yes",0
"30-RC-006757",NA,"Norman Vick Construction",2009-06-05,2009-07-10,"Fall River","WI","A",2009-07-02,9,0,"North Central States District Council of the International Association of Bridge, Structural, Ornamental and Reinforcing Iron Workers, AFL-CIO",0,NA,NA,NA,NA,6,6,"N",0,"N",NA,"Initial","Single Labor Organization","Certification of Results","Closed",NA,NA,NA,NA,27,2009-07-01,2009-04-01,"6-10",FALSE,"RC","Yes","North Central States District Council of the International Association of Bridge, Structural, Ornamental and Reinforcing Iron Workers, AFL-CIO",1,"Ironworkers",0,"No",3
"10-RC-015728","Region 10, Atlanta, Georgia","KOREA EXPRESS",2009-01-12,2009-03-03,"McDonough","GA","A",2009-02-23,12,NA,"INT'L ASSOCIATION OF BRIDGE, STRUCTURAL, ORNAMENTAL AND REINFORCING IRON WORKERS, LOCAL 526",5,NA,NA,NA,NA,7,12,"N",NA,"N",NA,"Initial","Single Labor Organization","Certification of Results","Closed","Included
      All regular full-time Forklift Operators, Receiving Administrator, Shipping Administrator, Traffic Dispatcher, and Driver employed by the Employer at its McDonough, Georgia facility

Excluded
     All office clerical employees, professional employees, managerial employees, guards and supervisors as defined in the Act.",NA,NA,NA,42,2009-01-01,2009-01-01,"11-25",TRUE,"RC","Yes","INT'L ASSOCIATION OF BRIDGE, STRUCTURAL, ORNAMENTAL AND REINFORCING IRON WORKERS, LOCAL 526",1,"Ironworkers",0.416666666666667,"No",0
"28-RC-006625","Region 28, Phoenix, Arizona","Pacific Coast Steel",2008-09-15,2008-11-03,"Henderson","NV","A",2008-10-23,115,NA,"SHOPMEN'S LOCAL 501, INTERNATIONAL UNION OF BRIDGE, STRUCTURAL, ORNAMENTAL & REINFORCING IRON WORKERS, AFL-CIO",66,NA,NA,NA,NA,43,109,"N",5,"N","SHOPMEN'S LOCAL 501, INTERNATIONAL UNION OF BRIDGE, STRUCTURAL, ORNAMENTAL & REINFORCING IRON WORKERS, AFL-CIO","Initial","Single Labor Organization","Certific. of Representative","Closed","Included:  All full-time and regular part-time production employees, maintenance employees, warehouse employees, and truck drivers employed by the Employer at its facility located at 8370 East Gate Road, Henderson, Nevada.

Excluded:  All other employees, office clerical employees, guards and supervisors as defined in the Act.",NA,NA,NA,38,2008-10-01,2008-07-01,"101-500",TRUE,"RC","Yes","SHOPMEN'S LOCAL 501, INTERNATIONAL UNION OF BRIDGE, STRUCTURAL, ORNAMENTAL & REINFORCING IRON WORKERS, AFL-CIO",1,"Ironworkers",0.605504587155963,"Yes",6
"26-RC-008565","Region 10, Atlanta, Georgia","Auto Warehousing Company",2008-09-05,2009-03-06,"Spring Hill","TN","A",2009-02-26,21,NA,"IRON WORKERS LOCAL UNION 468",16,NA,NA,NA,NA,4,20,"N",NA,"N","IRON WORKERS LOCAL UNION 468","Initial","Single Labor Organization","Certific. of Representative","Closed","Included: All full-time and regular part-time employees engaged in the work of rail and truck loading of vehicles employed by the Employer at its Spring Hill, Tennessee facility.

Excluding: All office clerical employees, professional employees, managers, guards, and supervisors as defined in the Act.",NA,NA,NA,174,2009-01-01,2008-07-01,"11-25",TRUE,"RC","Yes","IRON WORKERS LOCAL UNION 468",1,"Ironworkers",0.8,"Yes",1
"28-RC-006623","Region 28, Phoenix, Arizona","Post Tension of Nevada",2008-08-27,2010-04-15,"Phoenix","AZ","A",2008-10-03,18,NA,"INTERNATIONAL ASSOCIATION OF BRIDGE, STRUCTURAL, ORNAMENTAL AND REINFORCING IRON WORKERS, LOCAL 847,",3,NA,NA,NA,NA,13,16,"N",3,"N",NA,"Initial","Single Labor Organization","Certification of Results","Closed","Included: All full-time and regular part-time field employees, including laborers, installers, stress employees, and cut & patch employees, employed by the Employer at its facility located at 2419 South 49th Avenue, Phoenix, Arizona.

Excluded:  Al",NA,NA,NA,37,2008-10-01,2008-07-01,"11-25",TRUE,"RC","Yes","INTERNATIONAL ASSOCIATION OF BRIDGE, STRUCTURAL, ORNAMENTAL AND REINFORCING IRON WORKERS, LOCAL 847,",1,"Ironworkers",0.1875,"No",2
"33-RC-005095","Region 25, Indianapolis, Indiana","Bevans Steel Company",2008-07-31,2008-09-23,"Davenport","IA","A",2008-09-15,45,2,"BRIDGE, STRUCTURAL, AND ORNAMENTAL IRONWORKERS LOCAL NO. 111",32,NA,NA,NA,NA,0,32,"N",NA,"N","BRIDGE, STRUCTURAL, AND ORNAMENTAL IRONWORKERS LOCAL NO. 111","Initial","Single Labor Organization","Certific. of Representative","Closed","All full-time and regular part-time Ironworkers employed by the Employer from its Davenport, Iowa facility; EXCLUDING all other employees, office clericals, professional employees, guards and supervisors as defined in the Act.",NA,NA,NA,46,2008-07-01,2008-07-01,"26-50",TRUE,"RC","Yes","BRIDGE, STRUCTURAL, AND ORNAMENTAL IRONWORKERS LOCAL NO. 111",1,"Ironworkers",1,"Yes",13
"33-RC-005095",NA,"Bevans Steel Company",2008-07-31,2008-09-23,"Peoria","IL","A",2008-09-15,45,2,"Bridge, Structural, and Ornamental Ironworkers Local No. 111",32,NA,NA,NA,NA,0,32,"N",0,"N","Bridge, Structural, and Ornamental Ironworkers Local No. 111","Initial","Single Labor Organization","Certific. of Representative","Closed","All full-time and regular part-time Ironworkers employed by the Employer from its Davenport, Iowa facility; EXCLUDING all other employees, office clericals, professional employees, guards and supervisors as defined in the Act.",NA,NA,NA,46,2008-07-01,2008-07-01,"26-50",FALSE,"RC","Yes","Bridge, Structural, and Ornamental Ironworkers Local No. 111",1,"Ironworkers",1,"Yes",13
"13-RC-021773","Region 13, Chicago, Illinois","Dukane Precast, Inc.",2008-07-01,2008-12-17,"Naperville","IL","A",2008-12-12,40,NA,"IRONWORKERS LOCAL UNION NO. 1",7,NA,NA,NA,NA,33,40,"N",NA,"N",NA,"Initial","Single Labor Organization","Certification of Results","Closed","All full-time and regular part-time laborers, quality control inspectors, yard employees, equipment operators and maintenance mechanics, including batch plant operators, jockey drivers, tucker drivers, truck drivers, tool room laborers, welders, yard",NA,NA,NA,164,2008-10-01,2008-07-01,"26-50",TRUE,"RC","Yes","IRONWORKERS LOCAL UNION NO. 1",1,"Ironworkers",0.175,"No",0
"08-RC-016925",NA,"Ohio Structures, Inc.",2007-10-11,2008-06-09,"Canfield","OH","A",2008-05-30,32,0,"Iron Workers Shopmen's Local Union No. 468 a/w International Association of Bridge, Structural, Ornamental & Reinforcing Iron Workers (AFL-CIO)",14,NA,NA,NA,NA,17,31,"N",0,"N",NA,"Initial","Revised Single Labor Org","Certification of Results","Closed","All full-time and regular part-time production and maintenance employees, including all welders, fitters, laborers, blaster/painter/metalizers, material handlers and lift truck drivers, maintenance and material preparation employees, but exlcuding all office clerical, confidential, professional and managerial employees, guards, and supervisors as defined by the Act, and all other employees.",NA,NA,NA,232,2008-04-01,2007-10-01,"26-50",FALSE,"RC","Yes","Iron Workers Shopmen's Local Union No. 468 a/w International Association of Bridge, Structural, Ornamental & Reinforcing Iron Workers (AFL-CIO)",1,"Ironworkers",0.451612903225806,"No",1
"31-RC-008654","Region 31, Los Angeles, California","Macsteel Service Centers",2007-07-31,2007-09-18,"Fontana","CA","A",2007-09-07,18,NA,"SHOPMENS IRONWORKERS LOCAL 509",9,NA,NA,NA,NA,7,16,"N",1,"N",NA,"Initial","Single Labor Organization","Certific. of Representative","Closed","Included:  All full-time and regular part-time production, maintenance, and warehouse employees employed by the Employer at its facility located at 8432 Alameria Avenue, Fontana, CA, including Crew Chiefs, Saw Operators/Plate Burners, Forklift Operat",NA,NA,NA,38,2007-07-01,2007-07-01,"11-25",TRUE,"RC","Yes","SHOPMENS IRONWORKERS LOCAL 509",1,"Ironworkers",0.5625,"Yes",2
"08-RD-002087","Region 08, Cleveland, Ohio","W.L. Jenkins Company, Inc.",2007-06-12,2007-08-06,"Canton","OH","A",2007-07-24,4,NA,"IRONWORKERS SHOPMENS LOCAL UNION NO. 468",3,NA,NA,NA,NA,1,4,"N",NA,"N","IRONWORKERS SHOPMENS LOCAL UNION NO. 468","Initial","Single Labor Organization","Certific. of Representative","Closed","All full-time and regular part-time production and maintenance employees employed by the Employer at its 1445 Whipple Avenue SW, Canton, Ohio facility, but excluding draftsmen, engineers, watchmen, office and clerical employees, guards and supervisor",NA,NA,NA,42,2007-07-01,2007-04-01,"<5",TRUE,"RD","Yes","IRONWORKERS SHOPMENS LOCAL UNION NO. 468",1,"Ironworkers",0.75,"Yes",0
"19-RC-014936","Region 19, Seattle, Washington","Advanced Welding & Steel, Inc.",2007-02-23,2007-04-12,"Lakewood","WA","A",2007-04-04,17,NA,"IRON WORKERS LOCAL 506",1,NA,NA,NA,NA,13,14,"N",1,"N",NA,"Initial","Single Labor Organization","Certification of Results","Closed","Included:  All full-time and regular part-time production employees, maintenance employees, and drivers employed by the Employer at its Grangeville, Idaho facility.

Excluded:  All office employees, office clerical employees, all other employees, a",NA,NA,NA,40,2007-04-01,2007-01-01,"11-25",TRUE,"RC","Yes","IRON WORKERS LOCAL 506",1,"Ironworkers",0.0714285714285714,"No",3
"07-RD-003541",NA,"ABZ Steel Fabricating LLC",2006-08-30,2006-10-19,"Shelby Township","MI","A",2006-10-11,10,0,"Local 508 Ironworkers",7,NA,NA,NA,NA,3,10,"N",0,"N","Local 508 Ironworkers","Initial","Single Labor Organization","Certific. of Representative","Closed","All full-time and regular part-time fabricators, welders, and helpers, employed by the Employer at its plant located at 13971 Teresa, Shelby Township, Michigan; but excluding management, office clerical employees, and guards and supervisors as defined in the Act.",NA,NA,NA,42,2006-10-01,2006-07-01,"6-10",TRUE,"RD","Yes","Local 508 Ironworkers",1,"Ironworkers",0.7,"Yes",0
"32-RC-005441",NA,"CMC Rebar Fresno, a division of CMC Steel Fabrication, Inc.",2006-06-08,2006-07-25,"Fresno","CA","A",2006-07-14,18,0,"Shopmen's Iron Workers Local Union No. 509 of the International Association Bridge, Structural and Ornamental Iron Workers, AFL-CIO",13,NA,NA,NA,NA,4,17,"N",1,"N","Shopmen's Iron Workers Local Union No. 509 of the International Association Bridge, Structural and Ornamental Iron Workers, AFL-CIO","Initial","Single Labor Organization","Certific. of Representative","Closed","All full-time and regular part-time production and maintenance employees employed by the Employer at its Fresno, California facility; excluding all managerial and administrative employees, field construction employees, drviers, office clerical employees, all other employees, guards, and supervisors as defined in the Act.",NA,NA,NA,36,2006-07-01,2006-04-01,"11-25",TRUE,"RC","Yes","Shopmen's Iron Workers Local Union No. 509 of the International Association Bridge, Structural and Ornamental Iron Workers, AFL-CIO",1,"Ironworkers",0.764705882352941,"Yes",1
"27-RC-008443",NA,"Portec (Flowmaster Division",2006-05-18,2006-07-10,"Canon City","CO","A",2006-06-29,83,1,"Ironworkers, Local 24",16,NA,NA,NA,NA,66,82,"N",0,"N",NA,"Initial","Single Labor Organization","Certification of Results","Closed","Included:  All production and maintenance employees employed by the Employer at its facility located at Canon City, Colorado.

Excluded:  All office employees, office clerical employees, professional employees, temporary employees, agency employees, watchmen, guads and supervisors as defined in the Act.",NA,NA,NA,42,2006-04-01,2006-04-01,"51-100",TRUE,"RC","Yes","Ironworkers, Local 24",1,"Ironworkers",0.195121951219512,"No",1
"12-RC-009185",NA,"Gamma U.S.A., Inc.",2006-01-27,2006-03-22,"Miami","FL","A",2006-03-09,49,0,"International Association Bridge, Structural, Ornamental and Reinforcing Iron Workers L U No. 272",20,NA,NA,NA,NA,20,40,"N",0,"N",NA,"Initial","Single Labor Organization","Certification of Results","Closed","All installers employed by the Employer in Miami-Dade, Broward, Palm Beach, Monroe, and Collier Counties, who were employed during the payroll period ending Friday, February 3, 2006. 

All other employees including, all drivers, shop employees, managerial employees, guards and supervisors as defined in the Act. 

Also eligible to vote are other employees in the unite who have beenemployed dor 30 working days or more within the 12-months preceding the elgibility date for the election, or who have had some employment in those 12 months and have been employed dor 45 working days or more within the 24-month period immediately preceding the eligibility date and who had not been terminated for cause or quit voluntarily prior to the complextion of the last job for which they were employed.  Steiny & Co., 308 NLRB 1323 (1912); Daniel Construction, 133 NLRB 264 (1961), as modified 167 NLRB 1078 (1967)",NA,NA,NA,41,2006-01-01,2006-01-01,"26-50",TRUE,"RC","Yes","International Association Bridge, Structural, Ornamental and Reinforcing Iron Workers L U No. 272",1,"Ironworkers",0.5,"No",9
"26-RD-001128","Region 10, Atlanta, Georgia","Scepter, Inc.",2005-12-05,2007-06-29,"New Johnsonville","TN","A",2007-06-20,14,NA,"INTERNATIONAL ASSOCIATION OF BRIDGE, STRUCTURAL, ORNAMENTAL AND REINFORCING IRON WORKERS, LOCAL 733,",4,NA,NA,NA,NA,9,13,"N",NA,"N",NA,"Initial","Single Labor Organization","Certification of Results","Closed","Included:  All operators, maintenance employees and shipping and receiving employees, employed at the Employer’s Waverly, Tennessee facility. 
Excluded:  All working foremen, laboratory technicians, custodians, professional employees,all other emplo",NA,NA,NA,562,2007-04-01,2005-10-01,"11-25",TRUE,"RD","Yes","INTERNATIONAL ASSOCIATION OF BRIDGE, STRUCTURAL, ORNAMENTAL AND REINFORCING IRON WORKERS, LOCAL 733,",1,"Ironworkers",0.307692307692308,"No",1
"05-RC-015921",NA,"W.R. Dean Erectors, Inc.",2005-11-10,2006-02-03,"Richmond","VA","A",2005-12-16,19,0,"Ironworkers' District Council of the Mid-Atlantic States",1,NA,NA,NA,NA,18,19,"N",0,"N",NA,"Initial","Single Labor Organization","Certification of Results","Closed","All employees employed by the Employer including welders but excluding all office clerical employees, professional employees, guards and supervisors as defined in the Act.",NA,NA,NA,36,2005-10-01,2005-10-01,"11-25",TRUE,"RC","Yes","Ironworkers' District Council of the Mid-Atlantic States",1,"Ironworkers",0.0526315789473684,"No",0
"26-RD-001126",NA,"Bishop Steel",2005-10-11,2005-11-28,"Southaven","MS","A",2005-11-16,10,0,"Ironworkers Local 167",2,NA,NA,NA,NA,4,6,"N",1,"N",NA,"Initial","Single Labor Organization","Certification of Results","Closed","Included:  All full and regular part-time journeymen and apprentice ironworkers, including job classifications of architectural and ornamental machinery movers, erectors and riggers, reinforcing ironworker, structural stone derrick man, welders, fence erectors and sheeters, employed by the Employer at its 1332 Rasco Road, Suite 344, Southaven, Mississippi location.

Excluded:  all other employees, office clerical employees, guards and supervisors as defined in the Act.",NA,NA,NA,36,2005-10-01,2005-10-01,"6-10",TRUE,"RD","Yes","Ironworkers Local 167",1,"Ironworkers",0.333333333333333,"No",4
"32-RC-005370",NA,"DANA Corporation",2005-08-05,2005-11-23,"Stockton","CA","A",2005-10-13,246,0,"Shopmen Ironworkers Local Union No. 790",87,NA,NA,NA,NA,143,230,"N",8,"N",NA,"Initial","Single Labor Organization","Certification of Results","Closed","All full-time and regular part-time production and maintenance employees employed by the Employer at its Stockton facility, including, team leaders, alternate teamleaders, production, or product control specialists, product technicians (including quality control technicians, forklift operators, cycle counters, and material handlers), support technicians (including maintenance technicians, maintenance lead technicians, controls technicians, and E-coat technicians), and support apprentice technicians;  excluding temp-for-hire employees, other temporary employees, office clerical employees, guards, and supervisors as defined by the Act.",NA,NA,NA,69,2005-10-01,2005-07-01,"101-500",TRUE,"RC","Yes","Shopmen Ironworkers Local Union No. 790",1,"Ironworkers",0.378260869565217,"No",16
"27-RC-008363",NA,"Wotco/Westech",2004-12-27,2005-02-11,"Mills","WY","A",2005-02-03,3,0,"International Association of Bridge, Structural, Ornamental and Reinforcing Ironworkers",3,NA,NA,NA,NA,0,3,"N",0,"N","International Association of Bridge, Structural, Ornamental and Reinforcing Ironworkers","Initial","Single Labor Organization","Certific. of Representative","Closed","INcluded:  All full time and regular part time quality assurance techs.

Excluded:  All office clerical employees, salesmen, professional employees, managerial employees, guards and supervisors as defined in the ACt.",NA,NA,NA,38,2005-01-01,2004-10-01,"<5",TRUE,"RC","Yes","International Association of Bridge, Structural, Ornamental and Reinforcing Ironworkers",1,"Ironworkers",1,"Yes",0
"01-RC-021855",NA,"Erection Specialists, Inc.",2004-12-03,2005-01-18,"Wrentham","MA","A",2005-01-06,14,0,"International Association of Bridge, Structural, Ornamental and Reinforcing Iron Workers Local Union No. 37, AFL-CIO",1,NA,NA,NA,NA,10,11,"N",0,"N",NA,"Initial","Single Labor Organization","Certification of Results","Closed","All full time and regular part time ironworkers and lead men employed by the Employer on its construction industry projects in New England, but excluding all other employees, office clerical employees, managers, guards and supervisors as defined by the Act.",NA,NA,NA,34,2005-01-01,2004-10-01,"11-25",TRUE,"RC","Yes","International Association of Bridge, Structural, Ornamental and Reinforcing Iron Workers Local Union No. 37, AFL-CIO",1,"Ironworkers",0.0909090909090909,"No",3
"10-RD-001436",NA,"Enco Materials",2004-11-18,2005-01-11,"Knoxville & Johnson City","TN","A",2004-12-29,22,NA,"International Association of Bridge, Structural Ornamental and Reinforcing Iron Workers Local 733",14,NA,NA,NA,NA,7,21,"N",0,"N","International Association of Bridge, Structural Ornamental and Reinforcing Iron Workers Local 733","Initial","Single Labor Organization","Certific. of Representative","Closed","All production and maintenance employees employed by the Employer at its Knoxville and Johnson City, Tennessee facilities, but excluding all office-clerical employees, professional employees, guards and supervisors as defined in the Act.",NA,NA,NA,41,2004-10-01,2004-10-01,"11-25",TRUE,"RD","Yes","International Association of Bridge, Structural Ornamental and Reinforcing Iron Workers Local 733",1,"Ironworkers",0.666666666666667,"Yes",1
"08-RC-016657",NA,"Alro Steel Corporation",2004-08-31,2005-01-31,"Perrysburg","OH","A",2005-01-19,22,0,"International Association of Bridge, Structural, Ornamental and Reinforcing Ironworkers Local 499",0,NA,NA,NA,NA,21,21,"N",4,"N",NA,"Initial","Single Labor Organization","Certification of Results","Closed","All full-time and regular part time production and maintenance employees including truck drivers and group leaders employed at the Employer's 361 D Street, Perrysburg, Ohio facility, but excluding all temporary employees, all office clerical employees and all professional employees and all guards and supervisors as defined in the Act.",NA,NA,NA,141,2005-01-01,2004-07-01,"11-25",TRUE,"RC","Yes","International Association of Bridge, Structural, Ornamental and Reinforcing Ironworkers Local 499",1,"Ironworkers",0,"No",1
"26-RD-001108",NA,"Enco Materials, Inc.",2004-08-23,2004-11-08,"Nashville","TN","A",2004-10-29,26,0,"International Association of Bridge, Structural, Ornamental and Reinforcing Iron Workers, Local 733,  AFL-CIO",6,NA,NA,NA,NA,19,25,"N",0,"N",NA,"Initial","Single Labor Organization","Certification of Results","Closed","Included:  All production and maintenance employees, specifically employees engaged in the fabrication of iron, steel, metal and other products, or in maintenance work at the Employer's Nashville, Tennessee facility.

Excluded:  Draftsman, engineering employees, employees engaged in erection, installation or construction work, all other employees, office clerical employees, professional employees, watchmen, guards, and supervisors as defined in the Act.",NA,NA,NA,67,2004-10-01,2004-07-01,"26-50",TRUE,"RD","Yes","International Association of Bridge, Structural, Ornamental and Reinforcing Iron Workers, Local 733,  AFL-CIO",1,"Ironworkers",0.24,"No",1
"17-RC-012293",NA,"Braden Shielding Systems LLC",2004-08-16,2004-09-20,"Broken Arrow","OK","A",2004-09-10,10,0,"Ironworkers Local 584",5,NA,NA,NA,NA,5,10,"N",0,"N",NA,"Initial","Single Labor Organization","Certification of Results","Closed","[  All production and maintenance employees employed at the Employer's 9260 Broken Arrow Expressway, Broken Arrow, Oklahoma, facility, including Leadmen, Shop Clerks, Delivery Truck Drivers and Janitors, EXCLUDING all office and clerical employees, watchmen, guards, installers, professional employees and supervisors as defined in the Act.   ]",NA,NA,NA,25,2004-07-01,2004-07-01,"6-10",TRUE,"RC","Yes","Ironworkers Local 584",1,"Ironworkers",0.5,"No",0
"12-RC-009057",NA,"Milan's Machine Shop & Welding Services, Inc.",2004-06-10,2004-08-10,"Miami","FL","A",2004-07-23,33,0,"International Association of Bridge, Structural, Ornamental and Reinforcing Iron Workers Local 698 (",11,NA,NA,NA,NA,19,30,"N",2,"N",NA,"Initial","Single Labor Organization","Certification of Results","Closed","Included:  All production, maintenance, shipping and receiving employees, and truck drivers employed by the Employer at its facility located at 8052 NW 56th Street, Miami, Florida facility.

Excluded:  All other employees, including office clericals, guards and supervisors as defined in the Act.",NA,NA,NA,43,2004-07-01,2004-04-01,"26-50",TRUE,"RC","Yes","International Association of Bridge, Structural, Ornamental and Reinforcing Iron Workers Local 698 (",1,"Ironworkers",0.366666666666667,"No",3
"32-RC-005260",NA,"American Buildings Company",2004-05-25,2004-07-12,"Carson City","NV","A",2004-07-01,86,0,"Shopmen's Local Union No. 790, International Association of Bridge, Structural, Ornamental and Reinforcing Iron Workers",44,NA,NA,NA,NA,41,85,"N",0,"N","Shopmen's Local Union No. 790, International Association of Bridge, Structural, Ornamental and Reinforcing Iron Workers","Initial","Single Labor Organization","Certific. of Representative","Closed","All full-time and regular part-time production and maintenance employees, including working lead operators and plant clericals, employed by the Employer at its Carson City, Nevada facility located at 2401 conestoga Drive, Carson City, Nevada.",NA,NA,NA,37,2004-07-01,2004-04-01,"51-100",TRUE,"RC","Yes","Shopmen's Local Union No. 790, International Association of Bridge, Structural, Ornamental and Reinforcing Iron Workers",1,"Ironworkers",0.517647058823529,"Yes",1
"05-RD-001339",NA,"General Ship Repair Corporation",2004-04-29,2004-06-22,"Baltimore","MD","A",2004-05-27,28,0,"Iron Workers Local Union No. 486",11,NA,NA,NA,NA,16,27,"N",0,"N",NA,"Initial","Single Labor Organization","Certification of Results","Closed","All full time and regular part time production and maintenance employees employed by the Employer at its Baltimore, Maryland facility; but excluding all office clerical employees, professional employees, guards, and supervisors as defined in the Act.",NA,NA,NA,28,2004-04-01,2004-04-01,"26-50",TRUE,"RD","Yes","Iron Workers Local Union No. 486",1,"Ironworkers",0.407407407407407,"No",1
"12-RC-009007",NA,"Addison Steel, Inc.",2004-01-08,2004-03-02,"Orlando","FL","A",2004-02-19,45,1,"International Association of Bridge, Structural, Ornamental and Reinforcing Iron Workers Local 698 (AFL-CIO)",31,NA,NA,NA,NA,12,43,"N",0,"N","International Association of Bridge, Structural, Ornamental and Reinforcing Iron Workers Local 698 (AFL-CIO)","Initial","Single Labor Organization","Certific. of Representative","Closed","All production and maintenance employees,  including shipping and receiving employees and truck drivers, employed by the Employer at its facility located at 7351 Overland Road, Orlando, FL; who were employed during the payroll period ending January 5, 2004.

All office clerical employees, computer template detail employees, quality inspectors, lead men, watchmen, guards and supervisors as defined in the Act. 


The parties further stipulate and agree that the attached Final and Binding Eligibility List constitutes the names of all eligible voters in accordance with Norris-Thermador 119 NLRB 1301.",NA,NA,NA,42,2004-01-01,2004-01-01,"26-50",TRUE,"RC","Yes","International Association of Bridge, Structural, Ornamental and Reinforcing Iron Workers Local 698 (AFL-CIO)",1,"Ironworkers",0.720930232558139,"Yes",2
"26-RD-001095",NA,"Enco Materials",2003-12-08,2004-01-26,"Jackson","TN","A",2004-01-16,10,0,"International Association of Bridge, Structural, Ornamental and Reinforcing Iron Workers, AFL-CIO",2,NA,NA,NA,NA,7,9,"N",0,"N",NA,"Initial","Single Labor Organization","Certification of Results","Closed","Included:  All production and maintenance employees engaged in the fabrication of Iron, steel, metal and other products, or maintenance work in or about Employer's plant in Jackson, Tennessee

Excluded:  Guards and supervisors as defined by the Act.",NA,NA,NA,39,2004-01-01,2003-10-01,"6-10",TRUE,"RD","Yes","International Association of Bridge, Structural, Ornamental and Reinforcing Iron Workers, AFL-CIO",1,"Ironworkers",0.222222222222222,"No",1
"05-RC-015643",NA,"Rebar Services Inc.",2003-10-31,2004-01-08,"Baltimore","MD","A",2003-12-23,11,0,"Ironworkers District Council of the Mid-Atlantic States",3,NA,NA,NA,NA,0,3,"N",1,"N","Ironworkers District Council of the Mid-Atlantic States","Initial","Single Labor Organization","Certific. of Representative","Closed","All regular full-time and regular part-time reinforcing ironworkers and laborers, excluding office clerical employees, professional employees, guards, and supervisors as defined by the Act.",NA,NA,NA,53,2003-10-01,2003-10-01,"11-25",TRUE,"RC","Yes","Ironworkers District Council of the Mid-Atlantic States",1,"Ironworkers",1,"Yes",8
"01-RC-021686",NA,"Erection Specialists, Inc.",2003-10-14,2003-12-02,"Wrentham","MA","A",2003-11-20,14,0,"International Association of Bridge, Structural, Ornamental and Reinforcing Iron Workers Local 37, AFL-CIO",7,NA,NA,NA,NA,7,14,"N",0,"N",NA,"Initial","Single Labor Organization","Certification of Results","Closed","All full-time and regular part-time ironworkers and lead men employed by the Employer on its construction industry projects in New England, but excluding all other employees, office clerical employees, managers, guards and supervisors as defined by the Act.",NA,NA,NA,37,2003-10-01,2003-10-01,"11-25",TRUE,"RC","Yes","International Association of Bridge, Structural, Ornamental and Reinforcing Iron Workers Local 37, AFL-CIO",1,"Ironworkers",0.5,"No",0
"32-RC-005178",NA,"Gilroy Steel & Supply, Inc.",2003-08-20,2003-11-13,"Gilroy","CA","A",2003-09-19,7,0,"Shopmen's Local Union No. 790, International Association of Bridge, Structural, Ornamental and Reinforcing Iron Workers, AFL-CIO",4,NA,NA,NA,NA,0,4,"N",3,"N","Shopmen's Local Union No. 790, International Association of Bridge, Structural, Ornamental and Reinforcing Iron Workers, AFL-CIO","Initial","Single Labor Organization","Certific. of Representative","Closed","All full-time and regular part-time production and maintenance employees, including all assemblers and laborers, employed by the Employer at its Gilroy, California facility; excluding office clerical employees, professional employees,  guards, and supervisors as defined in the Act.",NA,NA,NA,30,2003-07-01,2003-07-01,"6-10",TRUE,"RC","Yes","Shopmen's Local Union No. 790, International Association of Bridge, Structural, Ornamental and Reinforcing Iron Workers, AFL-CIO",1,"Ironworkers",1,"Yes",3
"06-RC-012248",NA,"Buffalo Structural Steel Inc.",2003-07-24,2003-11-03,"Titusville","PA","A",2003-11-03,24,0,"Iron Workers Shopmen's Local Union No. 642 of the International Association of Bridge, Structural, Ornamental & Reinforcing Iron Workers, AFL-CIO",10,NA,NA,NA,NA,13,23,"N",3,"N",NA,"Initial","Revised Single Labor Org","Certification of Results","Closed","All production and maintenance employees employed by the Employer at its Titusville, Pennsylvania, facility; excluding all office clerical employees and guards, professional employees and supervisors as defined in the Act.",NA,NA,NA,102,2003-10-01,2003-07-01,"11-25",TRUE,"RC","Yes","Iron Workers Shopmen's Local Union No. 642 of the International Association of Bridge, Structural, Ornamental & Reinforcing Iron Workers, AFL-CIO",1,"Ironworkers",0.434782608695652,"No",1
"06-RC-012248",NA,"Buffalo Structural Steel Inc.",2003-07-24,2003-11-03,"Titusville","PA","A",2003-09-05,24,0,"Iron Workers Shopmen's Local Union No. 642 of the International Association of Bridge, Structural, Ornamental & Reinforcing Iron Workers, AFL-CIO",10,NA,NA,NA,NA,13,23,"N",4,"Y",NA,"Initial","Single Labor Organization","Certification of Results","Closed","All production and maintenance employees employed by the Employer at its Titusville, Pennsylvania, facility; excluding all office clerical employees and guards, professional employees and supervisors as defined in the Act.",NA,NA,NA,43,2003-07-01,2003-07-01,"11-25",FALSE,"RC","Yes","Iron Workers Shopmen's Local Union No. 642 of the International Association of Bridge, Structural, Ornamental & Reinforcing Iron Workers, AFL-CIO",1,"Ironworkers",0.434782608695652,"No",1
"08-RC-016535",NA,"C.Tucker Cope and Associates Inc. d/b/a Maco Construction Services, Inc.",2003-07-15,2003-09-05,"Columbiana","OH","A",2003-08-25,28,0,"Bridge Structural Ornamental and Reinforcing Ironworkers Local 207",1,NA,NA,NA,NA,23,24,"N",4,"N",NA,"Initial","Single Labor Organization","Certification of Results","Closed","All full-time and regular part-time employees who are in a multi-craft unit that operate construction equipment, and performs the work of laborers, cement masons, millwrights, bricklayers, roofers, carpenters, and iron workers, mechanics, insulators, glazers and painters, employed by the Employer at its facilities located at 304 Pittsburgh Street, Columbiana, OH, 11 East Salem Street, Columbiana, OH and 170 Duquesne Street, Columbiana, OH, but excluding all office, clerical employees, professional employees, guards and supervisors as defined in the Act and all other employees.",NA,NA,NA,41,2003-07-01,2003-07-01,"26-50",TRUE,"RC","Yes","Bridge Structural Ornamental and Reinforcing Ironworkers Local 207",1,"Ironworkers",0.0416666666666667,"No",4
"09-RC-017811",NA,"BOBO CONSTRUCTION INC.",2003-06-10,2003-09-29,"New Carlisle","OH","A",2003-09-19,4,0,"International Association of Bridge, Structural, Ornamental and Reinforcing Iron Workers, Local 290, AFL-CIO",2,NA,NA,NA,NA,2,4,"N",0,"N",NA,"Initial","Revised Single Labor Org","Certification of Results","Closed","All full-time and part-time employees performing ironwork employed by the Employer at its 2710 South Dayton Lakeview Road, New Carlisle, Ohio facility, excluding the crane operator, all office clerical employees and all professional employees, guards and supervisors as defined in the Act.",NA,NA,NA,101,2003-07-01,2003-04-01,"<5",TRUE,"RC","Yes","International Association of Bridge, Structural, Ornamental and Reinforcing Iron Workers, Local 290, AFL-CIO",1,"Ironworkers",0.5,"No",0
"09-RC-017811",NA,"BOBO CONSTRUCTION INC.",2003-06-10,2003-09-29,"New Carlisle","OH","A",2003-07-18,4,0,"International Association of Bridge, Structural, Ornamental and Reinforcing Iron Workers, Local 290, AFL-CIO",2,NA,NA,NA,NA,1,3,"N",1,"Y",NA,"Initial","Single Labor Organization","Certification of Results","Closed","All full-time and part-time employees performing ironwork employed by the Employer at its 2710 South Dayton Lakeview Road, New Carlisle, Ohio facility, excluding the crane operator, all office clerical employees and all professional employees, guards and supervisors as defined in the Act.",NA,NA,NA,38,2003-07-01,2003-04-01,"<5",FALSE,"RC","Yes","International Association of Bridge, Structural, Ornamental and Reinforcing Iron Workers, Local 290, AFL-CIO",1,"Ironworkers",0.666666666666667,"No",1
"14-RC-012440",NA,"Frichtl Steel & Welding, A Division of P.A. Pipe, LLC",2003-05-16,2003-06-26,"Newton","IL","A",2003-06-18,62,0,"Iron Workers Local 439 of the International Association of Bridge, Structural, Ornamental and Reinforcing Iron Workers, AFL-CIO",12,NA,NA,NA,NA,41,53,"N",6,"N",NA,"Initial","Single Labor Organization","Certification of Results","Closed","All full-time and regular part-time production and maintenance employees employed by the Employer at its Newton, Illinois facility, EXCLUDING office clerical and professional employees, guards and supervisors as defined in the Act, and all other employees.",NA,NA,NA,33,2003-04-01,2003-04-01,"51-100",TRUE,"RC","Yes","Iron Workers Local 439 of the International Association of Bridge, Structural, Ornamental and Reinforcing Iron Workers, AFL-CIO",1,"Ironworkers",0.226415094339623,"No",9
"32-RD-001424",NA,"P.J.'s Lumber, Inc. d/b/a P.J.'s Rebar",2003-04-23,2003-07-02,"Fremont","CA","A",2003-06-24,39,0,"Iron Workers, Shopmen's Local Union No. 790, International Association of Bridge, Structural, Ornamental & Reinforcing Iron Workers, AFL-CIO",2,NA,NA,NA,NA,27,29,"N",0,"N",NA,"Initial","Single Labor Organization","Certification of Results","Closed","All full-time and regular part-time employees employed by the Employer at its Fremont, California facility; excluding all managerial and administrative employees, salespersons, office clerical employees, all other employees, guards and supervisors as defined in the Act.",NA,NA,NA,62,2003-04-01,2003-04-01,"26-50",TRUE,"RD","Yes","Iron Workers, Shopmen's Local Union No. 790, International Association of Bridge, Structural, Ornamental & Reinforcing Iron Workers, AFL-CIO",1,"Ironworkers",0.0689655172413793,"No",10
"33-RC-004778",NA,"River City Construction, LLC",2003-04-10,2003-06-10,"Peoria","IL","A",2003-06-02,44,0,"Bridge, Structural, Ornamental and Reinforcing Iron Workers Local 112, AFL-CIO",28,NA,NA,NA,NA,0,28,"N",0,"N","Bridge, Structural, Ornamental and Reinforcing Iron Workers Local 112, AFL-CIO","Initial","Single Labor Organization","Certific. of Representative","Closed","All full-time and regular part-time iron worker apprentices and journeymen performing iron work within the geographical jurisdiction of Iron Workers Local 112 for the Employer from its East Peoria, Illinois, facility; but excluding office clerical employees, professionals, guards and supervisors as defined in the Act, and excluding all other employees.",NA,NA,NA,53,2003-04-01,2003-04-01,"26-50",TRUE,"RC","Yes","Bridge, Structural, Ornamental and Reinforcing Iron Workers Local 112, AFL-CIO",1,"Ironworkers",1,"Yes",16
"08-RC-016510",NA,"W. S. Tyler, a division of Haver Tyler, Inc.",2003-03-05,2003-06-06,"Mentor","OH","A",2003-04-16,32,0,"Ironworkers, Shopmen's Local Union No. 468 a/w International Association of Bridge, Structural, Ornamental and Reinforcing Ironworkers, AFL-CIO",16,NA,NA,NA,NA,15,31,"N",0,"N","Ironworkers, Shopmen's Local Union No. 468 a/w International Association of Bridge, Structural, Ornamental and Reinforcing Ironworkers, AFL-CIO","Initial","Single Labor Organization","Certific. of Representative","Closed","All full-time and regular part-time production employees, employees performing routine maintenance and shipping and receiving employees employed by the Employer at its 8570 Tyler Road, Mentor, Ohio facility, excluding all sales employees, office clerical employees, professional employees, guards and supervisors as defined in the Act.",NA,NA,NA,42,2003-04-01,2003-01-01,"26-50",TRUE,"RC","Yes","Ironworkers, Shopmen's Local Union No. 468 a/w International Association of Bridge, Structural, Ornamental and Reinforcing Ironworkers, AFL-CIO",1,"Ironworkers",0.516129032258065,"Yes",1
"05-RC-015535",NA,"Ralph's Welding Service, Inc.",2003-02-28,2003-05-02,"Baltimore","MD","A",2003-04-15,5,0,"Iron Workers Local Union No. 16",3,NA,NA,NA,NA,2,5,"N",0,"N","Iron Workers Local Union No. 16","Initial","Single Labor Organization","Certific. of Representative","Closed","All full-time and regular part-time employees working in the classification of ironworker employed by the Employer at its Severn, Maryland facility; but excluding all office clerical employees, managerial employees, professional employees, guards and supervisors as defined in the Act.",NA,NA,NA,46,2003-04-01,2003-01-01,"<5",TRUE,"RC","Yes","Iron Workers Local Union No. 16",1,"Ironworkers",0.6,"Yes",0
"05-RC-015534",NA,"General Ship Repair Corporation",2003-02-28,2003-04-22,"Baltimore","MD","A",2003-04-11,21,0,"Iron Workers Local Union No. 486",11,NA,NA,NA,NA,9,20,"N",0,"N","Iron Workers Local Union No. 486","Initial","Single Labor Organization","Certific. of Representative","Closed","All full time and regular part time production and maintenance employees employed by the Employer at its Baltimore, Maryland facility; but excluding all office clerical employees, professional employees, guards, and supervisors as defined in the Act.",NA,NA,NA,42,2003-04-01,2003-01-01,"11-25",TRUE,"RC","Yes","Iron Workers Local Union No. 486",1,"Ironworkers",0.55,"Yes",1
"32-RC-005121",NA,"Firth Rixson Viking (Viking Metallurgy)",2003-02-06,2003-03-28,"Verdi","NV","A",2003-03-20,59,0,"Shop Iron Workers  Local 790, International Association of Bridge, Structural, Ornamental and Reinforcing Iron Workers",28,NA,NA,NA,NA,30,58,"N",0,"N",NA,"Initial","Single Labor Organization","Certification of Results","Closed","All full-time and regular part-time production, machine maintenance and production clerical employees, including all employees in the chip/scrap recovery, conversion, heat treatment, forge shop, machine (direct and indirect), maintenance, production control, quality control (direct and indirect), and saw shop departments and including those production clerical employees classifed as Production Scheudler, CAD operator, Purchasing Tool Room, Q/C Data Specialist, and Production Order Writer and including Leadpersons on the day (first) shift in the above named departments employed by the Employer at its Verdi, Nevada facility; excluding all employees supplied by temporary placement or employment agencies, office clerical and confidential employees, managers, guards, and supervisors as defined in the act.",NA,NA,NA,42,2003-01-01,2003-01-01,"51-100",TRUE,"RC","Yes","Shop Iron Workers  Local 790, International Association of Bridge, Structural, Ornamental and Reinforcing Iron Workers",1,"Ironworkers",0.482758620689655,"No",1
"07-RC-022398",NA,"Aristeo Construction Co.",2003-01-21,2003-03-10,"Livonia","MI","A",2003-02-28,14,0,"Int'l Assoc. of Bridge, Structural, Orn. & Reinforcing Ironworkers Local 58",13,NA,NA,NA,NA,1,14,"N",0,"N","Int'l Assoc. of Bridge, Structural, Orn. & Reinforcing Ironworkers Local 58","Initial","Single Labor Organization","Certific. of Representative","Closed","All full-time and regular part-time production employees, but excluding all office clerical employees, professional employees, employees represented by other labor organizations, guards and supervisors as defined in the Act.",NA,NA,NA,38,2003-01-01,2003-01-01,"11-25",TRUE,"RC","Yes","Int'l Assoc. of Bridge, Structural, Orn. & Reinforcing Ironworkers Local 58",1,"Ironworkers",0.928571428571429,"Yes",0
"30-RC-006520",NA,"Pro-Type Builders, Inc.",2003-01-17,2004-08-06,"Milwaukee","WI","A",2003-04-04,27,0,"Bridge, Structural, Ornamental Reinforcing Iron Workers and Machinery Movers Local No. 8, AFL-CIO",8,NA,NA,NA,NA,8,16,"N",5,"Y",NA,"Initial","Single Labor Organization","Withdrawal","Closed","All full-time and regular part-time employees employed by the Employer out of its Green Bay and Dalton, Wisconsin facilities; excluding office/clerical employees, guards and supervisors as defined in the Act.",NA,NA,NA,77,2003-04-01,2003-01-01,"26-50",TRUE,"RC","Yes","Bridge, Structural, Ornamental Reinforcing Iron Workers and Machinery Movers Local No. 8, AFL-CIO",1,"Ironworkers",0.5,"Other",11
"07-RC-022368",NA,"Uniloy Milacron",2002-11-08,2003-01-16,"Manchester","MI","A",2002-12-20,178,0,"Local 508 Ironworkers",59,NA,NA,NA,NA,112,171,"N",0,"N",NA,"Initial","Single Labor Organization","Certification of Results","Closed","All full-time and regular part-time production and maintenance employees, including team leaders, programmers, production control/moldmakers, and field service personnel, employed by the Employer at its facility located at 10501 Highway M-52, Manchester, Michigan; but excluding office clerical employees, professional employees, guards and supervisors as defined in the Act.",NA,NA,NA,42,2002-10-01,2002-10-01,"101-500",TRUE,"RC","Yes","Local 508 Ironworkers",1,"Ironworkers",0.345029239766082,"No",7
"31-RC-008184",NA,"J. L. Davidson Company, Inc.",2002-11-05,2002-12-31,"Bloomington","CA","A",2002-12-13,7,2,"ShopmenÆs Local No. 509, International Association of Bridge, Structural, Ornamental and Reinforcing Iron Workers, (AFL-CIO)",0,NA,NA,NA,NA,5,5,"N",1,"N",NA,"Initial","Single Labor Organization","Certification of Results","Closed","Included:  All full-time and regular part-time post-tensioning cable shop productino and maintenace employees employed by the Employer at its facility lcoated at 2755 South Willow Avenue, Bloomington, California.

Excluded:  All other employees, office clerical employees, professional employees, guards and supervisors as defined in the Act.",NA,NA,NA,38,2002-10-01,2002-10-01,"6-10",TRUE,"RC","Yes","ShopmenÆs Local No. 509, International Association of Bridge, Structural, Ornamental and Reinforcing Iron Workers, (AFL-CIO)",1,"Ironworkers",0,"No",2
"04-RC-020571",NA,"V&S Philadelphia Galvanizing LLC",2002-10-29,2002-12-24,"Philadelphia","PA","A",2002-12-13,21,0,"International Association of Bridge, Structural, Ornamental & Reinforcing Iron Workers Local 502",15,NA,NA,NA,NA,2,17,"N",0,"N","International Association of Bridge, Structural, Ornamental & Reinforcing Iron Workers Local 502","Initial","Single Labor Organization","Certific. of Representative","Closed","All full time and regular part time production and truck driver employees employed by the Employer at its 2520 Hagert Street, Philadelphia, Pennsylvania facility.  EXCLUDED:  All other employees, maintenance employees, office clerical employees, watchmen, professional employees, guards and supervisors as defined in the Act.",NA,NA,NA,45,2002-10-01,2002-10-01,"11-25",TRUE,"RC","Yes","International Association of Bridge, Structural, Ornamental & Reinforcing Iron Workers Local 502",1,"Ironworkers",0.882352941176471,"Yes",4
"11-RC-006503",NA,"B&W Steel Erectors, Inc.",2002-10-11,2003-03-31,"Charlotte","NC","A",2002-10-29,13,0,"International Association of Bridge, Ornamental & Reinforcing Ironworkers, Local 843, AFL-CIO",4,NA,NA,NA,NA,2,6,"N",3,"Y",NA,"Initial","Single Labor Organization","Withdrawal","Closed","All hourly paid full-time and regular part-time ironworkers employed by the employer; excluding all salaried employees, technical employees, office clerical employees, and guards, professional employees, and supervisors as defined in the Act.",NA,NA,NA,18,2002-10-01,2002-10-01,"11-25",TRUE,"RC","Yes","International Association of Bridge, Ornamental & Reinforcing Ironworkers, Local 843, AFL-CIO",1,"Ironworkers",0.666666666666667,"Other",7
"30-RC-006496",NA,"Cameron Builders, Inc.",2002-10-04,2003-05-08,"Green Bay","WI","A",2002-11-14,13,0,"Bridge, Structural, Ornamental Reinforcing Iron Workers and Machinery Movers Local No. 8, AFL-CIO",4,NA,NA,NA,NA,6,10,"N",2,"N",NA,"Initial","Single Labor Organization","Withdrawal","Closed","All full-time field construction employees and foremen employed by the Employer at and out of its Oneida and Birnamwood, Wisconsin facilities; excluding all office clerical employees, estimators, material expeditors, shop employees, guards and supervisors as defined in the Act.",NA,NA,NA,41,2002-10-01,2002-10-01,"11-25",TRUE,"RC","Yes","Bridge, Structural, Ornamental Reinforcing Iron Workers and Machinery Movers Local No. 8, AFL-CIO",1,"Ironworkers",0.4,"Other",3
"30-RC-006492",NA,"American Bin & Conveyor, Inc.",2002-09-27,2002-11-25,"Burlington","WI","A",2002-11-15,17,0,"Shopmen's Local 473 of the International Association of Bridge, Structural, Ornamental & Reinforcing Iron Workers",8,NA,NA,NA,NA,9,17,"N",0,"N",NA,"Initial","Single Labor Organization","Certification of Results","Closed","All full time and regular part time production and maintenance employees employed by the Employer at its 221 Front Street, Burlington, Wisconsin facility, excluding office clerical employees, detailers, layout designers, professional employees, guards, and supervisors as defined in the Act.",NA,NA,NA,49,2002-10-01,2002-07-01,"11-25",TRUE,"RC","Yes","Shopmen's Local 473 of the International Association of Bridge, Structural, Ornamental & Reinforcing Iron Workers",1,"Ironworkers",0.470588235294118,"No",0
"06-RC-012134",NA,"Industrial Fabricating Systems Inc.",2002-09-23,2002-11-13,"Coraopolis","PA","A",2002-11-01,11,0,"Shopmen's Local Union No. 527 of the International Association of Bridge, Structural, Ornamental & Reinforcing Iron Workers",5,NA,NA,NA,NA,1,6,"N",0,"N","Shopmen's Local Union No. 527 of the International Association of Bridge, Structural, Ornamental & Reinforcing Iron Workers","Initial","Single Labor Organization","Certific. of Representative","Closed","All full-time and regular part-time production and maintenance employees employed by the Employer at its Coraopolis, Pennsylvania, facility; excluding office clerical employees and guards, professional employees and supervisors as defined in the Act.",NA,NA,NA,39,2002-10-01,2002-07-01,"11-25",TRUE,"RC","Yes","Shopmen's Local Union No. 527 of the International Association of Bridge, Structural, Ornamental & Reinforcing Iron Workers",1,"Ironworkers",0.833333333333333,"Yes",5
"05-RC-015463",NA,"Williams Steel Erection Co.",2002-09-13,2002-12-20,"Baltimore","MD","A",2002-10-24,150,0,"Iron Workers District Council of the Mid-Atlantic States of the International Association of Bridge Structural, Ornamental & Reinforcing Iron Workers",36,NA,NA,NA,NA,99,135,"N",1,"N",NA,"Initial","Single Labor Organization","Certification of Results","Closed","All Iron Worker employees of the Employer including working foremen and apprentices, but excluding all other employees, office clerical employees, professional employees, managers, supervisors and guards as defined in the Act.",NA,NA,NA,41,2002-10-01,2002-07-01,"101-500",TRUE,"RC","Yes","Iron Workers District Council of the Mid-Atlantic States of the International Association of Bridge Structural, Ornamental & Reinforcing Iron Workers",1,"Ironworkers",0.266666666666667,"No",15
"08-RC-016440",NA,"WERK/BRAU Co., Inc.",2002-08-14,2002-10-01,"Findlay","OH","A",2002-09-20,77,0,"Shopmen's Local Union No. 499 of the International Association of Bridge, Structural, Ornamental and Reinforcing Iron Workers",46,NA,NA,NA,NA,28,74,"N",2,"N","Shopmen's Local Union No. 499 of the International Association of Bridge, Structural, Ornamental and Reinforcing Iron Workers","Initial","Single Labor Organization","Certific. of Representative","Closed","All production and maintenance employees employed by the Employer at its 2800 Fostoria Avenue, Findlay, Ohio, and 616 Blanchard Street, Fostoria, Ohio 45840 facilities, excluding all office clerical employees, temporary employees, professional employees, guards and supervisors as defined in the Act.",NA,NA,NA,37,2002-07-01,2002-07-01,"51-100",TRUE,"RC","Yes","Shopmen's Local Union No. 499 of the International Association of Bridge, Structural, Ornamental and Reinforcing Iron Workers",1,"Ironworkers",0.621621621621622,"Yes",3
"06-RC-012106",NA,"Interlocking Deck Systems International, LLC",2002-07-11,2002-08-20,"Pittsburgh","PA","A",2002-08-06,37,0,"Shopmen's Local Union No. 527 of the International Association of Bridge, Structural, Ornamental & Reinforcing Iron Workers",16,NA,NA,NA,NA,19,35,"N",0,"N",NA,"Initial","Single Labor Organization","Certification of Results","Closed","All full-time and regular part-time production and maintenance employees employed by the Employer at its Pittsburgh, Pennsylvania, facility; excluding office clerical employees and guards, professional employees and supervisors as defined in the Act, and all other employees.",NA,NA,NA,26,2002-07-01,2002-07-01,"26-50",TRUE,"RC","Yes","Shopmen's Local Union No. 527 of the International Association of Bridge, Structural, Ornamental & Reinforcing Iron Workers",1,"Ironworkers",0.457142857142857,"No",2
"12-RC-008812",NA,"M C Velar Construction Corp.",2002-07-05,2002-09-24,"Miami","FL","A",2002-08-09,10,0,"Int'l. Assoc. of Bridge, Structural, Ornamental and Reinforcing Iron Workers Local No. 272 (AFL-CIO)",0,NA,NA,NA,NA,0,0,"N",8,"Y",NA,"Initial","Single Labor Organization","Withdrawal","Closed","Included:   All Full-time and part-time steel placing Installers/Erectors and helpers employed by the Employer in the State of Florida, Miami-Dade, Monroe, Broward, Palm Beach, Lee and Collier Counties, who were employed by the Employer during the payroll period ending July 12, 2002. 

Excluded:  All other employee. office clericals. guards and supervisors as defined by the Act.",NA,NA,NA,35,2002-07-01,2002-07-01,"6-10",TRUE,"RC","Yes","Int'l. Assoc. of Bridge, Structural, Ornamental and Reinforcing Iron Workers Local No. 272 (AFL-CIO)",1,"Ironworkers",NA,"Other",10
"04-RC-020454",NA,"Metals USA Plates and Shapes Northeast",2002-06-07,2002-11-25,"Philadelphia","PA","A",2002-11-14,7,0,"International Association of Bridge, Structural & Ornamental Iron Workers Local 502",5,NA,NA,NA,NA,0,5,"N",0,"N","International Association of Bridge, Structural & Ornamental Iron Workers Local 502","Initial","Single Labor Organization","Certific. of Representative","Closed","All full time and regular part-time production and maintenance employees and truck drivers employed by the Employer at its Aramingo Avenue, Philadelphia, Pennsylvania facility excluding all office clerical employees, professional employees, watchmen, guards and supervisors as defined by the Act.",NA,NA,NA,160,2002-10-01,2002-04-01,"6-10",TRUE,"RC","Yes","International Association of Bridge, Structural & Ornamental Iron Workers Local 502",1,"Ironworkers",1,"Yes",2
"07-RC-022247",NA,"Efficiency Production Inc",2002-05-17,2002-07-08,"Mason","MI","A",2002-06-28,33,0,"Int'l Association of Bridge, Structural, Ornamental & Reinforcing Iron Workers",33,NA,NA,NA,NA,14,47,"N",5,"N","Int'l Association of Bridge, Structural, Ornamental & Reinforcing Iron Workers","Initial","Single Labor Organization","Certific. of Representative","Closed","All full-time and regular part-time production and maintenance employees, including welders, grinders, machine operators, laborers, painters, forklift operators, maintenance employees, janitorial employees, shipping and receiving employees, rental maintenance and delivery employees, and production schedulers employed by the Employer at its facility located at 685 Hull Road, Mason, Michigan; but excluding all office clerical employees, drafting employees, professional employees, guards and supervisors as defined in the Act.",NA,NA,NA,42,2002-04-01,2002-04-01,"26-50",TRUE,"RC","Yes","Int'l Association of Bridge, Structural, Ornamental & Reinforcing Iron Workers",1,"Ironworkers",0.702127659574468,"Yes",-14
"08-RM-001064",NA,"Ravens, a division of  Fontaine Trailer Company",2002-05-13,2003-02-10,"Kent","OH","A",2003-01-30,37,0,"Shopmen's Local 468, Intl. Ass'n Bridge, Structural, Ornamental & Reinforcing Iron Workers",5,NA,NA,NA,NA,17,22,"N",0,"N",NA,"Initial","Single Labor Organization","Certification of Results","Closed","All production and maintenance employees employed by the employer at its facility located at 1400 Fairchild Avenue, Kent, Ohio, but excluding all office clerical employees, watchmen and professional employees, guards and supervisors as defined in the Act.",NA,NA,NA,262,2003-01-01,2002-04-01,"26-50",TRUE,"RM","Yes","Shopmen's Local 468, Intl. Ass'n Bridge, Structural, Ornamental & Reinforcing Iron Workers",1,"Ironworkers",0.227272727272727,"No",15
"28-RC-006058",NA,"FWF Steel",2002-04-11,2002-05-20,"Peoria","AZ","A",2002-05-10,5,0,"International Association of Bridge, Structural, Ornamental and Reinforcing Ironworkers, AFL-CIO, Local Union 75",0,NA,NA,NA,NA,2,2,"N",0,"N",NA,"Initial","Single Labor Organization","Certification of Results","Closed","INCLUDED:  All field Ironworkers, Welders, Helpers

EXCLUDED:  All Fab Shop only employees, office, clerical staff, foremen and supervisors as 
                       defined by the Act.",NA,NA,NA,29,2002-04-01,2002-04-01,"<5",TRUE,"RC","Yes","International Association of Bridge, Structural, Ornamental and Reinforcing Ironworkers, AFL-CIO, Local Union 75",1,"Ironworkers",0,"No",3
"12-RC-008775",NA,"Metallic Eng. Co. Inc.",2002-03-25,2002-06-11,"Miami","FL","A",2002-05-02,28,0,"International Association Bridge, Structural, Ornamental and Reinforcing Iron Workers Local No. 272",6,NA,NA,NA,NA,21,27,"N",3,"N",NA,"Initial","Single Labor Organization","Certification of Results","Closed","Included:  All field employees employed by the Employer in the Miami-Dade and Broward Counties, Florida.

Footenote: Provided further, that also elgible to vote are other employees in the Unit (1) who have been employed for 30 working days or more within the 12 months preceeding the eligibility date for the election, or (2) who have had some employment in those 12 months and have been employed for 45 working days or more within the 24 -months period immediately proceeding the eligibility date and who had not been terminated for cause or quit voluntarily prior to the completion of the last job for which they were employed. 

Excluded:  All other employees, office clerical employees, managerial employees, guards, and supervisors as defined in the Act.",NA,NA,NA,38,2002-04-01,2002-01-01,"26-50",TRUE,"RC","Yes","International Association Bridge, Structural, Ornamental and Reinforcing Iron Workers Local No. 272",1,"Ironworkers",0.222222222222222,"No",1
"28-RC-006044",NA,"Steelcon, Inc.",2002-03-18,2002-05-07,"Tucson","AZ","B",2002-04-25,3,0,"Ironworkers Local 75",0,NA,NA,NA,NA,3,3,"N",0,"N",NA,"Initial","Single Labor Organization","Certification of Results","Closed","Included: All full-time and regular part-time field erectors and helpers employed by the Employer at its various jobsites in Arizona.

Excluded:  All other employees, office clerical employees, professional employees, detailers, shop employees, guards, foremen, and supervisors as defined in the Act.","Included: All full-time and regular part-time steel fabricators and helpers employed by the Employer at its shop located at 3410 East Pennsylvania Street, Tucson, Arizona

Excluded:  All other employees, office clerical employees, professional employees, detailers, filed employees, guards, foremen, and supervisors as defined in the Act.",NA,NA,38,2002-04-01,2002-01-01,"<5",TRUE,"RC","Yes","Ironworkers Local 75",1,"Ironworkers",0,"No",0
"28-RC-006044",NA,"Steelcon, Inc.",2002-03-18,2002-05-07,"Tucson","AZ","A",2002-04-25,5,0,"Ironworkers Local 75",2,NA,NA,NA,NA,3,5,"N",0,"N",NA,"Initial","Single Labor Organization","Certification of Results","Closed","Included: All full-time and regular part-time field erectors and helpers employed by the Employer at its various jobsites in Arizona.

Excluded:  All other employees, office clerical employees, professional employees, detailers, shop employees, guards, foremen, and supervisors as defined in the Act.","Included: All full-time and regular part-time steel fabricators and helpers employed by the Employer at its shop located at 3410 East Pennsylvania Street, Tucson, Arizona

Excluded:  All other employees, office clerical employees, professional employees, detailers, filed employees, guards, foremen, and supervisors as defined in the Act.",NA,NA,38,2002-04-01,2002-01-01,"<5",TRUE,"RC","Yes","Ironworkers Local 75",1,"Ironworkers",0.4,"No",0
"11-RC-006474",NA,"T.G. Welding, Inc.",2002-03-04,2003-01-13,"Charlotte","NC","A",2003-01-13,7,0,"International Association of Bridge, Structural, Ornamental and Reinforcing Ironworkers, Local 843, AFL-CIO",0,NA,NA,NA,NA,6,6,"N",2,"N",NA,"Initial","Revised Single Labor Org","Certification of Results","Closed","All full time and regular part-time employees employed by the Employer from its Richfield, North Carolina facility in the classifications of welder, ironworker, and laborere, but excluding clerical employees and guards, professional employees and supervisors as defined in the Act.",NA,NA,NA,315,2003-01-01,2002-01-01,"6-10",TRUE,"RC","Yes","International Association of Bridge, Structural, Ornamental and Reinforcing Ironworkers, Local 843, AFL-CIO",1,"Ironworkers",0,"No",1
"11-RC-006474",NA,"T.G. Welding, Inc.",2002-03-04,2003-01-13,"Charlotte","NC","A",2002-09-09,7,0,"International Association of Bridge, Structural, Ornamental and Reinforcing Ironworkers, Local 843, AFL-CIO",0,NA,NA,NA,NA,6,6,"N",8,"Y",NA,"Initial","Single Labor Organization","Certification of Results","Closed","All full time and regular part-time employees employed by the Employer from its Richfield, North Carolina facility in the classifications of welder, ironworker, and laborere, but excluding clerical employees and guards, professional employees and supervisors as defined in the Act.",NA,NA,NA,189,2002-07-01,2002-01-01,"6-10",FALSE,"RC","Yes","International Association of Bridge, Structural, Ornamental and Reinforcing Ironworkers, Local 843, AFL-CIO",1,"Ironworkers",0,"No",1
"32-RC-004960",NA,"P.J.'s Lumber, Inc. d/b/a P.J.'s Rebar",2002-02-14,2002-04-15,"Fremont","CA","A",2002-04-05,58,0,"Iron Workers , Shopmen's Local 790, International Association of Bridge, Structural, Ornamental & Reinforcing Iron Workers, AFL-CIO",31,NA,NA,NA,NA,20,51,"N",4,"N","Iron Workers , Shopmen's Local 790, International Association of Bridge, Structural, Ornamental & Reinforcing Iron Workers, AFL-CIO","Initial","Single Labor Organization","Certific. of Representative","Closed",NA,NA,NA,NA,50,2002-04-01,2002-01-01,"51-100",TRUE,"RC","Yes","Iron Workers , Shopmen's Local 790, International Association of Bridge, Structural, Ornamental & Reinforcing Iron Workers, AFL-CIO",1,"Ironworkers",0.607843137254902,"Yes",7
"07-RC-022177",NA,"Waste Management",2002-02-14,2002-04-09,"Romulus","MI","A",2002-03-29,16,0,"Local 508 Ironworkers",6,NA,NA,NA,NA,10,16,"N",0,"N",NA,"Initial","Single Labor Organization","Certification of Results","Closed","All full-time and regular part-time welders, utility employees, compactor repair employees, roll-off drivers and container delivery drivers employed by the Employer at its container repair site at its facility located at 5980 Inkster Road, Romulus, Michigan; but excluding office clerical employees, professional employees, guards, and supervisors as defined in the Act and all other employees.",NA,NA,NA,43,2002-01-01,2002-01-01,"11-25",TRUE,"RC","Yes","Local 508 Ironworkers",1,"Ironworkers",0.375,"No",0
"32-RC-004959",NA,"Polymeric Technology Inc.",2002-02-13,2002-04-12,"San Leandro","CA","A",2002-04-04,33,0,"Iron Workers, Shopmen's Local 790, International Association of Brudge, Structural, Ornamental and Reinforcing Iron Workers, AFL-CIO",14,NA,NA,NA,NA,18,32,"N",0,"N",NA,"Initial","Single Labor Organization","Certification of Results","Closed","Including :  All full time and regular part time production and shipping employees employed by the Employer at its 1900 Marina Boulevard, San Leandro, California, facility;  excluding all othe remployees, Quality Assurance Manager, Night Shift Manager, Shipping Department Manger, Rubber Department Manager, Manufacturing Manager, office clerical employees, managers, guards and supervisors s defined in the Act.",NA,NA,NA,50,2002-04-01,2002-01-01,"26-50",TRUE,"RC","Yes","Iron Workers, Shopmen's Local 790, International Association of Brudge, Structural, Ornamental and Reinforcing Iron Workers, AFL-CIO",1,"Ironworkers",0.4375,"No",1
"09-RC-017620",NA,"KANDO OF CINCINNATI, INC. D/B/A FRANKLIN BRAZING & METAL TREATING",2002-02-04,2002-03-22,"Lebanon","OH","A",2002-03-14,15,0,"International Association of Bridge Structural Ornamental & Reinforcing Iron Workers AFL-CIO Shopmen's Local Union 522",7,NA,NA,NA,NA,8,15,"N",0,"N",NA,"Initial","Single Labor Organization","Certification of Results","Closed","All full-time production and maintenance employees employed by the Employer at its Lebanon, Ohio facility, but excluding all office clerical employees, temporary employees, professional employees, guards and supervisors as defined in the Act.",NA,NA,NA,38,2002-01-01,2002-01-01,"11-25",TRUE,"RC","Yes","International Association of Bridge Structural Ornamental & Reinforcing Iron Workers AFL-CIO Shopmen's Local Union 522",1,"Ironworkers",0.466666666666667,"No",0
"12-RC-008751",NA,"Flowcrete, Inc.",2002-01-23,2002-03-11,"Hialeah","FL","A",2002-02-22,13,0,"International Association of Bridge, Structural, Ornamental and Reinforcing Iron Workers Local  272",2,NA,NA,NA,NA,11,13,"N",3,"N",NA,"Initial","Single Labor Organization","Certification of Results","Closed","Included:  All full-time and regular part-time employees employed by the Employer in steel erection, welding, decking, and flooring in the state of Florida.

Note.  Provided further that also eligible to vote are other employees in the unit (1) who have been employed  for 30 working days or more within the 12-months preceding the eligibility date for the election, or (2) who have had some employment in those 12 months and have been employed for 45 working days or more with the 24-month period immediately preceding the eligibility date and who had not been terminated for cause or quit voluntarily prior to the completion of the last job for which they were employed.  Steiny & Co., 308 NLRB 1323 (1992); Daniel Construction, 133 NLRB 264 (1961), as modified 167 NLRB 1078 (1967).

Excluded:  All other employees including, all office clerical employees, security personnel, and supervisors as defined in the Act.",NA,NA,NA,30,2002-01-01,2002-01-01,"11-25",TRUE,"RC","Yes","International Association of Bridge, Structural, Ornamental and Reinforcing Iron Workers Local  272",1,"Ironworkers",0.153846153846154,"No",0
"12-RC-008709",NA,"Double D. Construction Group, Inc.",2001-09-17,2005-01-28,"Hialeah","FL","A",2001-12-07,16,0,"International Association of Bridge, Structural, Ornamental and Reinforcing Iron Workers Local Union",4,NA,NA,NA,NA,7,11,"N",5,"Y",NA,"Rerun","Single Labor Organization","Withdrawal","Closed","Included:  All full-time and regularly scheduled part-time Installers/Placers employed by employer in Miami-Dade and Broward Counties.

Also eligible are other employees in the unit who have been employed for thirty (30) working days or more within the twelve (12) months preceding the eligibility date for the election, or who have had  some employment in those twelve (12) months and have been employed for 45 working days or more within the twenty-four (24) month period immediately preceding the eligibility date and who had not been terminated for cause or quit voluntarily prior to the completion of the last job for which they were employed.

Excluded:  All other employees, office clericals, guards and supervisors as defined by the Act.",NA,NA,NA,81,2001-10-01,2001-07-01,"11-25",TRUE,"RC","Yes","International Association of Bridge, Structural, Ornamental and Reinforcing Iron Workers Local Union",1,"Ironworkers",0.363636363636364,"Other",5
"12-RC-008709",NA,"Double D. Construction Group, Inc.",2001-09-17,2005-01-28,"Dania","FL","A",2001-10-19,12,0,"International Association of Bridge, Structural, Ornamental and Reinforcing Iron Workers Local Union",1,NA,NA,NA,NA,10,11,"N",1,"N",NA,"Initial","Single Labor Organization","Withdrawal","Closed","Included:  All full-time and regularly scheduled part-time Installers/Placers employed by employer in Miami-Dade and Broward Counties.

Also eligible are other employees in the unit who have been employed for thirty (30) working days or more within the twelve (12) months preceding the eligibility date for the election, or who have had  some employment in those twelve (12) months and have been employed for 45 working days or more within the twenty-four (24) month period immediately preceding the eligibility date and who had not been terminated for cause or quit voluntarily prior to the completion of the last job for which they were employed.

Excluded:  All other employees, office clericals, guards and supervisors as defined by the Act.",NA,NA,NA,32,2001-10-01,2001-07-01,"11-25",FALSE,"RC","Yes","International Association of Bridge, Structural, Ornamental and Reinforcing Iron Workers Local Union",1,"Ironworkers",0.0909090909090909,"Other",1
"17-RC-012016",NA,"Jack Foster Co Erectors, Inc.",2001-08-23,2002-03-01,"Wichita, Towanda, Benton & Der","KS","A",2002-02-13,20,35,"Iron Workers Local 606",13,NA,NA,NA,NA,22,35,"N",0,"N",NA,"Initial","Revised Single Labor Org","Certification of Results","Closed","[  All ironworker employees employed by the Employer at its facility currently located at 1119 South Santa Fe, Wichita, KS 67211, and EXCLUDING all foremen and general foremen who served in those classifications during their employment in the past two years, and who exercised supervisory authority as defined in Section 2(11) of the Act on a regular and substantial basis; all office clerical employees, professional employees and all guards and supervisors as defined in the Act. ]",NA,NA,NA,174,2002-01-01,2001-07-01,"11-25",TRUE,"RC","Yes","Iron Workers Local 606",1,"Ironworkers",0.371428571428571,"No",-15
"17-RC-012016",NA,"Jack Foster Co Erectors, Inc.",2001-08-23,2002-03-01,"Wichita, Towanda, Benton & Der","KS","A",2001-10-12,20,1,"Iron Workers Local 606",9,NA,NA,NA,NA,11,20,"N",19,"Y",NA,"Initial","Revised Single Labor Org","Certification of Results","Closed","[  All ironworker employees employed by the Employer at its facility currently located at 1119 South Santa Fe, Wichita, KS 67211, and EXCLUDING all foremen and general foremen who served in those classifications during their employment in the past two years, and who exercised supervisory authority as defined in Section 2(11) of the Act on a regular and substantial basis; all office clerical employees, professional employees and all guards and supervisors as defined in the Act. ]",NA,NA,NA,50,2001-10-01,2001-07-01,"11-25",FALSE,"RC","Yes","Iron Workers Local 606",1,"Ironworkers",0.45,"No",0
"17-RC-012016",NA,"Jack Foster Co Erectors, Inc.",2001-08-23,2002-03-01,"Wichita, Towanda, Benton & Der","KS","A",2001-09-25,20,1,"Iron Workers Local 606",9,NA,NA,NA,NA,11,20,"N",24,"Y",NA,"Initial","Single Labor Organization","Certification of Results","Closed","[  All ironworker employees employed by the Employer at its facility currently located at 1119 South Santa Fe, Wichita, KS 67211, and EXCLUDING all foremen and general foremen who served in those classifications during their employment in the past two years, and who exercised supervisory authority as defined in Section 2(11) of the Act on a regular and substantial basis; all office clerical employees, professional employees and all guards and supervisors as defined in the Act. ]",NA,NA,NA,33,2001-07-01,2001-07-01,"11-25",FALSE,"RC","Yes","Iron Workers Local 606",1,"Ironworkers",0.45,"No",0
"27-RC-008125",NA,"Boise Steel Erectors, Inc.",2001-07-18,2001-09-10,"Boise","ID","A",2001-08-30,29,0,"Iron Workers Local #732",6,NA,NA,NA,NA,15,21,"N",8,"N",NA,"Initial","Single Labor Organization","Certification of Results","Closed","Included:  All employees including Ironworkers, ironworker helpers, welders and laborers employed by the Employer.

Excluded:  Office clerical employees, guards and supervisors as defined in the Act.",NA,NA,NA,43,2001-07-01,2001-07-01,"26-50",TRUE,"RC","Yes","Iron Workers Local #732",1,"Ironworkers",0.285714285714286,"No",8
"30-RC-006294",NA,"Metro Welding & Fabricating, Inc.",2001-07-12,2001-08-27,"Big Bend","WI","A",2001-08-17,6,0,"Bridge, Structural, Ornamental & Reinforcing Iron Workers, Local No. 8, AFL-CIO",3,NA,NA,NA,NA,3,6,"N",0,"N",NA,"Initial","Single Labor Organization","Certification of Results","Closed","All full-time and regular part-time field employees employed by the Employer at its Big Bend, Wisconsin facility; excluding shop employees, sales employees, office clerical employees, managerial employees, truck drivers, professional employees, guards, and supervisors as defined in the Act.",NA,NA,NA,36,2001-07-01,2001-07-01,"6-10",TRUE,"RC","Yes","Bridge, Structural, Ornamental & Reinforcing Iron Workers, Local No. 8, AFL-CIO",1,"Ironworkers",0.5,"No",0
"30-RC-006290",NA,"P. L. C. USA, Inc.",2001-06-18,2002-06-06,"Gwinn","MI","A",2002-05-31,5,0,"Bridge, Structural, Ornamental and Reinforcing Iron Workers Local Union No. 8",3,NA,NA,NA,NA,2,5,"N",0,"N","Bridge, Structural, Ornamental and Reinforcing Iron Workers Local Union No. 8","Initial","Revised Single Labor Org","Certific. of Representative","Closed","All full-time hourly iron worker, millwrights, welders and/or helpers, hired exclusively from the P.L.C. USA office located in Rapid River, Michigan, excluding office clerical employees, estimators, material expeditors, shop employees guards and supervisors as defined in the Act.",NA,NA,NA,347,2002-04-01,2001-04-01,"<5",TRUE,"RC","Yes","Bridge, Structural, Ornamental and Reinforcing Iron Workers Local Union No. 8",1,"Ironworkers",0.6,"Yes",0
"30-RC-006290",NA,"P. L. C. USA, Inc.",2001-06-18,2002-06-06,"Gwinn","MI","A",2002-03-15,5,0,"Bridge, Structural, Ornamental and Reinforcing Iron Workers Local Union No. 8",2,NA,NA,NA,NA,2,4,"N",1,"Y",NA,"Initial","Single Labor Organization","Certific. of Representative","Closed","All full-time hourly iron worker, millwrights, welders and/or helpers, hired exclusively from the P.L.C. USA office located in Rapid River, Michigan, excluding office clerical employees, estimators, material expeditors, shop employees guards and supervisors as defined in the Act.",NA,NA,NA,270,2002-01-01,2001-04-01,"<5",FALSE,"RC","Yes","Bridge, Structural, Ornamental and Reinforcing Iron Workers Local Union No. 8",1,"Ironworkers",0.5,"Yes",1
"12-RC-008624",NA,"Commercial Forming Corporation",2001-03-26,2001-05-29,"Pompano Beach","FL","A",2001-05-11,60,2,"Bridge, Structural, Ornamental and Reinforcing Iron Workers Local No. 272",8,NA,NA,NA,NA,41,49,"N",6,"N",NA,"Initial","Single Labor Organization","Certification of Results","Closed","Included:  All full-time and regular part-time installers/placers employed by the Employer at its jobsites located in Miami-Dade and Palm Beach counties in the State of Florida.

In addition to those in the unit who were employed during the designated payroll period, all employees in the unit who have been employed for a total of 30 days or more within the period of 12 months, or who have had some employment in that period and who have been employed 45 or more days within the period of 24 months immediately preceding the eligibility date for the election, shall be eligible to vote.

Excluded:  All other employees, office clerical employees, guards and supervisors as defined in the Act.",NA,NA,NA,46,2001-04-01,2001-01-01,"51-100",TRUE,"RC","Yes","Bridge, Structural, Ornamental and Reinforcing Iron Workers Local No. 272",1,"Ironworkers",0.163265306122449,"No",11
"26-RC-008246",NA,"Stupp Brothers, Inc.",2001-03-01,2001-08-07,"Bowling Green","KY","A",2001-07-27,134,1,"International Association of Bridge, Structural, Ornamental and Reinforcing Iron Workers, AFL-CIO",44,NA,NA,NA,NA,83,127,"N",1,"N",NA,"Rerun","Single Labor Organization","Certification of Results","Closed","Included:  All production and maintenance employees, quality control employees, shipping and receiving employees, employed at the Employesr's Bowling Green, Kentucky, facility.

Excluded:  All office clerical employees, professional employees, guards, and supervisors as defined in the Act.",NA,NA,NA,148,2001-07-01,2001-01-01,"101-500",TRUE,"RC","Yes","International Association of Bridge, Structural, Ornamental and Reinforcing Iron Workers, AFL-CIO",1,"Ironworkers",0.346456692913386,"No",7
"26-RC-008246",NA,"Stupp Brothers, Inc.",2001-03-01,2001-08-07,"Bowling Green","KY","A",2001-03-30,144,0,"International Association of Bridge, Structural, Ornamental and Reinforcing Iron Workers, AFL-CIO",61,NA,NA,NA,NA,79,140,"N",2,"N",NA,"Initial","Single Labor Organization","Certification of Results","Closed","Included:  All production and maintenance employees, quality control employees, shipping and receiving employees, employed at the Employesr's Bowling Green, Kentucky, facility.

Excluded:  All office clerical employees, professional employees, guards, and supervisors as defined in the Act.",NA,NA,NA,29,2001-01-01,2001-01-01,"101-500",FALSE,"RC","Yes","International Association of Bridge, Structural, Ornamental and Reinforcing Iron Workers, AFL-CIO",1,"Ironworkers",0.435714285714286,"No",4
"12-RC-008609",NA,"Three J's/Four J's Construction, L.L.C",2001-02-20,2002-03-21,"Plantation","FL","A",2001-03-23,11,0,"International Association Bridge, Structural, Ornamental and Reinforcing Iron Workers Local Union No",2,NA,NA,NA,NA,2,4,"N",7,"Y",NA,"Initial","Single Labor Organization","Withdrawal","Closed","Included:  All full-time and regular part-time installers/erectors employed by the Employer in the State of Florida.

Excluded:  All other employees, office clerical employees, guards and supervisors as defined in the Act.",NA,NA,NA,31,2001-01-01,2001-01-01,"11-25",TRUE,"RC","Yes","International Association Bridge, Structural, Ornamental and Reinforcing Iron Workers Local Union No",1,"Ironworkers",0.5,"Other",7
"36-RC-006042",NA,"Cooper B Line, a Division of Cooper Industries, Inc.",2000-12-07,2001-11-13,"Portland","OR","A",2001-11-02,113,0,"Ironworkers Shopmen's Local 516",30,NA,NA,NA,NA,48,78,"N",15,"N",NA,"Rerun","Single Labor Organization","Certification of Results","Closed","All production and maintenance employees, including leads and shipping and receiving, employed by the Employer at its facility located at 7298 S.W. Tech Center Drive, Portland, Oregon; but excluding all office clerical employees, professional employees, guards and supervisors as defined in the Act.",NA,NA,NA,330,2001-10-01,2000-10-01,"101-500",TRUE,"RC","Yes","Ironworkers Shopmen's Local 516",1,"Ironworkers",0.384615384615385,"No",35
"36-RC-006042",NA,"Cooper B Line, a Division of Cooper Industries, Inc.",2000-12-07,2001-11-13,"Portland","OR","A",2001-01-19,128,1,"Ironworkers Shopmen's Local 516",53,NA,NA,NA,NA,68,121,"N",1,"N",NA,"Initial","Single Labor Organization","Certification of Results","Closed","All production and maintenance employees, including leads and shipping and receiving, employed by the Employer at its facility located at 7298 S.W. Tech Center Drive, Portland, Oregon; but excluding all office clerical employees, professional employees, guards and supervisors as defined in the Act.",NA,NA,NA,43,2001-01-01,2000-10-01,"101-500",FALSE,"RC","Yes","Ironworkers Shopmen's Local 516",1,"Ironworkers",0.43801652892562,"No",7
"12-RC-008556",NA,"Jacob Conger, Inc.",2000-09-29,2001-02-26,"Ft. Myers","FL","A",2000-11-03,40,1,"Bridge, Structural, Ornamental and Reinforcing Iron Workers Local No. 272",5,NA,NA,NA,NA,21,26,"N",7,"N",NA,"Initial","Single Labor Organization","Certification of Results","Closed","Incl:  All full-time and regular part time installers employed by the  Employer from its Ft. Myers office*; but excluding all other employees, guards and supervisors as defined in the Act.

*  Also eligible are employees in the unit who were employed for at least 30 working days or more in the 12 month period immediately preceding October 13, 2000, or have had some employment in the 12 month period and have had at least 45 working days or more in the 24 month period immediately preceding October 13, 2000 and who have not been terminated for cause or quit voluntarily prior to the completion of the ast job for which they were employed.  Daniel Construction Co., 133 NLRB 264 (1961), as modified at 167 NLRB 1078 (1967); Steiny & Co., Inc., 308 NLRB 1323 (1992).",NA,NA,NA,35,2000-10-01,2000-07-01,"26-50",TRUE,"RC","Yes","Bridge, Structural, Ornamental and Reinforcing Iron Workers Local No. 272",1,"Ironworkers",0.192307692307692,"No",14
"06-RC-011886",NA,"D-M Products, Inc.",2000-09-19,2001-03-06,"Pittsburgh","PA","A",2001-02-22,57,0,"International Assoc. of Bridge, Structural, Ornamental & Reinforcing Iron Workers, Local 3, AFL-CIO",34,NA,NA,NA,NA,6,40,"N",0,"N","International Assoc. of Bridge, Structural, Ornamental & Reinforcing Iron Workers, Local 3, AFL-CIO","Initial","Single Labor Organization","Certific. of Representative","Closed","All full-time and regular part-time pre and hand glaziers, curtain and window wall, metal and glass installers and sealers employed by the Employer; excluding office clerical employees and guards, professional employees and supervisors as defined in the Act, and all other employees.",NA,NA,NA,156,2001-01-01,2000-07-01,"51-100",TRUE,"RC","Yes","International Assoc. of Bridge, Structural, Ornamental & Reinforcing Iron Workers, Local 3, AFL-CIO",1,"Ironworkers",0.85,"Yes",17
"26-RC-008205",NA,"A O Smith Engineered Storage Products Company",2000-08-21,2000-10-13,"Winchester","TN","A",2000-10-05,101,0,"International Association of Bridge, Structural, Ornanmental and Reinforcing Iron Workers (AFL-CIO)",37,NA,NA,NA,NA,61,98,"N",0,"N",NA,"Initial","Single Labor Organization","Certification of Results","Closed","Included:  All full time and regular part time production and maintenance employees which are employed by the employer at its Winchester, Tennessee facility, including, but not limited to, all walders, painters, machine operators, shipping and receiving employees, maintenance employees, layout employees, quality coordinators and production coordinators.


Excluded:  All Office Clerical, Watchmen, Guards, Professional Employees and Supervisors as defined by the act.",NA,NA,NA,45,2000-10-01,2000-07-01,"101-500",TRUE,"RC","Yes","International Association of Bridge, Structural, Ornanmental and Reinforcing Iron Workers (AFL-CIO)",1,"Ironworkers",0.377551020408163,"No",3
"27-RC-008072",NA,"Wire Rope Corporation of America",2000-08-21,2000-10-10,"Casper","WY","A",2000-09-29,10,0,"Int'l Association of Bridge, Structural, Ornamental and Reinforcing Ironworkers, Local Union #454",7,NA,NA,NA,NA,3,10,"N",0,"N","Int'l Association of Bridge, Structural, Ornamental and Reinforcing Ironworkers, Local Union #454","Initial","Single Labor Organization","Certific. of Representative","Closed","Included:  All employees engaged in the manufacture of wire rope products at the employers facility located at 2199 Pyrite Rd., Casper, WY 82604.

Excluded:  All managers, office clerical employees, guards and supervisors as defined by the Act and all other employees.",NA,NA,NA,39,2000-07-01,2000-07-01,"6-10",TRUE,"RC","Yes","Int'l Association of Bridge, Structural, Ornamental and Reinforcing Ironworkers, Local Union #454",1,"Ironworkers",0.7,"Yes",0
"33-RC-004507",NA,"Amico (Alabama Metal Industries Corporation Inc.)",2000-05-02,2000-06-19,"Bourbonnais","IL","A",2000-06-09,67,0,"Shopmen's Local 473/Ironworkers Int'l Assoc.",8,NA,NA,NA,NA,52,60,"N",0,"N",NA,"Initial","Single Labor Organization","Certification of Results","Closed","All full-time and regular part-time production and maintenance employees and truck drivers employed by the Employer at its Bourbonnais, Illinois facility; but excluding all office clerical employees, professional employees, guards and supervisors as defined in the Act.",NA,NA,NA,38,2000-04-01,2000-04-01,"51-100",TRUE,"RC","Yes","Shopmen's Local 473/Ironworkers Int'l Assoc.",1,"Ironworkers",0.133333333333333,"No",7
"01-RC-021175",NA,"Cote Contractors, Inc.",2000-04-18,2000-06-05,"Willliston","VT","A",2000-05-25,13,0,"Iron Workers Local 474",3,NA,NA,NA,NA,9,12,"N",0,"N",NA,"Initial","Single Labor Organization","Certification of Results","Closed","All full-time and regular part-time employees engaged in the construction Industry seel erection employed  by the Employer in the New England area, But excluding all crane Operators, all shop employees, all
managers, all office clerical employees, all foremen, alll guards, all supervisors as defined in the Act and
all other employees.",NA,NA,NA,37,2000-04-01,2000-04-01,"11-25",TRUE,"RC","Yes","Iron Workers Local 474",1,"Ironworkers",0.25,"No",1
"27-RC-008037",NA,"Brown Minneapolis Tank, A Division of Eidson Steel Products",2000-04-07,2000-05-26,"Orem","UT","A",2000-05-18,17,0,"Ironworkers Local 27-5, Int'l Assoc. of Bridge, Structural & Ornamental Iron Workers, AFL-CIO",7,NA,NA,NA,NA,10,17,"N",0,"N",NA,"Initial","Single Labor Organization","Certification of Results","Closed","Included:   All fulltime and regular parttime production and maintenance employees and working leadmen employed at the Employer's facility located at 520 West 2000 South, Orem, Utah.

Excluded:  All other employees, professional employees, office clerical employees, guards and supervisors as defined in the Act.",NA,NA,NA,41,2000-04-01,2000-04-01,"11-25",TRUE,"RC","Yes","Ironworkers Local 27-5, Int'l Assoc. of Bridge, Structural & Ornamental Iron Workers, AFL-CIO",1,"Ironworkers",0.411764705882353,"No",0
"05-RC-015003",NA,"Hampton Roads Crane & Rigging",2000-04-04,2000-05-25,"Newport News","VA","A",2000-05-25,5,0,"International Assoc. of Bridge, Structural, Ornamental & Reinforcing Iron Workers L.U. #79",2,NA,NA,NA,NA,1,3,"N",0,"N","International Assoc. of Bridge, Structural, Ornamental & Reinforcing Iron Workers L.U. #79","Initial","Revised Single Labor Org","Certific. of Representative","Closed","All iron workers performing work as described under the terms of the collective bargaining agreement dated May 1, 1997 to April 30, 2002, between the Virginia Association of Contractors, Inc. and Iron Workers, Local Union 79, employed by the Employer; but excluding all other employees, operating engineers, office clerical employees, sales employees, guards and supervisors as defined by the Act.",NA,NA,NA,51,2000-04-01,2000-04-01,"<5",TRUE,"RC","Yes","International Assoc. of Bridge, Structural, Ornamental & Reinforcing Iron Workers L.U. #79",1,"Ironworkers",0.666666666666667,"Yes",2
"05-RC-015003",NA,"Hampton Roads Crane & Rigging",2000-04-04,2000-05-25,"Newport News","VA","A",2000-05-17,5,0,"International Assoc. of Bridge, Structural, Ornamental & Reinforcing Iron Workers L.U. #79",2,NA,NA,NA,NA,1,3,"N",2,"Y",NA,"Initial","Single Labor Organization","Certific. of Representative","Closed","All iron workers performing work as described under the terms of the collective bargaining agreement dated May 1, 1997 to April 30, 2002, between the Virginia Association of Contractors, Inc. and Iron Workers, Local Union 79, employed by the Employer; but excluding all other employees, operating engineers, office clerical employees, sales employees, guards and supervisors as defined by the Act.",NA,NA,NA,43,2000-04-01,2000-04-01,"<5",FALSE,"RC","Yes","International Assoc. of Bridge, Structural, Ornamental & Reinforcing Iron Workers L.U. #79",1,"Ironworkers",0.666666666666667,"Yes",2
"30-RC-006178",NA,"Mac Construction Erection Company, Inc.",2000-02-01,2000-03-13,"Fransville","WI","A",2000-03-03,11,0,"Bridge, Structural & Ornamental Iron Workers Local No. 8, AFL-CIO",8,NA,NA,NA,NA,0,8,"N",3,"N","Bridge, Structural & Ornamental Iron Workers Local No. 8, AFL-CIO","Initial","Single Labor Organization","Certific. of Representative","Closed","All ironworkers journeymen and apprentices employed by the Employer from its Mequon, Wisconsin facility; but excluding all office clerical employees, estimators, material expeditors, owners, managers, engineers, guards and supervisors as defined in the Act.",NA,NA,NA,31,2000-01-01,2000-01-01,"11-25",TRUE,"RC","Yes","Bridge, Structural & Ornamental Iron Workers Local No. 8, AFL-CIO",1,"Ironworkers",1,"Yes",3
"12-RC-008392",NA,"Medallion Contractors, Inc.",1999-08-23,2000-02-11,"Noth Miami","FL","A",1999-09-29,14,0,"Ironworkers, Local Union No. 272 affiliated with International Association of Bridge, Structural, Ornamental and Reinforcing Ironworkers",10,NA,NA,NA,NA,2,12,"N",0,"N","Ironworkers, Local Union No. 272 affiliated with International Association of Bridge, Structural, Ornamental and Reinforcing Ironworkers","Initial","Single Labor Organization","Certific. of Representative","Closed","Incl:  All full-time and regular part-time ironworkers and helpers employed by the Employer at its facility at 4344 Mango Blvd., West Palm Beach, FL  33411 who perform work in Dade and Broward Counties.

Excl:  All other employees, office clericals, guards and supervisors as defined in the Act.",NA,NA,NA,37,1999-07-01,1999-07-01,"11-25",TRUE,"RC","Yes","Ironworkers, Local Union No. 272 affiliated with International Association of Bridge, Structural, Ornamental and Reinforcing Ironworkers",1,"Ironworkers",0.833333333333333,"Yes",2
"09-RC-017257",NA,"K M J  CONSTRUCTION L.L.C.",1999-05-28,1999-08-05,"Lebanon","OH","A",1999-06-24,7,0,"Iron Workers Local Union 290",1,NA,NA,NA,NA,4,5,"N",2,"N",NA,"Initial","Single Labor Organization","Certification of Results","Closed",NA,NA,NA,NA,27,1999-04-01,1999-04-01,"6-10",TRUE,"RC","Yes","Iron Workers Local Union 290",1,"Ironworkers",0.2,"No",2
"02-RD-001398",NA,"Brakewell Steel Fabrications, Inc.",1997-08-20,1999-01-21,"Chester","NY","A",1999-01-13,31,0,"Iron Workers Local Union No. 455, AFL-CIO",11,NA,NA,NA,NA,19,30,"N",0,"N",NA,"Initial","Single Labor Organization","Certification of Results","Closed",NA,NA,NA,NA,511,1999-01-01,1997-07-01,"26-50",TRUE,"RD","Yes","Iron Workers Local Union No. 455, AFL-CIO",1,"Ironworkers",0.366666666666667,"No",1
