"Case","Region","Case_Name","Date_Filed","Date_Closed","City","State","Unit ID","Tally_Date","Num_Eligible_Voters","Void Ballots","Labor_Union","Votes_For_Union","Labor Union2","Votes for Labor Union2","Labor Union3","Votes for Labor Union3","Votes_Against","Total_Ballots_Counted","Runoff Required","Challenged Ballots","Challenges are Determinative","Union to Certify","Tally_Type","Ballot_Type","Reason_Closed","Status","Voting Unit (Unit A)","Voting Unit (Unit B)","Voting Unit (Unit C)","Voting Unit (Unit D)","Length","Tally_Quarter","Filed_Quarter","size","Unique","Case_Type","Election_Data","Plot_Labor_Union","National_Count","National","Margin","Union_Cer","Didnt_Vote"
"15-RC-391499","Region 15, New Orleans, Louisiana","Starbucks Corporation",2026-07-27,NA,"Conway","AR",NA,NA,16,NA,"Workers United",NA,NA,NA,NA,NA,NA,NA,NA,NA,NA,NA,NA,NA,NA,"Open",NA,NA,NA,NA,NA,NA,2026-07-01,"11-25",TRUE,"RC","No","Workers United",1,"WU",NA,"Still Open",NA
"15-RC-390139","Region 15, New Orleans, Louisiana","Lockheed Martin Corporation",2026-07-07,2026-08-05,"Fort Smith","AR",NA,NA,85,NA,NA,NA,NA,NA,NA,NA,NA,NA,NA,NA,NA,NA,NA,NA,"Withdrawal Adjusted","Closed",NA,NA,NA,NA,NA,NA,2026-07-01,"51-100",TRUE,"RC","No",NA,0,"Uncoded",NA,"Other",NA
"15-RC-388654","Region 15, New Orleans, Louisiana","Starbucks Corporation",2026-06-11,2026-07-24,"Little Rock","AR",NA,NA,19,NA,NA,NA,NA,NA,NA,NA,NA,NA,NA,NA,NA,NA,NA,NA,"Certification of Results","Closed",NA,NA,NA,NA,NA,NA,2026-04-01,"11-25",TRUE,"RC","No",NA,0,"Uncoded",NA,"No",NA
"15-RC-388656","Region 15, New Orleans, Louisiana","Starbucks Corporation",2026-06-10,2026-07-29,"Little Rock","AR","A",2026-07-21,12,NA,"Workers United",0,NA,NA,NA,NA,10,10,NA,NA,NA,NA,"Initial","Single Labor Organization","Certification of Results","Closed","Included: All full-time and regular part-time Baristas and Shift Supervisors employed by
the Employer at its facility location at 3915 S. University Ave., Little Rock, Arkansas 72204.

Excluded: All store managers, assistant store managers, office clericals, guards,
professional employees, supervisors as defined by the Act, and all other employees.",NA,NA,NA,41,2026-07-01,2026-04-01,"11-25",TRUE,"RC","Yes","Workers United",1,"WU",0,"No",2
"15-RM-386557","Region 15, New Orleans, Louisiana","Tyson Chicken Incorporated",2026-05-07,2026-06-11,"Hope","AR",NA,NA,19,NA,NA,NA,NA,NA,NA,NA,NA,NA,NA,NA,NA,NA,NA,NA,"Certification of Results","Closed",NA,NA,NA,NA,NA,NA,2026-04-01,"11-25",TRUE,"RM","No",NA,0,"Uncoded",NA,"No",NA
"15-RC-386277","Region 15, New Orleans, Louisiana","Tyson Chicken Incorporated",2026-05-04,2026-06-11,"Fulton","AR",NA,NA,37,NA,NA,NA,NA,NA,NA,NA,NA,NA,NA,NA,NA,NA,NA,NA,"Certification of Results","Closed",NA,NA,NA,NA,NA,NA,2026-04-01,"26-50",TRUE,"RC","No",NA,0,"Uncoded",NA,"No",NA
"15-RC-380463","Region 15, New Orleans, Louisiana","American Air Conditioning & Mechanical",2026-02-04,2026-03-03,"Springdale","AR",NA,NA,17,NA,NA,NA,NA,NA,NA,NA,NA,NA,NA,NA,NA,NA,NA,NA,"Certification of Results","Closed",NA,NA,NA,NA,NA,NA,2026-01-01,"11-25",TRUE,"RC","No",NA,0,"Uncoded",NA,"No",NA
"15-RC-377874","Region 15, New Orleans, Louisiana","Starbucks Corporation",2025-12-23,2026-02-20,"Blytheville","AR","A",2026-02-11,12,NA,"Workers United",7,NA,NA,NA,NA,5,12,NA,NA,NA,"Workers United","Initial","Single Labor Organization","Certific. of Representative","Closed","Included: All full-time and regular part-time Baristas and Shift Supervisors employed by the Employer at its facility located at 3810 East Main Street, Blytheville, Arkansas 72315.

Excluded: All store managers, assistant store managers, office clericals, guards, professional employees and supervisors as defined by the Act, and all other employees.",NA,NA,NA,50,2026-01-01,2025-10-01,"11-25",TRUE,"RC","Yes","Workers United",1,"WU",0.583333333333333,"Yes",0
"15-RC-375242","Region 15, New Orleans, Louisiana","Starbucks Corporation",2025-11-20,2026-01-14,"Little Rock","AR","A",2026-01-06,20,NA,"Workers United a/w Service Employees International Union",15,NA,NA,NA,NA,5,20,NA,NA,NA,"Workers United a/w Service Employees International Union","Initial","Single Labor Organization","Certific. of Representative","Closed","Included: All full-time & regular part-time Baristas and Shift Supervisors employed by the Employer at its facility located at 2815 Cantrell Road, Little Rock, Arkansas, 72202.

Excluded: All Store Managers, Assistant Store Managers, Office Clerical Employees, Professional Employees, Managerial Employees, Guards, and Supervisors as defined in the National Labor Relations Act, and all other employees.",NA,NA,NA,47,2026-01-01,2025-10-01,"11-25",TRUE,"RC","Yes","Workers United a/w Service Employees International Union",1,"WU",0.75,"Yes",0
"15-RM-374563","Region 15, New Orleans, Louisiana","Mygrant Glass Company, Inc.",2025-11-17,2025-12-22,"Little Rock","AR","A",2025-12-12,19,NA,"B062 UNITED",1,NA,NA,NA,NA,7,8,NA,NA,NA,NA,"Initial","Single Labor Organization","Certification of Results","Closed","Included: All regular full-time and regular part-time glass handling specialists, driver/warehouse associates, warehouse associates, non-CDL drivers, and warehouse lead who work in the warehouse located at 5800 Lindsey Road, Little Rock, AR 72206. 

Excluded: All other employees, office clericals, guards, and supervisors as defined by the Act.",NA,NA,NA,25,2025-10-01,2025-10-01,"11-25",TRUE,"RM","Yes","B062 UNITED",0,"Uncoded",0.125,"No",11
"15-RC-361432","Region 15, New Orleans, Louisiana","Newbold Services, LLC",2025-03-07,2025-05-09,"London","AR","A",2025-05-01,14,1,"Laborers International Union of North America Local 360",8,NA,NA,NA,NA,0,8,NA,NA,NA,"Laborers International Union of North America Local 360","Initial","Single Labor Organization","Certific. of Representative","Closed","Included:  All housekeepers performing work at the Arkansas Nuclear One facility located at 1448 SR 333, London, Arkansas

Excluded:  Supervisors and guards as defined by the Act.",NA,NA,NA,55,2025-04-01,2025-01-01,"11-25",TRUE,"RC","Yes","Laborers International Union of North America Local 360",1,"LIUNA",1,"Yes",6
"15-RM-361103","Region 15, New Orleans, Louisiana","Bimbo Bakeries, USA, Inc.",2025-02-28,2025-03-06,"North Little Rock","AR",NA,NA,1,NA,NA,NA,NA,NA,NA,NA,NA,NA,NA,NA,NA,NA,NA,NA,"Withdrawal Non-adjusted","Closed",NA,NA,NA,NA,NA,NA,2025-01-01,"<5",TRUE,"RM","No",NA,0,"Uncoded",NA,"Other",NA
"15-RC-358913","Region 15, New Orleans, Louisiana","Johnson Controls Fire Protection, LP",2025-01-24,2025-03-10,"North Little Rock","AR","A",2025-02-28,27,NA,"Road Sprinkler Fitters Local Union No. 669",2,NA,NA,NA,NA,22,24,NA,NA,NA,NA,"Initial","Single Labor Organization","Certification of Results","Closed","Included: All full-time and regular part time fire alarm and sprinkler installers, technicians, inspectors, and suppression employees employed by the Employer at its 9700 Maumelle Blvd., North Little Rock, Arkansas facility. 

Excluded: All other employees, office clerical employees, professional employees, managerial employees, guards, and supervisors as defined in the Act.",NA,NA,NA,35,2025-01-01,2025-01-01,"26-50",TRUE,"RC","Yes","Road Sprinkler Fitters Local Union No. 669",1,"UA",0.0833333333333333,"No",3
"15-RC-358117","Region 15, New Orleans, Louisiana","Lakeshore Recycling Systems LLC",2025-01-10,2025-02-13,"Mayflower","AR","A",2025-02-05,5,NA,"International Brotherhood of Teamsters Local Union 373",3,NA,NA,NA,NA,1,4,NA,NA,NA,"International Brotherhood of Teamsters Local Union 373","Initial","Single Labor Organization","Certific. of Representative","Closed","Included:  All Full-time Heavy Equipment Operators.

Excluded:  All management employees, professional employees, guards, and supervisors, as defined in the Act.",NA,NA,NA,26,2025-01-01,2025-01-01,"<5",TRUE,"RC","Yes","International Brotherhood of Teamsters Local Union 373",1,"Teamsters",0.75,"Yes",1
"15-RC-354556","Region 15, New Orleans, Louisiana","Starbucks Corporation",2024-11-12,2024-12-05,"Benton","AR","A",2024-11-26,18,NA,"Workers United",11,NA,NA,NA,NA,5,16,NA,NA,NA,"Workers United","Initial","Single Labor Organization","Certific. of Representative","Closed","Included: All full-time and regular part-time Baristas and Shift Supervisors employed by
the Employer at its facility located at 20701 I-30, Benton, AR 72022.
Excluded: All Store Managers, Assistant Store Managers, Office Clerical Employees,
Professional Employees, Managerial Employees, Guards, and Supervisors as defined in
the National Labor Relations Act, and all other employees.",NA,NA,NA,14,2024-10-01,2024-10-01,"11-25",TRUE,"RC","Yes","Workers United",1,"WU",0.6875,"Yes",2
"15-RC-347074","Region 15, New Orleans, Louisiana","Starbucks Corporation",2024-07-26,2024-08-20,"Little Rock","AR","A",2024-08-12,17,NA,"Workers United",8,NA,NA,NA,NA,4,12,NA,NA,NA,"Workers United","Initial","Single Labor Organization","Certific. of Representative","Closed","Included: All full-time and regular part-time Baristas and Shift Supervisors employed by the Employer at its facility located at 8001 Geyer Springs Rd, Little Rock, AR 72209.

Excluded: All store Managers, Assistant Store Managers, Office Clerical     Employees, Professional Employees, Managerial Employees, Guards, and Supervisors as defined in the National Labor Relations Act, and all other employees.",NA,NA,NA,17,2024-07-01,2024-07-01,"11-25",TRUE,"RC","Yes","Workers United",1,"WU",0.666666666666667,"Yes",5
"15-RC-341287","Region 15, New Orleans, Louisiana","Starbucks Corporation",2024-05-01,2024-05-24,"North Little Rock","AR","A",2024-05-16,13,NA,"Workers United",10,NA,NA,NA,NA,0,10,NA,NA,NA,"Workers United","Initial","Single Labor Organization","Certific. of Representative","Closed","Included: All full-time and regular part-time Baristas and Shift Supervisors employed by the Employer at its facility located at 4824 John F. Kennedy Blvd, North Little Rock, Arkansas 72116.
Excluded: All Store Managers, Assistant Store Managers, Office Clerical Employees, Professional Employees, Managerial Employees, Guards, and Supervisors, as defined in the National Labor Relations Act, and all other employees.",NA,NA,NA,15,2024-04-01,2024-04-01,"11-25",TRUE,"RC","Yes","Workers United",1,"WU",1,"Yes",3
"15-RC-340370","Region 15, New Orleans, Louisiana","Polyethylene Containers, Inc.",2024-04-19,2024-06-03,"El Dorado","AR","A",2024-05-24,85,4,"Plastic Workers Union, Local 18",26,NA,NA,NA,NA,47,73,NA,8,NA,NA,"Initial","Single Labor Organization","Certification of Results","Closed","Included: All regular full-time and part-time employees in the job classifications of Machine Tender, Quality Auditor, Forklift Cooper, Shipping and Receiving Forklift, Process Technician, Shift Lead Legacy, Quality Tech, Legacy Assistant, Blow Mold, Cooper Assistant, Maintenance Tech B, Maintenance Tech C, Legacy Lead Shipping and Receiving Specialist, Print Machine Lead, Lead Grinder Material Operator, Print Machine Assistant, Intern, Maintenance Molds Tech, and Day Spouter Tech.

Excluded: All managers, confidential employees, office clerical employees, guards, and supervisors as defined by the Act.",NA,NA,NA,35,2024-04-01,2024-04-01,"51-100",TRUE,"RC","Yes","Plastic Workers Union, Local 18",0,"Uncoded",0.356164383561644,"No",12
"15-RM-337164","Region 15, New Orleans, Louisiana","Starbucks Corporation",2024-03-05,2024-04-05,"Little Rock","AR",NA,NA,15,NA,NA,NA,NA,NA,NA,NA,NA,NA,NA,NA,NA,NA,NA,NA,"Dismissal Non-adjusted","Closed",NA,NA,NA,NA,NA,NA,2024-01-01,"11-25",TRUE,"RM","No",NA,0,"Uncoded",NA,"Other",NA
"15-RC-337175","Region 15, New Orleans, Louisiana","APAC Central, INC d/b/a Arkhola",2024-03-05,2024-03-15,"Harrison","AR",NA,NA,6,NA,NA,NA,NA,NA,NA,NA,NA,NA,NA,NA,NA,NA,NA,NA,"Withdrawal Adjusted","Closed",NA,NA,NA,NA,NA,NA,2024-01-01,"6-10",TRUE,"RC","No",NA,0,"Uncoded",NA,"Other",NA
"15-RM-337117","Region 15, New Orleans, Louisiana","APAC Central, INC d/b/a Arkhola",2024-03-04,2024-03-15,"Harrison","AR",NA,NA,9,NA,NA,NA,NA,NA,NA,NA,NA,NA,NA,NA,NA,NA,NA,NA,"Withdrawal Adjusted","Closed",NA,NA,NA,NA,NA,NA,2024-01-01,"6-10",TRUE,"RM","No",NA,0,"Uncoded",NA,"Other",NA
"15-RC-336138","Region 15, New Orleans, Louisiana","Starbucks Corporation",2024-02-20,2024-04-03,"Little Rock","AR","A",2024-03-26,14,NA,"Workers United",12,NA,NA,NA,NA,2,14,NA,NA,NA,"Workers United","Initial","Single Labor Organization","Certific. of Representative","Closed","Included: All full-time and regular part-time Baristas and Shift Supervisors employed by the Employer at its facility located at 11121 N Rodney Parham Rd, Little Rock, Arkansas 72212.

Excluded: All Assistant Store Managers, Store Managers, Office Clerical Employees, Professional Employees, Managerial Employees, Guards, and Supervisors, as defined in the National Labor Relations Act.",NA,NA,NA,35,2024-01-01,2024-01-01,"11-25",TRUE,"RC","Yes","Workers United",1,"WU",0.857142857142857,"Yes",0
"15-RM-330787","Region 15, New Orleans, Louisiana","Evonik Corp. - Porocel Industries, LLC",2023-11-28,2024-01-16,"Little Rock","AR","A",2024-01-08,55,NA,"United Steel, Paper and Forestry, Rubber, Manufacturing, Energy, Allied Industrial and Service Workers International Union, AFL-CIO, CLC",14,NA,NA,NA,NA,33,0,NA,NA,NA,"Evonik Corp. - Porocel Industries, LLC","Initial","Single Labor Organization","Certification of Results","Closed",NA,NA,NA,NA,41,2024-01-01,2023-10-01,"51-100",TRUE,"RM","Yes","United Steel, Paper and Forestry, Rubber, Manufacturing, Energy, Allied Industrial and Service Workers International Union, AFL-CIO, CLC",1,"USW",NA,"No",8
"15-RC-330357","Region 15, New Orleans, Louisiana","Evonik Corp.-Porocel Industries, LLC",2023-11-20,2024-01-16,"Little Rock","AR","A",2024-01-08,55,NA,"United Steel, Paper & Forestry, Rubber, Manufacturing, Energy, Allied Industrial & Service Workers International Union, AFL-CIO, CLC",14,NA,NA,NA,NA,33,47,NA,NA,NA,NA,"Initial","Single Labor Organization","Certification of Results","Closed","Included: All Production and Maintenance Employees specifically including operators, mechanics, production support and E/I technicians, employed by the Employer at its 10300 Arch Street Pike, Little Rock, Arkansas. 

Excluded: All other employees including office clericals, professionals, guards and supervisors as defined in the Act.",NA,NA,NA,49,2024-01-01,2023-10-01,"51-100",TRUE,"RC","Yes","United Steel, Paper & Forestry, Rubber, Manufacturing, Energy, Allied Industrial & Service Workers International Union, AFL-CIO, CLC",1,"USW",0.297872340425532,"No",8
"15-RD-327977","Region 15, New Orleans, Louisiana","Valero  Services, Inc.",2023-10-16,2023-10-23,"West Memphis","AR",NA,NA,7,NA,NA,NA,NA,NA,NA,NA,NA,NA,NA,NA,NA,NA,NA,NA,"Withdrawal Non-adjusted","Closed",NA,NA,NA,NA,NA,NA,2023-10-01,"6-10",TRUE,"RD","No",NA,0,"Uncoded",NA,"Other",NA
"15-RD-326639","Region 15, New Orleans, Louisiana","The Springs of Avalon",2023-09-26,2024-02-05,"West Memphis","AR",NA,NA,54,NA,NA,NA,NA,NA,NA,NA,NA,NA,NA,NA,NA,NA,NA,NA,"Withdrawal Non-adjusted","Closed",NA,NA,NA,NA,NA,NA,2023-07-01,"51-100",TRUE,"RD","No",NA,0,"Uncoded",NA,"Other",NA
"15-RD-322800","Region 15, New Orleans, Louisiana","American Fuel Cells and Coated Fabrics Company",2023-07-31,2023-09-15,"Magnolia","AR","A",2023-09-07,211,NA,"United Steel, Paper and Forestry, Rubber, Manufacturing, Energy, Allied Industrial and Service Workers, International Union AFL-CIO",108,NA,NA,NA,NA,79,192,NA,5,NA,"United Steel, Paper and Forestry, Rubber, Manufacturing, Energy, Allied Industrial and Service Workers, International Union AFL-CIO","Initial","Single Labor Organization","Certific. of Representative","Closed","Included:  All production, maintenance and truck driving employees at the facility located in Magnolia, Arkansas. 
Excluded:  Office clerical employees, professional and technical employees, security guards, and supervisory personnel, as defined in the Act.",NA,NA,NA,38,2023-07-01,2023-07-01,"101-500",TRUE,"RD","Yes","United Steel, Paper and Forestry, Rubber, Manufacturing, Energy, Allied Industrial and Service Workers, International Union AFL-CIO",1,"USW",0.577540106951872,"Yes",24
"15-RC-319651","Region 15, New Orleans, Louisiana","USA Truck, Inc.",2023-06-09,2023-07-31,"West Memphis","AR","A",2023-07-21,18,NA,"Teamsters Local 667",14,NA,NA,NA,NA,3,17,NA,NA,NA,"Teamsters Local 667","Initial","Single Labor Organization","Certific. of Representative","Closed","Included: All USA Truck, Inc. full-time and regular part-time Commercial Vehicle Operators assigned to or domiciled at the AWG Mid-South Division.

Excluded: All Office Clerical Employees, Professional Employees, Managerial Employees, Guards, and Supervisors, as defined in the National Labor Relations Act.",NA,NA,NA,42,2023-07-01,2023-04-01,"11-25",TRUE,"RC","Yes","Teamsters Local 667",1,"Teamsters",0.823529411764706,"Yes",1
"15-RC-318673","Region 15, New Orleans, Louisiana","USA Trucking",2023-05-24,2023-06-09,"West Memphis","AR",NA,NA,17,NA,NA,NA,NA,NA,NA,NA,NA,NA,NA,NA,NA,NA,NA,NA,"Withdrawal Non-adjusted","Closed",NA,NA,NA,NA,NA,NA,2023-04-01,"11-25",TRUE,"RC","No",NA,0,"Uncoded",NA,"Other",NA
"15-RC-317182","Region 15, New Orleans, Louisiana","Comcast",2023-05-02,2023-05-23,"Little Rock","AR",NA,NA,25,NA,NA,NA,NA,NA,NA,NA,NA,NA,NA,NA,NA,NA,NA,NA,"Withdrawal Non-adjusted","Closed",NA,NA,NA,NA,NA,NA,2023-04-01,"11-25",TRUE,"RC","No",NA,0,"Uncoded",NA,"Other",NA
"15-RC-313284","Region 15, New Orleans, Louisiana","Comcast",2023-03-03,2023-03-10,"Little Rock","AR",NA,NA,38,NA,NA,NA,NA,NA,NA,NA,NA,NA,NA,NA,NA,NA,NA,NA,"Withdrawal Non-adjusted","Closed",NA,NA,NA,NA,NA,NA,2023-01-01,"26-50",TRUE,"RC","No",NA,0,"Uncoded",NA,"Other",NA
"15-RC-308256","Region 15, New Orleans, Louisiana","Starbucks Corporation",2022-12-05,2023-01-20,"Fayetteville","AR","A",2023-01-12,25,NA,"Chicago and Midwest Regional Joint Board, Workers United/Service Employees International Union",18,NA,NA,NA,NA,1,19,NA,NA,NA,"Chicago and Midwest Regional Joint Board, Workers United/Service Employees International Union","Initial","Single Labor Organization","Certific. of Representative","Closed","Included: All full and regular part-time Baristas and Shift Supervisors employed by the Employer at is 2117 M.L.K., Blvd., Fayetteville, Arkansas 72701

Excluded: All Assistant Store Managers, Store Managers, Office Clerical Employees, Professional Employees, Managerial Employees, Guards, and Supervisors, as defined in the National Labor Relations Act.",NA,NA,NA,38,2023-01-01,2022-10-01,"11-25",TRUE,"RC","Yes","Chicago and Midwest Regional Joint Board, Workers United/Service Employees International Union",1,"WU",0.947368421052632,"Yes",6
"15-RC-305938","Region 15, New Orleans, Louisiana","Theatre Squared, Inc.",2022-10-26,2022-12-15,"Fayetteville","AR","A",2022-12-06,14,1,"International Alliance of Theatrical Stage Employee, Moving Picture Technicians, Artist and Allied Crafts of the United States and Canada, AFL-CIO, CLC",9,NA,NA,NA,NA,1,12,NA,1,NA,"International Alliance of Theatrical Stage Employee, Moving Picture Technicians, Artist and Allied Crafts of the United States and Canada, AFL-CIO, CLC","Initial","Single Labor Organization","Certific. of Representative","Closed","Included: All full-time, part-time and overhire employees of the Employer performing the following work: deck-crew, carpenters, electricians, audio engineers, costume construction, props technicians and wardrobe crew.

Excluded: All stage managers, educational apprentices, office clerical employees, professional employees, managerial employees, guards, and supervisors, as defined in the National Labor Relations Act.",NA,NA,NA,41,2022-10-01,2022-10-01,"11-25",TRUE,"RC","Yes","International Alliance of Theatrical Stage Employee, Moving Picture Technicians, Artist and Allied Crafts of the United States and Canada, AFL-CIO, CLC",0,"Uncoded",0.9,"Yes",4
"15-RC-304743","Region 15, New Orleans, Louisiana","Starbucks Corporation",2022-10-06,2022-11-22,"Fayetteville","AR","A",2022-11-14,23,NA,"Chicago and Midwest Regional Joint Board, Workers United / SEIU",11,NA,NA,NA,NA,9,20,NA,NA,NA,"Chicago and Midwest Regional Joint Board, Workers United / SEIU","Initial","Single Labor Organization","Certific. of Representative","Closed","Included: All full and regular part-time Baristas and Shift Supervisors employed by the Employer at is 3500 Black Forest Drive, #1, Fayetteville, Arkansas.

Excluded: All Assistant Store Managers, Store Managers, Office Clerical Employees, Professional Employees, Managerial Employees, Guards, and Supervisors, as defined in the National Labor Relations Act.",NA,NA,NA,39,2022-10-01,2022-10-01,"11-25",TRUE,"RC","Yes","Chicago and Midwest Regional Joint Board, Workers United / SEIU",1,"WU",0.55,"Yes",3
"15-RC-303211","Region 15, New Orleans, Louisiana","CAE USA, INC.",2022-09-12,2022-11-01,"Little Rock Air Force Base","AR","A",2022-10-21,5,NA,"International Association of Machinists and Aerospace Workers a/w AFL-CIO",5,NA,NA,NA,NA,0,5,NA,NA,NA,"International Association of Machinists and Aerospace Workers a/w AFL-CIO","Initial","Single Labor Organization","Certific. of Representative","Closed","Included: All full-time and regular part-time hourly employees including schedulers and cyber security working for CAE USA, Inc. located at Little Rock AFB, Arkansas.

Excluded: Office clerical employees, professional employees, site manager, managerial employees, guards and supervisors as defined by the Act.",NA,NA,NA,39,2022-10-01,2022-07-01,"<5",TRUE,"RC","Yes","International Association of Machinists and Aerospace Workers a/w AFL-CIO",1,"IAM",1,"Yes",0
"15-RC-301341","Region 15, New Orleans, Louisiana","Mike Gowen Mechanical, Inc.",2022-08-15,2022-11-02,"North Little Rock","AR","A",2022-10-25,15,NA,"Plumbers, Steamfitters & Pipefitters Local 155",3,NA,NA,NA,NA,9,12,NA,1,NA,"Plumbers, Steamfitters & Pipefitters Local 155","Initial","Single Labor Organization","Certification of Results","Closed","Included: All full-time and regular part-time plumbers, welders, and pipefitters, as well as their apprentices and their helpers/laborers employed by the Employer out of its Little Rock, Arkansas facility.

Excluded: All other employees, office clerical employees, professional employees, guards, and supervisors as defined by the National Labor Relations Act.",NA,NA,NA,71,2022-10-01,2022-07-01,"11-25",TRUE,"RC","Yes","Plumbers, Steamfitters & Pipefitters Local 155",1,"UA",0.25,"No",3
"15-RC-296676","Region 15, New Orleans, Louisiana","RESOLUTE EL DORADO, INC.",2022-05-31,2022-09-07,"El Dorado","AR","A",2022-08-30,128,10,"International Association of Machinists and Aerospace Workers, AFL-CIO",15,NA,NA,NA,NA,52,73,NA,6,NA,NA,"Initial","Single Labor Organization","Certification of Results","Closed","Included: All full-time and regular part-time hourly employees working at the Employer’s facility, including: Store room clerks, utility/laborers, primary breakdowns, front-end loaders, Trimmer operators, strappers, resaw operators, saw filers, forklift operators, kiln operators, millwrights, master maintenance techs, IT/PLC technicians, Lube techs, bucksaw operators, sorter operators, forklift shipping operators, relief operators sawmill, electricians, planer setup operators, merchandisers, planer feeders, utility, relief operator planers, floor walkers, quality control, tilt hoist operators, stacker operators, chip system tenders, scale tenders, procurement foresters, shipping clerks, circle saw filers, and edger operators; maintenance clerk; 

Excluded: sales personnel, office clerical employees, professional employees, guards, and supervisors as defined by the Act.",NA,NA,NA,91,2022-07-01,2022-04-01,"101-500",TRUE,"RC","Yes","International Association of Machinists and Aerospace Workers, AFL-CIO",1,"IAM",0.223880597014925,"No",61
"15-UC-292713","Region 15, New Orleans, Louisiana","Arkansas Education Association",2022-03-22,2022-04-01,"Little Rock","AR",NA,NA,12,NA,NA,NA,NA,NA,NA,NA,NA,NA,NA,NA,NA,NA,NA,NA,"Withdrawal Non-adjusted","Closed",NA,NA,NA,NA,NA,NA,2022-01-01,"11-25",TRUE,"UC","No",NA,0,"Uncoded",NA,"Other",NA
"15-RD-290782","Region 15, New Orleans, Louisiana","American Fuel Cells and Coated Fabrics Company",2022-02-17,2022-09-30,"Magnolia","AR",NA,NA,215,NA,NA,NA,NA,NA,NA,NA,NA,NA,NA,NA,NA,NA,NA,NA,"Dismissal Adjusted","Closed",NA,NA,NA,NA,NA,NA,2022-01-01,"101-500",TRUE,"RD","No",NA,0,"Uncoded",NA,"Other",NA
"15-RD-287448","Region 15, New Orleans, Louisiana","Evonik Corp.-Porocel Industries, LLC",2021-12-08,2022-03-10,"Little Rock","AR","A",2022-03-03,52,3,"International Brotherhood of Teamsters Local 878",5,NA,NA,NA,NA,26,31,NA,2,NA,NA,"Initial","Single Labor Organization","Certification of Results","Closed","Included: All regular full and part-time production, maintenance, warehouse, laboratory, and
production support employees, machine operators, lab technicians, quality control employees,
janitors, laborers, shipping and receiving, rail car, and transportation employees, employed at
10300 Arch Street Pike, Little Rock, Arkansas.
Excluded: All other employees including office clerical and professional employees, guards,
supervisors and managers, as defined in the Act.",NA,NA,NA,85,2022-01-01,2021-10-01,"51-100",TRUE,"RD","Yes","International Brotherhood of Teamsters Local 878",1,"Teamsters",0.161290322580645,"No",21
"15-RC-284972","Region 15, New Orleans, Louisiana","Solution One Industries, Inc.",2021-10-22,2022-01-05,"Fort Smith","AR","A",2021-12-28,5,NA,"International Brotherhood of Teamsters Local Union 373",3,NA,NA,NA,NA,0,3,NA,NA,NA,"International Brotherhood of Teamsters Local Union 373","Initial","Single Labor Organization","Certific. of Representative","Closed","Included: All avionics technicians employed by the Employer at 4850 Leigh Avenue, Fort Smith, Arkansas.
Excluded: All other employees, including office clerical employees, professional employees, managerial employees, and supervisors as defined in the Act.",NA,NA,NA,67,2021-10-01,2021-10-01,"<5",TRUE,"RC","Yes","International Brotherhood of Teamsters Local Union 373",1,"Teamsters",1,"Yes",2
"15-RC-283320","Region 15, New Orleans, Louisiana","VISKASE Companies, Inc.",2021-09-21,2022-01-05,"Osceola","AR","A",2021-12-28,7,NA,"International Association of Machinist and Aerospace Workers, AFL-CIO",3,NA,NA,NA,NA,4,7,NA,NA,NA,NA,"Initial","Single Labor Organization","Certification of Results","Closed","Included: All full-time and regular part-time quality control/lab tech employees employed by the Employer at 2221 E. State Highway 198, Osceola, Arkansas.

Excluded: All other employees, including all production and maintenance employees, office clerical employees, contract employees, professional employees, supervisors, and guards as defined by the Act.",NA,NA,NA,98,2021-10-01,2021-07-01,"6-10",TRUE,"RC","Yes","International Association of Machinist and Aerospace Workers, AFL-CIO",0,"Uncoded",0.428571428571429,"No",0
"15-RC-281801","Region 15, New Orleans, Louisiana","Viskase Companies, Inc.",2021-08-23,2022-01-05,"Parkin","AR","A",2021-12-28,157,2,"International Association of Machinists and Aerospace Workers, AFL-CIO (IAM)",31,NA,NA,NA,NA,71,102,NA,1,NA,NA,"Initial","Single Labor Organization","Certification of Results","Closed","Included: All full-time and regular part-time production and maintenance employees, including shipping and receiving employees and engineer tech IV and electrician employees employed by the Employer at 2221 E. State Highway 198, Osceola, Arkansas.

Excluded: All other employees, including all lab or quality control, office clerical employees, contract employees, professional employees, supervisors, and guards as defined by the Act.",NA,NA,NA,127,2021-10-01,2021-07-01,"101-500",TRUE,"RC","Yes","International Association of Machinists and Aerospace Workers, AFL-CIO (IAM)",1,"IAM",0.303921568627451,"No",55
"15-RC-266133","Region 15, New Orleans, Louisiana","Roseburg Forest Products",2020-09-16,2020-11-03,"El Dorado","AR",NA,NA,65,NA,NA,NA,NA,NA,NA,NA,NA,NA,NA,NA,NA,NA,NA,NA,"Withdrawal Adjusted","Closed",NA,NA,NA,NA,NA,NA,2020-07-01,"51-100",TRUE,"RC","No",NA,0,"Uncoded",NA,"Other",NA
"15-RC-264439","Region 15, New Orleans, Louisiana","Roseburg Forest Products",2020-08-11,2020-09-01,"El Dorado","AR",NA,NA,65,NA,NA,NA,NA,NA,NA,NA,NA,NA,NA,NA,NA,NA,NA,NA,"Withdrawal Non-adjusted","Closed",NA,NA,NA,NA,NA,NA,2020-07-01,"51-100",TRUE,"RC","No",NA,0,"Uncoded",NA,"Other",NA
"15-RC-260049","Region 15, New Orleans, Louisiana","Lucie's Place",2020-05-07,2020-05-13,"Little Rock","AR",NA,NA,4,NA,NA,NA,NA,NA,NA,NA,NA,NA,NA,NA,NA,NA,NA,NA,"Withdrawal Non-adjusted","Closed",NA,NA,NA,NA,NA,NA,2020-04-01,"<5",TRUE,"RC","No",NA,0,"Uncoded",NA,"Other",NA
"15-RC-257449","Region 15, New Orleans, Louisiana","POTLATCH/DELTIC",2020-03-04,2020-08-13,"Waldo","AR","A",2020-08-05,149,11,"International Association of Machinists and Aerospace Workers, AFL-CIO",35,NA,NA,NA,NA,80,115,NA,8,NA,NA,"Initial","Single Labor Organization","Certification of Results","Closed","Included:  All hourly full-time and regular part-time production and maintenance employees employed by the Employer at its Waldo, Arkansas, facility. 

Excluded:  All office clerical and professional employees, managerial employees, guards and supervisors as defined by the Act.",NA,NA,NA,154,2020-07-01,2020-01-01,"101-500",TRUE,"RC","Yes","International Association of Machinists and Aerospace Workers, AFL-CIO",1,"IAM",0.304347826086957,"No",34
"15-RD-257239","Region 15, New Orleans, Louisiana","American Fuel Cell and Coated Fabrics Company d/b/a Amfuel",2020-03-02,2020-09-10,"Magnolia","AR",NA,NA,273,NA,NA,NA,NA,NA,NA,NA,NA,NA,NA,NA,NA,NA,NA,NA,"Dismissal Non-adjusted","Closed",NA,NA,NA,NA,NA,NA,2020-01-01,"101-500",TRUE,"RD","No",NA,0,"Uncoded",NA,"Other",NA
"15-RM-256506","Region 15, New Orleans, Louisiana","Atchley Mechanical, Inc.",2020-02-18,2020-03-20,"Fort Smith","AR","A",2020-03-12,10,NA,"UA Local 155",2,NA,NA,NA,NA,8,10,NA,NA,NA,NA,"Initial","Single Labor Organization","Certification of Results","Closed","Included: All full-time and regular part-time Service Journeyman and Apprentices of Atchley Mechanical Inc. at its Fort Smith and Farmington, Arkansas facilities.

Excluded: All salesman, and supervisors as defined in the National Labor Relations Act.",NA,NA,NA,23,2020-01-01,2020-01-01,"6-10",TRUE,"RM","Yes","UA Local 155",1,"UA",0.2,"No",0
"15-RC-254346","Region 15, New Orleans, Louisiana","St. Anthony's Hospital Association d/b/a CHI St. Vincent Morrilton",2020-01-09,2020-03-03,"Morrilton","AR","A",2020-02-06,54,NA,"United Healthcare OPEIU Local 22",12,NA,NA,NA,NA,35,47,NA,NA,NA,NA,"Initial","Single Labor Organization","Certification of Results","Closed","Included: All full-time and regular part-time Registered Nurses, Advanced Practice Nurses (Nurse Practitioners), Advanced Practice Registered Nurses, and all Pro Ra Nata (PRN) nurses who have worked an average of four (4) hours or more per week during the 13 weeks immediately preceding January 11, 2020 (the eligibility date for the election).
Excluded: All office employees, clerical employees, maintenance employees, technical employees, temporary employees, traveler employees, confidential employees, contract registered nurses, guards and supervisors as defined by the National Labor Relations Act.",NA,NA,NA,28,2020-01-01,2020-01-01,"51-100",TRUE,"RC","Yes","United Healthcare OPEIU Local 22",1,"OPEIU",0.25531914893617,"No",7
"15-RC-249820","Region 15, New Orleans, Louisiana","Strategic Technology Institute, Inc. (STI)",2019-10-11,2019-11-12,"Little Rock Air Force Base","AR","A",2019-11-01,45,NA,"International Association of Machinists and Aerospace Workers, AFL-CIO",29,NA,NA,NA,NA,11,40,NA,11,NA,"International Association of Machinists and Aerospace Workers, AFL-CIO","Initial","Single Labor Organization","Certific. of Representative","Closed","Included: All full and regular part time hourly employees to include: Mech I, Mech II QEC, Mech I, Mech II Mod Support, Mech I, Mech II A Line/Props, Mech I, Mech II Test Cell, Mech I Sheetmetal, Test Cell Certified, Aerospace Str’l Welder, Age Mech I, Supply TSI, Aircraft Mech II (Insp), Aircraft Mech I (ENG), Aircraft Mech I (SM), Aerospace STR Welder, Supply Technician, Production Specialist 
Excluded: Office clerical employees, professional employees, managerial employees, guards, and supervisors as defined in the Act.",NA,NA,NA,21,2019-10-01,2019-10-01,"26-50",TRUE,"RC","Yes","International Association of Machinists and Aerospace Workers, AFL-CIO",1,"IAM",0.725,"Yes",5
"16-RC-243166","Region 16, Fort Worth, Texas","UNION TANK CAR COMPANY",2019-06-12,2019-07-11,"TEXARKANA","AR","A",2019-07-03,102,NA,"UNITED STEEL, PAPER AND FORESTRY, RUBBER, MANUFACTURING, ENERGY, ALLIED INDUSTRIAL AND SERVICE WORKERS INTERNATIONAL UNION,  AFL-CIO",59,NA,NA,NA,NA,34,93,NA,NA,NA,"UNITED STEEL, PAPER AND FORESTRY, RUBBER, MANUFACTURING, ENERGY, ALLIED INDUSTRIAL AND SERVICE WORKERS INTERNATIONAL UNION,  AFL-CIO","Initial","Single Labor Organization","Certific. of Representative","Closed","INCLUDED: All full-time and part-time production and maintenance employees including leads and shipping and warehouse employees employed by Union Tank Car Company at its facility located at 2801 Nash Thompson Lane, Texarkana, Arkansas 71854.

EXCLUDED: Office clerical, professional employees, quality control, all other employees and supervisors as defined by the Act.",NA,NA,NA,21,2019-07-01,2019-04-01,"101-500",TRUE,"RC","Yes","UNITED STEEL, PAPER AND FORESTRY, RUBBER, MANUFACTURING, ENERGY, ALLIED INDUSTRIAL AND SERVICE WORKERS INTERNATIONAL UNION,  AFL-CIO",1,"USW",0.634408602150538,"Yes",9
"16-RC-243080","Region 16, Fort Worth, Texas","UNION TANK CAR COMPANY",2019-06-11,2019-06-17,"TEXARKANA","AR",NA,NA,105,NA,NA,NA,NA,NA,NA,NA,NA,NA,NA,NA,NA,NA,NA,NA,"Withdrawal Non-adjusted","Closed",NA,NA,NA,NA,NA,NA,2019-04-01,"101-500",TRUE,"RC","No",NA,0,"Uncoded",NA,"Other",NA
"15-RD-233402","Region 15, New Orleans, Louisiana","Lion Oil Company",2018-12-28,2019-12-02,"El Dorado","AR","A",2019-11-21,34,NA,"United Steel, Paper and Forestry, Rubber, Manufacturing, Energy, Allied-Industrial and Service Workers International Union, AFL-CIO/CLC",13,NA,NA,NA,NA,21,34,NA,NA,NA,NA,"Initial","Single Labor Organization","Certification of Results","Closed","Included: All full-time and part-time Truck Drivers employed by Lion Oil Company at its facility located at 1000 McHenry Ave, El Dorado, Arkansas 71730.
Excluded: All office clerical and professional employees, security guards, and supervisors as defined by the Act.",NA,NA,NA,328,2019-10-01,2018-10-01,"26-50",TRUE,"RD","Yes","United Steel, Paper and Forestry, Rubber, Manufacturing, Energy, Allied-Industrial and Service Workers International Union, AFL-CIO/CLC",1,"USW",0.382352941176471,"No",0
"15-RC-232077","Region 15, New Orleans, Louisiana","West Fraser, Inc.",2018-12-04,2018-12-31,"Leola","AR","A",2018-12-21,135,NA,"Central South Carpenters Regional Council",68,NA,NA,NA,NA,54,122,NA,4,NA,"Central South Carpenters Regional Council","Initial","Single Labor Organization","Certific. of Representative","Closed","Included:  All regular production, store employees, watchmen/janitor, shipping clerk, and maintenance employees at the Leola, AR facility.

Excluded:  All timekeepers, clerical/office employees, chief engineers, professional employees, and employees working in a confidential capacity, and supervisors as defined int he National Labor Relations Act.",NA,NA,NA,17,2018-10-01,2018-10-01,"101-500",TRUE,"RC","Yes","Central South Carpenters Regional Council",0,"Uncoded",0.557377049180328,"Yes",13
"15-RC-227645","Region 15, New Orleans, Louisiana","VSE Corporation",2018-09-20,2018-10-24,"Jacksonville","AR","A",2018-10-16,133,NA,"International Association of Machinists and Aerospace Workers, AFL-CIO",53,NA,NA,NA,NA,25,78,NA,3,NA,"International Association of Machinists and Aerospace Workers, AFL-CIO","Initial","Single Labor Organization","Certific. of Representative","Closed","Included: Aircraft Mechanic I, Aircraft Mechanic II, Aircraft Mechanic III (Inspectors),  Tools & Parts Attendants, Crew Chiefs, Engine Mechanic, Instruments, Communications/Navigation, Hydraulics, Electricians, and Quality Control.

Excluded: Aircraft Mechanic III (Director of Maintenance), Aircraft Mechanic III (Production Supervisor), office clerical employees, professional employees, managerial employees, guards, and supervisors.",NA,NA,NA,26,2018-10-01,2018-07-01,"101-500",TRUE,"RC","Yes","International Association of Machinists and Aerospace Workers, AFL-CIO",1,"IAM",0.67948717948718,"Yes",55
"15-RD-226445","Region 15, New Orleans, Louisiana","Franklin Electric Co., Inc.",2018-08-28,2018-10-11,"Little Rock","AR","A",2018-10-01,31,NA,"United Steel Workers Union Local 6433",10,NA,NA,NA,NA,14,27,NA,3,NA,NA,"Initial","Single Labor Organization","Certification of Results","Closed","Included: All full-time and regular part-time manufacturing employees, assembly specialists/painters, machine specialists, maintenance employees, painters/general service employees, maintenance technicians, maintenance mechanics, distribution employees, material handling specialists, and team leaders.
Excluded: All other employees, including office clerical and professional employees, guards, and supervisors as defined in the Act.",NA,NA,NA,34,2018-10-01,2018-07-01,"26-50",TRUE,"RD","Yes","United Steel Workers Union Local 6433",1,"USW",0.416666666666667,"No",7
"15-RC-221453","Region 15, New Orleans, Louisiana","Quality Investigations, Inc.",2018-06-05,2018-09-04,"Little Rock","AR",NA,NA,84,NA,NA,NA,NA,NA,NA,NA,NA,NA,NA,NA,NA,NA,NA,NA,"Withdrawal Non-adjusted","Closed",NA,NA,NA,NA,NA,NA,2018-04-01,"51-100",TRUE,"RC","No",NA,0,"Uncoded",NA,"Other",NA
"15-RC-217372","Region 15, New Orleans, Louisiana","Sun Coast Resources",2018-03-28,2018-04-26,"Pine Bluff","AR","A",2018-04-18,9,NA,"National Conference of Firemen and Oilers, District 32 BJ SEIU",7,NA,NA,NA,NA,2,9,NA,NA,NA,"National Conference of Firemen and Oilers, District 32 BJ SEIU","Initial","Single Labor Organization","Certific. of Representative","Closed","Included: All full time and part time maintenance and production employees, including truck
drivers
Excluded: All office clerical employees, salespersons, professional employees, guards, and
supervisors as defined by the Act.",NA,NA,NA,21,2018-04-01,2018-01-01,"6-10",TRUE,"RC","Yes","National Conference of Firemen and Oilers, District 32 BJ SEIU",1,"SEIU",0.777777777777778,"Yes",0
"15-RC-207067","Region 15, New Orleans, Louisiana","Lion Oil Company",2017-09-28,2017-10-10,"El Dorado","AR",NA,NA,4,NA,NA,NA,NA,NA,NA,NA,NA,NA,NA,NA,NA,NA,NA,NA,"Withdrawal Non-adjusted","Closed",NA,NA,NA,NA,NA,NA,2017-07-01,"<5",TRUE,"RC","No",NA,0,"Uncoded",NA,"Other",NA
"15-RC-206745","Region 15, New Orleans, Louisiana","Facility Services Management, Inc.",2017-09-25,2017-09-29,"Little Rock","AR",NA,NA,4,NA,NA,NA,NA,NA,NA,NA,NA,NA,NA,NA,NA,NA,NA,NA,"Withdrawal Non-adjusted","Closed",NA,NA,NA,NA,NA,NA,2017-07-01,"<5",TRUE,"RC","No",NA,0,"Uncoded",NA,"Other",NA
"15-RC-205833","Region 15, New Orleans, Louisiana","Porocel Industries, LLC",2017-09-08,2017-10-12,"Little Rock","AR","A",2017-09-28,70,NA,"CHAUFFEURS, TEAMSTERS AND HELPERS LOCAL UNION NO. 878",34,NA,NA,NA,NA,25,60,NA,1,NA,"CHAUFFEURS, TEAMSTERS AND HELPERS LOCAL UNION NO. 878","Initial","Single Labor Organization","Certific. of Representative","Closed","Included: All production, maintenance, warehouse, laboratory, and production support employees, machine operators, lab technicians, quality control employees, janitors, laborers, shipping and receiving, rail car, and transportation employees. 

Excluded: Office clerical and professional employees, guards, and supervisors as defined by the Act.",NA,NA,NA,20,2017-07-01,2017-07-01,"51-100",TRUE,"RC","Yes","CHAUFFEURS, TEAMSTERS AND HELPERS LOCAL UNION NO. 878",1,"Teamsters",0.576271186440678,"Yes",11
"15-RC-205306","Region 15, New Orleans, Louisiana","Terminal Switching Services, LLC",2017-08-30,2017-10-06,"Marion","AR","A",2017-09-28,23,NA,"INTERNATIONAL ASSOCIATION OF SHEET METAL, AIR, RAIL AND TRANSPORTATION WORKERS (SMART)",8,NA,NA,NA,NA,9,17,NA,NA,NA,NA,"Initial","Single Labor Organization","Certification of Results","Closed","INCLUDED: All engineers, conductors, and switchmen, as well as all trainees for any of
those positions, employed by the Employer at its facility located at 5500 Kuhn Road,
Marion, Arkansas.

EXCLUDED: All other employees and supervisors as defined by the Act.",NA,NA,NA,29,2017-07-01,2017-07-01,"11-25",TRUE,"RC","Yes","INTERNATIONAL ASSOCIATION OF SHEET METAL, AIR, RAIL AND TRANSPORTATION WORKERS (SMART)",1,"SMART",0.470588235294118,"No",6
"15-RC-205273","Region 15, New Orleans, Louisiana","Lion Oil Company",2017-08-29,2017-09-27,"El Dorado","AR","A",2017-09-19,4,NA,"International Union of Operating Engineers Local 381",4,NA,NA,NA,NA,0,4,NA,NA,NA,"International Union of Operating Engineers Local 381","Initial","Single Labor Organization","Certific. of Representative","Closed","Included: All full-time and regular part-time employees involved in receiving, stocking, ordering, and shipping parts, who are employed at the Employer's refinery at 1000 McHenry St, El Dorado, Arkansas.

Excluded: Office clerical and professional employees, supervisors and guards as defined in the Act.",NA,NA,NA,21,2017-07-01,2017-07-01,"<5",TRUE,"RC","Yes","International Union of Operating Engineers Local 381",1,"IUOE",1,"Yes",0
"15-RC-205316","Region 15, New Orleans, Louisiana","Porocel Industries, LLC",2017-08-29,2017-09-08,"Little Rock","AR",NA,NA,68,NA,NA,NA,NA,NA,NA,NA,NA,NA,NA,NA,NA,NA,NA,NA,"Withdrawal Non-adjusted","Closed",NA,NA,NA,NA,NA,NA,2017-07-01,"51-100",TRUE,"RC","No",NA,0,"Uncoded",NA,"Other",NA
"15-RC-204599","Region 15, New Orleans, Louisiana","Delek US",2017-08-18,2017-08-22,"El Dorado","AR",NA,NA,4,NA,NA,NA,NA,NA,NA,NA,NA,NA,NA,NA,NA,NA,NA,NA,"Withdrawal Non-adjusted","Closed",NA,NA,NA,NA,NA,NA,2017-07-01,"<5",TRUE,"RC","No",NA,0,"Uncoded",NA,"Other",NA
"15-RC-200482","Region 15, New Orleans, Louisiana","Lion Oil Company",2017-06-12,2017-07-20,"El Dorado","AR","A",2017-07-12,37,NA,"UNITED STEEL, PAPER AND FORESTRY, RUBBER, MANUFACTURING, ENERGY, ALLIED INDUSTRIAL AND SERVICE WORKERS INTERNATIONAL UNION (USW)",25,NA,NA,NA,NA,12,37,NA,NA,NA,"UNITED STEEL, PAPER AND FORESTRY, RUBBER, MANUFACTURING, ENERGY, ALLIED INDUSTRIAL AND SERVICE WORKERS INTERNATIONAL UNION (USW)","Initial","Single Labor Organization","Certific. of Representative","Closed","Included: All full-time and part-time Truck Drivers, employed by Lion Oil Company at 1000 Mchenry Ave, El Dorado, Arkansas, 71730.
Excluded: All office clerical and professional employees, security guards, and supervisors as defined by the Act.",NA,NA,NA,30,2017-07-01,2017-04-01,"26-50",TRUE,"RC","Yes","UNITED STEEL, PAPER AND FORESTRY, RUBBER, MANUFACTURING, ENERGY, ALLIED INDUSTRIAL AND SERVICE WORKERS INTERNATIONAL UNION (USW)",1,"USW",0.675675675675676,"Yes",0
"15-RC-196661","Region 15, New Orleans, Louisiana","VISKASE CO.",2017-04-12,2017-05-12,"Osceola","AR","A",2017-05-04,158,2,"INTERNATIONAL ASSOCIATION OF MACHINISTS AND AEROSPACE WORKERS, AFL-CIO",48,NA,NA,NA,NA,92,142,NA,2,NA,NA,"Initial","Single Labor Organization","Certification of Results","Closed","Included:  All full time and regular part-time production and maintenance employees, including shipping and receiving employees and quality control employees. 


Excluded:  All other employees, including all office clerical employees, contract employees, professional employees, supervisors and guards as defined by the Act.",NA,NA,NA,22,2017-04-01,2017-04-01,"101-500",TRUE,"RC","Yes","INTERNATIONAL ASSOCIATION OF MACHINISTS AND AEROSPACE WORKERS, AFL-CIO",1,"IAM",0.342857142857143,"No",18
"16-RC-195505","Region 16, Fort Worth, Texas","UNION TANK CAR COMPANY",2017-03-24,2017-04-03,"TEXARKANA","AR",NA,NA,42,NA,NA,NA,NA,NA,NA,NA,NA,NA,NA,NA,NA,NA,NA,NA,"Withdrawal Non-adjusted","Closed",NA,NA,NA,NA,NA,NA,2017-01-01,"26-50",TRUE,"RC","No",NA,0,"Uncoded",NA,"Other",NA
"15-RD-193283","Region 15, New Orleans, Louisiana","Arkansas Lime Company",2017-02-17,2017-03-31,"Batesville","AR","A",2017-03-23,56,NA,"International Union of Operating Engineers",27,NA,NA,NA,NA,23,50,NA,NA,NA,"International Union of Operating Engineers","Initial","Single Labor Organization","Certific. of Representative","Closed","Included: All production and maintenance employees at the Employer’s Batesville, Arkansas facility. 
Excluded: All clerical employees (which includes Lab and Scales), guards and supervisors as defined by the National Labor Relations Act.",NA,NA,NA,34,2017-01-01,2017-01-01,"51-100",TRUE,"RD","Yes","International Union of Operating Engineers",1,"IUOE",0.54,"Yes",6
"15-RD-187468","Region 15, New Orleans, Louisiana","Warren Oil Company, LLC",2016-11-02,2019-04-10,"West Memphis","AR",NA,NA,150,NA,NA,NA,NA,NA,NA,NA,NA,NA,NA,NA,NA,NA,NA,NA,"Dismissal Non-adjusted","Closed",NA,NA,NA,NA,NA,NA,2016-10-01,"101-500",TRUE,"RD","No",NA,0,"Uncoded",NA,"Other",NA
"15-RD-185502","Region 15, New Orleans, Louisiana","Royal Oak Enterprises, LLC",2016-10-04,2016-10-27,"Osceola","AR","A",2016-10-19,23,NA,"CARPENTERS INDUSTRIAL COUNCIL LOCAL 1017, UNITED BROTHERHOOD OF CARPENTERS AND JOINERS OF AMERICA",5,NA,NA,NA,NA,13,18,NA,1,NA,NA,"Initial","Single Labor Organization","Certification of Results","Closed","Included: all full-time and regular part-time loader operators, kiln burners, baggers, bran pickers, line leads, assistant line leads, and safety coordinators employed by the Employer at its Oxley, Arkansas location.

Excluded: all other employees, including office clerical employees, professional employees, temporary employees, and supervisors as defined in the Act.",NA,NA,NA,15,2016-10-01,2016-10-01,"11-25",TRUE,"RD","Yes","CARPENTERS INDUSTRIAL COUNCIL LOCAL 1017, UNITED BROTHERHOOD OF CARPENTERS AND JOINERS OF AMERICA",1,"UBC",0.277777777777778,"No",5
"15-RD-183131","Region 15, New Orleans, Louisiana","Royal Oak Enterprises, LLC",2016-08-30,2016-08-31,"Osceola","AR",NA,NA,23,NA,NA,NA,NA,NA,NA,NA,NA,NA,NA,NA,NA,NA,NA,NA,"Dismissal Non-adjusted","Closed",NA,NA,NA,NA,NA,NA,2016-07-01,"11-25",TRUE,"RD","No",NA,0,"Uncoded",NA,"Other",NA
"15-RD-180330","Region 15, New Orleans, Louisiana","Warren Unilube, Inc.",2016-07-18,2016-07-22,"West Memphis","AR",NA,NA,150,NA,NA,NA,NA,NA,NA,NA,NA,NA,NA,NA,NA,NA,NA,NA,"Dismissal Non-adjusted","Closed",NA,NA,NA,NA,NA,NA,2016-07-01,"101-500",TRUE,"RD","No",NA,0,"Uncoded",NA,"Other",NA
"15-RC-180046","Region 15, New Orleans, Louisiana","SOLIMIDE FOAMS, DIVISION OF BOYD CORPORATION",2016-07-13,2016-08-22,"MAGNOLIA","AR","A",2016-08-12,26,NA,"United Steel, Paper and Forestry, Rubber, Manufacturing, Energy, Allied-Industrial and Service Workers International Union, AFL-CIO/CLC",23,NA,NA,NA,NA,2,25,NA,NA,NA,"United Steel, Paper and Forestry, Rubber, Manufacturing, Energy, Allied-Industrial and Service Workers International Union, AFL-CIO/CLC","Initial","Single Labor Organization","Certific. of Representative","Closed","Included:  all regular full time and part time production operators and maintenance technicians, including crew leaders, quality control technicians and warehouse employees at the Employer's facility located at 1560 Highway 371 S, Magnolia, AR.
Excluded: all other employees, including office clerical employees, professional employees, guards and supervisors as defined by the Act.",NA,NA,NA,30,2016-07-01,2016-07-01,"26-50",TRUE,"RC","Yes","United Steel, Paper and Forestry, Rubber, Manufacturing, Energy, Allied-Industrial and Service Workers International Union, AFL-CIO/CLC",1,"USW",0.92,"Yes",1
"15-RD-178013","Region 15, New Orleans, Louisiana","Warren Unilube",2016-06-10,2016-06-16,"West Memphis","AR",NA,NA,150,NA,NA,NA,NA,NA,NA,NA,NA,NA,NA,NA,NA,NA,NA,NA,"Dismissal Non-adjusted","Closed",NA,NA,NA,NA,NA,NA,2016-04-01,"101-500",TRUE,"RD","No",NA,0,"Uncoded",NA,"Other",NA
"15-RC-175823","Region 15, New Orleans, Louisiana","Frito-Lay, Inc.",2016-05-09,2016-06-29,"Little Rock","AR","A",2016-06-02,27,NA,"United Food and Commercial Workers Union, Local 2008",10,NA,NA,NA,NA,11,21,NA,3,"Y",NA,"Initial","Single Labor Organization","Certification of Results","Closed","INCLUDED: All full-time and regular part-time warehouse employees employed by the Employer at its facility in Little Rock, Arkansas.
EXCLUDED: Drivers, sales employees, maintenance employees, temporary employees, office clerical employees, guards, and supervisors as defined in the Act.",NA,NA,NA,24,2016-04-01,2016-04-01,"26-50",TRUE,"RC","Yes","United Food and Commercial Workers Union, Local 2008",1,"UFCW",0.476190476190476,"No",6
"15-RC-174456","Region 15, New Orleans, Louisiana","Loomis Armored US, LLC",2016-04-20,2016-05-26,"Little Rock","AR","A",2016-05-18,9,6,"International Union, Security, Police and Fire Professionals of America (SPFPA), and its Local 287",7,NA,NA,NA,NA,1,8,NA,2,NA,"International Union, Security, Police and Fire Professionals of America (SPFPA), and its Local 287","Initial","Single Labor Organization","Certific. of Representative","Closed","All full-time and part-time armed and unarmed vault officers performing guard duties as definded in Section 9(b)3 of the National Labor Relations Act, employed by the Employer at its 1300 South Chester Street, Little Rock, Arkansas location; but excluding all office, clerical employees, professional employees, and supervisors as defined by the Act.",NA,NA,NA,28,2016-04-01,2016-04-01,"6-10",TRUE,"RC","Yes","International Union, Security, Police and Fire Professionals of America (SPFPA), and its Local 287",1,"SPFPA",0.875,"Yes",1
"15-RC-165214","Region 15, New Orleans, Louisiana","Windstream Services, LLC",2015-12-02,2016-01-27,"Little Rock","AR","A",2016-01-25,33,NA,"International Brotherhood of Electrical Workers Union, Local 295",4,NA,NA,NA,NA,22,26,NA,NA,NA,NA,"Initial","Single Labor Organization","Certification of Results","Closed","Included:  All full-time hourly Customer Service Technicians, Network Technicians, Business Systems Technicians, and Cable Technicians at the Employer's south region of Arkansas facilities, which includes the Employer's Crossett, De Queen, Elaine, Fordyce, Glenwood, Perryville, Sheridan, and Wickes, Arkansas facilities. 

Excluded:  All other employees, including office clerical employees, guards, and supervisors as defined in the Act.",NA,NA,NA,54,2016-01-01,2015-10-01,"26-50",TRUE,"RC","Yes","International Brotherhood of Electrical Workers Union, Local 295",1,"IBEW",0.153846153846154,"No",7
"15-RC-164937","Region 15, New Orleans, Louisiana","Frito-Lay",2015-11-25,2015-12-30,"Lowell","AR","A",2015-12-16,42,NA,"International Brotherhood of Teamsters Local Union 373",18,NA,NA,NA,NA,24,42,NA,NA,NA,NA,"Initial","Single Labor Organization","Certification of Results","Closed","Included: All route sales representatives and full-time merchandisers employed by the Employer at its places of business in Lowell, Arkansas; Siloam Springs, Arkansas; and, Afton, Oklahoma. 
Excluding: All other employees including part-time employees, office clerical employees, professional employees, guards, and supervisors as defined by the Act.",NA,NA,NA,21,2015-10-01,2015-10-01,"26-50",TRUE,"RC","Yes","International Brotherhood of Teamsters Local Union 373",1,"Teamsters",0.428571428571429,"No",0
"15-RC-161827","Region 15, New Orleans, Louisiana","Windstream Communications",2015-10-13,2015-10-16,"Little Rock","AR",NA,NA,32,NA,NA,NA,NA,NA,NA,NA,NA,NA,NA,NA,NA,NA,NA,NA,"Withdrawal Non-adjusted","Closed",NA,NA,NA,NA,NA,NA,2015-10-01,"26-50",TRUE,"RC","No",NA,0,"Uncoded",NA,"Other",NA
"15-RC-160690","Region 15, New Orleans, Louisiana","Pactiv LLC",2015-09-24,2015-11-02,"Malvern","AR","A",2015-10-23,194,NA,"UNITED STEEL, PAPER AND FORESTRY, RUBBER, MANUFACTURING, ENERGY, ALLIED INDUSTRY AND SERVICE WORKERS INTERNATIONAL UNION, AFL-CIO",60,NA,NA,NA,NA,116,176,NA,5,NA,NA,"Initial","Single Labor Organization","Certification of Results","Closed","Included: All full-time and regular part-time production and maintenance employees, which includes process, electrical, and stock room clerks, janitorial, warehouse, shipping and receiving, group leaders, natural team leaders, utility employees, technicians, trainers, and production clericals at the Employer's Malvern, Arkansas production plant located at 1105 Industrial Lane. 

Excluded: All other employees, including temporary employees, office clericals, guards, and supervisors as defined in the Act.",NA,NA,NA,29,2015-10-01,2015-07-01,"101-500",TRUE,"RC","Yes","UNITED STEEL, PAPER AND FORESTRY, RUBBER, MANUFACTURING, ENERGY, ALLIED INDUSTRY AND SERVICE WORKERS INTERNATIONAL UNION, AFL-CIO",1,"USW",0.340909090909091,"No",18
"15-RD-157795","Region 15, New Orleans, Louisiana","Franklin Electric Co., Inc.",2015-08-11,2015-09-11,"Little Rock","AR","A",2015-09-01,41,NA,"United Steel, Paper and Forestry, Rubber, Manufacturing, Energy, Allied Industrial and Service Workers International Union, AFL-CIO/CLC",23,NA,NA,NA,NA,18,41,NA,NA,NA,"United Steel, Paper and Forestry, Rubber, Manufacturing, Energy, Allied Industrial and Service Workers International Union, AFL-CIO/CLC","Initial","Single Labor Organization","Certific. of Representative","Closed","Included:  All full-time and regular part-time manufacturing employees, assembly specialists/painters, machine specialists, maintenance employees, painters/general service employees, maintenance technicians, maintenance mechanics, distribution employees, material handling specialist, and team leaders.

Excluded:  All other employees, including office clerical and professional employees, guards, and supervisors as defined in the Act.",NA,NA,NA,21,2015-07-01,2015-07-01,"26-50",TRUE,"RD","Yes","United Steel, Paper and Forestry, Rubber, Manufacturing, Energy, Allied Industrial and Service Workers International Union, AFL-CIO/CLC",1,"USW",0.560975609756098,"Yes",0
"15-RC-157446","Region 15, New Orleans, Louisiana","Atkins Care, Inc.",2015-08-06,2015-09-15,"Atkins","AR","A",2015-09-02,73,NA,"United Labor Unions Local 100",7,NA,NA,NA,NA,50,57,NA,5,NA,NA,"Initial","Single Labor Organization","Certification of Results","Closed","Included: All certified nursing assistants, dietary, housekeeping, laundry, and maintenance employees.
Excluded:  All other employees including office clerical and professional employees, supervisors and guards as defined by the Act.",NA,NA,NA,27,2015-07-01,2015-07-01,"51-100",TRUE,"RC","Yes","United Labor Unions Local 100",0,"Uncoded",0.12280701754386,"No",16
"15-RC-153645","Region 15, New Orleans, Louisiana","Porocel Industries, LLC",2015-06-05,2015-07-09,"Little Rock","AR","A",2015-06-26,69,NA,"Laborers' International Union of North America, Local 107",24,NA,NA,NA,NA,30,54,NA,4,NA,NA,"Initial","Single Labor Organization","Certification of Results","Closed","Included:  All full-time and regular part-time production employees
Excluded:  All laboratory, maintenance employees, office clerical employees, professional employees, managerial employees, guards and supervisors as defined in the Act.",NA,NA,NA,21,2015-04-01,2015-04-01,"51-100",TRUE,"RC","Yes","Laborers' International Union of North America, Local 107",1,"LIUNA",0.444444444444444,"No",15
"15-RC-153384","Region 15, New Orleans, Louisiana","Phoenix Metals Services LLC",2015-06-02,2015-06-04,"Blytheville","AR",NA,NA,68,NA,NA,NA,NA,NA,NA,NA,NA,NA,NA,NA,NA,NA,NA,NA,"Withdrawal Non-adjusted","Closed",NA,NA,NA,NA,NA,NA,2015-04-01,"51-100",TRUE,"RC","No",NA,0,"Uncoded",NA,"Other",NA
"15-RC-146652","Region 15, New Orleans, Louisiana","Frito-Lay",2015-02-19,2015-03-27,"Lowell","AR",NA,NA,43,NA,NA,NA,NA,NA,NA,NA,NA,NA,NA,NA,NA,NA,NA,NA,"Withdrawal Non-adjusted","Closed",NA,NA,NA,NA,NA,NA,2015-01-01,"26-50",TRUE,"RC","No",NA,0,"Uncoded",NA,"Other",NA
"15-RC-143528","Region 15, New Orleans, Louisiana","Lion Oil Company",2014-12-29,2015-02-18,"El Dorado","AR","A",2015-02-06,4,NA,"INTERNATIONAL UNION OF OPERATING ENGINEERS, LOCAL 381",0,NA,NA,NA,NA,3,3,NA,NA,NA,NA,"Initial","Single Labor Organization","Certification of Results","Closed","Included: All full-time and regular part-time warehouse employees at the Lion Oil El Dorado, AR facility.
Excluded: All other employees, including office clerical and professional employees, supervisors, and guards as defined in the Act.",NA,NA,NA,39,2015-01-01,2014-10-01,"<5",TRUE,"RC","Yes","INTERNATIONAL UNION OF OPERATING ENGINEERS, LOCAL 381",1,"IUOE",0,"No",1
"15-RC-138966","Region 15, New Orleans, Louisiana","Saint Anthony Hospital Association",2014-10-17,2014-12-15,"Morrilton","AR","A",2014-12-03,44,1,"OFFICE OF PROFESSIONAL EMPLOYEES INTERNATIONAL UNION, AFL-CIO, CLC LOCAL 22",20,NA,NA,NA,NA,20,40,NA,NA,NA,NA,"Initial","Single Labor Organization","Certification of Results","Closed","Included: All full-time and regular part-time registered nurses, pool plus nurses, unit based and central pro ra nata (PRN) nursing positions working for the Employer at its CHI St. Vincent Morrilton, AR facility.
Excluded: All other employees including Advanced Practice Nurses (APN), nurse anesthetists, office employees, clerical employees, maintenance employees, technical employees, temporary employees, traveler employees, confidential employees, contract registered nurses, guards, and supervisors as defined by the National Labor Relations Act.",NA,NA,NA,47,2014-10-01,2014-10-01,"26-50",TRUE,"RC","Yes","OFFICE OF PROFESSIONAL EMPLOYEES INTERNATIONAL UNION, AFL-CIO, CLC LOCAL 22",0,"Uncoded",0.5,"No",4
"15-RC-133763","Region 15, New Orleans, Louisiana","Royal Oak",2014-07-31,2014-10-29,"Leslie","AR","A",2014-09-10,22,NA,"UNITED BROTHERHOOD OF CARPENTERS, CARPENTERS INDUSTRIAL COUNCIL",13,NA,NA,NA,NA,8,21,NA,1,NA,"UNITED BROTHERHOOD OF CARPENTERS, CARPENTERS INDUSTRIAL COUNCIL","Initial","Single Labor Organization","Certific. of Representative","Closed","Included:  All full-time and regular part-time loader operators, kiln burners, bran pickers, line leads, assistant line leads, and safety coordinators.

Excluded:  All other employees, including office clerical employees, professional employees, temporary employes, guards, and supervisors as defined by the Act.",NA,NA,NA,41,2014-07-01,2014-07-01,"11-25",TRUE,"RC","Yes","UNITED BROTHERHOOD OF CARPENTERS, CARPENTERS INDUSTRIAL COUNCIL",1,"UBC",0.619047619047619,"Yes",1
"15-RC-132579","Region 15, New Orleans, Louisiana","Pat Salmon & Sons, Inc.",2014-07-14,2014-09-02,"Little Rock","AR","A",2014-08-21,12,NA,"U S MAIL CARRIERS OF ARKANSAS LOCAL 8006",7,NA,NA,NA,NA,3,10,NA,2,NA,"U S MAIL CARRIERS OF ARKANSAS LOCAL 8006","Initial","Single Labor Organization","Certific. of Representative","Closed","Included: All full-time and regular part-time mechanics at the Employer's North Little Rock terminal located at 4812 E. McCain Blvd. North Little Rock, Arkansas.

Excluded: All other employees, including office clerical, professional, guards, and supervisors as defined by the Act.",NA,NA,NA,38,2014-07-01,2014-07-01,"11-25",TRUE,"RC","Yes","U S MAIL CARRIERS OF ARKANSAS LOCAL 8006",0,"Uncoded",0.7,"Yes",2
"15-RC-130351","Region 15, New Orleans, Louisiana","Pride Industries, Inc.",2014-06-09,2014-07-28,"Little Rock","AR","A",2014-07-16,27,NA,"International Brotherhood of Electrical Workers, AFL-CIO (IBEW), Local Union 295",10,NA,NA,NA,NA,13,23,NA,NA,NA,NA,"Initial","Single Labor Organization","Certification of Results","Closed","Included: All full-time and part-time janitorial, lead janitorial, and grounds maintenance laborer employees working for the Employer at the Little Rock Federal Building.

Excluded: All other employees, including office clerical and professional employees, guards and supervisors as defined in the Act.",NA,NA,NA,37,2014-07-01,2014-04-01,"26-50",TRUE,"RC","Yes","International Brotherhood of Electrical Workers, AFL-CIO (IBEW), Local Union 295",1,"IBEW",0.434782608695652,"No",4
"15-RC-128433","Region 15, New Orleans, Louisiana","Entergy Arkansas, Inc.",2014-05-12,2014-07-08,"Malvern","AR","A",2014-06-19,11,NA,"INTERNATIONAL BROTHERHOOD OF ELECTRICAL WORKERS, LOCAL 647",5,NA,NA,NA,NA,6,11,NA,NA,NA,NA,"Initial","Single Labor Organization","Certification of Results","Closed","Included:  all hourly paid production techinician employees at the Entergy Hot Springs Energy facility.

Excluded:  All office clerical, salaried employees, guards and supervisors as defined by the Act.",NA,NA,NA,38,2014-04-01,2014-04-01,"11-25",TRUE,"RC","Yes","INTERNATIONAL BROTHERHOOD OF ELECTRICAL WORKERS, LOCAL 647",1,"IBEW",0.454545454545455,"No",0
"15-RC-121468","Region 15, New Orleans, Louisiana","Pride Industries",2014-01-29,2014-03-17,"Little Rock","AR","A",2014-03-05,18,NA,"International Brotherhood of Electrical Workers, AFL-CIO (IBEW), Local Union 295",12,NA,NA,NA,NA,0,12,NA,NA,NA,"International Brotherhood of Electrical Workers, AFL-CIO (IBEW), Local Union 295","Initial","Single Labor Organization","Certific. of Representative","Closed","Included: All full-time and part-time groundsmen and operators working for Pride Industries at the Little Rock Air Force Base.

Excluded: All supervisors and guards as defined by the Act, and all other employees including Quality Control Inspectors.",NA,NA,NA,35,2014-01-01,2014-01-01,"11-25",TRUE,"RC","Yes","International Brotherhood of Electrical Workers, AFL-CIO (IBEW), Local Union 295",1,"IBEW",1,"Yes",6
"15-RM-118352","Region 15, New Orleans, Louisiana","Flexsteel Industries, Inc.",2013-12-05,2013-12-13,"Harrison","AR",NA,NA,63,NA,NA,NA,NA,NA,NA,NA,NA,NA,NA,NA,NA,NA,NA,NA,"Withdrawal Non-adjusted","Closed",NA,NA,NA,NA,NA,NA,2013-10-01,"51-100",TRUE,"RM","No",NA,0,"Uncoded",NA,"Other",NA
"15-RC-116645","Region 15, New Orleans, Louisiana","OK Foods Industries, Inc.",2013-11-08,2013-12-18,"Fort Smith","AR",NA,NA,1700,NA,NA,NA,NA,NA,NA,NA,NA,NA,NA,NA,NA,NA,NA,NA,"Withdrawal Adjusted","Closed",NA,NA,NA,NA,NA,NA,2013-10-01,"500>",TRUE,"RC","No",NA,0,"Uncoded",NA,"Other",NA
"15-RC-113215","Region 15, New Orleans, Louisiana","Glazer's Distributors of Arkansas, Inc.",2013-09-12,2013-11-01,"North Little Rock","AR","A",2013-10-22,70,NA,"CHAUFFEURS,TEAMSTERS AND HELPERS LOCAL UNION NO. 878",17,NA,NA,NA,NA,47,64,NA,NA,NA,NA,"Initial","Single Labor Organization","Certification of Results","Closed","Included:  all-full-time and part-time wine and spirits drivers, beer drivers, helpers, and lead drivers located in North West Arkansas and  North Little Rock.

Excluded:  cashiers, checkers, red Bull drivers, merchandisers, guards and supervisors as defined by the Act.",NA,NA,NA,40,2013-10-01,2013-07-01,"51-100",TRUE,"RC","Yes","CHAUFFEURS,TEAMSTERS AND HELPERS LOCAL UNION NO. 878",1,"Teamsters",0.265625,"No",6
"16-RC-099138","Region 16, Fort Worth, Texas","VSE CORPORATION",2013-02-26,2013-04-17,"TEXARKANA","AR","A",2013-04-09,59,NA,"International Association of Machinists and Aerospace Workers, AFL-CIO",19,NA,NA,NA,NA,33,52,NA,NA,NA,NA,"Initial","Single Labor Organization","Certification of Results","Closed","Included: All full-time and regular part-time mechanics, pre/painters, supply techs, mechanic helpers, lead blasters, blasters, QA/mecahanics, and painters employed at the Employer's  facility located at 35 Globe Avenue, Texarkana, AR.

Excluded:  All office clerical employees, professional employees, managerial employees, guards and supervisors as defined in the Act.",NA,NA,NA,42,2013-04-01,2013-01-01,"51-100",TRUE,"RC","Yes","International Association of Machinists and Aerospace Workers, AFL-CIO",1,"IAM",0.365384615384615,"No",7
"26-RC-093953","Region 15, New Orleans, Louisiana","Aramark Corporation, Through Its Division, Business Services",2012-11-29,2013-01-14,"Little Rock Air Force base","AR","A",2013-01-04,9,NA,"LABORERS LOCAL 1282",0,NA,NA,NA,NA,8,8,NA,NA,NA,NA,"Initial","Single Labor Organization","Certification of Results","Closed","Included:  All full-time and regular part-time cooks employed by Aramark at the Hercules Diner located on the Little Rock Air Force Base, Arkansas, 72099.

Excluded:  All other employees, guards, and supervisors as defined in the Act.",NA,NA,NA,36,2013-01-01,2012-10-01,"6-10",TRUE,"RC","Yes","LABORERS LOCAL 1282",1,"LIUNA",0,"No",1
"26-RC-093000","Region 15, New Orleans, Louisiana","Medallion Foods, Inc.",2012-11-13,2013-01-02,"Newport","AR","A",2012-12-20,224,NA,"United Food and Commercial Workers Union, Local 2008",50,NA,NA,NA,NA,163,213,NA,11,NA,NA,"Initial","Single Labor Organization","Certification of Results","Closed",NA,NA,NA,NA,37,2012-10-01,2012-10-01,"101-500",TRUE,"RC","Yes","United Food and Commercial Workers Union, Local 2008",1,"UFCW",0.234741784037559,"No",11
"26-RD-081637","Region 15, New Orleans, Louisiana","Southern Bakeries, LLC",2012-05-23,2016-09-06,"Hope","AR",NA,NA,144,NA,NA,NA,NA,NA,NA,NA,NA,NA,NA,NA,NA,NA,NA,NA,"Dismissal Non-adjusted","Closed",NA,NA,NA,NA,NA,NA,2012-04-01,"101-500",TRUE,"RD","No",NA,0,"Uncoded",NA,"Other",NA
"26-RC-074521","Region 15, New Orleans, Louisiana","Pathfinder, Inc",2012-02-15,2012-07-16,"Jacksonville","AR","A",2012-07-06,48,NA,"LABORERS INTERNATIONAL UNION OF NORTH AMERICA, LOCAL 1282",15,NA,NA,NA,NA,28,43,NA,NA,NA,NA,"Initial","Single Labor Organization","Certification of Results","Closed","INCLUDED:  All full-time and regular part-time custodial workers employed by Pathfinder, Inc. working on the Little Rock Air Force Base.

EXCLUDED:  All other employees, including office clerical and professional employees, guards, and supervisors as defined in the Act.",NA,NA,NA,142,2012-07-01,2012-01-01,"26-50",TRUE,"RC","Yes","LABORERS INTERNATIONAL UNION OF NORTH AMERICA, LOCAL 1282",1,"LIUNA",0.348837209302326,"No",5
"26-RD-071659","Region 15, New Orleans, Louisiana","Epoxyn Products",2011-12-30,2012-02-15,"Mountain Home","AR","A",2012-02-02,131,NA,"UNITED BROTHERHOOD OF CARPENTERS AND JOINERS ARKANSAS REGIONAL COUNCIL LOCAL NO.1225",36,NA,NA,NA,NA,87,124,NA,1,NA,NA,"Initial","Single Labor Organization","Certification of Results","Closed","all full-time production, warehouse, mainteance employeesm including group leaders, employed by the employer at Mountain Home, Arkansas",NA,NA,NA,34,2012-01-01,2011-10-01,"101-500",TRUE,"RD","Yes","UNITED BROTHERHOOD OF CARPENTERS AND JOINERS ARKANSAS REGIONAL COUNCIL LOCAL NO.1225",1,"UBC",0.292682926829268,"No",8
"26-RD-070354","Region 15, New Orleans, Louisiana","Southern Bakeries",2011-12-07,2012-04-09,"Hope","AR",NA,NA,151,NA,NA,NA,NA,NA,NA,NA,NA,NA,NA,NA,NA,NA,NA,NA,"Dismissal Non-adjusted","Closed",NA,NA,NA,NA,NA,NA,2011-10-01,"101-500",TRUE,"RD","No",NA,0,"Uncoded",NA,"Other",NA
"26-RC-066334","Region 15, New Orleans, Louisiana","Akal Security",2011-10-07,2011-11-15,"Little Rock","AR","A",2011-11-04,26,NA,"THE EASTERN ARKANSAS COURT SECURITY OFFICERS ASSOCIATION",26,NA,NA,NA,NA,0,26,NA,NA,NA,"THE EASTERN ARKANSAS COURT SECURITY OFFICERS ASSOCIATION","Initial","Single Labor Organization","Certific. of Representative","Closed","All full-time and and share time court security officers and lead court security officers employed Akal Security, Inc. and performing guard services in Federal Court Buildings in the Eastern District of Arkansas.",NA,NA,NA,28,2011-10-01,2011-10-01,"26-50",TRUE,"RC","Yes","THE EASTERN ARKANSAS COURT SECURITY OFFICERS ASSOCIATION",0,"Uncoded",1,"Yes",0
"26-RD-062860","Region 15, New Orleans, Louisiana","Akal Security, Inc.",2011-08-18,2011-09-07,"Little Rock","AR",NA,NA,56,NA,NA,NA,NA,NA,NA,NA,NA,NA,NA,NA,NA,NA,NA,NA,"Withdrawal Non-adjusted","Closed",NA,NA,NA,NA,NA,NA,2011-07-01,"51-100",TRUE,"RD","No",NA,0,"Uncoded",NA,"Other",NA
"26-RC-062598","Region 15, New Orleans, Louisiana","Pactiv",2011-08-15,2011-10-05,"Malvern","AR",NA,NA,121,NA,NA,NA,NA,NA,NA,NA,NA,NA,NA,NA,NA,NA,NA,NA,"Withdrawal Non-adjusted","Closed",NA,NA,NA,NA,NA,NA,2011-07-01,"101-500",TRUE,"RC","No",NA,0,"Uncoded",NA,"Other",NA
"26-RD-001183","Region 15, New Orleans, Louisiana","Tucker-Guffey Electrical Contractors, Inc.",2011-06-03,2011-09-16,"Little Rock","AR","A",2011-09-06,5,NA,"International Brotherhood of Electrical Workers, AFL-CIO (IBEW), Local Union 295",0,NA,NA,NA,NA,4,5,NA,1,NA,NA,"Initial","Single Labor Organization","Certification of Results","Closed","Included:  all employees performing electrical work within the jurisdiction of the Union.

Excluded:  all other emplyees including office clerical, professional employees, guards and supervisors as defined by the Act.",NA,NA,NA,95,2011-07-01,2011-04-01,"<5",TRUE,"RD","Yes","International Brotherhood of Electrical Workers, AFL-CIO (IBEW), Local Union 295",1,"IBEW",0,"No",1
"26-RD-001180","Region 15, New Orleans, Louisiana","ITW Shippers",2011-04-29,2011-08-16,"Fordyce","AR","A",2011-08-05,117,1,"UNITED STEEL, PAPER & FORESTRY, RUBBER, MANUFACTURING, ENERGY, ALLIED INDUSTRIAL AND SERVICE WORKERS",62,NA,NA,NA,NA,43,105,NA,NA,NA,"UNITED STEEL, PAPER & FORESTRY, RUBBER, MANUFACTURING, ENERGY, ALLIED INDUSTRIAL AND SERVICE WORKERS","Initial","Single Labor Organization","Certific. of Representative","Closed","Included: All regular full-time and part-time hourly employees working for the Employer at its facility in Fordyce, Arkansas

Excluded:  All other employees including office clerical, plant clerical and professional employees, temporary employees, contract employees, security guards, watchmen and supervisors as defined in the Act.",NA,NA,NA,98,2011-07-01,2011-04-01,"101-500",TRUE,"RD","Yes","UNITED STEEL, PAPER & FORESTRY, RUBBER, MANUFACTURING, ENERGY, ALLIED INDUSTRIAL AND SERVICE WORKERS",1,"USW",0.59047619047619,"Yes",12
"26-RC-008626","Region 15, New Orleans, Louisiana","Millenium Security Services",2011-01-12,2011-03-24,"Jefferson","AR","A",2011-03-11,13,2,"UNITED GOVERNMENT SECURITY OFFICERS OF AMERICA, INT'L UNION",8,NA,NA,NA,NA,2,10,"N",NA,"N","UNITED GOVERNMENT SECURITY OFFICERS OF AMERICA, INT'L UNION","Initial","Single Labor Organization","Certific. of Representative","Closed","Included:  All regular part-time and full-time security officers/guards employed by Millenium Security Services at Jefferson Laboratories, National Center for Toxological Research and US Food and Drug Administration  in Jefferson, Arkansas.

Exclud",NA,NA,NA,58,2011-01-01,2011-01-01,"11-25",TRUE,"RC","Yes","UNITED GOVERNMENT SECURITY OFFICERS OF AMERICA, INT'L UNION",1,"UGSOA",0.8,"Yes",3
"26-RC-008625","Region 15, New Orleans, Louisiana","ARES Protective Services",2011-01-12,2011-03-14,"Little Rock","AR","A",2011-03-03,85,1,"FIRST RESPONDERS POLICE & SECURITY UNION (FRPSU)",38,NA,NA,NA,NA,5,43,"N",2,"N","FIRST RESPONDERS POLICE & SECURITY UNION (FRPSU)","Initial","Single Labor Organization","Certific. of Representative","Closed","Included:  All full-time and part-time security officers, corporals and sergeants employed by the Employer under the Homeland Security government contract for security services for government buildings and facilities located in Little Rock, Batesvill",NA,NA,NA,50,2011-01-01,2011-01-01,"51-100",TRUE,"RC","Yes","FIRST RESPONDERS POLICE & SECURITY UNION (FRPSU)",0,"Uncoded",0.883720930232558,"Yes",42
"26-RC-008624","Region 15, New Orleans, Louisiana","Millenium Security",2011-01-05,2011-01-07,"Jefferson","AR",NA,NA,13,NA,NA,NA,NA,NA,NA,NA,NA,NA,NA,NA,NA,NA,NA,NA,"Withdrawal Non-adjusted","Closed",NA,NA,NA,NA,NA,NA,2011-01-01,"11-25",TRUE,"RC","No",NA,0,"Uncoded",NA,"Other",NA
"26-RM-000478","Region 15, New Orleans, Louisiana","Care Plus Staffing Services LLC",2010-10-12,2010-10-26,"Lake Village","AR",NA,NA,45,NA,NA,NA,NA,NA,NA,NA,NA,NA,NA,NA,NA,NA,NA,NA,"Withdrawal Non-adjusted","Closed",NA,NA,NA,NA,NA,NA,2010-10-01,"26-50",TRUE,"RM","No",NA,0,"Uncoded",NA,"Other",NA
"26-RD-001174","Region 15, New Orleans, Louisiana","Lake Village Rehabilitation and Care Center",2010-09-27,2010-10-05,"Lake Village","AR",NA,NA,10,NA,NA,NA,NA,NA,NA,NA,NA,NA,NA,NA,NA,NA,NA,NA,"Withdrawal Non-adjusted","Closed",NA,NA,NA,NA,NA,NA,2010-07-01,"6-10",TRUE,"RD","No",NA,0,"Uncoded",NA,"Other",NA
"26-RC-008619","Region 15, New Orleans, Louisiana","GCA Services Group, Inc",2010-09-23,2010-12-14,"Russellville","AR","A",2010-12-06,25,NA,"LABORERS LOCAL 107",14,NA,NA,NA,NA,12,26,"N",NA,"N","LABORERS LOCAL 107","Rerun","Single Labor Organization","Certific. of Representative","Closed","Included:  All full-time and regular part-time housekeeping and fire watch employees employed by the Employer at its facility in Russellville, Arkansas.

Excluded: All other employees including office clerical and professional employees, guards and",NA,NA,NA,74,2010-10-01,2010-07-01,"11-25",TRUE,"RC","Yes","LABORERS LOCAL 107",1,"LIUNA",0.538461538461538,"Yes",-1
"26-RC-008619",NA,"GCA Services Group, Inc",2010-09-23,2010-12-14,"Russellville","AR","A",2010-12-06,25,0,"Laborers Local 107",14,NA,NA,NA,NA,12,26,"N",0,"N","Laborers Local 107","Initial","Revised Single Labor Org","Certific. of Representative","Closed",NA,NA,NA,NA,74,2010-10-01,2010-07-01,"11-25",FALSE,"RC","Yes","Laborers Local 107",1,"LIUNA",0.538461538461538,"Yes",-1
"26-RC-008619","Region 15, New Orleans, Louisiana","GCA Services Group, Inc",2010-09-23,2010-12-14,"Russellville","AR","A",2010-11-04,25,NA,"LABORERS LOCAL 107",13,NA,NA,NA,NA,12,25,"N",1,"Y",NA,"Initial","Single Labor Organization","Certific. of Representative","Closed","Included:  All full-time and regular part-time housekeeping and fire watch employees employed by the Employer at its facility in Russellville, Arkansas.

Excluded: All other employees including office clerical and professional employees, guards and",NA,NA,NA,42,2010-10-01,2010-07-01,"11-25",FALSE,"RC","Yes","LABORERS LOCAL 107",1,"LIUNA",0.52,"Yes",0
"26-RC-008617","Region 15, New Orleans, Louisiana","H & L Poultry Processing, LLC",2010-08-27,2010-10-20,"Warren","AR","A",2010-10-08,32,NA,"UFCW, LOCAL 2008",19,NA,NA,NA,NA,8,27,"N",1,"N","UFCW, LOCAL 2008","Initial","Single Labor Organization","Certific. of Representative","Closed","Included: All full-time and regular part-time production employees, and shipping and receiving employees.

Excluded: All other employees, including quality assurance employees, technical employees, maintenance sanitation employees, leads, office cl",NA,NA,NA,42,2010-10-01,2010-07-01,"26-50",TRUE,"RC","Yes","UFCW, LOCAL 2008",1,"UFCW",0.703703703703704,"Yes",5
"26-RC-008616","Region 15, New Orleans, Louisiana","Warren Unilube, Inc.",2010-08-19,2011-03-16,"West Memphis","AR","A",2010-11-05,135,NA,"TEAMSTERS LOCAL 667",69,NA,NA,NA,NA,56,125,"N",5,"N","TEAMSTERS LOCAL 667","Initial","Single Labor Organization","Certific. of Representative","Closed","Included; All full-time and regular part-time employees, including production, plastics, blending, maintenance, warehouse, plant clericals, quality inspectors and truck drivers, employed by the Employer at its West Memphis, Arkansas facility.

Excl",NA,NA,NA,78,2010-10-01,2010-07-01,"101-500",TRUE,"RC","Yes","TEAMSTERS LOCAL 667",1,"Teamsters",0.552,"Yes",10
"26-RC-008611","Region 15, New Orleans, Louisiana","Tyson Foods Incorporated",2010-06-08,2010-07-16,"Waldron","AR",NA,NA,43,NA,NA,NA,NA,NA,NA,NA,NA,NA,NA,NA,NA,NA,NA,NA,"Withdrawal Non-adjusted","Closed",NA,NA,NA,NA,NA,NA,2010-04-01,"26-50",TRUE,"RC","No",NA,0,"Uncoded",NA,"Other",NA
"26-RD-001171","Region 15, New Orleans, Louisiana","Americold LLC",2010-04-05,2010-05-24,"Little Rock","AR","A",2010-05-12,43,NA,"TEAMSTERS LOCAL 878",9,NA,NA,NA,NA,23,32,"N",1,"N",NA,"Initial","Single Labor Organization","Certification of Results","Closed","Included:  All full-time and regular part-time forklift drivers, checkers, double reachers, maintenance, shuttle drivers, and inventory employees

Excluded:  All other employees, including office clerical and professional employees, guards, and sup",NA,NA,NA,37,2010-04-01,2010-04-01,"26-50",TRUE,"RD","Yes","TEAMSTERS LOCAL 878",1,"Teamsters",0.28125,"No",11
"26-RD-001170","Region 15, New Orleans, Louisiana","Kimberly-Clark Conway Personal Care Facility",2010-03-26,2010-09-29,"Conway","AR","A",2010-04-28,89,NA,"CARPENTERS INDUSTRIAL COUNCIL UNITED BROTHERHOOD OF CARPENTERS AND JOINERS OF AMERICA, LOCAL 147",44,NA,NA,NA,NA,44,88,"N",NA,"N",NA,"Initial","Single Labor Organization","Certification of Results","Closed","Included: All full-time and regular part-time integrated maintenance technicians, mechanical and electrical maintenance employees and maintenance planners.

Excluded: Office clerical and professional employees, guards and supervisors as defined by",NA,NA,NA,33,2010-04-01,2010-01-01,"51-100",TRUE,"RD","Yes","CARPENTERS INDUSTRIAL COUNCIL UNITED BROTHERHOOD OF CARPENTERS AND JOINERS OF AMERICA, LOCAL 147",1,"UBC",0.5,"No",1
"26-RC-008604","Region 15, New Orleans, Louisiana","Consolidated Container Company LP",2010-02-05,2010-03-25,"West Memphis","AR","A",2010-03-12,23,NA,"GLASS MOLDERS, POTTERY, PLASTICS & ALLIED WORKERS, AFL-CIO",2,NA,NA,NA,NA,20,22,"N",NA,"N",NA,"Initial","Single Labor Organization","Certification of Results","Closed","Included: All production, maintenance and warehouse employees and group leaders employed by the Consolidated Container Company LP at its West Memphis, Arkansas facility.

Excluded: All office clerical employees, temporary employees, confidential em",NA,NA,NA,35,2010-01-01,2010-01-01,"11-25",TRUE,"RC","Yes","GLASS MOLDERS, POTTERY, PLASTICS & ALLIED WORKERS, AFL-CIO",0,"Uncoded",0.0909090909090909,"No",1
"26-RC-008602","Region 15, New Orleans, Louisiana","Arkansas Refrigerated Services, Inc.",2010-01-28,2010-03-23,"Fort Smith","AR","A",2010-03-12,40,1,"INTERNATIONAL BROTHERHOOD OF TEAMSTERS LOCAL UNION 373",11,NA,NA,NA,NA,28,39,"N",1,"N",NA,"Initial","Single Labor Organization","Certification of Results","Closed","Included: All full-time and regular part-time warehousemen, fork lift drivers, clean-up employees, checkers, shuttle drivers, errand runners, refrigeration employees, maintenance employees and mechanics.

Excluded: All other employees, office and c",NA,NA,NA,43,2010-01-01,2010-01-01,"26-50",TRUE,"RC","Yes","INTERNATIONAL BROTHERHOOD OF TEAMSTERS LOCAL UNION 373",1,"Teamsters",0.282051282051282,"No",1
"26-RC-008603","Region 15, New Orleans, Louisiana","Silver Oaks Health and Rehabilitation Center",2010-01-28,2010-03-08,"Camden","AR",NA,NA,70,NA,NA,NA,NA,NA,NA,NA,NA,NA,NA,NA,NA,NA,NA,NA,"Withdrawal Non-adjusted","Closed",NA,NA,NA,NA,NA,NA,2010-01-01,"51-100",TRUE,"RC","No",NA,0,"Uncoded",NA,"Other",NA
"26-RC-008599","Region 15, New Orleans, Louisiana","Multiserv (A Division of Harsco Corporation)",2009-11-10,2009-12-10,"Armorel","AR",NA,NA,39,NA,NA,NA,NA,NA,NA,NA,NA,NA,NA,NA,NA,NA,NA,NA,"Withdrawal Non-adjusted","Closed",NA,NA,NA,NA,NA,NA,2009-10-01,"26-50",TRUE,"RC","No",NA,0,"Uncoded",NA,"Other",NA
"26-RC-008598","Region 15, New Orleans, Louisiana","Multiserv (A Division of Harsco Corp.)",2009-11-10,2009-12-10,"Armorel","AR",NA,NA,40,NA,NA,NA,NA,NA,NA,NA,NA,NA,NA,NA,NA,NA,NA,NA,"Withdrawal Non-adjusted","Closed",NA,NA,NA,NA,NA,NA,2009-10-01,"26-50",TRUE,"RC","No",NA,0,"Uncoded",NA,"Other",NA
"26-RD-001168","Region 15, New Orleans, Louisiana","Aramark Uniform and Career Apparel, LLC",2009-10-29,2010-06-01,"Pine Bluff","AR","A",2010-05-20,58,NA,"SERVICE WORKERS UNITED",35,NA,NA,NA,NA,14,49,"N",NA,"N","SERVICE WORKERS UNITED","Rerun","Single Labor Organization","Certific. of Representative","Closed","Included:  All full-time and regular part-time production employees employed by Aramark Uniform and Career Apparel LLC in Pine Bluff, Arkansas.
Excluded:  All other employees, maintenance employees, professional employees, office clerical employees,",NA,NA,NA,203,2010-04-01,2009-10-01,"51-100",TRUE,"RD","Yes","SERVICE WORKERS UNITED",1,"WU",0.714285714285714,"Yes",9
"26-RD-001168","Region 15, New Orleans, Louisiana","Aramark Uniform and Career Apparel, LLC",2009-10-29,2010-06-01,"Pine Bluff","AR","A",2009-12-10,58,NA,"SERVICE WORKERS UNITED",27,NA,NA,NA,NA,27,54,"N",NA,"N",NA,"Initial","Single Labor Organization","Certific. of Representative","Closed","Included:  All full-time and regular part-time production employees employed by Aramark Uniform and Career Apparel LLC in Pine Bluff, Arkansas.
Excluded:  All other employees, maintenance employees, professional employees, office clerical employees,",NA,NA,NA,42,2009-10-01,2009-10-01,"51-100",FALSE,"RD","Yes","SERVICE WORKERS UNITED",1,"WU",0.5,"Yes",4
"26-RM-000477","Region 15, New Orleans, Louisiana","Phillips-Van Heusen Corporation",2009-10-20,2009-12-15,"Brinkley","AR",NA,NA,31,NA,NA,NA,NA,NA,NA,NA,NA,NA,NA,NA,NA,NA,NA,NA,"Administrative Closing","Closed",NA,NA,NA,NA,NA,NA,2009-10-01,"26-50",TRUE,"RM","No",NA,0,"Uncoded",NA,"Other",NA
"26-RM-000476","Region 15, New Orleans, Louisiana","Cintas Corporation",2009-10-09,2009-12-11,"Fort Smith","AR",NA,NA,40,NA,NA,NA,NA,NA,NA,NA,NA,NA,NA,NA,NA,NA,NA,NA,"Administrative Closing","Closed",NA,NA,NA,NA,NA,NA,2009-10-01,"26-50",TRUE,"RM","No",NA,0,"Uncoded",NA,"Other",NA
"26-RC-008595","Region 15, New Orleans, Louisiana","York Linings International, Inc.",2009-09-25,2009-11-19,"Foreman","AR","A",2009-11-06,51,1,"LABORERS LOCAL 1282",10,NA,NA,NA,NA,30,41,"N",1,"N",NA,"Initial","Single Labor Organization","Certification of Results","Closed","Included: All full-time and regular part-time general laborers employed by the Employer at its project at Foreman, Arkansas

Excluded: All other employees, office clerical employees, professional employees, guards and supervisors as defined in the",NA,NA,NA,42,2009-10-01,2009-07-01,"51-100",TRUE,"RC","Yes","LABORERS LOCAL 1282",1,"LIUNA",0.25,"No",11
"26-RD-001167","Region 15, New Orleans, Louisiana","Lake Village Healthcare Center LLC",2009-08-21,2009-09-25,"Lake Village","AR","A",2009-09-16,12,NA,"UNITED FOOD AND COMMERCIAL WORKERS UNION, LOCAL 2008",6,NA,NA,NA,NA,5,11,"N",NA,"N","UNITED FOOD AND COMMERCIAL WORKERS UNION, LOCAL 2008","Initial","Single Labor Organization","Certific. of Representative","Closed","Included: All full-time and regular part-time Licensed Practical Nurses employed by Lake Village Healthcare Center in Lake Village, Arkansas.

Excluded: All office clerical employees, professional employees, including registered nurses, certified n",NA,NA,NA,26,2009-07-01,2009-07-01,"11-25",TRUE,"RD","Yes","UNITED FOOD AND COMMERCIAL WORKERS UNION, LOCAL 2008",1,"UFCW",0.545454545454545,"Yes",1
"26-RD-001165","Region 15, New Orleans, Louisiana","Southern Bakeries LLC",2009-07-28,2009-09-15,"Hope","AR","A",2009-09-05,152,NA,"BAKERY, CONFECTIONARY, TOBACCO WORKERS AND GRAIN MILLERS INTERNATIONAL UNION, LOCAL 111",83,NA,NA,NA,NA,46,129,"N",13,"N","BAKERY, CONFECTIONARY, TOBACCO WORKERS AND GRAIN MILLERS INTERNATIONAL UNION, LOCAL 111","Initial","Single Labor Organization","Certific. of Representative","Closed","Included: All full-time and regular part-time production and sanitation employees.

Excluded: All other employees, including temporary and seasonal employees as defined in the current collective bargaining agreement, office clerical employees, prof",NA,NA,NA,39,2009-07-01,2009-07-01,"101-500",TRUE,"RD","Yes","BAKERY, CONFECTIONARY, TOBACCO WORKERS AND GRAIN MILLERS INTERNATIONAL UNION, LOCAL 111",0,"Uncoded",0.643410852713178,"Yes",23
"26-RC-008592","Region 15, New Orleans, Louisiana","Pathfinder",2009-06-24,2009-08-10,"Jacksonville","AR","A",2009-07-31,36,2,"LABORERS INTERNATIONAL UNION OF NORTH AMERICA, LOCAL 1282",14,NA,NA,NA,NA,16,30,"N",NA,"N",NA,"Initial","Single Labor Organization","Certification of Results","Closed","Included: All full-time and regular part-time custodial workers employed by Pathfinder, Inc., working on the Little Rock Air Force Base in Jacksonville, Arkansas.

Excluded:  All other employees, including office clerical and professional employees",NA,NA,NA,37,2009-07-01,2009-04-01,"26-50",TRUE,"RC","Yes","LABORERS INTERNATIONAL UNION OF NORTH AMERICA, LOCAL 1282",1,"LIUNA",0.466666666666667,"No",6
"26-RC-008591","Region 15, New Orleans, Louisiana","Lake Village Healthcare Center, LLC",2009-06-12,2009-07-21,"Lake Village","AR",NA,NA,14,NA,NA,NA,NA,NA,NA,NA,NA,NA,NA,NA,NA,NA,NA,NA,"Withdrawal Non-adjusted","Closed",NA,NA,NA,NA,NA,NA,2009-04-01,"11-25",TRUE,"RC","No",NA,0,"Uncoded",NA,"Other",NA
"26-RD-001163","Region 15, New Orleans, Louisiana","Crestpark of Wynne",2009-06-11,2009-06-17,"Wynne","AR",NA,NA,88,NA,NA,NA,NA,NA,NA,NA,NA,NA,NA,NA,NA,NA,NA,NA,"Withdrawal Non-adjusted","Closed",NA,NA,NA,NA,NA,NA,2009-04-01,"51-100",TRUE,"RD","No",NA,0,"Uncoded",NA,"Other",NA
"26-RD-001162","Region 15, New Orleans, Louisiana","Rock-Tenn Company",2009-05-29,2009-09-10,"Conway","AR","A",2009-08-29,238,NA,"UNITED STEEL, PAPER AND FORESTRY, RUBBER, MANUFACTURING, ENERGY, ALLIED INDUSTRIAL SERVICE WORKERS (",105,NA,NA,NA,NA,129,234,"N",NA,"N",NA,"Initial","Single Labor Organization","Certification of Results","Closed","Included:  All full-time and regular part-time production, maintenance, and shipping and receiving employees.

Excluded: All other employees, including office clerical employees, professional employees, guards, and supervisors as defined in the Act",NA,NA,NA,92,2009-07-01,2009-04-01,"101-500",TRUE,"RD","Yes","UNITED STEEL, PAPER AND FORESTRY, RUBBER, MANUFACTURING, ENERGY, ALLIED INDUSTRIAL SERVICE WORKERS (",1,"USW",0.448717948717949,"No",4
"26-RC-008586","Region 15, New Orleans, Louisiana","Pride Industries, Inc.",2009-05-01,2009-06-01,"Little Rock","AR","A",2009-05-22,23,NA,"LABORERS UNION LOCAL 1282",7,NA,NA,NA,NA,10,17,"N",NA,"N",NA,"Initial","Single Labor Organization","Certification of Results","Closed","Included:  All full-time and regular part-time janitorial employees employed by the Employer at the Little Rock, Arkansas Federal Building.

Excluded:  All other employees, including office clerical and professional employees, guards and supervisor",NA,NA,NA,21,2009-04-01,2009-04-01,"11-25",TRUE,"RC","Yes","LABORERS UNION LOCAL 1282",1,"LIUNA",0.411764705882353,"No",6
"26-RC-008584","Region 15, New Orleans, Louisiana","Pride Industries, Inc.",2009-04-15,2009-05-18,"Jacksonville","AR","A",2009-05-08,30,NA,"LABORERS LOCAL 1282",1,NA,NA,NA,NA,23,24,"N",NA,"N",NA,"Initial","Single Labor Organization","Certification of Results","Closed","Included: All full-time and regular part-time groundskeepers employed by the Employer at the Little Rock Air Force Base, Arkansas

Excluded: All other employees, including office clerical employees, professional employees, guards and supervisors as",NA,NA,NA,23,2009-04-01,2009-04-01,"26-50",TRUE,"RC","Yes","LABORERS LOCAL 1282",1,"LIUNA",0.0416666666666667,"No",6
"26-RD-001161","Region 15, New Orleans, Louisiana","Waste Management ",2009-02-11,2009-04-08,"Pine Bluff","AR","A",2009-03-26,27,NA,"AFSCME UNION, LOCAL 966",7,NA,NA,NA,NA,20,27,"N",NA,"N",NA,"Initial","Single Labor Organization","Certification of Results","Closed","Included: All full-time and regular part-time commercial collection, non-commercial collection, and                residential collection employees in the collection department.

Excluded: Office clerical and professional employees, guards and supervisors as defined in the Act.",NA,NA,NA,43,2009-01-01,2009-01-01,"26-50",TRUE,"RD","Yes","AFSCME UNION, LOCAL 966",1,"AFSCME",0.259259259259259,"No",0
"26-RC-008580","Region 15, New Orleans, Louisiana","A. D. Conners",2009-02-10,2009-02-25,"Pine Bluff","AR",NA,NA,6,NA,NA,NA,NA,NA,NA,NA,NA,NA,NA,NA,NA,NA,NA,NA,"Withdrawal Non-adjusted","Closed",NA,NA,NA,NA,NA,NA,2009-01-01,"6-10",TRUE,"RC","No",NA,0,"Uncoded",NA,"Other",NA
NA,NA,NA,NA,NA,NA,NA,NA,NA,NA,NA,NA,NA,NA,NA,NA,NA,NA,NA,NA,NA,NA,NA,NA,NA,NA,NA,NA,NA,NA,NA,NA,NA,NA,NA,NA,NA,NA,NA,NA,NA,NA,NA,NA
"26-RD-001159","Region 15, New Orleans, Louisiana","DCT, Inc.",2008-12-15,2009-07-15,"Jefferson","AR",NA,NA,45,NA,NA,NA,NA,NA,NA,NA,NA,NA,NA,NA,NA,NA,NA,NA,"Withdrawal Non-adjusted","Closed",NA,NA,NA,NA,NA,NA,2008-10-01,"26-50",TRUE,"RD","No",NA,0,"Uncoded",NA,"Other",NA
NA,NA,NA,NA,NA,NA,NA,NA,NA,NA,NA,NA,NA,NA,NA,NA,NA,NA,NA,NA,NA,NA,NA,NA,NA,NA,NA,NA,NA,NA,NA,NA,NA,NA,NA,NA,NA,NA,NA,NA,NA,NA,NA,NA
"26-RD-001158","Region 15, New Orleans, Louisiana","Aluma-Weld, Inc. d/b/a Xpress Boats",2008-11-03,2008-12-24,"Hot Springs","AR","A",2008-12-12,85,2,"UNITED STEEL, PAPER AND FORESTRY, RUBBER, MANUFACTURING, ENERGY, ALLIED INDUSTRIAL AND SERVICE WORKE",49,NA,NA,NA,NA,27,76,"N",NA,"N","UNITED STEEL, PAPER AND FORESTRY, RUBBER, MANUFACTURING, ENERGY, ALLIED INDUSTRIAL AND SERVICE WORKE","Initial","Single Labor Organization","Certific. of Representative","Closed","Included: All production and maintenance employees.

Excluded: All other employees including office clerical employees, professional employees, over-the-road truck drivers, guards and supervisors as defined in the Act.",NA,NA,NA,39,2008-10-01,2008-10-01,"51-100",TRUE,"RD","Yes","UNITED STEEL, PAPER AND FORESTRY, RUBBER, MANUFACTURING, ENERGY, ALLIED INDUSTRIAL AND SERVICE WORKE",1,"USW",0.644736842105263,"Yes",9
"26-RC-008575","Region 15, New Orleans, Louisiana","Multiserv (A Division of Harsco Corporation)",2008-09-30,2008-11-20,"Armorel","AR","A",2008-11-12,46,NA,"INTERNATIONAL UNION OF OPERATING ENGINEERS, LOCAL 624",13,NA,NA,NA,NA,29,42,"N",3,"N",NA,"Initial","Single Labor Organization","Certification of Results","Closed","Included: All full-time and regular part-time employees employed by Multiserv at the Nucor-Yamato steel mill in Amorel, Arkansas.

Excluded: All leadmen, office clerical, plant clericals and professional employees, guards and supervisors as defined in the Act.",NA,NA,NA,43,2008-10-01,2008-07-01,"26-50",TRUE,"RC","Yes","INTERNATIONAL UNION OF OPERATING ENGINEERS, LOCAL 624",1,"IUOE",0.30952380952381,"No",4
"26-RC-008574","Region 15, New Orleans, Louisiana","Multiserv (A Division of Harsco Corporation)",2008-09-30,2008-11-20,"Butler","AR","A",2008-11-12,62,NA,"INTERNATIONAL UNION OF OPERATING ENGINEERS, LOCAL 624",15,NA,NA,NA,NA,45,60,"N",1,"N",NA,"Initial","Single Labor Organization","Certification of Results","Closed","Included:  All full-time and regular part-time employees employed by Multiserv at the Nucor-Hickman steel mill in Armorel, Arkansas.

Excluded: All leadmen, office clerical, plant clericals and professional employees, guards and supervisors as defi",NA,NA,NA,43,2008-10-01,2008-07-01,"51-100",TRUE,"RC","Yes","INTERNATIONAL UNION OF OPERATING ENGINEERS, LOCAL 624",1,"IUOE",0.25,"No",2
"26-RD-001157","Region 15, New Orleans, Louisiana","Magnolia Healthcare",2008-08-28,2008-09-05,"Magnolia","AR",NA,NA,50,NA,NA,NA,NA,NA,NA,NA,NA,NA,NA,NA,NA,NA,NA,NA,"Administrative Closing","Closed",NA,NA,NA,NA,NA,NA,2008-07-01,"26-50",TRUE,"RD","No",NA,0,"Uncoded",NA,"Other",NA
NA,NA,NA,NA,NA,NA,NA,NA,NA,NA,NA,NA,NA,NA,NA,NA,NA,NA,NA,NA,NA,NA,NA,NA,NA,NA,NA,NA,NA,NA,NA,NA,NA,NA,NA,NA,NA,NA,NA,NA,NA,NA,NA,NA
"26-RD-001156","Region 15, New Orleans, Louisiana","Southern Bakeries LLC",2008-08-04,2008-10-27,"Hope","AR",NA,NA,160,NA,NA,NA,NA,NA,NA,NA,NA,NA,NA,NA,NA,NA,NA,NA,"Dismissal Non-adjusted","Closed",NA,NA,NA,NA,NA,NA,2008-07-01,"101-500",TRUE,"RD","No",NA,0,"Uncoded",NA,"Other",NA
NA,NA,NA,NA,NA,NA,NA,NA,NA,NA,NA,NA,NA,NA,NA,NA,NA,NA,NA,NA,NA,NA,NA,NA,NA,NA,NA,NA,NA,NA,NA,NA,NA,NA,NA,NA,NA,NA,NA,NA,NA,NA,NA,NA
"26-RC-008561","Region 15, New Orleans, Louisiana","Southern Bakeries LLC",2008-07-18,2008-08-28,"Hope","AR",NA,NA,16,NA,NA,NA,NA,NA,NA,NA,NA,NA,NA,NA,NA,NA,NA,NA,"Withdrawal Non-adjusted","Closed",NA,NA,NA,NA,NA,NA,2008-07-01,"11-25",TRUE,"RC","No",NA,0,"Uncoded",NA,"Other",NA
"26-RC-008559","Region 15, New Orleans, Louisiana","Waste Management, Inc.",2008-06-20,2008-08-11,"Little Rock","AR","A",2008-08-01,51,NA,"CHAUFFEURS, TEAMSTERS, WAREHOUSEMAN, AND HELPERS LOCAL UNION 878",15,NA,NA,NA,NA,33,48,"N",2,"N",NA,"Initial","Single Labor Organization","Certification of Results","Closed","Included:  All full-time and regular part-time drivers.

Excluded: Office clerical and professional employees, guards, shop employees, mechanics and supervisors as defined in the Act.",NA,NA,NA,42,2008-07-01,2008-04-01,"51-100",TRUE,"RC","Yes","CHAUFFEURS, TEAMSTERS, WAREHOUSEMAN, AND HELPERS LOCAL UNION 878",1,"Teamsters",0.3125,"No",3
"26-RD-001152","Region 15, New Orleans, Louisiana","Mid Continent Concrete",2008-04-25,2008-05-02,"Van Buren","AR",NA,NA,17,NA,NA,NA,NA,NA,NA,NA,NA,NA,NA,NA,NA,NA,NA,NA,"Withdrawal Non-adjusted","Closed",NA,NA,NA,NA,NA,NA,2008-04-01,"11-25",TRUE,"RD","No",NA,0,"Uncoded",NA,"Other",NA
"26-RM-000473","Region 15, New Orleans, Louisiana","Courtyard Rehabilitation and Health Center",2008-02-14,2008-03-04,"El Dorado","AR",NA,NA,43,NA,NA,NA,NA,NA,NA,NA,NA,NA,NA,NA,NA,NA,NA,NA,"Withdrawal Non-adjusted","Closed",NA,NA,NA,NA,NA,NA,2008-01-01,"26-50",TRUE,"RM","No",NA,0,"Uncoded",NA,"Other",NA
"26-RM-000474","Region 15, New Orleans, Louisiana","Courtyard Rehabilitation and Health Center",2008-02-14,2008-03-04,"El Dorado","AR",NA,NA,43,NA,NA,NA,NA,NA,NA,NA,NA,NA,NA,NA,NA,NA,NA,NA,"Withdrawal Non-adjusted","Closed",NA,NA,NA,NA,NA,NA,2008-01-01,"26-50",TRUE,"RM","No",NA,0,"Uncoded",NA,"Other",NA
"26-RC-008550","Region 15, New Orleans, Louisiana","Team Health, LLC",2008-02-08,2008-03-18,"Little Rock","AR",NA,NA,65,NA,NA,NA,NA,NA,NA,NA,NA,NA,NA,NA,NA,NA,NA,NA,"Withdrawal Non-adjusted","Closed",NA,NA,NA,NA,NA,NA,2008-01-01,"51-100",TRUE,"RC","No",NA,0,"Uncoded",NA,"Other",NA
NA,NA,NA,NA,NA,NA,NA,NA,NA,NA,NA,NA,NA,NA,NA,NA,NA,NA,NA,NA,NA,NA,NA,NA,NA,NA,NA,NA,NA,NA,NA,NA,NA,NA,NA,NA,NA,NA,NA,NA,NA,NA,NA,NA
NA,NA,NA,NA,NA,NA,NA,NA,NA,NA,NA,NA,NA,NA,NA,NA,NA,NA,NA,NA,NA,NA,NA,NA,NA,NA,NA,NA,NA,NA,NA,NA,NA,NA,NA,NA,NA,NA,NA,NA,NA,NA,NA,NA
"26-RC-008546","Region 15, New Orleans, Louisiana","K. T. Grant, Inc.",2007-12-17,2007-12-19,"Armorel","AR",NA,NA,8,NA,NA,NA,NA,NA,NA,NA,NA,NA,NA,NA,NA,NA,NA,NA,"Withdrawal Non-adjusted","Closed",NA,NA,NA,NA,NA,NA,2007-10-01,"6-10",TRUE,"RC","No",NA,0,"Uncoded",NA,"Other",NA
"26-RD-001148","Region 15, New Orleans, Louisiana","Southern Bakeries Trucking, LLC",2007-12-10,2008-02-07,"Hope","AR","A",2008-01-29,34,1,"CHAUFFEURS, TEAMSTERS AND HELPERS, LOCAL UNION NO. 878",12,NA,NA,NA,NA,15,27,"N",1,"N",NA,"Initial","Single Labor Organization","Certification of Results","Closed","Included:  All full time over-the-road drivers.


Excluded:  All part-time drivers, casual drivers, seasonal drivers, temporary drivers, office clerical employees, professional employees, all other employees, guards and supervisors as defined in t",NA,NA,NA,50,2008-01-01,2007-10-01,"26-50",TRUE,"RD","Yes","CHAUFFEURS, TEAMSTERS AND HELPERS, LOCAL UNION NO. 878",1,"Teamsters",0.444444444444444,"No",7
"26-RD-001146","Region 15, New Orleans, Louisiana","Waste Management, Inc.",2007-11-26,2008-01-22,"Pine Bluff","AR","A",2008-01-10,25,NA,"LOCAL 966/COUNCIL 38, AFSCME, AFL-CIO",14,NA,NA,NA,NA,10,24,"N",1,"N","LOCAL 966/COUNCIL 38, AFSCME, AFL-CIO","Initial","Single Labor Organization","Certific. of Representative","Closed","Included:  All full-time and regular part-time commercial collection, non-commercial collection and residential collection employees in the collection department.

Excluded:  All temporary employees, managers, assistant managers, watchman, shop emp",NA,NA,NA,45,2008-01-01,2007-10-01,"11-25",TRUE,"RD","Yes","LOCAL 966/COUNCIL 38, AFSCME, AFL-CIO",1,"AFSCME",0.583333333333333,"Yes",1
"26-RC-008545","Region 15, New Orleans, Louisiana","First Student, Inc.",2007-11-13,2007-12-26,"Little Rock","AR","A",2007-12-14,320,1,"LOCAL 878, INTERNATIONAL BROTHERHOOD OF TEAMSTERS",243,NA,NA,NA,NA,3,246,"N",3,"N","LOCAL 878, INTERNATIONAL BROTHERHOOD OF TEAMSTERS","Initial","Single Labor Organization","Certific. of Representative","Closed","Included:  All full-time and regular part-time drivers, mechanics and fuelers.

Excluded:  Technicians in charge, office clerical and professional employees, guards and supervisors as defined in the Act.",NA,NA,NA,31,2007-10-01,2007-10-01,"101-500",TRUE,"RC","Yes","LOCAL 878, INTERNATIONAL BROTHERHOOD OF TEAMSTERS",1,"Teamsters",0.98780487804878,"Yes",74
NA,NA,NA,NA,NA,NA,NA,NA,NA,NA,NA,NA,NA,NA,NA,NA,NA,NA,NA,NA,NA,NA,NA,NA,NA,NA,NA,NA,NA,NA,NA,NA,NA,NA,NA,NA,NA,NA,NA,NA,NA,NA,NA,NA
"26-RC-008544","Region 15, New Orleans, Louisiana","South Central Arkansas Electric Coop Inc.",2007-10-30,2007-12-21,"Arkadelphia","AR","A",2007-12-13,23,NA,"INTERNATIONAL BROTHERHOOD OF ELECTRICAL WORKERS, LOCAL 295",19,NA,NA,NA,NA,2,21,"N",1,"N","INTERNATIONAL BROTHERHOOD OF ELECTRICAL WORKERS, LOCAL 295","Initial","Single Labor Organization","Certific. of Representative","Closed","Included:  All full-time and regular part-time apprentice linemen, linemen, crew leaders, servicemen, operators, warehousemen, groundmen, mechanics, cashiers and member records specialisits

Excluded:  All other employees, including professional em",NA,NA,NA,44,2007-10-01,2007-10-01,"11-25",TRUE,"RC","Yes","INTERNATIONAL BROTHERHOOD OF ELECTRICAL WORKERS, LOCAL 295",1,"IBEW",0.904761904761905,"Yes",2
"26-RD-001144","Region 15, New Orleans, Louisiana","Mail Contractors of America, Inc.",2007-10-23,2008-02-25,"West Memphis","AR",NA,NA,78,NA,NA,NA,NA,NA,NA,NA,NA,NA,NA,NA,NA,NA,NA,NA,"Withdrawal Non-adjusted","Closed",NA,NA,NA,NA,NA,NA,2007-10-01,"51-100",TRUE,"RD","No",NA,0,"Uncoded",NA,"Other",NA
"26-RC-008539","Region 15, New Orleans, Louisiana","Boar's Head Provisions Company, Inc.",2007-10-09,2008-02-04,"Forrest City","AR",NA,NA,320,NA,NA,NA,NA,NA,NA,NA,NA,NA,NA,NA,NA,NA,NA,NA,"Withdrawal Non-adjusted","Closed",NA,NA,NA,NA,NA,NA,2007-10-01,"101-500",TRUE,"RC","No",NA,0,"Uncoded",NA,"Other",NA
"26-RC-008538","Region 15, New Orleans, Louisiana","AFCO Steel, LLC of Arkansas",2007-10-02,2007-11-16,"Little Rock","AR","A",2007-11-08,208,NA,"LOCAL 878, INTERNATIONAL BROTHERHOOD OF TEAMSTERS",40,NA,NA,NA,NA,156,196,"N",10,"N",NA,"Initial","Single Labor Organization","Certification of Results","Closed","Included:  All full-time and regular part-time production and maintenance employees employed by the Employer at its Little Rock, Arkansas manufacturing facilities located at 710 Thomas Street and 1500 E. 22nd Street.

Excluded:  Office clerical and",NA,NA,NA,37,2007-10-01,2007-10-01,"101-500",TRUE,"RC","Yes","LOCAL 878, INTERNATIONAL BROTHERHOOD OF TEAMSTERS",1,"Teamsters",0.204081632653061,"No",12
"26-RC-008536","Region 15, New Orleans, Louisiana","Alabama Catfish, Inc. d/b/a Harvest Select Catfish",2007-09-06,2008-03-11,"Eudora","AR","A",2007-10-04,97,NA,"UNITED FOOD AND COMMERCIAL WORKERS UNION, LOCAL NO. 2008",33,NA,NA,NA,NA,56,89,"N",2,"N",NA,"Initial","Single Labor Organization","Certification of Results","Closed","Included:  All full-time and regular part-time production and maintenance employees, including quality assurance employees, and clean-up employees at the Employer's Eudora, Arkansas Harvest Select Catfish facility

Excluded:  Truck drivers,  office",NA,NA,NA,28,2007-10-01,2007-07-01,"51-100",TRUE,"RC","Yes","UNITED FOOD AND COMMERCIAL WORKERS UNION, LOCAL NO. 2008",1,"UFCW",0.370786516853933,"No",8
NA,NA,NA,NA,NA,NA,NA,NA,NA,NA,NA,NA,NA,NA,NA,NA,NA,NA,NA,NA,NA,NA,NA,NA,NA,NA,NA,NA,NA,NA,NA,NA,NA,NA,NA,NA,NA,NA,NA,NA,NA,NA,NA,NA
"26-RC-008533","Region 15, New Orleans, Louisiana","Evergreen Properties LLC of North Carolina d/b/a Crestpark of Wynne",2007-08-13,2007-10-05,"Wynne","AR","A",2007-09-27,57,NA,"UNITED FOOD AND COMMERICAL WORKERS, LOCAL 1529",43,NA,NA,NA,NA,10,53,"N",4,"N","UNITED FOOD AND COMMERICAL WORKERS, LOCAL 1529","Initial","Single Labor Organization","Certific. of Representative","Closed","Included:  All full-time and regular part-time service employees, including certified nurse assistants, housekeeping employees, laundry employees and dietary employees.

Excluded:  Registered nurses, licensed practical nurses, clerical employees, c",NA,NA,NA,45,2007-07-01,2007-07-01,"51-100",TRUE,"RC","Yes","UNITED FOOD AND COMMERICAL WORKERS, LOCAL 1529",0,"Uncoded",0.811320754716981,"Yes",4
"26-RD-001141","Region 15, New Orleans, Louisiana","Akal Security, Inc.",2007-07-23,2008-03-27,"Little Rock","AR","A",2008-03-18,50,5,"UNITED GOVERNMENT SECURITY OFFICERS OF AMERICA, LOCAL 167",22,NA,NA,NA,NA,20,42,"N",NA,"N","UNITED GOVERNMENT SECURITY OFFICERS OF AMERICA, LOCAL 167","Initial","Single Labor Organization","Certific. of Representative","Closed","Included:  All full-time and shared position Court Security Officers and Lead Security Officers employed by Akal Security, Inc. in the State of Arkansas.

Excluded:  All office clerical employees, professional, and supervisors as defined in the Act",NA,NA,NA,239,2008-01-01,2007-07-01,"26-50",TRUE,"RD","Yes","UNITED GOVERNMENT SECURITY OFFICERS OF AMERICA, LOCAL 167",1,"UGSOA",0.523809523809524,"Yes",8
"26-RC-008528","Region 15, New Orleans, Louisiana","Doug's Electrical Service, Inc.",2007-06-18,2007-10-22,"Russellville","AR","A",2007-08-22,12,NA,"LOCAL UNION 700, INTERNATIONAL BROTHERHOOD OF ELECTRICAL WORKERS, AFL-CIO,CLC",2,NA,NA,NA,NA,4,6,"N",2,"N",NA,"Rerun","Single Labor Organization","Withdrawal Non-adjusted","Closed","Included:  All persons performing electrical work including master electricians, journeyman electricians, apprentices and helpers employed by Doug's Electrical Service, Inc. in the following counties:  State of Arkansas - Baxter, Benton, Boone, Carro",NA,NA,NA,65,2007-07-01,2007-04-01,"11-25",TRUE,"RC","Yes","LOCAL UNION 700, INTERNATIONAL BROTHERHOOD OF ELECTRICAL WORKERS, AFL-CIO,CLC",1,"IBEW",0.333333333333333,"Other",6
"26-RC-008528",NA,"Doug's Electrical Service, Inc.",2007-06-18,2007-10-22,"Russellville","AR","A",2007-08-22,12,0,"Local Union 700, International Brotherhood of Electrical Workers, AFL-CIO,CLC",2,NA,NA,NA,NA,4,6,"N",2,"N",NA,"Initial","Revised Single Labor Org","Withdrawal","Closed","Included:  All persons performing electrical work including master electricians, journeyman electricians, apprentices and helpers employed by Doug's Electrical Service, Inc. in the following counties:  State of Arkansas - Baxter, Benton, Boone, Carroll, Crawford, Franklin, Johnson, Logan, Madison, Marion, Newton, Pope, Scott, Searcy, Sebastian, Washington, Yell;  State of Oklahoma - LeFlore County - Bradon, Pocola and Spiro Townships only, Sequoyah County - that portion east of Brent, Prices Chapel, Rocky Mountain and Sallisaw Townships

Excluded:  All office clerical employee's, estimators and supervisors/foreman's as defined by the Act.",NA,NA,NA,65,2007-07-01,2007-04-01,"11-25",FALSE,"RC","Yes","Local Union 700, International Brotherhood of Electrical Workers, AFL-CIO,CLC",1,"IBEW",0.333333333333333,"Other",6
"26-RC-008528","Region 15, New Orleans, Louisiana","Doug's Electrical Service, Inc.",2007-06-18,2007-10-22,"Russellville","AR","A",2007-07-26,12,NA,"LOCAL UNION 700, INTERNATIONAL BROTHERHOOD OF ELECTRICAL WORKERS, AFL-CIO,CLC",2,NA,NA,NA,NA,4,6,"N",7,"Y",NA,"Initial","Single Labor Organization","Withdrawal Non-adjusted","Closed","Included:  All persons performing electrical work including master electricians, journeyman electricians, apprentices and helpers employed by Doug's Electrical Service, Inc. in the following counties:  State of Arkansas - Baxter, Benton, Boone, Carro",NA,NA,NA,38,2007-07-01,2007-04-01,"11-25",FALSE,"RC","Yes","LOCAL UNION 700, INTERNATIONAL BROTHERHOOD OF ELECTRICAL WORKERS, AFL-CIO,CLC",1,"IBEW",0.333333333333333,"Other",6
"26-RC-008528",NA,"Doug's Electrical Service, Inc.",2007-06-18,2007-10-22,"Russellville","AR","A",2007-07-26,12,0,"Local Union 700, International Brotherhood of Electrical Workers, AFL-CIO,CLC",2,NA,NA,NA,NA,4,6,"N",7,"Y",NA,"Initial","Single Labor Organization","Withdrawal","Closed","Included:  All persons performing electrical work including master electricians, journeyman electricians, apprentices and helpers employed by Doug's Electrical Service, Inc. in the following counties:  State of Arkansas - Baxter, Benton, Boone, Carroll, Crawford, Franklin, Johnson, Logan, Madison, Marion, Newton, Pope, Scott, Searcy, Sebastian, Washington, Yell;  State of Oklahoma - LeFlore County - Bradon, Pocola and Spiro Townships only, Sequoyah County - that portion east of Brent, Prices Chapel, Rocky Mountain and Sallisaw Townships

Excluded:  All office clerical employee's, estimators and supervisors/foreman's as defined by the Act.",NA,NA,NA,38,2007-07-01,2007-04-01,"11-25",FALSE,"RC","Yes","Local Union 700, International Brotherhood of Electrical Workers, AFL-CIO,CLC",1,"IBEW",0.333333333333333,"Other",6
"26-RD-001138","Region 15, New Orleans, Louisiana","Kimberly-Clark Corporation",2007-05-31,2007-07-06,"Conway","AR","A",2007-06-27,97,NA,"UNITED BROTHERHOOD OF CARPENTERS AND JOINERS OF AMERICA, LOCAL 147",55,NA,NA,NA,NA,41,96,"N",1,"N","UNITED BROTHERHOOD OF CARPENTERS AND JOINERS OF AMERICA, LOCAL 147","Initial","Single Labor Organization","Certific. of Representative","Closed","Included:  All full-time integrated maintenance technicians, mechanical and electrical maintenance employees, and maintenance planners.

Excluded:  Production employees, integrated maintenance trainees, process specialists, operators, which include",NA,NA,NA,27,2007-04-01,2007-04-01,"51-100",TRUE,"RD","Yes","UNITED BROTHERHOOD OF CARPENTERS AND JOINERS OF AMERICA, LOCAL 147",1,"UBC",0.572916666666667,"Yes",1
"26-RC-008522","Region 15, New Orleans, Louisiana","J & J Womble Enterprises Inc. d/b/a James Super Save Foods",2007-04-19,2007-08-21,"Mena","AR",NA,NA,23,NA,NA,NA,NA,NA,NA,NA,NA,NA,NA,NA,NA,NA,NA,NA,"Withdrawal Non-adjusted","Closed",NA,NA,NA,NA,NA,NA,2007-04-01,"11-25",TRUE,"RC","No",NA,0,"Uncoded",NA,"Other",NA
NA,NA,NA,NA,NA,NA,NA,NA,NA,NA,NA,NA,NA,NA,NA,NA,NA,NA,NA,NA,NA,NA,NA,NA,NA,NA,NA,NA,NA,NA,NA,NA,NA,NA,NA,NA,NA,NA,NA,NA,NA,NA,NA,NA
"26-RC-008514","Region 15, New Orleans, Louisiana","Northwest Controls Systems, Inc.",2007-01-04,2007-01-04,"Springdale","AR",NA,NA,4,NA,NA,NA,NA,NA,NA,NA,NA,NA,NA,NA,NA,NA,NA,NA,"Withdrawal Non-adjusted","Closed",NA,NA,NA,NA,NA,NA,2007-01-01,"<5",TRUE,"RC","No",NA,0,"Uncoded",NA,"Other",NA
"26-RD-001136","Region 15, New Orleans, Louisiana","Mid Continent Concrete",2006-11-01,2007-02-28,"Fort Smith","AR",NA,NA,20,NA,NA,NA,NA,NA,NA,NA,NA,NA,NA,NA,NA,NA,NA,NA,"Dismissal Non-adjusted","Closed",NA,NA,NA,NA,NA,NA,2006-10-01,"11-25",TRUE,"RD","No",NA,0,"Uncoded",NA,"Other",NA
NA,NA,NA,NA,NA,NA,NA,NA,NA,NA,NA,NA,NA,NA,NA,NA,NA,NA,NA,NA,NA,NA,NA,NA,NA,NA,NA,NA,NA,NA,NA,NA,NA,NA,NA,NA,NA,NA,NA,NA,NA,NA,NA,NA
NA,NA,NA,NA,NA,NA,NA,NA,NA,NA,NA,NA,NA,NA,NA,NA,NA,NA,NA,NA,NA,NA,NA,NA,NA,NA,NA,NA,NA,NA,NA,NA,NA,NA,NA,NA,NA,NA,NA,NA,NA,NA,NA,NA
NA,NA,NA,NA,NA,NA,NA,NA,NA,NA,NA,NA,NA,NA,NA,NA,NA,NA,NA,NA,NA,NA,NA,NA,NA,NA,NA,NA,NA,NA,NA,NA,NA,NA,NA,NA,NA,NA,NA,NA,NA,NA,NA,NA
NA,NA,NA,NA,NA,NA,NA,NA,NA,NA,NA,NA,NA,NA,NA,NA,NA,NA,NA,NA,NA,NA,NA,NA,NA,NA,NA,NA,NA,NA,NA,NA,NA,NA,NA,NA,NA,NA,NA,NA,NA,NA,NA,NA
NA,NA,NA,NA,NA,NA,NA,NA,NA,NA,NA,NA,NA,NA,NA,NA,NA,NA,NA,NA,NA,NA,NA,NA,NA,NA,NA,NA,NA,NA,NA,NA,NA,NA,NA,NA,NA,NA,NA,NA,NA,NA,NA,NA
"26-RC-008508",NA,"Medallion Foods, Inc.",2006-08-29,2006-12-01,"Newport","AR","A",2006-11-22,193,0,"United Food and Commercial Workers Union, Local 2008",85,NA,NA,NA,NA,98,183,"N",0,"N",NA,"Rerun","Single Labor Organization","Certification of Results","Closed","Included:  All regular full-time production, maintenance, parts clerks, lab technician and shipping  and receiving employees

Excluded:  All office clerical employees, managers, salespeople, temporary employees,  guards and supervisors as defined by the Act.",NA,NA,NA,85,2006-10-01,2006-07-01,"101-500",TRUE,"RC","Yes","United Food and Commercial Workers Union, Local 2008",1,"UFCW",0.46448087431694,"No",10
"26-RC-008508",NA,"Medallion Foods, Inc.",2006-08-29,2006-12-01,"Newport","AR","A",2006-10-12,198,0,"United Food and Commercial Workers Union, Local 2008",75,NA,NA,NA,NA,113,188,"N",1,"N",NA,"Initial","Single Labor Organization","Certification of Results","Closed","Included:  All regular full-time production, maintenance, parts clerks, lab technician and shipping  and receiving employees

Excluded:  All office clerical employees, managers, salespeople, temporary employees,  guards and supervisors as defined by the Act.",NA,NA,NA,44,2006-10-01,2006-07-01,"101-500",FALSE,"RC","Yes","United Food and Commercial Workers Union, Local 2008",1,"UFCW",0.398936170212766,"No",10
"26-RC-008505",NA,"Waste Management, Inc.",2006-08-15,2006-10-12,"Little Rock","AR","A",2006-09-29,50,0,"Chauffeurs, Teamsters, Warehousemen, and Helpers Local Union No. 878",21,NA,NA,NA,NA,28,49,"N",0,"N",NA,"Initial","Single Labor Organization","Certification of Results","Closed","Included:  All full-time and regular part-time drivers.

Excluded:  Office clerical employees, professional employees, guards, shop employees, mechanics, and supervisors as defined by the Act.",NA,NA,NA,45,2006-07-01,2006-07-01,"26-50",TRUE,"RC","Yes","Chauffeurs, Teamsters, Warehousemen, and Helpers Local Union No. 878",1,"Teamsters",0.428571428571429,"No",1
"26-RD-001134",NA,"Midwest Weather",2006-07-13,2006-11-06,"Little Rock","AR","A",2006-10-27,8,0,"Local 100, Service Employees International Union",0,NA,NA,NA,NA,6,6,"N",0,"N",NA,"Initial","Single Labor Organization","Certification of Results","Closed","Included:  All full-time and regular part-time Certified Weather Observers who take the weather observations at the Little Rock National Airport.

Excluded:  All office clerical and professional employees, guards and supervisors as defined in the Act.",NA,NA,NA,106,2006-10-01,2006-07-01,"6-10",TRUE,"RD","Yes","Local 100, Service Employees International Union",1,"SEIU",0,"No",2
"26-RC-008502",NA,"Interstate Brands Corp.",2006-06-02,2006-07-10,"Jacksonville","AR","A",2006-06-29,4,0,"Bakery Workers Union Local 111",3,NA,NA,NA,NA,0,3,"N",0,"N","Bakery Workers Union Local 111","Initial","Single Labor Organization","Certific. of Representative","Closed","Included:  All full-time and regular part-time employees employed by the Employer at its facility located at 300 Dupree, Jacksonville, Arkansas

Excluded:  All guards and supervisors as defined in the Act.",NA,NA,NA,27,2006-04-01,2006-04-01,"<5",TRUE,"RC","Yes","Bakery Workers Union Local 111",0,"Uncoded",1,"Yes",1
NA,NA,NA,NA,NA,NA,NA,NA,NA,NA,NA,NA,NA,NA,NA,NA,NA,NA,NA,NA,NA,NA,NA,NA,NA,NA,NA,NA,NA,NA,NA,NA,NA,NA,NA,NA,NA,NA,NA,NA,NA,NA,NA,NA
"26-RM-000470",NA,"Arkansas Western Gas Company",2006-03-29,2006-05-08,"Blytheville","AR","A",2006-04-27,25,0,"IBEW, Local 1439",11,NA,NA,NA,NA,14,25,"N",0,"N",NA,"Initial","Single Labor Organization","Certification of Results","Closed","Included:  All production, construction, maintenance, service and stores employees engaged in the distribution, transmission, storage, maintenance and repair of gas transmission and distribution facilities.

Excluded:  All other employees, including clerical employees, guards, sales, professionals, managers and supervisors as defined in the Act.",NA,NA,NA,29,2006-04-01,2006-01-01,"11-25",TRUE,"RM","Yes","IBEW, Local 1439",1,"IBEW",0.44,"No",0
"26-RD-001130",NA,"Pilgrim's Pride",2006-02-27,2006-07-24,"El Dorado","AR","A",2006-07-13,57,0,"USW Local 090",23,NA,NA,NA,NA,30,53,"N",1,"N",NA,"Initial","Single Labor Organization","Certification of Results","Closed","Included:  All full-time and regular part-time feed mill employees, feed haul drivers, live haul drivers, truck shop mechanics, weigh-masters and cage repairers

Excluded:  All office clerical employees, guards, catch crews, professional employees, technical employees, supervisors as defined by the Act, and all other employees.",NA,NA,NA,136,2006-07-01,2006-01-01,"51-100",TRUE,"RD","Yes","USW Local 090",1,"USW",0.433962264150943,"No",4
NA,NA,NA,NA,NA,NA,NA,NA,NA,NA,NA,NA,NA,NA,NA,NA,NA,NA,NA,NA,NA,NA,NA,NA,NA,NA,NA,NA,NA,NA,NA,NA,NA,NA,NA,NA,NA,NA,NA,NA,NA,NA,NA,NA
NA,NA,NA,NA,NA,NA,NA,NA,NA,NA,NA,NA,NA,NA,NA,NA,NA,NA,NA,NA,NA,NA,NA,NA,NA,NA,NA,NA,NA,NA,NA,NA,NA,NA,NA,NA,NA,NA,NA,NA,NA,NA,NA,NA
NA,NA,NA,NA,NA,NA,NA,NA,NA,NA,NA,NA,NA,NA,NA,NA,NA,NA,NA,NA,NA,NA,NA,NA,NA,NA,NA,NA,NA,NA,NA,NA,NA,NA,NA,NA,NA,NA,NA,NA,NA,NA,NA,NA
"26-RD-001122",NA,"Pathfinder, Inc.",2005-08-25,2006-05-30,"Little Rock","AR","A",2006-05-18,50,0,"Local 1282, Laborers' International Union of North America, AFL-CIO",17,NA,NA,NA,NA,16,33,"N",0,"N","Local 1282, Laborers' International Union of North America, AFL-CIO","Initial","Revised Single Labor Org","Certific. of Representative","Closed","Included:  All employees performing service work, including instructors, at the Veterans Affairs Medical Center in North Little Rock, Arkansas and the John L. McCellan Memorial Veterans Hospital in Little Rock, Arkansas.

Excluded:  Switchboard Operators/Receptionists, office clerical employees, professional employees, guards, and Supervisors as defined by the Act.",NA,NA,NA,266,2006-04-01,2005-07-01,"26-50",TRUE,"RD","Yes","Local 1282, Laborers' International Union of North America, AFL-CIO",1,"LIUNA",0.515151515151515,"Yes",17
"26-RD-001122",NA,"Pathfinder, Inc.",2005-08-25,2006-05-30,"Little Rock","AR","A",2006-03-07,50,0,"Local 1282, Laborers' International Union of North America, AFL-CIO",16,NA,NA,NA,NA,16,32,"N",1,"Y",NA,"Initial","Revised Single Labor Org","Certific. of Representative","Closed","Included:  All employees performing service work, including instructors, at the Veterans Affairs Medical Center in North Little Rock, Arkansas and the John L. McCellan Memorial Veterans Hospital in Little Rock, Arkansas.

Excluded:  Switchboard Operators/Receptionists, office clerical employees, professional employees, guards, and Supervisors as defined by the Act.",NA,NA,NA,194,2006-01-01,2005-07-01,"26-50",FALSE,"RD","Yes","Local 1282, Laborers' International Union of North America, AFL-CIO",1,"LIUNA",0.5,"Yes",18
"26-RD-001122",NA,"Pathfinder, Inc.",2005-08-25,2006-05-30,"Little Rock","AR","A",2005-10-06,50,0,"Local 1282, Laborers' International Union of North America, AFL-CIO",16,NA,NA,NA,NA,14,30,"N",3,"Y","Local 1282, Laborers' International Union of North America, AFL-CIO","Initial","Single Labor Organization","Certific. of Representative","Closed","Included:  All employees performing service work, including instructors, at the Veterans Affairs Medical Center in North Little Rock, Arkansas and the John L. McCellan Memorial Veterans Hospital in Little Rock, Arkansas.

Excluded:  Switchboard Operators/Receptionists, office clerical employees, professional employees, guards, and Supervisors as defined by the Act.",NA,NA,NA,42,2005-10-01,2005-07-01,"26-50",FALSE,"RD","Yes","Local 1282, Laborers' International Union of North America, AFL-CIO",1,"LIUNA",0.533333333333333,"Yes",20
"26-RC-008486",NA,"Medallion Foods",2005-08-25,2005-10-14,"Newport","AR","A",2005-10-06,203,0,"United Food and Commercial Workers Union, Local 2008",50,NA,NA,NA,NA,145,195,"N",1,"N",NA,"Initial","Single Labor Organization","Certification of Results","Closed","Included:  All full time production, maintenance, and shipping and receiving employees, including parts clerks and lab technicians 

Excluded:  All office clerical employees, professional employees, guards, temporary employees and supervisors as defined by the Act.",NA,NA,NA,42,2005-10-01,2005-07-01,"101-500",TRUE,"RC","Yes","United Food and Commercial Workers Union, Local 2008",1,"UFCW",0.256410256410256,"No",8
NA,NA,NA,NA,NA,NA,NA,NA,NA,NA,NA,NA,NA,NA,NA,NA,NA,NA,NA,NA,NA,NA,NA,NA,NA,NA,NA,NA,NA,NA,NA,NA,NA,NA,NA,NA,NA,NA,NA,NA,NA,NA,NA,NA
"26-RC-008482",NA,"Tyson Foods, Inc.",2005-08-19,2006-04-10,"Hope","AR","A",2006-03-30,30,0,"United Food and Commercial Workers Union, Local 2008",7,NA,NA,NA,NA,23,30,"N",1,"N",NA,"Rerun","Single Labor Organization","Certification of Results","Closed","INCLUDED:  All full-time and part-time chicken catchers and loader operators employed at the Employer's Hope, Arkansas facility. 

EXCLUDED:  All office clerical employees, managerial employees, professional employees, temporary employees, truck shop employees, cage repair employees, guards, and supervisors as defined in the Act, and all other employees.",NA,NA,NA,223,2006-01-01,2005-07-01,"26-50",TRUE,"RC","Yes","United Food and Commercial Workers Union, Local 2008",1,"UFCW",0.233333333333333,"No",0
"26-RC-008482",NA,"Tyson Foods, Inc.",2005-08-19,2006-04-10,"Hope","AR","A",2005-10-13,28,0,"United Food and Commercial Workers Union, Local 2008",14,NA,NA,NA,NA,11,25,"N",13,"Y",NA,"Initial","Single Labor Organization","Certification of Results","Closed","INCLUDED:  All full-time and part-time chicken catchers and loader operators employed at the Employer's Hope, Arkansas facility. 

EXCLUDED:  All office clerical employees, managerial employees, professional employees, temporary employees, truck shop employees, cage repair employees, guards, and supervisors as defined in the Act, and all other employees.",NA,NA,NA,55,2005-10-01,2005-07-01,"26-50",FALSE,"RC","Yes","United Food and Commercial Workers Union, Local 2008",1,"UFCW",0.56,"No",3
"26-RC-008481",NA,"Landers McLarty Bentonville LLC",2005-08-08,2006-03-20,"Bentonville","AR","A",2005-09-13,25,0,"International Association of Machinists and Aerospace Workers, AFL-CIO",6,NA,NA,NA,NA,3,9,"N",16,"Y",NA,"Initial","Single Labor Organization","Withdrawal","Closed","Included:  All full-time and regular part-time automotive service technicians employed by the Employer at its 2609 South Walton Boulevard,  Bentonville, Arkansas facility.

Excluded:  All office clerical employees, professional employees, managerial employees, guards, all other employees, and supervisors as defined in the Act.",NA,NA,NA,36,2005-07-01,2005-07-01,"11-25",TRUE,"RC","Yes","International Association of Machinists and Aerospace Workers, AFL-CIO",1,"IAM",0.666666666666667,"Other",16
"26-RM-000468",NA,"Monticello Healthcare Center, LLC",2005-07-19,2005-08-15,"Monticello","AR","A",2005-08-05,43,0,"United Food and Commercial Workers Union, Local 2008",11,NA,NA,NA,NA,22,33,"N",2,"N",NA,"Initial","Single Labor Organization","Certification of Results","Closed","Included:  All full-time and regular part-time service and maintenance assistants, including nurses aides and dietary employees.

Excluded:  All office clerical employees, professional employees including Registered Nurses, activities director, social coordinator, recreational terapist, medical record clerks, home health care agency employees, laundry employees, housekeeping employees, temporary and casual employees, guards, supervisors and maintenance supervisors as defined in the Act.",NA,NA,NA,17,2005-07-01,2005-07-01,"26-50",TRUE,"RM","Yes","United Food and Commercial Workers Union, Local 2008",1,"UFCW",0.333333333333333,"No",10
NA,NA,NA,NA,NA,NA,NA,NA,NA,NA,NA,NA,NA,NA,NA,NA,NA,NA,NA,NA,NA,NA,NA,NA,NA,NA,NA,NA,NA,NA,NA,NA,NA,NA,NA,NA,NA,NA,NA,NA,NA,NA,NA,NA
"26-RC-008473",NA,"USF Dugan, Inc.",2005-05-05,2005-07-14,"Little Rock","AR","A",2005-07-13,36,0,"Teamsters Local Union No. 878",17,NA,NA,NA,NA,15,32,"N",1,"N","Teamsters Local Union No. 878","Initial","Revised Single Labor Org","Certific. of Representative","Closed","Included:  All Full-Time and Casual Part-Time Line Haul Drivers, City Drivers and Dock Employees employed by the Employer at its facility located at 2301 Bolton Street, Little Rock, AR 72206.

Excluded:  All professional employees, Guards and Supervisors as defined in the Act.

By agreement approved July 13, 2005, the parties agree that office clericals should be excluded from the unit.",NA,NA,NA,69,2005-07-01,2005-04-01,"26-50",TRUE,"RC","Yes","Teamsters Local Union No. 878",1,"Teamsters",0.53125,"Yes",4
"26-RC-008473",NA,"USF Dugan, Inc.",2005-05-05,2005-07-14,"Little Rock","AR","A",2005-06-17,36,0,"Teamsters Local Union No. 878",17,NA,NA,NA,NA,15,32,"N",3,"Y","Teamsters Local Union No. 878","Initial","Single Labor Organization","Certific. of Representative","Closed","Included:  All Full-Time and Casual Part-Time Line Haul Drivers, City Drivers and Dock Employees employed by the Employer at its facility located at 2301 Bolton Street, Little Rock, AR 72206.

Excluded:  All professional employees, Guards and Supervisors as defined in the Act.

By agreement approved July 13, 2005, the parties agree that office clericals should be excluded from the unit.",NA,NA,NA,43,2005-04-01,2005-04-01,"26-50",FALSE,"RC","Yes","Teamsters Local Union No. 878",1,"Teamsters",0.53125,"Yes",4
"26-RC-008471",NA,"USF Dugan",2005-04-27,2005-06-20,"Van Buren","AR","A",2005-06-10,9,0,"Teamsters Local Union 373",5,NA,NA,NA,NA,3,8,"N",1,"N","Teamsters Local Union 373","Initial","Single Labor Organization","Certific. of Representative","Closed","Included  All full-time and casual over the road drivers, all full time and casual pick up and delivery drivers, all full-time and casual dockworkers, and all clerical employees.

Excluded:  All guards and supervisors as defined in the Act.",NA,NA,NA,44,2005-04-01,2005-04-01,"6-10",TRUE,"RC","Yes","Teamsters Local Union 373",1,"Teamsters",0.625,"Yes",1
"26-RC-008469",NA,"Remington Arms Company, Inc.",2005-03-15,2005-04-22,"Lonoke","AR","A",2005-04-14,655,1,"International Brotherhood of Teamsters, AFL-CIO, Local 878",229,NA,NA,NA,NA,375,604,"N",14,"N",NA,"Initial","Single Labor Organization","Certification of Results","Closed","Included:  All full time hourly employees engaged in production and maintenance at the Employer's 2592 Highway 15 North, Lonoke,  Arkansas facility

Quality Control employees will vote by challenged ballot.

Excluded:  Office clerical employees, professional employees, salaried employees, temporary employees, guards, and supervisors as defined by the Act.",NA,NA,NA,30,2005-04-01,2005-01-01,"500>",TRUE,"RC","Yes","International Brotherhood of Teamsters, AFL-CIO, Local 878",1,"Teamsters",0.379139072847682,"No",51
"26-RC-008467",NA,"Boar's Head Provisions Co., Inc.",2005-02-17,2005-04-11,"Forrest City","AR","A",2005-04-01,413,2,"United Food and Commercial Workers Union Local 2008",199,NA,NA,NA,NA,208,407,"N",1,"N",NA,"Initial","Single Labor Organization","Certification of Results","Closed","Included:  All full-time production and maintenance employees, including leadmen employed by the Employer at its Forrest City, Arkansas facility.

Excluded:  All office clerical employees, professional employees, quality assurance employees, technical employees, guards and supervisors as defined in the National Labor Relations Act.",NA,NA,NA,43,2005-04-01,2005-01-01,"101-500",TRUE,"RC","Yes","United Food and Commercial Workers Union Local 2008",1,"UFCW",0.488943488943489,"No",6
"26-RC-008463",NA,"Healthcare Services Group, Inc. -- Magnolia",2005-02-11,2005-03-28,"Magnolia","AR","A",2005-03-18,7,0,"United Food and Commercial Workers Union, Local 2008",1,NA,NA,NA,NA,4,5,"N",0,"N",NA,"Initial","Single Labor Organization","Certification of Results","Closed","Included:  All full-time and regular part-time housekeeping and laundry employees employed by Healthcare Services Group, Inc. at the Magnolia Manor Healthcare Center Facility located at 301 South Boundary Road, Magnolia, Arkansas 71753.
Excluded:  All clerical employees, temporary and casual employees, district managers, professional employees, guards, foreman and supervisors as defined by the Act.",NA,NA,NA,35,2005-01-01,2005-01-01,"6-10",TRUE,"RC","Yes","United Food and Commercial Workers Union, Local 2008",1,"UFCW",0.2,"No",2
"26-RC-008461",NA,"Magellan Midstream Holdings, L.P.",2005-01-26,2005-03-04,"Fort Smith","AR","A",2005-02-24,2,0,"PACE International union (AFL-CIO, CLC) Kansas City Local 5-348",1,NA,NA,NA,NA,1,2,"N",0,"N",NA,"Initial","Single Labor Organization","Certification of Results","Closed","Included:  All full-time operators

Excluded:  All office clerical employees, technicians, professional employees, guards and supervisors as defined in the Act.",NA,NA,NA,29,2005-01-01,2005-01-01,"<5",TRUE,"RC","Yes","PACE International union (AFL-CIO, CLC) Kansas City Local 5-348",1,"USW",0.5,"No",0
"26-RC-008453",NA,"BPB America,  Inc.",2004-11-29,2005-01-31,"Nashville","AR","A",2005-01-21,185,0,"Teamsters Local Union 373",71,NA,NA,NA,NA,99,170,"N",0,"N",NA,"Initial","Single Labor Organization","Certification of Results","Closed","Including:  All full-time and regular part-time employees in the production, mining, maintenance and shipping departments employed by BPB America, Inc. at its facilities located in Nashville, Arkansas.

Excluding:  All other employees, including office clerical employees, temporary service employees, professional employees, technical employees, guards and supvisors as defined in the Act.",NA,NA,NA,53,2005-01-01,2004-10-01,"101-500",TRUE,"RC","Yes","Teamsters Local Union 373",1,"Teamsters",0.417647058823529,"No",15
"26-RC-008452",NA,"American Red Cross Blood Services, Greater Ozarks - Arkansas Region",2004-11-17,2005-01-31,"Jonesboro","AR","A",2005-01-20,69,0,"United Food and Commercial Workers Union, Local 2008",21,NA,NA,NA,NA,44,65,"N",3,"N",NA,"Initial","Single Labor Organization","Certification of Results","Closed","INCLUDED:   All full-time and regular part-time employees in the Little Rock and Jonesboro whole blood collections department, including collection technicians, mobile unit assistants, collections specialists, compliance specialist II, collection inventory coordinator, clerical assistant I, eBDR system specialist, and special donations coordinators employed in the whole blood collections department at the Employer's facilities in Little Rock and Jonesboro Arkansas. 

EXCLUDED:  All other employees including confidential employees, office clerical and professional employees, guards, and supervisors as defined in the Act.",NA,NA,NA,64,2005-01-01,2004-10-01,"51-100",TRUE,"RC","Yes","United Food and Commercial Workers Union, Local 2008",1,"UFCW",0.323076923076923,"No",4
"26-RC-008451",NA,"Affiliated Foods Southwest, Inc.",2004-11-10,2005-01-13,"Winnifield","AR","A",2005-01-05,108,0,"Chauffeurs, Teamsters and Helpers, Local Union No. 878",13,NA,NA,NA,NA,74,87,"N",0,"N",NA,"Initial","Single Labor Organization","Certification of Results","Closed","Included:  All full-time and regular part-time truck drivers, including lead persons, employed by the Employer at its Fort Smith and Little Rock, Arkansas; Winnfield, Louisiana; Jackson, Mississippi and Sulphur Springs, Texas facilities.

Excluding:  Contract drivers, warehouse employees, clerks, forklift drivers, officer clerical employees, professional employees, guards and supervisors by the Act.",NA,NA,NA,56,2005-01-01,2004-10-01,"101-500",TRUE,"RC","Yes","Chauffeurs, Teamsters and Helpers, Local Union No. 878",1,"Teamsters",0.149425287356322,"No",21
"26-RC-008449",NA,"Alpha  Utilities, Inc.",2004-11-08,2004-12-20,"Fort Smith","AR","A",2004-12-10,7,0,"Laborers  International Union of North America, AFL-CIO, CLC, Local 107",0,NA,NA,NA,NA,7,7,"N",0,"N",NA,"Initial","Single Labor Organization","Certification of Results","Closed","Included:  All full time and regular part-time laborers, pipe layers and equipment operators.

 Excluded:  Office clerical employees, professional employees, salaried employees including the guards and supervisors as defined by the Act.",NA,NA,NA,32,2004-10-01,2004-10-01,"6-10",TRUE,"RC","Yes","Laborers  International Union of North America, AFL-CIO, CLC, Local 107",1,"LIUNA",0,"No",0
"26-RC-008448",NA,"The Wackenhut Corporation",2004-11-01,2005-01-27,"Russellville","AR","A",2005-01-18,107,0,"United Government Security Officers of America, Local No. 23",65,NA,NA,NA,NA,0,65,"N",2,"N","United Government Security Officers of America, Local No. 23","Initial","Single Labor Organization","Certific. of Representative","Closed","INCLUDED:  All the full-time and/or regular part-time security officers performing guard duties as defined in Section 9(b)(3) of the Act employed by the Employer at the Arkansas Nuclear One Station. 

EXCLUDED:  All office clerical employees, all other non-security employees, Security Shift Commanders, Assistant Shift Commanders, CAS/SAS Supervisors, CAS Operator Supervisors, professional employees other than supervisors as defined by the Act, and all other employees.",NA,NA,NA,78,2005-01-01,2004-10-01,"101-500",TRUE,"RC","Yes","United Government Security Officers of America, Local No. 23",1,"UGSOA",1,"Yes",42
"26-RD-001107","Region 15, New Orleans, Louisiana","North American Pipe Corporation",2004-08-23,2007-01-10,"Van Buren","AR","A",2006-10-05,44,NA,"UNITE - HERE",6,NA,NA,NA,NA,32,38,"N",2,"N",NA,"Initial","Single Labor Organization","Certification of Results","Closed","Included:  All production and maintenance employees, including truck drivers

Excluded:  Office clerical employees, plant clerical employees, guards, laboratory technicians, professional employees, inspectors, supervisors as defined by the Act and",NA,NA,NA,773,2006-10-01,2004-07-01,"26-50",TRUE,"RD","Yes","UNITE - HERE",0,"Uncoded",0.157894736842105,"No",6
"26-RC-008442",NA,"Healthcare Services Group, Inc.",2004-08-23,2004-10-08,"Monticello","AR","A",2004-09-30,50,0,"United Food and Commercial Workers Union, Local 2008",3,NA,NA,NA,NA,0,3,"N",1,"N","United Food and Commercial Workers Union, Local 2008","Initial","Single Labor Organization","Certific. of Representative","Closed","Included:  All full-time and regular part-time housekeeping and laundry employees employed by Healthcare Services Group, Inc. at the Monticello Healthcare facility in Monticello, Arkansas.

Excluded:  All office clerical employees, temporary and casual employees, district managers, professional employees, guards, foreman, and supervisors as defined in the Act.",NA,NA,NA,38,2004-07-01,2004-07-01,"26-50",TRUE,"RC","Yes","United Food and Commercial Workers Union, Local 2008",1,"UFCW",1,"Yes",47
"26-RM-000465",NA,"Arkansas Western Gas Company",2004-08-06,2004-09-22,"Blytheville","AR","A",2004-09-14,28,0,"IBEW, Local 1439",16,NA,NA,NA,NA,11,27,"N",0,"N","IBEW, Local 1439","Initial","Single Labor Organization","Certific. of Representative","Closed","Included:  All production, construction, maintenance, service & stores employees engaged in the distribution, transmission, storage, maintenance & repair of gas transmission & distribution facilities.

Excluded:  All other employees, including clerical employees, guards, sales, professionals and supervisors as defined in the Act.",NA,NA,NA,39,2004-07-01,2004-07-01,"26-50",TRUE,"RM","Yes","IBEW, Local 1439",1,"IBEW",0.592592592592593,"Yes",1
"26-RC-008435",NA,"Healthcare Services Group, Inc.",2004-06-28,2004-08-16,"McGehee","AR","A",2004-08-05,6,0,"United Food and Commercial Workers Union",5,NA,NA,NA,NA,0,5,"N",0,"N","United Food and Commercial Workers Union","Initial","Single Labor Organization","Certific. of Representative","Closed","Included:  All full-time and regular part-time housekeeping and laundry employees employed by Healthcare Services Group, Inc. at the Beverly Nursing Home of McGehee, Arkansas

Excluded:  All office clerical employees, temporary and casual employees, district managers, professional employees, guards, foremen and supervisors as defined by the Act.",NA,NA,NA,38,2004-07-01,2004-04-01,"6-10",TRUE,"RC","Yes","United Food and Commercial Workers Union",1,"UFCW",1,"Yes",1
"26-RD-001101",NA,"Kimberly-Clark Corporation",2004-05-07,2004-09-23,"Conway","AR","A",2004-09-15,110,2,"The United Brotherhood of Carpenters and Joiners of America, Local 147",59,NA,NA,NA,NA,46,105,"N",0,"N","The United Brotherhood of Carpenters and Joiners of America, Local 147","Initial","Single Labor Organization","Certific. of Representative","Closed","Included:  All full time integrated maintenance technicians, mechanical and electrical maintenance employees, and maintenance planners.

Excluded:  Production employees, integrated maintenance trainees, process specialists, operators, which include line leaders, technicians, non-maintenance safety and training coordinators, truck drivers, office clerical, professionals, guards, and supervisors as defined by the National Labor Relations Act.",NA,NA,NA,131,2004-07-01,2004-04-01,"101-500",TRUE,"RD","Yes","The United Brotherhood of Carpenters and Joiners of America, Local 147",1,"UBC",0.561904761904762,"Yes",5
"26-RC-008426",NA,"Beverly Enterprises-Arkansas Inc.",2004-04-30,2004-06-18,"McGehee","AR","A",2004-06-10,33,1,"United Food and Commercial Workers Union",22,NA,NA,NA,NA,10,32,"N",1,"N","United Food and Commercial Workers Union","Initial","Single Labor Organization","Certific. of Representative","Closed","Included:  All full time and regular part-time service and maintenance employees, including Certified Nurses Aides and dietary employees.

Excluded:  All office clerical employees, professional employees, Registered Nurses, Licensed Practical Nurses, technical employees, social service employees, activity director, temporary employees, guards and Supervisors as defined by the Act.",NA,NA,NA,41,2004-04-01,2004-04-01,"26-50",TRUE,"RC","Yes","United Food and Commercial Workers Union",1,"UFCW",0.6875,"Yes",1
"26-RD-001099",NA,"Hi-Tech Comact",2004-04-15,2004-06-07,"Hot Springs","AR","A",2004-05-27,69,1,"United Steelworkers of America",26,NA,NA,NA,NA,42,68,"N",1,"N",NA,"Initial","Single Labor Organization","Certification of Results","Closed","Included:  All full time production and maintenance employees, including welders, fabricators, machine operators, assemblers, painters and painter helpers, fitters, electric shop employees, layout employees, work order processors, laborers, machinists, CNC machine operators, service technicians, purchasing and supply employees, shipping and receiving employees, forklift operators, mechanics, maintenance helpers, and lead persons/crew coordinators at the Employer's facility located at 400 Aviation Plaza in Hot Springs, Arkansas.

Excluded:  All categories not listed above, employees of temporary agencies, office clericals, professional employees including service engineers, guards, and supervisors as defined in the Act.",NA,NA,NA,42,2004-04-01,2004-04-01,"51-100",TRUE,"RD","Yes","United Steelworkers of America",1,"USW",0.382352941176471,"No",1
"17-RC-012257",NA,"The Burgess Company",2004-04-12,2004-06-01,"Fort Smith","AR","A",2004-05-20,5,0,"AR/OK Laborers' District Council",4,NA,NA,NA,NA,1,5,"N",0,"N","AR/OK Laborers' District Council","Initial","Single Labor Organization","Certific. of Representative","Closed","[    All employees performing work as laborers at the Employer's job sites located in the State of Oklahoma and the State of Arkansas, EXCLUDING all office clerical employees, guards and supervisors as defined in the Act and all other employees.   ]",NA,NA,NA,38,2004-04-01,2004-04-01,"<5",TRUE,"RC","Yes","AR/OK Laborers' District Council",1,"LIUNA",0.8,"Yes",0
"26-RC-008415",NA,"Beverly Enterprises, Inc. - Monticello",2004-02-27,2004-04-09,"Monticello","AR","A",2004-04-01,32,0,"United Food and Commercial Workers Union",19,NA,NA,NA,NA,11,30,"N",1,"N","United Food and Commercial Workers Union","Initial","Single Labor Organization","Certific. of Representative","Closed","Included:  All full time and regular part-time service employees, including nurses aides and dietary employees.

Excluded:  All office clerical employees, professional employees including Registered Nurses, technical employees, Licensed Practical Nurses, activities director, social coordinator, recreation therapist, medical records clerks, Healthcare Services employees (Housekeeping/Laundry employees), temporary and casual employees, janitors, guards and superiors as defined in the National Labor Relations Act.",NA,NA,NA,34,2004-04-01,2004-01-01,"26-50",TRUE,"RC","Yes","United Food and Commercial Workers Union",1,"UFCW",0.633333333333333,"Yes",2
"26-RC-008413",NA,"Healthcare Services Group, Inc.",2004-02-06,2004-03-25,"El Dorado","AR","A",2004-03-17,9,0,"United Food and Commercial Workers Union, Local 2008",7,NA,NA,NA,NA,2,9,"N",0,"N","United Food and Commercial Workers Union, Local 2008","Initial","Single Labor Organization","Certific. of Representative","Closed","INCLUDED:  All full time and regular part-time housekeeping employees, including laundry employees, janitors and floor technicians employed by Healthcare Services Group, Inc.,  at the Beverly Nursing Home of El Dorado.

Excluded:  All office clerical employees, professional employees, Temporary employees, casual employees, guards, and supervisors, as defined in the Act.",NA,NA,NA,40,2004-01-01,2004-01-01,"6-10",TRUE,"RC","Yes","United Food and Commercial Workers Union, Local 2008",1,"UFCW",0.777777777777778,"Yes",0
"26-RC-008405",NA,"Healthcare Services Group, Inc.",2004-01-08,2004-03-01,"Wynne","AR","A",2004-02-19,9,0,"United Food and Commercial Workers Union, Local #1529",8,NA,NA,NA,NA,1,9,"N",0,"N","United Food and Commercial Workers Union, Local #1529","Initial","Single Labor Organization","Certific. of Representative","Closed","Included:  All full-time and regular part-time housekeeping employees, laundry employees, janitors and floor technicians employed by Healthcare Services Group, Inc. at Wynwood Nursing Center in Wynne, Arkansas.

Excluded:  All office clerical employees, professional employees, temporary employees, casual employees, guards and supervisors, as defined in the Act.",NA,NA,NA,42,2004-01-01,2004-01-01,"6-10",TRUE,"RC","Yes","United Food and Commercial Workers Union, Local #1529",1,"UFCW",0.888888888888889,"Yes",0
"26-RC-008406",NA,"Wynnwood Nursing Center",2004-01-08,2004-03-01,"Wynne","AR","A",2004-02-19,43,0,"United Food and Commercial Workers Union, Local #1529",38,NA,NA,NA,NA,2,40,"N",2,"N","United Food and Commercial Workers Union, Local #1529","Initial","Single Labor Organization","Certific. of Representative","Closed","Included:  All full-time and regular part-time service and maintenance employees, including CNA's and dietary employees.
Excluded:  All office clerical employees, professional employees, registered nurses, technical employees, licensed practical nurses, social services employees, activity director, temporary employees, casual employees, guards and supervisors as defined in the Act.",NA,NA,NA,42,2004-01-01,2004-01-01,"26-50",TRUE,"RC","Yes","United Food and Commercial Workers Union, Local #1529",1,"UFCW",0.95,"Yes",3
"26-RC-008404",NA,"American Electric Power-SWEPCO",2004-01-07,2004-03-08,"Ashdown, DeQueen, Mena, etc.","AR","A",2004-03-01,23,0,"Local 386, International Brotherhood of Electrical Workers, AFL-CIO, CLC",19,NA,NA,NA,NA,9,23,"N",0,"N","Local 386, International Brotherhood of Electrical Workers, AFL-CIO, CLC","Initial","Single Labor Organization","Certific. of Representative","Closed","Included:  All meter readers employed by the Employer at the following locations:  Atlanta, New Boston, and Texarkana, Texas and Booneville, DeQueen, Fayetteville, Greenwood, Mena, and Nashville, Arkansas.
Excluded:  All other employees, including employees represented by other local unions, office clerical employees, professional employees, guards and supervisors as defined by the Act.",NA,NA,NA,54,2004-01-01,2004-01-01,"11-25",TRUE,"RC","Yes","Local 386, International Brotherhood of Electrical Workers, AFL-CIO, CLC",1,"IBEW",0.678571428571429,"Yes",-5
NA,NA,NA,NA,NA,NA,NA,NA,NA,NA,NA,NA,NA,NA,NA,NA,NA,NA,NA,NA,NA,NA,NA,NA,NA,NA,NA,NA,NA,NA,NA,NA,NA,NA,NA,NA,NA,NA,NA,NA,NA,NA,NA,NA
"26-RC-008401",NA,"CAE USA Inc.",2003-12-18,2004-08-09,"Little Rock Air Force Base","AR","A",2004-07-30,12,0,"Little Rock Association of Instructors, Technicians, and Support Personnel",10,NA,NA,NA,NA,0,10,"N",1,"N","Little Rock Association of Instructors, Technicians, and Support Personnel","Initial","Single Labor Organization","Certific. of Representative","Closed","INCLUDED:   All pilot instructors and loadmaster instructors employed by the Employer at its Little Rock Air Force Base facility. 

EXCLUDED:  All office clerical and professional employees, guards and supervisors as defined in the Act and all other employees represented by another labor organization.",NA,NA,NA,225,2004-07-01,2003-10-01,"11-25",TRUE,"RC","Yes","Little Rock Association of Instructors, Technicians, and Support Personnel",0,"Uncoded",1,"Yes",2
NA,NA,NA,NA,NA,NA,NA,NA,NA,NA,NA,NA,NA,NA,NA,NA,NA,NA,NA,NA,NA,NA,NA,NA,NA,NA,NA,NA,NA,NA,NA,NA,NA,NA,NA,NA,NA,NA,NA,NA,NA,NA,NA,NA
"26-RC-008392",NA,"Beverly Enterprises, Inc.",2003-09-19,2003-11-07,"El Dorado","AR","A",2003-10-30,53,0,"United Food and Commercial Workers Union",29,NA,NA,NA,NA,18,47,"N",1,"N","United Food and Commercial Workers Union","Initial","Single Labor Organization","Certific. of Representative","Closed","Included:  All full time and regular part-time service employees including nurses aides and dietary employees.

Excluded:  All office clerical employees, professional employees, including Registered Nurses, technical employees, including Licensed Practical Nurses, activities director, social coordinator, recreation therapist, medical record clerks, Health Care Services employees, temporary and casual employees, guards, laundry employees, housekeeping employees, maintenance employees and supervisors as defined by the Act.",NA,NA,NA,41,2003-10-01,2003-07-01,"51-100",TRUE,"RC","Yes","United Food and Commercial Workers Union",1,"UFCW",0.617021276595745,"Yes",6
NA,NA,NA,NA,NA,NA,NA,NA,NA,NA,NA,NA,NA,NA,NA,NA,NA,NA,NA,NA,NA,NA,NA,NA,NA,NA,NA,NA,NA,NA,NA,NA,NA,NA,NA,NA,NA,NA,NA,NA,NA,NA,NA,NA
"26-RC-008378",NA,"Kimberly Clark Corporation",2003-07-23,2003-10-06,"Maumelle","AR","A",2003-09-03,240,0,"PACE, AFL-CIO",92,NA,NA,NA,NA,145,237,"N",0,"N",NA,"Initial","Single Labor Organization","Certification of Results","Closed","Inc:  All team technicians and team coordinators, including process assistants, process operators, process specialists, process leaders, systems leaders, technicians, operations analysts, warehouse coordinators, warehouse controllers, and material handlers employed by the Employer at its facility in Maumelle, Arkansas.
Exc:  All office clerical employees, professional employees, and supervisors as defined in the Act.",NA,NA,NA,42,2003-07-01,2003-07-01,"101-500",TRUE,"RC","Yes","PACE, AFL-CIO",1,"USW",0.388185654008439,"No",3
"26-RC-008374",NA,"Emmpak Excel",2003-06-12,2003-11-18,"Booneville","AR","A",2003-07-18,640,0,"United Food and Commercial Workers Union Local 2008",218,NA,NA,NA,NA,356,574,"N",12,"N",NA,"Initial","Single Labor Organization","Certification of Results","Closed","Included:  All full-time and regular part-time production and maintenance employees, shipping and receiving employees, quality control employees, sanitation employees, and temporary agency employees employed by EMMPAK, an EXCEL FOOD SOLUTIONS COMPANY, INC. at its facility in Booneville, Arkansas.
Excluded:  All office clerical employees, medical employees, professional employees, technical employees, guards, and supervisors as defined in the Act.",NA,NA,NA,36,2003-07-01,2003-04-01,"500>",TRUE,"RC","Yes","United Food and Commercial Workers Union Local 2008",1,"UFCW",0.379790940766551,"No",66
"26-RC-008369",NA,"Rolling Pin Manufacturing Corporation",2003-05-09,2003-07-03,"Pine Bluff","AR","A",2003-06-25,125,0,"UFCW Local 2008, AFL-CIO",39,NA,NA,NA,NA,80,119,"N",0,"N",NA,"Initial","Single Labor Organization","Certification of Results","Closed","INCLUDED:  All full-time and regular part-time production, maintenance, sanitation, quality assurance and warehouse employees, including maintenance lead persons, sanators, senior sanators, and temporary agency employees employed by Rolling Pin Manufacturing Corporation at its Pine Bluff, Arkansas facility. 
EXCLUDED:  All other employees, including office clerical employees, professional employees, technical employees, head bakers, lead sanators, warehouse lead persons, packaging lead persons, guards and supervisors, as defined in the Act.",NA,NA,NA,47,2003-04-01,2003-04-01,"101-500",TRUE,"RC","Yes","UFCW Local 2008, AFL-CIO",1,"UFCW",0.327731092436975,"No",6
"26-RD-001087",NA,"PACTIV",2003-04-24,2004-03-15,"Malvern","AR","A",2004-03-05,184,0,"UNITE, Southwest Regional Joint Board",64,NA,NA,NA,NA,108,172,"N",0,"N",NA,"Rerun","Single Labor Organization","Certification of Results","Closed","Inc:  All regular full-time employees including material handlers, thermoform operators, extrusion operators, operator specialists, setup technicians, process technicians, maintenance employees, maintenance utility employees, material handler specialists, warehouse employees and forklift operators, purchasing agent, and backup team leaders employed by PACTIV at its facility in Malvern, Arkansas.
Exc:  All other employees, including the plant manager, human resources manager, manufacturing and other fulfillment managers, shift supervisors, maintenance supervisors, technical manager, office manager, unit process engineer, environmental  health and safety manager, production specialists, accounts payable and payroll employees, office clericals, temporary employees, confidential employees, guards, and supervisors as defined in the Act, unit manager, engineering manager, accounting manager, and team leaders.",NA,NA,NA,316,2004-01-01,2003-04-01,"101-500",TRUE,"RD","Yes","UNITE, Southwest Regional Joint Board",0,"Uncoded",0.372093023255814,"No",12
"26-RD-001087",NA,"PACTIV",2003-04-24,2004-03-15,"Malvern","AR","A",2003-11-20,173,1,"UNITE, Southwest Regional Joint Board",78,NA,NA,NA,NA,80,158,"N",0,"N",NA,"Initial","Revised Single Labor Org","Certification of Results","Closed","Inc:  All regular full-time employees including material handlers, thermoform operators, extrusion operators, operator specialists, setup technicians, process technicians, maintenance employees, maintenance utility employees, material handler specialists, warehouse employees and forklift operators, purchasing agent, and backup team leaders employed by PACTIV at its facility in Malvern, Arkansas.
Exc:  All other employees, including the plant manager, human resources manager, manufacturing and other fulfillment managers, shift supervisors, maintenance supervisors, technical manager, office manager, unit process engineer, environmental  health and safety manager, production specialists, accounts payable and payroll employees, office clericals, temporary employees, confidential employees, guards, and supervisors as defined in the Act, unit manager, engineering manager, accounting manager, and team leaders.",NA,NA,NA,210,2003-10-01,2003-04-01,"101-500",FALSE,"RD","Yes","UNITE, Southwest Regional Joint Board",0,"Uncoded",0.493670886075949,"No",15
"26-RD-001087",NA,"PACTIV",2003-04-24,2004-03-15,"Malvern","AR","A",2003-08-15,173,1,"UNITE, Southwest Regional Joint Board",78,NA,NA,NA,NA,78,156,"N",2,"Y",NA,"Initial","Single Labor Organization","Certification of Results","Closed","Inc:  All regular full-time employees including material handlers, thermoform operators, extrusion operators, operator specialists, setup technicians, process technicians, maintenance employees, maintenance utility employees, material handler specialists, warehouse employees and forklift operators, purchasing agent, and backup team leaders employed by PACTIV at its facility in Malvern, Arkansas.
Exc:  All other employees, including the plant manager, human resources manager, manufacturing and other fulfillment managers, shift supervisors, maintenance supervisors, technical manager, office manager, unit process engineer, environmental  health and safety manager, production specialists, accounts payable and payroll employees, office clericals, temporary employees, confidential employees, guards, and supervisors as defined in the Act, unit manager, engineering manager, accounting manager, and team leaders.",NA,NA,NA,113,2003-07-01,2003-04-01,"101-500",FALSE,"RD","Yes","UNITE, Southwest Regional Joint Board",0,"Uncoded",0.5,"No",17
"26-RD-001085",NA,"Dale Crampton Company",2003-04-16,2005-09-09,"Fort Smith","AR","A",2003-05-23,26,0,"Roofers Local No. 20",5,NA,NA,NA,NA,4,9,"N",0,"N","Roofers Local No. 20","Initial","Single Labor Organization","Administrative Closing","Closed","Inc:  All roofers, roofer's helpers, and laborers employed by DALE CRAMPTON COMPANY at its Fort Smith, Arkansas facility.
Exc.  All other employees, including office clerical employees, professional employees, guards and supervisors as defined in the Act.",NA,NA,NA,37,2003-04-01,2003-04-01,"26-50",TRUE,"RD","Yes","Roofers Local No. 20",0,"Uncoded",0.555555555555556,"Other",17
"26-RC-008360",NA,"Arkansas Aluminum Alloys, Inc.",2003-02-24,2003-05-23,"Hot Springs","AR","A",2003-05-15,118,1,"United Aluminum Workers of Arkansas",53,NA,NA,NA,NA,51,104,"N",0,"N","United Aluminum Workers of Arkansas","Initial","Single Labor Organization","Certific. of Representative","Closed","Inc:  All full-time and regular part-time production and maintenance employees, including crushers, shipping and receiving employees, and trucking employees employed by Arkansas Aluminum Alloys, Inc., at its facility located in Hot Springs, Arkansas.

Exc:  All office clerical employees, professional employees, guards, and supervisors as defined in the Act.",NA,NA,NA,80,2003-04-01,2003-01-01,"101-500",TRUE,"RC","Yes","United Aluminum Workers of Arkansas",0,"Uncoded",0.509615384615385,"Yes",14
"26-RD-001082",NA,"All Star Maintenance",2003-02-20,2003-04-02,"Jacksonville","AR","A",2003-03-25,14,0,"UBC, Arkansas Regional Council of Carpenters",1,NA,NA,NA,NA,13,14,"N",0,"N",NA,"Initial","Single Labor Organization","Certification of Results","Closed","Inc:  All full-time and regular part-time military family housing maintenance employees employed at the Employer's Little Rock Air Force Base facility.

Exc:  All managerial employees, office administrative/clerical employees, utility control employees, self help employees, and supervisors as defined in the Act.",NA,NA,NA,33,2003-01-01,2003-01-01,"11-25",TRUE,"RD","Yes","UBC, Arkansas Regional Council of Carpenters",1,"UBC",0.0714285714285714,"No",0
"26-RD-001081",NA,"Meadowbrook Lodge",2003-02-05,2003-03-20,"Magnolia","AR","A",2003-03-12,50,1,"Food and Commercial Workers Union, Local 2008",30,NA,NA,NA,NA,6,36,"N",0,"N","Food and Commercial Workers Union, Local 2008","Initial","Single Labor Organization","Certific. of Representative","Closed","Inc:  All full-time and regular part-time service and maintenance employees, including nurses aides and dietary employees employed at the Employer's facility located at 600 Leila Street, Magnolia, Arkansas.

Exc:  All clerical employees, professional employees including registered nurses, technical employees including licensed practical nurses, activities director, social coordinator, recreational therapist, medical records clerks, home health care agency employees, guards, and supervisors as defined in the National Labor Relations Act.",NA,NA,NA,35,2003-01-01,2003-01-01,"26-50",TRUE,"RD","Yes","Food and Commercial Workers Union, Local 2008",0,"Uncoded",0.833333333333333,"Yes",14
"26-RD-001077",NA,"Kimberly Clark",2002-11-07,2003-04-17,"Conway","AR","A",2003-04-09,121,1,"UBC, Arkansas Regional Council",60,NA,NA,NA,NA,58,118,"N",0,"N","UBC, Arkansas Regional Council","Initial","Single Labor Organization","Certific. of Representative","Closed","Inc:  All full-time integrated maintenance technicians (now called maintenance line mechanics), mechanical and electrical maintenance employees, process specialists, and maintenance planners employed by Kimberly-Clark Corporation at its facility in Conway, Arkansas.

Exc:  All production workers, integrated maintenance trainees, operators, which incude line leaders, technicians, non-maintenance safety and training coordinataors, truck drivers, office employees, clerical employees, professional employees, guards, and supervisors as defined in the Act.",NA,NA,NA,153,2003-04-01,2002-10-01,"101-500",TRUE,"RD","Yes","UBC, Arkansas Regional Council",1,"UBC",0.508474576271186,"Yes",3
NA,NA,NA,NA,NA,NA,NA,NA,NA,NA,NA,NA,NA,NA,NA,NA,NA,NA,NA,NA,NA,NA,NA,NA,NA,NA,NA,NA,NA,NA,NA,NA,NA,NA,NA,NA,NA,NA,NA,NA,NA,NA,NA,NA
NA,NA,NA,NA,NA,NA,NA,NA,NA,NA,NA,NA,NA,NA,NA,NA,NA,NA,NA,NA,NA,NA,NA,NA,NA,NA,NA,NA,NA,NA,NA,NA,NA,NA,NA,NA,NA,NA,NA,NA,NA,NA,NA,NA
"26-RC-008350",NA,"British Plaster Board",2002-10-04,2002-12-02,"Nashville","AR","A",2002-11-21,203,1,"PACE International Union",95,NA,NA,NA,NA,98,193,"N",2,"N",NA,"Initial","Single Labor Organization","Certification of Results","Closed","Included:  All full-time and regular part-time employees in the production department, mining department, maintenance department, and shipping department employed by BPB America, Inc. at is facilities located in Nashville, Arkansas.

Excluded:  All other employees, including office clerical employees, temporary service employees, professional employees, technical employees, guards, and supervisors as defined in the Act.",NA,NA,NA,48,2002-10-01,2002-10-01,"101-500",TRUE,"RC","Yes","PACE International Union",1,"USW",0.492227979274611,"No",10
"26-RD-001074",NA,"VP Buildings, Inc.",2002-09-25,2002-11-04,"Pine Bluff","AR","A",2002-10-25,107,0,"United Steelworkers of America, Local 9453",47,NA,NA,NA,NA,60,107,"N",0,"N",NA,"Initial","Single Labor Organization","Certification of Results","Closed","All full-time and regular part-time production and maintenance employees at the Employer's Arkansas plant, including shipping and receiving personnel, but excluding production leaders, project workers and other exempt personnel under the Act.",NA,NA,NA,30,2002-10-01,2002-07-01,"101-500",TRUE,"RD","Yes","United Steelworkers of America, Local 9453",1,"USW",0.439252336448598,"No",0
"26-RD-001073",NA,"3-M Corporation",2002-09-18,2002-12-12,"Little Rock","AR","A",2002-12-04,127,0,"PACE International Union",55,NA,NA,NA,NA,65,120,"N",2,"N",NA,"Initial","Single Labor Organization","Certification of Results","Closed","Inc:  All production and maintenance employees, including transportation, utility persons, and leadpersons, employed by 3M Company at its facility at Highway 365  and Walters Road in Little Rock, Arkansas.

Exc:   All office and clerical employees, all chemists and inspectors in the laboratory, and supervisors as defined in the Act.",NA,NA,NA,77,2002-10-01,2002-07-01,"101-500",TRUE,"RD","Yes","PACE International Union",1,"USW",0.458333333333333,"No",7
"26-RC-008345",NA,"Family Dollar Distribution Center",2002-08-13,2002-10-07,"West Memphis","AR","A",2002-09-27,403,2,"UFCW, Local 1529, AFL-CIO",97,NA,NA,NA,NA,269,366,"N",18,"N",NA,"Initial","Single Labor Organization","Certification of Results","Closed","Inc:  All full-time and regular part-time employees including warehouse production and maintenance employees, and transportation department employees.

Exc:  All office clerical, human resource employees, training department, data center employees, transportation mechanics, drivers, guards, and supervisors as defined in the Act.",NA,NA,NA,45,2002-07-01,2002-07-01,"101-500",TRUE,"RC","Yes","UFCW, Local 1529, AFL-CIO",1,"UFCW",0.265027322404372,"No",37
"26-RC-008343",NA,"Owens-Corning",2002-08-08,2002-09-27,"Fort Smith","AR","A",2002-09-19,55,0,"PACE International Union, AFL-CIO, CLC",9,NA,NA,NA,NA,44,53,"N",1,"N",NA,"Initial","Single Labor Organization","Certification of Results","Closed","Inc:  All hourly production, maintenance and quality control employees, including the warehouse clerk, maintenance scheduler, and purchasing clerk at the employer's Fort Smith, Arkansas facility.

Exc:  All hourly and salaried office clerical employees, professional employees, technical employees, confidential employees, team resource employees, guards, and supervisors as defined in the Act.",NA,NA,NA,42,2002-07-01,2002-07-01,"51-100",TRUE,"RC","Yes","PACE International Union, AFL-CIO, CLC",1,"USW",0.169811320754717,"No",2
"26-RC-008339",NA,"Hi-Tech Engineering, Inc.",2002-07-15,2002-09-03,"Hot Springs","AR","A",2002-08-22,62,1,"United Steelworkers of America",35,NA,NA,NA,NA,26,61,"N",0,"N","United Steelworkers of America","Initial","Single Labor Organization","Certific. of Representative","Closed","Inc:  All full time production and maintenance employees including welders, fabricators, machine operators, assemblers, painters and painter helpers, fitters, electric shop employees, layout employees, work order processors, laborers, machinists, CNC machine operators, service technicians, purchasing and supply employees, shipping and receiving employees, forklift operators, mechanics, maintenance helpers, and lead persons/crew coordinators at the employer's 40 Aviation Plaza, Hot Springs, AR 71913 facility.

Exc:  All cagegories not listed above, office clericals,professional employees including service engineers, guards, and supervisors as defined in the Act.",NA,NA,NA,38,2002-07-01,2002-07-01,"51-100",TRUE,"RC","Yes","United Steelworkers of America",1,"USW",0.573770491803279,"Yes",1
"16-RD-001490",NA,"The Dow Chemical Company",2002-05-15,2002-07-05,"Texarkana","AR","A",2002-06-26,30,0,"Cement, Lime, Gypsum & Allied Workers Local Lodge D-577 of the International Brotherhood of Boilermakers, Iron Ship Builders, Blacksmiths, Forgers and Helpers, AFL-CIO",9,NA,NA,NA,NA,21,30,"N",0,"N",NA,"Initial","Single Labor Organization","Certification of Results","Closed","INCLUDED:  All production, maintenance and warehouse employees, including scrap disposal driver and leadmen, employed by the Employer at its Texarkana, Arkansas plant.

EXCLUDED:  All other employees, including office clerical and professional employees, guards and supervisors as defined in the Act.",NA,NA,NA,42,2002-04-01,2002-04-01,"26-50",TRUE,"RD","Yes","Cement, Lime, Gypsum & Allied Workers Local Lodge D-577 of the International Brotherhood of Boilermakers, Iron Ship Builders, Blacksmiths, Forgers and Helpers, AFL-CIO",1,"IBB",0.3,"No",0
"26-RD-001065","Region 15, New Orleans, Louisiana","St Vincent Infirmary Medical Center d/b/a St Vincent Health System",2002-05-08,2007-05-02,"Little Rock","AR","A",2007-04-21,829,NA,"OPEIU AFL-CIO",334,NA,NA,NA,NA,224,558,"N",5,"N","OPEIU AFL-CIO","Initial","Single Labor Organization","Certific. of Representative","Closed","Included:  All full-time and part-time Registered Nurses, including those working in the pool for a sufficient number of hours to warrant inclusion in the bargaining unit under existing law, Nurse Consulting Coordinators, Case Managers II, III, and I",NA,NA,NA,1809,2007-04-01,2002-04-01,"500>",TRUE,"RD","Yes","OPEIU AFL-CIO",1,"OPEIU",0.598566308243728,"Yes",271
"26-RC-008326",NA,"Applica Consumer Products, Inc.",2002-04-26,2002-06-17,"Little Rock","AR","A",2002-06-07,105,0,"Chauffeurs, Teamsters & Helpers Local Union 878",14,NA,NA,NA,NA,84,98,"N",0,"N",NA,"Initial","Single Labor Organization","Certification of Results","Closed","Inc:  All full-time and regular part-time production and maintenance employees, including warehouse group leaders and plant clerical employees, employed by Applica Consumer Products, Inc. at its facilities located in Little Rock, Arkansas.

Exc:  All office clerical employees, professional employees, technical employees, guards, and supervisors as defined in the Act.",NA,NA,NA,42,2002-04-01,2002-04-01,"101-500",TRUE,"RC","Yes","Chauffeurs, Teamsters & Helpers Local Union 878",1,"Teamsters",0.142857142857143,"No",7
"26-RC-008324",NA,"Massman/Traylor, a joint venture",2002-04-16,2002-06-21,"Lake Village jobsite","AR","A",2002-06-13,59,0,"Arkansas Regional Council of Carpenters and International Union of Operating Engineers, Local 382",25,NA,NA,NA,NA,11,36,"N",9,"N","Arkansas Regional Council of Carpenters and International Union of Operating Engineers, Local 382","Initial","Single Labor Organization","Certific. of Representative","Closed","Inc:  All full-time and regular part-time construction employees employed by Massman/Traylor, a joint venture, at its bridge construction jobsite at Lake Village, Arkansas.

Exc:  All office clertical employees, professional employees, guards, and supervisors as defined in the Act.",NA,NA,NA,58,2002-04-01,2002-04-01,"51-100",TRUE,"RC","Yes","Arkansas Regional Council of Carpenters and International Union of Operating Engineers, Local 382",2,"Multiple",0.694444444444444,"Yes",23
"26-RC-008322",NA,"Con-Agra Feed Mill",2002-04-03,2002-06-03,"El Dorado","AR","A",2002-05-23,46,0,"PACE Internatioinal Union",32,NA,NA,NA,NA,14,46,"N",3,"N","PACE Internatioinal Union","Initial","Single Labor Organization","Certific. of Representative","Closed","Included:  All full-time and regular part-time feed mill employees, feed haul drivers, live haul drivers, truck mechanics, weighmasters, and cage repairers employed by Con-Agra Poultry Company in the El Dorado, Arkansas, area.

Excluded:  All employees already represented by a labor organization, office clerical employees, professional employees, technical employees, guards, and supervisors as defined in the Act.",NA,NA,NA,50,2002-04-01,2002-04-01,"26-50",TRUE,"RC","Yes","PACE Internatioinal Union",1,"USW",0.695652173913043,"Yes",0
"26-RD-001062",NA,"Alumax Foils, Inc.",2002-04-02,2002-05-24,"Russellville","AR","A",2002-05-16,42,0,"Machinists Lodge 156",13,NA,NA,NA,NA,20,33,"N",2,"N",NA,"Initial","Single Labor Organization","Certification of Results","Closed","Inc:  All employees of the company.

Exc:  Company executives, foremen, assistant foremen, supervisors, watchmen, administrative, and office workers.",NA,NA,NA,44,2002-04-01,2002-04-01,"26-50",TRUE,"RD","Yes","Machinists Lodge 156",0,"Uncoded",0.393939393939394,"No",9
"26-RC-008318",NA,"Malvern Minerals",2002-03-27,2002-05-09,"Hot Springs","AR","A",2002-05-01,15,0,"United Steelworkers of America, AFL-CIO-CLC",13,NA,NA,NA,NA,1,14,"N",0,"N","United Steelworkers of America, AFL-CIO-CLC","Initial","Single Labor Organization","Certific. of Representative","Closed","Inc:  All full-time and regular part-time production and maintenance employees employed by Malvern Materials Company at its facility in Hot Springs,  Arkansas.

Exc:  All office clerical employees, professional employees, technical employees, guards, and supervisors as defined in the Act.",NA,NA,NA,35,2002-04-01,2002-01-01,"11-25",TRUE,"RC","Yes","United Steelworkers of America, AFL-CIO-CLC",1,"USW",0.928571428571429,"Yes",1
"26-RC-008315",NA,"Farmland Industries, Inc./Springwater Farms",2002-03-20,2002-05-10,"Eudora","AR","A",2002-05-02,257,1,"UFCW Local 2008, AFL-CIO",135,NA,NA,NA,NA,81,216,"N",5,"N","UFCW Local 2008, AFL-CIO","Initial","Single Labor Organization","Certific. of Representative","Closed","Inc:  All full-time and regular part-time production and maintenance employees, including supply department employees, quality control department employees, and lead persons employed by Southern Farm Fish Processors,  Inc. d/b/a Springwater Farms Catfish at its Eudora, Arkansas facility.

Exc:  All other employees, inclueding office clerical employees, professional employees, technical employees, supervisory lead persons, guards, and supervisors as defined in the Act.",NA,NA,NA,43,2002-04-01,2002-01-01,"101-500",TRUE,"RC","Yes","UFCW Local 2008, AFL-CIO",1,"UFCW",0.625,"Yes",41
"26-RC-008308",NA,"Charles Ray Masonry, Inc.",2002-02-11,2002-04-02,"Little Rock","AR","A",2002-03-25,14,1,"Bricklayers & Allied Craftworkers Local 5 OK/AR",3,NA,NA,NA,NA,6,9,"N",0,"N",NA,"Initial","Single Labor Organization","Certification of Results","Closed","Inc:  All full-time and regular part-time bricklayers and registered apprentices employed by Charles Ray Masonry Contractor, Inc. 

Exc:  All individuals working in other trades, office clerical employees, professional employees, guards, and supervisors as defined in the Act.",NA,NA,NA,42,2002-01-01,2002-01-01,"11-25",TRUE,"RC","Yes","Bricklayers & Allied Craftworkers Local 5 OK/AR",1,"BAC",0.333333333333333,"No",5
"26-RC-008307",NA,"Central Masonry, Inc.",2002-02-11,2002-04-02,"Little Rock","AR","A",2002-03-25,75,0,"Bricklayers and Allied Craftworkers, AFL-CIO Local 5 OK/AR",35,NA,NA,NA,NA,3,38,"N",5,"N","Bricklayers and Allied Craftworkers, AFL-CIO Local 5 OK/AR","Initial","Single Labor Organization","Certific. of Representative","Closed","Inc:  All full-time and regular part-time bricklayers and registered apprentices employed by Central Masonry, Inc. 

Exc:  All individuals working in other trades, office clerical employees, professional employees, guards, and supervisors as defined int he Act.",NA,NA,NA,42,2002-01-01,2002-01-01,"51-100",TRUE,"RC","Yes","Bricklayers and Allied Craftworkers, AFL-CIO Local 5 OK/AR",1,"BAC",0.921052631578947,"Yes",37
NA,NA,NA,NA,NA,NA,NA,NA,NA,NA,NA,NA,NA,NA,NA,NA,NA,NA,NA,NA,NA,NA,NA,NA,NA,NA,NA,NA,NA,NA,NA,NA,NA,NA,NA,NA,NA,NA,NA,NA,NA,NA,NA,NA
NA,NA,NA,NA,NA,NA,NA,NA,NA,NA,NA,NA,NA,NA,NA,NA,NA,NA,NA,NA,NA,NA,NA,NA,NA,NA,NA,NA,NA,NA,NA,NA,NA,NA,NA,NA,NA,NA,NA,NA,NA,NA,NA,NA
"26-RD-001058",NA,"BFI/Allied Waste Services",2002-01-23,2002-03-14,"Little Rock","AR","A",2002-03-01,41,0,"Int. Brotherhood of Teamsters Local 878, AFL-CIO",29,NA,NA,NA,NA,10,39,"N",1,"N","Int. Brotherhood of Teamsters Local 878, AFL-CIO","Initial","Single Labor Organization","Certific. of Representative","Closed","Inc:  All full-time and regular part-time drivers and helpers employed by BFI Waste Systems of North America, Inc.,a wholly-owned subsidiary of Allied Waste Systems, Inc. at its facility in Little Rock, Arkansas.
Exc:  All office clerical employees, professional employees, technical employees, mechanics, maintenance personnel, janitors, guards, and supervisors as defined in the Act.",NA,NA,NA,37,2002-01-01,2002-01-01,"26-50",TRUE,"RD","Yes","Int. Brotherhood of Teamsters Local 878, AFL-CIO",1,"Teamsters",0.743589743589744,"Yes",2
"26-RC-008302",NA,"Beverly Enterprises, Inc. - Camden",2002-01-15,2002-03-01,"Camden","AR","A",2002-02-21,10,2,"UFCW Local 2008, AFL-CIO",6,NA,NA,NA,NA,2,8,"N",0,"N","UFCW Local 2008, AFL-CIO","Initial","Single Labor Organization","Certific. of Representative","Closed","Included:  All full-time and regular part-time Dedicated Alzheimer Unit service and maintenance employees, including Beverly Certified Alzheiner's Caregivers or nursing aides employed by the Employer at its 900 Magnolia Road, SW, Camden, Arkansas facility.

Excluded:  All other employees, clerical employees, professional employees, registered nurses, technical employees, licensed practical nurses, Recreational Director, Social Services Director, medical records and ancillary supply clerks, Dietary Services supervisor, Environmental Services Director, Alzheimer Director, temporary and casual employees, guards, and supervisors as defined in the Ac.",NA,NA,NA,37,2002-01-01,2002-01-01,"6-10",TRUE,"RC","Yes","UFCW Local 2008, AFL-CIO",1,"UFCW",0.75,"Yes",2
"26-RC-008296",NA,"Beverly Enterprises, Inc., - Camden",2001-12-07,2002-03-27,"Camden","AR","A",2002-01-18,38,0,"UFCW Local 2008, AFL-CIO",25,NA,NA,NA,NA,11,36,"N",0,"N","UFCW Local 2008, AFL-CIO","Initial","Single Labor Organization","Certific. of Representative","Closed","Inc:  All full-time and regular part-time service and maintenance employees, including nurses aides, dietary employees, laundry employees, housekeeping employees, and janitors employed by the Employer at its Camden, Arkansas facility.

Exc:  All clerical employees,  professional employees, registered nurses, technical employees, licensed practical nurses, recreational director, social services director, medical records and ancillary supply clerks, dietary services supervisor, environmental services supervisor, Alzheimer director, Alzheimer unit employees, temporary and casual employees, guards, and supervisors as defined in the Act.",NA,NA,NA,42,2002-01-01,2001-10-01,"26-50",TRUE,"RC","Yes","UFCW Local 2008, AFL-CIO",1,"UFCW",0.694444444444444,"Yes",2
"26-RD-001054",NA,"Overnite Transportation",2001-11-26,2002-11-04,"Little Rock","AR","A",2002-10-25,21,0,"Teamsters Local Union No. 878",4,NA,NA,NA,NA,13,17,"N",0,"N",NA,"Initial","Single Labor Organization","Certification of Results","Closed",NA,NA,NA,NA,333,2002-10-01,2001-10-01,"11-25",TRUE,"RD","Yes","Teamsters Local Union No. 878",1,"Teamsters",0.235294117647059,"No",4
"26-RD-001050",NA,"PACTIV",2001-10-02,2002-04-22,"Malvern","AR","A",2002-04-12,196,1,"UNITE - Southwest Regional Joint Board",103,NA,NA,NA,NA,79,182,"N",1,"N","UNITE - Southwest Regional Joint Board","Initial","Single Labor Organization","Certific. of Representative","Closed","INCLUDED:  All regular full-time employees including material handlers, thermoformer operators, extrusion operators, operator specialists, setup technician, process technicians, maintenance employees, maintenance utility employees, material handler specialists (warehouse employees and forklift operators), purchasing agent, and backup team leaders employed by the Employer at its Malvern, Arkansas facility.

EXCLUDED:  All other employees, including the plant manager, human resources manager, manufacturing and other fulfillment manager, shift supervisors, maintenance supervisors, technical manager, office manager, unit process engineer, environmental health and safety manager, production specialist, accounts payable and payroll employees, office clericals, temporary employees, confidential employees, guards, and supervisors, as defined in the Act, unit manager, engineering manager, accounting manager, and team leaders.",NA,NA,NA,192,2002-04-01,2001-10-01,"101-500",TRUE,"RD","Yes","UNITE - Southwest Regional Joint Board",0,"Uncoded",0.565934065934066,"Yes",14
"16-RC-010364",NA,"RVA, INC.",2001-08-22,2001-09-28,"Texarkana","AR","A",2001-09-20,4,0,"National Air Traffic Controllers Association (NATCA)",4,NA,NA,NA,NA,0,4,"N",0,"N","National Air Traffic Controllers Association (NATCA)","Initial","Single Labor Organization","Certific. of Representative","Closed","INCLUDED:  All full-time and regular part-time air traffic control specialists employed by the Employer at Texarkana, Arkansas.

EXCLUDED:  All other employees, including office clerical employees, facility manager, guards and supervisors as defined in the Act.",NA,NA,NA,29,2001-07-01,2001-07-01,"<5",TRUE,"RC","Yes","National Air Traffic Controllers Association (NATCA)",1,"NATCA",1,"Yes",0
"26-RC-008281",NA,"Tyson Foods, Inc.",2001-08-17,2001-10-09,"Dardanelle","AR","A",2001-09-28,80,0,"UFCW Local 2008, AFL-CIO",9,NA,NA,NA,NA,69,78,"N",2,"N",NA,"Initial","Single Labor Organization","Certification of Results","Closed","Inc:  All full-time and regular part-time maintenance employees, freezer maintenance employees, yard maintenance employees and parts room employees employed by the Employer at its poultry processing faciltiy located at Dardanelle, Arkansas.

Exc:  All producton employees, quality control employees, office clerical employees, truck drivers, supervisors and all other employees who meet the standards for supervisors as defined in  Section 2(11) of the Act..",NA,NA,NA,42,2001-07-01,2001-07-01,"51-100",TRUE,"RC","Yes","UFCW Local 2008, AFL-CIO",1,"UFCW",0.115384615384615,"No",2
"26-RC-008275",NA,"DANA Corporation",2001-08-06,2001-09-28,"Russellville","AR","A",2001-09-20,214,0,"UAW",55,NA,NA,NA,NA,146,201,"N",5,"N",NA,"Initial","Single Labor Organization","Certification of Results","Closed","Included:  All full--time and regular part-time production employees and maintenance employees employed by DANA Corporation at its facilities located at 2301 East 16th Street, Russellville, Arkansas and 1904 West C Place, Russellville, Arkansas, including all production technicians, maintenance technicians, team leaders, metallurgical lab support technicains, receiving support technicians, support technicians, quality support technicians, document support technicians, shipping support technicians, and gauge technicians

Excluded:  All other employees, office clerical employees, guards, and supervisors as defined in the Act..",NA,NA,NA,45,2001-07-01,2001-07-01,"101-500",TRUE,"RC","Yes","UAW",1,"UAW",0.27363184079602,"No",13
"26-RC-008274",NA,"Northwest Arkansas Sheet Metal",2001-08-06,2001-09-21,"Rogers","AR","A",2001-09-12,60,0,"Sheet Metal Workers Internatonal Association",25,NA,NA,NA,NA,29,54,"N",0,"N",NA,"Initial","Single Labor Organization","Certification of Results","Closed","Inc:  All sheet metal journeymen, sheet metal mechanics, sheet metal apprentices, sheet metal trainees, and sheet metal helpers employed by the Employer.

Exc:  All other employees including office clericals, guards, salary, and supervisors as defined in the Act.",NA,NA,NA,37,2001-07-01,2001-07-01,"51-100",TRUE,"RC","Yes","Sheet Metal Workers Internatonal Association",1,"SMART",0.462962962962963,"No",6
"26-RC-008272",NA,"All-Star Maintenance",2001-07-30,2001-09-07,"Jacksonville","AR","A",2001-08-30,15,0,"Arkansas Regional Council of Carpenters",9,NA,NA,NA,NA,6,15,"N",0,"N","Arkansas Regional Council of Carpenters","Initial","Single Labor Organization","Certific. of Representative","Closed","Inc:  All full-time and regular part-time military family housing maintenance employees employed at the Employer's Little Rock Air Foce Base facility.

Exc:  All managerial employees, office administrative/clerical employees, quality control employees, self help employees, and supervisors as defined in the Act.",NA,NA,NA,31,2001-07-01,2001-07-01,"11-25",TRUE,"RC","Yes","Arkansas Regional Council of Carpenters",1,"UBC",0.6,"Yes",0
"26-RC-008268",NA,"Beverly Enterprises, Inc., d/b/a Lakewood Rehabilitation Center",2001-06-29,2001-08-10,"Lake Village","AR","A",2001-08-02,61,0,"UFCW Local 2008 AFL-CIO",28,NA,NA,NA,NA,26,54,"N",1,"N","UFCW Local 2008 AFL-CIO","Initial","Single Labor Organization","Certific. of Representative","Closed","INCLUDED:  All full-time and regular part-time certified nursing assistants, dietary employees, housekeeping assistants, laundry assistants and maintenance employees employed by the Employer at its 903 Borgognoni Drive, Lake Village, Arkansas, facility.

EXCLUDED:  All other employees, including registered nurses, licensed practical nurses, medical records, Activities Director, Social Services Director, Dietary Services Manager, Environmental Services Supervisor, Maintenance Supervisor, department heads, office clerical employees, Assistant Business Office Manager, temporary and casual employees, professional employees, guards and supervisors as defined in the Act.",NA,NA,NA,34,2001-07-01,2001-04-01,"51-100",TRUE,"RC","Yes","UFCW Local 2008 AFL-CIO",1,"UFCW",0.518518518518518,"Yes",7
"26-RC-008262",NA,"Interstate Brands Corporation",2001-06-21,2001-08-10,"Fayetteville/Rogers","AR","A",2001-08-01,5,0,"Bakery Workers",4,NA,NA,NA,NA,1,5,"N",0,"N","Bakery Workers","Initial","Single Labor Organization","Certific. of Representative","Closed","Inc:  All full-time and regular part-time sales clerks employed by Interstate Brands Corporation at its facilities
        located at 4505 West Walnut in Rogers, Arkansas, and 602 South School Street in Fayetteville,
        Arkansas.

Exc:  All other employees, including route salespersons, office clerical employees, professional
         employees, technical employees, salaried employees, guards, and supervisors as defined in the Act.",NA,NA,NA,41,2001-07-01,2001-04-01,"<5",TRUE,"RC","Yes","Bakery Workers",0,"Uncoded",0.8,"Yes",0
"26-RC-008256",NA,"Kimberly-Clark Corporation",2001-05-03,2001-09-13,"Conway","AR","A",2001-06-27,112,0,"UBC - Arkansas Regional Council",56,NA,NA,NA,NA,44,100,"N",8,"N","UBC - Arkansas Regional Council","Initial","Single Labor Organization","Certific. of Representative","Closed","Inc.(after Board Order dated 9/13/01). All full time integrated maintenance technicains, mechanical and electrical maintenance employees.

Exc All production workers, integrated maintenance technician trainees, maintenance assistants, 
       operators, which includes line leaders, technicians, safety and training coordinators, truck drivers, 
       office clerical, professionals, guards, and supervisors as defined in the Act. 

Employees identified as planners will be allowed to vote subject to challenge.

  (Board Order issued June 27, 2001 by fax to include process specialists to eligible voters to vote by challenge - not on Excelsior list,  to vote at 7:00pm-7:30 pm on 6/27/01. One voter by fax.",NA,NA,NA,55,2001-04-01,2001-04-01,"101-500",TRUE,"RC","Yes","UBC - Arkansas Regional Council",1,"UBC",0.56,"Yes",12
"26-RC-008253",NA,"The Wackenhut Corporation",2001-04-26,2001-06-15,"Russellville","AR","A",2001-06-07,47,0,"SPFPA",44,NA,NA,NA,NA,0,44,"N",0,"N","SPFPA","Initial","Single Labor Organization","Certific. of Representative","Closed","Included:  All full-time and regular part-time security officers performing guard duties as defined in Section 9(b)(3) of the Act employed by The Wackenhut Corporation at Arkansas Nuclear One in Russellville, Arkansas. 

Excluded:  All office clerical employees, professional employees, Central Alarm Station (CAS) operators, Secondary Alarm Station (SAS) operators, and supervisors as defined in the Act.",NA,NA,NA,42,2001-04-01,2001-04-01,"26-50",TRUE,"RC","Yes","SPFPA",1,"SPFPA",1,"Yes",3
"26-RD-001042",NA,"Wheatland Tube Company",2001-04-16,2001-05-31,"Little Rock","AR","A",2001-05-17,123,1,"United Steelworkers of America, AFL-CIO, CLC",61,NA,NA,NA,NA,58,119,"N",0,"N","United Steelworkers of America, AFL-CIO, CLC","Initial","Single Labor Organization","Certific. of Representative","Closed","INCLUDED:  All production and maintenance employees employed by Wheatland Tube Company at 8200 Frazier Pike, Little Rock, Arkansas.
EXCLUDED:  All office clerical employees, sales persons, professional employees, guards, and supervisors as defined in the Act.",NA,NA,NA,31,2001-04-01,2001-04-01,"101-500",TRUE,"RD","Yes","United Steelworkers of America, AFL-CIO, CLC",1,"USW",0.512605042016807,"Yes",4
"26-RC-008247",NA,"Jonesboro Sun",2001-03-01,2001-04-24,"Jonesboro","AR","A",2001-04-13,100,0,"Communciations Workers of America",23,NA,NA,NA,NA,65,88,"N",0,"N",NA,"Initial","Single Labor Organization","Certification of Results","Closed","Included:  All full-time and regular part-time employees employed by the Jonesboro Sun at its facility located at 519 Carson Street, Jonesboro, Arkansas, in the following departments: administration, advertising, news, pre-press, press, mailroom, and circulation.
Excluded:  All guards, temporary employees, confidential secretaries, managerial personnel, independent contractors, and supervisors as defined in the Act, including but not limited to the following excluded positions: publisher, managing editor, associate editors, sports editor, photo editor, society editor, production manager, pressroom manager, assistant pressroom manager, mailroom manager, assistant mailroom manager, circulation director, assistant circulation director, customer servicer manager, dock manager, home delivery manager, lead customer service, advertising director, retail sales manager, national advertising manager/preprint coordinator, graphic arts supervisor, classified sales manager, and business manager.",NA,NA,NA,43,2001-04-01,2001-01-01,"51-100",TRUE,"RC","Yes","Communciations Workers of America",0,"Uncoded",0.261363636363636,"No",12
"26-RD-001036",NA,"StoreKraft Manufacturing",2000-12-11,2001-01-18,"Greenwood","AR","A",2001-01-09,111,0,"UBC, Local 71",39,NA,NA,NA,NA,60,99,"N",1,"N",NA,"Initial","Single Labor Organization","Certification of Results","Closed","Included:  All production employees of The Store Kraft Manufacturing Company at its facility in Greenwood, Arkansas. 
Excluded:  All office and technical employees, sales, service employees, inspectors, guards, watchmen, maintenance employees, janitors and janitresses, foremen, all supervisors as defined in Section 2(11) of the National Labor Relations Act, and all other employees not engaged iinproduction.",NA,NA,NA,29,2001-01-01,2000-10-01,"101-500",TRUE,"RD","Yes","UBC, Local 71",1,"UBC",0.393939393939394,"No",12
"26-RC-008230",NA,"Centria Steel",2000-11-20,2001-01-12,"Sheridan","AR","A",2001-01-04,124,1,"USWA AFL-CIO-CLC",45,NA,NA,NA,NA,71,116,"N",4,"N",NA,"Initial","Single Labor Organization","Certification of Results","Closed","Included:  All full-time and regular part-time production and maintenance employees, including quality assurance employees, employed by Centria Steel at its facility in Sheridan, Arkansas.

Excluded:  All office clerical employees, professional employees, technical employees, salaried employees, temporary employees, guards and supervisors as defined in the Act.",NA,NA,NA,45,2001-01-01,2000-10-01,"101-500",TRUE,"RC","Yes","USWA AFL-CIO-CLC",1,"USW",0.387931034482759,"No",8
NA,NA,NA,NA,NA,NA,NA,NA,NA,NA,NA,NA,NA,NA,NA,NA,NA,NA,NA,NA,NA,NA,NA,NA,NA,NA,NA,NA,NA,NA,NA,NA,NA,NA,NA,NA,NA,NA,NA,NA,NA,NA,NA,NA
NA,NA,NA,NA,NA,NA,NA,NA,NA,NA,NA,NA,NA,NA,NA,NA,NA,NA,NA,NA,NA,NA,NA,NA,NA,NA,NA,NA,NA,NA,NA,NA,NA,NA,NA,NA,NA,NA,NA,NA,NA,NA,NA,NA
"26-RC-008215",NA,"Cedar Chemical Corporation",2000-09-18,2001-07-10,"Helena","AR","A",2000-11-01,94,0,"Paper, Allied-Industrial, Chemical and Energy Workers International Union",33,NA,NA,NA,NA,53,86,"N",12,"N",NA,"Initial","Single Labor Organization","Certification of Results","Closed","INCLUDED:  All production, maintenance, laboratory, and environmental health employees of the Employer at its 49 Phillips Road location.

EXCLUDED:  All office clerical employees, professional employees, guards and supervisors as defined in the Act.",NA,NA,NA,44,2000-10-01,2000-07-01,"51-100",TRUE,"RC","Yes","Paper, Allied-Industrial, Chemical and Energy Workers International Union",0,"Uncoded",0.383720930232558,"No",8
"26-RC-008202",NA,"Single Source Transportation/Ruan",2000-08-07,2000-10-10,"Little Rock,","AR","A",2000-09-29,4,0,"Teamsters Local 373",2,NA,NA,NA,NA,1,3,"N",0,"N","Teamsters Local 373","Initial","Single Labor Organization","Certific. of Representative","Closed","INCLUDED:  All truck drivers employed at the Employer's Batesville, Arkansas facility.

EXCLUDED:  All office clerical employees, professional employees, guards and supervisors as defined in the Act.",NA,NA,NA,53,2000-07-01,2000-07-01,"<5",TRUE,"RC","Yes","Teamsters Local 373",1,"Teamsters",0.666666666666667,"Yes",1
"26-RC-008197",NA,"Area Agency on Aging of Southeast Arkansas",2000-07-25,2000-10-10,"Pine Bluff","AR","A",2000-09-29,88,3,"UFCW Local 2008",57,NA,NA,NA,NA,13,70,"N",0,"N","UFCW Local 2008","Initial","Single Labor Organization","Certific. of Representative","Closed","INCLUDED:  All production and maintenance employees of Peco Foods of Brooksville, Inc. including sanitation employees and lead employees, employed by the Employer at its Brooksville, MS facility.

EXCLUDED:  All other employees, office clerical employees, quality control employees, guards, and supervisors as defined in the Act.",NA,NA,NA,66,2000-07-01,2000-07-01,"51-100",TRUE,"RC","Yes","UFCW Local 2008",1,"UFCW",0.814285714285714,"Yes",18
"26-RC-008191",NA,"CIBA",2000-06-19,2000-08-04,"West Memphis","AR","A",2000-07-27,123,0,"Paper, Allied-Industrial, Chemical and Energy Workers International Union",72,NA,NA,NA,NA,46,118,"N",2,"N","Paper, Allied-Industrial, Chemical and Energy Workers International Union","Initial","Single Labor Organization","Certific. of Representative","Closed","included:  All production, maintenance, lab, quality control technicians, warehouse and environmental, health and safety employees employed by the Employer at its West Memphis, Arkansas facility.

Excluded:  All R & D technicians, temporary employees, contractor employees, office clericals, professional, technical and administrative employees, guards and supervisors as defined in the Act.",NA,NA,NA,38,2000-07-01,2000-04-01,"101-500",TRUE,"RC","Yes","Paper, Allied-Industrial, Chemical and Energy Workers International Union",0,"Uncoded",0.610169491525424,"Yes",5
"26-RC-008189",NA,"Dillard's Inc.",2000-06-16,2000-10-31,"Little Rock","AR","A",2000-08-22,328,2,"UNITE",115,NA,NA,NA,NA,187,302,"N",11,"N",NA,"Initial","Single Labor Organization","Certification of Results","Closed","Included: All shipping, receiving, bulk, hang, flat consolidated, referral ,alterations, housekeeping, maintenance, DC traffic and iinternet store employees employed by Dillard's Inc.
Excluded:  All accounts payable, associate services, industrial engineering, corporate traffic, reservations, carpenter, escalator repair, POS Repair, video production, furniture repair and delivery,sign shop, office clericals, guards, and supervisors as defined in the  Act.",NA,NA,NA,67,2000-07-01,2000-04-01,"101-500",TRUE,"RC","Yes","UNITE",0,"Uncoded",0.380794701986755,"No",26
"26-RC-008177",NA,"Inland Paperboard and Packaging",2000-05-05,2002-10-25,"Fort Smith","AR","A",2002-10-25,142,0,"Paper, Allied-Industrial, Chemical and Energy Workers Industrial International Union",67,NA,NA,NA,NA,72,139,"N",0,"N",NA,"Rerun","Revised Single Labor Org","Certification of Results","Closed","Included:  All full-time and regular part-time production and maintenance employees employed by Inland Paperboard and Packaging, Inc., at its facility located in Fort Smith, Arkansas.

Excluded:  All office clerical employees, professional employes, technical employees, the storekeeper, guards, and supervisors as defined in the Act.",NA,NA,NA,903,2002-10-01,2000-04-01,"101-500",TRUE,"RC","Yes","Paper, Allied-Industrial, Chemical and Energy Workers Industrial International Union",0,"Uncoded",0.482014388489209,"No",3
"26-RC-008177",NA,"Inland Paperboard and Packaging",2000-05-05,2002-10-25,"Fort Smith","AR","A",2001-05-10,142,0,"Paper, Allied-Industrial, Chemical and Energy Workers Industrial International Union",66,NA,NA,NA,NA,64,130,"N",9,"Y",NA,"Rerun","Single Labor Organization","Certification of Results","Closed","Included:  All full-time and regular part-time production and maintenance employees employed by Inland Paperboard and Packaging, Inc., at its facility located in Fort Smith, Arkansas.

Excluded:  All office clerical employees, professional employes, technical employees, the storekeeper, guards, and supervisors as defined in the Act.",NA,NA,NA,370,2001-04-01,2000-04-01,"101-500",FALSE,"RC","Yes","Paper, Allied-Industrial, Chemical and Energy Workers Industrial International Union",0,"Uncoded",0.507692307692308,"No",12
"26-RC-008177",NA,"Inland Paperboard and Packaging",2000-05-05,2002-10-25,"Fort Smith","AR","A",2000-11-15,140,0,"Paper, Allied-Industrial, Chemical and Energy Workers Industrial International Union",63,NA,NA,NA,NA,68,131,"N",10,"Y",NA,"Rerun","Single Labor Organization","Certification of Results","Closed","Included:  All full-time and regular part-time production and maintenance employees employed by Inland Paperboard and Packaging, Inc., at its facility located in Fort Smith, Arkansas.

Excluded:  All office clerical employees, professional employes, technical employees, the storekeeper, guards, and supervisors as defined in the Act.",NA,NA,NA,194,2000-10-01,2000-04-01,"101-500",FALSE,"RC","Yes","Paper, Allied-Industrial, Chemical and Energy Workers Industrial International Union",0,"Uncoded",0.480916030534351,"No",9
"26-RC-008177",NA,"Inland Paperboard and Packaging",2000-05-05,2002-10-25,"Fort Smith","AR","A",2000-06-16,137,0,"Paper, Allied-Industrial, Chemical and Energy Workers Industrial International Union",57,NA,NA,NA,NA,71,128,"N",5,"Y",NA,"Initial","Single Labor Organization","Certification of Results","Closed","Included:  All full-time and regular part-time production and maintenance employees employed by Inland Paperboard and Packaging, Inc., at its facility located in Fort Smith, Arkansas.

Excluded:  All office clerical employees, professional employes, technical employees, the storekeeper, guards, and supervisors as defined in the Act.",NA,NA,NA,42,2000-04-01,2000-04-01,"101-500",FALSE,"RC","Yes","Paper, Allied-Industrial, Chemical and Energy Workers Industrial International Union",0,"Uncoded",0.4453125,"No",9
NA,NA,NA,NA,NA,NA,NA,NA,NA,NA,NA,NA,NA,NA,NA,NA,NA,NA,NA,NA,NA,NA,NA,NA,NA,NA,NA,NA,NA,NA,NA,NA,NA,NA,NA,NA,NA,NA,NA,NA,NA,NA,NA,NA
NA,NA,NA,NA,NA,NA,NA,NA,NA,NA,NA,NA,NA,NA,NA,NA,NA,NA,NA,NA,NA,NA,NA,NA,NA,NA,NA,NA,NA,NA,NA,NA,NA,NA,NA,NA,NA,NA,NA,NA,NA,NA,NA,NA
"26-RC-008171",NA,"Aura Energy Corp.",2000-04-07,2000-05-26,"Russellville","AR","A",2000-05-18,34,0,"Laborers International Union of North America, Local 107, AFL-CIO",25,NA,NA,NA,NA,8,33,"N",1,"N","Laborers International Union of North America, Local 107, AFL-CIO","Initial","Single Labor Organization","Certific. of Representative","Closed","Included:  All full-time and regular part-time hourly employees of the Employer employed on site in the protected, secured area at the Arkansas Nuclear One jobsite in Russellville, Arkansas.

Excluded:  All office clerical employees, professional employees, technical employees, guards and supervisors as defined in the Act.",NA,NA,NA,41,2000-04-01,2000-04-01,"26-50",TRUE,"RC","Yes","Laborers International Union of North America, Local 107, AFL-CIO",1,"LIUNA",0.757575757575758,"Yes",1
"26-RD-001024",NA,"Selma Oak Flooring",2000-04-03,2000-04-27,"Tillar","AR","A",2000-04-19,54,0,"PACE International Union",29,NA,NA,NA,NA,24,53,"N",1,"N","PACE International Union","Initial","Single Labor Organization","Certific. of Representative","Closed","Included:  All production and maintenance employees, including plank line employees, strip line employees, recovery employees and shipping employees, employed by Selma Oak Flooring, Inc. at its facility in Tillar, Arkansas.
Excluded:  All office clerical employees, professional employees, technical employees, managerial employees, salespersons, lumber graders, guards, watchmen, and supervisors as defined in the Act.",NA,NA,NA,16,2000-04-01,2000-04-01,"51-100",TRUE,"RD","Yes","PACE International Union",1,"USW",0.547169811320755,"Yes",1
"26-RC-008169",NA,"Ashland Chemical",2000-03-29,2000-05-19,"Jacksonville","AR","A",2000-05-11,25,0,"PACE Int. Union",4,NA,NA,NA,NA,20,24,"N",0,"N",NA,"Initial","Single Labor Organization","Certification of Results","Closed","Included:  All production and maintenance employees employed by the Employer at its facility located at 1901 Redmond Road in Jacksonville, Arkansas.

Excluded:  All office clerical employees, professional employees, laboratory employees, technical employees, guards and supervisors as defined in the Act.",NA,NA,NA,43,2000-04-01,2000-01-01,"11-25",TRUE,"RC","Yes","PACE Int. Union",1,"USW",0.166666666666667,"No",1
"26-RC-008159",NA,"PAT SALMON AND SONS, INC.",2000-03-06,2000-06-07,"Little Rock","AR","A",2000-05-30,246,5,"Central Arkansas Area Local American Postal Workers Union, #189",158,NA,NA,NA,NA,40,198,"N",33,"N","Central Arkansas Area Local American Postal Workers Union, #189","Initial","Single Labor Organization","Certific. of Representative","Closed","INCLUDED:  All full-time and regular part-time inner city and over-the-road truck drivers employed by the Employer and its subsidiaries of Fast Freight West, Inc., and Elbar, Inc., at its North Little Rock, Arkansas terminal.

EXCLUDED:  All office clerical employees, washers, mechanics, professional employees, technical employees, guards and supervisors as defined in the Act.",NA,NA,NA,85,2000-04-01,2000-01-01,"101-500",TRUE,"RC","Yes","Central Arkansas Area Local American Postal Workers Union, #189",1,"APWU",0.797979797979798,"Yes",48
NA,NA,NA,NA,NA,NA,NA,NA,NA,NA,NA,NA,NA,NA,NA,NA,NA,NA,NA,NA,NA,NA,NA,NA,NA,NA,NA,NA,NA,NA,NA,NA,NA,NA,NA,NA,NA,NA,NA,NA,NA,NA,NA,NA
"26-RC-008158",NA,"Wheatland Tube Company",2000-03-03,2000-04-14,"Little Rock","AR","A",2000-04-06,176,2,"USWA, AFL-CIO-CLC",92,NA,NA,NA,NA,72,164,"N",9,"N","USWA, AFL-CIO-CLC","Initial","Single Labor Organization","Certific. of Representative","Closed","All production and maintenance employees employed by Wheatland Tube Company at 8200 Frazier Pike,  Little Rock, Arkansas, excluding all office clerical employees, salespersons, professional employees, guards, and supervisors as defined in the Act.",NA,NA,NA,34,2000-04-01,2000-01-01,"101-500",TRUE,"RC","Yes","USWA, AFL-CIO-CLC",1,"USW",0.560975609756098,"Yes",12
NA,NA,NA,NA,NA,NA,NA,NA,NA,NA,NA,NA,NA,NA,NA,NA,NA,NA,NA,NA,NA,NA,NA,NA,NA,NA,NA,NA,NA,NA,NA,NA,NA,NA,NA,NA,NA,NA,NA,NA,NA,NA,NA,NA
"26-RC-008152",NA,"PIONEER CONCRETE OF ARKANSAS, INC.",2000-02-07,2000-04-20,"North Little Rcok","AR","A",2000-04-12,12,0,"Chauffeurs, Teamsters and Helpers, Local Union No. 878",1,NA,NA,NA,NA,11,12,"N",0,"N",NA,"Initial","Single Labor Organization","Certification of Results","Closed","INCLUDED:  All full-time and regular part-time maintenance employees, shop employees, tanker truck drivers and dump truck drivers employed by the Employer at its Smokey Lane facility in North Little Rock, Arkansas.

EXCLUDED:  All office clerical employees, professional employees, technical employees, guards and supervisors as defined in the Act.",NA,NA,NA,65,2000-04-01,2000-01-01,"11-25",TRUE,"RC","Yes","Chauffeurs, Teamsters and Helpers, Local Union No. 878",1,"Teamsters",0.0833333333333333,"No",0
"26-RC-008151",NA,"Pioneer Concrete of Arkansas, Inc.",2000-02-07,2000-04-20,"North Little Rock","AR","A",2000-04-12,26,0,"Teamsters Local Union No. 878",3,NA,NA,NA,NA,22,25,"N",0,"N",NA,"Initial","Single Labor Organization","Certification of Results","Closed","INCLUDED:  All full-time and regular part-time truck drivers, mixer drivers, loader operators, mechanics and mechanics helpers employed lby the Employe at its Alexander and Jacksonville, Arkansas, 65th Street, Little Rock, Arkansas; and Young Road (Maumelle), North Little Rock, Arkansas.
EXCLUDED:  All office clerical employees, batch plant operators, professional employees, technical employees, guards and supervisors as defined in the Act.",NA,NA,NA,65,2000-04-01,2000-01-01,"26-50",TRUE,"RC","Yes","Teamsters Local Union No. 878",1,"Teamsters",0.12,"No",1
"26-RC-008136",NA,"Turpin Painting Co., Inc.",1999-11-03,1999-12-27,"Little Rock","AR","A",1999-12-16,18,0,"International Brotherhood of Painters & allied Trades District Council #80",5,NA,NA,NA,NA,12,17,"N",0,"N",NA,"Initial","Single Labor Organization","Certification of Results","Closed",NA,NA,NA,NA,43,1999-10-01,1999-10-01,"11-25",TRUE,"RC","Yes","International Brotherhood of Painters & allied Trades District Council #80",0,"Uncoded",0.294117647058824,"No",1
"26-RC-008135",NA,"Trailmobile Trailer LLC",1999-11-01,2005-11-09,"Jonesboro","AR","A",1999-12-16,351,6,"IUE, AFL-CIO",101,NA,NA,NA,NA,215,316,"N",11,"N",NA,"Initial","Single Labor Organization","Withdrawal","Closed","All full-time production and maintenance employees employed by the Employer at its Jonesboro, Arkansas facility EXCLUDING all other employees, including office clerical employees, technical, professional and temporary employees, guards, and supervisors as defined in the Act.",NA,NA,NA,45,1999-10-01,1999-10-01,"101-500",TRUE,"RC","Yes","IUE, AFL-CIO",1,"CWA",0.319620253164557,"Other",35
"26-RC-008133",NA,"FORT SMITH COMPANY, LLC",1999-10-25,1999-12-17,"Fort Smith","AR","A",1999-12-09,71,1,"Bakery, Confectionery, Tobacco Workers and Grain Millers Intl. Union, Local",18,NA,NA,NA,NA,41,59,"N",3,"N",NA,"Initial","Single Labor Organization","Certification of Results","Closed","INCLUDED:  All full-time and regular part-time production and maintenance employees, including quality control employees, employed by Fort Biscuit Company, LLC, and its facility in Fort Smith, Arkansas.

EXCLUDED:  All office clerical employees, leadpersons, individuals employed by temporary agencies, professional employees, technical employees, guards and supervisors as defined in the Act.",NA,NA,NA,45,1999-10-01,1999-10-01,"51-100",TRUE,"RC","Yes","Bakery, Confectionery, Tobacco Workers and Grain Millers Intl. Union, Local",1,"BCTGM",0.305084745762712,"No",12
"26-RC-008130",NA,"Interstate Brands Corporation",1999-10-13,1999-12-02,"Fort Smith","AR","A",1999-11-24,4,0,"Bakery, Confectionery, Tobacco Workers and Grain Millers Int. Union, Local 65, AFL-CIO",4,NA,NA,NA,NA,0,4,"N",0,"N","Bakery, Confectionery, Tobacco Workers and Grain Millers Int. Union, Local 65, AFL-CIO","Initial","Single Labor Organization","Certific. of Representative","Closed","INCLUDED:  All full-time and regular part-time sales clerks and loaders employed by the Employer at its facility located at Fort Smith, Arkansas.

EXCLUDED:  All route salespersons, office clerical employees, professional employees, technical employees, guards and supervisors as defined in the Act.",NA,NA,NA,42,1999-10-01,1999-10-01,"<5",TRUE,"RC","Yes","Bakery, Confectionery, Tobacco Workers and Grain Millers Int. Union, Local 65, AFL-CIO",1,"BCTGM",1,"Yes",0
"26-RC-008128",NA,"Willamette Industries, Inc.",1999-10-08,2001-10-26,"Fort Smith","AR","A",2001-10-22,116,3,"P.A.C.E.",56,NA,NA,NA,NA,56,112,"N",0,"N",NA,"Rerun","Revised Single Labor Org","Certification of Results","Closed","Included:  All full-time and regular part-time production, maintenance and shipping employees and truck drivers employed by Willamette Industries, Inc., at its facility in Fort Smith, Arkansas.

Excluded:  All office clerical employees, professional employees, technical employees, guards and supervisors as defined in the Act.",NA,NA,NA,745,2001-10-01,1999-10-01,"101-500",TRUE,"RC","Yes","P.A.C.E.",0,"Uncoded",0.5,"No",4
"26-RC-008128",NA,"Willamette Industries, Inc.",1999-10-08,2001-10-26,"Fort Smith","AR","A",2000-02-11,116,3,"P.A.C.E.",56,NA,NA,NA,NA,51,107,"N",5,"Y",NA,"Rerun","Single Labor Organization","Certification of Results","Closed","Included:  All full-time and regular part-time production, maintenance and shipping employees and truck drivers employed by Willamette Industries, Inc., at its facility in Fort Smith, Arkansas.

Excluded:  All office clerical employees, professional employees, technical employees, guards and supervisors as defined in the Act.",NA,NA,NA,126,2000-01-01,1999-10-01,"101-500",FALSE,"RC","Yes","P.A.C.E.",0,"Uncoded",0.523364485981308,"No",9
"26-RC-008128",NA,"Willamette Industries, Inc.",1999-10-08,2001-10-26,"Fort Smith","AR","A",2000-01-12,121,1,"P.A.C.E.",55,NA,NA,NA,NA,65,120,"N",0,"N",NA,"Initial","Revised Single Labor Org","Certification of Results","Closed","Included:  All full-time and regular part-time production, maintenance and shipping employees and truck drivers employed by Willamette Industries, Inc., at its facility in Fort Smith, Arkansas.

Excluded:  All office clerical employees, professional employees, technical employees, guards and supervisors as defined in the Act.",NA,NA,NA,96,2000-01-01,1999-10-01,"101-500",FALSE,"RC","Yes","P.A.C.E.",0,"Uncoded",0.458333333333333,"No",1
"26-RC-008128",NA,"Willamette Industries, Inc.",1999-10-08,2001-10-26,"Fort Smith","AR","A",1999-11-19,121,1,"P.A.C.E.",55,NA,NA,NA,NA,58,113,"N",7,"N",NA,"Initial","Single Labor Organization","Certification of Results","Closed","Included:  All full-time and regular part-time production, maintenance and shipping employees and truck drivers employed by Willamette Industries, Inc., at its facility in Fort Smith, Arkansas.

Excluded:  All office clerical employees, professional employees, technical employees, guards and supervisors as defined in the Act.",NA,NA,NA,42,1999-10-01,1999-10-01,"101-500",FALSE,"RC","Yes","P.A.C.E.",0,"Uncoded",0.486725663716814,"No",8
"26-RC-008124",NA,"St. Vincent Health System",1999-09-28,2000-06-26,"Pulaski County","AR","A",2000-05-27,851,0,"Office & Professional Employees International Union, AFL-CIO",358,NA,NA,NA,NA,316,674,"N",48,"Y","Office & Professional Employees International Union, AFL-CIO","Rerun","Single Labor Organization","Certific. of Representative","Closed","INCLUDED:  All full-time and regular part-time Registered Nurses, including those working in the pool for a sufficient number of hours to warrant inclusion in the bargaining unit under existing law, Nurse Consulting Coordinators, Case Managers II, III and IV, Home Health Nurses, """"Charge Nurse Function"""", Nursing Instructors, Employee Health Nurses, Health Ministry Coordinators, Senior Epidemiologists, Hospice Nurses, Utilization Review Nurses, Nurse Team Leaders, VNA Nurses, Community Health Nurses and Nurse Practitioners employed by St. Vincent Health System in Pulaski County, Arkansas.

EXCLUDED:  All office clerical employees, physicians, service employees, maintenance employees, technical employees, temporary employees, traveler employees, contract registered nurses, confidential employees, guards and supervisors as defined in the Act.",NA,NA,NA,242,2000-04-01,1999-07-01,"500>",TRUE,"RC","Yes","Office & Professional Employees International Union, AFL-CIO",1,"OPEIU",0.531157270029674,"Yes",177
"26-RC-008124",NA,"St. Vincent Health System",1999-09-28,2000-06-26,"Little Rock","AR","A",1999-11-06,850,0,"Office & Professional Employees International Union, AFL-CIO",374,NA,NA,NA,NA,382,756,"N",26,"Y",NA,"Initial","Single Labor Organization","Certific. of Representative","Closed","INCLUDED:  All full-time and regular part-time Registered Nurses, including those working in the pool for a sufficient number of hours to warrant inclusion in the bargaining unit under existing law, Nurse Consulting Coordinators, Case Managers II, III and IV, Home Health Nurses, """"Charge Nurse Function"""", Nursing Instructors, Employee Health Nurses, Health Ministry Coordinators, Senior Epidemiologists, Hospice Nurses, Utilization Review Nurses, Nurse Team Leaders, VNA Nurses, Community Health Nurses and Nurse Practitioners employed by St. Vincent Health System in Pulaski County, Arkansas.

EXCLUDED:  All office clerical employees, physicians, service employees, maintenance employees, technical employees, temporary employees, traveler employees, contract registered nurses, confidential employees, guards and supervisors as defined in the Act.",NA,NA,NA,39,1999-10-01,1999-07-01,"500>",FALSE,"RC","Yes","Office & Professional Employees International Union, AFL-CIO",1,"OPEIU",0.494708994708995,"Yes",94
"26-RD-001018",NA,"Democrat Printing and Lithographing Co.",1999-09-24,1999-11-15,"Little Rock","AR","A",1999-11-04,97,0,"GCIU Local 502M",43,NA,NA,NA,NA,50,93,"N",0,"N",NA,"Initial","Single Labor Organization","Certification of Results","Closed","INCLUDED:  All full-time bindery employees, including Bookbinder I's, Bookbinder II's, General Workers and Apprentices, employed by Democrat Printing and Lithographing Company at its facility located in Little Rock, Arkansas.

EXCLUDED:  All part-time bindery employees, press employee, lithographing employees, shipping employees, office clerical employees, professional employees, technical employees, guards and supervisors as defined in the Act.",NA,NA,NA,41,1999-10-01,1999-07-01,"51-100",TRUE,"RD","Yes","GCIU Local 502M",1,"Teamsters",0.462365591397849,"No",4
"26-RD-001017",NA,"3-M Industrial Mineral Products Division",1999-09-13,1999-10-22,"Little Rock","AR","A",1999-10-14,128,2,"PACE Int. Union, Local 50571, AFL-CIO",71,NA,NA,NA,NA,48,119,"N",2,"N","PACE Int. Union, Local 50571, AFL-CIO","Initial","Single Labor Organization","Certific. of Representative","Closed","INCLUDED:  All production and maintenance employees, including transportation, utility persons and leadpersons, employed by Minnesota Mining and Manufacturing Company at its facility at Highway 365 and Walters Road in Little Rock, Arkansas.

EXCLUDED:  All office clerical employees, all chemists and inspectors in the laboratory and all supervisors as defined in the Act.",NA,NA,NA,31,1999-10-01,1999-07-01,"101-500",TRUE,"RD","Yes","PACE Int. Union, Local 50571, AFL-CIO",1,"USW",0.596638655462185,"Yes",9
"26-RC-008113",NA,"BFI WASTE SYSTEMS OF NORTH, INC., A WHOLLY-OWNED SUBSIDIARY OF ALLIED WASTE SYSTEMS, INC.",1999-08-25,1999-10-12,"Little Rock","AR","A",1999-10-01,39,0,"Teamsters Local 878",29,NA,NA,NA,NA,6,35,"N",3,"N","Teamsters Local 878","Initial","Single Labor Organization","Certific. of Representative","Closed","INCLUDED:  All full-time and regular part-time drivers and helpers employed by BFI Waste Systems of North America, Inc., a wholly-owned subsidairy of Allied Waste Systems, Inc., at its facility in Little Rock, Arkansas.

EXCLUDED:  All office clerical employees, professional employees, technical employees, mechanics, maintenance personnel, janitors, guards and supervisors as defined in the Act.",NA,NA,NA,37,1999-10-01,1999-07-01,"26-50",TRUE,"RC","Yes","Teamsters Local 878",1,"Teamsters",0.828571428571429,"Yes",4
"26-RC-008107",NA,"M C of A West Memphis",1999-08-13,1999-10-25,"West Memphis","AR","A",1999-10-15,49,0,"American Postal Workers Union",38,NA,NA,NA,NA,10,48,"N",0,"N","American Postal Workers Union","Initial","Single Labor Organization","Certific. of Representative","Closed","INCLUDED:  All full-time and extra board drivers and regular casual drivers employed by Mail Contractors of America who report to its West Memphis, Arkansas terminal manager.

EXCLUDED:  All office clerical employees, mechanics, seasonal drivers, guards, and supervisors as defined in the Act, as amended.",NA,NA,NA,63,1999-10-01,1999-07-01,"26-50",TRUE,"RC","Yes","American Postal Workers Union",1,"APWU",0.791666666666667,"Yes",1
"17-RD-001562",NA,"Wortz Company",1999-08-04,1999-09-08,"Fort Smith","AR","A",1999-08-27,24,0,"Teamsters Local 516",14,NA,NA,NA,NA,10,24,"N",0,"N","Teamsters Local 516","Initial","Single Labor Organization","Certific. of Representative","Closed",NA,NA,NA,NA,23,1999-07-01,1999-07-01,"11-25",TRUE,"RD","Yes","Teamsters Local 516",1,"Teamsters",0.583333333333333,"Yes",0
"26-RC-008103",NA,"International Paper Company-Container/Graphics",1999-07-30,1999-10-25,"Conway","AR","A",1999-09-16,215,1,"PACE, Int. Union",79,NA,NA,NA,NA,115,194,"N",13,"N",NA,"Initial","Single Labor Organization","Certification of Results","Closed","Included:  All full-time and regular part-time production and maintenance employees employed by International Paper Company, Inc., at its container and graphic facility located at Conway, Arkansas.

Excluded:  All office clerical employees, professional employees, temporary employees, customer service representatives, guards and supervisors as defined in the Act.",NA,NA,NA,48,1999-07-01,1999-07-01,"101-500",TRUE,"RC","Yes","PACE, Int. Union",1,"USW",0.407216494845361,"No",21
"26-RC-008099",NA,"Mid-South Drywall, Inc.",1999-07-14,2003-08-26,"Little Rock","AR","A",1999-08-18,31,0,"Arkansas Region Council of Carpenters, UBC, AFL-CIO",9,NA,NA,NA,NA,16,25,"N",2,"N",NA,"Initial","Single Labor Organization","Withdrawal","Closed",NA,NA,NA,NA,35,1999-07-01,1999-07-01,"26-50",TRUE,"RC","Yes","Arkansas Region Council of Carpenters, UBC, AFL-CIO",1,"UBC",0.36,"Other",6
"26-RC-008095",NA,"Quality Electric",1999-06-23,1999-09-22,"Batesville","AR","A",1999-08-05,21,0,"IBEW Local 1516",3,NA,NA,NA,NA,15,18,"N",0,"N",NA,"Initial","Single Labor Organization","Certification of Results","Closed",NA,NA,NA,NA,43,1999-07-01,1999-04-01,"11-25",TRUE,"RC","Yes","IBEW Local 1516",1,"IBEW",0.166666666666667,"No",3
NA,NA,NA,NA,NA,NA,NA,NA,NA,NA,NA,NA,NA,NA,NA,NA,NA,NA,NA,NA,NA,NA,NA,NA,NA,NA,NA,NA,NA,NA,NA,NA,NA,NA,NA,NA,NA,NA,NA,NA,NA,NA,NA,NA
NA,NA,NA,NA,NA,NA,NA,NA,NA,NA,NA,NA,NA,NA,NA,NA,NA,NA,NA,NA,NA,NA,NA,NA,NA,NA,NA,NA,NA,NA,NA,NA,NA,NA,NA,NA,NA,NA,NA,NA,NA,NA,NA,NA
"26-RC-008077",NA,"Petit Jean Poultry",1999-03-23,2002-03-12,"Danville","AR","A",1999-09-01,754,12,"UNITE",305,NA,NA,NA,NA,344,649,"N",35,"N",NA,"Initial","Revised Single Labor Org","Withdrawal","Closed","INCLUDED:  All full-time and regular part-time production and maintenance employees, including lead persons and quality control employees, employed by Petit Jean Poultry, Inc., at its Danville, Arkansas, facility.

EXCLUDED:  All office clerical employees, professional employees, technical employees, salespersons, guards, and supervisors as defined in the Act.",NA,NA,NA,162,1999-07-01,1999-01-01,"500>",TRUE,"RC","Yes","UNITE",0,"Uncoded",0.469953775038521,"Other",105
"26-RC-008077",NA,"Petit Jean Poultry",1999-03-23,2002-03-12,"Danville","AR","A",1999-05-07,754,10,"UNITE",302,NA,NA,NA,NA,320,622,"N",72,"Y",NA,"Initial","Single Labor Organization","Withdrawal","Closed","INCLUDED:  All full-time and regular part-time production and maintenance employees, including lead persons and quality control employees, employed by Petit Jean Poultry, Inc., at its Danville, Arkansas, facility.

EXCLUDED:  All office clerical employees, professional employees, technical employees, salespersons, guards, and supervisors as defined in the Act.",NA,NA,NA,45,1999-04-01,1999-01-01,"500>",FALSE,"RC","Yes","UNITE",0,"Uncoded",0.485530546623794,"Other",132
NA,NA,NA,NA,NA,NA,NA,NA,NA,NA,NA,NA,NA,NA,NA,NA,NA,NA,NA,NA,NA,NA,NA,NA,NA,NA,NA,NA,NA,NA,NA,NA,NA,NA,NA,NA,NA,NA,NA,NA,NA,NA,NA,NA
NA,NA,NA,NA,NA,NA,NA,NA,NA,NA,NA,NA,NA,NA,NA,NA,NA,NA,NA,NA,NA,NA,NA,NA,NA,NA,NA,NA,NA,NA,NA,NA,NA,NA,NA,NA,NA,NA,NA,NA,NA,NA,NA,NA
NA,NA,NA,NA,NA,NA,NA,NA,NA,NA,NA,NA,NA,NA,NA,NA,NA,NA,NA,NA,NA,NA,NA,NA,NA,NA,NA,NA,NA,NA,NA,NA,NA,NA,NA,NA,NA,NA,NA,NA,NA,NA,NA,NA
NA,NA,NA,NA,NA,NA,NA,NA,NA,NA,NA,NA,NA,NA,NA,NA,NA,NA,NA,NA,NA,NA,NA,NA,NA,NA,NA,NA,NA,NA,NA,NA,NA,NA,NA,NA,NA,NA,NA,NA,NA,NA,NA,NA
NA,NA,NA,NA,NA,NA,NA,NA,NA,NA,NA,NA,NA,NA,NA,NA,NA,NA,NA,NA,NA,NA,NA,NA,NA,NA,NA,NA,NA,NA,NA,NA,NA,NA,NA,NA,NA,NA,NA,NA,NA,NA,NA,NA
NA,NA,NA,NA,NA,NA,NA,NA,NA,NA,NA,NA,NA,NA,NA,NA,NA,NA,NA,NA,NA,NA,NA,NA,NA,NA,NA,NA,NA,NA,NA,NA,NA,NA,NA,NA,NA,NA,NA,NA,NA,NA,NA,NA
NA,NA,NA,NA,NA,NA,NA,NA,NA,NA,NA,NA,NA,NA,NA,NA,NA,NA,NA,NA,NA,NA,NA,NA,NA,NA,NA,NA,NA,NA,NA,NA,NA,NA,NA,NA,NA,NA,NA,NA,NA,NA,NA,NA
NA,NA,NA,NA,NA,NA,NA,NA,NA,NA,NA,NA,NA,NA,NA,NA,NA,NA,NA,NA,NA,NA,NA,NA,NA,NA,NA,NA,NA,NA,NA,NA,NA,NA,NA,NA,NA,NA,NA,NA,NA,NA,NA,NA
NA,NA,NA,NA,NA,NA,NA,NA,NA,NA,NA,NA,NA,NA,NA,NA,NA,NA,NA,NA,NA,NA,NA,NA,NA,NA,NA,NA,NA,NA,NA,NA,NA,NA,NA,NA,NA,NA,NA,NA,NA,NA,NA,NA
NA,NA,NA,NA,NA,NA,NA,NA,NA,NA,NA,NA,NA,NA,NA,NA,NA,NA,NA,NA,NA,NA,NA,NA,NA,NA,NA,NA,NA,NA,NA,NA,NA,NA,NA,NA,NA,NA,NA,NA,NA,NA,NA,NA
NA,NA,NA,NA,NA,NA,NA,NA,NA,NA,NA,NA,NA,NA,NA,NA,NA,NA,NA,NA,NA,NA,NA,NA,NA,NA,NA,NA,NA,NA,NA,NA,NA,NA,NA,NA,NA,NA,NA,NA,NA,NA,NA,NA
NA,NA,NA,NA,NA,NA,NA,NA,NA,NA,NA,NA,NA,NA,NA,NA,NA,NA,NA,NA,NA,NA,NA,NA,NA,NA,NA,NA,NA,NA,NA,NA,NA,NA,NA,NA,NA,NA,NA,NA,NA,NA,NA,NA
NA,NA,NA,NA,NA,NA,NA,NA,NA,NA,NA,NA,NA,NA,NA,NA,NA,NA,NA,NA,NA,NA,NA,NA,NA,NA,NA,NA,NA,NA,NA,NA,NA,NA,NA,NA,NA,NA,NA,NA,NA,NA,NA,NA
