"Case","Case Name","Region","Status","Date Filed","Date Closed","Reason Closed","City","State","Unit ID","Ballot Type","Tally Type","Tally Date","No of Eligible Voters","Void Ballots","Labor Union1","Votes for Labor Union1","Labor Union2","Votes for Labor Union2","Labor Union3","Votes for Labor Union3","Votes Against","Total Ballots Counted","Runoff Required","Challenged Ballots","Challenges are Determinative","Union to Certify","Voting Unit (Unit A)","Voting Unit (Unit B)","Voting Unit (Unit C)","Voting Unit (Unit D)","Employees on charge/petition","Allegations","Union","Unit Sought","Voters","lat","long","formatted_address","accuracy","accuracy_type","source","address_components.city","address_components.county","address_components.state","address_components.zip","address_components.country","seached","lat_jit","long_jit","stable_address_key","match_type"
"01-RC-288998","I.N.S.A., Inc.","Region 01, Boston, Massachusetts","Open","01/18/2022","","","Salem","MA","","","","",NA,NA,"UNITED FOOD AND COMMERCIAL WORKERS UNION LOCAL 1445",NA,"",NA,"",NA,NA,NA,"",NA,"","","","","","",28,"","","Included: All full-time and part-time retail associates, retail leads, inventory associates, and inventory leads employed by the employer at its 462 Highland Ave, Salem, MA facility.
Excluded: All other employees, asset protection employees, managerial employees, professional employees, guards and supervisors as defined by the Act.",NA,42.512946,-70.904237,"Salem, MA 01970",1,"place","TIGER/Line® dataset from the US Census Bureau","Salem","Essex County","MA","1970","US",1,42.8344077574122,-70.5004968659098,NA,NA
"01-RC-322483","Starbucks Corporation","Region 01, Boston, Massachusetts","Open","07/26/2023","","","Beverly","MA","A","Single Labor Organization","Initial","09/07/2023",18,NA,"WORKERS UNITED A/W SERVICE EMPLOYEES INTERNATIONAL UNION",8,"",NA,"",NA,6,14,"",3,"Y","","All full-time and regular part-time baristas employed by the Employer at its 29 Enon Street, Beverly, MA 01915 (Store 7450) facility; but excluding store managers, assistant store managers, office clerical employees and guards, professional employees and supervisors as defined in the Act.

Others permitted to vote: The parties have agreed that Shift Managers may vote in the election but their ballots may be challenged since their eligibility has not been resolved.  No decision has been made regarding whether the individuals in these classifications or groups are included in, or excluded from, the bargaining unit.  The eligibility or inclusion of these individuals will be resolved, if necessary, following the election.
","","","",24,"","","Included: All full-time and regular part-time baristas and shift managers. Excluded: Store managers.",18,42.565145,-70.853843,"Beverly, MA 01915",1,"place","TIGER/Line® dataset from the US Census Bureau","Beverly","Essex County","MA","1915","US",1,43.0485078223278,-70.9582815021087,NA,NA
"01-RC-333862","RCL Mechanical, Inc.","Region 01, Boston, Massachusetts","Open","01/19/2024","","","Raynham","MA","A","Single Labor Organization","Initial","02/09/2024",51,NA,"PLUMBERS AND GASFITTESR LOCAL 12, UNITED ASSOCIATION OF JOURNEYMEN AND APPRENTICES OF THE PLUMBING AND PIPE FITTING INDUSTRY OF THE US AND CANADA",14,"",NA,"",NA,31,45,"",10,"","","","","","",49,"","","Included: All full time and regular part-time plumbers, HVAC technicians,
and apprentices working in the RCL’s Commercial department,
HVAC Service and Install Experts, Plumbing Install and Service
Experts, HVAC apprentices, and Plumbing Apprentices employed
by RCL Mechanical Inc. from its Raynham, MA location
Excluded: Warehouse employees and managers; comfort advisors; customer
service representatives; Co-Op Students; Project Managers and
Junior Project Managers; Service, Project and Success Managers;
General Foremen; Estimators; office clerical employees; and all
other employees, supervisors, managers, and guards as defined in
the National Labor Relations Act.",51,41.9367,-71.048941,"Raynham, MA 02767",1,"place","TIGER/Line® dataset from the US Census Bureau","Raynham","Bristol County","MA","2767","US",1,42.2448484506838,-70.9084312749173,NA,NA
"01-RC-347723","Comcast MO of Delaware LLC","Region 01, Boston, Massachusetts","Open","08/06/2024","","","South Yarmouth","MA","A","Single Labor Organization","Initial","05/21/2025",21,NA,"INTERNATIONAL BROTHERHOOD OF ELECTRICAL WORKERS, LOCAL 2322",15,"",NA,"",NA,2,17,"",1,"","INTERNATIONAL BROTHERHOOD OF ELECTRICAL WORKERS, LOCAL 2322","All full-time and regular part-time network maintenance technicians employed out of the Employer’s 10 Old Townhouse Rd, South Yarmouth, MA 02664 facility; but excluding all installation & service technicians, office clerical employees, confidential employees, managers, guards, and professional employees and supervisors as defined in the Act.","","","",20,"","INTERNATIONAL BROTHERHOOD OF ELECTRICAL WORKERS, LOCAL 2322","Included: All Network Maintenance Technicians

Excluded:
All clerical & confidential employees, managers, and supervisors as defined by the Act

",21,41.66861,-70.2005,"South Yarmouth, MA 02664",1,"place","TIGER/Line® dataset from the US Census Bureau","South Yarmouth","Barnstable County","MA","2664","US",1,41.7672646969507,-70.0062264874224,NA,NA
"01-RC-353555","Lynx FBO Providence, LLC d/b/a Atlantic Aviation","Region 01, Boston, Massachusetts","Open","10/28/2024","","","Warwick","RI","A","Single Labor Organization","Initial","12/05/2024",24,NA,"International Brotherhood of Teamsters Local 251",10,"",NA,"",NA,11,29,"",8,"Y","","INCLUDED: All full-time and regular part-time line service technicians and fuel technicians employed by the Employer at its 544 Airport Road, Warwick, RI location. 

EXCLUDED: All office clerical employees, managers, guards, and supervisors as defined by the Act. 

OTHERS PERMITTED TO VOTE: The parties agree that customer service representatives may vote in the election, but their ballots will be challenged since their eligibility has not been resolved. No decision has been made regarding whether the individuals in these classifications or groups are included in, or excluded from, the bargaining unit. The eligibility or inclusion of these individuals will be resolved, if necessary, following the election.

","","","",18,"","","Included: All full time and regular part-time Line Service Technician, and Fuel Technician. Excluded: AII other employees, managers, office personnel, guards, supervisors as defined in the Act (National Labor Act)",24,41.70247,-71.47902,"Warwick, RI 02886",1,"place","TIGER/Line® dataset from the US Census Bureau","Warwick","Kent County","RI","2886","US",1,41.8722022051041,-71.150637424814,NA,NA
"01-RC-354925","Mass General Brigham","Region 01, Boston, Massachusetts","Open","11/15/2024","","","Boylston","MA","A","Single Labor Organization","Initial","05/30/2025",237,1,"Doctors Council, Service Employees International Union Local 10MD",183,"",NA,"",NA,26,209,"",18,"","Doctors Council, Service Employees International Union Local 10MD","All full-time, part-time, and per diem academic physicians practicing primary care at Mass General Hospital Primary Care or Brigham and Women's Hospital Primary Care in the locations listed below; but excluding all non-physicians, contracted physicians, managers, guards and supervisors as defined in the Act.","","","",400,"","Doctors Council, Service Employees International Union Local 10MD","Included: All full-time, part-time, and per diem academic physicians practicing primary care at Mass General Hospital Primary
Care or Brigham and Women's Hospital Primary Care.
Excluded: All other non-physicians, contracted physicians, and supervisors as defined by the National Labor Relations Act.",237,42.39176,-71.70368,"Boylston, MA 01505",1,"place","TIGER/Line® dataset from the US Census Bureau","Boylston","Worcester County","MA","1505","US",1,42.4442710932067,-71.2583125035393,NA,NA
"01-RC-359812","Boston Medical Center Corporation","Region 01, Boston, Massachusetts","Open","02/06/2025","","","Roslindale","MA","","","","",NA,NA,"1199SEIU, United Healthcare Workers East",NA,"",NA,"",NA,NA,NA,"",NA,"","","","","","",36,"","","PROFESSIONAL UNIT: VOTING GROUP A
Included: All full-time and regular part-time professional employees, including Clinical Social Workers, Staff Nurses, and Licensed Practical Nurses, employed by Boston Medical Center working at Greater Roslindale Medical and Dental Center in Roslindale, MA.
 
Excluded:  All professional casual employees, non-professional employees, Medical Providers, Dentists, managers, guards and supervisors as defined in the Act. 

NON-PROFESSIONAL UNIT: VOTING GROUP B
Included:  All full-time, and regular part-time non-professional employees, including Medical Assistants, Medical Technicians, Lead Dental Assistants, Dental Assistants, Patient Access Representatives, Referral Coordinators, Phlebotomists, Pharmacy Liaisons, Call Center Workers, Senior Patient Account Specialists, and Community Health Workers employed by Boston Medical Center working at Greater Roslindale Medical and Dental Center in Roslindale, MA.
 
Excluded:  All non-professional casual employees, confidential employees, managers, guards and professional employees and supervisors as defined in the Act.

OR

In the event the majority of the voting Professionals (Voting Group A) vote to be included in a unit with nonprofessional employees (Voting Group B), the following combined unit is appropriate. 
COMBINED UNIT
Included: All full-time and part-time professional and non-professional employees, including Clinical Social Workers, Staff Nurses, Licensed Practical Nurses, Medical Assistants, Medical Technicians, Lead Dental Assistants, Dental Assistants, Patient Access Representatives, Referral Coordinators, Phlebotomists, Pharmacy Liaisons, Call Center Workers, Senior Patient Account Specialists, and Community Health Workers employed by Boston Medical Center working at Greater Roslindale Medical and Dental Center in Roslindale, MA.
Excluded:  All non-professional and professional casual employees, Medical Providers, Dentists, confidential employees, managers, guards and supervisors as defined in the Act.

OTHERS PERMITTED TO VOTE (CHALLENGED BALLOTS):  The parties agree that Dental Hygienists may vote in the election, but their ballots will be challenged since their classification as professionals or non-professionals has not been resolved.  No decision has been made regarding whether the individuals in these classifications or groups are included in, or excluded from, the bargaining unit(s).  The eligibility or inclusion of these individuals will be resolved, if necessary, following the election.
",NA,42.284197,-71.120896,"Roslindale, MA 02131",1,"place","TIGER/Line® dataset from the US Census Bureau","Roslindale","Suffolk County","MA","2131","US",1,42.2904841149275,-71.2353764751966,NA,NA
"01-RC-365899","Starbucks Corporation","Region 01, Boston, Massachusetts","Open","05/19/2025","","","South Boston","MA","A","Single Labor Organization","Initial","06/26/2025",13,NA,"Workers United a/w Service Employees International Union",5,"",NA,"",NA,5,10,"",1,"Y","","Included: All full-time and regular part-time baristas employed by the Employer at its facility located at 749 East Broadway, South Boston, MA 02127.
Excluded: All store managers, assistant store managers, shift managers, office clerical employees, guards, professional employees and supervisors as defined by the Act.","","","",15,"","","Included:  All full-time and regular part-time baristas
Excluded:  Others",13,42.333431,-71.049495,"South Boston, MA 02127",1,"place","TIGER/Line® dataset from the US Census Bureau","South Boston","Suffolk County","MA","2127","US",1,41.9282087398396,-71.1948916433182,NA,NA
"01-RC-368449","Starbucks Corporation","Region 01, Boston, Massachusetts","Open","06/30/2025","","","Westport","CT","A","Single Labor Organization","Initial","08/05/2025",20,NA,"Workers United, a/w Service Employees International Union",6,"",NA,"",NA,7,13,"",NA,"","","Included: All full-time and regular part-time baristas and shift supervisors employed by the Employer at its facility located at 1000 Post Road East, Westport, CT 06880.

Excluded: All store managers, assistant store managers, office clerical employees, guards, professional employees and supervisors as defined by the Act.","","","",20,"","","Included: All full-time and regular part-time baristas and shift supervisors.
Excluded: Others.",20,41.144496,-73.343261,"Westport, CT 06880",1,"place","TIGER/Line® dataset from the US Census Bureau","Westport","Western Connecticut Planning Region","CT","6880","US",1,41.3932677678305,-73.1655895491113,NA,NA
"01-RC-371026","Cape Cod Healthcare, Inc.","Region 01, Boston, Massachusetts","Open","08/08/2025","","","Hyannis","MA","","","","",NA,NA,"Massachusetts Nurses Association",NA,"",NA,"",NA,NA,NA,"",NA,"","","","","","",193,"","","Included: All FT, PT, PD Nurse Practitioners, Physician Assistants, Certified Nurse Midwives. Excluded: Guards and supervisors, all other employees as defined by the Act.",NA,41.65289,-70.2828,"Hyannis, MA 02601",1,"place","TIGER/Line® dataset from the US Census Bureau","Hyannis","Barnstable County","MA","2601","US",1,41.2710625063361,-70.6075705795802,NA,NA
"01-RC-372964","Camberville Coffee Roasters, LLC d/b/a Broadsheet Coffee Roasters","Region 01, Boston, Massachusetts","Open","09/09/2025","","","Cambridge","MA","A","Single Labor Organization","Initial","12/04/2025",16,NA,"New England Joint Board of UNITE HERE",6,"",NA,"",NA,7,13,"",2,"Y","","Included: All full-time and regular part-time baristas, barista shift leads, production leads, and roasters employed by the Employer at its 100 Kirkland Street, Cambridge, MA and 373 Washington Street, Somerville location.
Excluded: Café Managers, Head of Wholesale, office clerical employees, confidential employees, managers, guards, and professional employees and supervisors as defined in the Act.  

","","","",16,"","","Included:  All full-time regular part-time baristas, shift leads, bakers, lead bakers, production assistants, head roasters, assistant roasters, and production leads employed by Broadsheet Coffee Roasters.

Excluded: Clerical employees, confidential employees, professional employees, guards, managers, and supervisors as defined by the National Labor Relations Act.",16,42.380442,-71.132947,"Cambridge, MA 02138",1,"place","TIGER/Line® dataset from the US Census Bureau","Cambridge","Middlesex County","MA","2138","US",1,42.8258881820424,-71.3024974349191,NA,NA
"01-RC-374712","Babson College","Region 01, Boston, Massachusetts","Open","11/17/2025","","","Wellesley","MA","","","","",NA,NA,"AMERICAN COALITION OF PUBLIC SAFETY (ACOPS)",NA,"",NA,"",NA,NA,NA,"",NA,"","","","","","",22,"","","Included: Patrol Officers, Patrol Sergeants, Detectives, Community Service Officers

Excluded: Administrative Sergeant, Detective Sergeant, Superior Officers
",NA,42.300596,-71.27875,"Wellesley, MA 02181",1,"place","TIGER/Line® dataset from the US Census Bureau","Wellesley","Norfolk County","MA","2181","US",1,42.5832322377964,-71.7475724755228,NA,NA
"01-RC-375337","Oldcastle APG Northeast, Inc.","Region 01, Boston, Massachusetts","Open","11/21/2025","","","Cranston","RI","A","Single Labor Organization","Initial","12/18/2025",8,NA,"International Brotherhood of Teamsters Local 251",4,"",NA,"",NA,3,7,"",1,"","INTERNATIONAL BROTHERHOOD OF TEAMSTERS LOCAL 251","Included: All full-time and regular part-time machine operators, maintenance and forklift operators.

Excluded: All office clerical employees, confidential employees, managers, guards, professional employees, and supervisors as defined in the Act.
","","","",7,"","INTERNATIONAL BROTHERHOOD OF TEAMSTERS LOCAL 251","lncluded: All full time & regular part-time machine operator, maintenance & forklift operators

Excluded: All clerical employees, confidential employees and managers, guard and professional employees and supervisors defined in the Act. 
",8,41.7917,-71.435251,"Cranston, RI 02910",1,"place","TIGER/Line® dataset from the US Census Bureau","Cranston","Providence County","RI","2910","US",1,41.3626493013564,-71.4249526256582,NA,NA
"01-RC-377065","Yarde Metals, Inc.","Region 01, Boston, Massachusetts","Open","12/15/2025","","","Southington","CT","","","","",NA,NA,"International Brotherhood of Teamsters Local 671",NA,"",NA,"",NA,NA,NA,"",NA,"","","","","","",30,"","","Included: Delivery Driver; Loader/Driver, DE Driver CDL.
Excluded: everyone else.",NA,41.604786,-72.871945,"Southington, CT 06489",1,"place","TIGER/Line® dataset from the US Census Bureau","Southington","Capitol Planning Region","CT","6489","US",1,41.4900569087077,-72.8080798007806,NA,NA
"01-RC-377102","Yarde Metals, Inc.","Region 01, Boston, Massachusetts","Open","12/15/2025","","","Southington","CT","","","","",NA,NA,"International Brotherhood of Teamsters Local 671",NA,"",NA,"",NA,NA,NA,"",NA,"","","","","","",12,"","","Included: Equipment Technician, Maintenance Technician, Welder, Maintenance/Truck Driver.
Excluded: everyone else.",NA,41.604786,-72.871945,"Southington, CT 06489",1,"place","TIGER/Line® dataset from the US Census Bureau","Southington","Capitol Planning Region","CT","6489","US",1,41.7784957355071,-72.8101749340796,NA,NA
"01-RC-380151","Mass General Brigham Incorporated","Region 01, Boston, Massachusetts","Open","01/29/2026","","","Boston","MA","","","","",NA,NA,"MASSACHUSETTS NURSES ASSOCIATION",NA,"",NA,"",NA,NA,NA,"",NA,"","","","","","",178,"","","Included:
All full-time, part-time and Per Diem NPs, PAs k Team Leads.
Excluded:
All directors, managers, confidential employees, contractor, travelers & guards.",NA,42.354318,-71.073449,"Boston, MA 02106",1,"place","TIGER/Line® dataset from the US Census Bureau","Boston","Suffolk County","MA","2106","US",1,42.229937946979,-71.5318688743105,NA,NA
"01-RC-380282","Starbucks Corporation","Region 01, Boston, Massachusetts","Open","01/30/2026","","","Waterford","CT","A","Single Labor Organization","Initial","03/04/2026",20,NA,"WORKERS UNITED a/w SERVICE EMPLOYEES INTERNATIONAL UNION",7,"",NA,"",NA,13,20,"",NA,"","","Included: All full-time and regular part-time baristas and shift supervisors employed by the Employer at its facility located at 806 Hartford Turnpike, Waterford, CT 06385

Excluded: All store managers/coffeehouse leaders, assistant store managers, office clerical employees, guards, professional employees and supervisors as defined by the Act.
","","","",22,"","","Included: All full-time and regular part-time baristas and shift supervisors employed by the Employer at its facility located at 806 Hartford Turnpike, Waterford, CT 06385

Excluded: All store managers/coffeehouse leaders, assistant store managers, office clerical employees, guards, professional employees and supervisors as defined by the Act.
",20,41.36173,-72.156576,"Waterford, CT 06385",1,"place","TIGER/Line® dataset from the US Census Bureau","Waterford","Southeastern Connecticut Planning Region","CT","6385","US",1,41.3836820484097,-72.0373824281475,NA,NA
"01-RC-380912","Unifi Aviation, LLC","Region 01, Boston, Massachusetts","Open","02/11/2026","","","Windsor Locks","CT","A","Single Labor Organization","Initial","03/26/2026",193,NA,"International Association of Machinists and Aerospace Workers (IAM)",72,"",NA,"",NA,41,113,"",22,"","International Association of Machinists and Aerospace Workers (IAM)","Included: All full-time and regular part-time Customer Service Agents, Ramp Agents, Catering Security Agents, Leads/Agents in Charge (AIC) (Ramp), Leads/AIC (Customer Service), Trainers PX, and Ramp Trainer Leads employed by the Employer at the Bradley International Airport (BDL) located at 11 Schoephoester Rd, Windsor Locks, CT 06096.

Excluded: Office clerical employees, confidential employees, managers, guards, professional employees and supervisors as defined by the Act.

Others permitted to vote: The parties have agreed that Catering Security Supervisors, Customer Service Supervisors, and Ramp Supervisors may vote in the election, but their ballots will be challenged since their eligibility has not been resolved. No decision has been made regarding whether the individuals in these classifications or groups are included in, or excluded from, the bargaining unit. The eligibility or inclusion of these individuals will be resolved, if necessary, following the election.
","","","",180,"","International Association of Machinists and Aerospace Workers (IAM)","Included: All full-time and regular part-time Customer Service Agents, Ramp Agents, and Catering Agents; Leads/Agents in Charge (AIC) (Ramp); Leads/AIC (Customer Service); Catering Supervisors; Customer Service Supervisors; and Ramp Supervisors employed by the Employer at its facility located at 11 Schoephoester Rd, Windsor Locks, CT 06096. Excluded: All other employees; office clerical employees; guards; confidential employees; managerial employees; and all employees excluded by the Act.",193,41.933846,-72.660245,"Windsor Locks, CT 06096",1,"place","TIGER/Line® dataset from the US Census Bureau","Windsor Locks","Capitol Planning Region","CT","6096","US",1,41.7234697191744,-73.0649948167492,NA,NA
"01-RC-382655","Everytown for Gun Safety Action Fund, Inc. and Everytown for Gun Safety Support Fund, Inc., a single employer","Region 01, Boston, Massachusetts","Open","03/11/2026","","","Worcester","MA","","","","",NA,NA,"International Brotherhood of Electrical Workers, IBEW Local 2325",NA,"",NA,"",NA,NA,NA,"",NA,"","","","","","",43,"","","Included: Advocacy Campaigns Team- Field, Digital, National Programs & POD Administration. Excluded: 
Supervisors, managers, confidential employees, and guards as defined by the Act.",NA,42.265275,-71.879415,"Worcester, MA 01601",1,"place","TIGER/Line® dataset from the US Census Bureau","Worcester","Worcester County","MA","1601","US",1,41.9935235845499,-71.5846897497801,NA,NA
"01-RC-383233","PPC Event Services Holding Corp. & Subs","Region 01, Boston, Massachusetts","Open","03/19/2026","","","Warwick","RI","","","","",NA,NA,"International Brotherhood of Teamsters Local 251",NA,"",NA,"",NA,NA,NA,"",NA,"","","","","","",33,"","","Included: All full time and regular part-time Drivers and Helpers.

Excluded: All Clerical Employees, confidential employees, and managers, guards and professional employees and supervisors as defined in the Act.",NA,41.70247,-71.47902,"Warwick, RI 02886",1,"place","TIGER/Line® dataset from the US Census Bureau","Warwick","Kent County","RI","2886","US",1,41.6141561799266,-71.7026253226516,NA,NA
"01-RC-383420","Best Buy Stores, L.P.","Region 01, Boston, Massachusetts","Open","03/23/2026","","","Bellingham","MA","","","","",NA,NA,"International Brotherhood of Teamsters Local 25",NA,"",NA,"",NA,NA,NA,"",NA,"","","","","","",19,"","","Included:  All full-time and regular part-time order pickers, lift operator, and warehouse workers working out of Bellingham, MA. 
Excluded:  All other employees including managers, supervisors, guards, and non-regular employees.",NA,42.076501,-71.470464,"Bellingham, MA 02019",1,"place","TIGER/Line® dataset from the US Census Bureau","Bellingham","Norfolk County","MA","2019","US",1,41.6899426717105,-71.2378003462091,NA,NA
"01-RC-383696","Lockheed Martin Corporation d/b/a Sikorsky Aircraft Corporation","Region 01, Boston, Massachusetts","Open","03/26/2026","","","Trumbull","CT","A","Single Labor Organization","Initial","04/15/2026",72,NA,"INTERNATIONAL BROTHERHOOD OF TEAMSTERS LOCAL UNION NO. 1150",34,"",NA,"",NA,37,71,"",1,"","","All regular full-time and regular part-time hourly employees located at the Employer's facility at 116 Quarry Road, Trumbull, Connecticut in the following job classifications:  Machinist General Specialist, Machinist General Senior Specialist, Material Distribution Handler Support Lead, Material Distribution Handler Support Specialist, Material Distribution Handler Support Senior Specialist, Mechanic A&P Lead, Mechanic A&P Specialist, Mechanic A&P Senior, and Mechanic A&P Senior Specialist. 
 
Excluding: Office clerical employees, salaried employees, contractor employees, flight inspectors, confidential employees, managers, guards, professional employees and supervisors as defined by the Act.","","","",71,"","","Included: Regular full-time and part-time hourly employees, including Mechanic A&P Specs and Leads, Machinists Specs and Leads, Material Dist Handl Spts and Leads.
Excluded: All salaried and confidential employees, all contractors, all inspector flight specs, all managers/supervisors, and all security guards as defined by the Act.",72,41.259996,-73.206957,"Trumbull, CT 06611",1,"place","TIGER/Line® dataset from the US Census Bureau","Trumbull","Greater Bridgeport Planning Region","CT","6611","US",1,41.1221619853961,-73.3288733762871,NA,NA
"01-RC-384052","RelaDyne Northeast LLC d/b/a Ocean State Oil","Region 01, Boston, Massachusetts","Open","04/02/2026","","","North Kingstown","RI","A","Single Labor Organization","Initial","05/07/2026",32,NA,"International Brotherhood of Teamsters Local 251",17,"",NA,"",NA,10,27,"",5,"","International Brotherhood of Teamsters Local 251","All full-time and regular part-time drivers, warehouse workers, maintenance techs, equipment supervisors, dispatch coordinators and inventory control specialists employed by the Employer at its 123 Ocean State Drive, North Kingstown, Rhode Island facility; but excluding all office clerical employees, confidential employees. managers, guards, professional employees and supervisors as defined in the Act. 

Others permitted to vote: The parties have agreed that customer service representatives may vote in the election but their ballots will be challenged since their eligibility has not been resolved.  No decision has been made regarding whether the individuals in these classifications or groups are included in, or excluded from, the bargaining unit.  The eligibility or inclusion of these individuals will be resolved, if necessary, following the election.
","","","",24,"","International Brotherhood of Teamsters Local 251","Included: All full time and regular part-time Drivers, warehouse workers and Maintenance Tech. Excluded: All clerical employees, confidential employees, and managers, guards and professional employees and supervisors as defined. in the Act.",32,41.586851,-71.464801,"North Kingstown, RI 02852",1,"place","TIGER/Line® dataset from the US Census Bureau","North Kingstown","Washington County","RI","2852","US",1,41.3540062931424,-71.1615767178936,NA,NA
"01-RC-387216","Enel North America, Inc.","Region 01, Boston, Massachusetts","Open","05/19/2026","","","Andover","MA","A","Single Labor Organization","Initial","06/24/2026",15,NA,"International Brotherhood of Electrical Workers, Local Union No. 326",7,"",NA,"",NA,6,13,"",NA,"","International Brotherhood of Electrical Workers, Local Union No. 326","Included: All full-time and regular part-time control room operators employed by the Employer at its facility located at 100 Brickstone Square, Suite 300, Andover, MA.

Excluded: All office clerical employees, confidential employees, managers, guards, professional employees and supervisors as defined by the Act.


","","","",15,"","International Brotherhood of Electrical Workers, Local Union No. 326","Included: Control Room Operators.
Excluded: All Clerical & confidential employees, managers and supervisors as defined by the Act.",15,42.647991,-71.165685,"Andover, MA 01810",1,"place","TIGER/Line® from the US Census Bureau","Andover","Essex County","MA","1810","US",1,43.125492120884,-71.1867471496662,NA,NA
"01-RC-389662","Mass General Brigham Home Care, Inc.","Region 01, Boston, Massachusetts","Open","06/29/2026","","","Newton","MA","","","","",NA,NA,"International Brotherhood of Teamsters Local 25",NA,"",NA,"",NA,NA,NA,"",NA,"","","","","","",81,"","","Included: All full and regular part time Licensed Practical Nurses (LPNs), Physical Therapist Assistants (PTAs), Certified Occupational Therapist Assistants (COTAs), Phlebotomists, and Case Management LPNs Excluded: All guards, supervisors and professional employees as defined by the Act.",NA,42.35341,-71.187882,"Newton, MA 02458",1,"place","TIGER/Line® from the US Census Bureau","Newton","Middlesex County","MA","2458","US",1,42.5722521050087,-71.00198983506,NA,NA
"01-RC-389976","Justice Resource Institute, Inc.","Region 01, Boston, Massachusetts","Open","07/06/2026","","","Needham Heights","MA","","","","",NA,NA,"SERVICE EMPLOYEES INTERNATIONAL UNION, LOCAL 509",NA,"",NA,"",NA,NA,NA,"",NA,"","","","","","",340,"","","Included: All full-time and regular part time (including eligible per diem) clinical and therapeutic 
employees working in Justice Resource Institute’s Children Friends and Family (CFFS) division, 
including employees in the following titles: Survivor Mentor, Clinician, Therapist, Case 
Manager, Therapeutic Mentor, Therapeutic Training & Support, Early Learning specialist, 
Project Assistant, Therapeutic Support Specialist, Behavior Management Monitor, Family 
Partner, Board Certified Behavior Analyst, Intensive Care Coordinator, Substance Use 
Prevention, Parents as Teachers and Parent Educators, Senior Therapeutic Mentor, Group 
Coordinator, Senior Survivor Mentor, Senior Outpatient Clinician, In-Home Behavioral 
Clinician. 
Excluded: All other employees, confidential employees, managers, guards, and supervisors as 
defined in the Act.",NA,42.294542,-71.232833,"Needham Heights, MA 02194",1,"place","TIGER/Line® from the US Census Bureau","Needham Heights","Norfolk County","MA","2194","US",1,42.1205830069488,-70.9321476711029,NA,NA
"01-RC-391445","UMass Memorial Medical Center, Inc.","Region 01, Boston, Massachusetts","Open","07/24/2026","","","Worcester","MA","","","","",NA,NA,"MASSACHUSETTS NURSES ASSOCIATION",NA,"",NA,"",NA,NA,NA,"",NA,"","","","","","",2,"","","Included: The petitioner seeks an Armour-Globe Election to add Wound Ostomy Nurses employed by UMMMC and working primarily at UMMC's Memorial Campus to the existing bargaining unit of non-supervisory registered nurses represented by the Petitioner.

Excluding supervisory employees in this job title and all other employees at 199 Belmont Street, Worcester, MA 01605.",NA,42.265275,-71.879415,"Worcester, MA 01601",1,"place","TIGER/Line® from the US Census Bureau","Worcester","Worcester County","MA","1601","US",1,42.1015111779436,-72.2546354445191,NA,NA
"01-RC-391456","UMass Memorial Medical Center, Inc.","Region 01, Boston, Massachusetts","Open","07/24/2026","","","Worcester","MA","","","","",NA,NA,"Massachusetts Nurses Association",NA,"",NA,"",NA,NA,NA,"",NA,"","","","","","",3,"","","Included:
The
Petitioner
seeks
an
Armour-Globe
election to add Wound Ostomy 
Nurses
employed
by
UMMMC
and working primarily at UMMMC's University Campus to the existing
bargaining
unit
of
non-supervisory registered nurses represented by the Petitioner.
Excluding:Supervisory employees in this job title and all other employeees at 55 Lake Ave., Worcester, MA 01655.",NA,42.265275,-71.879415,"Worcester, MA 01601",1,"place","TIGER/Line® from the US Census Bureau","Worcester","Worcester County","MA","1601","US",1,41.7756031128686,-71.9562573106056,NA,NA
"01-RC-391619","Rhode Island School of Design","Region 01, Boston, Massachusetts","Open","07/28/2026","","","Providence","RI","","","","",NA,NA,"International Brotherhood of Teamsters Local 251",NA,"",NA,"",NA,NA,NA,"",NA,"","","","","","",62,"","","Included: All full time and regular part-time lead Dea, DEA (Dining Experience Associate), vending lead dining associate, dishwasher, lead cook, line cook, cook, Stewart, leadline cook, cashier, kitchen assistant, baking assistant.

Excluded: All clerical employees, confidential employees, and managers, guards and professional
employees and supervisors as defined in the Act.",NA,41.81835,-71.424851,"Providence, RI 02902",1,"place","TIGER/Line® from the US Census Bureau","Providence","Providence County","RI","2902","US",1,41.5524585677035,-71.5266857600475,NA,NA
"01-RC-391728","Amherst Nursing Home, Inc. d/b/a Center for Extended Care-Amherst","Region 01, Boston, Massachusetts","Open","07/29/2026","","","Amherst","MA","","","","",NA,NA,"1199SEIU, United Healthcare Workers East",NA,"",NA,"",NA,NA,NA,"",NA,"","","","","","",32,"","","VOTING GROUP A - PROFESSIONAL EMPLOYEES

Included:  All full-time, regular part-time and per diem professional employees in the following positions: registered nurses, occupational therapists, physical therapists, and speech therapists employed by the Employer at its 150 University Drive, Amherst, Massachusetts facility.
Excluded: All non-professional employees, office clerical employees, confidential employees, managers, guards, and supervisors as defined by the Act and all other employees.

VOTING GROUP B - NON-PROFESSIONAL EMPLOYEES

Included:  All full-time, regular part-time and per diem non-professional employes in the following positions: activities aides, dietary chefs, licensed practical nurses, occupational therapy assistants, physical therapy assistants, and receptionists employed by the Employer at its 150 University Drive, Amherst, Massachusetts facility.
Excluded: All confidential employees, office clerical employees, managers, guards, professional employees and supervisors as defined by the Act and all other employees.
In the event the majority of the voting professional employees (Voting Group A) vote to be included in a unit with nonprofessional employees (Voting Group B), the following combined unit is appropriate.
OR
COMBINED UNIT
Included: All full-time, regular part-time and per diem professional employees and non-professional employes in the following positions: registered nurses, occupational therapists, physical therapists, speech therapists, activities aides, dietary chefs, licensed practical nurses, occupational therapy assistants, physical therapy assistants, and receptionists employed by the Employer at its 150 University Drive, Amherst, Massachusetts facility.
Excluded:  All confidential employees, office clerical employees, managers, guards, and supervisors as defined by the Act and all other employees.
",NA,42.367092,-72.464571,"Amherst, MA 01002",1,"place","TIGER/Line® from the US Census Bureau","Amherst","Hampshire County","MA","1002","US",1,42.6615964215303,-72.4354791584588,NA,NA
"01-RC-391936","Cherry Pi LLC, d/b/a Catalpa Coffee","Region 01, Boston, Massachusetts","Open","07/31/2026","","","Northampton","MA","","","","",NA,NA,"United Food and Commercial Workers Union, Local 1459",NA,"",NA,"",NA,NA,NA,"",NA,"","","","","","",7,"","","Included:  All full-time & regular part-time Baristas at Employer's facility in Northampton, MA

Excluded:  Store Managers, Asst. Store Managers, supervisors, managers, guards-defined by the Act.",NA,42.321488,-72.630588,"Northampton, MA 01060",1,"place","TIGER/Line® from the US Census Bureau","Northampton","Hampshire County","MA","1060","US",1,42.2839417203927,-72.4230787223787,NA,NA
"01-RC-392052","The Eric Carle Museum of Picture Book Art, Inc.","Region 01, Boston, Massachusetts","Open","08/03/2026","","","Amherst","MA","","","","",NA,NA,"TECHNICAL, OFFICE & PROFESSIONAL UNION, Local 2110 UAW, AFL-CIO",NA,"",NA,"",NA,NA,NA,"",NA,"","","","","","",36,"","","Included: All full time and regular part-time workers

Excluded: Supervisors and managers as defined by the National Labor Relations Act.",NA,42.367092,-72.464571,"Amherst, MA 01002",1,"place","TIGER/Line® from the US Census Bureau","Amherst","Hampshire County","MA","1002","US",1,42.1459435186403,-72.3063610123168,NA,NA
"01-RC-392118","Rural Community Transportation, Inc.","Region 01, Boston, Massachusetts","Open","08/03/2026","","","Derby","VT","","","","",NA,NA,"Chauffeurs, Teamsters, Warehousemen and Helpers Union No. 597",NA,"",NA,"",NA,NA,NA,"",NA,"","","","","","",13,"","","Included:  All Full Time CDL and Non CDL Drivers, All Part-Time CDL and Non-CDL Drivers.

Excluded:  Supervisors, Volunteer Drivers, Confidential Employees, Security.",NA,44.96721,-72.068265,"Derby, VT 05829",1,"place","TIGER/Line® from the US Census Bureau","Derby","Orleans County","VT","5829","US",1,45.1160946922293,-72.3058561280978,NA,NA
"01-RC-392119","AmeriGas Propane, Inc.","Region 01, Boston, Massachusetts","Open","08/03/2026","","","Londonderry","NH","","","","",NA,NA,"United Steel, Paper and Forestry, Rubber, Manufacturing, Energy, Allied & Industrial Service Workers International Union, AFL-CIO, CLC",NA,"",NA,"",NA,NA,NA,"",NA,"","","","","","",5,"","","Included: The five (5) Full-Time Service and Delivery employees, employed by AmeriGas in Londonderry, NH at 11 Liberty Drive, Londonderry, NH 03053, Seek to be included in the existing United Steelworkers 
International bargaining unit 12012-00 of approximately 18 full-time employees including General worker(s), Delivery Representative and Service Technicians employed by the employer located at 75 Regional Drive, Concord, NH.

Excluded: Members of management, salary employees and supervisors.",NA,42.8712,-71.387776,"Londonderry, NH 03053",1,"place","TIGER/Line® from the US Census Bureau","Londonderry","Rockingham County","NH","3053","US",1,43.3666483446199,-71.2696911029456,NA,NA
"01-RC-392257","Durham School Services, L.P.","Region 01, Boston, Massachusetts","Open","08/05/2026","","","Easthampton","MA","","","","",NA,NA,"United Food and Commercial Workers Union, Local 1459",NA,"",NA,"",NA,NA,NA,"",NA,"","","","","","",26,"","","Included: All full-time and regular part-time drivers working out of the Employer’s Easthampton, MA facility, driving for Hampshire Regional School District.  

Excluded: All office clerical employees, confidential employees, managers, guards, professional employees and supervisors as defined by the Act, and all other employees.
",NA,42.26676,-72.66898,"Easthampton, MA 01027",1,"place","TIGER/Line® from the US Census Bureau","Easthampton","Hampshire County","MA","1027","US",1,42.6435216963014,-72.34985271275,NA,NA
"01-RC-392267","Durham School Services, L.P.","Region 01, Boston, Massachusetts","Open","08/05/2026","","","Easthampton","MA","","","","",NA,NA,"United Food and Commercial Workers Union, Local 1459",NA,"",NA,"",NA,NA,NA,"",NA,"","","","","","",6,"","","Included: All full-time and regular part-time drivers working out of the Employer’s Easthampton, MA facility, driving for Easthampton Public Schools. 

Excluded: All office clerical employees, confidential employees, managers, guards, professional employees and supervisors as defined by the Act, and all other employees.
",NA,42.26676,-72.66898,"Easthampton, MA 01027",1,"place","TIGER/Line® from the US Census Bureau","Easthampton","Hampshire County","MA","1027","US",1,42.5212702674048,-72.524154403172,NA,NA
"01-RC-392395","Jones Lang LaSalle Americas, Inc.","Region 01, Boston, Massachusetts","Open","08/07/2026","","","West Greenwich","RI","","","","",NA,NA,"International Union of Operating Engineers Local 877",NA,"",NA,"",NA,NA,NA,"",NA,"","","","","","",18,"","","Included: All full time and regular part-time Assistant Chief Engineers, Electricians, Painters, Plumbers, Carpenters, Maintenance Technicians, Lead Technicians, Logistics Mail Room Techs, Logistics Service Coordinators, Non-GMP Lead Technicians.

Excluded: All other employees, clerical/administrative, managers, confidential employees, guards and supervisors as defined in the Act.",NA,41.631168,-71.667165,"West Greenwich, RI 02817",1,"place","TIGER/Line® from the US Census Bureau","West Greenwich","Kent County","RI","2817","US",1,41.5216695306082,-71.3015020871618,NA,NA
"01-RC-392468","Sonesta International Hotels Corporation","Region 01, Boston, Massachusetts","Open","08/07/2026","","","Cambridge","MA","","","","",NA,NA,"UNITE HERE, Local 26",NA,"",NA,"",NA,NA,NA,"",NA,"","","","","","",45,"","","Included: All room attendants, house attendants, and lobby attendants

Excluded: All managers, guards, and supervisors as defined in the Act, and all other employees.",NA,42.380442,-71.132947,"Cambridge, MA 02138",1,"place","TIGER/Line® from the US Census Bureau","Cambridge","Middlesex County","MA","2138","US",1,42.4626501801016,-71.0067799727203,NA,NA
"01-RC-392776","Sam Adams Boston Brewing","Region 01, Boston, Massachusetts","Open","08/13/2026","","","Boston","MA","","","","",NA,NA,"",NA,"",NA,"",NA,NA,NA,"",NA,"","","","","","",30,"","","Included: Senior Brewery Ambassadors, Brewery Ambassadors, Bartenders, Tour Center Coordinators, Kitchen Cooks/ Help 

Excluded: All clerical employees, confidential employees, managers, and guards, professional employees and supervisors as defined in the Act.",NA,42.354318,-71.073449,"Boston, MA 02106",1,"place","TIGER/Line® from the US Census Bureau","Boston","Suffolk County","MA","2106","US",1,42.0740904143043,-70.6483379187816,NA,NA
"01-RC-392819","Jones Lang LaSalle Americas, Inc.","Region 01, Boston, Massachusetts","Open","08/14/2026","","","West Greenwich","RI","","","","",NA,NA,"International Union of Operating Engineers, Local 877",NA,"",NA,"",NA,NA,NA,"",NA,"","","","","","",3,"","","Included: All full time and regular part-time Logistics Mail Room Leads Techs and Logistics Service Coordinators.

Excluded: All other Employees, clerical/administrative, managers, confidential employees, guards and supervisors as defined in the Act.",NA,41.631168,-71.667165,"West Greenwich, RI 02817",1,"place","TIGER/Line® from the US Census Bureau","West Greenwich","Kent County","RI","2817","US",1,41.3831017721169,-71.4340816433625,NA,NA
"01-RD-379428","Everon, LLC","Region 01, Boston, Massachusetts","Open","01/21/2026","","","Wallingford","CT","","","","",NA,NA,"Road Sprinkler Fitters UA Local 669, a/w the United Association of Journeymen and Apprentices of the Plumbing and Pipe Fitting Industry of the United States and Canada",NA,"",NA,"",NA,NA,NA,"",NA,"","","","","","",5,"","","Included: Sprinkler Fitters All & Service & Installation.",NA,41.456205,-72.811047,"Wallingford, CT 06492",1,"place","TIGER/Line® dataset from the US Census Bureau","Wallingford","South Central Connecticut Planning Region","CT","6492","US",1,41.5336530334949,-72.5074912827739,NA,NA
"01-RD-386098","Mayflower Medicinals, Inc.","Region 01, Boston, Massachusetts","Open","05/01/2026","","","Fall River","MA","","","","",NA,NA,"UNITED FOOD AND COMMERCIAL WORKERS INTERNATIONAL UNION, LOCAL 328",NA,"",NA,"",NA,NA,NA,"",NA,"","","","","","",21,"","","Included: All full-time and regular part-time production,Cultivation Leads, Cultivation Technician Is, and Cultivation Technician IIs located at the employer's facility at 1100 Innovation Way, Fall River, MA 02722.

Excluded: All other employees, managerial employees, confidential employees, casual employees, non-agricultural employees, guards, and
supervisors as defined in the Act.",NA,41.726343,-71.120746,"Fall River, MA 02720",1,"place","TIGER/Line® dataset from the US Census Bureau","Fall River","Bristol County","MA","2720","US",1,41.9239596528184,-71.1037284999906,NA,NA
"01-RD-386749","Spectrum Health Systems, Inc.","Region 01, Boston, Massachusetts","Open","05/11/2026","","","Westborough","MA","","","","",NA,NA,"AFSCME, Council 93, Local 1877, AFL-CIO",NA,"",NA,"",NA,NA,NA,"",NA,"","","","","","",50,"","","All full-time, regular part-time and pre diem Registered Nurses and Licensed Practical Nurses employed by the Employer at the Westborough, MA inpatient facility; but excluding all directors of nursing, Charge Nurses, out-patient Registered Nurses and out-patient Licensed Practical Nurses, office clerical employees, managers, staff and supervisors.",NA,42.364807,-71.896868,"Westborough, MA 01580",1,"place","TIGER/Line® dataset from the US Census Bureau","Westborough","Worcester County","MA","1580","US",1,42.5150794387683,-71.4533575721618,NA,NA
"01-RD-389594","Rhode Island CVS Pharmacy, LLC","Region 01, Boston, Massachusetts","Open","06/26/2026","","","Middletown","RI","","","","",NA,NA,"International Association of Machinists and Aerospace Workers, AFL-CIO",NA,"",NA,"",NA,NA,NA,"",NA,"","","","","","",12,"","","Included: All full-time and regular part-time Pharmacy Technicians, Lead Technicians, and
Inventory Specialists employed by the Employer at its facility currently located at 99 E Main Road,
Middletown, Rl 02842 (Store #493).
Excluded: All office clerical employees, confidential employees, managers, guards, and
supervisors as defined in the Act.",NA,41.519757,-71.273101,"Middletown, RI 02842",1,"place","TIGER/Line® from the US Census Bureau","Middletown","Newport County","RI","2842","US",1,41.1325187345192,-70.9028318465,NA,NA
"01-RM-331829","Starbucks Corporation","Region 01, Boston, Massachusetts","Open","12/13/2023","","","Manchester","CT","","","","",NA,NA,"Workers United",NA,"",NA,"",NA,NA,NA,"",NA,"","","","","","",21,"","","Included: All full-time and regular part time baristas and shift supervisors employed by the Employer at its 
facility located at 185 Spencer Street, Manchester, Connecticut 06040.
Included: 
All store managers, assistant store managers, officer clericals, confidential employees, managerial 
employees, and all other employees, professional employees, and guards and supervisors as defined 
in the Act.
",NA,41.776048,-72.523748,"Manchester, CT 06040",1,"place","TIGER/Line® dataset from the US Census Bureau","Manchester","Capitol Planning Region","CT","6040","US",1,41.4051606091965,-72.622976360923,NA,NA
"01-RM-332388","Mayflower Medicinals, Inc.","Region 01, Boston, Massachusetts","Open","12/21/2023","","","Worcester","MA","","","","",NA,NA,"",NA,"",NA,"",NA,NA,NA,"",NA,"","","","","","",12,"","","Included: 
Lead Dispensary Associate, Dispensary Associate, Inventory Lead


Excluded: 
Dispensary Manager, Assistant Dispensary Manager

",NA,42.265275,-71.879415,"Worcester, MA 01601",1,"place","TIGER/Line® dataset from the US Census Bureau","Worcester","Worcester County","MA","1601","US",1,42.487979249667,-71.7833580518169,NA,NA
"01-RM-355674","Everon, LLC","Region 01, Boston, Massachusetts","Open","11/27/2024","","","North Haven","CT","","","","",NA,NA,"Road Sprinkler Fitters UA Local 669",NA,"",NA,"",NA,NA,NA,"",NA,"","","","","","",9,"","","
Included: All full-time and regular part-time employees engaged in assembling, installation,
maintenance, inspection, and service of sprinkler systems employed by the Employer at its
facility located at 118 Quinnipiac Ave., North Haven, Connecticut facility.

Excluded: All alarm technicians, office clerical employees, managers, and guards, professional
employees and supervisors as defined by the Act.",NA,41.384381,-72.862644,"North Haven, CT 06473",1,"place","TIGER/Line® dataset from the US Census Bureau","North Haven","South Central Connecticut Planning Region","CT","6473","US",1,40.9615293238786,-73.1153294374446,NA,NA
"01-RM-384683","RelaDyne Northeast LLC d/b/a Ocean State Oil","Region 01, Boston, Massachusetts","Open","04/10/2026","","","North Kingstown","RI","","","","",NA,NA,"International Brotherhood of Teamsters Local 251",NA,"",NA,"",NA,NA,NA,"",NA,"","","","","","",25,"","","Included: All full and part-time lube drivers, warehouse shipping and receiving employees,
distribution technician, equipment supervisor, customer service representatives, dispatch
coordinator, and inventory control specialist employees.

Excluded: Accounting clerk, accounts payable coordinator, accounts receivable specialist, general manager, office manager, operations manager, purchasing manager, regional sales manager, territory sales representatives, sales support specialist, all confidential employees, other managers,
supervisors as defined by the Act, and all other statutorily excluded employees",NA,41.586851,-71.464801,"North Kingstown, RI 02852",1,"place","TIGER/Line® dataset from the US Census Bureau","North Kingstown","Washington County","RI","2852","US",1,42.0844347026723,-71.5037393053407,NA,NA
"02-RC-293285","Universal Television","Region 02, New York, New York","Open","03/30/2022","","","New York","NY","","","","",NA,NA,"",NA,"",NA,"",NA,NA,NA,"",NA,"","","","","","",11,"","","INCLUDED:
All Post Production Supervisors and Post Production Coordinators, including Post Production Department Heads, Seconds, and Thirds, working on scripted content in the New York area, employed by the Employer and/or any of its subsidiaries or affiliates in the past six months, irrespective of how credited.


EXCLUDED:
All other employees, production assistants, post production editors including Film and Television editors, Assistant Editors, Associate Editors, Apprentice Editors, Edit Room Assistants, Music Editors, and Sound Editors, guards, and supervisors as defined by the Act.
",NA,40.750422,-73.996328,"New York, NY 10001",1,"place","TIGER/Line® dataset from the US Census Bureau","New York","New York County","NY","10001","US",1,40.2704700711646,-73.6606097032989,NA,NA
"02-RC-295690","Allied Universal Security Services","Region 02, New York, New York","Open","05/12/2022","","","New York","NY","","","","",NA,NA,"",NA,"",NA,"",NA,NA,NA,"",NA,"","","","","","",32,"","","Included: left blank

Excluded:
All employees, managers, supervisors, etc.",NA,40.750422,-73.996328,"New York, NY 10001",1,"place","TIGER/Line® dataset from the US Census Bureau","New York","New York County","NY","10001","US",1,40.4817070796152,-74.0204226582053,NA,NA
"02-RC-299802","MNG New York Holdings, LLC d/b/a CBD Kratom","Region 02, New York, New York","Open","07/21/2022","","","New York","NY","A","Single Labor Organization","Initial","02/13/2024",54,1,"Local 2013 United Food and Commercial Workers Union",7,"",NA,"",NA,8,15,"",1,"","United Food and Commercial Workers Local 2013","Included:  
All full-time and regular part-time Doyens, Trainers, and Sales Associates employed by the Employer working at its New York metropolitan locations located at 354 W. 14th Street New York, NY 10014; 1420 Broadway New York, NY 10018; 2039-B Broadway New York, NY 10023; 1562 3rd Ave. New York, NY 10128; 794 Lexington Ave. New York, NY 10065; 168 5th Ave. New York, NY 10010; 141 Fulton St. New York, NY 10038; and 161 6th Ave. New York, NY 10013 who were employed during the payroll period ending Sunday, July 24, 2022.

Excluded:   
All other employees, assistant store managers, guards, professional employees, and supervisors defined by the Act. 

","","","",37,"","","Included: All full time and regular part time oDoyens, Trainers, Sales Associates working at the locations identified in Exhibit A.

Excluded:All other employees, supervisors and guards as defined by the Act.",54,40.750422,-73.996328,"New York, NY 10001",1,"place","TIGER/Line® dataset from the US Census Bureau","New York","New York County","NY","10001","US",1,40.8189995040183,-73.7134323180861,NA,NA
"02-RC-304551","Dow Jones & Company, Inc.","Region 02, New York, New York","Open","10/04/2022","","","New York","NY","A","Single Labor Organization","Initial","09/08/2023",40,1,"Independent Association of Publishers' Employees, TNG Local 1096",33,"",NA,"",NA,NA,35,"",2,"","Independent Association of Publishers' Employees, TNG Local 1096","All full-time and regular part-time7 photo editors and lead photo 
editors, including features photo editors, lead features photo editors, 
and news photo editors; excluding all other employees, Photo Editor 
Barron’s, Assistant Photo Editor Wall Street Journal Magazine, 
London-based international photo editors, student interns, 
managerial employees, guards, and supervisors as defined by the 
Act.","","","",36,"","Independent Association of Publishers' Employees, TNG Local 1096","Included:
All Photo Editors and Lead Photo Editors, including Features Photo Editors, Lead Features
Photo Editors, News Photo Editors, and any other Photo Editor job title, as an inclusion to the
existing IAPE-represented bargaining unit, A copy of the existing unit description taken from the
IAPE-Down Jones CBA is attached to the Petition.

Excluded:
London-based International Photo Editors, student interns, and all guards, supervisors, and
managerial employees, as defined in the Act.
",40,40.750422,-73.996328,"New York, NY 10001",1,"place","TIGER/Line® dataset from the US Census Bureau","New York","New York County","NY","10001","US",1,40.9132646078241,-74.4053996917999,NA,NA
"02-RC-310927","Tourbillon1 LLC d/b/a Lodi","Region 02, New York, New York","Open","01/26/2023","","","New York","NY","A","Single Labor Organization","Initial","02/27/2023",52,NA,"RESTAURANT WORKERS UNION Local 1",21,"",NA,"",NA,26,47,"",1,"","Restaurant Workers Union c/o TakeRoot Justice","Included: All full-time and regular part-time employees working at the Employer’s facility at 1 Rockefeller Plaza, in the following job classifications: dishwashers, bakers, prep cooks, line cooks, baristas, cashiers, barbacks, bartenders, hosts, servers, and server assistants.

Excluded: All other employees, guards, professional employees, managers, and supervisors as defined by the Act.




","","","",53,"","Restaurant Workers Union c/o TakeRoot Justice","Included: All full-time and regular part-time workers at Lodi, including dishwashers, bakers, prep cooks, line cooks,
baristas, cashiers, barbacks, bartenders, hosts, servers, and server assistants.

Excluded: All supervisors and managers",52,40.750422,-73.996328,"New York, NY 10001",1,"place","TIGER/Line® dataset from the US Census Bureau","New York","New York County","NY","10001","US",1,40.9883518056476,-74.0583026549055,NA,NA
"02-RC-317333","Start Small. Think Big., Inc.","Region 02, New York, New York","Open","05/01/2023","","","New York","NY","A","Single Labor Organization","Initial","10/15/2024",14,NA,"Small Business Collective Bargaining Unit, Local 3202",5,"",NA,"",NA,NA,5,"",1,"","Start Small Collective Bargaining Unit, Local 3202","Included:
All Program Coordinators and All Program Managers who were employed by the Employer during the payroll period ending August 30, 2024.

Excluded:
Program Directors, Executives, Staff Attorneys, Intern, Fellows, guards, and supervisors as defined in the Act.","","","",21,"","Start Small Collective Bargaining Unit, Local 3202","Included:  
All Program Coordinators and All Program Managers

Excluded:
Program Directors and Executives and Staff Attorneys and Intern and Fellows",14,40.750422,-73.996328,"New York, NY 10001",1,"place","TIGER/Line® dataset from the US Census Bureau","New York","New York County","NY","10001","US",1,40.659695003228,-73.6234596618659,NA,NA
"02-RC-319643","FVE Managers, Inc.","Region 02, New York, New York","Open","06/09/2023","","","Yonkers","NY","","","","",NA,NA,"1199SEIU United Healthcare Workers East",NA,"",NA,"",NA,NA,NA,"",NA,"","","","","","",130,"","1199SEIU United Healthcare Workers East","Included:
All full-time and regular part-time, including per diem*, non-professional employees employed by the Employer *(Per Diem is defined as employees who worked an average of four or more hours per week for the thirteen week period immediately preceding the payroll eligibility

Excluded:

All other employees, guards, and supervisors as defined in the Act.",154,40.946107,-73.866926,"Yonkers, NY 10701",1,"place","TIGER/Line® dataset from the US Census Bureau","Yonkers","Westchester County","NY","10701","US",1,41.1116440180961,-73.4099383959668,NA,NA
"02-RC-333048","New York Blood Center","Region 02, New York, New York","Open","01/05/2024","","","New York","NY","A","Single Labor Organization","Initial","05/15/2025",28,NA,"1199SEIU UNITED HEALTHCARE WORKERS EAST",21,"",NA,"",NA,1,22,"",3,"","1199SEIU UNITED HEALTHCARE WORKERS EAST","All full-time, regular part-time, and per-diem Therapeutic Apheresis Registered Nurses employed by the Employer, including Therapeutic Apheresis RN I, Therapeutic Apheresis RN II, Therapeutic Apheresis RN III, RN-Graduate Therapeutic Apheresis, and RN Apheresis Trainer (educator) in the New York metropolitan area.","","","",30,"","1199SEIU UNITED HEALTHCARE WORKERS EAST","Included: all full-time, regular part-time, and per-diem Therapeutic Apheresis Registered Nurses employed by the Employer, including Therapeutic Apheresis RN I,
Therapeutic Apheresis RN II, Therapeutic Apheresis RN III, and RN Apheresis Trainer
(educator).
Excluded: all other employees, guards, managers, confidential employees, and
supervisors under the National Labor Relations Act.",28,40.750422,-73.996328,"New York, NY 10001",1,"place","TIGER/Line® dataset from the US Census Bureau","New York","New York County","NY","10001","US",1,41.1482068568466,-74.2428212936709,NA,NA
"02-RC-336932","Live Axe, Inc.","Region 02, New York, New York","Open","03/01/2024","","","Manhattan","NY","A","Single Labor Organization","Rerun","01/23/2025",33,NA,"New York Metropolitan Area Joint Board, Workers United affiliated with SEIU",13,"",NA,"",NA,12,25,"",4,"Y","","Included: All full-time and regular part-time employees including cleaners, handymen, bookers, rage captains, cage captains, bartenders, servers, hosts, and kitchen staff employees, dishwashers, line cooks and prep cooks employed by the Employer at its 96 Lafayette Street, New York, NY location during the payroll period ending Sunday, March 10, 2024.

 Excluded: All other employees, including owner, managers, assistant managers, confidential employees, managerial employees, professional employees, guards, and supervisors as defined by the Act.","","","",22,"","","Included: All full time and regular part time employees.

Excluded: owners, supervisors, guards, confidential employees and defined in the Act.

",31,40.750422,-73.996328,"New York, NY 10001",1,"place","TIGER/Line® dataset from the US Census Bureau","New York","New York County","NY","10001","US",1,40.3997583303598,-74.3144039930983,NA,NA
"02-RC-345317","UPS","Region 02, New York, New York","Open","06/28/2024","","","Manhattan","NY","","","","",NA,NA,"Local 804, International Brotherhood of Teamsters",NA,"",NA,"",NA,NA,NA,"",NA,"","","","","","",183,"","","Included: Mechanics & Plant Maintenance 

Excluded: supervisors",NA,40.750422,-73.996328,"New York, NY 10001",1,"place","TIGER/Line® dataset from the US Census Bureau","New York","New York County","NY","10001","US",1,41.2012614235745,-74.3614053125701,NA,NA
"02-RC-349294","Montefiore Nyack Hospital","Region 02, New York, New York","Open","08/28/2024","","","Nyack","NY","A","Single Labor Organization","Initial","05/06/2025",7,NA,"New York State Nurses Association",NA,"",NA,"",NA,NA,12,"",9,"Y","","Included: 
All full-time, regular part-time and per diem Registered Nurse Care Managers; 

Excluded: 
All other employees, guards, and supervisors as defined by the Act.","","","",16,"","","Included:  All full lime. part time and per diem Care Managers residual to the existing registered nurse unit represented by NYSNA. 

Excluded:  All other employees, guards, supervisors, and confidential employees as defined by the Act.",7,41.080474,-73.930179,"Nyack, NY 10960",1,"place","TIGER/Line® dataset from the US Census Bureau","Nyack","Rockland County","NY","10960","US",1,40.7211064766576,-74.2793520901878,NA,NA
"02-RC-353764","The Frick Collection","Region 02, New York, New York","Open","10/30/2024","","","Manhattan","NY","A","Single Labor Organization","Initial","12/04/2024",12,NA,"International Union of Operating Engineers Local 30",NA,"",NA,"",NA,NA,5,"",5,"Y","","INCLUDED: All full-time and regular part-time employees employed by the Employer in the engineering department, at its facility located at 1 East 70th Street, New York, NY 10021, including those working as Engineers, Chief Operating Engineers, Assistant Chief Engineers, Engineer Assistants and Electricians, who were employed during the payroll period ending November 3, 2024.

EXCLUDED: All other employees, including professional employees, confidential employees, managers, guards, and supervisors as defined in the Act.","","","",12,"","","Included: All full time and regular part time Engineers, Electricians and Helpers.

Excluded: Allother employees including clerical employees, professional employees, guards and supervisors under  Act.",12,40.750422,-73.996328,"New York, NY 10001",1,"place","TIGER/Line® dataset from the US Census Bureau","New York","New York County","NY","10001","US",1,40.8455991361288,-73.514138143996,NA,NA
"02-RC-354369","257 West 17th Street Condominium","Region 02, New York, New York","Open","11/07/2024","","","New York","NY","","","","",NA,NA,"Service Employees International Union, Local 32BJ",NA,"",NA,"",NA,NA,NA,"",NA,"","","","","","",5,"","","Included: All building service workers.

Excluded: Statutory guards and supervisors. 
",NA,40.750422,-73.996328,"New York, NY 10001",1,"place","TIGER/Line® dataset from the US Census Bureau","New York","New York County","NY","10001","US",1,40.4137966977896,-74.0592829338482,NA,NA
"02-RC-357904","The New York Times Company","Region 02, New York, New York","Open","01/07/2025","","","Manhattan","NY","","","","",NA,NA,"NewsGuild of New York, Local 31003, TNG/CWA, AFL-CIO",NA,"",NA,"",NA,NA,NA,"",NA,"","","","","","",200,"","","Included:
All employees currently covered by the 2021 collective bargaining agreement between Petitioner and Respondent.

Excluded:
All employees currently excluded from the bargaining unit as defined by the 2021 collective bargaining agreement between Petitioner and Respondent and also all statutorily excluded employees.

Petitioner seeks to add all full-time and regular part-time editorial employees employed by the New York Times Company and assigned to the Athletic via an Armour-Globe/representation election.",NA,40.750422,-73.996328,"New York, NY 10001",1,"place","TIGER/Line® dataset from the US Census Bureau","New York","New York County","NY","10001","US",1,40.2636589322237,-74.252578059465,NA,NA
"02-RC-358423","Gluten Free Bake Shop, Corp. d/b/a Katz Gluten Free","Region 02, New York, New York","Open","01/15/2025","","","Mountainville","NY","A","Single Labor Organization","Initial","02/12/2025",107,NA,"United Food & Commercial Workers",64,"",NA,"",NA,1,105,"",1,"","International Brotherhood of Trade Unions, UMD, ILA, Local 713","Included: 

All full-time and regular part-time production line workers, packers, shippers, maintenance employees, cleaners and warehouse employees working at the Company's facility at 19 Industry Drive, Suite 101, Mountainville, NY 10953. 

Excluded: 

All others, including managers, guards, professionals, and supervisors as defined in the Act.","","","",85,"","International Brotherhood of Trade Unions, UMD, ILA, Local 713","Included:

All production, packing, shipping, maintenance, freezer, and warehouse employees working at the Company’s facilities at Mountainville, NY.

Excluded:

All others, including Managers, guards, and Supervisors as defined in the Act.",107,41.40093,-74.07848,"Mountainville, NY 10953",1,"place","TIGER/Line® dataset from the US Census Bureau","Mountainville","Orange County","NY","10953","US",1,41.6804776659667,-74.0311419922835,NA,NA
"02-RC-359523","Citywide Mobile Response Corp.","Region 02, New York, New York","Open","02/03/2025","","","Bronx","NY","A","Two Labor Organizations","Initial","03/06/2025",223,2,"1199 SEIU United Healthcare Workers East",116,"Local 741, Specialty Trades Union",14,"",NA,8,138,"",146,"","","Included:	All full-time and regular part-time paramedics, emergency medical technicians, and drivers employed by the Employer at the 1650 Grand Concourse, Bronx, NY and 1624 Stillwell Avenue, Bronx, NY locations.

Excluded:  All other employees, including all porters, office employees, salesmen, guards, per diem employees, professional employees, confidential employees, and supervisors and managers as defined by the Act.
","","","",325,"","","Included:  All full time and part time paramedics, emergency medical technicians, and drivers employed by the Employer.

Excluded:  All porters, office employees, salesmen, guards, professional employees, confidential employees, per diem employees, and supervisors as defined by the Act.",223,40.819329,-73.920355,"Bronx, NY 10451",1,"place","TIGER/Line® dataset from the US Census Bureau","Bronx","Bronx County","NY","10451","US",1,40.4363852047046,-74.3619914054196,NA,NA
"02-RC-364684","NBC Universal Media,  LLC","Region 02, New York, New York","Open","04/30/2025","","","New York","NY","A","Single Labor Organization","Initial","08/27/2025",152,NA,"NABET-CWA",61,"",NA,"",NA,23,84,"",2,"","NABET-CWA","Included: All full-time and regular part-time, and daily hire technical employees employed in New York City to perform control room and studio technical functions in connection with NBC News Now or MSNBC news programs, including Audio Engineers/A1s, Senir Audio Engineers, Technical Directors, Senior Technical Directors, Senior Control Room Operators, Video Operators/Lighting Directors, Video Operators/Lighting Operators, Senior Video Operators/Lighting Directors, Supervising Lighting Designers and Technical Associated who perform any technical work in the control room and studio, including stage managing, audio engineering, video operator, VLD/Robo [Video Operator, Lighting Director and Robotic Camera Operator Combo Role], camera operator, and prompter operator.

Excluded: All other employees, including managers, floor directors, guards, professional employees and supervisors as defined by the Act.
","","","",105,"","The National Association of Broadcast Employees and Technicians, the Broadcast and Cable Television Workers Sector of the Communication Workers of America  AFL CIO CLC","Included: All technical employees, including full-time staff, regular part-time, and freelance or daily hire employees, working on MSNBC or NBC News Now productions in the New York metropolitan area.
Excluded: All other employees, including managers, floor directors, guards, and supervisors as defined by the Act.
",152,40.750422,-73.996328,"New York, NY 10001",1,"place","TIGER/Line® dataset from the US Census Bureau","New York","New York County","NY","10001","US",1,40.4579489361958,-74.3768208264581,NA,NA
"02-RC-369068","GVC LTD","Region 02, New York, New York","Open","07/10/2025","","","Bronx","NY","","","","",NA,NA,"Local 621 UCTIE Union",NA,"",NA,"",NA,NA,NA,"",NA,"","","","","","",300,"","","Included:  Full time and regular part time drivers, matrons, mechanics, service workers and maintenance employees

Excluded: Guards, supervisors
 and office clerical employees",NA,40.819329,-73.920355,"Bronx, NY 10451",1,"place","TIGER/Line® dataset from the US Census Bureau","Bronx","Bronx County","NY","10451","US",1,40.3645232011714,-74.2157913399185,NA,NA
"02-RC-372609","DELETE  UnLocal, Inc.","Region 02, New York, New York","Open","09/03/2025","","","New York","NY","","","","",NA,NA,"Association of Legal Advocates and Attorneys, UAW Local 2325",NA,"",NA,"",NA,NA,NA,"",NA,"","","","","","",13,"","","Included:  All full-time and regular part-time employees of the Employer including but not limited to: Department of Justice (“DOJ”) Accredited Representative, Advocacy Manager, Data Reporting Assistant, Development Coordinator, Educational Initiatives & Youth Programs Manager, Educational Initiatives & Youth Programs Coordinator, Fellow, Intake Associate, Outreach & Partnerships Manager, Paralegal, Senior Paralegal, Social Media & Communications Strategist, Social Worker, Senior Social Worker, Staff Attorney, Senior Staff Attorney

Excluded: Director of Development, Director of Human Resources People and Culture, Director of Operations, Executive Director, Legal Director, Social Work Supervisor, and confidential employees, managers, guards and supervisors as defined in the National Labor Relations Act (“NLRA”).",NA,40.750422,-73.996328,"New York, NY 10001",1,"place","TIGER/Line® dataset from the US Census Bureau","New York","New York County","NY","10001","US",1,40.6501861503811,-74.2858804092019,NA,NA
"02-RC-376386","Back Market Inc","Region 02, New York, New York","Open","12/04/2025","","","Manhattan","NY","A","Single Labor Organization","Initial","02/18/2026",34,NA,"",13,"",NA,"",NA,18,33,"",2,"N","","INCLUDED: All US employees including but not limited to the following positions: Agent Quality Manager, Brand Partnerships Manager, Business Developer, Communication Manager, Content Designer, Copywriter, Creative Social Media, Director of Customer Analytics, Director of Global Marketing Operations, Global On-site SEO, Integrated Producer, Internal Care & eReputation Manager, iOS Engineer, IT Specialist, Marketing Manager, Office Manager, Product Designer, Product Manager, Quality Performance Project Manager, Refurbishment Operations Manager, Seller Lifecycle Manager, Seller Success Managers, Seller Support Advisor, Senior Accounting Manager, Technician Hub Escalation, Trade-In Champion Program Manager.

EXCLUDED: All confidential employees, managerial employees, guards, professional employees, and supervisors as defined by the Act.
","","","",32,"","","Included: Included: All US employees including but not limited to the following positions: Agent Quality Manager, Backend Engineer, Brand Partnerships Manager, Business Developer, Business Development and Integration Manager, Communication Manager, Content Designer, Copywriter, Creative Social Media, Global On-site SEO, Integrated Producer, Internal Care & eReputation Manager, iOS Engineer, IT Specialist, Marketing Manager, Office Manager, Product Designer, Product Manager, Quality Performance Project Manager, Refurbishment Operations Manager, Seller Lifecycle Manager, Seller Success Managers, Seller Support Advisor, Technician Hub Escalation, Trade-In Champion Program Manager. 

Excluded: Any managerial, supervisory or confidential employees or security guards according to the Act.",34,40.750422,-73.996328,"New York, NY 10001",1,"place","TIGER/Line® dataset from the US Census Bureau","New York","New York County","NY","10001","US",1,41.1155928569378,-74.3513806748877,NA,NA
"02-RC-377868","New Castle Building Products, LLC","Region 02, New York, New York","Open","12/23/2025","","","New Hampton","NY","A","Single Labor Organization","Initial","01/28/2026",7,NA,"International Union of Operating Engineers Local 825",3,"",NA,"",NA,4,7,"",NA,"","","Included: 

All Boom Truck Operators, CDL Truck Drivers and Warehouse Forklift Operators employed at the Employer's New Hampton, NY facility, who were employed during the payroll period ending Friday, January 2, 2026.

Excluded: 
All other employees, including sales staff, office clerical employees, managerial employees, confidential employees, guards, professional employees and supervisors as defined by the Act.","","","",7,"","","Included: 
All Boom Truck Operators, CDL Truck Drivers and Warehouse Forklift Operators employed at the Employer's New Hampton, NY facility 

Excluded: 
All office clerical employees, managerial employees, confidential employees, guards, professional employees and supervisors as defined by the Act.",7,41.375634,-74.43375,"New Hampton, NY 10958",1,"place","TIGER/Line® dataset from the US Census Bureau","New Hampton","Orange County","NY","10958","US",1,41.5856481800474,-74.4628954580147,NA,NA
"02-RC-378898","Universal Protection Service, LLC d/b/a Allied Universal Security Services","Region 02, New York, New York","Open","01/08/2026","","","New York","NY","","","","",NA,NA,"Special Patrolman Benevolent Association",NA,"",NA,"",NA,NA,NA,"",NA,"","","","","","",12,"","","Included: Security Guard

Excluded: Other",19,40.750422,-73.996328,"New York, NY 10001",1,"place","TIGER/Line® dataset from the US Census Bureau","New York","New York County","NY","10001","US",1,41.1205519561653,-74.015609336572,NA,NA
"02-RC-381600","Great Pacific Iron Works","Region 02, New York, New York","Open","02/20/2026","","","Manhattan","NY","A","Single Labor Organization","Initial","03/21/2026",21,NA,"Retail Wholesale Department Store Union (RWDSU)",12,"",NA,"",NA,NA,NA,"",6,"","Retail Wholesale Department Store Union","Included: All full-time, regular part-time employees, including Customer Experience Guides and Team Leaders, employed by the Employer at 61-63 Crosby Street, New York, New York. 

Excluded: All Seasonal Fixed Term Customer Experience Guides, office clerical employees, guards, professional employees, and supervisors as defined in the Act.","","","",20,"","Retail Wholesale Department Store Union","Included: Customer experience guides, team leaders
Excluded: Management, seasonal staff",21,40.750422,-73.996328,"New York, NY 10001",1,"place","TIGER/Line® dataset from the US Census Bureau","New York","New York County","NY","10001","US",1,41.0929554182102,-73.8291641257445,NA,NA
"02-RC-381694","Movement Gym","Region 02, New York, New York","Open","02/24/2026","","","Valhalla","NY","A","Single Labor Organization","Initial","03/31/2026",33,NA,"New York Metropolitan Area Joint Board",12,"",NA,"",NA,12,NA,"",3,"Y","","","","","",33,"","","INCLUDED: All full-time and part-time employees who work as Front Desk employees, Front
Desk SOD, Climbing Instructors and Coaches (summer or otherwise), Youth Coaches, General
Belay workers, Routesetters (including Hold Washers), Yoga Instructors, Private Coaches, Local
Content Creators, and all other part-time and full-time nonexempt positions employed by the
Employer at and out of its Movement Valhalla facility located at 1 Commerce St, Valhalla, NY
10595
EXCLUDED: All office clericals, managers, assistant managers, supervisors and guards as
defined by the Act, including Gym Director, Assistant Gym Director, Head Routesetter, Head
Coach, and Program Manager.",33,41.09269,-73.76848,"Valhalla, NY 10595",1,"place","TIGER/Line® dataset from the US Census Bureau","Valhalla","Westchester County","NY","10595","US",1,40.9005106812497,-74.2173838703032,NA,NA
"02-RC-382714","Veolia WTS USA, Inc.","Region 02, New York, New York","Open","03/12/2026","","","New York","NY","","","","",NA,NA,"International Union of Operating Engineers Local 30, AFL-CIO",NA,"",NA,"",NA,NA,NA,"",NA,"","","","","","",4,"","","Included: All full time and regular part time Lead Service Technicians and Service Technicians.

Excluded: AII other employees including clerical employees, professional employees, guards and supervisors under the Act.
",NA,40.750422,-73.996328,"New York, NY 10001",1,"place","TIGER/Line® dataset from the US Census Bureau","New York","New York County","NY","10001","US",1,40.8486579133195,-74.0991418096444,NA,NA
"02-RC-383926","Unifi Aviation, LLC","Region 02, New York, New York","Open","03/30/2026","","","White Plains","NY","A","Single Labor Organization","Initial","04/29/2026",39,NA,"International Association of Machinists and Aerospace Workers (IAM), Air Transport District 142",17,"",NA,"",NA,16,33,"",NA,"","International Association of Machinists & Aerospace Workers (IAM), Air Transport District 142","Included: All full-time and regular part-time Customer Service Agents employed by the Employer at the Westchester County Airport (HPN), 148 Martine Avenue, White Plains, NY 10601.
Excluded: All other employees, including office clerical and administrative employees, confidential employees, managers, guards, professional employees, and supervisors as defined by the Act.
","","","",35,"","International Association of Machinists & Aerospace Workers (IAM), Air Transport District 142","Included:  All Unifi Aviation Customer Service Agents at Westchester County Airport (HPN). 

Excluded: Management, Security, Professionals, and Supervisors under the Act. 
",39,41.031397,-73.769626,"White Plains, NY 10601",1,"place","TIGER/Line® dataset from the US Census Bureau","White Plains","Westchester County","NY","10601","US",1,40.6462646690645,-73.750147348305,NA,NA
"02-RC-385027","Heathers USA LLC","Region 02, New York, New York","Open","04/16/2026","","","New York","NY","A","Single Labor Organization","Initial","06/08/2026",17,NA,"International Alliance of Theatrical Stage Employees, Moving Picture Technicians, Artists and Allied Crafts, of the United States, its Territories and Canada, AFL-CIO, CLC",7,"",NA,"",NA,NA,8,"",1,"","International Alliance of Theatrical Stage Employees, Moving Picture Technicians, Artists and Allied Crafts, of the United States, its Territories and Canada, AFL-CIO, CLC","Included: 
All full-time, regular part-time, and on-call A1s, A2s, Light Board Operators, Follow Spot Operators, Deck Run Crew, Props Run Crew, Wardrobe Assistants, Laundry Person, and Hair Supervisors employed by the Employer in connection with the theatrical production known as “Heathers” at New World Stages, 340 W 50th Street, New York, NY 10019, who were employed during the payroll period ending on April 26, 2026,

Excluded: 
All other employees, clerical employees, guards and supervisors as defined by the Act.

Others permitted to vote: 
The parties have agreed that the Wardrobe Supervisor may vote in the election, but their ballots will be challenged since their eligibility has not been resolved. No decision has been made regarding whether the individuals in this classification or group are included in, or excluded from, the bargaining unit. The eligibility or inclusion of these individuals will be resolved, if necessary, following the election.","","","",10,"","International Alliance of Theatrical Stage Employees, Moving Picture Technicians, Artists and Allied Crafts, of the United States, its Territories and Canada, AFL-CIO, CLC","INCLUDED: All full-time, regular part-time, and on-call A1s, A2s, Light Board Operators, Follow Spot Operators, Deck Run Crew, Props Run Crew, Wardrobe Supervisors, Wardrobe Assistants, and Hair Supervisors employed by the Employer in connection with the theatrical production known as “Heathers” at New World Stages, 340 W 50th St, New York, NY 10019.

EXCLUDED: All other employees, clerical employees, guards and supervisors as defined by the Act.
",17,40.750422,-73.996328,"New York, NY 10001",1,"place","TIGER/Line® dataset from the US Census Bureau","New York","New York County","NY","10001","US",1,40.6401106382718,-74.2130580677393,NA,NA
"02-RC-386881","The Thayer Hotel","Region 02, New York, New York","Open","05/13/2026","","","West Point","NY","","","","",NA,NA,"International Union of Operating Engineers Local 30, AFL-CIO",NA,"",NA,"",NA,NA,NA,"",NA,"","","","","","",6,"","","Included: All full time and regular part time facility engineers and facility mechanics.

Excluded: All other employees, administrators, guards, and supervisors under the act.
",NA,41.3937,-73.972175,"West Point, NY 10996",1,"place","TIGER/Line® dataset from the US Census Bureau","West Point","Orange County","NY","10996","US",1,41.1311041003641,-73.9777638497736,NA,NA
"02-RC-389201","The New York Public Library, Stavros Niarchos Foundation Library","Region 02, New York, New York","Open","06/22/2026","","","New York","NY","","","","",NA,NA,"Motion Picture Projectionist Operators, Audio Visual Cinema Technicians, Allied Craft, and Theatrical Employees, Local Union 306 of Greater New York",NA,"",NA,"",NA,NA,NA,"",NA,"","","","","","",12,"","","Employees who perform audio-visual work at the Stavros Niarchos Foundation Library, excluding guards, professional employees, and supervisors as defined in the Act.",NA,40.750422,-73.996328,"New York, NY 10001",1,"place","TIGER/Line® from the US Census Bureau","New York","New York County","NY","10001","US",1,40.4631820999083,-73.6417198935731,NA,NA
"02-RC-390260","Golden Krust Caribbean Bakery,","Region 02, New York, New York","Open","07/08/2026","","","Bronx","NY","","","","",NA,NA,"Progressive Workers Union Local 311",NA,"",NA,"",NA,NA,NA,"",NA,"","","","","","",250,"","","Included: All full-time and regular part-time employees and shipping employees, including all drivers, maintenance,
mechanics, mixing, grinding, sheeting, packing, cleaning, and warehouse employees at the Employer's
facility located in Park Avenue and Washington Avenue in the Bronx, NY 10457
Excluded:
All other employees, including office clerical, managers, sales employees, and Supervisors as defined in the act.",NA,40.819329,-73.920355,"Bronx, NY 10451",1,"place","TIGER/Line® from the US Census Bureau","Bronx","Bronx County","NY","10451","US",1,40.4734478114788,-73.4938772792719,NA,NA
"02-RC-390576","Brightview Holdings, Inc.","Region 02, New York, New York","Open","07/08/2026","","","Bronx","NY","","","","",NA,NA,"Progressive Workers of the World Local 311",NA,"",NA,"",NA,NA,NA,"",NA,"","","","","","",20,"","","Included:  All employees working ground services at St. Raymond and St. Anthony's cemeteries
Excluded:
All other employees as defined in the act",NA,40.819329,-73.920355,"Bronx, NY 10451",1,"place","TIGER/Line® from the US Census Bureau","Bronx","Bronx County","NY","10451","US",1,40.9431334239581,-73.9037882147148,NA,NA
"02-RC-390898","Northern Westchester Hospital","Region 02, New York, New York","Open","07/15/2026","","","Mount Kisco","NY","","","","",NA,NA,"1199 SEIU Healthcare Workers East",NA,"",NA,"",NA,NA,NA,"",NA,"","","","","","",15,"","","Included: All full-time and regular part-time, including per diem, surgical supply assistants and telecommunications employees (including leads) employed by Northern Westchester Hospital, residual to the existing collective bargaining unit represented by 1199SEIU United Healthcare Workers East.

Excluded: All other employees, guards and supervisors as defined in the Act",NA,41.197329,-73.72286,"Mount Kisco, NY 10549",1,"place","TIGER/Line® from the US Census Bureau","Mount Kisco","Westchester County","NY","10549","US",1,41.0446351663099,-73.5336325384179,NA,NA
"02-RC-391241","New York Blood Center","Region 02, New York, New York","Open","07/22/2026","","","Rye","NY","","","","",NA,NA,"International Union of Operating Engineers, AFL-CIO Local 30",NA,"",NA,"",NA,NA,NA,"",NA,"","","","","","",14,"","","Included: All full time and regular part time mechanics, coordinators and engineers at the facility.

Excluded:AII other employees including guards, professional employees and supervi:sors under the Act

",NA,40.978942,-73.69332,"Rye, NY 10580",1,"place","TIGER/Line® from the US Census Bureau","Rye","Westchester County","NY","10580","US",1,40.6353889651785,-73.3872848161642,NA,NA
"02-RC-391390","DXO East Productions, LLC.","Region 02, New York, New York","Open","07/22/2026","","","New York","NY","","","","",NA,NA,"Laborers International Union of North America, Local 724",NA,"",NA,"",NA,NA,NA,"",NA,"","","","","","",26,"","","INCLUDED: All full-time and regular part-time Production Assistants (PA) including Art Department Production Assistants, Shop Production Assistants, Costume Department Production Assistants, Office Production Assistants, Set Production Assistants, Additional Set Production Assistants, Unit Production Assistants, and Key Set Production Assistants employed by the Employer on the episodic Television production entitled Dexter Resurrection at its Sunset Pier 94 Studios Stage 5, New York, New York facility.

EXCLUDED: All other employees, including but not limited to, Office Clerical Employees, Professional Employees, Guards, Supervisors and Managers as defined in the Act.

OTHERS PERMITTED TO VOTE: The parties have agreed that the following employees may vote in the election, but their ballots will be challenged since their eligibility has not been resolved: Production Secretaries. No decision has been made regarding whether these classifications are included or excluded from the Bargaining unit(s). The eligibility or inclusion of these employees will be resolved including any community interest issues, if necessary, following the election.
",NA,40.750422,-73.996328,"New York, NY 10001",1,"place","TIGER/Line® from the US Census Bureau","New York","New York County","NY","10001","US",1,40.6976512391583,-73.5610330605621,NA,NA
"02-RC-391591","CBRE, Inc.","Region 02, New York, New York","Open","07/24/2026","","","New York","NY","","","","",NA,NA,"International Union of Operating Engineers, Local 30",NA,"",NA,"",NA,NA,NA,"",NA,"","","","","","",31,"","","Included:  All full and part time mobile tech, lead tech, lead mobile techs, 
Excluded:  All office and professional employees, guards, and supervisors under the Act.

",NA,40.750422,-73.996328,"New York, NY 10001",1,"place","TIGER/Line® from the US Census Bureau","New York","New York County","NY","10001","US",1,40.8204959789754,-74.4629572699985,NA,NA
"02-RC-392612","Allied Universal Security Services","Region 02, New York, New York","Open","08/10/2026","","","New York","NY","","","","",NA,NA,"Local One Security Officers Union",NA,"",NA,"",NA,NA,NA,"",NA,"","","","","","",73,"","","Included: Tactical Response Officers (Armed); Security Officers, Fire Life Safety Director Officers, F-01 Freight Operators and Security/BES at the following locations:

1.  1 Manhattan West
    395 9th Avenue /401 9th Avenue
    New York, NY 10001

2.   2 Manhattan West
      375 9th Avenue
      New York, NY 10001

3. 4 Manhattan West
    424 West 33rd Street
    New York, NY 10001

4. Manhattan West
    450 West 33rd Street
    New York, NY 10001

5. Manhattan West Shared Services
    424 West 33rd Street
    New York, NY 10001

6. Brookfield Development
    434 West 33rd Street
     New York, NY 10001

Excluded: All other employees.",NA,40.750422,-73.996328,"New York, NY 10001",1,"place","TIGER/Line® from the US Census Bureau","New York","New York County","NY","10001","US",1,40.976925379643,-74.1684251893519,NA,NA
"02-RD-307958","Bronx Global Learning Institute for Girls Charter School, The Shirley Rodriguez Remenski School","Region 02, New York, New York","Open","11/30/2022","","","Bronx","NY","","","","",NA,NA,"UFT",NA,"",NA,"",NA,NA,NA,"",NA,"","","","","","",40,"","","Included: Teachers, TA's, Instructioanl and Literacy Coaches , Guidance Counselors, Special Education Coordinator 
Excluded: Office staff and Supervisors , Professionals and all other guards as defincd by the ACT",NA,40.819329,-73.920355,"Bronx, NY 10451",1,"place","TIGER/Line® dataset from the US Census Bureau","Bronx","Bronx County","NY","10451","US",1,40.4206938780063,-74.1078404376074,NA,NA
"02-RD-317733","Siren Retail Corp. d/b/a Starbucks","Region 02, New York, New York","Open","05/10/2023","","","New York","NY","","","","",NA,NA,"NY-NJ Regional Joint Board, Workers United a/k/a Starbucks Workers United",NA,"",NA,"",NA,NA,NA,"",NA,"","","","","","",122,"","","Included: All full-time and regular part-time Baristas, Mixologists, Ops Leads, and Bakers.

Excluded: All store managers, office clericals, confidential employees, managerial employees, 
guards, professional employees and supervisors as defined by the Act, and all other employees.",NA,40.750422,-73.996328,"New York, NY 10001",1,"place","TIGER/Line® dataset from the US Census Bureau","New York","New York County","NY","10001","US",1,41.0190180067902,-73.9660575883671,NA,NA
"02-RD-341601","KIPP Academy Charter School","Region 02, New York, New York","Open","05/06/2024","","","Bronx","NY","","","","",NA,NA,"United Federation of Teachers",NA,"",NA,"",NA,NA,NA,"",NA,"","","","","","",61,"","","Included: 
All full-time and regular part-time teachers, counselors. social workers. team leaders. and specialist 
Excluded: 
All other employees. including substitute teachers. clerical, maintenance. supervisors, managers. and guards",NA,40.819329,-73.920355,"Bronx, NY 10451",1,"place","TIGER/Line® dataset from the US Census Bureau","Bronx","Bronx County","NY","10451","US",1,40.7336994061862,-73.9696668313607,NA,NA
"02-RD-342560","SHUN LEE PALACE CORP","Region 02, New York, New York","Open","05/15/2024","","","New York","NY","A","Single Labor Organization","Initial","06/12/2024",4,NA,"UNITE HERE Local 100",NA,"",NA,"",NA,4,4,"",NA,"","","INCLUDED: All full-time and regular part-time waitpersons and bartenders employed by the Employer at its facility located at 155 East 55th Street, New York, NY

EXCLUDED: All other employees, including confidential employees, managers, guards and supervisors as defined by the Act.
","","","",4,"","","Included:
APPLICABLE TO ALL EMPLOYEES IN BARGAINING UNIT
Excluded:
(See bargaining agreement)",4,40.750422,-73.996328,"New York, NY 10001",1,"place","TIGER/Line® dataset from the US Census Bureau","New York","New York County","NY","10001","US",1,41.0053341922348,-73.6803762586995,NA,NA
"02-RD-350924","Centerpark Services LLC","Region 02, New York, New York","Open","09/19/2024","","","New York","NY","","","","",NA,NA,"Local 272, Garage Employees Union, IBT",NA,"",NA,"",NA,NA,NA,"",NA,"","","","","","",110,"","","included:
Working Managers or Working foreman, washers, floorman, transporters, cashiers,
shuttlers, floaters, flaggers (when employed by the Employer), and all other persons
performing one or more of the functions of the said included classifications.

Excluded:
All Guards, Supervisors within the meaning of the act",NA,40.750422,-73.996328,"New York, NY 10001",1,"place","TIGER/Line® dataset from the US Census Bureau","New York","New York County","NY","10001","US",1,40.2540009913964,-73.8578478787302,NA,NA
"02-RD-364536","DistroKid, LLC","Region 02, New York, New York","Open","04/28/2025","","","New York","NY","","","","",NA,NA,"National Association of Broadcast Employees and Technicians–Communications Workers of America (NABET-CWA)",NA,"",NA,"",NA,NA,NA,"",NA,"","","","","","",36,"","National Association of Broadcast Employees and Technicians–Communications Workers of America (NABET-CWA)","Included: Senior Artist Relations Specialist,  Artist Relations Specialist, Artist Relations Associate, Customer Support Experience Designer, Senior Quality Control Specialist, Quality Control Specialist, Quality Control Associate, Fraud Specialist, Infringement Specialist, Senior Content Operations Specialist, Content Operations Specialist, UGC Monetization Lead, Lead-Software Engineer, Senior Software Engineer, Software Engineer, Agile Coach, Senior Product Manager, Product Manager, Senior Product Designer, Product Designer, Delivery Manager, Lead-QA Analyst, QA Analyst, Lead-QA Automation, Project Manager – Artist Relations, Vendor Ops Manager, and Head of Partner Ops & Special Projects, based in the United States. 

Excluded: Everything not on the included list",40,40.750422,-73.996328,"New York, NY 10001",1,"place","TIGER/Line® dataset from the US Census Bureau","New York","New York County","NY","10001","US",1,41.0447732341008,-74.1232900840903,NA,NA
"02-RD-366446","MSGN Holdings, LP","Region 02, New York, New York","Open","05/27/2025","","","Manhattan","NY","","","","",NA,NA,"INTERNATIONAL BROTHERHOOD OF ELECTRICAL WORKERS, LOCAL 1212",NA,"",NA,"",NA,NA,NA,"",NA,"","","","","","",100,"","","Included: Al technicians employed by Madison Square Garden Networks, LP and their crewing agent Program Productions to perform technical work in connection with the telecasting[of live or recorded sports for home and visiting broadcasts from the facility known as 1adison Square Garden in New York City, New York (including related pre- and/or post-game shows), including Technical Directors (TD), Audio Mixers (A1), Audio Assistants (A2), Video Controllers (V1), Assistant Video Controllers (V2), Graphic Operators, Scorebox Opertors, 9amera Operators (for stationary, hand-held and/or remotely operated camera), Capture Playback Operators (CPO or EVS), Utility Technicians, and others in similar technical positions performing pre-production, production and post-production work.
Excluded: All other employees, guards, and supervisors as defined in the Act.
",NA,40.750422,-73.996328,"New York, NY 10001",1,"place","TIGER/Line® dataset from the US Census Bureau","New York","New York County","NY","10001","US",1,40.902735251514,-74.4913611377331,NA,NA
"02-RD-366801","MSGN Holdings, LP","Region 02, New York, New York","Open","06/03/2025","","","New York","NY","","","","",NA,NA,"International Brotherhood of Electrical Workers Local 1212",NA,"",NA,"",NA,NA,NA,"",NA,"","","","","","",100,"","","Included: All technicians employed by Madison Square Garden Networks, LP and their crewing agent Program Productions to perform technical work in connection with the telecasting of live or recorded sports for home and visiting broadcasts from the facility known as Madison Square Garden in New York City, New York (including related pre- and/or post-game shows), including Technical Directors (TD), Audio Mixers (A 1 ), Audio Assistants (A2), Video Controllers (V1 ), Assistant Video Controllers (V2), Graphic Operators, Scorebox Operators, Camera Operators (for stationary, hand-held and/or remotely operated camera), Capture Playback Operators (CPO or EVS), Utility Technicians, and others in similar technical positions performing pre-production, production and post-production work. 

Excluded: All other employees, guards, and supervisors as defined in the Act.",NA,40.750422,-73.996328,"New York, NY 10001",1,"place","TIGER/Line® dataset from the US Census Bureau","New York","New York County","NY","10001","US",1,40.6217215625101,-73.8815265482033,NA,NA
"02-RD-367095","Mercedes-Benz Manhattan Inc.","Region 02, New York, New York","Open","06/06/2025","","","Manhattan","NY","","","","",NA,NA,"Local 259 United Auto Workers, AFL-CIO",NA,"",NA,"",NA,NA,NA,"",NA,"","","","","","",47,"","","Included: All fulltime and regular part time service technicians.

Excluded:  All other employees.",NA,40.750422,-73.996328,"New York, NY 10001",1,"place","TIGER/Line® dataset from the US Census Bureau","New York","New York County","NY","10001","US",1,40.3487471058497,-73.7496890754181,NA,NA
"02-RD-382898","Optum Medical","Region 02, New York, New York","Open","03/16/2026","","","Brewster","NY","","","","",NA,NA,"1199SEIU United Healthcare Workers East",NA,"",NA,"",NA,NA,NA,"",NA,"","","","","","",500,"","","Included: 

Unit A (professional unit) & Unit B (non-professional unit) 

Excluded: 

Physicians. dentists, confidential employees, guards, managerial and supervisory employees",NA,41.39732,-73.61707,"Brewster, NY 10509",1,"place","TIGER/Line® dataset from the US Census Bureau","Brewster","Putnam County","NY","10509","US",1,41.72772721016,-73.7413278972597,NA,NA
"02-RD-383824","MSGN Holdings, LP","Region 02, New York, New York","Open","03/30/2026","","","New York","NY","","","","",NA,NA,"",NA,"",NA,"",NA,NA,NA,"",NA,"","","","","","",150,"","","Included: All technicians employed by Madison Square Garden Networks, LP and their crewing agent Program Productions to perform technical work in connection with the telecasting of live or recorded sports for home and visiting broadcasts from the facility known as Madison Square Garden in New York City, New York (including related pre-and/or post-game shows), including Technical Directors (TD), Audio Mixers (A1), Audio Assistants (A2), Video Controllers (V1), Assistant Video Controllers (V2), Graphic Operators, Scorebox Operators, Camera Operators (for stationary, hand-held and/or remotely operated camera), Capture Playback Operators (CPO or EVS), Utility Technicians, and others in similar technical positions performing pre-production, production and post-production work. 

Excluded: All other employees, guards, and supervisors as defined in the Act.",NA,40.750422,-73.996328,"New York, NY 10001",1,"place","TIGER/Line® dataset from the US Census Bureau","New York","New York County","NY","10001","US",1,40.9459471186155,-73.6157314744985,NA,NA
"02-RD-383925","Program Productions","Region 02, New York, New York","Open","03/31/2026","","","New York","NY","","","","",NA,NA,"International Brotherhood of Electrical Workers, Local 1212",NA,"",NA,"",NA,NA,NA,"",NA,"","","","","","",150,"","","Included: Included: All technicians employed by Program Productions to perform technical work in connection with the telecasting of live or recorded sports for home and visiting broadcasts from the facility known as Madison Square Garden in New York City, New York (including related preand/or post-game shows), including Technical Directors (TD), Audio Mixers (A1), Audio Assistants (A2), Video Controllers (V1), Assistant Video Controllers (V2), Graphic Operators, Scorebox Operators, Camera Operators (for stationary, hand-held and/or remotely operated camera), Capture Playback Operators (CPO or EVS), Utility Technicians, and others in similar technical positions performing pre-production, production and post-production work. Excluded:  All other employees, guards, and supervisors as defined in the Act.",NA,40.750422,-73.996328,"New York, NY 10001",1,"place","TIGER/Line® dataset from the US Census Bureau","New York","New York County","NY","10001","US",1,40.3968793082048,-73.9814881556875,NA,NA
"02-RD-384362","Hoff-Barthelson Music School","Region 02, New York, New York","Open","04/07/2026","","","Scarsdale","NY","","","","",NA,NA,"",NA,"",NA,"",NA,NA,NA,"",NA,"","","","","","",4,"","","Included: All full-time and part-time Accompanists employed by the employer at Hoff Barthelson Music School 

Excluded: All other employees, including confidential, guard, managerial, supervisory employees as defined in the Act",NA,40.992686,-73.799476,"Scarsdale, NY 10583",1,"place","TIGER/Line® dataset from the US Census Bureau","Scarsdale","Westchester County","NY","10583","US",1,41.2988738108419,-74.2325495970289,NA,NA
"02-RM-370166","GVC LTD","Region 02, New York, New York","Open","07/24/2025","","","Bronx","NY","","","","",NA,NA,"LOCAL 621, UNITED SERVICE WORKERS, INTERNATIONAL UNION OF JOURNEYMEN & ALLIED TRADES",NA,"",NA,"",NA,NA,NA,"",NA,"","","","","","",336,"","","Included: All full time and regular part-time drivers; mechanics; maintenance  employees and attendants employed in the Pre-k Division.

Excluded: All other employees, including supervisors and maangers",NA,40.819329,-73.920355,"Bronx, NY 10451",1,"place","TIGER/Line® dataset from the US Census Bureau","Bronx","Bronx County","NY","10451","US",1,40.5229457324986,-74.0874706289522,NA,NA
"02-RM-374591","National Museum of Mathematics","Region 02, New York, New York","Open","11/10/2025","","","New York","NY","","","","",NA,NA,"District Council 37, AFSCME, AFL-CIO",NA,"",NA,"",NA,NA,NA,"",NA,"","","","","","",35,"","","The union demands recognition of a unit consisting of “all persons employed by the National Museum of Mathematics in the titles: accounting manager; assistant floor manager; assistant retail manager; centroid fellow; chief of educational programs; communications assistant; creative technologist; digital assistant; executive coordinator; exhibit technician; exponent fellow; facilities coordinator; finance manager; floor manager; graphic designer; ITE assistant; office administrator; office manager; outreach mathematician; patron relations assistant; program assistant; retail manager; senior content advisor; senior development officer; senior educator; senior interactive technologist; technology coordinator; technology support assistant; and volunteer coordinator.”

The Museum disputes the appropriateness of the union’s claimed unit, and proposes the unit should consist of “all persons regularly employed by the National Museum of Mathematics in the titles: accounting manager; administrative coordinator; assistant retail manager; associate, visitor outreach and education; centroid fellow; creative technologist; senior digital content assistant; executive coordinator; exhibit technician; exponent fellow; finance manager; graphic designer; office administrator; outreach mathematician; patron relations assistant; program coordinator and educator; retail manager; senior content advisor; senior educator; senior interactive technologist; technology coordinator; technology assistant; and volunteer coordinator.” All other employees, including, but not limited to, managerial employees, confidential employees, temporary employees, guards, and supervisors as defined in the Act should be excluded.
",NA,40.750422,-73.996328,"New York, NY 10001",1,"place","TIGER/Line® dataset from the US Census Bureau","New York","New York County","NY","10001","US",1,40.7341368387451,-73.5096499703566,NA,NA
"02-RM-385886","Scientific American, a wholly owned subsidiary of Springer Nature","Region 02, New York, New York","Open","04/27/2026","","","New York","NY","A","Single Labor Organization","Initial","06/26/2026",35,NA,"Writers Guild of America East, Inc.",31,"",NA,"",NA,1,32,"",NA,"","Writers Guild of America East, Inc.","","","","",28,"","Writers Guild of America East, Inc.","Included: 
All full-time and regular part-time non-executive employees, including: Art Directors,  Associate Copy Editors, Associate Editors, Breaking News Reporters,  Data Editors, Editors, Managing Production Editors, Multimedia Editors, Podcast Hosts, Prepress /  Quality  Managers,   Reporters,  Senior  Copy  Editors,  Senior  Editors,  Senior  Graphics  Editors, Senior News Editors, Senior Multimedia Editors, Senior Reporters, and Senior Staff Writers. 
Excluded: 
All other employees, office clericals, confidential employees, managerial employees,  professional employees, guards, and supervisors as defined in the Act.",35,40.750422,-73.996328,"New York, NY 10001",1,"place","TIGER/Line® from the US Census Bureau","New York","New York County","NY","10001","US",1,40.9021549849303,-74.0359619199506,NA,NA
"02-RM-389183","New York Public Library, Astor, Lenox and Tilden Foundations","Region 02, New York, New York","Open","06/18/2026","","","Manhattan","NY","","","","",NA,NA,"Motion Picture Projectionist Operators, Audio Visual Cinema Technicians, Allied Craft, and Theatrical Employees, Local Union 306 of Greater New York",NA,"",NA,"",NA,NA,NA,"",NA,"","","","","","",12,"","","Employees who perform audio-visual work at the Stavros Niarchos Foundation Library, excluding guards, professional employees, and supervisors as defined in the Act.",NA,40.750422,-73.996328,"New York, NY 10001",1,"place","TIGER/Line® from the US Census Bureau","New York","New York County","NY","10001","US",1,41.2192241682668,-73.7772721345744,NA,NA
"02-RM-389897","AOD Movie, LLC","Region 02, New York, New York","Open","07/01/2026","","","New York","NY","","","","",NA,NA,"Laborers International Union of North America, Local 724",NA,"",NA,"",NA,NA,NA,"",NA,"","","","","","",12,"","","INCLUDED: All full-time and regular part-time production assistants
EXCLUDED: All other employees, including confidential employees, managers, supervisors, guards",NA,40.750422,-73.996328,"New York, NY 10001",1,"place","TIGER/Line® from the US Census Bureau","New York","New York County","NY","10001","US",1,41.1402801860121,-74.2745926724954,NA,NA
"02-RM-390465","Discover Magazine, Inc. on behalf of Scientific American, Inc.","Region 02, New York, New York","Open","07/07/2026","","","New York","NY","","","","",NA,NA,"Writers Guild of America East, Inc.",NA,"",NA,"",NA,NA,NA,"",NA,"","","","","","",2,"","","All full-time and regular part-time: Art Directors, Associate Copy Editors, Associate Editor, Breaking News Reporters, Chief Art Director, Chief Audience Engagement Editor, Data Editors, Digital Producer, Editors, Lifecycle Marketing Manager, Managing Production Editors, Marketing and Customer Service Assistant, Marketing Coordinator, Multimedia Editors, Podcast Hosts, Prepress / Quality Managers, Reporters, Senior Copy Editors, Senior Desk Editor –Technology, Senior Editors, Senior Graphics Editors, Senior News Editors, Senior Multimedia Editors, Senior Reporters, and Senior Staff Writers; excluding all other employees, office clericals, confidential employees, managerial employees, professional employees, guards, and supervisors as defined in the Act.",NA,40.750422,-73.996328,"New York, NY 10001",1,"place","TIGER/Line® from the US Census Bureau","New York","New York County","NY","10001","US",1,40.464321348164,-74.20707874072,NA,NA
"02-UD-098508","Donato Marangi, Inc., Cottage Carting, Inc., and Advanced Waste d/b/a Marangi Disposal","Region 02, New York, New York","Open","02/15/2013","","","Valley Cottage","NY","","","","",NA,NA,"WASTE MATERIAL, RECYCLING & GENERAL INDUSTRIAL, LOCAL 108",NA,"",NA,"",NA,NA,NA,"",NA,"","","","","","",92,"","","Included:  All full time and regular part time employees employed bythe Employer in and out of the facilities listed above.

Excluded:  All security-supervisors and clerical as defined by the Act.",NA,41.122868,-73.934844,"Valley Cottage, NY 10989",1,"place","TIGER/Line® dataset from the US Census Bureau","Valley Cottage","Rockland County","NY","10989","US",1,41.5577558341261,-73.7561676173615,NA,NA
"03-RC-282127","Starbucks Corporation","Region 03, Buffalo, New York","Open","08/30/2021","","","Hamburg","NY","A","Single Labor Organization","Initial","12/09/2021",29,1,"Workers United Upstate",8,"",NA,"",NA,12,20,"",2,"","","Including: All full-time and part-time Baristas and Shift Supervisors.
Excluding: Office clerical employees, guards, professional employees and supervisors as defined in the Act.","","","",30,"","","All full-time and regular part-time Baristas, Shift Supervisors, Asst. Store Managers.  Excluded:  Store Managers, office clericals, guards, and supervisors as defined by the Act.",29,42.729083,-78.837596,"Hamburg, NY 14075",1,"place","TIGER/Line® dataset from the US Census Bureau","Hamburg","Erie County","NY","14075","US",1,42.8429757610591,-78.938876516712,NA,NA
"03-RC-308945","Starbucks Corporation","Region 03, Buffalo, New York","Open","12/15/2022","","","Penfield","NY","A","Single Labor Organization","Initial","02/03/2023",20,NA,"Workers United",4,"",NA,"",NA,9,13,"",NA,"","","","","","",21,"","","Included:
All full-time and regular part-time Baristas and Shift Supervisors
Excluded:
Store Managers; office clericals, guards, and supervisors as defined by the Act.",20,43.145813,-77.454446,"Penfield, NY 14526",1,"place","TIGER/Line® dataset from the US Census Bureau","Penfield","Monroe County","NY","14526","US",1,43.2447538332389,-77.7390107162758,NA,NA
"03-RC-336208","Paragon Systems, Inc.","Region 03, Buffalo, New York","Open","02/21/2024","","","Rochester","NY","","","","",NA,NA,"International Union, Security, Police and Fire Professionals of America (SPFPA)",NA,"",NA,"",NA,NA,NA,"",NA,"","","","","","",215,"","","Included: ALL EMPLOYEES PERFORMING GUARD DUTIES AS DEFINED IN SECTION 9(b)(3) OF THE NATIONAL LABOR RELATIONS ACT, EMPLOYED BY PARAGON SYSTEMS@ FEDERAL FACILITIES IN THE STATE OF NEW YORK UNDER CONTRACT NO. 70RFP120DE2000002 
Excluded: ALL OFFICE CLERICAL EMPLOYEES, PROFESSIONAL EMPLOYEES ANO SUPERVISORS AS DEFINED BY THE ACT.",NA,43.156612,-77.604023,"Rochester, NY 14604",1,"place","TIGER/Line® from the US Census Bureau","Rochester","Monroe County","NY","14604","US",1,43.2462663574054,-77.1990397756528,NA,NA
"03-RC-366072","Norwich University - The Military College of Vermont","Region 03, Buffalo, New York","Open","05/21/2025","","","Northfield","VT","A","Single Labor Organization","Initial","07/22/2025",21,NA,"Chauffeurs, Teamster, Warehousemen and Helpers Union No. 597",18,"",NA,"",NA,1,19,"",1,"","Chauffeurs, Teamsters, Warehousemen and Helpers Union No. 597","Included: grounds crew chief, grounds, plumber, carpenter, electrician, ice rink assistant manager, building control specialist, maintenance, vehicle maintenance, maintenance/heating plant operator.

Excluded: confidential employees, custodians, managers, faculty, student workers, guards, directors, provosts, adjunct faculty, coordinators, coaches, investigators, student athletes, work-study students, office clerical employees, managers, professional employees, and supervisors as defined in the Act and all other employees. 
","","","",26,"","Chauffeurs, Teamsters, Warehousemen and Helpers Union No. 597","Included: Facilities Workers, Grounds Crew Chief, Boiler Operator, Plumber, BAS and HVAC Control, Carpenter, Maintenance, Ice Rink Assistant Manager, Locksmith, Lead sound tech, Grounds, Vehicle Maintenance, Electrician.

Excluded: Supervisors, guards, custodians, Supervisors, Confidential Employees, Custodians, Managers, Faculty, Student Workers, guards.",21,44.180906,-72.678854,"Northfield, VT 05663",1,"place","TIGER/Line® dataset from the US Census Bureau","Northfield","Washington County","VT","5663","US",1,43.7543237362174,-72.4798677677193,NA,NA
"03-RC-375336","Lori’s Natural Foods Ctr Inc","Region 03, Buffalo, New York","Open","11/21/2025","","","Rochester","NY","A","Single Labor Organization","Initial","12/17/2025",34,1,"Rochester Regional Joint Board",14,"",NA,"",NA,17,31,"",1,"","","INCLUDED: All full-time and regular part-time employees employed by the Employer in the classifications of: Front End, Floor (Grocery, Fridge, Freezer), Wellness, Produce, Receiving, Kitchen, Merchandiser, Buyer, Front End Supervisor, Grocery Supervisor, and Receiving Supervisor.
EXCLUDED: All managers, assistant managers, clerical employees, confidential employees, administrative employees, closing store supervisors (CSS), guards, and supervisors as defined by the National Labor Relations Act.","","","",35,"","","Included: All regular full time and part time employees in front end, floor (grocery, fridge, freezer), Wellness, Produce, Receiving, Kitchen, Merchandise, Burying, Bulk and Department Supervisors

Excluded: Supervisors as defined by the act, guards, confidential employees, administrative employees.

",34,43.156612,-77.604023,"Rochester, NY 14604",1,"place","TIGER/Line® dataset from the US Census Bureau","Rochester","Monroe County","NY","14604","US",1,43.3517943758427,-77.1179602667763,NA,NA
"03-RC-382039","Heidelberg Materials","Region 03, Buffalo, New York","Open","03/02/2026","","","Allegany","NY","A","Single Labor Organization","Initial","04/14/2026",4,NA,"Teamsters Local 264",3,"",NA,"",NA,1,4,"",NA,"","Teamsters Local 264","INCLUDED: Ready-Mix Drivers and Batch Plant Operators employed by the Employer at its Allegany, New York facility. 

EXCLUDED: Office Clerical Employees, Professional Employees, Engineering, Administrative, Technical and Quality Control, Construction Employees, employees covered by other collective bargaining agreements, Guards, and Supervisors as defined in the National Labor Relations Act.","","","",4,"","Teamsters Local 264","Included: Redi-Mix Truck Drivers, Batchman

Excluded: Office Clerical Employees, Professional Employees, Engineering, Administrative, Technical and Quality Control, Construction Employees, Employees Covered by other collective bargaining agreements, guards and supervisors as defined by the National Labor relations Act.",4,42.116168,-78.516218,"Allegany, NY 14706",1,"place","TIGER/Line® from the US Census Bureau","Allegany","Cattaraugus County","NY","14706","US",1,42.5548446494717,-78.4798704566449,NA,NA
"03-RC-384237","Road to Hana, Inc. d/b/a Healthy Living","Region 03, Buffalo, New York","Open","04/06/2026","","","South Burlington","VT","A","Single Labor Organization","Initial","05/01/2026",291,1,"Rochester Regional Joint Board, Workers United",105,"",NA,"",NA,69,105,"",29,"","Rochester Regional Joint Board, Workers United","Included: All full-time and regular part-time non-professional employees employed by the Employer at the Employer’s South Burlington, Williston, and Saratoga Springs facilities.

Excluded: All confidential employees, professional employees, guards, supervisors as defined in the Act, and all other employees.
","","","",285,"","Rochester Regional Joint Board, Workers United","Included:  All full-time and part-time non-professional employees employed at the all three Healthy Living locations, including:  Saratoga, South Burlington and Williston locations.

Excluded:  All confidential employees, guards, and supervisors as defined by the Act.",291,44.444867,-73.173468,"South Burlington, VT 05403",1,"place","TIGER/Line® dataset from the US Census Bureau","South Burlington","Chittenden County","VT","5403","US",1,44.5801403904496,-73.6040852979996,NA,NA
"03-RC-388091","The Rutland Hospital, Inc. d/b/a Rutland Regional Medical Center","Region 03, Buffalo, New York","Open","06/02/2026","","","Rutland","VT","A","Single Labor Organization","Initial","06/25/2026",21,NA,"Rutland Regional Medical Center Security United",13,"",NA,"",NA,6,19,"",NA,"","Rutland Regional Medical Center Security United","","","","",24,"","Rutland Regional Medical Center Security United","Included:  All FT, PT and Per Diem Healthcare Employees in the classification Security Officer.

Excluded: Supervisors, confidential employees, all non security officers",21,43.630346,-72.93586,"Rutland, VT 05701",1,"place","TIGER/Line® from the US Census Bureau","Rutland","Rutland County","VT","5701","US",1,43.8839438283267,-72.7965080930466,NA,NA
"03-RC-389463","Ambulnz NY2, LLC","Region 03, Buffalo, New York","Open","06/25/2026","","","Rensselaer","NY","A","Single Labor Organization","Initial","08/11/2026",71,2,"Teamsters Local 294",37,"",NA,"",NA,13,37,"",NA,"","INTERNATIONAL BROTHERHOOD OF TEAMSTERS LOCAL 294","INCLUDED: All full-time, regular part-time, per diem, and seasonal[1] Emergency Medical Technicians (“EMTs”) and Paramedics employed by the Employer at or out of its Capital Staffing location located at 901 3rd Street, Rensselaer, New York, and at or out of the Employer’s posts in Glens Falls and Saratoga Springs, New York.
[1] Per diem and seasonal employees who have worked an average of four (4) hours or more per week during the 13 weeks immediately preceding the eligibility date for the election are eligible to vote. 
EXCLUDED: All managers, supervisors as defined in the Act, and all other employees.","","","",60,"","INTERNATIONAL BROTHERHOOD OF TEAMSTERS LOCAL 294","Included: Full time, Part time, Per Diem, and seasonal EMT, Paramedics at Capital Staffing location.

Excluded: all other employees and management",71,42.64258,-73.7429,"Rensselaer, NY 12144",1,"place","TIGER/Line® from the US Census Bureau","Rensselaer","Rensselaer County","NY","12144","US",1,42.5075420458018,-73.7382288873658,NA,NA
"03-RC-390616","Cimolai-HY LLC","Region 03, Buffalo, New York","Open","07/14/2026","","","Olean","NY","A","Single Labor Organization","Initial","08/13/2026",118,3,"United Steel, Paper and Forestry, Rubber, Manufacturing, Energy, Allied & Industrial Service Workers International Union, AFL-CIO, CLC",60,"",NA,"",NA,47,111,"",4,"","United Steel, Paper and Forestry, Rubber, Manufacturing, Energy, Allied & Industrial Service Workers International Union, AFL-CIO, CLC","INCLUDED: All full-time and regular part-time production and maintenance employees employed by the Employer at its Olean, New York facility. 

EXCLUDED: All temporary employees, agency employees, joint employees, office clerical employees, professional employees, supervisors as defined in the Act, and all other employees. 

Others permitted to vote: The parties have agreed that Quality Inspectors and Quality Associates may vote in the election, but their ballots will be challenged since their eligibility has not been resolved.  No decision has been made regarding whether the individuals in these classifications or groups are included in, or excluded from, the bargaining unit.  The eligibility or inclusion of these individuals will be resolved, if necessary, following the election.","","","",130,"","United Steel, Paper and Forestry, Rubber, Manufacturing, Energy, Allied & Industrial Service Workers International Union, AFL-CIO, CLC","INCLUDED: All full-time and regular part-time production and maintenance employees employed by the Employer at its facility in Olean, NY.

EXCLUDED: All temporary employees, agency and joint employees, office clerical employees, professional employees, guards, and supervisors as defined in the Act.",118,42.082142,-78.425973,"Olean, NY 14760",1,"place","TIGER/Line® from the US Census Bureau","Olean","Cattaraugus County","NY","14760","US",1,42.3335607598135,-78.8713099234689,NA,NA
"03-RC-391108","Care Access Research LLC","Region 03, Buffalo, New York","Open","07/21/2026","","","Clifton Park","NY","","","","",NA,NA,"Teamsters Local 294, affiliated with the International Brotherhood of Teamsters",NA,"",NA,"",NA,NA,NA,"",NA,"","","","","","",24,"","","Included: All full time and part time mobile site vehicle specialist.

Excluded: All other classifications including management.",NA,42.850576,-73.792524,"Clifton Park, NY 12065",1,"place","TIGER/Line® from the US Census Bureau","Clifton Park","Saratoga County","NY","12065","US",1,43.0855228432367,-73.6818137635233,NA,NA
"03-RC-391296","Together for Youth","Region 03, Buffalo, New York","Open","07/22/2026","","","Albany","NY","","","","",NA,NA,"INTERNATIONAL UNION, SECURITY, POLICE AND FIRE PROFESSIONALS OF AMERICA (SPFPA)",NA,"",NA,"",NA,NA,NA,"",NA,"","","","","","",20,"","","Included: All employees performing guard duties; Administrator on Duty, Counselor and Supervisors as defined in section 9(b)(3) of the nation labor relations act, employed by Together for Youth@838 Albany Shaker Rd., Albany NY 12211 in NY.

Excluded: All office clerical employees, professional employees as defined in the act.",NA,42.614852,-73.970812,"Albany, NY 12201",1,"place","TIGER/Line® from the US Census Bureau","Albany","Albany County","NY","12201","US",1,42.9894950869214,-73.8846379724714,NA,NA
"03-RD-317482","Starbucks Corporation","Region 03, Buffalo, New York","Open","05/08/2023","","","Rochester","NY","","","","",NA,NA,"Workers United",NA,"",NA,"",NA,NA,NA,"",NA,"","","","","","",24,"","","Included:  Barista, shift supervisor

Excluded:  assistant store manager, store manager",NA,43.156612,-77.604023,"Rochester, NY 14604",1,"place","TIGER/Line® dataset from the US Census Bureau","Rochester","Monroe County","NY","14604","US",1,43.4551913529078,-77.3630563546977,NA,NA
"03-RD-370106","Elderwood at Williamsville","Region 03, Buffalo, New York","Open","07/25/2025","","","Williamsville","NY","","","","",NA,NA,"SEIU 1199 East United Healthcare Workers",NA,"",NA,"",NA,NA,NA,"",NA,"","","","","","",81,"","","Included: Service and Maintenace- Includes CNA's, Housekeeping, Dietary and Maintenance",NA,42.963947,-78.737809,"Williamsville, NY 14221",1,"place","TIGER/Line® dataset from the US Census Bureau","Williamsville","Erie County","NY","14221","US",1,42.748496330594,-79.2060492915787,NA,NA
"03-RD-389607","Student Transportation of America, Inc.","Region 03, Buffalo, New York","Open","06/29/2026","","","Lockport","NY","","","","",NA,NA,"Teamsters Local 449",NA,"",NA,"",NA,NA,NA,"",NA,"","","","","","",212,"","","Included:
All full-time and regular part-time drivers, casual drivers and monitors.

Excluded:
All other employees, managers and supervisors as defined in the Act.
",NA,43.168463,-78.706886,"Lockport, NY 14094",1,"place","TIGER/Line® from the US Census Bureau","Lockport","Niagara County","NY","14094","US",1,42.7079067075593,-78.7483195739333,NA,NA
"03-RM-374815","Lori's Natural Foods","Region 03, Buffalo, New York","Open","11/17/2025","","","Rochester","NY","","","","",NA,NA,"Lori's Workers United",NA,"",NA,"",NA,NA,NA,"",NA,"","","","","","",35,"","","Included: Retail store employees Excluded: Supervisors under the Act, Security and guards.",NA,43.156612,-77.604023,"Rochester, NY 14604",1,"place","TIGER/Line® dataset from the US Census Bureau","Rochester","Monroe County","NY","14604","US",1,43.1818644788957,-77.3886979632154,NA,NA
"03-RM-384740","OptiTorque Technologies LLC","Region 03, Buffalo, New York","Open","04/14/2026","","","Syracuse","NY","","","","",NA,NA,"United Steel Workers Local 1277",NA,"",NA,"",NA,NA,NA,"",NA,"","","","","","",14,"","","Included: employed workers full/part time under the description of production and maintence.

Excluded: All other locations, mgmt, laid off, terminated, former workers of Crucible, Lauter and Opti",NA,43.02143,-76.197701,"Syracuse, NY 13201",1,"place","TIGER/Line® dataset from the US Census Bureau","Syracuse","Onondaga County","NY","13201","US",1,42.6336353773142,-75.8225872426728,NA,NA
"04-RC-327811","Smith-Edwards-Dunlap Company","Region 04, Philadelphia, Pennsylvania","Open","10/12/2023","","","Philadelphia","PA","","","","",NA,NA,"Highway Truck Drivers and Helpers Local 107",NA,"",NA,"",NA,NA,NA,"",NA,"","","","","","",24,"","","Included: All full-time and regular part-time employees who are primarily engaged in the performance of bindery work including folding, gathering, gathering-stitching and covering perfect binding, trimming (single, three-knife, continuous), inserting, wrapping, mailing, pasting off, material handling, feeding machines, taking off from machines, receiving, shipping, package storing, stock-handling, perfect binder, all power material-handling devices, plastic wrapping (hand or machine), punching, drilling, eye-letting, round cornering, jogging on fold and gathering machines, inserting, tipping, inspecting, repairing, counting, separating, gathering, collating, hand numbering, slip sheeting, mailing, single wrapping, bulk wrapping, binding, preparing labels, preparing wrapper, sample department examiner-wrapper, pocket feeder-gathering machine, cutting section, hand gathering, sheet refolding, catcher on gathering machinery, gathering machine conveyor, wire-a-plastic, gluing-off helper, applying adhesives, helper, all types of shrink packaging, paper baling and janitorial, and all miscellaneous operations normally performed by workers in the bindery or as a part of bindery work at the Employer’s facility in Philadelphia, Pennsylvania. Excluded: All other employees, office clerical employees, managerial employees, guards, and supervisors as defined in the Act.",NA,40.001811,-75.11787,"Philadelphia, PA 19101",1,"place","TIGER/Line® dataset from the US Census Bureau","Philadelphia","Philadelphia County","PA","19101","US",1,40.1908099217743,-74.9601979367853,NA,NA
"04-RC-369637","Lancaster Behavioral Health Hospital / UHS","Region 04, Philadelphia, Pennsylvania","Open","07/18/2025","","","Lancaster","PA","","","","",NA,NA,"Teamsters Local Union No.771 a/w International Brotherhood of Teamsters",NA,"",NA,"",NA,NA,NA,"",NA,"","","","","","",135,"","","INCLUDED: Regular full time and part time RNs (Registered Nurses), Regular full time and part time LPNs (Licensed Practical Nurse), Regular full time and part time BHAs (Behavioral Health Associate), and Regular PRNs 


EXCLUDED: All Management, Supervisors as defined by the Act, security personnel, office personnel, and all classifications other than RNs, LPNs, BHAs, and PRNs.",NA,40.076553,-76.31068,"Lancaster, PA 17601",1,"place","TIGER/Line® dataset from the US Census Bureau","Lancaster","Lancaster County","PA","17601","US",1,39.7780644903916,-76.3814021012563,NA,NA
"04-RC-386651","3300 Henry Avenue Operating Company, LP, d/b/a Pediatric Specialty Care at Philadelphia","Region 04, Philadelphia, Pennsylvania","Open","05/11/2026","","","Philadelphia","PA","A","Single Labor Organization","Initial","06/05/2026",61,NA,"District 1199C, National Union of Hospital and Health Care Employees, AFSCME, AFL-CIO",32,"",NA,"",NA,8,40,"",3,"","District 1199C, National Union of Hospital and Health Care Employees, AFSCME, AFL-CIO","Included: All full-time and regular part-time non-professional employees in the following classifications: Activity Assistants, Housekeeping Aides, Child Life Specialists, Drivers, Licensed Practical Nurses (LPNs), Nurse Technicians, Transport Nurse LPNs, and Recreational Therapists employed by the Employer at its 3301 Scotts Lane, Philadelphia, Pennsylvania facility.

Excluded: All other employees, professional employees, office clerical employees, guards and supervisors as defined in the Act.

Others permitted to vote: The parties have agreed that the unit clerks may vote in the election, but their ballots will be challenged since their eligibility has not been resolved. No decision has been made regarding whether the individuals in these classifications or group are included in, or excluded from, the bargaining unit. The eligibility or inclusion of these individuals will be resolved, if necessary, following the election.","","","",60,"","District 1199C, National Union of Hospital and Health Care Employees, AFSCME, AFL-CIO","Included: All full-time and regular part-time (those working at least 4 hours per pay period during the previous 13 weeks) Activity Assistants, Environmental Services Employees, Licensed Practical Nurses, Nurse Technicians, Transport Employees, Unit Clerks, and Central Supply Employees employed by the Employer at its 3301 Scotts Lane, Philadelphia, Pennsylvania facility. Excluded: All other employees, office clerical employees, guards and supervisors as defined in the Act.",61,40.001811,-75.11787,"Philadelphia, PA 19101",1,"place","TIGER/Line® dataset from the US Census Bureau","Philadelphia","Philadelphia County","PA","19101","US",1,40.5006466227986,-74.8614231250667,NA,NA
"04-RC-390312","Alpha Century Security, Inc.","Region 04, Philadelphia, Pennsylvania","Open","07/09/2026","","","Newtown Square","PA","","","","",NA,NA,"Security Alliance Federation of Employees Union Local 642",NA,"",NA,"",NA,NA,NA,"",NA,"","","","","","",76,"","","Included: All full-time and regular part-time security guards employed by Alpha Century Security Inc. Excluded: All office clerical employees, managers, supervisors as defined by the Act, and all other employees.",NA,39.955409,-75.40172,"Newtown Square, PA 19073",1,"place","TIGER/Line® from the US Census Bureau","Newtown Square","Delaware County","PA","19073","US",1,39.507814589493,-75.3649755325516,NA,NA
"04-RC-391161","First Student, Inc.","Region 04, Philadelphia, Pennsylvania","Open","07/21/2026","","","King of Prussia","PA","","","","",NA,NA,"Teamsters Local 384 a/w the International Brotherhood of Teamsters",NA,"",NA,"",NA,NA,NA,"",NA,"","","","","","",66,"","","Included: All full-time and regular part-time bus aides, drivers, fuelers, and mechanics employed
by the Employer at its facility located at 680 S. Henderson Road, King of Prussia, PA 19406.


Excluded: All other employees, managers, guards and supervisors as defined by the NLRA.",NA,40.095288,-75.382861,"King of Prussia, PA 19406",1,"place","TIGER/Line® from the US Census Bureau","King of Prussia","Montgomery County","PA","19406","US",1,40.0633169996322,-75.6822445273664,NA,NA
"04-RC-391653","Delaware Valley Community Health, Inc.","Region 04, Philadelphia, Pennsylvania","Open","07/28/2026","","","Philadelphia","PA","","","","",NA,NA,"District 1199C, National Union of Hospital and Health Care Employees, AFSCME, AFL-CIO",NA,"",NA,"",NA,NA,NA,"",NA,"","","","","","",16,"","","Included: All full-time and regular part-time Nurse Practitioners and Physicians Assistants employed by the Employer at its 1412 Fairmount Avenue, Philadelphia, Pennsylvania, 820 W. Thompson Street, Philadelphia, Pennsylvania, 5901 Market Street, Philadelphia, Pennsylvania, 800 Chester Pike, Sharon Hill, Pennsylvania, 401 West Allegheny Avenue, Philadelphia, Pennsylvania, 400 West Allegheny Avenue, Philadelphia, Pennsylvania, 1401 DeKalb Street, Norristown, Pennsylvania, 841 East Hunting Park Avenue, Philadelphia, Pennsylvania, and 2600 North American Street, Philadelphia, Pennsylvania facilities. 



Excluded: All other employees, obstetrics department employees, office clerical employees, guards and supervisors as defined in the Act.",NA,40.001811,-75.11787,"Philadelphia, PA 19101",1,"place","TIGER/Line® from the US Census Bureau","Philadelphia","Philadelphia County","PA","19101","US",1,40.0280953060773,-75.4190110818435,NA,NA
"04-RD-371228","Meritus Solutions Group","Region 04, Philadelphia, Pennsylvania","Open","08/13/2025","","","Plains","PA","","","","",NA,NA,"UGSOA Local #267 a/w United Government Security Officers of America",NA,"",NA,"",NA,NA,NA,"",NA,"","","","","","",48,"","","Included: All uniformed Security Officers.

Excluded: Project Manager, Assistant Site Manager, and All other Persons.",NA,41.275359,-75.850196,"Plains, PA 18705",1,"place","TIGER/Line® dataset from the US Census Bureau","Plains","Luzerne County","PA","18705","US",1,41.4940255134504,-75.8657901215344,NA,NA
"04-RD-391343","Airgas USA, LLC","Region 04, Philadelphia, Pennsylvania","Open","07/23/2026","","","Allentown","PA","","","","",NA,NA,"Teamsters Local Union No. 773 a/w International Brotherhood of Teamsters",NA,"",NA,"",NA,NA,NA,"",NA,"","","","","","",7,"","","INCLUDED: All Drivers and Loaders

EXCLUDED: All other employees, managers and supervisors as defined by the Act.",NA,40.602658,-75.469236,"Allentown, PA 18101",1,"place","TIGER/Line® from the US Census Bureau","Allentown","Lehigh County","PA","18101","US",1,40.3840640964156,-75.1329448058051,NA,NA
"04-RM-380814","Jack Duggans PHL Inc.","Region 04, Philadelphia, Pennsylvania","Open","02/11/2026","","","Philadelphia","PA","","","","",NA,NA,"Unite Here Local 274",NA,"",NA,"",NA,NA,NA,"",NA,"","","","","","",29,"","","INCLUDED: 29

EXCLUDED: 0",NA,40.001811,-75.11787,"Philadelphia, PA 19101",1,"place","TIGER/Line® dataset from the US Census Bureau","Philadelphia","Philadelphia County","PA","19101","US",1,39.7751001095802,-75.0134026608848,NA,NA
"04-RM-390302","Pleasant Hospitality LLC d/b/a Four Points by Sheraton Northeast","Region 04, Philadelphia, Pennsylvania","Open","07/09/2026","","","Philadelphia","PA","","","","",NA,NA,"UNITE HERE Local 274",NA,"",NA,"",NA,NA,NA,"",NA,"","","","","","",21,"","","INCLUDED: All full time and regular part-time Housepersons, Room Attendants, Laundry Attendants, and Maintenance Engineers
employed by the Employer at its facility located at 9641 Roosevelt Blvd, Philadelphia, Pennsylvania.


EXCLUDED: All other employees, managers, guards and supervisors as defined by the Act.",NA,40.001811,-75.11787,"Philadelphia, PA 19101",1,"place","TIGER/Line® from the US Census Bureau","Philadelphia","Philadelphia County","PA","19101","US",1,39.8069963638608,-75.0005298462183,NA,NA
"05-RC-305446","Bering Global Solutions, LLC and Paragon Systems, Inc., Joint Employers","Region 05, Baltimore, Maryland","Open","10/18/2022","","","Washington","DC","A","Three Labor Organizations","Initial","06/12/2023",126,7,"Fraternity of American Protective Officers",16,"Law Enforcement Officers Security Union (LEOSU-DC) a division of the Law Enforcement Officers Security Unions (LEOSU) affiliated with Law Enforcement Officers Security & Police Benevolent Association (LEOS-PBA)",12,"UNITED GOVERNMENT SECURITY OFFICERS OF AMERICA INTERNATIONAL UNION AND ITS LOCAL 385",14,NA,44,"N",NA,"","Fraternity of American Protective Officers (FAPO)","Included: All full-time and regular part-time uniformed security officers employed by Bering Global Solutions, LLC and Paragon Systems, Inc. at their work sites currently located in Washington, DC at the following addresses: 600 Independence Avenue, SW; 800 Independence Avenue, SW; 1200 New Jersey Avenue, SE; and 1201 4th  Street, SE.

Excluded: all other employees, office clerical employees, temporary employees,
managerial employees and supervisors as defined in the Act.

","","","",126,"","Fraternity of American Protective Officers (FAPO)","Included: 
All full-time and regular part-time security officers employed by Bering Global Solutions, LLC and Paragon Systems, Inc. at their work sites currently located in Washington, DC at the following addresses: 600 Independence Avenue, SW; 800 Independence Avenue, SW; 1200 New Jersey Avenue, SE; and 1201 4th Street, SE. 

Excluded· 
All other employees, office clerical employees, temporary employees, managerial employees and supervisors as defined in the Act.",126,38.911936,-77.016719,"Washington, DC 20001",1,"place","TIGER/Line® dataset from the US Census Bureau","Washington","District of Columbia","DC","20001","US",1,38.4682578435273,-77.3549647429543,NA,NA
"05-RC-314228","WB Waste Solutions, LLC","Region 05, Baltimore, Maryland","Open","03/16/2023","","","Capitol Heights","MD","A","Single Labor Organization","Initial","04/26/2023",53,NA,"International Union of Painters and Allied Trades, AFL-CIO, District Council 51, Local 890",6,"",NA,"",NA,47,53,"",3,"","","Included: All full-time and regular part-time laborers, mechanics, baler operators, wheel loader operators, forklift operators, and skidsteer operators employed by the Employer at its Olive Street Material Recovery Facility currently located at 1701 Olive Street, Capital Heights, Maryland.

Excluded: All other employees, truck drivers, office clerical employees, professional employees, managerial employees, confidential employees, guards and supervisors as defined by the National Labor Relations Act.","","","",55,"","","Included: All workers on conveyor belt sorting & workers operating machinery loading belt.

Excluded: Management, supervisors, truck drivers, outside operators, finish material loading operators, office staff.",53,38.833563,-76.877743,"Capitol Heights, MD 20731",1,"place","TIGER/Line® dataset from the US Census Bureau","Capitol Heights","Prince George's County","MD","20731","US",1,38.412223186613,-77.207960390554,NA,NA
"05-RC-324299","Perdue AgriBusiness LLC","Region 05, Baltimore, Maryland","Open","08/22/2023","","","Salisbury","MD","A","Single Labor Organization","Initial","09/29/2023",44,NA,"United Food and Commercial Workers Union, Local 27",17,"",NA,"",NA,21,38,"",6,"Y","","All full-time and regular part-time oil operators, truck washers, lab technicians, oil refinery crew leaders, maintenance mechanics, and electricians employed by the Employer at its facility currently located at 6909 Zion Church Road, Salisbury, Maryland, but excluding all other employees, office clerical employees, professional employees, confidential employees, casual employees, temporary employees, guards, managerial employees and supervisors as defined in the Act. 

Others permitted to vote: The parties have agreed that the following individuals may vote in the election but their ballots will be challenged since their eligibility has not been resolved: PLC Technician II Amanda Long and Oil Refinery Clerk Linda Painter.  No decision has been made regarding whether the individuals in these classifications or groups are included in, or excluded from, the bargaining unit.  The eligibility or inclusion of these individuals will be resolved, if necessary, following the election.","","","",43,"","","Included:  All regular Full-time and regular Part-time hourly paid Refinery employees
including Maintenance employees, Lab Technicians, Wash Bay employees and
Production employees.
Excluded:  All other employees including confidential employees, guards and supervisors as
defined in the Act.",44,38.382445,-75.633621,"Salisbury, MD 21801",1,"place","TIGER/Line® dataset from the US Census Bureau","Salisbury","Wicomico County","MD","21801","US",1,37.9969486208909,-75.3853498387753,NA,NA
"05-RC-324801","Smart Simple Solutions, LLC","Region 05, Baltimore, Maryland","Open","08/30/2023","","","Leesburg","VA","A","Single Labor Organization","Initial","09/29/2023",47,8,"International Association of Bridge, Structural, Ornamental and Reinforcing Iron Workers",26,"",NA,"",NA,7,33,"",26,"Y","","INCLUDED: All full-time and regular part-time helpers, welders, team leaders, and firewatchers engaged in miscellaneous steel installation of miscellaneous iron work 
that Smart Simple Solutions, LLC performs for Iron Fabrication Services, LLC. 

EXCLUDED: All salaried employees, professional employees, shop and fabrication employees, drivers, clerical employees, managerial employees, guards, and supervisors as defined in the Act. 

Others permitted to vote:  The parties have agreed that the following individuals, alleged as discriminatees in Cases 05-CA-322527, 05-CA-324504, and 05-CA-324690 may vote in the election, but their ballots will be challenged since their eligibility has not been resolved: Adolfo Castro Normans, Yolanda Santiago Reyes, Leonel Zambrano Manzaba, Noe Martin Gonzales Aguilar, Roy Alfredo Rodas, Winston Materan, Remember Barrios, Zuleyma Cruz, Juan Carlos Escalante Barrera, Cristy Rodriguez, Estela Ayala, Brenda Bermudez, Elizabeth Diana Moreno, Noel Alexander Licona Cerritos, Luis Antonio Sanchez-Roman, Sasha Mejia Linares, Jaqueline 
Mejia Linares, Ariel Ivan Calix Rivera, German Nataren, Carlos Linares, Santos Rene Martinez, Milton Antonio Flores, Walter Alexis Santos Cardenas, Yonathan Moreno Mejia, Wilfredo Barreras Escalante, Angel Saravia, and Nelvis Portillo.  No decision has been made regarding whether the individuals are included in, or excluded from, the bargaining unit.  The eligibility and inclusion of these individuals will be resolved, if necessary, following the election.","","","",60,"","","Included: All full-time and regular part-time field employees engaged in erection and installation, welders and helpers. 
 
Excluded: All salaried employees, professional employees, shop and fabrication employees, drivers, clerical employees, managerial employees, guards, and supervisors as defined by the Act.",47,39.041987,-77.605404,"Leesburg, VA 20175",1,"place","TIGER/Line® dataset from the US Census Bureau","Leesburg","Loudoun County","VA","20175","US",1,38.7357949847023,-77.2067363990628,NA,NA
"05-RC-325712","American Federation of State, County, and Municipal Employees, AFL-CIO (AFSCME)","Region 05, Baltimore, Maryland","Open","09/13/2023","","","Washington","DC","","","","",NA,NA,"United Staff Union",NA,"",NA,"",NA,NA,NA,"",NA,"","","","","","",7,"","","Included: To be included in existing professional units: All employees employed by the employer at its headquarters location at 1625 L St NW Washington DC in the following classifications: political and legislative advocacy apprentice and political accounting apprentice. All employees employed by the employer at its field locations in the following classifications: political and legislative advocacy apprentice and political accounting apprentice. Excluded: Excluded: all other professional employees, non-professional employees, managerial employees, guards and supervisors as defined by the Act.",NA,38.911936,-77.016719,"Washington, DC 20001",1,"place","TIGER/Line® dataset from the US Census Bureau","Washington","District of Columbia","DC","20001","US",1,38.6766687713203,-77.0641901309653,NA,NA
"05-RC-329047","Global Executive Staffing, LLC","Region 05, Baltimore, Maryland","Open","10/31/2023","","","Baltimore","MD","A","Single Labor Organization","Rerun","05/14/2025",13,NA,"Amalgamated Transit Union Local 1764",NA,"",NA,"",NA,1,1,"",NA,"","","All full-time and regular part-time utility workers and dispatchers employed by the Employer at the facilities currently located at 1615 Bush St., Baltimore, MD 21230, and 19 Thomas Ave., Brooklyn, MD 21225, but excluding all other employees, managers, guards, and supervisors as defined in the Act.","","","",11,"","","Including: All full-time and regular part-time utility workers and dispatchers employed at or
out of the facilities at 1615 Bush St., Baltimore, MD 21230 and 19 Thomas Ave., Brooklyn,
MD 21225.

Excluding: All other employees, and managers, supervisors, and guards as defined in the
Act.",10,39.296536,-76.623489,"Baltimore, MD 21201",1,"place","TIGER/Line® dataset from the US Census Bureau","Baltimore","Baltimore City","MD","21201","US",1,39.3059598885213,-76.5346758375912,NA,NA
"05-RC-336293","LSR Refinishing, LLC","Region 05, Baltimore, Maryland","Open","02/21/2024","","","Clinton","MD","A","Single Labor Organization","Initial","03/11/2024",12,NA,"International Union of Painters and Allied Trades, Local Union 890, District Council No. 51, a/w International Union of Painters and Allied Trades, AFL-CIO",5,"",NA,"",NA,4,9,"",1,"Y","","All full-time and regular part-time employees employed by the Employer at its facility currently located at 7537 Old Alexandria Ferry Road, Clinton, Maryland, but excluding all office clerical employees, confidential employees, professional employees, managerial employees, guards, and supervisors as defined in the Act.","","","",11,"","","Included: All employees

Excluded: All supervisors, guards, office employees, salespersons and managers",12,38.739765,-76.912096,"Clinton, MD 20735",1,"place","TIGER/Line® dataset from the US Census Bureau","Clinton","Prince George's County","MD","20735","US",1,38.3509916373821,-76.9242084156285,NA,NA
"05-RC-336945","CDA, Inc. d/b/a MaxSent and Kerberos International, Inc.","Region 05, Baltimore, Maryland","Open","03/01/2024","","","Arlington","VA","","","","",NA,NA,"International Union, Security, Police and Fire Professionals of America (SPFPA)",NA,"",NA,"",NA,NA,NA,"",NA,"","","","","","",9,"","","Included: ALL EMPLOYEES PERFORMING GUARD DUTIES AS DEFINED IN SECTION 9(b)(3) OF THE NATIONAL LABOR RELATIONS ACT, EMPLOYED BY KERBEROS/MAXSENT@ 600-700 ARMY NAVY DR., ARLINGTON, VA 22202

Excluded: ALL OFFICE CLERICAL EMPLOYEES, PROFESSIONAL EMPLOYEES AND SUPERVISORS AS DEFINED BY THE ACT.

",NA,38.885484,-77.099113,"Arlington, VA 22201",1,"place","TIGER/Line® dataset from the US Census Bureau","Arlington","Arlington County","VA","22201","US",1,38.6511928204287,-77.4492699642685,NA,NA
"05-RC-338714","R.W. Warner, Inc. d/b/a Warner Mechanical","Region 05, Baltimore, Maryland","Open","03/27/2024","","","Frederick","MD","A","Single Labor Organization","Initial","05/17/2024",137,7,"Plumbers and Steamfitters Local 486",9,"",NA,"",NA,54,63,"",20,"","","Included: All full time and regular part time pipefitters, plumbers, welders, helpers, and apprentices working within the Employer’s Mechanical Division. 

Excluded: All other employees, employees within the service division, office clericals, professional employees, guards, managers and supervisors as defined by the Act.
","","","",90,"","","Included:  All full time and regular part time pipefitters, plumbers, welders, helpers, and
apprentices working within the Employer’s Mechanical Division.

Excluded:  All other employees, employees within the service division, office clericals,
professional employees, guards, managers and supervisors as defined by the Act.",137,39.443551,-77.33294,"Frederick, MD 21701",1,"place","TIGER/Line® dataset from the US Census Bureau","Frederick","Frederick County","MD","21701","US",1,39.008324294609,-76.9997607568582,NA,NA
"05-RC-339277","Kerberos International","Region 05, Baltimore, Maryland","Open","04/03/2024","","","Arlington","VA","","","","",NA,NA,"International Union, Security, Police and Fire Professionals of America (SPFPA)",NA,"",NA,"",NA,NA,NA,"",NA,"","","","","","",3,"","","Included:
All employees performing Guard duties as defined in section 9(b)(3) of the National Labor Relations Act, employed by Kerberos International @ 2451 Crystal Drive, Arlington, VA 22203

Excluded:
All office clerical employees, professional employees and supervisors as defined by the act.",NA,38.885484,-77.099113,"Arlington, VA 22201",1,"place","TIGER/Line® dataset from the US Census Bureau","Arlington","Arlington County","VA","22201","US",1,38.6513840505228,-77.015066921387,NA,NA
"05-RC-340279","MOM's Organic Market, LLC","Region 05, Baltimore, Maryland","Open","04/17/2024","","","Timonium","MD","","","","",NA,NA,"MOM's Workers United",NA,"",NA,"",NA,NA,NA,"",NA,"","","","","","",80,"","","Included: All full-time and regular part-time MOM's team members (MTMs) and managers in training (MITs).

Excluded: Store managers, guards, and supervisors as defined in the Act.",NA,39.437051,-76.619692,"Timonium, MD 21093",0.9,"place","TIGER/Line® dataset from the US Census Bureau","Timonium","Baltimore County","MD","21093","US",1,39.2856204318078,-77.0456565161219,NA,NA
"05-RC-343659","Compass Coffee, LLC","Region 05, Baltimore, Maryland","Open","06/04/2024","","","Washington","DC","A","Single Labor Organization","Initial","07/16/2024",44,NA,"Mid-Atlantic Regional Joint Board Workers United SEIU",9,"",NA,"",NA,NA,9,"",33,"Y","","All full-time and regular part-time baristas, barista trainers, and barista apprentices employed by the Employer at its facility currently located at 4850 Massachusetts Avenue NW, Washington, DC, but excluding all other employees, café managers, district managers, office clerical employees, confidential employees, professional employees, managerial employees, guards, and supervisors as defined in the Act.

Others permitted to vote:  The parties have agreed that employees in the supervisor and café manager apprentice classifications may vote in the election, but their ballots will be challenged since their eligibility has not been resolved.  No decision has been made regarding whether the individuals in these classifications or groups are included in, or excluded from, the bargaining unit.  The eligibility or inclusion of these individuals will be resolved, if necessary, following the election.","","","",15,"","","Included:
All full-time and regular part-time employees

Excluded:
Guards, Management, and supervisors as defined by the act",44,38.911936,-77.016719,"Washington, DC 20001",1,"place","TIGER/Line® dataset from the US Census Bureau","Washington","District of Columbia","DC","20001","US",1,39.232116124836,-77.102644932508,NA,NA
"05-RC-343665","Compass Coffee, LLC","Region 05, Baltimore, Maryland","Open","06/04/2024","","","Washington","DC","A","Single Labor Organization","Initial","07/16/2024",17,NA,"Mid-Atlantic Regional Joint Board Workers United SEIU",NA,"",NA,"",NA,NA,NA,"",16,"Y","","All full-time and regular part-time baristas, barista trainers, and barista apprentices employed by the Employer at its facilities currently located at 1401 I Street NW, Washington, DC and 1301 K Street NW, Washington, DC, but excluding all other employees, café managers, district managers, office clerical employees, confidential employees, professional employees, managerial employees, guards, and supervisors as defined in the Act.

Others permitted to vote:  The parties have agreed that employees in the supervisor and café manager apprentice classifications may vote in the election, but their ballots will be challenged since their eligibility has not been resolved.  No decision has been made regarding whether the individuals in these classifications or groups are included in, or excluded from, the bargaining unit.  The eligibility or inclusion of these individuals will be resolved, if necessary, following the election.","","","",7,"","","Included:  All full-time and regular part-time employees

Excluded:  Guards, Management, and supervisors as defined by the act
",17,38.911936,-77.016719,"Washington, DC 20001",1,"place","TIGER/Line® dataset from the US Census Bureau","Washington","District of Columbia","DC","20001","US",1,39.13023622824,-76.5552336772023,NA,NA
"05-RC-343675","Compass Coffee, LLC","Region 05, Baltimore, Maryland","Open","06/04/2024","","","Arlington","VA","A","Single Labor Organization","Initial","07/16/2024",22,NA,"Mid-Atlantic Regional Joint Board Workers United SEIU",4,"",NA,"",NA,NA,4,"",18,"Y","","All full-time and regular part-time baristas, barista trainers, and barista apprentices employed by the Employer at its facility currently located at 1201 Wilson Boulevard, Arlington, Virginia, but excluding all other employees, café managers, district managers, office clerical employees, confidential employees, professional employees, managerial employees, guards, and supervisors as defined in the Act.

Others permitted to vote:  The parties have agreed that employees in the supervisor and café manager apprentice classifications may vote in the election, but their ballots will be challenged since their eligibility has not been resolved.  No decision has been made regarding whether the individuals in these classifications or groups are included in, or excluded from, the bargaining unit.  The eligibility or inclusion of these individuals will be resolved, if necessary, following the election.

","","","",8,"","","Included:
All full-time and regular part-time employees

Excluded:
Guards, Management, and supervisors as defined by the act",22,38.885484,-77.099113,"Arlington, VA 22201",1,"place","TIGER/Line® dataset from the US Census Bureau","Arlington","Arlington County","VA","22201","US",1,38.5503893420406,-76.8635430276879,NA,NA
"05-RC-343699","Compass Coffee, LLC","Region 05, Baltimore, Maryland","Open","06/04/2024","","","Washington","DC","A","Single Labor Organization","Initial","07/16/2024",15,NA,"Mid-Atlantic Regional Joint Board Workers United SEIU",2,"",NA,"",NA,NA,2,"",12,"Y","","All full-time and regular part-time baristas, barista trainers, and barista apprentices employed by the Employer at its facilities currently located at 1703 H Street NW, Washington, DC and 849 18th Street NW, Washington, DC, but excluding all other employees, café managers, district managers, office clerical employees, confidential employees, professional employees, managerial employees, guards, and supervisors as defined in the Act.

Others permitted to vote:  The parties have agreed that employees in the supervisor and café manager apprentice classifications may vote in the election, but their ballots will be challenged since their eligibility has not been resolved.  No decision has been made regarding whether the individuals in these classifications or groups are included in, or excluded from, the bargaining unit.  The eligibility or inclusion of these individuals will be resolved, if necessary, following the election.","","","",6,"","","Included: All full-time and regular part-time employees.

Excluded: Guards, Management, and supervisors as defined by the Act.",15,38.911936,-77.016719,"Washington, DC 20001",1,"place","TIGER/Line® dataset from the US Census Bureau","Washington","District of Columbia","DC","20001","US",1,38.8944784442533,-76.7550561221367,NA,NA
"05-RC-343703","Compass Coffee, LLC","Region 05, Baltimore, Maryland","Open","06/04/2024","","","Washington","DC","A","Single Labor Organization","Initial","07/16/2024",32,NA,"Mid-Atlantic Regional Joint Board Workers United SEIU",7,"",NA,"",NA,NA,7,"",22,"Y","","All full-time and regular part-time baristas, barista trainers, and barista apprentices employed by the Employer at its facility currently located at 1351 Wisconsin Avenue NW, Washington, DC, but excluding all other employees, café managers, district managers, office clerical employees, confidential employees, professional employees, managerial employees, guards, and supervisors as defined in the Act.

Others permitted to vote:  The parties have agreed that employees in the supervisor and café manager apprentice classifications may vote in the election, but their ballots will be challenged since their eligibility has not been resolved.  No decision has been made regarding whether the individuals in these classifications or groups are included in, or excluded from, the bargaining unit.  The eligibility or inclusion of these individuals will be resolved, if necessary, following the election.","","","",11,"","","Included:  All full-time and regular part-time employees

Excluded:  Guards, Management, and supervisors as defined by the act",32,38.911936,-77.016719,"Washington, DC 20001",1,"place","TIGER/Line® dataset from the US Census Bureau","Washington","District of Columbia","DC","20001","US",1,39.040101254835,-76.8325375393549,NA,NA
"05-RC-345195","Civic Influencers, Inc.","Region 05, Baltimore, Maryland","Open","06/26/2024","","","Lewes","DE","A","Single Labor Organization","Initial","06/18/2025",7,NA,"United Professional Organizers",NA,"",NA,"",NA,NA,NA,"",6,"Y","","Included: All full-time and regular part-time employees employed by the Employer.

Excluded: All confidential employees, temporary employees, office clerical employees, professional employees, managerial employees, guards and supervisors as defined in the Act.
","","","",8,"","","Included: All Co-Chiefs of Organizing, Co-Chiefs of Advocacy, Co-Chiefs of Learning, Statewide Organizers, Co-Chiefs of Digital Communications, Social Media Managers, Stakeholder Advisors, Institutional Gifts Advisors, Senior Stakeholder Advisors, Stakeholder Engagement Coordinators, and Senior Institutional Gifts Advisors employed by Civic Influencers in the United States of America. 

Excluded: All other employees, including office clerical employees, professional employees, guards, and supervisors as defined by the National Labor Relations Act.",7,38.77456,-75.13935,"Lewes, DE 19958",1,"place","TIGER/Line® dataset from the US Census Bureau","Lewes","Sussex County","DE","19958","US",1,39.1143036900996,-75.2464660840802,NA,NA
"05-RC-346397","GTI Pennsylvania, LLC d/b/a RISE Dispensary","Region 05, Baltimore, Maryland","Open","07/17/2024","","","York","PA","","","","",NA,NA,"Teamsters Local Union 776",NA,"",NA,"",NA,NA,NA,"",NA,"","","","","","",3,"","","Included: All full-time and regular part-time Shift Lead Personal Care Specialists.

Excluded: All General Managers, Assistant General Managers, office clerical employees, confidential employees, and guards defined in the Act.",NA,39.962998,-76.727139,"York, PA 17401",1,"place","TIGER/Line® dataset from the US Census Bureau","York","York County","PA","17401","US",1,40.4023450217474,-76.9893243859164,NA,NA
"05-RC-349532","United Road Services","Region 05, Baltimore, Maryland","Open","08/30/2024","","","Baltimore","MD","","","","",NA,NA,"Teamsters National Automobile Transporters Industry Negotiating Committee",NA,"",NA,"",NA,NA,NA,"",NA,"","","","","","",55,"","","Included: All fulltime and regular part-time drivers, including owner-operators, driver managers, and load managers
employed at the Employer’s facility located at 2155 Northbridge Ave., Baltimore, MD 21226.

Excluded: All other employees, driver trainees, office clerical employees, professional employees, guards, and
supervisors as defined by the Act.
",NA,39.296536,-76.623489,"Baltimore, MD 21201",1,"place","TIGER/Line® dataset from the US Census Bureau","Baltimore","Baltimore City","MD","21201","US",1,39.4266053263765,-76.7895467850416,NA,NA
"05-RC-354218","L'Enfant DC Hotel LLC","Region 05, Baltimore, Maryland","Open","11/06/2024","","","Washington","DC","A","Single Labor Organization","Initial","12/18/2024",7,NA,"International Union of Operating Engineers, Local 99",4,"",NA,"",NA,3,7,"",NA,"","International Union of Operating Engineers, Local 99 a/w International Union of Operating Engineers, AFL-CIO","Included: All full-time and regular part-time engineering and maintenance employees employed by the Employer at its facility currently located at 480 L’Enfant Plaza SW, Washington, DC 20024.

Excluded: All other employees, office clerical employees, confidential employees, professional employees, managerial employees, guards, and supervisors as defined in the Act.
","","","",7,"","International Union of Operating Engineers, Local 99 a/w International Union of Operating Engineers, AFL-CIO","Employees Included All fulltime and regular part-time employees employed by the employer as engineering and maintenance staff, located at Hilton Hotels DC National Mall 480 L Enfant Plaza S.W. Washington D.C. 20024 

Employees Excluded All professional employees, all managerial employees, all clerical, all guards and supervisors as defined by the Act.",7,38.911936,-77.016719,"Washington, DC 20001",1,"place","TIGER/Line® dataset from the US Census Bureau","Washington","District of Columbia","DC","20001","US",1,38.776788680359,-77.2318156718327,NA,NA
"05-RC-358615","Shemp, LLC d/b/a St. Anselm","Region 05, Baltimore, Maryland","Open","01/17/2025","","","Washington","DC","A","Single Labor Organization","Initial","02/21/2025",97,NA,"UNITE HERE Local 25",51,"",NA,"",NA,42,93,"",2,"","UNITE HERE, Local 25, a/w UNITE HERE, AFL-CIO, CLC","All full-time and regular part-time employees employed by the Employer including cooks, servers, hosts, runners, bussers, dishwashers, baristas, bartenders, barbacks, bakers, bakers assistants, cashiers, polishers, receivers and butchers performing food services at the restaurant currently located at 1250 5th Street NE Washington DC 20002; but excluding all managers, executive chefs, food unit leads, confidential employees, clerical employees, guards, and supervisors as defined by the Act.","","","",95,"","UNITE HERE, Local 25, a/w UNITE HERE, AFL-CIO, CLC","Included: All full-time and regular part-time cooks, servers, hosts, support, bussers, runners, dishwashers, bartenders,
barbacks, bakers, baker assistants, cashiers, baristas, polishers, receivers, butchers.

Excluded: All others",97,38.911936,-77.016719,"Washington, DC 20001",1,"place","TIGER/Line® dataset from the US Census Bureau","Washington","District of Columbia","DC","20001","US",1,39.0690073971741,-76.9770687085627,NA,NA
"05-RC-358846","French Bread, LLC d/b/a Pastis","Region 05, Baltimore, Maryland","Open","01/23/2025","","","Washington","DC","A","Single Labor Organization","Initial","02/28/2025",101,1,"UNITE HERE Local 25",36,"",NA,"",NA,56,92,"",4,"","","All full-time and regular part-time employees employed by the Employer including cooks, servers, hosts, maître d’s, bussers, runners, dishwashers, bartenders, barbacks, baristas, polishers, receivers, and butchers at its facility currently located at 1323 4th Street NE, Washington, D.C.; but excluding all executive chefs, food unit leads, confidential employees, managerial employees, office clerical employees, guards, and supervisors as defined by the Act.","","","",104,"","","Included: All full time and regular part time cooks, servers, hosts, reservationists, maitre d, support, bussers, runners, dishwashers, bartenders, barbacks, bakers, baker assistants, cashiers, baristas, polishers, receivers and butchers

Excluded: All others",101,38.911936,-77.016719,"Washington, DC 20001",1,"place","TIGER/Line® dataset from the US Census Bureau","Washington","District of Columbia","DC","20001","US",1,39.3876226416428,-76.8314882941129,NA,NA
"05-RC-363189","Johnson Controls, Inc.","Region 05, Baltimore, Maryland","Open","04/04/2025","","","York","PA","A","Single Labor Organization","Initial","05/15/2025",376,NA,"Sheet Metal Workers Local 19",144,"",NA,"",NA,205,349,"",5,"","","Included: All full-time and regular part-time manufacturing and warehouse employees, including Assemblers, Balancers, Brazers, Coil Builders, Craters, Department Leads and Leaders, Electrical Wirers, Helpers, Maintenance Leads, Machine Operators, Maintenance Mechanics, Maintenance Technicians, Material Coordinators, Material Handlers, Painters, Panel Insulators, Quality Control Technicians, Quality Control/Data Center Testers, Receiver Storerooms, Salvagnini Machine Setup/Operators, Shippers, Skidders, Team Leads and Leaders, Test Tank Operators, Testers, Tool & Die Mechanics, Welders, Wirers, and Wrappers employed at the Employer’s sites at 100 JCI Way, York, PA and 3640 Sandhurst Drive, York, PA 

Excluded: All other employees, including office clerical employees, professional employees, confidential employees, temporary agency employees, managers, guards, and supervisors, as defined in the Act.
","","","",388,"","","Included: All manufacturing and warehouse employees working 100 JCI Way York, PA.

Excluded: Supervisors, office, clerical, guards, and all positions excluded by the Act.",376,39.962998,-76.727139,"York, PA 17401",1,"place","TIGER/Line® dataset from the US Census Bureau","York","York County","PA","17401","US",1,40.301873887217,-76.2640371636129,NA,NA
"05-RC-363193","The American University","Region 05, Baltimore, Maryland","Open","04/04/2025","","","Washington","DC","","","","",NA,NA,"Service Employees International Union, Local 500",NA,"",NA,"",NA,NA,NA,"",NA,"","","","","","",8,"","","Included: All Community Directors, Residential Community Directors, and Community Directors for Belonging & Basic Needs SUpport employed in the Department of Housing & Residence Life by American University in DC. This is a residual unit seeking an Armour-Globe election to join the Academic Affairs Division staff unit already represented by SEIU Local 500 (Case 05-RC-266608) Excluded: All other employees, faculty other than staff holding adjunct appointments, students at the University paid from budget lines for student wages or Federal Work Study funds or who are employees of University as part of their role as students, employees who are working in positions funded partly or totally through external sources where the University does not control their wages, confidential employees, managers, guards, and supervisors as defined by the National Labor Relations Act.",NA,38.911936,-77.016719,"Washington, DC 20001",1,"place","TIGER/Line® dataset from the US Census Bureau","Washington","District of Columbia","DC","20001","US",1,38.6177537019935,-76.8932190225976,NA,NA
"05-RC-364140","MGM National Harbor, LLC","Region 05, Baltimore, Maryland","Open","04/21/2025","","","Oxon Hill","MD","A","Single Labor Organization","Initial","05/30/2025",136,NA,"International Union, Security, Police and Fire Professionals of America (SPFPA)",34,"",NA,"",NA,57,91,"",NA,"","","All full-time and regular part-time Dispatchers, and armed and unarmed resort and casino Security Officers, performing guard duties as defined in Section 9(b)(3) of the National Labor Relations Act, employed by the Employer at 101 MGM National Avenue, Oxon Hill, MD 20745; but excluding Lost and Found Clerks, Executive Assistants, Investigators, K-9 Handlers, Locksmiths, Emergency Response Officers, Crowd Control Specialists, office clerical employees,  managerial employees, professional employees, supervisors as defined by the National Labor Relations Act, and all other employees.","","","",140,"","","Included: ALL FULL-TIME AND PART-TIME ARMED AND UNARMED RESORT AND CASINO SECURITY OFFICERS PERFORMING GUARD DUTIES AS DEFINED IN SECTION 9(b)(3) OF THE NATIONAL LABOR RELATIONS ACT, EMPLOYED BY MGM 101 MGM NATIONAL AVENUE OXON HILL, MD 20745.

Excluded: ALL OFFICE CLERICAL EMPLOYEES, PROFESSIONAL EMPLOYEES AND SUPERVISORS AS DEFINED BY THE ACT.",136,38.806809,-76.995859,"Oxon Hill, MD 20745",1,"place","TIGER/Line® dataset from the US Census Bureau","Oxon Hill","Prince George's County","MD","20745","US",1,38.9700095658466,-77.2569781752367,NA,NA
"05-RC-364228","LRW Traffic Systems, LLC","Region 05, Baltimore, Maryland","Open","04/22/2025","","","Baltimore","MD","","","","",NA,NA,"Building & Construction Laborers' Local Union No. 710",NA,"",NA,"",NA,NA,NA,"",NA,"","","","","","",60,"","","Included: All full-time and regular part-time traffic flaggers, including leads

Excluded: Clericals, managers, professionals, confidential employees, and supervisors",NA,39.296536,-76.623489,"Baltimore, MD 21201",1,"place","TIGER/Line® dataset from the US Census Bureau","Baltimore","Baltimore City","MD","21201","US",1,38.9695626315863,-76.2316989287305,NA,NA
"05-RC-365757","John F. Kennedy Center for the Performing Arts","Region 05, Baltimore, Maryland","Open","05/15/2025","","","Washington","DC","","","","",NA,NA,"International Union, United Automobile, Aerospace & Agricultural Implement Workers of America, UAW",NA,"",NA,"",NA,NA,NA,"",NA,"","","","","","",172,"","","Included: All regular full-time and regular part-time employees who work in/for Development, Education, Marketing, Programming, National Symphony Orchestra and Washington National Opera.

Excluded: All Ushers, Guards, Supervisors and Temporary Employees as defined by the Act.",NA,38.911936,-77.016719,"Washington, DC 20001",1,"place","TIGER/Line® dataset from the US Census Bureau","Washington","District of Columbia","DC","20001","US",1,39.0206733311166,-76.8915053315511,NA,NA
"05-RC-367938","Cylburn Arboretum Friends, Inc.","Region 05, Baltimore, Maryland","Open","06/23/2025","","","Baltimore","MD","","","","",NA,NA,"International Association of Machinists and Aerospace Workers District 4",NA,"",NA,"",NA,NA,NA,"",NA,"","","","","","",5,"","","Included:  All full-time and regular part-time Cylburn Garden Educators, Gardener IIs, Nature Center Assistants, Garden Educators and Financial Associates.


Excluded:  All other employees including Head Gardener, Director of Education and usual exclusions: office
clerical, professional, managerial, guards and supervisors as defined in the act.",NA,39.296536,-76.623489,"Baltimore, MD 21201",1,"place","TIGER/Line® from the US Census Bureau","Baltimore","Baltimore City","MD","21201","US",1,38.9257620827031,-76.2046752596311,NA,NA
"05-RC-374415","Atlantic Windows, Inc.","Region 05, Baltimore, Maryland","Open","10/20/2025","","","Fort Washington","MD","A","Single Labor Organization","Initial","01/21/2026",34,8,"District Council No. 51, Local 1937, International Union of Painters and Allied Trades",5,"",NA,"",NA,7,12,"",NA,"","","All full-time and regular part-time glazing employees employed by the Employer, but excluding all other employees, office clerical employees, guards, and supervisors as defined in the Act.","","","",18,"","","Included: Glazing Employees

Excluded: All other Employees",34,38.757114,-76.977596,"Fort Washington, MD 20744",1,"place","TIGER/Line® dataset from the US Census Bureau","Fort Washington","Prince George's County","MD","20744","US",1,38.7035671410486,-76.89362454128,NA,NA
"05-RC-375207","KR Contracting, Inc.","Region 05, Baltimore, Maryland","Open","11/20/2025","","","Clinton","MD","","","","",NA,NA,"Fraternity of American Protective Officers (FAPO)",NA,"",NA,"",NA,NA,NA,"",NA,"","","","","","",10,"","","Included:
All Uniformed Officers below the Rank of Lieutenant

Excluded:
Lieutenants, Captains, Majors, Deputy, Project Managers, Clerical Officers",NA,38.739765,-76.912096,"Clinton, MD 20735",1,"place","TIGER/Line® dataset from the US Census Bureau","Clinton","Prince George's County","MD","20735","US",1,38.6205161376217,-77.1738611927285,NA,NA
"05-RC-375710","SpartanNash Associates, LLC","Region 05, Baltimore, Maryland","Open","11/25/2025","","","Severn","MD","A","Single Labor Organization","Initial","01/09/2026",44,1,"Teamsters Local 570",21,"",NA,"",NA,20,41,"",NA,"","International Brotherhood of Teamsters, AFL-CIO, Local 570","All full-time and regular part-time Drivers, including Drivers – Mileage and Drivers – Yard, and Transportation Coordinator at the Employer’s facility located at 8024 Telegraph Road, Severn, Maryland, but excluding all other employees, Inventory, confidential employees, office clerical employees, managerial employees, guards, and supervisors as defined in the National Labor Relations Act.","","","",44,"","International Brotherhood of Teamsters, AFL-CIO, Local 570","Included: All FT/PT Tractor Trailers, Straight truck and Jockey 26 Drivers.

Excluded: All other Classification, supervisors and profess employees as define in the act.",44,39.1328,-76.69253,"Severn, MD 21144",1,"place","TIGER/Line® dataset from the US Census Bureau","Severn","Anne Arundel County","MD","21144","US",1,39.1843059621539,-76.3467138822886,NA,NA
"05-RC-379149","Global Experience Specialists","Region 05, Baltimore, Maryland","Open","01/14/2026","","","Baltimore","MD","","","","",NA,NA,"Eastern Atlantic States Regional Council of Carpenters",NA,"",NA,"",NA,NA,NA,"",NA,"","","","","","",20,"","","Included: All full-time and regular part-time warehouse employees employed at the Employer's Baltimore, Maryland warehouse, who are not currently recognized as being included in the contractually recognized unit of the Employer’s Show Site employees.

Excluded: Drivers, office clerical employees, professional employees, guards and supervisors as
defined in the Act.",NA,39.296536,-76.623489,"Baltimore, MD 21201",1,"place","TIGER/Line® dataset from the US Census Bureau","Baltimore","Baltimore City","MD","21201","US",1,39.7358791518693,-76.7447169694155,NA,NA
"05-RC-380502","Hine Restaurants LLC d/b/a Eastern Point Collective, The Duck and The Peach, La Collina, and The Wells","Region 05, Baltimore, Maryland","Open","02/04/2026","","","Washington","DC","A","Single Labor Organization","Initial","03/06/2026",54,NA,"UNITE HERE Local 25",25,"",NA,"",NA,23,48,"",8,"Y","","INCLUDED:  All full-time and regular part-time Hosts, Servers, Server Assistants/Bussers, Bartenders, Cashiers, Baristas, Cooks, Dishwashers, and Pastry Cooks employed by the Employer at the restaurants currently  located at 300 7th St SE, Washington DC 20003, 727 C. St SE Washington DC 20003 and 747 C. Street SE, Washington DC 20003.

EXCLUDED: All other employees, guards, managers, and supervisors as defined by the Act. 
","","","",54,"","","Included: All full-time and regular part-time food and beverage employees (including but not limited to Hosts, Servers, Server Assistants/Bussers, Bar Prep, Bartenders, Cashiers, Baristas, Back of House Team Members/Cooks, Cleaners/Dishwashers, Pastry Employees, Events Back of House Employees.

Excluded: All other employees, guards, managers, and statutory supervisors.",54,38.911936,-77.016719,"Washington, DC 20001",1,"place","TIGER/Line® dataset from the US Census Bureau","Washington","District of Columbia","DC","20001","US",1,38.627272044319,-76.5460396991628,NA,NA
"05-RC-382041","Movement Holdings, LLC d/b/a Movement Gym","Region 05, Baltimore, Maryland","Open","03/02/2026","","","Timonium","MD","A","Single Labor Organization","Initial","04/04/2026",40,1,"Mid Atlantic Regional Joint Board Workers United",13,"",NA,"",NA,11,24,"",1,"","Mid-Atlantic Regional Joint Board, Workers United a/w Service Employees International Union","All full-time and regular part-time employees who work as front desk employees, front desk supervisors, youth coaches, climbing instructors, gateway instructors, openers/closers, routesetters, yoga instructors, private coaches, fitness instructors, and all full-time and regular part-time employees paid on an hourly basis employed by the Employer at its Movement Timonium facility located at 1930 Greenspring Drive, Timonium, Maryland 21093; but excluding office clericals, managers, assistant managers, gym director, assistant gym director, retail manager, head routesetter, regional facilities manager, facilities coordinator, head coach, professional employees, confidential employees, marketing lead, guards, and supervisors as defined in the Act.","","","",38,"","Mid-Atlantic Regional Joint Board, Workers United a/w Service Employees International Union","INCLUDED: All full-time and part-time employees who work as front desk employees, supervisors, youth coaches, climbing instructors, gateway instructors, operations associates, junior gym operations associates, routesetters, yoga instructors, private coaches, fitness instructors, facilities coordinators, and all other part-time and full-time nonexempt positions employed by the Employer at and out of its Movement Timonium facility located at 1930 Greenspring Dr, Timonium, MD 21093.

EXCLUDED: All office clericals, managers, assistant managers, supervisors and guards as defined by the Act, including Gym Director, Assistant Gym Director, Retail Manager if any, Head Routesetter, Regional Facilities Manager, Head Coach, Professional Employees, Confidential Employees, and Marketing Lead.",40,39.437051,-76.619692,"Timonium, MD 21093",1,"place","TIGER/Line® dataset from the US Census Bureau","Timonium","Baltimore County","MD","21093","US",1,39.1231896669334,-76.5029269835429,NA,NA
"05-RC-383734","Universal Protection Service, LP d/b/a Allied Universal Security Services","Region 05, Baltimore, Maryland","Open","03/27/2026","","","Washington","DC","","","","",NA,NA,"National Capital Union for Security Officers (NCUFSO)",NA,"",NA,"",NA,NA,NA,"",NA,"","","","","","",28,"","National Alliance of Security Officers","Included: All security officers.

Excluded: Supervisors/Managerial Non-quad personnel.",31,38.911936,-77.016719,"Washington, DC 20001",1,"place","TIGER/Line® dataset from the US Census Bureau","Washington","District of Columbia","DC","20001","US",1,39.2285742801719,-76.8282506329058,NA,NA
"05-RC-383990","CVS Pharmacy Store No. 1646","Region 05, Baltimore, Maryland","Open","03/31/2026","","","Carlisle","PA","","","","",NA,NA,"The Pharmacy Guild - IAM",NA,"",NA,"",NA,NA,NA,"",NA,"","","","","","",26,"","","Included: All full-time and regular part-time Pharmacy Technicians, Lead Pharmacy
Technicians, Lead Pharmacy Technicians/FSS, Shift Supervisors Rx, Inventory
Specialists, and Store Associates Rx employed by the Employer at its facility located at
765 South West St. Carlisle, PA 17013 (CVS Store 1646).

Excluded: All other employees, Staff Pharmacists, Pharmacy Manager, office clerical
employees, guards, confidential employees, managerial employees, and supervisors as
defined in the Act.",NA,40.20148,-77.18887,"Carlisle, PA 17013",1,"place","TIGER/Line® dataset from the US Census Bureau","Carlisle","Cumberland County","PA","17013","US",1,40.1894662854723,-77.0686981277995,NA,NA
"05-RC-384563","Didlake, Inc.","Region 05, Baltimore, Maryland","Open","04/09/2026","","","Portsmouth","VA","","","","",NA,NA,"Public Service Employee Local Union 572",NA,"",NA,"",NA,NA,NA,"",NA,"","","","","","",40,"","","Included:
All custodial and janitorial employees

Excluded:
All supervisors, guards, office employees, salespersons and managers.",NA,36.811498,-76.367715,"Portsmouth, VA 23701",1,"place","TIGER/Line® dataset from the US Census Bureau","Portsmouth","Portsmouth City","VA","23701","US",1,36.7469748584017,-75.8873604830002,NA,NA
"05-RC-385545","Smith Bus Service, Inc.","Region 05, Baltimore, Maryland","Open","04/24/2026","","","Odenton","MD","A","Single Labor Organization","Initial","05/28/2026",240,NA,"International Brotherhood of Teamsters Local 570",85,"",NA,"",NA,94,179,"",2,"","","All full-time and regular part-time bus drivers, van drivers, and monitors employed by the Employer at its facility currently located at 1890 Bucklina Avenue, Odenton, Maryland; excluding all other employees, office clerical employees, professional employees, confidential employees, dispatchers, maintenance employees, casual employees, temporary employees, guards, and managerial employees and supervisors as defined in the Act.","","","",190,"","","Included: All full time and part time CDL and Non CDL drivers and attendants.

Excluded: All other classifications, dispatch, maintenance, clerical, management temporary employees, professional employees as defined by the Act.",240,39.0625,-76.69547,"Odenton, MD 21113",1,"place","TIGER/Line® dataset from the US Census Bureau","Odenton","Anne Arundel County","MD","21113","US",1,38.798101261491,-76.8954643903647,NA,NA
"05-RC-385549","UM Capital Region Health, Inc.","Region 05, Baltimore, Maryland","Open","04/24/2026","","","Largo","MD","","","","",NA,NA,"1199 SEIU United Healthcare Workers East",NA,"",NA,"",NA,NA,NA,"",NA,"","","","","","",52,"","","Included: All Nurse Practitioner and Midwife employees employed by the employer at its acute care hospital located at 901 Harry S. Truman Drive North Largo, MD 20774.

Excluded: All other employees, guards, and supervisors as defined in the Act.
",NA,38.78028,-76.766978,"Largo, MD 20772",1,"place","TIGER/Line® dataset from the US Census Bureau","Largo","Prince George's County","MD","20772","US",1,38.5910209363147,-76.3317037061209,NA,NA
"05-RC-386204","Didlake, Inc.","Region 05, Baltimore, Maryland","Open","05/01/2026","","","Virginia Beach","VA","","","","",NA,NA,"Public Service Employee Local Union 572",NA,"",NA,"",NA,NA,NA,"",NA,"","","","","","",96,"","","Included: All custodial or janitorial employees.

Excluded: All supervisors, guards, office employees, salespersons, and managers.",NA,36.844004,-76.12036,"Virginia Beach, VA 23450",1,"place","TIGER/Line® dataset from the US Census Bureau","Virginia Beach","Virginia Beach City","VA","23450","US",1,36.6752461445735,-76.0541885881095,NA,NA
"05-RC-389613","Vision Quest Solutions, Inc.","Region 05, Baltimore, Maryland","Open","06/26/2026","","","Washington","DC","","","","",NA,NA,"International Union Security Police and Fire Professionals of America (SPFPA)",NA,"",NA,"",NA,NA,NA,"",NA,"","","","","","",90,"","","Included:
All employees performing guard duties as defined in Section 9(b)(3) of the National Labor Relations Act, employed by Vision Quest Solutions Inc. @ 1400 Independence Avenue, SW, Washington DC, 20250

Excluded:
All office clerical employees, professional employees and supervisors as defined in the Act.",NA,38.911936,-77.016719,"Washington, DC 20001",1,"place","TIGER/Line® from the US Census Bureau","Washington","District of Columbia","DC","20001","US",1,39.0894064791605,-76.5314779806002,NA,NA
"05-RC-389644","Triple Canopy, a Constellis Company","Region 05, Baltimore, Maryland","Open","06/29/2026","","","Silver Spring","MD","","","","",NA,NA,"International Guards Union of America",NA,"",NA,"",NA,NA,NA,"",NA,"","","","","","",240,"","","Included: 
All full-time and regular part-time security officers employed by the Employer at the White Oak
Research Center facilities currently located at 10903 New Hampshire Ave, 8455 Colesville Rd
and 10001 New Hampshire Ave in Silver Springs, MD.

Excluded: 
Office clerical employees, professional employees, managerial employees, Project Managers,
Assistant Project Managers, Captains, and Supervisors as defined in the Act.",NA,39.036289,-77.010948,"Silver Spring, MD 20901",1,"place","TIGER/Line® from the US Census Bureau","Silver Spring","Montgomery County","MD","20901","US",1,39.3918859307199,-77.0018121513903,NA,NA
"05-RC-390668","Tatitlek Federal Services, LLC","Region 05, Baltimore, Maryland","Open","07/14/2026","","","Catonsville","MD","","","","",NA,NA,"Governed United Security Professionals",NA,"",NA,"",NA,NA,NA,"",NA,"","","","","","",16,"","","Included: All armed and unarmed officers.

Excluded: Office personnel, managers, Project manager.",NA,39.26461,-76.74241,"Catonsville, MD 21228",1,"place","TIGER/Line® from the US Census Bureau","Catonsville","Baltimore County","MD","21228","US",1,39.6418267572752,-76.8448144274818,NA,NA
"05-RC-391059","Johns Hopkins Health System Corporation","Region 05, Baltimore, Maryland","Open","07/20/2026","","","Dundalk","MD","","","","",NA,NA,"International Brotherhood of Teamsters Local 570",NA,"",NA,"",NA,NA,NA,"",NA,"","","","","","",58,"","","Included:
All full-time and regular part-time Customer Service, Supply Chain Support 
Associates, Distribution Associates I and II, Distribution Leads, Drivers 1 and 2, and 
Inventory Coordinators employed at the facility currently located at 5300 Holabird Ave, 
Suite A, Baltimore, MD, 21224.

Excluded:
all other classifications, managers, guards, and supervisors as defined in the Act.",NA,39.2666,-76.49647,"Dundalk, MD 21222",1,"place","TIGER/Line® from the US Census Bureau","Dundalk","Baltimore County","MD","21222","US",1,39.1238039422579,-76.1847264970292,NA,NA
"05-RC-391323","Universal Protection Service, LLC d/b/a Allied Universal Security Services","Region 05, Baltimore, Maryland","Open","07/23/2026","","","Linthicum","MD","","","","",NA,NA,"International Union, Security, Police and Fire Professionals of America (SPFPA)",NA,"",NA,"",NA,NA,NA,"",NA,"","","","","","",120,"","","Included: All employees performing guard duties as defined in section 9(b)(3) of the national labor relations act, employed by Allied Universal @ multiple locations at Northrop Grumman in MD.

Excluded: All office clerical employees, professional employees and supervisors as defined in the act.",NA,39.20344,-76.66219,"Linthicum, MD 21090",1,"place","TIGER/Line® from the US Census Bureau","Linthicum","Anne Arundel County","MD","21090","US",1,39.1562330757031,-76.23247930448,NA,NA
"05-RC-391384","Baltimore Animal Rescue and Care Shelter, Inc.","Region 05, Baltimore, Maryland","Open","07/23/2026","","","Baltimore","MD","","","","",NA,NA,"American Federation of State, County & Municipal Employees, Maryland Council 3, AFSCME, AFL-CIO",NA,"",NA,"",NA,NA,NA,"",NA,"","","","","","",66,"","","Included: All employees.

Excluded: Supervisory and managerial staff.",NA,39.296536,-76.623489,"Baltimore, MD 21201",1,"place","TIGER/Line® from the US Census Bureau","Baltimore","Baltimore City","MD","21201","US",1,38.9710860040706,-76.6719930331259,NA,NA
"05-RC-391511","Camden Wyoming Fire Company, Inc.","Region 05, Baltimore, Maryland","Open","07/27/2026","","","Camden","DE","","","","",NA,NA,"Kent Sussex Professional Firefighters, International Association of Fire Fighters (IAFF) Local 5121 a/w International Association of Fire Fighters",NA,"",NA,"",NA,NA,NA,"",NA,"","","","","","",12,"","","Included: 
Fulltime Firefighters and EMTs 

Excluded: 
Partime employees, supervisors, Chief Officers, Volunteers, Administrative Staff",NA,39.113446,-75.541869,"Camden, DE 19934",1,"place","TIGER/Line® from the US Census Bureau","Camden","Kent County","DE","19934","US",1,39.4140978818438,-75.1290538000679,NA,NA
"05-RC-391697","Children’s Hospital t/a Children’s National Hospital","Region 05, Baltimore, Maryland","Open","07/28/2026","","","Washington","DC","","","","",NA,NA,"District of Columbia Nurses Association a/w National Nurses United, AFL-CIO",NA,"",NA,"",NA,NA,NA,"",NA,"","","","","","",5,"","","Included:
All full-time and regular part-time registered nurses employed and assigned by the Employer to the facility currently located at 7125 13th Place, NW, Washington DC 20012

Excluded: 
All other employees, office clerical employees, professional employees, confidential employees, casual employees, temporary employees, managerial employees, guards, and supervisors as defined in the Act.",NA,38.911936,-77.016719,"Washington, DC 20001",1,"place","TIGER/Line® from the US Census Bureau","Washington","District of Columbia","DC","20001","US",1,38.8177306610264,-76.7283293088483,NA,NA
"05-RC-391721","Jones Lang LaSalle Americas, Inc.","Region 05, Baltimore, Maryland","Open","07/29/2026","","","Arlington","VA","","","","",NA,NA,"International Union of Operating Engineers, Local 99 a/w International Union of Operating Engineers, AFL-CIO",NA,"",NA,"",NA,NA,NA,"",NA,"","","","","","",4,"","","Included: All fulltime and regular part-time employees employed by the employer and engaged in facilities maintenance at 1919 N. Lynn Street, Arlington, VA, including all engineers, maintenance technicians and lead engineers. 

Excluded: All managerial employees, all professional employees, all chief engineers and guards and supervisors as defined by the act.",NA,38.885484,-77.099113,"Arlington, VA 22201",1,"place","TIGER/Line® from the US Census Bureau","Arlington","Arlington County","VA","22201","US",1,38.4462207353514,-77.3641108527334,NA,NA
"05-RC-391850","MTAC, Inc.","Region 05, Baltimore, Maryland","Open","07/29/2026","","","Camp Springs","MD","","","","",NA,NA,"International Union, Security, Police and Fire Professionals of America (SPFPA)",NA,"",NA,"",NA,NA,NA,"",NA,"","","","","","",51,"","","Included: All employees performing guard duties as defined in section 9(b)(3) of the
national labor relations act, employed KR Contracting & MTAC@ 5900 Capital Gateway Drive
Camp Springs Maryland 20746.

Excluded: All office clerical employees, professional employees and supervisors as defined in the
act.",NA,38.804003,-76.90664,"Camp Springs, MD 20748",1,"place","TIGER/Line® from the US Census Bureau","Camp Springs","Prince George's County","MD","20748","US",1,38.5177902285675,-76.6620037463134,NA,NA
"05-RC-391944","Measured Threats Applications and Consulting, Inc. (MTAC) and KR Contracting, Inc., Joint Employers","Region 05, Baltimore, Maryland","Open","07/30/2026","","","Sterling","VA","","","","",NA,NA,"Union Rights For Security Officers",NA,"",NA,"",NA,NA,NA,"",NA,"","","","","","",9,"","","Included:

All full time and part-time employees employed by the Employer.

Excluded:

All other employees, clerical employees, managers, and supervisors under the Act.",NA,39.023047,-77.399367,"Sterling, VA 20164",1,"place","TIGER/Line® from the US Census Bureau","Sterling","Loudoun County","VA","20164","US",1,38.8304208499079,-77.1879086583158,NA,NA
"05-RC-392497","Jones Lang LaSalle Americas, Inc.","Region 05, Baltimore, Maryland","Open","08/10/2026","","","McLean","VA","","","","",NA,NA,"International Union of Operating Engineers, Local 99, a/w International Union of Operating Engineers, AFL-CIO",NA,"",NA,"",NA,NA,NA,"",NA,"","","","","","",3,"","","Included: All fulltime and regular part-time employees employed by the employer and engaged in facilities maintenance at 8484 Westpark Drive, and 8444 Westpark Drive in Mclean, Virginia , VA, including all engineers, maintenance technicians and lead engineers.

Excluded: All managerial employees, all professional employees, all clerical employees, all guards
and supervisors as defined by the act.",NA,38.935202,-77.18672,"Mc Lean, VA 22101",1,"place","TIGER/Line® from the US Census Bureau","Mc Lean","Fairfax County","VA","22101","US",1,38.9300647266567,-76.7600420707625,NA,NA
"05-RC-392498","Cushman & Wakefield U.S., Inc.","Region 05, Baltimore, Maryland","Open","08/10/2026","","","Arlington","VA","","","","",NA,NA,"International Union of Operating Engineers Local 99",NA,"",NA,"",NA,NA,NA,"",NA,"","","","","","",2,"","","Included: 
All fulltime and regular part-time employees employed by the employer and engaged in facilities maintenance at 4301 Fairfax Drive, Arlington, VA 22203, including all Chief Engineers, All Engineers, All Maintenance technicians, all helpers. 
Excluded: 
All managerial employees, all professional employees, all and guards and supervisors as defined by the Act.",NA,38.885484,-77.099113,"Arlington, VA 22201",1,"place","TIGER/Line® from the US Census Bureau","Arlington","Arlington County","VA","22201","US",1,39.3534609768845,-77.2223371024263,NA,NA
"05-RC-392565","Jones Lang LaSalle Americas, Inc.","Region 05, Baltimore, Maryland","Open","08/10/2026","","","Herndon","VA","","","","",NA,NA,"International Union of Operating Engineers Local 99 a/w International Union of Operating Engineers, AFL-CIO",NA,"",NA,"",NA,NA,NA,"",NA,"","","","","","",2,"","","Included: All fulltime and regular part-time employees employed by the employer and engaged in facilities maintenance at 13665 Dulles Technology Drive, 13665 Dulles Technology Drive, and13641 Sunrise Valley Drive, Herdon, VA, including all Maintenance Mechanics, all building engineers, all helpers. 

Excluded: All managerial employees, all professional employees, all clerical employees and guards and supervisors as defined by the act.",NA,38.983887,-77.367457,"Herndon, VA 20170",1,"place","TIGER/Line® from the US Census Bureau","Herndon","Fairfax County","VA","20170","US",1,38.8190035433414,-77.8003073340948,NA,NA
"05-RC-392580","Lamar Advertising","Region 05, Baltimore, Maryland","Open","08/10/2026","","","Lemoyne","PA","","","","",NA,NA,"Sheet Metal, Air, Rail, Transportation (SMART) Local 19",NA,"",NA,"",NA,NA,NA,"",NA,"","","","","","",8,"","","Included: All full-time Billboard Installers

Excluded: All other employees including supervisors as defined by the Act",NA,40.2412,-76.89414,"Lemoyne, PA 17043",1,"place","TIGER/Line® from the US Census Bureau","Lemoyne","Cumberland County","PA","17043","US",1,39.983441022177,-77.2907848134743,NA,NA
"05-RD-305423","Magnum Carbide LLC","Region 05, Baltimore, Maryland","Open","10/18/2022","","","Waynesboro","PA","","","","",NA,NA,"",NA,"",NA,"",NA,NA,NA,"",NA,"","","","","","",16,"","","Included:  Manufacturing.

Excluded:  Warehousing.",NA,39.793552,-77.59228,"Waynesboro, PA 17268",1,"place","TIGER/Line® dataset from the US Census Bureau","Waynesboro","Franklin County","PA","17268","US",1,39.8683200480126,-77.4377650749113,NA,NA
"05-RD-321671","Union Kitchen, LLC","Region 05, Baltimore, Maryland","Open","07/12/2023","","","Washington","DC","A","Single Labor Organization","Initial","01/05/2024",34,NA,"United Food and Commercial Workers Local 400",1,"",NA,"",NA,24,25,"",8,"","","Included:  Team members in training, team members, trainers, senior supervisors, and shift leads 

Excluded:  All managerial employees, confidential employees, guards and supervisors as defined under the Act","","","",49,"","","Included:  Team members in training, team members, trainers, senior supervisors, and shift leads 

Excluded:  All managerial employees, confidential employees, guards and supervisors as defined under the Act",34,38.911936,-77.016719,"Washington, DC 20001",1,"place","TIGER/Line® dataset from the US Census Bureau","Washington","District of Columbia","DC","20001","US",1,38.9437079329614,-76.922405511891,NA,NA
"05-RD-353624","NAPA Transportation, Inc.","Region 05, Baltimore, Maryland","Open","10/28/2024","","","Richmond","VA","","","","",NA,NA,"Warehouse Employees Local Union No. 322 a/w International Brotherhood of Teamsters, AFL-CIO, CLC",NA,"",NA,"",NA,NA,NA,"",NA,"","","","","","",17,"","","Included: All full time and part time employees at the Richmond facility.

Excluded: All managers and supervisors as defined in the Act.",NA,37.524246,-77.493157,"Richmond, VA 23218",1,"place","TIGER/Line® dataset from the US Census Bureau","Richmond","Richmond City","VA","23218","US",1,37.3444931386176,-77.3981667404979,NA,NA
"05-RD-384944","District Hospital Partners, LP d/b/a The George Washington University Hospital","Region 05, Baltimore, Maryland","Open","04/15/2026","","","Washington","DC","","","","",NA,NA,"District of Columbia Nurses Association",NA,"",NA,"",NA,NA,NA,"",NA,"","","","","","",680,"","","Included: All full-time, regular part-time, and PRN registered nurses employed by the Employer at The George Washington University Hospital currently located at 900 23rd Street NW, Washington, DC.

Excluded: All other employees, including registered nurses working at any of the Employer's facilities other than its facility located at 900 23rd Street NW, Washington, DC; Case Manager (RN/LIC); Clinical Program Supervisor; Clinical Nurse Educator; Education Coordinator; Lead Clinical Coordinator; LPN/LVN; Nurse Practitioner; Nurse Navigator, Breast Cancer Center; Nurse Navigator, Offsite; RN - Seasonal/Temp; RN Transplant at the Employer's facility located at 2131 K St., NW, Washington, DC 20037; RN Radiology; Senior Clinical Coordinator; Supervisor - Operating Room; Trauma Coordinator 9non-RN); VAD Coordinator; office clerical employees, guards, and supervisors as defined in the Act.

Voting Unit (Unit B): Administrator - Women's Services; Clinical Supervisor; RN Acute Pain; Bariatric Coordinator; Lactation Consultant; Nurse Navigator; RN Diagnostic Radiology; Transfer Coordinator; Transport; and Trauma Coordinator",NA,38.911936,-77.016719,"Washington, DC 20001",1,"place","TIGER/Line® dataset from the US Census Bureau","Washington","District of Columbia","DC","20001","US",1,38.7067807065428,-76.8113553389492,NA,NA
"05-RD-385547","Wyndham Vacation Ownership, Inc.","Region 05, Baltimore, Maryland","Open","04/23/2026","","","Oxon Hill","MD","","","","",NA,NA,"International Union of Operating Engineers Local 99",NA,"",NA,"",NA,NA,NA,"",NA,"","","","","","",11,"","","Included: Maintenance Technician I, Maintenance Technician II, Maintenance Technician III, Maintenance Supervisor, and Groundskeeper employed by the Employer at 2b.

Excluded: All other employees, confidential employees, clerical employees, professional employees, guards,and supervisors as defined in the Act.",NA,38.806809,-76.995859,"Oxon Hill, MD 20745",1,"place","TIGER/Line® dataset from the US Census Bureau","Oxon Hill","Prince George's County","MD","20745","US",1,38.3358121526238,-76.804270159087,NA,NA
"05-RM-329061","Wright of Virginia, LLC","Region 05, Baltimore, Maryland","Open","10/31/2023","","","Verona","VA","","","","",NA,NA,"LIUNA Local Union 202R",NA,"",NA,"",NA,NA,NA,"",NA,"","","","","","",41,"","","Included: All full-time and regular part-time traffic flaggers at the Employer’s location at 727 Lee Highway, Verona, Virginia 24482.

Excluded: Office clericals, professionals, management and confidential employees, guards and supervisors under the Act.",NA,38.210585,-78.989369,"Verona, VA 24482",1,"place","TIGER/Line® dataset from the US Census Bureau","Verona","Augusta County","VA","24482","US",1,37.9808035739763,-78.706613799016,NA,NA
"05-RM-330777","Shure-Line Construction, Inc.","Region 05, Baltimore, Maryland","Open","11/27/2023","","","Kenton","DE","","","","",NA,NA,"International Association of Bridge, Structural, Ornamental and Reinforcing Iron Workers",NA,"",NA,"",NA,NA,NA,"",NA,"","","","","","",6,"","","Included: All full time and regular part-time iron workers, equipment operators, crane operators, and general foremen employed by the Employer in its structural steel division who are assigned to work in the field.

Excluded: All other employees, employees assigned to work in the Employer's shops, drivers, office clerical employees, professional employees, guards and supervisors as defined in the Act.",NA,39.225855,-75.668556,"Kenton, DE 19955",1,"place","TIGER/Line® dataset from the US Census Bureau","Kenton","Kent County","DE","19955","US",1,39.1855348361745,-75.8841250563377,NA,NA
"05-RM-353609","New Virginia Majority","Region 05, Baltimore, Maryland","Open","10/28/2024","","","Alexandria","VA","","","","",NA,NA,"NVM Nova Canvassers Union/IWW",NA,"",NA,"",NA,NA,NA,"",NA,"","","","","","",42,"","","Included: Canvassers at all 3 Virginia offices.

Excluded: All other classifications.",NA,38.819853,-77.059645,"Alexandria, VA 22301",1,"place","TIGER/Line® dataset from the US Census Bureau","Alexandria","Alexandria City","VA","22301","US",1,39.1039332459978,-76.9752190228016,NA,NA
"05-RM-371663","Stockton Maintenance Group, LLC","Region 05, Baltimore, Maryland","Open","08/19/2025","","","Vienna","VA","","","","",NA,NA,"Service Employees International Union Local 32 BJ",NA,"",NA,"",NA,NA,NA,"",NA,"","","","","","",65,"","","Included: All full-time and regular part-time Janitorial Employees at the Navy Federal Credit Union, 820 Follin Ln SE, Vienna, VA 22180 location.

Excluded: All officers, directors, office clericals, supervisors, managers, guards, confidential employees, and all other employees excluded by the act.",NA,38.897361,-77.253749,"Vienna, VA 22180",1,"place","TIGER/Line® dataset from the US Census Bureau","Vienna","Fairfax County","VA","22180","US",1,39.066890018458,-77.4106773355493,NA,NA
"05-RM-389158","PNGI Charles Town Gaming, LLC","Region 05, Baltimore, Maryland","Open","06/22/2026","","","Charles Town","WV","","","","",NA,NA,"Local 947, International Brotherhood of Service Workers, AFL-CIO",NA,"",NA,"",NA,NA,NA,"",NA,"","","","","","",16,"","","Included: All Assistant Starter Gate Crew Members.

Excluded: All other employees.",NA,39.28899,-77.85972,"Charles Town, WV 25414",1,"place","TIGER/Line® from the US Census Bureau","Charles Town","Jefferson County","WV","25414","US",1,39.6866085775828,-78.2130956341785,NA,NA
"05-RM-392491","Mid-Atlantic Division of Kroger Limited Partnership I","Region 05, Baltimore, Maryland","Open","08/07/2026","","","Virginia Beach","VA","","","","",NA,NA,"United Food and Commercial Workers Local 400",NA,"",NA,"",NA,NA,NA,"",NA,"","","","","","",167,"","","All full-time and regular part-time employees, employed by the Employer at its facility located at
3901 Holland Road, Virginia Beach, Virginia 23452; excluding all Store Management and
Department Leaders, Pharmacists, Pharmacy Technicians, Wine Specialists, Demonstrators,
Professional Employees, Office Clerical Employees, Confidential Employees, Guards and
Supervisors as defined by the Act.
",NA,36.844004,-76.12036,"Virginia Beach, VA 23450",1,"place","TIGER/Line® from the US Census Bureau","Virginia Beach","Virginia Beach City","VA","23450","US",1,36.5680895088457,-76.1872689057483,NA,NA
"05-UD-389440","HBC Management Services, Inc.","Region 05, Baltimore, Maryland","Open","06/25/2026","","","Urbana","MD","","","","",NA,NA,"Union Rights for Security Officers",NA,"",NA,"",NA,NA,NA,"",NA,"","","","","","",48,"","","Included: All armed and unarmed officers.

Excluded: All office personal, management, Project manager.",NA,39.443551,-77.33294,"Urbana, MD 21701",1,"place","TIGER/Line® from the US Census Bureau","Urbana","Frederick County","MD","21701","US",1,39.1258048769338,-77.0574756596541,NA,NA
"05-UD-390841","Universal Protection Service d/b/a Allied Universal Security Services","Region 05, Baltimore, Maryland","Open","07/17/2026","","","Washington","DC","","","","",NA,NA,"United Government Security Officers of America, Local 44",NA,"",NA,"",NA,NA,NA,"",NA,"","","","","","",46,"","","Included: All armed Protective Security Officers (PSO) employed by the Company performing guard duties as defined by Section 9(b)(3) of the National Labor
Relations Act, assigned to ICE Headquarters under Contract No. HSHQEC-
12-D-0001 6, excluding office clerical employees, managerial personnel,
probationary employees as defined by the collective-bargaining agreement,
persons enrolled or participating in pre-hire training programs, supervisors as defined by the National Labor Relations Act, and all other personnel.",NA,38.911936,-77.016719,"Washington, DC 20001",1,"place","TIGER/Line® from the US Census Bureau","Washington","District of Columbia","DC","20001","US",1,39.0623137520265,-76.5557420549965,NA,NA
"06-RC-350334","Greco Steel Products, Inc.","Region 06, Pittsburgh, Pennsylvania","Open","09/12/2024","","","Springdale","PA","A","Single Labor Organization","Initial","10/02/2024",18,NA,"International Association of Bridge, Structural, Ornamental and Reinforcing Iron Workers",9,"",NA,"",NA,7,16,"",1,"","International Association of Bridge, Structural, Ornamental and Reinforcing Iron Workers","All full-time and regular part-time field Iron Workers and Laborers working out of the Employer's Springdale, Pennsylvania facility; excluding all office clerical employees, shop and fabrication employees, drivers, janitorial employees, maintenance employees, salaried employees, and guards, and professional employees and supervisors as defined by the Act.  

The parties have agreed that the crane operators may vote in the election, but their ballots will be challenged since their eligibility has not been resolved.  No decision has been made regarding whether the individuals in this classification or group are included in, or excluded from, the bargaining unit.  The eligibility or inclusion of these individuals will be resolved, if necessary, following the election.","","","",17,"","International Association of Bridge, Structural, Ornamental and Reinforcing Iron Workers","Included: All full-time and regular part-time field employees engaged in erection and installation.

Excluded: All salaried employees, professional employees, shop and fabrication employees, drivers, clerical employees, managerial employees, guards, and supervisors as defined by the Act.",18,40.5409,-79.78394,"Springdale, PA 15144",1,"place","TIGER/Line® dataset from the US Census Bureau","Springdale","Allegheny County","PA","15144","US",1,40.6552971774727,-79.4779818232698,NA,NA
"06-RC-369939","MHM Health Professionals, LLC d/b/a Centurion Health","Region 06, Pittsburgh, Pennsylvania","Open","07/23/2025","","","Cumberland","MD","","","","",NA,NA,"American Federation of State, County & Municipal Employees Maryland Council 3",NA,"",NA,"",NA,NA,NA,"",NA,"","","","","","",66,"","American Federation of State, County & Municipal Employees Maryland Council 3","Included:

All Registered Nurses, Licensed Practical Nurses, Medical Records Clerks, Certified Nursing
Assistants, Mental Health Technicians, Administrative Assistants, Activity Therapists,
Phlebotomists, Infection Control RNs, LPN Off-Site Care Coordinators, SUD Licensed Practical
Nurses, Lead Medication LPNs, Registered Nurse MHs, Specialty Clinic Clerks, Clerks, CNAs,
Charge RNs, Internal Auditor/Health Care Analysts, CAN (Telepsych), RN Case Managers, LPN
Meds, and Schedulers employed by Centurion Health assigned to the North Branch Correctional
Institution and Western Correctional Institution.

Excluded:
 Physicians, Psychiatrists, Health Services Administrators, Nurse Practitioners,
Registered Health Information Administrators, Medical Directors, Regional Directors of Nursing,
and all confidential, supervisory, or managerial employees.",60,39.580691,-78.690593,"Cumberland, MD 21501",1,"place","TIGER/Line® dataset from the US Census Bureau","Cumberland","Allegany County","MD","21501","US",1,39.4012363583505,-78.9998785943833,NA,NA
"06-RC-382228","Pennsylvania American Water Company","Region 06, Pittsburgh, Pennsylvania","Open","03/03/2026","","","Pittsburgh","PA","A","Two Labor Organizations","Initial","05/14/2026",127,NA,"Pennsylvania American Water Independent Union",29,"Pennsylvania American Water Independent Union",88,"",NA,2,119,"",NA,"","Pennsylvania American Water Independent Union","Included: All production, maintenance, and clerical employees employed by the Employer at its Distribution Center, Meter Shop, and Treatment Plants in Bethel Park, Greentree, Pittsburgh, Aldrich, and Becks Run-Hays Mine facilities.

Excluded: All confidential secretaries, executives, guards and supervisors as defined in the Act.","","","",3,"","Pennsylvania American Water Independent Union","Included: All production, maintenance and clerical employees at the following locations: Bethel Park, Carnegie, Finleyville and Pittsburgh, PA

Excluded: All confidential secretaries, supervisors, guards and executives",127,40.47441,-79.950968,"Pittsburgh, PA 15201",1,"place","TIGER/Line® dataset from the US Census Bureau","Pittsburgh","Allegheny County","PA","15201","US",1,40.8123120222928,-80.4508943770878,NA,NA
"06-RC-391495","The Ziegenfelder Company","Region 06, Pittsburgh, Pennsylvania","Open","07/27/2026","","","Wheeling","WV","","","","",NA,NA,"IUPAT, District Council 53",NA,"",NA,"",NA,NA,NA,"",NA,"","","","","","",8,"","","Included:

All quality assurance technicians in Wheeling, WV.

Excluded:",NA,40.102703,-80.647599,"Wheeling, WV 26003",1,"place","TIGER/Line® from the US Census Bureau","Wheeling","Ohio County","WV","26003","US",1,39.9940255862198,-80.1612550404208,NA,NA
"06-RC-391924","Pittsburgh Symphony Orchestra","Region 06, Pittsburgh, Pennsylvania","Open","07/30/2026","","","Pittsburgh","PA","","","","",NA,NA,"I.A.T.S.E Local 862",NA,"",NA,"",NA,NA,NA,"",NA,"","","","","","",20,"","","Included: All full-time and regular part-time Patron Services Representatives employed by the Pittsburgh Symphony, Inc. 

Excluded: All other employees, managers, confidential employees, and guards, and professional employees and supervisors as defined by the Act.
",NA,40.47441,-79.950968,"Pittsburgh, PA 15201",1,"place","TIGER/Line® from the US Census Bureau","Pittsburgh","Allegheny County","PA","15201","US",1,40.4165425267758,-79.8461853674479,NA,NA
"06-RC-392467","Peoples Natural Gas Company, LLC","Region 06, Pittsburgh, Pennsylvania","Open","08/07/2026","","","Pittsburgh","PA","","","","",NA,NA,"Utility Workers Union of America, AFL-CIO, Local 612",NA,"",NA,"",NA,NA,NA,"",NA,"","","","","","",5,"","","Included:

Automation Technician Department Employees

Excluded:

Confidential secretaries, guards and executives
",NA,40.47441,-79.950968,"Pittsburgh, PA 15201",1,"place","TIGER/Line® from the US Census Bureau","Pittsburgh","Allegheny County","PA","15201","US",1,40.4940952579247,-79.6036756051571,NA,NA
"06-RD-389344","Braeburn Alloy Steel LLC","Region 06, Pittsburgh, Pennsylvania","Open","06/24/2026","","","Lower Burrell","PA","","","","",NA,NA,"USW Local 1324-03",NA,"",NA,"",NA,NA,NA,"",NA,"","","","","","",11,"","","Included: 

All hourly production and maintenance employees Excluded: Supervisory and clerical employees.

Excluded:

Managers and Clerical workers.",NA,40.553123,-79.75727,"Lower Burrell, PA 15068",1,"place","TIGER/Line® from the US Census Bureau","Lower Burrell","Westmoreland County","PA","15068","US",1,40.4237659861486,-80.0446044777618,NA,NA
"06-RD-390577","Lenzner Lines LLC","Region 06, Pittsburgh, Pennsylvania","Open","07/13/2026","","","Sewickley","PA","","","","",NA,NA,"General Teamsters, Chauffers, and Helpers, Local 249",NA,"",NA,"",NA,NA,NA,"",NA,"","","","","","",3,"","","Included:

All full-time and regular part-time charter drivers, mechanics and cleaners.

Excluded:

All office clerical employees, guards, professional employees, and supervisors as defined in the act.",NA,40.568133,-80.146809,"Sewickley, PA 15143",1,"place","TIGER/Line® from the US Census Bureau","Sewickley","Allegheny County","PA","15143","US",1,40.7473682162302,-79.7923944417291,NA,NA
"06-RM-350348","Greco Steel Products, Inc.","Region 06, Pittsburgh, Pennsylvania","Open","09/12/2024","","","Springdale","PA","","","","",NA,NA,"Int'l Assn. of Iron Workers, Local 3",NA,"",NA,"",NA,NA,NA,"",NA,"","","","","","",16,"","","Included: All full-time and regular part-time Field Iron Workers.

Excluded: All other employees, including but not limited to salaried employees,
janitorial employees, maintenance employees, professional employees, office
clerical employees, guards, and supervisors as defined by the Act.",NA,40.5409,-79.78394,"Springdale, PA 15144",1,"place","TIGER/Line® dataset from the US Census Bureau","Springdale","Allegheny County","PA","15144","US",1,40.9088877275135,-80.1128074124051,NA,NA
"07-RC-316456","Models and Tools","Region 07, Detroit, Michigan","Open","04/18/2023","","","Shelby","MI","","","","",NA,NA,"",NA,"",NA,"",NA,NA,NA,"",NA,"","","","","","",107,"","","Included: All employees employed by Models and Tools

Excluded:  all other employees, supervisors, managers, clerical, confidential",NA,43.638343,-86.349283,"Shelby, MI 49455",1,"place","TIGER/Line® dataset from the US Census Bureau","Shelby","Oceana County","MI","49455","US",1,44.0964885849111,-86.687798100535,NA,NA
"07-RC-318095","New World Communications of Detroit, Inc., d/b/a Fox Television STATIONS, LLC (WJBK-TV)","Region 07, Detroit, Michigan","Open","05/10/2023","","","Southfield","MI","","","","",NA,NA,"National Association of Broadcast Employees and Technicians - Communications Workers of America (NABET-CWA) , AFL-CIO",NA,"",NA,"",NA,NA,NA,"",NA,"","","","","","",20,"","","Included: Armour-Globe election to include Producers and Per Diem Writers in existing unit 

Excluded: web team, assignment desk, sports producers, and all other excluded employees",NA,42.496949,-83.291078,"Southfield, MI 48034",1,"place","TIGER/Line® dataset from the US Census Bureau","Southfield","Oakland County","MI","48034","US",1,42.8950198261952,-83.4077282500419,NA,NA
"07-RC-347276","Webasto Roof Systems Inc.","Region 07, Detroit, Michigan","Open","07/29/2024","","","Plymouth","MI","A","Single Labor Organization","Initial","09/10/2024",607,1,"International Union, United Automobile, Aerospace and Agricultural Implement Workers of America (UAW), AFL-CIO",251,"",NA,"",NA,260,511,"",NA,"","","All full-time and regular part-time production, maintenance, and quality employees including maintenance operators, maintenance support employees, maintenance technician mechanics, manufacturing engineer (ME) support process technologists, ME technician process technologists, production operators, production operators (multiskilled), production shift team leader 1s, quality inspectors, quality support employees, quality technicians, quality technicians (laboratory), quality technicians (metrology), supply chain management (SCM) associate material handling (cycle count), SCM associates (material handling), SCM material handlers, SCM line feeders, SCM shift TL 1 material handlers, and site service technicians employed by the Employer at or out of its facility located at 14200 North Haggerty Road, Plymouth, Michigan; but excluding all confidential employees, managerial employees, professional employes and guards and supervisors as defined in the Act, and all other employees.","","","",525,"","","Included: All hourly full time and regular part time production and Maintenace employees at Webasto- Detroit Plant at 14200 North Haggerty Road in Plymouth, Michigan and the Hearn plant at 37300 Ecorse Road Ste 200 in Romulus, Michigan

Excluded: All office, clerical employees, professional employees, guards and supervisors defined by Act.",607,42.366737,-83.489679,"Plymouth, MI 48170",1,"place","TIGER/Line® dataset from the US Census Bureau","Plymouth","Wayne County","MI","48170","US",1,42.8479799351732,-83.1759619858437,NA,NA
"07-RC-349280","Action Plumbing & Heating Inc.","Region 07, Detroit, Michigan","Open","08/23/2024","","","Clio","MI","A","Single Labor Organization","Rerun","07/29/2026",10,NA,"Local 370, Plumbers Pipefitters, Welders and Service Trades",3,"",NA,"",NA,2,5,"",NA,"","Local 370, Plumbers Pipefitters, Welders and Service Trades","All full-time and regular part-time plumbers, HVAC-R service technicians, and apprentices employed by the Employer at or out of its facility located at 941 Tacoma Court, Clio, Michigan; but excluding all office clerical employees, professional employees, and guards and supervisors as defined in the Act, and all other employees.","","","",6,"","Local 370, Plumbers Pipefitters, Welders and Service Trades","Includd: All full-time and regular part-time plumbers, HVAC-R service technicians, and
apprentices employed by the Employer at its Clio, Michigan facility.

Excluded: All other employees, office clerical employees, professional employees, guards and
supervisors as defined by the Act.",10,43.170497,-83.707374,"Clio, MI 48420",1,"place","TIGER/Line® dataset from the US Census Bureau","Clio","Genesee County","MI","48420","US",1,43.3106303019603,-83.8512300483512,NA,NA
"07-RC-351974","ElringKlinger Automotive Manufacturing, Inc.","Region 07, Detroit, Michigan","Open","09/25/2024","","","Southfield","MI","A","Single Labor Organization","Initial","07/31/2025",116,NA,"International Union, United Automobile, Aerospace and Agricultural Implement Workers of America (UAW), AFL-CIO",59,"",NA,"",NA,59,118,"",NA,"","","Including: All full-time and regular part-time production, maintenance and plant clerical employees, including all Bonding Operators, Stamping Press Operators, Mueko Operators, Wash Operators, Tooling Planners, Blow-off Operators, Maintenance Techs, Die Setters, Tool Repair Operators, Prototype Technicians, Quality Inspection Employees, Quality Measurement Technicians, Small Ops Operators, Maintenance Planners, Tool Makers, CNC Operators, Calibration Technicians, Receiving Specialists, Dispatch Administrators, Hardbonding Operators, EDM Operators, Cycle Counters, and Facility Employees. 

Excluding: All office clerical employees, temporary employees, and guards, and supervisors within the meaning of the Act.  
","","","",110,"","","Included:  All full-time hourly employees.

Excluded:  All office, managers, supervisors, guards and temp employees.",116,42.496949,-83.291078,"Southfield, MI 48034",1,"place","TIGER/Line® dataset from the US Census Bureau","Southfield","Oakland County","MI","48034","US",1,42.9158103523729,-83.1270331583417,NA,NA
"07-RC-354144","Resource Recovery Systems, LLC, a subsidiary of Republic Services, Inc.","Region 07, Detroit, Michigan","Open","10/29/2024","","","Southfield","MI","","","","",NA,NA,"International Union, United Automobile, Aerospace and Agricultural Implement Workers of America (UAW), AFL-CIO",NA,"",NA,"",NA,NA,NA,"",NA,"","","","","","",18,"","","Included: All Full-time Hourly Workers

Excluded: All Supervisors, Managers, Office and Clerical, Security Guards, and Temp Workers",NA,42.496949,-83.291078,"Southfield, MI 48034",1,"place","TIGER/Line® dataset from the US Census Bureau","Southfield","Oakland County","MI","48034","US",1,42.8746005792124,-83.5672555332037,NA,NA
"07-RC-358624","DP World Contract Logistics US Inc.","Region 07, Detroit, Michigan","Open","01/21/2025","","","Detroit","MI","","","","",NA,NA,"International Union, United Automobile, Aerospace and Agricultural Implement Workers of America (UAW), AFL-CIO",NA,"",NA,"",NA,NA,NA,"",NA,"","","","","","",300,"","","Included: 
All Full Time Hourly Warehouse Workers.

Excluded: 
All Managers & Supervisors, All Office Personnel, Security Guards, & Temp W",NA,42.347021,-83.060184,"Detroit, MI 48201",1,"place","TIGER/Line® dataset from the US Census Bureau","Detroit","Wayne County","MI","48201","US",1,42.0780755127839,-83.3754792911332,NA,NA
"07-RC-365793","McLaren Oakland","Region 07, Detroit, Michigan","Open","05/15/2025","","","Pontiac","MI","","","","",NA,NA,"American Federation of State, County and Municipal Employees, AFL-CIO (AFSCME)",NA,"",NA,"",NA,NA,NA,"",NA,"","","","","","",232,"","","Involved: All full-time and regular part-time registered nurse employees, including casual nurses and contingent nurses employed by the Employer at or through the Employer's hospitals, facilities and campuses located at: 50 North Perry Street, Pontiac, Michigan, 48342, 385 N Lapeer Rd, Oxford, Ml 48371 and 6507 Town Center Dr# A, Village of Clarkston, Ml 48346. 

Excluded: Supervisors as defined in the Act, guards, confidential, and all other employees.",NA,42.670272,-83.289036,"Pontiac, MI 48340",1,"place","TIGER/Line® dataset from the US Census Bureau","Pontiac","Oakland County","MI","48340","US",1,42.9732090345175,-83.5541112244517,NA,NA
"07-RC-381722","Webasto Roof Systems, Inc.","Region 07, Detroit, Michigan","Open","02/20/2026","","","Plymouth","MI","A","Single Labor Organization","Initial","03/31/2026",473,5,"International Union, United Automobile, Aerospace and Agricultural Implement Workers of America (UAW), AFL-CIO",276,"",NA,"",NA,133,409,"",15,""," International Union, United Automobile, Aerospace and Agricultural Implement Workers of America, (UAW)","All  full-time and regular part-time production, maintenance, and quality employees including production operators, quality technicians, supply chain management (SCM) material handlers, production operators multiskilled, SCM line feeders, SCM support material handlers, SCM line feeders (Hi-lo), mechanical engineering (ME) technicians process technologies, site services technicians, quality technicians metrology, maintenance technicians mechanical, quality technicians laboratory, quality inspectors, SCM associate material handling, ME support process technologies, SCM associate material handling cycle count, production trainees, ME tooling technicians, and SCM material handling employees employed by the employer at its facility currently located at 14200 North Haggerty Road, Plymouth, Michigan, but excluding all confidential employes, managerial employees, professional employees and guards and supervisors as defined in the Act, and all other employees.","","","",400,""," International Union, United Automobile, Aerospace and Agricultural Implement Workers of America, (UAW)","Included: All hourly full time and regular part time production and maintenance employees at Webasto-Detroit plant at 14200 North Haggerty Road in Plymouth, Michigan. 

Excluded: all office, clerical employees, professional employees, guards and supervisors defined by Act.",473,42.366737,-83.489679,"Plymouth, MI 48170",1,"place","TIGER/Line® dataset from the US Census Bureau","Plymouth","Wayne County","MI","48170","US",1,42.8570313999041,-83.1960770696257,NA,NA
"07-RC-382248","Ground Effects LLC","Region 07, Detroit, Michigan","Open","02/27/2026","","","Flint (Charter Township)","MI","A","Single Labor Organization","Initial","04/01/2026",286,1,"International Union, United Auto Workers",134,"",NA,"",NA,124,258,"",2,"","International Union, United Automobile, Aerospace & Agricultural Implement Workers of America (UAW), AFL-CIO","Included: all full-time and regular part time production and maintenance employees employed by the Employer at or out of its facility located at 3435 Van Slyke Road, Flint, Michigan, including all General Laborers, Quality Assurance employees, Backup Quality Assurance employees, Quality Assurance CRD employees, Spray Booth Operators, Backup Spray Booth Operators, Yard Porters, Bedliner Repair employees, Tool Crib Attendants, Yard Leads, Backup Yard Leads, Accessory Installers, Production Team Leads, Maintenance Leaders, Janitors, Backup Janitors, Material Handlers, Maintenance Techs, and Shipping and Receiving employees; excluding all temporary employees, office clerical employees, confidential employees and guards and supervisors as defined in the Act.","","","",268,"","International Union, United Automobile, Aerospace & Agricultural Implement Workers of America (UAW), AFL-CIO","Included: All full-time and regular part-time production and maintenance employees

Excluded: All temporary employees, office clericals, supervisors, guards, confidential employees",286,42.965926,-83.780835,"Flint, MI 48501",1,"place","TIGER/Line® dataset from the US Census Bureau","Flint","Genesee County","MI","48501","US",1,42.5452856797157,-83.5777038088004,NA,NA
"07-RC-382718","Axalta Coating Systems","Region 07, Detroit, Michigan","Open","03/11/2026","","","Mount Clemens","MI","","","","",NA,NA,"International Union, United Automobile, Aerospace and Agricultural Implement Workers of America (UAW), AFL-CIO",NA,"",NA,"",NA,NA,NA,"",NA,"","","","","","",254,"","","included: 
?ll Full/PT ?ime Hourly Prod, Maint, Warehouse, TankFm, Lab, Resin, Disp Workers 


Excluded: 
?ll Managers, Supervisors, Office Personnel, Security, Contractors & Temp Workers",NA,42.597984,-82.877669,"Mount Clemens, MI 48043",1,"place","TIGER/Line® dataset from the US Census Bureau","Mount Clemens","Macomb County","MI","48043","US",1,42.4617860546641,-82.4258081311623,NA,NA
"07-RC-383539","McLaren Port Huron","Region 07, Detroit, Michigan","Open","03/23/2026","","","Port Huron","MI","A","Single Labor Organization","Initial","05/04/2026",230,NA,"Local 925, American Federation of State, County and Municipal Employees (AFSCME), AFL-CIO",96,"",NA,"",NA,52,163,"",15,"","AFSCME Michigan Organizing Committee 925, AFL-CIO","","","","",444,"","AFSCME Michigan Organizing Committee 925, AFL-CIO","All full-time, part-time, and casual Charge Registered Nurses, Registered Nurses, Case Managers, and Emergency Psychiatric Ser?ices Workers. 


Excluded: ?ll other full-time, part-time, and casual job class?fications not ?isted abo?e, including, but not limited to, Security Officers, Managerial, Conf?dential, and Super?isory personnel.",230,42.984014,-82.467461,"Port Huron, MI 48060",1,"place","TIGER/Line® dataset from the US Census Bureau","Port Huron","St. Clair County","MI","48060","US",1,43.3556010378073,-82.559063899367,NA,NA
"07-RC-383609","McLaren Port Huron Hospital","Region 07, Detroit, Michigan","Open","03/23/2026","","","Port Huron","MI","A","Single Labor Organization","Initial","05/05/2026",444,NA,"Local 925, American Federation of State, County and Municipal Employees (AFSCME), AFL-CIO",232,"",NA,"",NA,80,334,"",22,"","AFSCME Michigan Organizing Committee 925, AFL-CIO","Included: All full-time and regular part-time housekeepers I and II, laboratory support specialists, laboratory technical assistants, nurse assistants, patient safety associates, pharmacy technicians II, psychiatric technicians, telemetry technicians, and unit assistants’ employed by the Employer at its facility currently located at 1221 Pine Grove Ave., Port Huron, Michigan.

Excluded: All managerial employees, confidential employees, professional employees, including registered nurses, and guards and supervisors as defined in the Act, and all other employees.
","","","",230,"","AFSCME Michigan Organizing Committee 925, AFL-CIO","All full-time, part-time, and casual Certified Nurse Aides, Housekeepers, Laboratory Technical Assistants, Laboratory Technical Scientists, Nurse Aides, Patient Safety Associates/ Sitters, Pharmacy Technicians, Phlebotomists, Physical Therapy Aides, Psychiatric Technicians, Telemetry Technicians, and Unit Secretaries. 

Excluded: All other full-time, part-time, and casual job classifications not Listed above, including, but not limited to, Registered Nurses, Security Officers, Managerial, Conf?dential, and Supervisory personnel.",444,42.984014,-82.467461,"Port Huron, MI 48060",1,"place","TIGER/Line® dataset from the US Census Bureau","Port Huron","St. Clair County","MI","48060","US",1,43.2120351222824,-82.7209729864624,NA,NA
"07-RC-384206","St. Joseph Mercy Chelsea, Inc.","Region 07, Detroit, Michigan","Open","04/03/2026","","","Chelsea","MI","","","","",NA,NA,"Michigan Nurses Association (MNA)",NA,"",NA,"",NA,NA,NA,"",NA,"","","","","","",373,"","","Included: All full-time, regular part-time, and per diem registered nurses employed by the
employer at its facilities located at 775 S. Main St., Chelsea, MI 48118 and 14650 East Old 12,
Chelsea, MI 48118.
Excluded: Guards and supervisors as defined in the Act, and all other employees.",NA,42.31375,-84.013999,"Chelsea, MI 48118",1,"place","TIGER/Line® dataset from the US Census Bureau","Chelsea","Washtenaw County","MI","48118","US",1,42.211165765794,-83.6803441581262,NA,NA
"07-RC-386420","Bronson-Acadia Joint Venture, LLC","Region 07, Detroit, Michigan","Open","05/01/2026","","","Battle Creek","MI","","","","",NA,NA,"Local 459, Office and Professional Employees International Union (OPEIU), AFL-CIO",NA,"",NA,"",NA,NA,NA,"",NA,"","","","","","",51,"","","Included: Full-Time, Part-Time and PRN Registered Nurses

Excluded: Supervisors",NA,42.303041,-85.13044,"Battle Creek, MI 49014",1,"place","TIGER/Line® dataset from the US Census Bureau","Battle Creek","Calhoun County","MI","49014","US",1,42.5102918160491,-84.9036523197056,NA,NA
"07-RC-386483","Devine Electric LLC","Region 07, Detroit, Michigan","Open","04/29/2026","","","South Lyon","MI","A","Single Labor Organization","Initial","06/11/2026",19,NA,"Local 252, International Brotherhood of Electrical Workers (IBEW), AFL-CIO",7,"",NA,"",NA,5,NA,"",6,"Y","","","","","",21,"","","Included: Ail full-time and regular part-time electrical workers including apprentices and
journeypersons employed by the employer.

Excluded: supervisors and guards as defined by the Act and all other employees.",19,42.474564,-83.612188,"South Lyon, MI 48178",1,"place","TIGER/Line® dataset from the US Census Bureau","South Lyon","Oakland County","MI","48178","US",1,42.6336024198353,-83.5527680935347,NA,NA
"07-RC-387654","Circle K Stores, Inc.","Region 07, Detroit, Michigan","Open","05/19/2026","","","Sault Sainte Marie","MI","","","","",NA,NA,"Local 1473, United Food and Commercial Workers International Union (UFCW), CLC",NA,"",NA,"",NA,NA,NA,"",NA,"","","","","","",9,"","","Included: ??? full-time and regular part-tirne employees at its 942 W. Portage Ave., Sault Ste. Marie, Michigan location.

Excluded: ??? managerial employees, confidential employees, office clerical employees, and guards and supervisors, as defined by the Act.",NA,46.4953,-84.345317,"Sault Sainte Marie, MI 49783",1,"place","TIGER/Line® from the US Census Bureau","Sault Sainte Marie","Chippewa County","MI","49783","US",1,46.8903451081619,-84.1187622509321,NA,NA
"07-RC-387764","DTE Electric Company","Region 07, Detroit, Michigan","Open","05/20/2026","","","Newport","MI","","","","",NA,NA,"Local 223, Utility Workers Union of America (UWUA), AFL-CIO",NA,"",NA,"",NA,NA,NA,"",NA,"","","","","","",12,"","","Included:  
1. Principal Engineer-Nuclear—-Strategic-Elec/Ins
2. Lead Engineer-Nuclear-Strategic-Elec/Ins
3. Staff Engineer-Nuclear-Strategic-Elec/Ins
4. Technical Expert-Nuclear—Strategic-Elec/Ins
5. Senior Engineer-Nuclear— Strategic-Elec/Ins

Excluded: Managers, Supervisors, Guards, other employees not listed above.",NA,42.00227,-83.30854,"Newport, MI 48166",1,"place","TIGER/Line® from the US Census Bureau","Newport","Monroe County","MI","48166","US",1,41.9096773599186,-83.048925818528,NA,NA
"07-RC-389079","Keyes Refrigeration, Inc.","Region 07, Detroit, Michigan","Open","06/17/2026","","","Grand Rapids","MI","","","","",NA,NA,"Michigan Pipe Trades Association an Affiliate of Journeymen and Apprentices of the Plumbing and Pipefitting Industry, of the United States and Canada, AFL-CIO",NA,"",NA,"",NA,NA,NA,"",NA,"","","","","","",30,"","","Included: All full time and regular part time Refrigeration Service Technicians and HVAC Service Technicians employed by the Employer
out of its office currently located at 5075 Clay Ave. SW, Grand Rapids, MI 49548.

Excluded: All other employees, professional employees, clericals, guards, supervisors and managerial employees as defined by the Act.",NA,42.956176,-85.660693,"Grand Rapids, MI 49503",1,"place","TIGER/Line® from the US Census Bureau","Grand Rapids","Kent County","MI","49503","US",1,42.6745385823818,-85.5033274306208,NA,NA
"07-RC-389330","Autokiniton / Jaytec","Region 07, Detroit, Michigan","Open","06/18/2026","","","Milan","MI","A","Single Labor Organization","Initial","07/21/2026",185,NA,"International Union, United Automobile, Aerospace and Agricultural Implement Workers of America",136,"",NA,"",NA,12,148,"",NA,"","International Union, United Automobile, Aerospace & Agricultural Implement Workers of America (UAW), AFL-CIO","Included:   All full-time and regular part-time production and maintenance employees employed by the Employer at its facility currently located at 620 South Platt Road, Milan, Michigan.

Excluded:  All managers, office clerical employees, temporary employees, guards and supervisors as defined in the Act, and all other employees.  
","","","",198,"","International Union, United Automobile, Aerospace & Agricultural Implement Workers of America (UAW), AFL-CIO","Included:
All hourly full-time and regular part-time production and maintenance employees at Autokinition Jaytec Milan.

Excluded: All office, clerical employees, professional employees, guards and supervisors defined by the Act.
",185,42.08532,-83.68244,"Milan, MI 48160",1,"place","TIGER/Line® from the US Census Bureau","Milan","Washtenaw County","MI","48160","US",1,41.7639953388587,-83.8699659284861,NA,NA
"07-RC-389672","Frontier Service Partners, Inc. d/b/a Haley Mechanical","Region 07, Detroit, Michigan","Open","06/26/2026","","","Dexter","MI","","","","",NA,NA,"Local 190, United Association of Journeymen and Apprentices of the Plumbing and Pipe Fitting Industry of the United States and Canada (PPF), AFL-CIO",NA,"",NA,"",NA,NA,NA,"",NA,"","","","","","",13,"","","Included: All full time and regular part time plumbers, plumber foremen, plumber apprentices, plumber trainees and plumber helpers employed by the employer at its facility currently located at 8415 Dexter- Chelsea Road, Dexter, Mi 48103

Excluded: A
ll other employees, clericals. guards, professional employees, managerial employees and supervisors as defined by the Act.",NA,42.353887,-83.898295,"Dexter, MI 48130",1,"place","TIGER/Line® from the US Census Bureau","Dexter","Washtenaw County","MI","48130","US",1,42.7528482625446,-83.469789237287,NA,NA
"07-RC-390084","Lennox National Account Services LLC","Region 07, Detroit, Michigan","Open","06/29/2026","","","Livonia","MI","A","Single Labor Organization","Initial","08/13/2026",6,NA,"Local 636, Pipefitters, Steamfitters, Refrigeration and Air Conditioning Service",4,"",NA,"",NA,1,6,"",1,"","Local 636, Pipefitters, Steamfitters, Refrigeration and Air Conditioning Service","","","","",6,"","Local 636, Pipefitters, Steamfitters, Refrigeration and Air Conditioning Service","Included: All Full time and regular part time Service Technicians and Service Apprentices employed by the
Employer out of its facility currently located at 37671 Schoolcraft Rd, Livonia, MI 48150.

Excluded: All other employees, clericals, guards, professional employees, managerial employees and
supervisors as defined by the Act.",6,42.369351,-83.371753,"Livonia, MI 48150",1,"place","TIGER/Line® from the US Census Bureau","Livonia","Wayne County","MI","48150","US",1,42.3315579816105,-83.8107456043805,NA,NA
"07-RC-390740","PACE Southeast Michigan","Region 07, Detroit, Michigan","Open","07/15/2026","","","Dearborn","MI","","","","",NA,NA,"Local 337, International Brotherhood of Teamsters (IBT)",NA,"",NA,"",NA,NA,NA,"",NA,"","","","","","",11,"","","Included: Drivers, Lead Drivers

Excluded: management, office staff, etc. non-drivers",NA,42.310037,-83.177625,"Dearborn, MI 48120",1,"place","TIGER/Line® from the US Census Bureau","Dearborn","Wayne County","MI","48120","US",1,42.5696738680242,-82.7829273773711,NA,NA
"07-RC-391058","Detroit Historical Society","Region 07, Detroit, Michigan","Open","07/17/2026","","","Detroit","MI","","","","",NA,NA,"Local 925, American Federation of State, County and Municipal Employees (AFSCME), AFL-CIO",NA,"",NA,"",NA,NA,NA,"",NA,"","","","","","",50,"","","Included: Member Engagement Coordinator Visitor Experience Associate Membership
Experience Manager Visitor Experience Associate Supervisor Administrative Assistant -
Development Membership Database & Prospect Research Coordinator Corporate Gifts
Officer Events Specialist Events Supervisor Events Coordinator Hustle Project Senior
Manager Marketing & AV Intern Wayne County Project Marketing & PR Intern Docent
Group Tours and Programs Coordinator Education and Programs Coordinator
Curatorial Coordinator Oral History Hustle Intern Collections & Exhibitions Coordinator
AV Collections Associate Digitization Collections Coordinator Associate Manager for
Collections Registrar Exhibitions AV Associate Exhibitions Associate Wayne County
Project Researcher Wayne Country Project Coordinator Wayne County Project Intern
Graphic Designer Exhibition Installation Manager Wayne County Project Inter

Excluded: Confidential, Managerial and Supervisory as defined by the NLRA",NA,42.347021,-83.060184,"Detroit, MI 48201",1,"place","TIGER/Line® from the US Census Bureau","Detroit","Wayne County","MI","48201","US",1,42.0665973441268,-82.6600403743196,NA,NA
"07-RC-391079","Blue Compass RV","Region 07, Detroit, Michigan","Open","07/16/2026","","","Midland","MI","","","","",NA,NA,"Local 406, International Brotherhood of Teamsters (IBT)",NA,"",NA,"",NA,NA,NA,"",NA,"","","","","","",10,"","","Included: Detailers, Porters, Shop helpers, Service tech and Demo specialist

Excluded: Sales persons, parts advisors supervisors and managers",NA,43.626132,-84.33803,"Midland, MI 48640",1,"place","TIGER/Line® from the US Census Bureau","Midland","Midland County","MI","48640","US",1,43.2533061304081,-84.4425662995938,NA,NA
"07-RC-391125","Henry Ford St John Hospital","Region 07, Detroit, Michigan","Open","07/20/2026","","","Detroit","MI","","","","",NA,NA,"Michigan Association of Police",NA,"",NA,"",NA,NA,NA,"",NA,"","","","","","",23,"","","Included: All full time and part time safety and security officers.

Excluded: All supervisory personnel.",NA,42.347021,-83.060184,"Detroit, MI 48201",1,"place","TIGER/Line® from the US Census Bureau","Detroit","Wayne County","MI","48201","US",1,42.0892605839822,-82.7071263365779,NA,NA
"07-RC-392051","Bridgestone Retail Operations, LLC","Region 07, Detroit, Michigan","Open","07/31/2026","","","Wyoming","MI","","","","",NA,NA,"District 60, International Association of Machinists and Aerospace Workers (IAM), AFL-CIO",NA,"",NA,"",NA,NA,NA,"",NA,"","","","","","",4,"","","Included: All full-time and regular part-time technicians and lube technicians at the 651
28th Street SW Wyoming, MI location.

Excluded: All other employees and usual exclusions: office clerical, professional,
managerial, guards and supervisors as defined in the act",NA,42.897707,-85.692805,"Wyoming, MI 49509",1,"place","TIGER/Line® from the US Census Bureau","Wyoming","Kent County","MI","49509","US",1,42.519803826788,-86.1086361090432,NA,NA
"07-RC-392708","Solar Technology, LLC","Region 07, Detroit, Michigan","Open","08/11/2026","","","Hemlock","MI","","","","",NA,NA,"United Steel, Paper and Forestry, Rubber, Manufacturing, Energy, Allied Industrial and Service Workers International Union, AFL-CIO, CLC or United Steelworkers",NA,"",NA,"",NA,NA,NA,"",NA,"","","","","","",1200,"","","Included: All full-time and regular part-time hourly production, maintenance, quality and warehouse employees employed by the Employer at its facility in Hemlock, MI. 

Excluded: All other employees including temporary employees, agency and joint employees, salaried employees, employees employed by JA Solar Holdings, office clerical employees, managerial employees, professional employees, guards, and supervisors as defined in the Act",NA,43.428523,-84.230091,"Hemlock, MI 48626",1,"place","TIGER/Line® from the US Census Bureau","Hemlock","Saginaw County","MI","48626","US",1,43.2545091937258,-84.6468722461965,NA,NA
"07-RC-392744","Highland Tank","Region 07, Detroit, Michigan","Open","08/07/2026","","","Clarkston","MI","","","","",NA,NA,"Local 614, International Brotherhood of Teamsters (IBT)",NA,"",NA,"",NA,NA,NA,"",NA,"","","","","","",30,"","","Included: 
Fabricators and welders of metal tanks

Excluded: 0",NA,42.723851,-83.423242,"Clarkston, MI 48346",1,"place","TIGER/Line® from the US Census Bureau","Clarkston","Oakland County","MI","48346","US",1,42.5554465305006,-83.4913607312584,NA,NA
"07-RC-392816","Intersect Healthcare Of Cedar Springs","Region 07, Detroit, Michigan","Open","08/07/2026","","","Cedar Springs","MI","","","","",NA,NA,"Local 406, International Brotherhood of Teamsters (IBT)",NA,"",NA,"",NA,NA,NA,"",NA,"","","","","","",68,"","","Included: CNA's, Nurses, Dietary, Laundry, House Keeping and Maintenance

Excluded: Supervisors and Guards as defined by the Act",NA,43.175953,-85.514105,"Cedar Springs, MI 49319",1,"place","TIGER/Line® from the US Census Bureau","Cedar Springs","Kent County","MI","49319","US",1,42.8427992655507,-85.5759985211096,NA,NA
"07-RC-392844","U.S Foods","Region 07, Detroit, Michigan","Open","08/07/2026","","","Wixom","MI","","","","",NA,NA,"Local 337, International Brotherhood of Teamsters (IBT)",NA,"",NA,"",NA,NA,NA,"",NA,"","","","","","",3,"","","Included: truck builder, router-sr, router int",NA,42.520533,-83.549145,"Wixom, MI 48393",1,"place","TIGER/Line® from the US Census Bureau","Wixom","Oakland County","MI","48393","US",1,42.6821704417208,-83.1031749913846,NA,NA
"07-RD-336983","Starbucks","Region 07, Detroit, Michigan","Open","02/29/2024","","","Flint","MI","","","","",NA,NA,"Starbucks Workers United",NA,"",NA,"",NA,NA,NA,"",NA,"","","","","","",30,"","","Included:  All baristas and shift supervisors at store #8874

Excluded:  Store Manager",NA,42.965926,-83.780835,"Flint, MI 48501",1,"place","TIGER/Line® dataset from the US Census Bureau","Flint","Genesee County","MI","48501","US",1,43.4075967346682,-83.6217237633122,NA,NA
"07-RD-336987","Starbucks Corporation","Region 07, Detroit, Michigan","Open","02/29/2024","","","Flint","MI","","","","",NA,NA,"Workers United",NA,"",NA,"",NA,NA,NA,"",NA,"","","","","","",30,"","","Included: All baristas and shift supervisors at store #8874

Excluded: Store Manager",NA,42.965926,-83.780835,"Flint, MI 48501",1,"place","TIGER/Line® dataset from the US Census Bureau","Flint","Genesee County","MI","48501","US",1,42.7105315805776,-83.9852202214701,NA,NA
"07-RD-363449","Forest Lake Country Club","Region 07, Detroit, Michigan","Open","04/07/2025","","","Bloomfield Hills","MI","","","","",NA,NA,"",NA,"",NA,"",NA,NA,NA,"",NA,"","","","","","",20,"","","Included: Line Cook, Pantry Person, Halfway-House, Utility Worker, Bartender, Houseperson, Lockerroom Attendant.

Excluded: Remaining",NA,42.544534,-83.279231,"Bloomfield Hills, MI 48301",1,"place","TIGER/Line® dataset from the US Census Bureau","Bloomfield Hills","Oakland County","MI","48301","US",1,42.4168546573632,-82.9864252563634,NA,NA
"07-RD-380154","DMC Huron Valley Sinai Hospital","Region 07, Detroit, Michigan","Open","01/26/2026","","","Commerce Township","MI","","","","",NA,NA,"SEIU Healthcare Michigan, Service Employees International Union, CTW",NA,"",NA,"",NA,NA,NA,"",NA,"","","","","","",250,"","","Included all full-time; regular part-time, and per diem anesthesia assistance, anesthesia technicians, cardiac sonographers, care management technician, cat scan technicians, certified respiratory therapists, cooks ED technicians I, endoscopy technicians, food production specialists, food services aides, food services operations specialists, groundkeepers, groundkeeper coordinators, instrument technicians, interventional radiology technicians, LD cardiac catheterization (cath) lab technicians, LD cardiac sonographers, LD pharmacy technicians, mammography technologists, MRI technologists, nuclear medicine technologists, OB associates, OBS material management clerks, patient attendants safety employees, patient care associates, pharmacy technicians, physical therapists assistants, radiologic technologists, registered respiratory therapists, scheduler procedurals, special procedure technicians, senior instrument technicians, senior pharmacy technicians, stock control clerks, surgical technicians, telemetry technicians, transporters, ultrasound technologists, ultrasound/vascular technicians, unit clerks, and valets employed by the employer at its 1 William Carls Dr. commerce charter Township MI 48382 facility 

Excluded: all other classifications included but not limited to physicians, residents, registered nurses, other professionals, biomedical technicians, electricians maintenance technicians II, maintenance technicians III, painter/maintenance assists, business office clerk clerical employees, managers, confidential employees, and guards and supervisors as defined by the act
",NA,42.583382,-83.500878,"Commerce Township, MI 48382",1,"place","TIGER/Line® dataset from the US Census Bureau","Commerce Township","Oakland County","MI","48382","US",1,42.5776734103158,-83.1740925713177,NA,NA
"07-RD-380156","VHS Sinai-Grace Hospital","Region 07, Detroit, Michigan","Open","01/26/2026","","","Detroit","MI","","","","",NA,NA,"SEIU Healthcare Michigan",NA,"",NA,"",NA,NA,NA,"",NA,"","","","","","",300,"","","Included: All full-time, regular part-time and contingent (per diem) service and maintenance and
technical employees employed by the Hospital at its facility located at 6071 West Outer Drive,
Detroit, Michigan, Including anesthesia technicians, cardiac invasive specialist, cardiac
sonographers, care management technicians, CAT scan technologists, cert respiratory therapist,
certified O.T. assistants, dialysis equipment technicians, dispatchers patient transportation, ED
technicians, endoscopy technicians, hemodialysis technicians, information clerks, interventional
radiology technologists, lead care management technicians, lead CAT scan technologists, lead
mammography technologists, lead MRI technologists, lead nuclear medical technologists, lead
pharmacy technicians, lead polysomnographic technologists, lead radiologic technologists, lead
special procedures technicians, lead ultrasound technologists, mammography technologists,
medical lab technicians, mental health associates, MRI technologists, neurodiagnostic
technologists, nuclear medicine technologists, OB associates, orthopedic technicians, patient
attendant safety/sitter, patient care associates, pharmacy technicians, polysomnographic
technologists, radiologic technologists, radiology associates, radiology patient services
representatives, registered respiratory therapists, special procedures technicians, senior pharmacy
technicians, senior respiratory therapist, surgical scheduling coordinator, surgical technicians,
ultrasound technologists, and vascular ultrasound technicians.

Excluded: Confidential employees, physicians, residents, central business office employees
(whether facility based or not) who are solely engaged in qualifying or collection activities or are
employed by another Tenet entity, such as Syndicated Office Systems or Patients Financial
Services, employees of outside registries, registered nurses, traveling nurses, permanent charge
nurses, employees of other agencies supplying labor to the Hospital, already represented
employees, managerial employees, skilled maintenance employees, biomedical technicians and
guards and supervisors within the meaning of the National Labor Relations Act, and all other
employees.",NA,42.347021,-83.060184,"Detroit, MI 48201",1,"place","TIGER/Line® dataset from the US Census Bureau","Detroit","Wayne County","MI","48201","US",1,42.7088612648717,-83.4543201829639,NA,NA
"07-RD-392081","Starbucks Corporation","Region 07, Detroit, Michigan","Open","08/03/2026","","","Brighton","MI","","","","",NA,NA,"Workers United",NA,"",NA,"",NA,NA,NA,"",NA,"","","","","","",27,"","","Included: All full-time and regular part-time Baristas and Shift Supervisors 

Excluded: Store Managers, Assistant Store Managers, guards, and supervisors as defined in the Act",NA,42.570452,-83.74763,"Brighton, MI 48114",1,"place","TIGER/Line® from the US Census Bureau","Brighton","Livingston County","MI","48114","US",1,42.2667886591372,-83.5686884183689,NA,NA
"07-RD-392463","High Profile Webberville","Region 07, Detroit, Michigan","Open","08/04/2026","","","Webberville","MI","","","","",NA,NA,"Local 951, United Food and Commercial Workers Union",NA,"",NA,"",NA,NA,NA,"",NA,"","","","","","",15,"","","Included: Non salaried workers at location 

Excluded: salaried at location and workers at all other high-profile locations.",NA,42.66698,-84.17413,"Webberville, MI 48892",1,"place","TIGER/Line® from the US Census Bureau","Webberville","Ingham County","MI","48892","US",1,42.2909624395161,-83.7232327794778,NA,NA
"07-RM-339169","TerrAscend USA Services LLC","Region 07, Detroit, Michigan","Open","04/03/2024","","","Buchanan","MI","","","","",NA,NA,"",NA,"",NA,"",NA,NA,NA,"",NA,"","","","","","",18,"","","Included: 18 Excluded: 0",NA,41.841369,-86.429249,"Buchanan, MI 49107",1,"place","TIGER/Line® dataset from the US Census Bureau","Buchanan","Berrien County","MI","49107","US",1,42.0937884496218,-86.5746293849872,NA,NA
"07-RM-375342","Sweetwaters Campus, LLC; Sweetwaters Café, Inc; and Sweetwaters Westgate, LLC; Acting as a single and/or joint employer","Region 07, Detroit, Michigan","Open","11/17/2025","","","Ann Arbor","MI","","","","",NA,NA,"Local 243, International Brotherhood of Teamsters",NA,"",NA,"",NA,NA,NA,"",NA,"","","","","","",56,"","","included: Baristas and Team Leaders


Excluded:
Management and any Non-Baristas and Team Leaders",NA,42.266638,-83.849042,"Ann Arbor, MI 48103",1,"place","TIGER/Line® dataset from the US Census Bureau","Ann Arbor","Washtenaw County","MI","48103","US",1,42.5635806135533,-83.7545909466991,NA,NA
"07-RM-375846","Haley Mechanical","Region 07, Detroit, Michigan","Open","11/28/2025","","","Dexter","MI","","","","",NA,NA,"Local 252, International Brotherhood of Electrical Workers (IBEW), AFL-CIO",NA,"",NA,"",NA,NA,NA,"",NA,"","","","","","",9,"","","Included: 
Electrical Apprentices, Electrical Install Technicians, Electrical Service Technicians

Excluded:
Managers; supervisors; clerical and confidential employees; administrative
employees; professionals; guards; and all other employees not specifically included",NA,42.353887,-83.898295,"Dexter, MI 48130",1,"place","TIGER/Line® dataset from the US Census Bureau","Dexter","Washtenaw County","MI","48130","US",1,42.6447537044248,-83.9602280310728,NA,NA
"08-RC-295583","Trane Technologies Company LLC","Region 08, Cleveland, Ohio","Open","05/11/2022","","","Valley View","OH","A","Single Labor Organization","Initial","07/12/2022",34,NA,"Pipefitters Local 120",11,"",NA,"",NA,19,30,"",3,"","","All full-time and regular part-time journeyperson and apprentice Contracting Install Technicians, HVAC Service Technicians, and HVAC Service Technician Leads employed by the Employer at its 9555 Rockside Road, Valley View, Ohio 44125 location; excluding all other employees, office clerical employees, professional employees, guards, and supervisors as defined in the Act.
Others Permitted to Vote:
The parties have agreed that the Contracting Install Technician Lead and the Contracting Install Project Specialist may vote in the election, but their ballots will be challenged since their eligibility has not been resolved.  No decision has been made regarding whether the individuals in the Contracting Install Technician Lead and the Contracting Install Project Specialist classifications are included in, or excluded from, the bargaining unit.  The eligibility or inclusion of these individuals will be resolved, if necessary, following the election. 
","","","",39,"","","All full-time and regular part-time journeyperson and apprentice contracting install technicians, field service technicians, service technician team leaders, contracting control technicians, and service control technicians employed by the Employer at its Valley View, Ohio facility; excluding all other employees, office clerical employees, professional employees, guards and supervisors as defined by the Act.",34,39.965619,-83.072408,"Valleyview, OH 43204",0.8,"place","TIGER/Line® dataset from the US Census Bureau","Valleyview","Franklin County","OH","43204","US",1,40.4632301007854,-83.1277828542443,NA,NA
"08-RC-348501","All-Star Plumbing & Heating, LLC","Region 08, Cleveland, Ohio","Open","08/16/2024","","","Findlay","OH","A","Single Labor Organization","Initial","08/29/2024",26,1,"Ohio State Association of the United Association of Journeymen and Apprentices of the Plumbing and Pipefitting Industry, AFL-CIO",8,"",NA,"",NA,16,24,"",NA,"","","Included:  All full-time and regular part-time Plumbers, HVAC Installers, HVAC Technicians, and Helpers employed by the Employer out of its location at 1016 North Blanchard Street, Findlay, OH  45840.

Excluded:  Office clerical employees, guards, managerial employees, supervisors as defined by the Act, and all other employees.

","","","",25,"","","Included: All full-time and regular part time plumbers, HVAC technicians, and their helpers employed by the Employer out of its location at 1016 N. Blanchard Street, Findlay, OH 45840. 

Excluded: All other employees, office clerical employees, guards, managerial employees, and supervisors as defined by the Act.",26,41.015219,-83.664786,"Findlay, OH 45840",1,"place","TIGER/Line® dataset from the US Census Bureau","Findlay","Hancock County","OH","45840","US",1,41.2338105501323,-83.8038782463033,NA,NA
"08-RC-360055","Unifi Aviation, LLC","Region 08, Cleveland, Ohio","Open","02/10/2025","","","Cleveland","OH","A","Single Labor Organization","Initial","03/12/2025",76,NA,"International Association of Machinists and Aerospace Workers Local 1363",32,"",NA,"",NA,1,33,"",23,"","International Association of Machinists and Aerospace Workers Local 1363","All full-time and regular part-time ramp agents, lead ramp agents (ALAs), operations agents and trainer ALAs employed by the Employer at its facility currently located at 5300 Riverside Drive, Cleveland, Ohio; but excluding all other employees, managerial employees, confidential employees, professional employees, office clerical employees, guards and supervisors as defined by the Act.","","","",61,"","International Association of Machinists and Aerospace Workers Local 1363","Included: All ful-time and part-time Ramp Agents, Ramp Leads (ALAs), Operations Agents, and Trainer ALA's.

Excluded: All other employees and usual exclusions: office clerical, professional, managerial, guards and supervisors as defined in the act.
",76,41.489381,-81.667486,"Cleveland, OH 44101",1,"place","TIGER/Line® dataset from the US Census Bureau","Cleveland","Cuyahoga County","OH","44101","US",1,41.6091636771531,-81.9226792022907,NA,NA
"08-RC-362123","Findlay Plumbing & Heating Inc.","Region 08, Cleveland, Ohio","Open","03/18/2025","","","Fostoria","OH","A","Single Labor Organization","Initial","04/04/2025",9,1,"United Association of Journeyman and Apprentices of the Plumbing and Pipefitting Industry of the United States and Canada Local Union No. 50",4,"",NA,"",NA,4,8,"",NA,"","","All full-time and regular part-time Plumbers, Pipefitters, and HVAC technicians employed by the Employer out of its location at 1200 McDougal Street, Fostoria, Ohio, but excluding all other employees, office clerical employees, professional employees, guards, and supervisors as defined by the Act. 
","","","",9,"","","Included: All full-time and regular part-time Plumbers, Pipefitters, and HVAC technicians employed by the Employer out of its location at 1200 McDougal Street, Fostoria, OH 44830. 

Excluded: All other employees, office clerical employees, professional employees, guards, and supervisors as defined by the Act.",9,41.157,-83.41687,"Fostoria, OH 44830",1,"place","TIGER/Line® dataset from the US Census Bureau","Fostoria","Seneca County","OH","44830","US",1,41.5475856481288,-82.9316900225085,NA,NA
"08-RC-363159","Complete Pipeline Services, LTD","Region 08, Cleveland, Ohio","Open","04/03/2025","","","Dennison","OH","","","","",NA,NA,"Pipeliners Local Union 798 affiliated with the United Association of Journeymen and Apprentices of the Plumbing and Pipefitting Industry of the United States and Canada",NA,"",NA,"",NA,NA,NA,"",NA,"","","","","","",14,"","","Included: All full-time and regular part-time Welders and Welder Helpers employed by Complete Pipeline Services.

Excluded: All other employees, including managerial employees, supervisory employees, professional employees, clerical employees, guards and confidential employees.
",NA,40.3934,-81.33372,"Dennison, OH 44621",1,"place","TIGER/Line® dataset from the US Census Bureau","Dennison","Tuscarawas County","OH","44621","US",1,40.6921394949887,-80.9068149766003,NA,NA
"08-RC-380483","The Cleveland Bagel Company, LLC","Region 08, Cleveland, Ohio","Open","02/04/2026","","","Cleveland","OH","A","Revised Single Labor Org","Initial","03/20/2026",16,NA,"Bakery Confectionery Tobacco Workers and Grain Millers International Union Local Union No. 19",7,"",NA,"",NA,5,12,"",NA,"","Bakery, Confectionery, Tobacco Workers & Grain Millers' International Union, Local No. 19","All full-time and regular part-time employees employed by the Employer at its 7501 Carnegie Ave., Cleveland, Ohio facility (Midtown facility), but excluding the Social Media Marketing position, General Managers, Secretaries, office clerical employees, professional employees, guards and supervisors as defined in the Act.","","","",15,"","","Included: All full time and regular part time employees.

Excluded: All guards, secretaries, and supervisors as defined 
by the Act.",15,41.489381,-81.667486,"Cleveland, OH 44101",1,"place","TIGER/Line® dataset from the US Census Bureau","Cleveland","Cuyahoga County","OH","44101","US",1,41.6462930485801,-81.5701338424203,NA,NA
"08-RC-380486","The Cleveland Bagel Company, LLC","Region 08, Cleveland, Ohio","Open","02/04/2026","","","Cleveland","OH","A","Revised Single Labor Org","Initial","03/20/2026",16,NA,"Bakery Confectionery Tobacco Workers & Grain Millers International Union Local Union No. 19",7,"",NA,"",NA,5,12,"",NA,"","Bakery, Confectionery, Tobacco Workers & Grain Millers' International Union, Local No. 19","All full-time and regular part-time employees employed by the Employer at its 4201 Detroit Ave., Cleveland, Ohio facility (Ohio City facility), but excluding the Social Media Marketing position, General Managers, Secretaries, office clerical employees, professional employees, guards and supervisors as defined in the Act. 
","","","",17,"","","Included:
All full time and regular part time employees

Excluded:
All guards, secretaries, and supervisors as defined by the Act.",16,41.489381,-81.667486,"Cleveland, OH 44101",1,"place","TIGER/Line® dataset from the US Census Bureau","Cleveland","Cuyahoga County","OH","44101","US",1,41.6574599287202,-81.9845637901541,NA,NA
"08-RC-383173","Mauser Packaging Solutions","Region 08, Cleveland, Ohio","Open","03/17/2026","","","Mount Vernon","OH","","","","",NA,NA,"Teamsters Truck Drivers Union Local No. 407",NA,"",NA,"",NA,NA,NA,"",NA,"","","","","","",4,"","","Included: Yard jockey/truck driver employed by the Employer at its 3972 Hamilton Avenue, Cleveland, Ohio location.

Excluded: All technical employees, all office clerical employees, guards, professional employees and supervisors as defined in the Act.
",NA,41.386444,-80.568685,"Vernon, OH 44428",1,"place","TIGER/Line® dataset from the US Census Bureau","Vernon","Trumbull County","OH","44428","US",1,41.0808764781653,-80.6513107246081,NA,NA
"08-RC-389376","The Kroger Co.","Region 08, Cleveland, Ohio","Open","06/22/2026","","","Toledo","OH","A","Single Labor Organization","Initial","08/10/2026",11,NA,"United Food and Commercial Workers Local Union 75",5,"",NA,"",NA,6,11,"",NA,"","","All full-time and regular part-time pharmacy technicians and pharmacy lead technicians employed by the Employer at its store located at 4925 Jackman Road, Toledo, OH, 43613; but excluding all pharmacy interns/temps, pharmacists, managers, office clericals, guards, and supervisors as defined in the Act.
","","","",14,"","","Included: All part-time and full-time pharmacy technicians and pharmacy lead technicians

Excluded: Pharmacy interns/temps, pharmacists, guards, supervisors and managers",11,41.720684,-83.569359,"Toledo, OH 43601",1,"place","TIGER/Line® from the US Census Bureau","Toledo","Lucas County","OH","43601","US",1,41.7898133303389,-83.3554287715078,NA,NA
"08-RC-389409","The Kroger Co.","Region 08, Cleveland, Ohio","Open","06/22/2026","","","Tiffin","OH","A","Single Labor Organization","Initial","08/10/2026",10,NA,"United Food & Commercial Workers Local 75",7,"",NA,"",NA,3,10,"",NA,"","United Food & Commercial Workers Local 75","All full-time and regular part-time pharmacy technicians and pharmacy lead technicians employed by the Employer at its store located at 790 W. Market St., Tiffin, OH 44883; but excluding all pharmacy interns/temps, pharmacists, managers, office clericals, guards, and supervisors as defined in the Act.","","","",14,"","United Food & Commercial Workers Local 75","Included:  All part-time and full-time pharmacy technicians and pharmacy lead technicians.

Excluded: Pharmacy interns/temps, pharmacists, guards, supervisors and managers.",10,41.12453,-83.144773,"Tiffin, OH 44883",1,"place","TIGER/Line® from the US Census Bureau","Tiffin","Seneca County","OH","44883","US",1,40.6819061286214,-83.1916818705722,NA,NA
"08-RC-389410","The Kroger Co.","Region 08, Cleveland, Ohio","Open","06/22/2026","","","Toledo","OH","A","Single Labor Organization","Initial","08/10/2026",12,NA,"United Food & Commercial Workers Local 75",2,"",NA,"",NA,5,9,"",2,"","","All full-time and regular part-time pharmacy technicians and pharmacy lead technicians employed by the Employer at its store located at 4633 Suder Ave., Toledo, OH 43611; but excluding all pharmacy interns/temps, pharmacists, managers, office clericals, guards, and supervisors as defined in the Act.","","","",10,"","","Included: All part-time and full-time pharmacy technicians and pharmacy lead technicians.

Excluded: Pharmacy interns/temps, pharmacists, guards, supervisors and managers.",12,41.720684,-83.569359,"Toledo, OH 43601",1,"place","TIGER/Line® from the US Census Bureau","Toledo","Lucas County","OH","43601","US",1,41.9697760170676,-83.8151038418718,NA,NA
"08-RC-390633","Red Bull Distribution Company, Inc.","Region 08, Cleveland, Ohio","Open","07/10/2026","","","Boardman","OH","","","","",NA,NA,"Chauffeurs, Teamsters, Warehousemen and Helpers, Teamsters Local Union No. 377",NA,"",NA,"",NA,NA,NA,"",NA,"","","","","","",8,"","","Included: All full-time and regular part-time drivers/account sales managers and warehouse
employees employed by the Employer.

Excluded: All office clerical employees, professional employees, management employees and
guard and supervisors as defined in the Act.
",NA,41.026019,-80.662716,"Boardman, OH 44512",1,"place","TIGER/Line® from the US Census Bureau","Boardman","Mahoning County","OH","44512","US",1,41.4774514252959,-80.6138294005152,NA,NA
"08-RD-323957","Starbucks Corporation","Region 08, Cleveland, Ohio","Open","08/17/2023","","","Cleveland","OH","","","","",NA,NA,"Chicago and Midwest Regional Joint Board, Workers United/Service Employees International Union",NA,"",NA,"",NA,NA,NA,"",NA,"","","","","","",17,"","","Included: All full-time and regular part-time Baristas and Shift Supervisors employed by the Employer at its Store 
I0208 located at 11302 Euclid Avenue, Cleveland, Ohio. Excluded: All Store Managers, Assistant Store Managers, office clerical employees and guards, and professional employees and supervisors, as defined in the Act.",NA,41.489381,-81.667486,"Cleveland, OH 44101",1,"place","TIGER/Line® dataset from the US Census Bureau","Cleveland","Cuyahoga County","OH","44101","US",1,41.6913203760711,-81.9637962457579,NA,NA
"08-RD-341121","Andover Village Retirement Community, Ltd.","Region 08, Cleveland, Ohio","Open","04/29/2024","","","Andover","OH","A","Single Labor Organization","Initial","06/06/2024",54,NA,"United Steel, Paper and Forestry, Rubber, Manufacturing, Energy, Allied Industrial and Service Workers International Union",12,"",NA,"",NA,30,42,"",NA,"","","All full-time and regular part-time service and maintenance employees employed  by the Employer at its Andover, Ohio facility, including nurses aides, orderlies, kitchen employees, maintenance employees, restorative aides and activities aides, but excluding all vocational students, receptionists, social services employees, bookkeepers, technical employees, confidential employees, office clerical employees, registered nurses, licensed practical nurses, activities director, and all other professional employees, guards and supervisors as defined in the National Labor Relations Act.","","","",49,"","","Included: Nurses aides, orderlies, kitchen employees, maintenance employees, restorative aides, and activities aides employed by the Employer at its Andover, Ohio facility.

Excluded: All vocational students, receptionist, social service employees, bookkeepers, office clerical employees, registered nurses, licensed practical nurses, and activities.",54,41.60672,-80.5723,"Andover, OH 44003",1,"place","TIGER/Line® dataset from the US Census Bureau","Andover","Ashtabula County","OH","44003","US",1,41.114446641139,-80.9704760935858,NA,NA
"08-RD-364107","Starbucks Corporation","Region 08, Cleveland, Ohio","Open","04/16/2025","","","Ontario","OH","","","","",NA,NA,"Starbucks Workers United, affiliated with SEIU",NA,"",NA,"",NA,NA,NA,"",NA,"","","","","","",24,"","","Included: All full-time and regular part-time Baristas and Shift Supervisors.

Excluded: All other employees.",NA,40.772874,-82.532057,"Ontario, OH 44862",1,"place","TIGER/Line® dataset from the US Census Bureau","Ontario","Richland County","OH","44862","US",1,40.8369220171423,-82.5583434243705,NA,NA
"08-RD-369489","Concord Steel Division of LB Metal, LLC","Region 08, Cleveland, Ohio","Open","07/17/2025","","","Warren","OH","A","Single Labor Organization","Initial","08/14/2025",9,NA,"",NA,"",NA,"",NA,9,9,"",NA,"","","All-full-time and regular part-time production and maintenance employees engaged in the fabrication of iron, steel, metal, and other products, or in maintenance work in or about the Company's plant or plants located at 1451 Buena Vista NE, Warren, Ohio and vicinity but excluding office clerical employees, draftsmen, engineering employees, watchmen, guards and supervisors as defined in the Act. 
","","","",10,"","","Included: All full-time and regular part-time production and maintenance employees.


Excluded: office and clerical employees, draftsmen, engineering employees, watchmen, guards, and supervisors.
",9,41.176641,-80.902344,"Warren, OH 44481",1,"place","TIGER/Line® dataset from the US Census Bureau","Warren","Trumbull County","OH","44481","US",1,40.836679565984,-81.3820227537634,NA,NA
"08-RD-373412","Reworld Tron Corp","Region 08, Cleveland, Ohio","Open","09/16/2025","","","Avon Lake","OH","","","","",NA,NA,"International Brotherhood of Teamsters Local 20",NA,"",NA,"",NA,NA,NA,"",NA,"","","","","","",16,"","","Included: All Drivers in positions requiring a CDL employed by the Employer at its facilities located at 35850 Schneider Ct., Avon, Ohio and 33565 Pin Oak Pkwy., Avon Lake, Ohio.

Excluded: All other employees, including Drivers in positions not requiring a CDL, office clerical employees, professional employees, guards and supervisors as defined in the Act. 
",NA,41.49674,-82.017527,"Avon Lake, OH 44012",1,"place","TIGER/Line® dataset from the US Census Bureau","Avon Lake","Lorain County","OH","44012","US",1,41.5767245722504,-81.5427412657992,NA,NA
"08-RD-377894","Nick Strimbu Inc.","Region 08, Cleveland, Ohio","Open","12/23/2025","","","Brookfield","OH","A","Single Labor Organization","Initial","01/26/2026",125,NA,"Teamsters Local Union No. 261, a/w International Brotherhood of Teamsters",46,"",NA,"",NA,41,87,"",NA,"","Teamsters Local 261","All full-time drivers employed by the Employer from its Brookfield, Ohio facility, but excluding all driver managers, load planners, office clerical employees, professional employees, guards and supervisors as defined in the Act, and all other employees.","","","",106,"","Teamsters Local 261","All full-time truck drivers employed by the Employer from its Brookfield, Ohio facility, but excluding all office clerical employees, professional employees, guards and supervisors as defined by the Act.",125,41.238176,-80.573511,"Brookfield, OH 44403",1,"place","TIGER/Line® dataset from the US Census Bureau","Brookfield","Trumbull County","OH","44403","US",1,41.2051047363067,-80.2437386365831,NA,NA
"08-RD-386773","Cleveland Rape Crisis Center","Region 08, Cleveland, Ohio","Open","05/08/2026","","","Cleveland","OH","","","","",NA,NA,"SEIU District 1199",NA,"",NA,"",NA,NA,NA,"",NA,"","","","","","",43,"","","Included:  All full-time and regular part-time non-supervisory employees employed by the Employer.

Excluded:  All supervisors, managers, confidential employees, and guards as defined by the Act.",NA,41.489381,-81.667486,"Cleveland, OH 44101",1,"place","TIGER/Line® dataset from the US Census Bureau","Cleveland","Cuyahoga County","OH","44101","US",1,41.8963771332716,-81.5725742004667,NA,NA
"08-RD-387152","JSW Steel USA Ohio, Inc.","Region 08, Cleveland, Ohio","Open","05/15/2026","","","Mingo Junction","OH","A","Single Labor Organization","Initial","06/10/2026",244,NA,"United Steel, Paper and Forestry, Rubber, Manufacturing, Energy, Allied Industrial and Service Workers International Union, AFL-CIO, CLC",134,"",NA,"",NA,73,208,"",1,"","United Steel, Paper and Forestry, Rubber, Manufacturing, Energy, Allied & Industrial and Service Workers International Union, AFL-CIO, CLC","All full-time and regular part-time production and maintenance employees,
including those classified as Crane Operator, Electrician, Environmental Tech,
Housekeeping, Maintenance Operator, Material Handler, Millwright, Utility
Operator, Lab Technician, and Lead Lab Technician employed by the Employer at
its facility located at 1500 Commercial Avenue, Mingo Junction, Ohio but excluding
all temporary employees, office clerical employees, professional employees,
guards and supervisors as described in the Act.","","","",250,"","United Steel, Paper and Forestry, Rubber, Manufacturing, Energy, Allied & Industrial and Service Workers International Union, AFL-CIO, CLC","Included: All full-time and regular part-time production and maintenance employees, 
including those classified as Crane Operator, Electrician, Environmental Tech, Housekeeping, 
Maintenance Operator, Material Handler, Millwright, Utility Operator, Lab Technician, 
and Lead Lab Technician employed by the Employer at its facility located at 1500 Commercial Avenue, Mingo Junction, Ohio.

Excluded: All temporary employees, office clerical employees, professional employees, 
guards and supervisors as described in the Act.",244,40.32174,-80.6098,"Mingo Junction, OH 43938",1,"place","TIGER/Line® from the US Census Bureau","Mingo Junction","Jefferson County","OH","43938","US",1,40.5830288040021,-80.1457306812752,NA,NA
"08-RD-392505","Kinnect","Region 08, Cleveland, Ohio","Open","08/07/2026","","","Cleveland","OH","","","","",NA,NA,"Office and Professional Employees International Union, Local 792",NA,"",NA,"",NA,NA,NA,"",NA,"","","","","","",33,"","","Included: All full-time and regular part-time employees in the classifications of Benefits Coordinator,
Branch Family Specialist, CCR Family Specialist, Community Engagement Coordinator, Data Coordinator, Family Specialist, Regional Coach Ohio KAN, Regional Coordinator Ohio KAN, Statewide Facilitator, Trainer, Youth Navigator Network Coach, and Kin First Coordinator employed by the Employer out of its 1427 E. 36th St., Suite 4203F, Cleveland, Ohio facility.

Excluded: All managerial employees, temporary and confidential employees, office clerical employees, guards and supervisors as defined in the Act, and all other employees.",NA,41.489381,-81.667486,"Cleveland, OH 44101",1,"place","TIGER/Line® from the US Census Bureau","Cleveland","Cuyahoga County","OH","44101","US",1,40.9924686020901,-81.3955595492241,NA,NA
"09-RC-305269","BROWN-FORMAN CORPORATION D/B/A WOODFORD RESERVE DISTILLERY","Region 09, Cincinnati, Ohio","Open","10/14/2022","","","Versailles","KY","A","Single Labor Organization","Initial","11/17/2022",60,NA,"International Brotherhood of Teamsters (IBT), Local 651",14,"",NA,"",NA,45,59,"",7,"","","All full-time and regular part-time regauge and processing, distillery, warehousing and bottling employees employed by the Employer at its 7855 McCracken Pike, Versailles, Kentucky facility; excluding all professional employees, office clerical employees, guards and supervisors as defined in the Act.","","","",63,"","","Included:  All hourly employees to include:  bottling, distillery, processing/regauge/wh, logistics.

Excluded:  All maintenance, clerical, adm and salaried employees as defined by the Act.",60,37.998762,-84.737666,"Versailles, KY 40383",1,"place","TIGER/Line® dataset from the US Census Bureau","Versailles","Woodford County","KY","40383","US",1,37.6638789478428,-84.8744701126989,NA,NA
"09-RC-307464","HERITAGE FIRE PROTECTION, INC.","Region 09, Cincinnati, Ohio","Open","11/18/2022","","","Ashland","KY","A","Single Labor Organization","Initial","12/15/2022",8,NA,"UA Local Union 669 Road Sprinkler Fitters",1,"",NA,"",NA,1,2,"",7,"Y","","All full-time and regular part-time employees engaged in the fabrication and installation of fire sprinkler systems employed by the Employer at its 400 S. Big Run Road, Ashland, Kentucky facility; excluding inspectors, fire extinguisher technicians, office clerical employees, and all professional employees, guards and supervisors as defined in the Act, and all other employees.","","","",3,"","","Included:  All full-time and regular-part time employees engaged in the fabrication and installation of fire sprinkler systems.

Excluded:  All other employees, including inspectors, fire extinguisher technicians, office clericals, supervisors and guards as defined in the Act.",8,38.473824,-82.647933,"Ashland, KY 41101",1,"place","TIGER/Line® dataset from the US Census Bureau","Ashland","Boyd County","KY","41101","US",1,38.131688495879,-82.6915250963064,NA,NA
"09-RC-309216","TRADER JOE'S EAST, INC.","Region 09, Cincinnati, Ohio","Open","12/20/2022","","","Louisville","KY","A","Single Labor Organization","Initial","01/26/2023",106,NA,"Trader Joe's United",48,"",NA,"",NA,36,84,"",7,"","Trader Joe's United","All full-time and regular part-time crew and merchants employed by the Employer at its 4600 Shelbyville Road, Suite 111, Louisville, Kentucky facility (Store No. 628); excluding all mates, captains, office clerical employees, and all professional employees, guards and supervisors as defined in the Act.","","","",100,"","Trader Joe's United","Included: All full-time and regular part-time crew and merchants of Trader Joe’s located at Store 628, 4600 Shelbyville Road, Suite 111, Louisville, KY 40207, excluding all mates, captains and supervisors as defined by the National Labor Relations Act. 

Excluded: All full-time and regular part-time crew and merchants of Trader Joe’s located at Store 628, 4600 Shelbyville Road, Suite 111, Louisville, KY 40207, excluding all mates, captains and supervisors as defined by the National Labor Relations Act.",106,38.25247,-85.753812,"Louisville, KY 40202",1,"place","TIGER/Line® dataset from the US Census Bureau","Louisville","Jefferson County","KY","40202","US",1,38.3241506545388,-85.4033218811574,NA,NA
"09-RC-312087","PATRONUS SYSTEMS, INC.","Region 09, Cincinnati, Ohio","Open","02/13/2023","","","Louisville","KY","A","Three Labor Organizations","Rerun","03/08/2024",74,2,"International Union, Security, Police and Fire Professionals of America (SPFPA)",26,"United Federation LEOS-PBA Law Enforcement Officers Security & Police          Benevolent Association (LEOSU)",10,"International Guards Union of America",2,1,39,"",NA,"","International Union, Security, Police and Fire Professionals of America (SPFPA)","All full-time and regular part-time armed and unarmed protective security officers performing guard duties, as defined in Section 9(b)(3) of the National Labor Relations Act, employed by Paragon Systems, Inc. and Patronus Systems, Inc. in federal facilities in the Commonwealth of Kentucky, excluding office clerical employees, professional employees, and supervisors as defined by the National Labor Relations Act.","","","",77,"","","Included: All full-time and part-time armed AND unarmed protective security officers performing guard duties as defined in Section 9(b)(3) of the National Labor Relations Act, employed by Paragon/Patronus @ Federal Facilities in the Commonwealth of Kentucky.  
Excluded: All office clerical employees, professional employees and supervisors as defined by the Act.",46,38.25247,-85.753812,"Louisville, KY 40202",1,"place","TIGER/Line® dataset from the US Census Bureau","Louisville","Jefferson County","KY","40202","US",1,37.8618334341378,-85.5525723559159,NA,NA
"09-RC-322712","ANR PLUMBING, LLC DBA 1-TOM-PLUMBING","Region 09, Cincinnati, Ohio","Open","07/28/2023","","","Sellersburg","IN","A","Single Labor Organization","Initial","08/29/2023",4,NA,"Plumbers, Pipefitters, and Service Technicians Local 502",NA,"",NA,"",NA,4,4,"",1,"","","All full-time and regular part-time plumbers and helpers employed by the Employer at its facility located at 131 S. New Albany Street, Sellersburg, Indiana; but excluding all office clerical employees, professional employees, guards and supervisors as defined in the Act.","","","",NA,"","","",NA,38.404577,-85.787963,"Sellersburg, IN 47172",1,"place","TIGER/Line® dataset from the US Census Bureau","Sellersburg","Clark County","IN","47172","US",1,38.4676219515302,-85.9013957589534,NA,NA
"09-RC-328464","PATRIOT PLUMBING, LLC","Region 09, Cincinnati, Ohio","Open","10/24/2023","","","Winchester","KY","A","Single Labor Organization","Rerun","04/13/2026",18,NA,"PLUMBERS & PIPE FITTERS UNION, LOCAL 452",NA,"",NA,"",NA,9,9,"",7,"","","All full-time and regular part-time plumbers, plumbers helpers, operators, and shop employees employed by the Employer out of its facilities located at 6095 Mt. Sterling Road, Winchester, Kentucky; but excluding all other employees, office clerical employees, guards, managerial employees, and supervisors as defined by the Act. 	","","","",36,"","","Included:  All full-time and regular part-time plumbers, plumbers helpers, operators, and shop employees employed by the Employer out of its facilities located at 6095 Mt. Sterling Road, Winchester, Kentucky 40391. 

Excluded:  All other employees, office clerical employees, guards, managerial employees, and supervisors as defined by the Act.",18,37.964922,-84.160724,"Winchester, KY 40391",1,"place","TIGER/Line® dataset from the US Census Bureau","Winchester","Clark County","KY","40391","US",1,38.0042950320502,-83.939093497275,NA,NA
"09-RC-339359","HEARTHSIDE FOOD SOLUTIONS, LLC","Region 09, Cincinnati, Ohio","Open","04/05/2024","","","London","KY","A","Single Labor Organization","Initial","05/08/2024",647,3,"Bakery, Confectionery, Tobacco Workers, and Grain Millers Local 57",222,"",NA,"",NA,304,526,"",9,"","","All full-time and regular part-time production and maintenance employees, including mixing, packaging, warehouse, logistics, sanitation, and quality control employees employed by the Employer at its 1188 S. Laurel Road, London, Kentucky facility; but excluding all managers, lead employees, coordinators, specialists, security guards, temporary employees, office clerical employees, and supervisors as defined by the Act.","","","",600,"","","Included: All full-time, and regular part-time production and maintenance employees, including, clerical, warehouse, sanitation and quality control employees.  Excluded: All managers, security guards, temporary employees and supervisors as defined by the Act.",647,37.154931,-84.096062,"London, KY 40741",1,"place","TIGER/Line® dataset from the US Census Bureau","London","Laurel County","KY","40741","US",1,37.3303629688771,-83.6373495765469,NA,NA
"09-RC-341508","BASSETT SERVICES HEATING AND COOLING, LLC","Region 09, Cincinnati, Ohio","Open","05/03/2024","","","Loveland","OH","A","Single Labor Organization","Initial","05/31/2024",12,NA,"UA Local 392, Plumbers, Pipefitters, and Mechanical Equipment Service Techs",5,"",NA,"",NA,3,8,"",5,"Y","","All full-time and regular part-time Plumbers, Drain Technicians, and Plumber Helpers employed by the Employer at its facility located at 8950 Glendale Milford Road, Loveland Ohio 45140, but excluding all other employees, office clericals, guards, and supervisors as defined in the National Labor Relations Act.","","","",8,"","","Included: All full-time and regular part-time Plumbers, Drain Technicians, and Plumber Helpers employed by Bassett Services at its Loveland, Ohio facility. Excluded: All other employees, office clericals, guards, and supervisors as defined in the Act.",12,39.223187,-84.245103,"Loveland, OH 45140",1,"place","TIGER/Line® dataset from the US Census Bureau","Loveland","Clermont County","OH","45140","US",1,39.0628216175578,-83.9850403450316,NA,NA
"09-RC-352339","DUBLIN CONVALARIUM OPERATING COMPANY, LLC","Region 09, Cincinnati, Ohio","Open","10/04/2024","","","Dublin","OH","A","Single Labor Organization","Initial","11/07/2024",85,NA,"United Food and Commercial Workers Union Local No. 1059",23,"",NA,"",NA,18,41,"",4,"","United Food and Commercial Workers Union Local 1059","VOTING GROUP - UNIT A (PROFESSIONAL UNIT):  	All full-time and regular part-time Registered Nurses and Respiratory Therapists employed by the Employer at its facility located at 6403 Post Road, Dublin, Ohio, excluding all other employees, non-professional employees, administrators, managers, office clerical employees, guards, and supervisors as defined in the Act. 


","VOTING GROUP - UNIT B (NON-PROFESIONAL UNIT):  All full-time and regular part-time Licensed Practical Nurses, State Tested Nursing Assistants, Dietary Aids, Maintenance Technicians, Housekeeping Aids and Laundry Aids employed by the Employer at its facility located at 6403 Post Road, Dublin, Ohio, excluding all other employees, professional employees, administrators, managers, office clerical employees, guards, and supervisors as defined in the Act. 

OTHERS PERMITTED TO VOTE:  The parties have agreed that the Cooks may vote in the election, but their ballots will be challenged since their eligibility has not been resolved.  No decision has been made regarding whether the individuals in this classification are included in, or excluded from, the bargaining unit.  The eligibility or inclusion of these individuals will be resolved, if necessary, following the election. 

","VOTING GROUP - UNIT B (NON-PROFESIONAL UNIT):  All full-time and regular part-time Licensed Practical Nurses, State Tested Nursing Assistants, Dietary Aids, Maintenance Technicians, Housekeeping Aids and Laundry Aids employed by the Employer at its facility located at 6403 Post Road, Dublin, Ohio, excluding all other employees, professional employees, administrators, managers, office clerical employees, guards, and supervisors as defined in the Act. 

OTHERS PERMITTED TO VOTE:  The parties have agreed that the Cooks may vote in the election, but their ballots will be challenged since their eligibility has not been resolved.  No decision has been made regarding whether the individuals in this classification are included in, or excluded from, the bargaining unit.  The eligibility or inclusion of these individuals will be resolved, if necessary, following the election. 

","VOTING GROUP - UNIT B (NON-PROFESIONAL UNIT):  All full-time and regular part-time Licensed Practical Nurses, State Tested Nursing Assistants, Dietary Aids, Maintenance Technicians, Housekeeping Aids and Laundry Aids employed by the Employer at its facility located at 6403 Post Road, Dublin, Ohio, excluding all other employees, professional employees, administrators, managers, office clerical employees, guards, and supervisors as defined in the Act. 

OTHERS PERMITTED TO VOTE:  The parties have agreed that the Cooks may vote in the election, but their ballots will be challenged since their eligibility has not been resolved.  No decision has been made regarding whether the individuals in this classification are included in, or excluded from, the bargaining unit.  The eligibility or inclusion of these individuals will be resolved, if necessary, following the election. 

",55,"","United Food and Commercial Workers Union Local 1059","Included: All full-time and regular part-time Registered Nurses, Licensed Practical Nurses, State Tested Nursing Assistants, Respiratory Therapists, Dietary Aids and Maintenance Technicians.

Excluded: All temporary employees, all other employees, all professional employees, all administrators, managers, office clerical employees, guards, and supervisors as defined in the Act.",85,40.09746,-83.150103,"Dublin, OH 43016",1,"place","TIGER/Line® dataset from the US Census Bureau","Dublin","Franklin County","OH","43016","US",1,39.6089597676574,-82.7024896959848,NA,NA
"09-RC-358016","BLUEOVAL SK, LLC","Region 09, Cincinnati, Ohio","Open","01/07/2025","","","Glendale","KY","A","Single Labor Organization","Initial","08/27/2025",1249,1,"International Union, United Automobile, Aerospace and Agricultural Implement Workers of America",526,"",NA,"",NA,515,1041,"",41,"Y","","All full-time and regular part-time production and maintenance employees employed by the Employer at its Glendale, Kentucky facility; excluding all other employees, all professional employees, guards and supervisors as defined in the Act.

OTHERS PERMITTED TO VOTE:  At this time, no decision has been made regarding whether SERTI and SERTII employees are included or excluded from the bargaining unit and individuals in those classifications may vote in the election, but their ballots shall be challenged since their eligibility has not been resolved.  The eligibility or inclusion of these individuals will be resolved, if necessary, following the election.
","","","",618,"","","Included:  All full-time and regular part-time production and maintenance employees.

Excluded:  Office clerical employees, professional employees, guards & supervisors under the Act",1249,37.60173,-85.90552,"Glendale, KY 42740",1,"place","TIGER/Line® dataset from the US Census Bureau","Glendale","Hardin County","KY","42740","US",1,38.0967000953439,-86.2127216697843,NA,NA
"09-RC-360923","PYE-BARKER FIRE & SAFETY, LLC D/B/A A1 SPRINKLER & SYSTEMS INTEGRATION","Region 09, Cincinnati, Ohio","Open","02/25/2025","","","Miamisburg","OH","","","","",NA,NA,"Road Sprinkler Fitters Local Union 669",NA,"",NA,"",NA,NA,NA,"",NA,"","","","","","",19,"","","Included: All full-time and regular part-time Sprinkler Fitters, Sprinkler Fitter Apprentices,
and Sprinkler Fitter Helpers employed by Pye-Barker Fire & Safety, LLC d/b/a A1 Sprinkler &
Systems Integration in the Sprinkler Contracting Department and/or who report to the direct supervisor of the Sprinkler Contracting Department at the facility located at 2383 Northpointe Dr., Miamisburg, OH 61252.

Excluded: All other employees, including managerial employees, supervisory
employees, professional employees, clerical employees, guards and confidential employees.",NA,39.641658,-84.27464,"Miamisburg, OH 45342",1,"place","TIGER/Line® dataset from the US Census Bureau","Miamisburg","Montgomery County","OH","45342","US",1,39.5835978573227,-83.9343635139925,NA,NA
"09-RC-363717","BEST VIRGINIA HEATING AND COOLING, LLC","Region 09, Cincinnati, Ohio","Open","04/14/2025","","","Hurricane","WV","A","Single Labor Organization","Initial","05/01/2026",22,NA,"Plumbers & Pipefitters UA Local 625",6,"",NA,"",NA,12,18,"",NA,"","","All full-time and regular part-time HVAC Installation Group Leaders, HVAC Installation Journeymen, and HVAC Installation Apprentices employed by the Employer, working at or out of its Scott Depot, West Virginia facility; excluding all other employees, and all office clerical employees, managerial employees, guards and supervisors as defined in the Act.
","","","",NA,"","","",NA,38.397097,-81.961657,"Hurricane, WV 25526",1,"place","TIGER/Line® dataset from the US Census Bureau","Hurricane","Putnam County","WV","25526","US",1,37.9742945833923,-81.6004890070691,NA,NA
"09-RC-365051","JFDB, LLC D/B/A FELDKAMP MECHANICAL","Region 09, Cincinnati, Ohio","Open","05/06/2025","","","Lexington","KY","A","Single Labor Organization","Initial","09/24/2025",22,NA,"Plumbers & Steamfitters Local 452, affiliated with United Association of Journeymen and Apprentices of the Plumbing and Pipe Fitting Industry of the United States and Canada",NA,"",NA,"",NA,7,7,"",15,"Y","","All full-time and regular part-time pipefitters, welders, HVAC technicians, and their apprentices employed by the Employer at its Lexington, KY facility; excluding all other employees, office clerical employees, professional employees, guards and supervisors as defined by the Act.","","","",6,"","","Included:  All full-time and regular part-time pipefitters, welders, HVAC technicians, and their apprentices employed by the Employer at its Lexington, KY facility.

Excluded:  All other employees, office clerical employees, professional employees, guards and supervisors as defined by the Act.",22,38.016674,-84.486043,"Lexington, KY 40502",1,"place","TIGER/Line® dataset from the US Census Bureau","Lexington","Fayette County","KY","40502","US",1,38.0707163446801,-84.6083521045394,NA,NA
"09-RC-369318","LOOMIS ARMORED US, LLC","Region 09, Cincinnati, Ohio","Open","07/15/2025","","","Charleston","WV","A","Single Labor Organization","Initial","08/13/2025",10,NA,"United Federation LEOS-PBA Armored Car Division",4,"",NA,"",NA,4,8,"",NA,"","","All full-time and regular part-time vault leads, coin leads, vault clerks, and coin tellers employed by Loomis Armored US, Inc. at its 414 Bream Street DC, Charleston, West Virginia, 45312 location; excluding all other employees, CIT employees, CMS tellers, office clerical employees, driver guards, messenger guards, professional employees, and supervisors as defined in the National Labor Relations Act.","","","",8,"","","Included: All full time and regular part time vault and coin employees employed by Loomis as noted in 11d.  

Excluded: All office clerical employees, professional employees, drivers & messengers and supervisors as defined by the Act.",10,38.350719,-81.630359,"Charleston, WV 25301",1,"place","TIGER/Line® dataset from the US Census Bureau","Charleston","Kanawha County","WV","25301","US",1,38.5344726066305,-81.8448968210116,NA,NA
"09-RC-370841","TRICONT TRUCKING COMPANY","Region 09, Cincinnati, Ohio","Open","08/06/2025","","","Columbus","OH","A","Single Labor Organization","Initial","09/10/2025",12,NA,"United Food and Commercial Workers International Union, CLC (UFCW), Local 1059",11,"",NA,"",NA,NA,11,"",NA,"","United Food and Commercial Workers Union Local 1059","All full-time and part-time Drivers employed by the Employer, Tricont Trucking Company, working out of the Employer’s Delmonte facility located at 2200 Westbelt Drive, Columbus, Ohio, excluding all other employees, office clerical employees, managers, and guards and supervisors as defined by the Act.
","","","",12,"","United Food and Commercial Workers Union Local 1059","Included: All full-time and part-time Drivers employed by Tricont Trucking Company working out of the Delmonte
facility located at 2200 Westbelt Drive, Columbus, OH 43228.

Excluded:  All office clerical employees, guards, managers, and supervisors as defined by the Act.",12,40.100924,-83.013402,"Columbus, OH 43085",1,"place","TIGER/Line® dataset from the US Census Bureau","Columbus","Franklin County","OH","43085","US",1,40.1560592128386,-82.6880441237476,NA,NA
"09-RC-371438","FRITO-LAY NORTH AMERICA, INC.","Region 09, Cincinnati, Ohio","Open","08/15/2025","","","Prestonsburg","KY","A","Single Labor Organization","Initial","09/17/2025",15,NA,"International Brotherhood of Teamsters (IBT), Local 175",6,"",NA,"",NA,6,12,"N",1,"Y","International Brotherhood of Teamsters Local 175","All RSR, RSA, and full-time merchandisers employed by the Employer at its Prestonsburg, Kentucky location, excluding all part-time employees, guards, office employees, and supervisors as defined by the Act.","","","",15,"","International Brotherhood of Teamsters Local 175","Included:  All RSR, RSA, and full-time merchandisers employed at the Prestonsburg location. 

Excluded: All part time employees, guards, office employees, and supervisors as defined by the Act.",15,37.66565,-82.77155,"Prestonsburg, KY 41653",1,"place","TIGER/Line® dataset from the US Census Bureau","Prestonsburg","Floyd County","KY","41653","US",1,37.6323256389197,-82.7687932353534,NA,NA
"09-RC-379156","INNOVATIVE DEMOLITION SERVICES, LLC","Region 09, Cincinnati, Ohio","Open","01/15/2026","","","Lexington","KY","","","","",NA,NA,"International Union of Operating Engineers Local 181, AFL-CIO (IUOE)",NA,"",NA,"",NA,NA,NA,"",NA,"","","","","","",15,"","","Included:  Operators, Mechanics and Truck Drivers.

Excluded:  All clerical and professional employees, guards and supervisors defined by the Act.",NA,38.016674,-84.486043,"Lexington, KY 40502",1,"place","TIGER/Line® dataset from the US Census Bureau","Lexington","Fayette County","KY","40502","US",1,37.7135326454168,-84.4083198025938,NA,NA
"09-RC-379183","CONCRETE CORING COMPANY OF CENTRAL KENTUCKY, INC.","Region 09, Cincinnati, Ohio","Open","01/15/2026","","","Lexington","KY","","","","",NA,NA,"International Union of Operating Engineers Local 181, AFL-CIO (IUOE)",NA,"",NA,"",NA,NA,NA,"",NA,"","","","","","",7,"","","Included:  Operators, Mechanics, and Truck Drivers.

Excluded:  All clerical and professional employees, guards and supervisors defined by the Act.",NA,38.016674,-84.486043,"Lexington, KY 40502",1,"place","TIGER/Line® dataset from the US Census Bureau","Lexington","Fayette County","KY","40502","US",1,37.6560682334689,-84.89454842509,NA,NA
"09-RC-379269","BW INDUSTRIAL LLC","Region 08, Cleveland, Ohio","Open","01/16/2026","","","Altoona","PA","A","Single Labor Organization","Initial","03/18/2026",30,3,"International Union of Bricklayers and Allied Craftworkers",8,"",NA,"",NA,1,9,"",5,"","International Union of Bricklayers and Allied Craftworkers","Included: All full-time and regular part-time bricklayers employed by BW Industrial LLC within the United States using the Steiny/Daniel formula.
Excluded: All other employees, laborers, scaffolders, millwrights, mechanical employees, operating engineers, guards, and supervisors as defined in the National Labor Relations Act.

Also eligible to vote are all employees in the unit(s) who either (1) were employed a total of 30 working days or more within the 12 months preceding the election eligibility date or (2) had some employment in the 12 months preceding the election eligibility date and were employed 45 working days or more within the 24 months immediately preceding the election eligibility date. However, employees meeting either of those criteria who were terminated for cause or who quit voluntarily prior to the completion of the last job for which they were employed, are not eligible.","","","",NA,"","","",NA,38.25247,-85.753812,"Louisville, KY 40202",1,"place","TIGER/Line® dataset from the US Census Bureau","Louisville","Jefferson County","KY","40202","US",1,38.3114269029398,-85.4973495566129,NA,NA
"09-RC-380656","ZENITH LOGISTICS","Region 09, Cincinnati, Ohio","Open","02/06/2026","","","Louisville","KY","","","","",NA,NA,"General Drivers, Warehousemen and Helpers, Local Union No. 89, affiliated with the International Brotherhood of Teamsters",NA,"",NA,"",NA,NA,NA,"",NA,"","","","","","",38,"","","Included: All Grocery Assembly, Perishable Assembly, Freezer Assembly, Salvage, Inventory, Auditors, Sanitation, Bus Driver, Grocery Loading, Perishable Loading, Grocery Receive, Perishable Receive, Freezer Receive.

Excluded: All security,Safety and Supervisors as defined by the Act.",NA,38.25247,-85.753812,"Louisville, KY 40202",1,"place","TIGER/Line® dataset from the US Census Bureau","Louisville","Jefferson County","KY","40202","US",1,38.5234319048983,-85.3431076561875,NA,NA
"09-RC-382722","HOOTEN EQUIPMENT COMPANY, LLC","Region 09, Cincinnati, Ohio","Open","03/12/2026","","","Charleston","WV","A","Single Labor Organization","Initial","04/07/2026",18,NA,"United Association of Journeymen and Apprentices of the Plumbing and Pipe Fitting Industry of the United States and Canada, Local 625, AFL-CIO (PPF)",9,"",NA,"",NA,9,18,"",NA,"","","All full-time and regular part-time service department technicians, installers, and helpers employed by the Employer out of its Charleston, West Virginia facility, excluding all other employees, professional employees, office clerical employees, guards and supervisors as defined in the Act.","","","",15,"","","Included: All full-time and regular part-time service department technicians, installers, and helpers employed by the Employer at its Southern Territories branch located in Charleston, West Virginia. 

Excluded: All other employees, office clericals, guards and supervisors as defined in the Act.",18,38.350719,-81.630359,"Charleston, WV 25301",1,"place","TIGER/Line® dataset from the US Census Bureau","Charleston","Kanawha County","WV","25301","US",1,38.7304624975859,-81.4435257012349,NA,NA
"09-RC-386287","PETERMANN, LTD/DURHAM","Region 09, Cincinnati, Ohio","Open","05/04/2026","","","Pickerington","OH","","","","",NA,NA,"Teamsters Local No. 284, affiliated with the International Brotherhood of Teamsters",NA,"",NA,"",NA,NA,NA,"",NA,"","","","","","",133,"","","Included: Current description.  All bus drivers (including bus driver/trainer), both regular and substitute, regular van drivers. and monitors employed by Petermann, Ltd.

Excluded:  Current Exclusions: All office clerical employees, trainer/assistant branch manager. mechanics. substitute van drivers, and all professional employees, guards and supervisors as defined in the National Labor Relations Act.",NA,39.88423,-82.7535,"Pickerington, OH 43147",1,"place","TIGER/Line® dataset from the US Census Bureau","Pickerington","Fairfield County","OH","43147","US",1,40.1379331308748,-83.0716541250087,NA,NA
"09-RC-388637","BATESVILLE PRODUCTS, INC","Region 09, Cincinnati, Ohio","Open","06/10/2026","","","Lawrenceburg","IN","","","","",NA,NA,"International Brotherhood of Teamsters (IBT), Local 135",NA,"",NA,"",NA,NA,NA,"",NA,"","","","","","",18,"","","Included: All full-time and regular part-time production employees (Machinists, Polishers, and Shipping & Receiving) employed by the Employer at its 434 Margaret Street, Lawrenceburg, Indiana facility. 

Excluded:  Office clerical employees, confidential employees, temporary employees, guards, professional employees, supervisors as defined in the Act, and all other employees.",NA,39.152741,-84.891015,"Lawrenceburg, IN 47025",1,"place","TIGER/Line® from the US Census Bureau","Lawrenceburg","Dearborn County","IN","47025","US",1,39.0681098838705,-85.30037525884,NA,NA
"09-RC-389230","HAVEN SERVICES COL, LLC F/K/A THE WATERWORKS, LLC","Region 09, Cincinnati, Ohio","Open","06/22/2026","","","Columbus","OH","A","Single Labor Organization","Initial","07/22/2026",21,NA,"Plumbers and Pipefitters, Local Union 189, affiliated with the United Association of Journeymen and Apprentices of the Plumbing and Pipe Fitting Industry of the United States and Canada, AFL-CIO",8,"",NA,"",NA,13,21,"",NA,"","","All full-time regular and regular part-time Plumbing Service Technicians and Plumbing Service Apprentices employed by the Employer out of its office currently located at 550 Schrock Road, Columbus, Ohio, excluding all other employees, office clerical employees, professional employees, managerial employees, guards and supervisors as defined by the Act.","","","",16,"","","Included: All full time regular and regular part time Plumbing Service Technicians and 
Plumbing Service Apprentices employed by the Employer out of its office currently located 
at 550 Schrock Road, Columbus, OH 43229. 

Excluded: All other employees, clericals, guards, professional employees, managerial 
employees and supervisors as defined by the Act.
",21,40.100924,-83.013402,"Columbus, OH 43085",1,"place","TIGER/Line® from the US Census Bureau","Columbus","Franklin County","OH","43085","US",1,39.7544265003832,-82.9157708470479,NA,NA
"09-RC-390303","WOESTE MOTORS, INC. D/B/A HONDA EAST","Region 09, Cincinnati, Ohio","Open","07/09/2026","","","Cincinnati","OH","","","","",NA,NA,"International Association of Machinists and Aerospace Workers, AFL-CIO (IAM) Local 1943",NA,"",NA,"",NA,NA,NA,"",NA,"","","","","","",18,"","","Included: All full-time and regular part-time Hourly and Flat Rate Automotive Technicians, Maintenance Technicians, and Express Technicians.

Excluded: All Usual Exclusions as defined by the Act, including Shop Foremen, Service Advisors, Sales Department Employees, Parts Department Employees, Power Equipment Department Employees, Clerical, professional, managerial, guards and supervisors.",NA,39.166759,-84.53822,"Cincinnati, OH 45201",1,"place","TIGER/Line® from the US Census Bureau","Cincinnati","Hamilton County","OH","45201","US",1,39.0670710833077,-84.8483023813584,NA,NA
"09-RC-391290","JDRC MANAGED SERVICES, LLC","Region 09, Cincinnati, Ohio","Open","07/23/2026","","","Chillicothe","OH","","","","",NA,NA,"United Food and Commercial Workers, Local 1059",NA,"",NA,"",NA,NA,NA,"",NA,"","","","","","",18,"","","Included:  All Part-time and Full-time Wellness Advisors & Lead Wellness Advisors.

Excluded:  All supervisors as defined by the National Labor Relations Act.",NA,39.337384,-82.991332,"Chillicothe, OH 45601",1,"place","TIGER/Line® from the US Census Bureau","Chillicothe","Ross County","OH","45601","US",1,39.5666588850305,-83.2325481689717,NA,NA
"09-RC-392237","STARBUCKS CORPORATION","Region 09, Cincinnati, Ohio","Open","08/04/2026","","","Louisville","KY","","","","",NA,NA,"Workers United, affiliated with Service Employees International Union, AFL-CIO",NA,"",NA,"",NA,NA,NA,"",NA,"","","","","","",17,"","","Included:  All full-time and regular part-time Baristas and Shift Supervisors.

Excluded:  All store managers, assistant managers, office clericals, guards, professionals, supervisors.",NA,38.25247,-85.753812,"Louisville, KY 40202",1,"place","TIGER/Line® from the US Census Bureau","Louisville","Jefferson County","KY","40202","US",1,38.4202910182581,-85.9949996583938,NA,NA
"09-RC-392531","TRANE TECHNOLOGIES COMPANY LLC","Region 09, Cincinnati, Ohio","Open","08/10/2026","","","Louisville","KY","","","","",NA,NA,"United Association of Journeymen and Apprentices of the Plumbing and Pipe Fitting Industry of the United States and Canada, AFL-CIO (PPF) Local 502 Plumbers, Pipefitters and Service Technicians",NA,"",NA,"",NA,NA,NA,"",NA,"","","","","","",12,"","","Included: All full-time and regular part-time HVAC Service Technicians employed by the 
Employer out of its facility located at 12700 Plantside Drive, Louisville, Kentucky 40299. 
 
Excluded: All other employees, including office clerical employees, guards, managerial 
employees, and supervisors as defined by the Act.",NA,38.25247,-85.753812,"Louisville, KY 40202",1,"place","TIGER/Line® from the US Census Bureau","Louisville","Jefferson County","KY","40202","US",1,37.8913645425861,-86.1888689003727,NA,NA
"09-RC-392848","MEINEKE CAR CARE CENTER","Region 09, Cincinnati, Ohio","Open","08/14/2026","","","New Albany","IN","","","","",NA,NA,"International Association of Machinists and Aerospace Workers, AFL-CIO (IAM) Local 2018",NA,"",NA,"",NA,NA,NA,"",NA,"","","","","","",3,"","","Included:  All full and regular part time Service Technicians.

Excluded: Office clerical employees, professional employees, guards and supervisors, as defined.",NA,38.293355,-85.837911,"New Albany, IN 47150",1,"place","TIGER/Line® from the US Census Bureau","New Albany","Floyd County","IN","47150","US",1,38.0962709249272,-86.1937524971922,NA,NA
"09-RD-343950","MCDOWELL COUNTY COMMISSION ON AGING, INC.","Region 09, Cincinnati, Ohio","Open","06/07/2024","","","Welch","WV","A","Single Labor Organization","Initial","07/09/2024",NA,NA,"Service Employees International Union (SEIU) District 1199",NA,"",NA,"",NA,NA,NA,"",NA,"","","All full-time and regular part-time and PRN (as needed) service and maintenance employees, including all Personal Care Providers, Certified Nursing Assistants, Nursing Assistants, Homemakers, Home Health Aids, Housekeepers, Respite Workers, Cooks, Cook Helpers and Van Drivers employed by the Employer working in McDowell County, West Virginia; excluding all Registered Nurses, Licensed Practical Nurses, temporary maintenance employees, and all office clerical employees, guards, professional employees and supervisors as defined in the Act.","","","",73,"","","Included:  All full time, part time, and PRN, (as needed), service and maintenance employees including all Personal Care Providers, Certified Nursing Assistants, Nursing Assistants, Homemakers, Home Health Aids, Housekeepers, Respite Workers, Cooks, Cook Helpers and Van Drivers employed by the Employer working in McDowell County, West Virginia.

Excluded:  All Registered Nurses, Licensed Practical Nurses, Office Clerical employees, guards, temporary maintenance, professional employees and supervisors as defined in the Act.",NA,37.43289,-81.58455,"Welch, WV 24801",1,"place","TIGER/Line® dataset from the US Census Bureau","Welch","McDowell County","WV","24801","US",1,37.1153209981894,-81.8822520265534,NA,NA
"09-RD-373895","AMERICAN CRAFT BREWERY LLC D/B/A SAMUEL ADAMS CINCINNATI BREWERY","Region 09, Cincinnati, Ohio","Open","09/23/2025","","","Cincinnati","OH","","","","",NA,NA,"International Brotherhood of Teamsters (IBT), Local Union No. 1199",NA,"",NA,"",NA,NA,NA,"",NA,"","","","","","",23,"","","Included: Blend Technicians

Excluded: All other positions",NA,39.166759,-84.53822,"Cincinnati, OH 45201",1,"place","TIGER/Line® from the US Census Bureau","Cincinnati","Hamilton County","OH","45201","US",1,39.5152789750867,-84.655785163644,NA,NA
"09-RD-389160","GRIPPO POTATO CHIP COMPANY, INC.","Region 09, Cincinnati, Ohio","Open","06/18/2026","","","Cincinnati","OH","A","Single Labor Organization","Initial","07/10/2026",40,NA,"International Brotherhood of Teamsters (IBT), Local Union No. 1199",28,"",NA,"",NA,3,NA,"",NA,"","International Brotherhood of Teamsters, Local Union No. 1199","All full-time and regular part-time production and maintenance employees of the Employer at its Cincinnati, Ohio facility, excluding all other employees, office clerical employees, guards and supervisors as defined in the Act.
","","","",39,"","International Brotherhood of Teamsters, Local Union No. 1199","Included:  Fryer, machine operator, stock room, production, maintenance and forklift.

Excluded:  Supervisors, Management, Vice President and President.",40,39.166759,-84.53822,"Cincinnati, OH 45201",1,"place","TIGER/Line® from the US Census Bureau","Cincinnati","Hamilton County","OH","45201","US",1,39.3585511856511,-84.9268387481694,NA,NA
"09-RM-381652","ZENITH LOGISTICS, INC.","Region 09, Cincinnati, Ohio","Open","02/23/2026","","","Louisville","KY","","","","",NA,NA,"General Drivers, Warehousemen and Helpers, Local Union No. 89, affiliated with the International Brotherhood of Teamsters",NA,"",NA,"",NA,NA,NA,"",NA,"","","","","","",30,"","","Included:  All full-time and regular part-time Assembly Supervisors, Grocery Receiving Supervisors, Grocery Dock Supervisors, Perishable Load Supervisors, Produce Receiving Supervisors, Freezer Supervisors, Salvage Supervisors, and Food Safety and Sanitation Supervisors located at the Employer's facility at 2000 Nelson Miller Pkwy, Louisville, KY 40223.

Excluded:  All other employees and guards, confidential employees, administration employees, and supervisors as defined by the Act.",NA,38.25247,-85.753812,"Louisville, KY 40202",1,"place","TIGER/Line® dataset from the US Census Bureau","Louisville","Jefferson County","KY","40202","US",1,38.5516734223862,-86.2462533145054,NA,NA
"09-RM-391876","OHIOHEALTH NELSONVILLE HEALTH CENTER","Region 09, Cincinnati, Ohio","Open","07/29/2026","","","Nelsonville","OH","","","","",NA,NA,"International Union of Operating Engineers, AFL-CIO (IUOE) Local 18-S",NA,"",NA,"",NA,NA,NA,"",NA,"","","","","","",14,"","","Included: All full-time and regular part-time service, maintenance, technical and business office clerical employees employed by the Health Center located at 11 John Lloyd Evans Memorial Drive in Nelsonville, Ohio, including licensed practical nurses, as certified by the National Labor Relations Board on June 8, 1981, in Case No. 9-RC-13653. 

Excluded: All registered nurses, all professional employees, all administrative assistants, managers, confidential secretaries, trainees and guards and all supervisors as defined by the Act.",NA,39.45868,-82.23182,"Nelsonville, OH 45764",1,"place","TIGER/Line® from the US Census Bureau","Nelsonville","Athens County","OH","45764","US",1,39.2359317139092,-81.8897160204497,NA,NA
"10-RC-269250","AMAZON.COM SERVICES LLC","Region 10, Atlanta, Georgia","Open","11/20/2020","","","Bessemer","AL","A","Single Labor Organization","Rerun","03/31/2022",6153,59,"Retail, Wholesale, and Department Store, Local 932",875,"",NA,"",NA,993,1868,"",416,"Y","","","","","",1500,"","","Included: All hourly full-time and regular part-time fulfillment center employees including leads and
learning ambassadors.

Excluded: All truck drivers, seasonal employees, temporary employees, clerical employees, professional
employees, managerial employees, engineering employees, maintenance employees, robotics
employees, information technology employees and all supervisors as defined by the Act.",6153,33.402429,-86.951784,"Bessemer, AL 35020",1,"place","TIGER/Line® dataset from the US Census Bureau","Bessemer","Jefferson County","AL","35020","US",1,32.9847777918824,-86.8631234517917,NA,NA
"10-RC-297834","Siebel OCP Shakeout Test Employer","Region 10, Atlanta, Georgia","Open","06/19/2022","","","Atlanta","GA","A","Single Labor Organization","Initial","06/14/2022",102,1,"",52,"",NA,"",NA,49,101,"",NA,"","Siebel OCP Shakeout Test Employer","","","","",NA,"","","",NA,33.844371,-84.47405,"Atlanta, GA 30301",1,"place","TIGER/Line® dataset from the US Census Bureau","Atlanta","Cobb County","GA","30301","US",1,34.2754458393182,-84.372896429307,NA,NA
"10-RC-305694","Shakeout Release 38 - Deneen Test","Region 10, Atlanta, Georgia","Open","10/22/2022","","","Atlanta","GA","","","","",NA,NA,"Program Analysts of America",NA,"",NA,"",NA,NA,NA,"",NA,"","","","","","",125,"","","Included: All full time and regular part time employees located at the Employer's .... Excluded: All managers and supervisors located at the Employer's ...",NA,33.844371,-84.47405,"Atlanta, GA 30301",1,"place","TIGER/Line® dataset from the US Census Bureau","Atlanta","Cobb County","GA","30301","US",1,33.9349622539456,-84.3092738992229,NA,NA
"10-RC-309031","Shakeout Testing","Region 10, Atlanta, Georgia","Open","12/18/2022","","","Atlanta","GA","A","Single Labor Organization","Initial","12/18/2022",11,11,"sj",NA,"",NA,"",NA,NA,NA,"",NA,"","","","","","",NA,"","","",NA,33.844371,-84.47405,"Atlanta, GA 30301",1,"place","TIGER/Line® dataset from the US Census Bureau","Atlanta","Cobb County","GA","30301","US",1,33.7139949902638,-84.5124620335802,NA,NA
"10-RC-330301","Shakeout Release 45 Test 3 - Deneen","Region 10, Atlanta, Georgia","Open","11/19/2023","","","Winston-Salem","NC","A","Single Labor Organization","Initial","11/19/2023",125,NA,"",63,"",NA,"",NA,62,NA,"",NA,"","Program Analysts of America","Included:  All full time and regular part-time employees located at the Employer's facility...
Excluded:  All managers and supervisors located at the Employer facility...","","","",NA,"","","",NA,36.111102,-80.200493,"Winston Salem, NC 27101",1,"place","TIGER/Line® dataset from the US Census Bureau","Winston Salem","Forsyth County","NC","27101","US",1,36.3615205072612,-80.5735457004227,NA,NA
"10-RC-338646","Christie Lites Nashville, LLC and Christie Lites Enterprises USA, LLC, Joint Employers","Region 10, Atlanta, Georgia","Open","03/26/2024","","","Nashville","TN","A","Single Labor Organization","Initial","04/22/2024",31,NA,"International Alliance of Theatrical Stage Employees (IATSE), Local 46",9,"",NA,"",NA,18,27,"",NA,"","","All full time and regular part time Dock Technicians, Cable Technicians, Electronic Department Head, Prep Liaisons, Repair Technicians, Cable Department Head, Electronics Technicians, Repair Department Head, Moving Lights Technicians, Hoists & Automation Technicians, Rigging Technicians, Dock Department Head, Conventional Technicians, Moving Lights Department Head, Conventional Department Head, and Asset Tracking Technicians employed by the Employers at their facility located at 5600 East Division Street, Unit 102B, Mt. Juliet, TN, 37122, but excluding all professional employees, managerial employees, office clerical employees, guards, and supervisors as defined by the Act.","","","",31,"","","Included:  All full-time and regular part-time employees employed at the Mount Juliet, Tennessee warehouse.

Excluded:  All other employees, confidential employees, guards, and supervisors as defined by the Act.",31,36.165688,-86.778098,"Nashville, TN 37201",1,"place","TIGER/Line® dataset from the US Census Bureau","Nashville","Davidson County","TN","37201","US",1,36.3026194501062,-86.2790509497474,NA,NA
"10-RC-339395","Mercedes-Benz U.S. International, Inc.","Region 10, Atlanta, Georgia","Open","04/05/2024","","","Vance","AL","","","","",NA,NA,"International Union, United Automobile, Aerospace and Agricultural Implement Workers of America (UAW)",NA,"",NA,"",NA,NA,NA,"",NA,"","","","","","",5200,"","","Included: All full-time and regular part-time Production and Maintenance employees employed by Mercedes-Benz U.S. International, at its facilities located at 1 Mercedes Drive, Vance Alabama 35490 and 933 Scott G Davis Parkway, Woodstock, Alabama 35188

Excluded: All professional employees, guards, managers and supervisors as defined in the Act.",NA,33.226133,-87.225842,"Vance, AL 35490",1,"place","TIGER/Line® dataset from the US Census Bureau","Vance","Tuscaloosa County","AL","35490","US",1,33.4684426317798,-86.8464652560799,NA,NA
"10-RC-340445","10 Roads Express","Region 10, Atlanta, Georgia","Open","04/19/2024","","","Greensboro","NC","","","","",NA,NA,"Teamsters Local 391",NA,"",NA,"",NA,NA,NA,"",NA,"","","","","","",90,"","","Included: Full Time and Casual Drivers Excluded: Mechanics, Managers, and Supervisors",NA,36.069144,-79.765156,"Greensboro, NC 27401",1,"place","TIGER/Line® dataset from the US Census Bureau","Greensboro","Guilford County","NC","27401","US",1,36.0887642746592,-79.6034555252032,NA,NA
"10-RC-345700","Hiller, LLC","Region 10, Atlanta, Georgia","Open","07/05/2024","","","Bowling Green","KY","A","Single Labor Organization","Initial","07/31/2024",7,NA,"UA Local 502 Plumbers Pipe fitters and Services Technicians",3,"",NA,"",NA,3,6,"",1,"Y","UA Local 502 Plumbers Pipe fitters and Services Technicians","Included: All full-time and regular part-time plumbers and plumber apprentices/helpers, including those employees in the positions of Plumbing Service Tech, Plumbing Install Tech, and Plumbing Install Apprentice, employed by the Employer at its Bowling Green, Kentucky, location.

Excluded: All other employees, Electricians, HVAC techs, professional employees, managers, guards and supervisors as defined in the Act. 

Others Permitted to Vote: At this time, no decision has been made regarding whether employees classified as Plumbing Service Team Leader are included or excluded from the bargaining unit. The individual in this job classification may vote in the election, but their ballot shall be challenged. The eligibility or inclusion of this job classification will be resolved, if necessary, following the election. 
","","","",7,"","UA Local 502 Plumbers Pipe fitters and Services Technicians","Included: All full time and regular part-time plumbers and plumber apprentices/helpers employed by the Employer from its Bowling Green, KY location.

Excluded: Electricians, HVAC techs, and all other employees, guards, managers, supervisors, and professional employees, as defined in the Act.",7,37.017407,-86.451752,"Bowling Green, KY 42101",1,"place","TIGER/Line® dataset from the US Census Bureau","Bowling Green","Warren County","KY","42101","US",1,36.6861166799724,-86.1034695014596,NA,NA
"10-RC-350539","Aqua-Chem, Inc.","Region 10, Atlanta, Georgia","Open","09/16/2024","","","Knoxville","TN","A","Single Labor Organization","Initial","12/03/2024",53,NA,"UA Local 102 Plumbers and Pipefitters",11,"",NA,"",NA,40,51,"",8,"","","All full-time and regular part-time welders and welder foreman employed by the Employer at its Knoxville, Tennessee facility, but excluding all other employees, office clerical employees, professional employees, managers, guards and supervisors as defined in the Act","","","",55,"","","Included: All full-time and regular part time Welders and Welder Foremen employed by the employer at its facility located at 3001 E. Governor John Sevier Hwy, Knoxville, Tennessee

Excluded: All other employees, managers, supervisors, guards, and clerical employees as defined in the Act.",53,36.032334,-83.884804,"Knoxville, TN 37901",1,"place","TIGER/Line® dataset from the US Census Bureau","Knoxville","Knox County","TN","37901","US",1,36.1850477227822,-83.4521194476099,NA,NA
"10-RC-352152","Environmental Air Systems, LLC","Region 10, Atlanta, Georgia","Open","10/07/2024","","","High Point","NC","A","Single Labor Organization","Initial","11/04/2024",55,NA,"Plumbers and Pipefitters Local 421",12,"",NA,"",NA,37,49,"",7,"","Plumbers and Pipefitters Local 421","INCLUDED: All full-time and regular part-time Structural Welders, Pipe Welders, Mechanics, Electricians, Pipefitters, Helpers, Lead Men, Foremen, Testers, Material Handlers, and Painters employed by Environmental Air Systems, LLC at its 623 McWay Drive, High Point, North Carolina facility.

EXCLUDED: All other employees, office clerical employees, professional employees, managers, guards and supervisors as defined in the Act.

OTHERS ELIGIBLE TO VOTE: At this time, no decision has been made regarding whether Inventory Control employees, Quality Control Inspectors, and Safety Coordinators are included in, or excluded from, the bargaining unit, and individuals in this classification may vote subject to challenge. The eligibility or inclusion of these individuals will be resolved, if necessary, following the election.
","","","",67,"","Plumbers and Pipefitters Local 421","Included: All full-time and regular part-time production employees employed by the Employer at its 623 McWay Drive, High Point, North Carolina facility. 

Excluded: All other employees, office clerical employees, guards and supervisors as defined in the Act.",55,35.954467,-79.987882,"High Point, NC 27260",1,"place","TIGER/Line® dataset from the US Census Bureau","High Point","Guilford County","NC","27260","US",1,35.6313515301121,-79.6411161768034,NA,NA
"10-RC-354986","Upper Cumberland Electric Membership Cooperation","Region 10, Atlanta, Georgia","Open","11/18/2024","","","Carthage","TN","A","Single Labor Organization","Initial","12/18/2024",74,NA,"International Brotherhood of Electrical Workers Local 429",27,"",NA,"",NA,33,60,"",14,"Y","International Brotherhood of Electrical Workers Local 429","All full-time and regular part-time employees in the following classifications employed by the Employer at its facilities in Carthage, Cookeville, Gainesboro, and Livingston, Tennessee: Construction Employees and Service Employees, including Journeyman Linemen, Apprentice Linemen, Groundmen, Warehousemen, Servicemen, Pole Tester/Inspectors, Right-of-Way Equipment Operators, Right-of-Way Equipment Assistants, Right-of-Way Coordinators, Apparatus Technicians, Groundmen Equipment Operators, First Class Meter Installers, Warehouse Clerks, Meter Technicians,  Working Line Foremen, Service Foremen, Rock Hole Foremen, but excluding all Customer Service Representatives, Accounting Staff, Staking Engineers, Electrical Engineers, Engineering Support Clerks, Supervisors of Right-of-Way Maintenance, Warehouse Supervisors, Supervisors of Technical Operations, District Operations Assistants, Executives, Superintendents, Office clerical employees, supplied employees, professional employees, janitors, salesmen, guards, and supervisors as defined in the Act.

Others permitted to vote: The parties have agreed that Staking Technicians, Senior Staking Technicians, and Line Foreman may vote in the election, but their ballots will be challenged since their eligibility has not been resolved. No decision has been made regarding whether the individuals in these classifications or groups are included in, or excluded from, the bargaining unit. The eligibility or inclusion of these individuals will be resolved, if necessary, following the election.","","","",72,"","International Brotherhood of Electrical Workers Local 429","Included: Foreman, Lineman, Apprentice lineman, Staking Engineer, Warehouseman, Apparatus, Right A Way

Excluded: All other employees, executives, superintendents, office clerical employees, part-time and temporary employees, professional employees, engineers, janitors, salesmen, guards, and supervisors as defined in the Act",74,36.276278,-85.95174,"Carthage, TN 37030",1,"place","TIGER/Line® dataset from the US Census Bureau","Carthage","Smith County","TN","37030","US",1,35.9838756796914,-85.8403697526769,NA,NA
"10-RC-360363","Starbucks Corporation","Region 10, Atlanta, Georgia","Open","02/18/2025","","","Marietta","GA","A","Single Labor Organization","Initial","03/12/2025",21,1,"Workers United, Service Employees International Union",7,"",NA,"",NA,10,17,"",1,"","Workers United, Service Employees International Union","INCLUDED: All full-time and regular part-time Baristas and Shift Supervisors employed by the Employer at its facility located at 2535 Dallas Highway SW, Suite B, Marietta, Georgia 30064.

EXCLUDED: All other employees, store managers, assistant store managers, office clerical employees, professional employees, guards, and supervisors as defined in the Act.
","","","",19,"","Workers United, Service Employees International Union","Included: All full-time and regular part-time Baristas and Shift Supervisors.

Excluded: Asst. Store Mgrs., Store Mgrs., office clericals, guards and supervisors as defined by Act.",21,33.912473,-84.557181,"Marietta, GA 30007",1,"place","TIGER/Line® dataset from the US Census Bureau","Marietta","Cobb County","GA","30007","US",1,34.0668908416952,-84.4271891524439,NA,NA
"10-RC-368383","Navistar Big Bore Diesels, LLC","Region 10, Atlanta, Georgia","Open","06/30/2025","","","Huntsville","AL","A","Single Labor Organization","Initial","08/07/2025",228,NA,"International Union, United Automobile, Aerospace and Agricultural Implement Workers of America (UAW)",73,"",NA,"",NA,142,216,"",1,"","","Included: All full-time and regular part-time production and maintenance employees of the Employer employed at its Huntsville, Alabama facility, including assemblers, machinists, maintenance mechanics, team leaders, inventory control coordinators, and quality control technicians.

Excluded: All salaried employees, clerical employees, engineers, professionals, confidential employees, managers, guards and supervisors as defined by the Act.","","","",220,"","","Included:
All full-time and regular part-time manufacturing employees.

Excluded:
Clerical employees and engineers and statutorily excluded employees.",228,34.718428,-86.556439,"Huntsville, AL 35801",1,"place","TIGER/Line® dataset from the US Census Bureau","Huntsville","Madison County","AL","35801","US",1,34.40962300136,-86.6444352428007,NA,NA
"10-RC-369430","A-National Limousine Services, Inc., and A-National Transit, LLC, joint and single employers","Region 10, Atlanta, Georgia","Open","07/16/2025","","","Atlanta","GA","","","","",NA,NA,"Local Union 732 of the Amalgamated Transit Union, AFLCIO",NA,"",NA,"",NA,NA,NA,"",NA,"","","","","","",100,"","Local Union 732 of the Amalgamated Transit Union, AFLCIO","Included: All employees employed at or out of the facility, including operators,
maintenance, dispatchers, and road supervisors.

Excluded: All managers, and guards and supervisors as defined in the Act.",156,33.844371,-84.47405,"Atlanta, GA 30301",1,"place","TIGER/Line® dataset from the US Census Bureau","Atlanta","Cobb County","GA","30301","US",1,34.0098205112598,-84.5014715254467,NA,NA
"10-RC-369790","Starbucks Corporation","Region 10, Atlanta, Georgia","Open","07/22/2025","","","Bonaire","GA","","","","",NA,NA,"Workers United",NA,"",NA,"",NA,NA,NA,"",NA,"","","","","","",21,"","","Included: All full-time and regular part-time baristas and shift supervisors.

Excluded: Asst. Store Mgrs., Store Mgrs., office clericals, guards and supervisors as defined by the Act.",NA,32.54376,-83.59602,"Bonaire, GA 31005",1,"place","TIGER/Line® dataset from the US Census Bureau","Bonaire","Houston County","GA","31005","US",1,32.052968048461,-83.3890119729941,NA,NA
"10-RC-372737","Andy Frain Services, Inc.","Region 10, Atlanta, Georgia","Open","09/05/2025","","","Charlotte","NC","","","","",NA,NA,"Wallace Regiment Union",NA,"",NA,"",NA,NA,NA,"",NA,"","","","","","",5,"","","Included: All full-time and part-time security officers employed at 1001 Bond Street, Charlotte, NC 28208.

Excluded: All supervisors, managers, and clerical employees.",NA,35.26002,-80.804151,"Charlotte, NC 28201",1,"place","TIGER/Line® dataset from the US Census Bureau","Charlotte","Mecklenburg County","NC","28201","US",1,35.5791107670651,-80.798848180111,NA,NA
"10-RC-376870","ATI Specialty Alloys & Components, LLC","Region 10, Atlanta, Georgia","Open","12/11/2025","","","Huntsville","AL","","","","",NA,NA,"Christopher L. Wike, United Steel, Paper and Forestry, Rubber, Manufacturing, Energy, Allied Industrial and Service Workers International Union, AFL-CIO, CLC",NA,"",NA,"",NA,NA,NA,"",NA,"","","","","","",155,"","","Included: All regular full-time and part-time production, maintenance, quality, shipping, and warehouse employees employed by ATI Specialty Alloys & Components at its Huntsville, AL facility 
Excluded: All temporary employees, office clerical employees, professional employees, managerial employees, guards, and supervisors as defined by the Act",NA,34.718428,-86.556439,"Huntsville, AL 35801",1,"place","TIGER/Line® dataset from the US Census Bureau","Huntsville","Madison County","AL","35801","US",1,34.7485306611123,-87.0050338525835,NA,NA
"10-RC-377842","Starbucks Corporation","Region 10, Atlanta, Georgia","Open","12/23/2025","","","Greenville","SC","","","","",NA,NA,"Workers United a/w SEIU",NA,"",NA,"",NA,NA,NA,"",NA,"","","","","","",15,"","","Included:  All full-time and regular part-time baristas and shift supervisors 

Excluded:  Asst.Store Mgers,Store Mgers.,office clericals,guards and supervisors as def. by Act",NA,34.848567,-82.402871,"Greenville, SC 29601",1,"place","TIGER/Line® dataset from the US Census Bureau","Greenville","Greenville County","SC","29601","US",1,34.7615600599593,-82.711931695814,NA,NA
"10-RC-389226","Westport Axel Co., LLC","Region 10, Atlanta, Georgia","Open","06/22/2026","","","Cloverdale","VA","A","Single Labor Organization","Initial","07/22/2026",124,NA,"International Brotherhood of Teamsters Local 171",49,"",NA,"",NA,57,106,"",2,"","International Brotherhood of Teamsters Local 171","All full-time and regular part-time employees who work as assemblers, material handlers, and quality inspectors employed by the Employer at its Cloverdale facility located at 1796 Lee Highway, Cloverdale, Virginia 24077, but excluding all other employees, maintenance employees, custodians, clericals, drivers, quality liaisons, safety coordinators, IT administrators and coordinators, managers, assistant managers, guards, supervisors, and all other statutory exclusions as defined by the Act.","","","",120,"","International Brotherhood of Teamsters Local 171","Included: Assembly, paint, materials, maintenance, and officer employees

Excluded: Supervisors, managers, and all other statutory exclusions",124,37.366211,-79.904022,"Cloverdale, VA 24077",1,"place","TIGER/Line® from the US Census Bureau","Cloverdale","Botetourt County","VA","24077","US",1,37.6407259659459,-80.0796651630347,NA,NA
"10-RC-390158","Bradley Technologies Inc. / American Eagle Protective Services","Region 10, Atlanta, Georgia","Open","07/07/2026","","","Birmingham","AL","","","","",NA,NA,"International Union, Security, Police and Fire Professionals of America (SPFPA)",NA,"",NA,"",NA,NA,NA,"",NA,"","","","","","",94,"","","Included: All employees performing guard duties as defined in section 9(b)(3) of the 
national labor relations act, employed by Bradley Technologies Inc./ American Eagle Protective Services @ Various Federal facilities in AL
 Excluded: All office clerical employees, professional employees and supervisors as defined in the act.",NA,33.456412,-86.801904,"Birmingham, AL 35201",1,"place","TIGER/Line® from the US Census Bureau","Birmingham","Jefferson County","AL","35201","US",1,33.8924910804494,-86.7569138495092,NA,NA
"10-RC-390592","Dark Horse Electric, LLC","Region 10, Atlanta, Georgia","Open","07/14/2026","","","Sunbright","TN","A","Single Labor Organization","Initial","08/12/2026",16,NA,"International Brotherhood of Electrical Workers Local Union 270",14,"",NA,"",NA,1,17,"",2,"","International Brotherhood of Electrical Workers Local Union 270","","","","",19,"","International Brotherhood of Electrical Workers Local Union 270","Included: All Groundman, Equipment Operators, Apprentice Lineman, Lineman, Foreman, and General Foreman Excluded: Excluding all job classifications, Guards, Professional Employees, and Supervisors as defined in the Act.",16,36.24341,-84.66994,"Sunbright, TN 37872",1,"place","TIGER/Line® from the US Census Bureau","Sunbright","Morgan County","TN","37872","US",1,36.0253644195663,-85.0225953378906,NA,NA
"10-RC-390697","Starbucks Corporation","Region 10, Atlanta, Georgia","Open","07/15/2026","","","Florence","AL","","","","",NA,NA,"WORKERS UNITED A/W SERVICE EMPLOYEES INTERNATIONAL UNION, AFL-CIO",NA,"",NA,"",NA,NA,NA,"",NA,"","","","","","",12,"","","Included: All full-time and regular part-time baristas and shift supervisors. 

Excluded: Store Mgrs., Ass't Store Mgrs, office clericals, guards and supervisors as defined by Act.",NA,34.82298,-87.661652,"Florence, AL 35630",1,"place","TIGER/Line® from the US Census Bureau","Florence","Lauderdale County","AL","35630","US",1,34.9951756848633,-87.7323717312731,NA,NA
"10-RC-391380","Service Electric Company","Region 10, Atlanta, Georgia","Open","07/23/2026","","","Chattanooga","TN","","","","",NA,NA,"International Brotherhood of Electrical Workers Local 175",NA,"",NA,"",NA,NA,NA,"",NA,"","","","","","",6,"","","Included: Field Safety Coordinators.

Excluded: Guards, Supervisors and Management as defined by the Act.",NA,35.017818,-85.206426,"Chattanooga, TN 37401",1,"place","TIGER/Line® from the US Census Bureau","Chattanooga","Hamilton County","TN","37401","US",1,35.0190756179579,-85.0218980584862,NA,NA
"10-RC-391605","Starbucks Corporation","Region 10, Atlanta, Georgia","Open","07/27/2026","","","Atlanta","GA","","","","",NA,NA,"WORKERS UNITED A/W SERVICE EMPLOYEES INTERNATIONAL UNION, AFL-CIO",NA,"",NA,"",NA,NA,NA,"",NA,"","","","","","",16,"","","Included:
All full-time and regular part-time baristas and shift supervisors.

Excluded:
Store Mgrs,Ass't Store Mgrs, office clericals, guards and supervisors as defined by Act.",NA,33.844371,-84.47405,"Atlanta, GA 30301",1,"place","TIGER/Line® from the US Census Bureau","Atlanta","Cobb County","GA","30301","US",1,33.637330485203,-84.8244235777922,NA,NA
"10-RC-391711","Carvana Logistics LLC","Region 10, Atlanta, Georgia","Open","07/29/2026","","","Concord","NC","","","","",NA,NA,"International Brotherhood of Teamsters Local 71",NA,"",NA,"",NA,NA,NA,"",NA,"","","","","","",57,"","","Included: All full-time and regular part-time vehicle transporters who are employed by the 
Employer at its facilities located at 3025 New Town Way SW, Concord, NC 28027 and 11600 Fruehauf Dr, Charlotte, NC 28273. 
Excluded: All other employees, customer advocates, office clerical employees, professional employees, confidential employees, managerial employees, guards, and supervisors as defined by the Act.",NA,35.371633,-80.562141,"Concord, NC 28025",1,"place","TIGER/Line® from the US Census Bureau","Concord","Cabarrus County","NC","28025","US",1,35.2503083676832,-80.9798739740487,NA,NA
"10-RC-391824","Alsco Inc.","Region 10, Atlanta, Georgia","Open","07/30/2026","","","Wilmington","NC","","","","",NA,NA,"Teamsters Local 391 Affiliated with International Brotherhood of Teamsters",NA,"",NA,"",NA,NA,NA,"",NA,"","","","","","",5,"","","Included:  Route Delivery Drivers

Excluded:  All Managers and Supervisors 
",NA,34.271985,-77.963628,"Wilmington, NC 28401",1,"place","TIGER/Line® from the US Census Bureau","Wilmington","New Hanover County","NC","28401","US",1,33.9710312222602,-78.079346384739,NA,NA
"10-RC-391969","Vestis Services, LLC","Region 10, Atlanta, Georgia","Open","07/31/2026","","","Greensboro","NC","","","","",NA,NA,"Teamsters Local 391",NA,"",NA,"",NA,NA,NA,"",NA,"","","","","","",9,"","","Included; 8 CDL Shuttle Drivers

Excluded; All management, Managers and Supervision",NA,36.069144,-79.765156,"Greensboro, NC 27401",1,"place","TIGER/Line® from the US Census Bureau","Greensboro","Guilford County","NC","27401","US",1,36.2729939116898,-79.4186884105062,NA,NA
"10-RC-392179","Butterball, LLC","Region 10, Atlanta, Georgia","Open","08/04/2026","","","Raeford","NC","","","","",NA,NA,"United Food and Commercial Workers International Union Local No. 1208",NA,"",NA,"",NA,NA,NA,"",NA,"","","","","","",50,"","","Included: All regular full-time and part-time sanitation workers Excluded: Office clerical employees, utility and facility maintenance, truck drivers, quality control, dispatchers, dispatcher clerks, confidential employees, professional employees, managerial employees, classroom trainers, guards, and supervisors as defined by the ACT",NA,34.953431,-79.233178,"Raeford, NC 28376",1,"place","TIGER/Line® from the US Census Bureau","Raeford","Hoke County","NC","28376","US",1,34.5442446952203,-78.9998559051069,NA,NA
"10-RC-392346","Carvana Logistics LLC","Region 10, Atlanta, Georgia","Open","08/06/2026","","","Charlotte","NC","","","","",NA,NA,"International Brotherhood of Teamsters Local 71",NA,"",NA,"",NA,NA,NA,"",NA,"","","","","","",51,"","","Included: All full time and regular part-time Vehicle Transporters employed by the Employer from its facility located at 11600 Fruehauf Dr, Charlotte, NC 28273. 

Excluded: All other employees, including but not limited to office clerical employees, 
professional employees, confidential employees, managerial employees, guards, and supervisors 
as defined by the Act.",NA,35.26002,-80.804151,"Charlotte, NC 28201",1,"place","TIGER/Line® from the US Census Bureau","Charlotte","Mecklenburg County","NC","28201","US",1,34.8681052805171,-80.7280471543888,NA,NA
"10-RC-392402","Karns Fire Department","Region 10, Atlanta, Georgia","Open","08/06/2026","","","Knoxville","TN","","","","",NA,NA,"United Firefighters of Karns Local 4900",NA,"",NA,"",NA,NA,NA,"",NA,"","","","","","",19,"","","Included: Full-time Captains, Engineers, and Fire Fighters employed by the employer.
Excluded: Volunteers, Fire Chief, Assistant Chiefs, Training Captain, guards, and supervisors as defined in the Act.",NA,36.032334,-83.884804,"Knoxville, TN 37901",1,"place","TIGER/Line® from the US Census Bureau","Knoxville","Knox County","TN","37901","US",1,36.0905715596277,-83.8944714456727,NA,NA
"10-RC-392483","Ascent Chemical","Region 10, Atlanta, Georgia","Open","08/07/2026","","","Cleveland","TN","","","","",NA,NA,"United Steel, Paper and Forestry, Rubber, Manufacturing, Energy, Allied Industrial and Service Workers International Union, AFL-CIO, CLC or United Steelworkers",NA,"",NA,"",NA,NA,NA,"",NA,"","","","","","",28,"","","Included: All full-time and regular part-time production, maintenance, and lab employees employed by the Employer at its facility in Cleveland, TN.

Excluded: All temporary employees, agency and joint employees, office clerical employees, professional employees, managerial employees, guards, and supervisors as defined by the Act.",NA,35.149223,-84.874031,"Cleveland, TN 37311",1,"place","TIGER/Line® from the US Census Bureau","Cleveland","Bradley County","TN","37311","US",1,35.5487242559462,-85.1467118772422,NA,NA
"10-RC-392521","AGL Services Company","Region 10, Atlanta, Georgia","Open","08/10/2026","","","Atlanta","GA","","","","",NA,NA,"International Brotherhood of Electrical Workers Local #1997",NA,"",NA,"",NA,NA,NA,"",NA,"","","","","","",7,"","","Included: Safety & Health Specialist 1, 2, and Sr.

Excluded: All clerical, supervisors, management, guards, and all others defined by the Act.",NA,33.844371,-84.47405,"Atlanta, GA 30301",1,"place","TIGER/Line® from the US Census Bureau","Atlanta","Cobb County","GA","30301","US",1,34.0795260091989,-84.5372134637248,NA,NA
"10-RC-392550","Laboratory Corporation of America","Region 10, Atlanta, Georgia","Open","08/10/2026","","","Tucker","GA","","","","",NA,NA,"International Union of Painters & Allied Trades District Council No. 77",NA,"",NA,"",NA,NA,NA,"",NA,"","","","","","",80,"","","Included; All regular part-time and full-time warehouse workers and drivers (Service Reps/Senior Service Reps).

Excluded; All other employees, guards, supervisors, office clerical and employees of
temporary services.",NA,33.853945,-84.215369,"Tucker, GA 30084",1,"place","TIGER/Line® from the US Census Bureau","Tucker","Dekalb County","GA","30084","US",1,34.2338165167213,-83.9163142164639,NA,NA
"10-RC-392876","St. Martin's In The Pines","Region 10, Atlanta, Georgia","Open","08/14/2026","","","Birmingham","AL","","","","",NA,NA,"Retail Wholesale and Department Store Union Mid-South Council",NA,"",NA,"",NA,NA,NA,"",NA,"","","","","","",58,"","","Included:
Full-time/part-time CNA's, Restorative, and Caregivers.

Excluded:
Clerical, Management.",NA,33.456412,-86.801904,"Birmingham, AL 35201",1,"place","TIGER/Line® from the US Census Bureau","Birmingham","Jefferson County","AL","35201","US",1,33.4056729584704,-87.164456864477,NA,NA
"10-RD-149908","Shakeout Case (DON'T DELETE)","Region 10, Atlanta, Georgia","Open","06/01/2020","","","Atlanta","GA","","","","",NA,NA,"Alex TESTING TESTING IGNORE",NA,"",NA,"",NA,NA,NA,"",NA,"","","","","","",NA,"","NXGEN SHAKE OUT TEST PARTICIPANT","",NA,33.844371,-84.47405,"Atlanta, GA 30301",1,"place","TIGER/Line® dataset from the US Census Bureau","Atlanta","Cobb County","GA","30301","US",1,33.4934541479896,-84.0826837352172,NA,NA
"10-RD-329438","Shakeout - Operations use, do not use","Region 10, Atlanta, Georgia","Open","01/02/2020","","","Atlanta","GA","","","","",NA,NA,"",NA,"",NA,"",NA,NA,NA,"",NA,"","","","","","",10,"","","unit included testing


unit not included testing",NA,33.844371,-84.47405,"Atlanta, GA 30301",1,"place","TIGER/Line® dataset from the US Census Bureau","Atlanta","Cobb County","GA","30301","US",1,33.6618605825796,-84.3825601492237,NA,NA
"10-RD-357883","Neuro Tour Physical Therapy","Region 10, Atlanta, Georgia","Open","01/07/2025","","","Marietta","GA","A","Single Labor Organization","Initial","08/13/2026",22,NA,"International Alliance of Theatrical Stage Employees (IATSE)",5,"",NA,"",NA,11,16,"",6,"","","All full-time physical therapists, athletic trainers, and massage therapists employed by the Employer who work on tours, but excluding all other employees, office clerical employees, managerial employees, guards, and supervisors as defined by the Act.","","","",14,"","","Included:  All full-time physical therapists, athletic trainers, and massage therapists employed on tour.

Excluded:  All other employees, office clerical employees, guards, and supervisors as defined in the Act.",22,33.912473,-84.557181,"Marietta, GA 30007",1,"place","TIGER/Line® dataset from the US Census Bureau","Marietta","Cobb County","GA","30007","US",1,33.8278753509473,-84.6907961021533,NA,NA
"10-RD-374383","The Quartz Corp.","Region 10, Atlanta, Georgia","Open","10/14/2025","","","Spruce Pine","NC","","","","",NA,NA,"United Mine Workers Local 140",NA,"",NA,"",NA,NA,NA,"",NA,"","","","","","",37,"","","Included:

Plant operators, shipping and receiving

Excluded:",NA,35.91464,-82.07647,"Spruce Pine, NC 28777",1,"place","TIGER/Line® dataset from the US Census Bureau","Spruce Pine","Mitchell County","NC","28777","US",1,35.6110741672137,-81.78336983177,NA,NA
"10-RD-382493","First Student, Inc.","Region 10, Atlanta, Georgia","Open","03/09/2026","","","Dalton","GA","","","","",NA,NA,"Amalgamated Transit Union",NA,"",NA,"",NA,NA,NA,"",NA,"","","","","","",59,"","","Included: Bus drivers

Excluded: All other employees
",NA,34.801861,-84.989796,"Dalton, GA 30719",1,"place","TIGER/Line® dataset from the US Census Bureau","Dalton","Whitfield County","GA","30719","US",1,35.2885373013415,-84.8284107154961,NA,NA
"10-RD-384068","Republic Services","Region 10, Atlanta, Georgia","Open","04/02/2026","","","Calhoun","GA","","","","",NA,NA,"International Brotherhood of Teamsters, Local Union No. 728",NA,"",NA,"",NA,NA,NA,"",NA,"","","","","","",34,"","","Included: 
All full-time and regular part-time drivers 
Excluded: 
All other employees, managers, and supervisors as defined in the Act",NA,34.496921,-84.887942,"Calhoun, GA 30701",1,"place","TIGER/Line® dataset from the US Census Bureau","Calhoun","Gordon County","GA","30701","US",1,34.8114775050654,-84.7957149773708,NA,NA
"10-RD-387727","BWXT Nuclear Operations Group, Inc. (BWXT NOG)","Region 10, Atlanta, Georgia","Open","05/27/2026","","","Lynchburg","VA","","","","",NA,NA,"",NA,"",NA,"",NA,NA,NA,"",NA,"","","","","","",140,"","","Included: All full-time and regular part-time employees in the following classifications in the
Machine Shop: Machinist A, Machining Specialists, Tool & Cutter Gr Spec. who are employed
by the Employer at its facility located at 1570 Mount Athos Road, Lynchburg, Virginia.
Excluded: All other employees, office clerical employees, managers, guards and supervisors as
defined in the Act.",NA,37.359607,-79.141653,"Lynchburg, VA 24501",1,"place","TIGER/Line® from the US Census Bureau","Lynchburg","Campbell County","VA","24501","US",1,37.6025234447822,-78.8941959010857,NA,NA
"10-RD-389328","Skyworks","Region 10, Atlanta, Georgia","Open","06/23/2026","","","Decatur","AL","","","","",NA,NA,"International Union of Operating Engineers Local 320",NA,"",NA,"",NA,NA,NA,"",NA,"","","","","","",19,"","","Included; All regular full-time and part-time Mechanics, Drivers, and Utility employees employed by the Employer at its Decatur, Alabama facility located at 93 Refreshment Place, Decatur, Alabama 35601.

Excluded; All other employees, managers, professional employees, office clerical 
employees, guards, and supervisors as defined by the Act.
",NA,34.608016,-87.011052,"Decatur, AL 35601",1,"place","TIGER/Line® from the US Census Bureau","Decatur","Morgan County","AL","35601","US",1,34.9359333041228,-86.7155225564622,NA,NA
"10-RD-392151","Kentucky Utilities Company","Region 10, Atlanta, Georgia","Open","08/04/2026","","","Atlanta","GA","","","","",NA,NA,"United Steel, Paper and Forestry, Rubber, Manufacturing, Energy, Allied Industrial and Service Workers International Union, AFL-CIO/CLC, Local 9447-01",NA,"",NA,"",NA,NA,NA,"",NA,"","","","","","",50,"","","Included: Production and maintenance
",NA,33.844371,-84.47405,"Atlanta, GA 30301",1,"place","TIGER/Line® from the US Census Bureau","Atlanta","Cobb County","GA","30301","US",1,34.1257482112131,-84.7434638484076,NA,NA
"10-RM-329559","Shakeout - Operations use, do not use","Region 10, Atlanta, Georgia","Open","01/02/2020","","","Atlanta","GA","","","","",NA,NA,"",NA,"",NA,"",NA,NA,NA,"",NA,"","","","","","",10,"","","unit involved on petition - testing",NA,33.844371,-84.47405,"Atlanta, GA 30301",1,"place","TIGER/Line® dataset from the US Census Bureau","Atlanta","Cobb County","GA","30301","US",1,33.9801226762801,-84.9162503538348,NA,NA
"10-RM-389062","Georgia Power Company","Region 10, Atlanta, Georgia","Open","06/18/2026","","","Atlanta","GA","A","Single Labor Organization","Initial","08/06/2026",48,1,"IBEW Local 84",29,"",NA,"",NA,11,40,"",NA,"","IBEW Local 84","","","","",48,"","IBEW Local 84","Included:  All full-time Cable Locators employed by the Employer.

Excluded:  Office clerical employees, managerial employees, guards and supervisors as defined by the NLRA.",48,33.844371,-84.47405,"Atlanta, GA 30301",1,"place","TIGER/Line® from the US Census Bureau","Atlanta","Cobb County","GA","30301","US",1,33.3967280675869,-84.6604577646751,NA,NA
"12-RC-329670","Pan American Grain Manufacturing, Co. Inc.","Region 12, Tampa, Florida","Open","11/08/2023","","","Arecibo","PR","A","Two Labor Organizations","Initial","12/21/2023",49,NA,"Union de Tronquistas de Puerto Rico, Local 901",40,"Congreso de Uniones Industriales de Puerto Rico",6,"",NA,NA,46,"",2,"","Union de Tronquistas de Puerto Rico, Local 901, International Brotherhood of Teamsters","Included: All full-time and regular part-time production and maintenance employees employed by Pan American Grain Manufacturing Co., Inc. in Guaynabo, Puerto Rico and any of its other facilities in Puerto Rico.  

Excluded: All other employees, office clerical employees, professional employees, managers, guards, and supervisors as defined in the Act.","","","",48,"","Union de Tronquistas de Puerto Rico, Local 901, International Brotherhood of Teamsters","Included: ALL THE FULL TIME AND REGULAR PART TIME PRODUCTION AND MAINTENANCE EMPLOYEES EMPLOYED BY THE EMPLOYER AT ITS FACILITIES 

Excluded: ALL OTHER EMPLOYEES, OFFICE CLERICAL EMPLOYEES, PROFESSIONAL EMPLOYEES, CONFIDENTIAL EMPLOYEES, GUARDS AND SUPERVISORS AS DEFINED BY THE ACT",49,18.402239,-66.7114,"Arecibo, PR 00612",1,"place","TIGER/Line® dataset from the US Census Bureau","Arecibo","Arecibo Municipio","PR","612","US",1,17.9469760980401,-66.5496978218142,NA,NA
"12-RC-341865","Wells Fargo Bank, NA","Region 12, Tampa, Florida","Open","05/09/2024","","","Spring Hill","FL","A","Single Labor Organization","Initial","06/11/2024",10,NA,"Wells Fargo Workers United, affiliated with Communications Workers of America, AFL-CIO",9,"",NA,"",NA,1,NA,"",NA,"","Wells Fargo Workers United, affiliated with Communications Workers of America, AFL-CIO","EMPLOYEES ELIGIBLE TO VOTE:

All full-time and regular part-time tellers, personal bankers, relationship bankers, and premier bankers employed by the Employer at its facility located at 4319 Commercial Way, Spring Hill Florida 34606., who were employed by the Employer during the payroll period ending May 4, 2024.

EMPLOYEES NOT ELIGIBLE TO VOTE:


All other employees, confidential employees, managerial employees, guards and supervisors as defined in the Act. 
","","","",10,"","Wells Fargo Workers United, affiliated with Communications Workers of America, AFL-CIO","INCLUDED:  Teller, Associate Personal Banker, Senior Premier Banker, Relationship Banker.

EXCLUDED:  All others.",10,28.468477,-82.595728,"Spring Hill, FL 34606",1,"place","TIGER/Line® dataset from the US Census Bureau","Spring Hill","Hernando County","FL","34606","US",1,28.9291994522624,-82.399665824443,NA,NA
"12-RC-360889","Southern Electric Corporation of Mississippi","Region 12, Tampa, Florida","Open","02/25/2025","","","Pembroke Pines","FL","A","Single Labor Organization","Initial","04/10/2025",100,NA,"International Brotherhood of Electrical Workers Local 222",39,"",NA,"",NA,49,88,"",4,"","","Included:  All full-time and regular part-time general foremen, foremen, linemen equipment operators, groundmen, apprentices, yard technician, and expeditor employed by the Employer at its facilities located in North Fort Myers, Miami, and Fort Lauderdale Florida. 

Excluded: All other employees, office clerical employees, manager., guards and supervisors as defined in the Act.","","","",83,"","","Included: General Foreman, Foreman, Lineman, Equipment Operators, Groundman & Apprentices.

Excluded: Supervisors, Safety, Mechanics, Secretaries & Security guards.",100,26.021239,-80.340396,"Pembroke Pines, FL 33028",1,"place","TIGER/Line® dataset from the US Census Bureau","Pembroke Pines","Broward County","FL","33028","US",1,26.1943426121491,-80.2907817970703,NA,NA
"12-RC-389034","One Corps, Inc.","Region 12, Tampa, Florida","Open","06/17/2026","","","San Juan","PR","","","","",NA,NA,"International Union Security, Police & Fire Professionals of America (SPFPA)",NA,"",NA,"",NA,NA,NA,"",NA,"","","","","","",81,"","","Included:  All employees performing guard duties as defined in Section 9(b)(3) of the National Labor Relations Act, employed by One Corps@ 10 Calle Casia, San Juan, PR 00921.

Excluded:  All office clerical employees, professional employees and supervisors as defined in the Act.",NA,18.465299,-66.116666,"San Juan, PR 00901",1,"place","TIGER/Line® from the US Census Bureau","San Juan","San Juan Municipio","PR","901","US",1,18.4186901582548,-66.2511070632737,NA,NA
"12-RC-391438","Metropolitan Security Services, Inc. d/b/a Walden Security","Region 12, Tampa, Florida","Open","07/23/2026","","","Jacksonville","FL","","","","",NA,NA,"United States Court Security Officers",NA,"",NA,"",NA,NA,NA,"",NA,"","","","","","",22,"","","Attachment 
5b. Description of Unit Involved: 
The unit is defined as all full-time and shared-time Court Security Officers (CSOs) and Lead 
Court Security Officers (LCSOs) employed by the Company in the 11th Circuit in the Middle 
District of the State of Florida in the city of Jacksonville, excluding all other employees 
including managers, supervisors, confidential employees, office clerical employees and 
professional employees as defined by the National Labor Relations Act.",NA,30.389438,-81.680806,"Jacksonville, FL 32201",1,"place","TIGER/Line® from the US Census Bureau","Jacksonville","Duval County","FL","32201","US",1,30.7476907067047,-81.9949836316334,NA,NA
"12-RC-391766","YMCA South Florida","Region 12, Tampa, Florida","Open","07/29/2026","","","Pembroke Pines","FL","","","","",NA,NA,"International Brotherhood of Teamsters Local Union No. 769",NA,"",NA,"",NA,NA,NA,"",NA,"","","","","","",40,"","","Included:  All head life guards, life guards and swim instructors at the Pembroke Pines location.

Excluded:  All other employees.",NA,26.021239,-80.340396,"Pembroke Pines, FL 33028",1,"place","TIGER/Line® from the US Census Bureau","Pembroke Pines","Broward County","FL","33028","US",1,25.9924047506414,-80.7008803749199,NA,NA
"12-RC-391918","Bio-Medical Applications of Arecibo, Inc., d/b/a Fresenius Kidney Care Santa Juanita","Region 12, Tampa, Florida","Open","07/30/2026","","","Bayamon","PR","","","","",NA,NA,"Uni?n General de Trabajadores, SEIU Local 1199",NA,"",NA,"",NA,NA,NA,"",NA,"","","","","","",21,"","","Included: All full-time and regular part-time professional employees, including registered nurses, dietitians, and social workers employed at the facility located in Urbanización Santa Juanita, Bayamon, Puerto Rico

Excluded: All other employees, guards and supervisors as defined in the Act.",NA,18.326702,-66.174176,"Bayamon, PR 00956",1,"place","TIGER/Line® from the US Census Bureau","Bayamon","Bayamón Municipio","PR","956","US",1,18.5341170885455,-65.85769673594,NA,NA
"12-RD-267237","Alex Shakeout Case for Templates- DO NOT USE","Region 12, Tampa, Florida","Open","10/07/2020","","","Miami","FL","","","","",NA,NA,"Alex Shakeout",NA,"",NA,"",NA,NA,NA,"",NA,"","","","","","",20,"","","Including:  testing case Alex using for Templates

Excluding:  TEsting Case Testing Case Alex using for templates",NA,25.558428,-80.458168,"Miami, FL 33234",1,"place","TIGER/Line® dataset from the US Census Bureau","Miami","Miami-Dade County","FL","33234","US",1,25.6641622612185,-80.7037685953718,NA,NA
"12-RD-320278","Starbucks Corporation","Region 12, Tampa, Florida","Open","06/20/2023","","","Tallahassee","FL","","","","",NA,NA,"Workers United, A/W Service Employees International Union",NA,"",NA,"",NA,NA,NA,"",NA,"","","","","","",25,"","","Included: All full-time and regular part time baristas and shift supervisors.

Excluded: Store managers, sistrict managers, supervisors and guards as defined by the Act.",NA,30.427753,-84.258472,"Tallahassee, FL 32301",1,"place","TIGER/Line® dataset from the US Census Bureau","Tallahassee","Leon County","FL","32301","US",1,30.0003352027307,-83.7814277128623,NA,NA
"12-RD-374423","Premier Beverage Company, LLC, dba Breakthru Beverage Florida","Region 12, Tampa, Florida","Open","10/24/2025","","","Jacksonville","FL","A","Single Labor Organization","Initial","02/12/2026",220,NA,"",91,"",NA,"",NA,35,126,"",70,"Y","International Brotherhood of Teamsters","INCLUDED;  All full-time and regular part-time drivers employed by the Employer at its facilities located at 8226 Phillips Highway, Suite 103, Jacksonville, Florida; 1555 Commerce Blvd., Midway, Florida; 8826 Grow Drive, Pensacola, Florida; 502 Sunport Lane, Suite 100, Orlando, Florida; 13351 Saddle Road, Fort Myers, Florida; and 6031 Madison Ave., Tampa, Florida.

EXCLUDED:  All other employees, guards and supervisors as defined by the Act.","","","",210,"","International Brotherhood of Teamsters","INCLUDED:  All full-time and regular part-time drivers employed by the Employer at its facilities located at 8226 Phillips Highway, Suite 103, Jacksonville, Florida; 1555 Commerce Blvd., Midway, Florida; 8826 Grow Drive, Pensacola, Florida; 502 Sunport Lane, Suite 100, Orlando, Florida; 1351 Saddle Road, Fort Myers, Florida; and 6031 Madison Ave., Tampa, Florida.

EXCLUDED:  All other employees, guards and supervisors as defined by the Act.",220,30.389438,-81.680806,"Jacksonville, FL 32201",1,"place","TIGER/Line® dataset from the US Census Bureau","Jacksonville","Duval County","FL","32201","US",1,30.0557068476499,-81.9982412580681,NA,NA
"12-RM-326107","Overseas Shipholding Group, Inc.","Region 12, Tampa, Florida","Open","09/19/2023","","","Tampa","FL","","","","",NA,NA,"",NA,"",NA,"",NA,NA,NA,"",NA,"","","","","","",104,"","","Included: All full-time and regular part-time licensed deck officers, including Chief Mates, Floating Chief Mates, Second Mates, and Third Mates, employed on U.S. Flag vessels operated by OSG Ship Management, Inc.

Excluded: All other employees, Captains, deck cadets, non-licensed deck officers, licensed deck officers on vessels operated by Alaska Tanker Company, LLC, licensed deck officers on articulated tug barges, and guards and supervisors as defined by the Act.",NA,27.996097,-82.582035,"Tampa, FL 33601",1,"place","TIGER/Line® dataset from the US Census Bureau","Tampa","Hillsborough County","FL","33601","US",1,27.7657139926785,-82.4297218506987,NA,NA
"13-RC-296747","Starbucks Corporation","Region 13, Chicago, Illinois","Open","05/31/2022","","","Chicago","IL","A","Single Labor Organization","Initial","08/19/2022",24,NA,"Chicago & Midwest Regional Joint Board, Workers United, an affiliate of SEIU",12,"",NA,"",NA,2,14,"",NA,"","Chicago and Midwest Regional Joint Board, Workers United/SEIU","Included: All full-time and regular part-time hourly Baristas and Shift Supervisors employed by the Employer at its 6350 N. Broadway, Chicago Illinois facility. 

Excluded: All Store Managers, Assistant Store Managers, office clerical employees and guards, professional employees and supervisors as defined in the Act.","","","",22,"","Chicago and Midwest Regional Joint Board, Workers United/SEIU","Included: All full-time and regular part-time Baristas and Shift Supervisors

Excluded: Store managers, Office Clericals, Guards, Professional Employees and Supervisors",24,41.88531,-87.62213,"Chicago, IL 60601",1,"place","TIGER/Line® dataset from the US Census Bureau","Chicago","Cook County","IL","60601","US",1,41.4594005622952,-87.6830834203541,NA,NA
"13-RC-305160","Accurate Metal Fabricating, LLC","Region 13, Chicago, Illinois","Open","10/13/2022","","","Cicero","IL","A","Two Labor Organizations","Rerun","06/13/2024",83,NA,"Plastic Workers Union Local 18,  AFL-CIO",50,"Teamsters Local 781",9,"",NA,1,60,"",16,"","Plastic Workers Union Local 18,  AFL-CIO","Those eligible to vote are: All full-time and regular part-time Assembly employees, grinders/polishers, turret
press operators, turret set-up, brake press operators, brake press set-up/leads, laser operators, laser setup/
leads, Weld Line employees, welders, spot welders, spot weld set-up, robotic welders, material
handlers, packers, packing leads, drivers, shear/crane operators, Paint employees, paint leads, quality
assurance inspectors, and custodians employed by the Employer at its facility currently located at 4620
West 19th Street, Cicero","","","",97,"","Plastic Workers Union Local 18,  AFL-CIO","Included: All employees including but limited to Brake Press Operator, Grinder/Polisher, Driver, Robotic Welding, Assembly Operator, Spot Welder, Material Handler, Laser Operator, Welder, Brake Press Operator, Set·up /Leadsman, Turret Press Operator, Laser Operator/Leadsman QC Inspector, Weld Line Operator, Packer, Shear/Crane Operator, Paint Operator, Custodians employed by the employer at its facility in Cicero, Illinois. 
Excluded: All Supervisory, Confidential, and Managerial employees, and Guards as defined by the act.",83,41.838036,-87.75987,"Cicero, IL 60804",1,"place","TIGER/Line® dataset from the US Census Bureau","Cicero","Cook County","IL","60804","US",1,41.8517848204055,-87.7841032282942,NA,NA
"13-RC-321736","Siren Retail Corporation d/b/a Starbucks","Region 13, Chicago, Illinois","Open","07/14/2023","","","Chicago","IL","A","Single Labor Organization","Initial","08/26/2023",242,NA,"Workers United",90,"",NA,"",NA,119,209,"",NA,"","","Included:  All full-time and regular part-time hourly baristas, operation leads, bakers, and mixologists employed at the Employer’s facility located at 646 North Michigan Avenue, Chicago, Illinois. 

Excluded:  All other employees, Associate Managers, Specialists, Market Specialists, managers, and office clerical employees and guards, and professional employees and supervisors as defined in the Act","","","",230,"","","Included: All full-time and regular part-time baristas, operation leads, bakers, and mixologists; 
Excluded: office clericals, managers, and guards and supervisors as defined in the Act.",242,41.88531,-87.62213,"Chicago, IL 60601",1,"place","TIGER/Line® dataset from the US Census Bureau","Chicago","Cook County","IL","60601","US",1,41.9118168062581,-87.4186085806835,NA,NA
"13-RC-339419","Portillo's Hot Dogs, LLC","Region 13, Chicago, Illinois","Open","04/05/2024","","","Aurora","IL","A","Single Labor Organization","Initial","04/30/2024",42,NA,"International Association of Bridge, Structural, Ornamental and Reinforcing Iron Workers, AFL-CIO",23,"",NA,"",NA,16,39,"",2,"","International Association of Bridge, Structural, Ornamental and Reinforcing Iron Workers, AFL-CIO","","","","",42,"","International Association of Bridge, Structural, Ornamental and Reinforcing Iron Workers, AFL-CIO","Included: All full time and regular part time slicing room workers, beef kitchen workers, gravy room workers, shipping/receiving workers, sanitation workers and crew chiefs employed by the Employer at its facility located at 1060 S. Frontenac Street, Aurora, Illinois. 

Excluded: All other employees, including maintenance workers, salaried employees. professional employees, guards and supervisors as defined in the Act.
",42,41.747452,-88.238622,"Aurora, IL 60504",1,"place","TIGER/Line® dataset from the US Census Bureau","Aurora","Dupage County","IL","60504","US",1,41.5590223884978,-87.7429103919086,NA,NA
"13-RC-345143","Nirvana Management Corporation d/b/a Sociale Dispensary","Region 13, Chicago, Illinois","Open","06/26/2024","","","Park Ridge","IL","A","Revised Single Labor Org","Initial","08/26/2025",9,NA,"United Food and Commercial Workers Union Local 881",5,"",NA,"",NA,5,10,"",NA,"","","Included:  All full-time and regular part-time Wellness Advisors, Agents in Charge, and Inventory Managers employed by the Employer at its facility currently located at 1026 W. Higgins Road, Park Ridge, IL.

Excluded:  All office clerical employees, confidential employees, managerial employees, professional employees, guards and supervisors as defined by the Act.","","","",7,"","","Included: All budtenders and hourly Agents in Charge

Excluded: All salaried agents in charge, management, security",9,42.037228,-87.843714,"Park Ridge, IL 60068",1,"place","TIGER/Line® dataset from the US Census Bureau","Park Ridge","Cook County","IL","60068","US",1,41.9204348203483,-87.7356372445769,NA,NA
"13-RC-348964","Julian Electric Service & Engineering Inc.","Region 13, Chicago, Illinois","Open","08/23/2024","","","Lockport","IL","A","Single Labor Organization","Initial","09/17/2024",355,1,"United Automobile, Aerospace & Agricultural Implement Workers of America, UAW",170,"",NA,"",NA,170,340,"",9,"Y","","Included: All full-time and regular part-time hourly production, warehouse, quality, and maintenance employees employed by the Employer at its facility currently located at 15706 W. 147th Street, Lockport, IL. 

Excluded: All salaried employees, engineering employees, office clerical employees, confidential employees, professional employees, managerial employees, guards and supervisors as defined by the Act. 
","","","",350,"","","Included: All hourly production, warehouse, quality, and maintenance workers

Excluded: All salary, clerical, management and engineering employees.",355,41.58948,-88.05784,"Lockport, IL 60441",1,"place","TIGER/Line® dataset from the US Census Bureau","Lockport","Will County","IL","60441","US",1,41.8107976907972,-87.8562758367976,NA,NA
"13-RC-353310","Advocate Health and Hospitals Corporation, d/b/a Advocate Good Samaritan Hospital","Region 13, Chicago, Illinois","Open","10/24/2024","","","Downers Grove","IL","A","Single Labor Organization","Initial","11/20/2024",20,NA,"International Union of Operating Engineers, Local 399",10,"",NA,"",NA,9,19,"",2,"Y","","","","","",NA,"","","",NA,41.796279,-88.012267,"Downers Grove, IL 60515",1,"place","TIGER/Line® dataset from the US Census Bureau","Downers Grove","Dupage County","IL","60515","US",1,42.1428073461846,-88.0675151096238,NA,NA
"13-RC-360750","First Ascent LLC","Region 13, Chicago, Illinois","Open","02/21/2025","","","Chicago","IL","A","Single Labor Organization","Initial","04/14/2025",61,NA,"Chicago & Midwest Regional Joint Board, Workers United",24,"",NA,"",NA,24,48,"",7,"Y","","","","","",86,"","","Included: All full-time and regular part-time employees at the 4 locations in the City of Chicago.

Excluded: Office clericals, Professionals, Managers, Supervisors, employees outside of Chicago.",61,41.88531,-87.62213,"Chicago, IL 60601",1,"place","TIGER/Line® dataset from the US Census Bureau","Chicago","Cook County","IL","60601","US",1,42.2878467011782,-87.149030989702,NA,NA
"13-RC-367070","Mid-Town Petroleum Acquisition, LLC a subsidiary of Reladyne, LLC","Region 13, Chicago, Illinois","Open","06/06/2025","","","Chicago Heights","IL","A","Single Labor Organization","Rerun","03/19/2026",23,NA,"Teamsters Local Union No. 705",11,"",NA,"",NA,11,22,"",1,"Y","","Included:  All full-time and regular part-time Fuel Services Drivers and Lube Services Drivers employed by the Employer based out of the Employer’s facility at 290 E. Joe Orr Rd. Chicago Heights, Illinois.

Excluded:  All Warehouse Shipping and Receiving employees, Blender Operators, Equipment Technicians, Dispatchers, office clerical employees and guards and supervisors as defined in the Act.
","","","",NA,"","","",NA,41.508774,-87.590314,"Chicago Heights, IL 60411",1,"place","TIGER/Line® dataset from the US Census Bureau","Chicago Heights","Cook County","IL","60411","US",1,41.986769184483,-88.0376655697755,NA,NA
"13-RC-372880","Constellation Energy Generation, LLC","Region 13, Chicago, Illinois","Open","09/08/2025","","","Warrenville","IL","A","Single Labor Organization","Initial","07/27/2026",181,NA,"International Brotherhood of Electrical Workers Local 15",87,"",NA,"",NA,73,160,"",1,"","International Brotherhood of Electrical Workers Local 15","Included: All full-time and regular part-time ILT Trainees, Manager 
Developmental SROs, Operations Shift Supervisors, Supervisor of Field 
Operations, and WEC Coordinators employed by the Employer at its facilities 
located at its Braidwood Clean Energy Center in Braceville, IL, Byron Clean 
Energy Center in Byron, IL, Dresden Clean Energy Center in Morris, IL, LaSalle 
Clean Energy Center in Marseilles, IL, and Quad Cities Clean Energy Center in 
Cordova, IL. 

Excluded:  Shift Managers, and guards and supervisors as defined in the Act.","","","",150,"","International Brotherhood of Electrical Workers Local 15","Included:
All full-time and regular part-time ILT Trainees, Manager Developmental SROs, Operations Shift Supervisors, Supervisor of Field Operations, and WEC Coordinators employed by the Employer at its facilities located at its Braidwood Clean Energy Center in Braceville, IL, Byron Clean Energy Center in Byron, IL, Dresden Clean Energy Center in Morris, IL, LaSalle Clean Energy Center in Marseilles, IL, and Quad Cities Clean Energy Center in Cordova, IL..

Excluded:
Shift Managers, and Guards and Supervisors as defined by the Act.",181,41.805422,-88.171551,"Warrenville, IL 60555",1,"place","TIGER/Line® dataset from the US Census Bureau","Warrenville","Dupage County","IL","60555","US",1,42.0718629372956,-87.8278672591774,NA,NA
"13-RC-374769","QSL America, Inc. d/b/a North America Stevedoring and Aerotek - Joint Employers","Region 13, Chicago, Illinois","Open","11/14/2025","","","Chicago","IL","","","","",NA,NA,"International Union of Operating Engineers Local 150, AFL-CIO",NA,"",NA,"",NA,NA,NA,"",NA,"","","","","","",43,"","","Included: All regular full-time and regular part-time operators, equipment operators, mechanics, laborers, and stevedores.

Excluded: All supervisors, guards, and clericals, as defined by the Act.",NA,41.88531,-87.62213,"Chicago, IL 60601",1,"place","TIGER/Line® dataset from the US Census Bureau","Chicago","Cook County","IL","60601","US",1,41.639909140957,-87.1435822073511,NA,NA
"13-RC-378705","Albion Hotel LLC","Region 13, Chicago, Illinois","Open","01/12/2026","","","Chicago","IL","A","Single Labor Organization","Initial","03/18/2026",4,NA,"International Union of Operating Engineers, Local 399",1,"",NA,"",NA,NA,1,"",3,"Y","","Included: All full-time and regular part-time Chief Engineers and Preventative Maintenance Engineers employed by the Employer at its Hampton Inn Chicago North – Loyola Station hotel located at 1209 West Albion Avenue, Chicago, Illinois.

Excluded: All other employees, confidential employees, guards, and supervisors as defined in the Act.","","","",2,"","","Included:  All full-time and regular part-time skilled maintenance employees, engineers, chief engineers, and maintenance technicians working for Atira Hotels at Hampton Inn Loyola at 1209 W. Albion Ave., Chicago, IL

Excluded:  Officer clerical, professional employees, managers, guards, and supervisors as defined by the Act.",4,41.88531,-87.62213,"Chicago, IL 60601",1,"place","TIGER/Line® dataset from the US Census Bureau","Chicago","Cook County","IL","60601","US",1,41.8356328708636,-87.1590407276201,NA,NA
"13-RC-381683","Procision Heating, Cooling & Refrigeration, Inc.","Region 13, Chicago, Illinois","Open","02/24/2026","","","Alsip","IL","A","Revised Single Labor Org","Initial","04/13/2026",9,NA,"Pipefitters Local 597",3,"",NA,"",NA,6,9,"",NA,"","","","","","",NA,"","","",NA,41.673552,-87.735958,"Alsip, IL 60803",1,"place","TIGER/Line® dataset from the US Census Bureau","Alsip","Cook County","IL","60803","US",1,41.794670074283,-87.2609996209456,NA,NA
"13-RC-383479","Henry Broch & Co. d/b/a Henry Broch Foods","Region 13, Chicago, Illinois","Open","03/24/2026","","","Waukegan","IL","A","Single Labor Organization","Rerun","05/28/2026",40,1,"Teamsters Local Union No. 301",16,"",NA,"",NA,15,31,"",5,"Y","Teamsters Local Union No. 301","Included: All full-time and regular part-time warehouse employees including pickers, picker
leads, forklift operators, lead forklift operators, and warehouse class C drivers employed by
the Employer at its main facility currently located at 3600 Sunset Ave, Waukegan, Illinois and
at its Porett Building currently located at 3940 Porett Drive, Gurnee, Illinois.

Excluded: All other employees, production and maintenance employees, housekeeping
employees, sanitation employees, managers, office clerical employees and guards,
professional employees and supervisors as defined by the Act.","","","",39,"","","Included: All full-time and regular part-time warehouse employees including pickers, picker leads, forklift operators, lead forklift operators, and warehouse class C drivers employed by Employer at its main facility currently located at 3600 Sunset Ave., Waukegan, Illinois and at its Porett Building currently located at 3950 Porett Drive, Gurnee, Illinois.

Excluded: All other employees including production and maintenance employees, housekeeping employees, sanitation employees, material data entry, managers, office clerical employees and guards, professional employees and supervisors defined by the Act.",40,42.352097,-87.867656,"Waukegan, IL 60085",1,"place","TIGER/Line® dataset from the US Census Bureau","Waukegan","Lake County","IL","60085","US",1,42.7878704844089,-88.1562509106421,NA,NA
"13-RC-384269","Illinois Service Partners, LLC d/b/a Energy Services Air Conditioning & Heating Company","Region 13, Chicago, Illinois","Open","04/06/2026","","","Franklin Park","IL","A","Single Labor Organization","Initial","05/06/2026",24,NA,"SMART Local Union No. 265",17,"",NA,"",NA,3,20,"",3,"","Sheet Metal Air Rail Transportation Local Union No. 265","Included: All full time and regular part-time HVAC Service Technicians, Service Technicians - Maintenance, Install Technicians – Helper, Install Technicians – Lead, and Duct Cleaning – Leads employed by the Employer at its facility currently located at 512 W. 5th Ave., Naperville, IL.

Excluded: All temporary employees, office clerical employees, confidential employees, managerial employees, professional employees, guards and supervisors as defined by the Act.

Others Permitted to Vote: All full time and regular part-time HVAC Field Supervisors.
","","","",30,"","Sheet Metal Air Rail Transportation Local Union No. 265","Included: All Sheet Metal Workers at Employer's 512 W. 5th Ave., Naperville location

Excluded: Management, Security, Professionals, and Supervisors under the Act",24,41.93598,-87.884962,"Franklin Park, IL 60131",1,"place","TIGER/Line® dataset from the US Census Bureau","Franklin Park","Cook County","IL","60131","US",1,41.9420884437184,-88.3099443496211,NA,NA
"13-RC-387925","M S International, Inc.","Region 13, Chicago, Illinois","Open","05/29/2026","","","Elk Grove Village","IL","A","Single Labor Organization","Initial","06/25/2026",12,1,"Teamsters Local Union No. 705",5,"",NA,"",NA,4,9,"",2,"Y","","Included: All full-time and regular part-time Drivers employed by the Employer out of its facility currently located at 1441 Jarvis Avenue, Elk Grove Village, IL.

Excluded: All warehouse employees, maintenance employees, janitors, forklift operators, crane operators, dispatchers, office clerical employees, confidential employees, managerial employees, professional employees, guards and supervisors as defined by the Act.

Others permitted to vote: The parties have agreed that Lead Drivers may vote in the election, but their ballots will be challenged since their eligibility has not been resolved. No decision has been made regarding whether the individuals in these classifications or groups are included in, or excluded from, the bargaining unit. The eligibility or inclusion of these individuals will be resolved, if necessary, following the election.","","","",13,"","","Included: All full-time and part-time drivers. 

Excluded: All managers, dispatchers, clerical, office workers, warehouse workers, maintenance workers, janitors, loaders, forklift operators, crane operators, and security employees as defined by the Act.",12,42.00865,-87.99736,"Elk Grove Village, IL 60007",1,"place","TIGER/Line® from the US Census Bureau","Elk Grove Village","Cook County","IL","60007","US",1,41.8756648842502,-87.6747866867433,NA,NA
"13-RC-388027","Professional Transportation, Inc. (PTI)","Region 13, Chicago, Illinois","Open","06/01/2026","","","Proviso","IL","","","","",NA,NA,"United Electrical, Radio and Machine Workers of America (UE)",NA,"",NA,"",NA,NA,NA,"",NA,"","","","","","",989,"","","Included: All drivers, including but not limited to road drivers, yard drivers, Multi-Purpose
Vehicle (MPV’s), Lead Drivers at multiple locations throughout the United States.

Excluded: All office, clerical, professional employees, guards, dispatchers, branch managers and
assistant branch managers.",NA,40.102875,-89.152611,"Illinois",1,"state","TIGER/Line® from the US Census Bureau",NA,NA,"IL",NA,"US",1,39.6969713176545,-89.597814962503,NA,NA
"13-RC-389272","Weigel Broadcasting Co., through WCIU-TV Limited Partnership","Region 13, Chicago, Illinois","Open","06/23/2026","","","Chicago","IL","","","","",NA,NA,"NABET-CWA, AFL-CIO",NA,"",NA,"",NA,NA,NA,"",NA,"","","","","","",123,"","","Included: All employees in the positions/classifications/categories of administrative, archive,
content editor, copy coordinator, developer, digital writer, engineering, graphic and web design,
IT, inventory specialist, pixel log editor, marketing and advertising, motion graphics designers in
promotion graphics, programming planner, promo log editor, promo producer, screener, social
media coordinator, traffic log editor and e-commerce who report to the Employer’s Chicago
location.

Excluded: All other employees, guards and supervisors as defined in the Act.",NA,41.88531,-87.62213,"Chicago, IL 60601",1,"place","TIGER/Line® from the US Census Bureau","Chicago","Cook County","IL","60601","US",1,41.990358264144,-87.4094527261007,NA,NA
"13-RC-389289","Cardtronics USA, Inc.","Region 13, Chicago, Illinois","Open","06/23/2026","","","Chicago","IL","","","","",NA,NA,"Communications Workers of America, AFL-CIO",NA,"",NA,"",NA,NA,NA,"",NA,"","","","","","",36,"","","Included: All Customer Engineers, Customer Engineer II's and Senior Customer Engineers

Excluded: All others Excluded by the Act.",NA,41.88531,-87.62213,"Chicago, IL 60601",1,"place","TIGER/Line® from the US Census Bureau","Chicago","Cook County","IL","60601","US",1,42.2152454959745,-87.3506619264047,NA,NA
"13-RC-390794","Rebecca's Raspberries, Inc. d/b/a Enjoy, An Urban General Store","Region 13, Chicago, Illinois","Open","07/16/2026","","","Chicago","IL","","","","",NA,NA,"United Food and Commercial Workers Union, Local 1546",NA,"",NA,"",NA,NA,NA,"",NA,"","","","","","",9,"","","Included:  All Enjoyees, Cashiers, and Leads employed by the Employer at the following facilities:  Enjoy Urban General Store - Lincoln Square, 4723 N. Lincoln Avenue, Chicago, IL 60625; Enjoy Urban General Store - Andersonville, 5307 N. Clark Street, Chicago, IL 60640; and Enjoy Urban General Store - Warehouse, 5111 N. Lincoln Avenue, Chicago, IL 60625.

Excluded:  All office clerical employees, confidential employees, managerial employees, professional employees, guards, and supervisors as defined by the Act.",NA,41.88531,-87.62213,"Chicago, IL 60601",1,"place","TIGER/Line® from the US Census Bureau","Chicago","Cook County","IL","60601","US",1,42.1204789073257,-87.3499379853859,NA,NA
"13-RC-391014","Trane Technologies Company, LLC","Region 13, Chicago, Illinois","Open","07/20/2026","","","Willowbrook","IL","","","","",NA,NA,"Pipefitters Association, Local 597, U.A.",NA,"",NA,"",NA,NA,NA,"",NA,"","","","","","",15,"","","Included: Contracting Control Technicians

Excluded: All office clerical employees, guards, professionals, and supervisors under the Act",NA,41.768417,-87.936984,"Willowbrook, IL 60527",1,"place","TIGER/Line® from the US Census Bureau","Willowbrook","Dupage County","IL","60527","US",1,42.076172430229,-87.7078809896194,NA,NA
"13-RC-391537","Accel Entertainment Gaming, LLC","Region 13, Chicago, Illinois","Open","07/27/2026","","","Burr Ridge","IL","","","","",NA,NA,"Teamsters Local 710",NA,"",NA,"",NA,NA,NA,"",NA,"","","","","","",23,"","","Included:
All full-time and regular part-time Warehouse Technicians


Excluded:
All other employees, managers, office clericals, guards and supervisors",NA,41.747394,-87.91818,"Burr Ridge, IL 60527",1,"place","TIGER/Line® from the US Census Bureau","Burr Ridge","Dupage County","IL","60527","US",1,41.7155016458655,-88.1517046070288,NA,NA
"13-RC-391745","DND Fire Protection, Inc.","Region 13, Chicago, Illinois","Open","07/29/2026","","","Glenview","IL","","","","",NA,NA,"Sprinkler Fitters & Apprentices Local No. 281",NA,"",NA,"",NA,NA,NA,"",NA,"","","","","","",7,"","","Included: All full-time and regular part-time Sprinkler Fitters, Helpers, and
Apprentices.

Excluded: All other employees, office-clerical employees, managers, guards,
and supervisors as defined by the Act.",NA,42.075201,-87.821026,"Glenview, IL 60025",1,"place","TIGER/Line® from the US Census Bureau","Glenview","Cook County","IL","60025","US",1,42.391715483653,-87.8972343779555,NA,NA
"13-RC-391993","Allegiant Fire Protection, LLC","Region 13, Chicago, Illinois","Open","08/03/2026","","","Aurora","IL","","","","",NA,NA,"International Brotherhood of Electrical Workers (IBEW) Local Union No. 461",NA,"",NA,"",NA,NA,NA,"",NA,"","","","","","",7,"","","Included:  Full-time and regular part-time fire alarm installation technicians

Excluded:  All other employees, office staff, managerial and supervision employees.",NA,41.747452,-88.238622,"Aurora, IL 60504",1,"place","TIGER/Line® from the US Census Bureau","Aurora","Dupage County","IL","60504","US",1,41.4698453995701,-88.5704918697258,NA,NA
"13-RC-392011","Wheeling Skilled Nursing Facility, LLC d/b/a Bella Terra Wheeling","Region 13, Chicago, Illinois","Open","07/31/2026","","","Wheeling","IL","","","","",NA,NA,"SEIU Healthcare Illinois and Indiana",NA,"",NA,"",NA,NA,NA,"",NA,"","","","","","",142,"","","Included: LPN's and Register Nurses

Excluded: All managers and supervisor and confidential staff, security staff",NA,42.124176,-87.933819,"Wheeling, IL 60090",1,"place","TIGER/Line® from the US Census Bureau","Wheeling","Cook County","IL","60090","US",1,41.9182836494753,-87.8924080227463,NA,NA
"13-RC-392029","AdaptHealth LLC","Region 13, Chicago, Illinois","Open","07/31/2026","","","Elmhurst","IL","","","","",NA,NA,"Teamsters Local Union No. 705",NA,"",NA,"",NA,NA,NA,"",NA,"","","","","","",38,"","","Included:  All full-time and part-time MET Technician Drivers and C-Pap Technician Driver.

Excluded:  All warehouse workers, sales representatives, and security, managerial, and supervisors.
",NA,41.88353,-87.946413,"Elmhurst, IL 60126",1,"place","TIGER/Line® from the US Census Bureau","Elmhurst","Dupage County","IL","60126","US",1,41.9134336582001,-87.8044630262324,NA,NA
"13-RC-392111","Keystone Automotive Industries, Inc.","Region 13, Chicago, Illinois","Open","08/03/2026","","","Alsip","IL","","","","",NA,NA,"International Brotherhood of Teamsters, Local 731",NA,"",NA,"",NA,NA,NA,"",NA,"","","","","","",23,"","","Included: All full time and regular part time drivers/route salespeople and dispatch/swing drivers. 

Excluded: All warehouse, office clerical employees, managerial employees, professional employees, guards, and supervisors as defined in the Act.",NA,41.673552,-87.735958,"Alsip, IL 60803",1,"place","TIGER/Line® from the US Census Bureau","Alsip","Cook County","IL","60803","US",1,41.6494197699137,-87.7503956878161,NA,NA
"13-RC-392489","The Adler Planetarium","Region 13, Chicago, Illinois","Open","08/10/2026","","","Chicago","IL","","","","",NA,NA,"Adler Planetarium Workers United, AFSCME Council 31",NA,"",NA,"",NA,NA,NA,"",NA,"","","","","","",1,"","","Included: All full-time and regular part-time Fundraising Specialists, to be included in the existing unit certified in Case 13-RC-374476.

Excluded: All confidential employees, managerial employees, guards and supervisors as defined by the Act.",NA,41.88531,-87.62213,"Chicago, IL 60601",1,"place","TIGER/Line® from the US Census Bureau","Chicago","Cook County","IL","60601","US",1,41.7269949279311,-87.8910748788296,NA,NA
"13-RC-392561","CBRE","Region 13, Chicago, Illinois","Open","08/11/2026","","","Chicago","IL","","","","",NA,NA,"International Union of Operating Engineers, Local 399",NA,"",NA,"",NA,NA,NA,"",NA,"","","","","","",2,"","","Included:  All full-time and regular part-time skilled maintenance employees and building engineers in the engineering department working for CBRE at 2100 W. Harrison Street, Chicago, IL 60612.

Excluded:  Office clerical, professional employees, managers, guards and supervisors as defined by the Act.",NA,41.88531,-87.62213,"Chicago, IL 60601",1,"place","TIGER/Line® from the US Census Bureau","Chicago","Cook County","IL","60601","US",1,41.4439189440621,-88.1046762331064,NA,NA
"13-RC-392694","Ecology Solutions LLC, a division of Lakeshore Recycling Services","Region 13, Chicago, Illinois","Open","08/12/2026","","","Rosemont","IL","","","","",NA,NA,"International Union of Operating Engineers Local 150 AFL CIO",NA,"",NA,"",NA,NA,NA,"",NA,"","","","","","",28,"","","Included: All full-time and regular part-time equipment operators, mechanics, and laborers
employed at the Company’s Atkinson, Illinois, facility.

Excluded: All scale-house employees, sales representatives, office and clerical employees,
guards, professional employees, and supervisors as defined by the Act.",NA,41.995308,-87.884509,"Rosemont, IL 60018",1,"place","TIGER/Line® from the US Census Bureau","Rosemont","Cook County","IL","60018","US",1,41.9021288239041,-87.6919004046399,NA,NA
"13-RD-295037","Metal Improvement Company, LLC","Region 13, Chicago, Illinois","Open","05/03/2022","","","Addison","IL","","","","",NA,NA,"UFCW 200T",NA,"",NA,"",NA,NA,NA,"",NA,"","","","","","",10,"","","Included: Machine Operators, Shipping & Receiving employees, Maintenance employees and Quality Control employees

Excluded: Supervisors, Managers and Professionals",NA,41.93106,-88.01305,"Addison, IL 60101",1,"place","TIGER/Line® dataset from the US Census Bureau","Addison","Dupage County","IL","60101","US",1,42.0618920588432,-88.4201249299135,NA,NA
"13-RD-372038","Cranemasters","Region 13, Chicago, Illinois","Open","08/25/2025","","","Merrillville","IN","","","","",NA,NA,"IUOE Local 150",NA,"",NA,"",NA,NA,NA,"",NA,"","","","","","",40,"","","Included:  Operators, laborers, mechanics

Excluded: Managers",NA,41.497212,-87.338656,"Merrillville, IN 46410",1,"place","TIGER/Line® dataset from the US Census Bureau","Merrillville","Lake County","IN","46410","US",1,41.7453874545588,-86.9837276387481,NA,NA
"13-RD-372800","Relish Labs, LLC","Region 13, Chicago, Illinois","Open","09/05/2025","","","Bedford Park","IL","A","Single Labor Organization","Initial","08/08/2026",457,14,"UFCW Local 1546",105,"",NA,"",NA,202,307,"",3,"","","Included: All full-time and part-time Gatekeepers, Production Associates, Laborers, Environmental Health and Safety Leads, Forklift Operators, Pallet-Jack Operators, Machine Operators, Quality Control, Runners, Sanitation Workers, Training Leads, Warehouse Associates, Shipping and Receiving Associates, and Shift Leads as well as RTH Production Associates and Decanters, RTH Production Leads, RTH Gatekeepers, RTH Production Machine Operators, RTH Sanitation Associates, RTH FSQA Techs and RTH FSQA Leads employed by Relish Labs LLC DBA Home Chef at its facility currently located at 6901 W 65th St., Bedford Park, IL.

Excluded: All other employees, confidential employees, Maintenance Technicians, Production Administrator Leads, Onsite Associate Recruiters, Human Resource Specialist, Administrative Assistant, Workforce Management Specialist, RTH Cooks, managerial employees, office clerical employees, guards, professional employees, and supervisors as defined by the Act.","","","",380,"","","Included: Production, Warehouse

Excluded: FSQA Safety",457,41.811929,-87.68732,"Bedford Park, IL 60499",1,"place","TIGER/Line® from the US Census Bureau","Bedford Park","Cook County","IL","60499","US",1,41.5416560363197,-87.3822444390707,NA,NA
"13-RD-383878","Sona Senior Living IL 2, LLC","Region 13, Chicago, Illinois","Open","03/31/2026","","","Deerfield","IL","","","","",NA,NA,"Service Employees International Union, Local 73 CLC/CTW",NA,"",NA,"",NA,NA,NA,"",NA,"","","","","","",50,"","","Included: hourly full-time and part-time employees that work at 40% of full-time in a calendar year

Excluded: managerial employees, supervisory employees",NA,42.178175,-87.866818,"Deerfield, IL 60015",1,"place","TIGER/Line® dataset from the US Census Bureau","Deerfield","Lake County","IL","60015","US",1,42.0763870240107,-88.2342370724269,NA,NA
"13-RD-388662","Rural Metro Fire Dept., Inc.","Region 13, Chicago, Illinois","Open","06/10/2026","","","Romeoville","IL","","","","",NA,NA,"Teamsters Local Union No. 705",NA,"",NA,"",NA,NA,NA,"",NA,"","","","","","",14,"","","Included: All full-time and regular part-time Firefighters and Shift Lieutenants employed by the Employer and working at the Citgo facility currently located at 870 E. Romeo Road, Romeoville, IL.

Excluded: All other employees, office clerical employees, confidential employees, managerial employees, professional employees, guards and supervisors as defined by the Act.",NA,41.64038,-88.069621,"Romeoville, IL 60446",1,"place","TIGER/Line® from the US Census Bureau","Romeoville","Will County","IL","60446","US",1,41.4381973925076,-87.5864185830846,NA,NA
"13-RD-391849","Kinder Morgan, Inc.","Region 13, Chicago, Illinois","Open","07/29/2026","","","Joliet","IL","","","","",NA,NA,"United Steelworkers Local 9777",NA,"",NA,"",NA,NA,NA,"",NA,"","","","","","",13,"","","Included:  Maintenance Specialists, Operations Leader, Line Patrollers, and Welder.

Excluded:  None",NA,41.509668,-88.180211,"Joliet, IL 60431",1,"place","TIGER/Line® from the US Census Bureau","Joliet","Will County","IL","60431","US",1,41.0324281854131,-88.2394871200387,NA,NA
"13-RM-349731","Julian Electric","Region 13, Chicago, Illinois","Open","09/04/2024","","","Chicago","IL","","","","",NA,NA,"UAW",NA,"",NA,"",NA,NA,NA,"",NA,"","","","","","",351,"","","Included: All full-time and regular part-time hourly production, warehouse,quality, and maintenance employees employed by the Employer at its facility currently located at 15706 W. 147th Street, Lockport, IL

Excluded: All salaried employees, engineering employees, office clerical employees, confidential employees, professional employees, managerial employees,guards and supervisors as defined in the Act.",NA,41.88531,-87.62213,"Chicago, IL 60601",1,"place","TIGER/Line® dataset from the US Census Bureau","Chicago","Cook County","IL","60601","US",1,41.5565160656864,-87.2396022551368,NA,NA
"13-RM-352486","Lineage, Inc.","Region 13, Chicago, Illinois","Open","10/10/2024","","","Chicago","IL","A","Single Labor Organization","Initial","11/07/2024",79,NA,"Teamsters Local 703",35,"",NA,"",NA,36,71,"",18,"Y","","Included: All full-time and regular part-time Warehouse Generalists, Turret Operators, Order Checker Auditors, Case Pickers Senior, Warehouse Generalists Senior, Runners, Forklift Drivers and General Warehouse Workers employed by the Employer at its facility currently located at 2357 S. Wood Street, Chicago, IL. 
Excluded: All Warehouse Leads, Inventory Leads, Customer Care Representatives, Compliance Practitioners, Site Trainers, Customer Care Leads, office clerical employees, confidential employees, managerial employees, professional employees, guards and supervisors as defined by the Act. 
","","","",95,"","","Included: all full-time and regular part-time warehouse employees at the Employer’s 2357
South Wood Street, Chicago, Illinois 60608 facility.
Excluded: office, yard jockey, mechanics/maintenance employees, guards, supervisory, or managerial employees as defined by the Act.",79,41.88531,-87.62213,"Chicago, IL 60601",1,"place","TIGER/Line® dataset from the US Census Bureau","Chicago","Cook County","IL","60601","US",1,42.0272749857562,-87.9911473949581,NA,NA
"13-RM-354238","Advocate Health and Hospitals Corporation d/b/a Advocate Good Samaritan Hospital","Region 13, Chicago, Illinois","Open","11/06/2024","","","Downers Grove","IL","","","","",NA,NA,"International Union of Operating Engineers, Local 399",NA,"",NA,"",NA,NA,NA,"",NA,"","","","","","",21,"","","Included: Skilled maintenance employees, All Full-time and regular part-time skilled
maintenance, engineers, mechanics, locksmith, groundskeeper, maintenance mechanics, lead engineer, Structured cable,
employees working for Advocate Good Samaritan Hospital at 3815 Highland Ave, Downers Grove, IL 60515

Excluded: Office clerical, professional employees, managers, guards and supervisors as defined by the Act.",NA,41.796279,-88.012267,"Downers Grove, IL 60515",1,"place","TIGER/Line® dataset from the US Census Bureau","Downers Grove","Dupage County","IL","60515","US",1,42.1370606579565,-87.9738961730199,NA,NA
"13-RM-367557","Mid-Town Petroleum Acquisition, LLC, a subsidiary of RelaDyne, LLC","Region 13, Chicago, Illinois","Open","06/16/2025","","","Chicago Heights","IL","","","","",NA,NA,"Teamsters Local 705",NA,"",NA,"",NA,NA,NA,"",NA,"","","","","","",47,"","","Included: all full-time and part-time fuel and oil drivers, blender operators, warehouse shipping & receiving employees, and equipment technicians. 
Excluded: custom blend chemist, dispatcher, inventory control specialist, tank monitor specialist, temporary employees, clerical and office employees including sales and billing, managers and supervisory employees, and security personnel.",NA,41.508774,-87.590314,"Chicago Heights, IL 60411",1,"place","TIGER/Line® dataset from the US Census Bureau","Chicago Heights","Cook County","IL","60411","US",1,41.3589587197767,-87.2342882874354,NA,NA
"13-RM-374508","Woodward Inc.","Region 13, Chicago, Illinois","Open","10/10/2025","","","Niles","IL","","","","",NA,NA,"Woodward MPC Employees Representative Union",NA,"",NA,"",NA,NA,NA,"",NA,"","","","","","",824,"","","Included:
Production workers on C payroll or weekly payroll in Niles, JL facility Excluded:
All other employees",NA,42.031179,-87.811163,"Niles, IL 60714",1,"place","TIGER/Line® dataset from the US Census Bureau","Niles","Cook County","IL","60714","US",1,42.1354540298511,-88.2561713291158,NA,NA
"14-RC-293357","Starbucks Corporation","Region 14, Saint Louis, Missouri","Open","04/01/2022","","","Bridgeton","MO","A","Single Labor Organization","Initial","06/13/2022",41,NA,"Chicago and Midwest Regional Joint Board, Workers United/ SEIU",9,"",NA,"",NA,14,23,"",1,"","Worker's United Chicago & Midwest Regional Joint Board","All full-time and regular part-time hourly Baristas and Shift Supervisors by Starbucks Corporation at 12419 St. Charles Rock Road, Bridgeton, MO 63044 (Store #62677 - often referred to as St. Charles Rock Road & Natural Bridge), but EXCLUDING all Store Managers, office clerical employees, professional employees, guards, and supervisors as defined by the Act.","","","",46,"","Worker's United Chicago & Midwest Regional Joint Board","Included:  All full-time and regular part-time Baristas and Shift Supervisors.  Excluded:  Store managers, Office Clericals, Guards, Professional Employees, and Supervisors.",41,38.7514,-90.411542,"Bridgeton, MO 63044",1,"place","TIGER/Line® dataset from the US Census Bureau","Bridgeton","St. Louis County","MO","63044","US",1,38.4031105740495,-90.1233167503798,NA,NA
"14-RC-318552","Power Up Electrical Contractors, LLC","Region 14, Saint Louis, Missouri","Open","05/22/2023","","","St. Louis","MO","A","Two Labor Organizations","Initial","03/06/2025",47,NA,"International Brotherhood of Electrical Workers, Local No. 1, AFL-CIO, affiliated with International Brotherhood of Electrical Workers",14,"Mid-America Carpenters Regional Council, affiliated with the United Brotherhood of Carpenters and Joiners of Illinois",28,"",NA,NA,42,"",1,"","Mid-America Carpenters Regional Council, affiliated with the United Brotherhood of Carpenters and Joiners of Illinois","All full-time and regular part-time journeyman electricians (Class A and Class B), apprentice electricians, journeyman low voltage electricians (Class C), and apprentice low voltage electricians employed by the Employer from its 2060 Craigshire Road, St. Louis, MO 63146 facility, but EXCLUDING office clerical employees, dispatchers, warehousemen/fabricators, drivers, and guards and supervisors as defined by the Act, and all other employees.
","","","",62,"","Mid-America Carpenters Regional Council, affiliated with the United Brotherhood of Carpenters and Joiners of Illinois","Included:		All full-time and regular part-time journeyman electricians (Class A and Class B), apprentice electricians, journeyman low voltage electricians (Class C), and apprentice low voltage electricians employed by the Employer from its St. Louis and Kansas City facilities.

Excluded:		Office and clerical employees, dispatchers, warehousemen/fabricators, drivers, and guards and supervisors defined by the Act, and all other employees.
",47,38.631501,-90.19231,"Saint Louis, MO 63101",1,"place","TIGER/Line® dataset from the US Census Bureau","Saint Louis","St. Louis City","MO","63101","US",1,38.8440022336764,-89.7826973890638,NA,NA
"14-RC-318586","Habco Partnership, Inc.","Region 14, Saint Louis, Missouri","Open","05/23/2023","","","St. Louis","MO","A","Two Labor Organizations","Initial","03/07/2025",25,NA,"International Brotherhood of Electrical Workers, Local No. 1, AFL-CIO, affiliated with International Brotherhood of Electrical Workers",5,"Mid-America Carpenters Regional Council, affiliated with the United Brotherhood of Carpenters and Joiners of Illinois",19,"",NA,NA,24,"",1,"","Mid-America Carpenters Regional Council, affiliated with the United Brotherhood of Carpenters and Joiners of Illinois","All full-time and regular part-time journeyman electricians (Class A and Class B), apprentice electricians, journeyman low voltage electricians (Class C), and apprentice low voltage electricians employed by the Employer from its 10420 Baur Blvd., St. Louis, MO 63132 facility, but EXCLUDING office clerical employees, dispatchers, warehousemen/fabricators, drivers, and guards and supervisors as defined by the Act, and all other employees.","","","",20,"","Mid-America Carpenters Regional Council, affiliated with the United Brotherhood of Carpenters and Joiners of Illinois","Included:		All full-time and regular part-time journeyman electricians (Class A and Class B), apprentice electricians, journeyman low voltage electricians (Class C), and apprentice low voltage electricians employed by the Employer from its St. Louis facility.

Excluded:		Office and clerical employees, dispatchers, warehousemen/fabricators, drivers, and guards and supervisors defined by the Act, and all other employees.

",25,38.631501,-90.19231,"Saint Louis, MO 63101",1,"place","TIGER/Line® dataset from the US Census Bureau","Saint Louis","St. Louis City","MO","63101","US",1,38.3212749230189,-90.1304614121778,NA,NA
"14-RC-351691","Wheatland Electric Cooperative, Inc.","Region 14, Saint Louis, Missouri","Open","10/01/2024","","","Garden City","KS","A","Single Labor Organization","Initial","11/21/2024",1,NA,"International Brotherhood of Electrical Workers Local 304",1,"",NA,"",NA,NA,1,"",NA,"","International Brotherhood of Electrical Workers, Local 304","All full-time and regular part-time Vehicle Maintenance Coordinators employed by the Employer at its facilities located at 101 S. Main Street, Scott City, KS; 101 W. F Street, Leoti, KS; 310 Broadway, Tribune, KS 67879; 206 N. Main, Syracuse, KS; 2 S. Barber St., Syracuse, KS; 2005 W. Fulton, Garden City, KS; 200 10th St., Great Bend, KS; 906 Central, Harper, KS; 302 W. 6th St., Harper, KS and 201 S. Arapahoe St., Caldwell, KS, but EXCLUDING office clerical employees, professional employees, guards, managers, superintendents, engineers, storekeepers, and supervisors as defined in the National Labor Relations Act.","","","",5,"","International Brotherhood of Electrical Workers, Local 304","Included: This petition seeks a self-determination election for the presently unrepresented full-time and regular part-time Vehicle Maintenance Coordinator and Warehousemen to be added to the currently existing collective bargaining unit in the collective bargaining agreement effective December 1, 2023, to November 30, 2025 between Wheatland Electric Cooperative, INC. and Local Union 304 of the International Brotherhood of Electrical Workers, AFL-CIO, CLC
Excluded: All other employees currently excluded from the bargaining unit described above.",1,38.000771,-100.664407,"Garden City, KS 67846",1,"place","TIGER/Line® dataset from the US Census Bureau","Garden City","Finney County","KS","67846","US",1,37.7440144614748,-100.992077477796,NA,NA
"14-RC-353703","Dold Foods LLC","Region 14, Saint Louis, Missouri","Open","10/30/2024","","","Wichita","KS","A","Single Labor Organization","Rerun","04/16/2026",598,8,"United Food and Commercial Workers District Union Local Two",200,"",NA,"",NA,313,513,"",8,"","United Food and Commercial Workers District Union Local Two","All full-time and regular part-time Production Employees, Quality Control Employees, Maintenance Employees, Shipping Employees, and Janitors employed by the Employer at its 2929 North Ohio Street, Wichita, Kansas facility, but EXCLUDING all clerical employees, professional employees, managers, office clerks, human resources trainers, confidential employees, guards and supervisors as defined in the Act.","","","",550,"","United Food and Commercial Workers District Union Local Two","Included: All production, maintenance, quality control, and shipping employees.

Excluded: All managers, supervisors, office clerks, and confidential employees as defined in Act.",647,37.651974,-97.258997,"Wichita, KS 67201",1,"place","TIGER/Line® dataset from the US Census Bureau","Wichita","Sedgwick County","KS","67201","US",1,37.2210324499389,-97.1231618362391,NA,NA
"14-RC-375542","Rural Electric Cooperative","Region 14, Saint Louis, Missouri","Open","11/25/2025","","","Lindsay","OK","A","Single Labor Organization","Initial","01/08/2026",20,NA,"International Brotherhood of Electrical Workers Local 1002",10,"",NA,"",NA,10,20,"",5,"Y","International Brotherhood of Electrical Workers Local 1002","All full-time and regular part-time journeyman linemen, apprentice linemen, district service workers, staking engineers, warehouse material handlers, meter technicians, chief mechanics, and right of way maintenance/service workers employed by the Employer at its facility located at 13942 Highway 76, Lindsay, Oklahoma, but EXCLUDING all other employees, professional employees, office clerical employees, guards and supervisors as defined in the Act.","","","",26,"","International Brotherhood of Electrical Workers Local 1002","Included: All full time and regular part time Journeyman Linemen, Apprentice Linemen, Foreman/Lead Linemen, District Service Workers, Staking Engineers, Meter Technicians, Operations/Engineering Coordinator, Dispatcher, Mechanic, Purchasing Agent, and Warehousemen employed by the Employer at its facilities located at 13942 Hwy 76, Lindsay, OK 73052.

Excluded: All other employees, professional employees, guards, and supervisors as defined in the Act.",20,34.836481,-97.51668,"Lindsay, OK 73052",1,"place","TIGER/Line® dataset from the US Census Bureau","Lindsay","Garvin County","OK","73052","US",1,34.3847316086119,-97.9573883271071,NA,NA
"14-RC-376558","KCH LLC d/b/a Kaldi's Coffee Roasting Company, Inc.","Region 14, Saint Louis, Missouri","Open","12/04/2025","","","Saint Louis","MO","A","Single Labor Organization","Initial","01/09/2026",29,NA,"UNITE HERE Local 74",7,"",NA,"",NA,2,9,"",19,"Y","UNITE HERE Local 74","Included: All full-time and regular part-time team members, team leads and senior team leads employed by the Employer at its facility located at 270 N. Skinker Blvd., St. Louis, MO 63130.
Excluded: All managerial employees, office clerical employees, professional employees, guards and supervisors as defined in the Act, and all other employees. 
","","","",15,"","UNITE HERE Local 74","Included: All non-supervisory, non-exempt, full-time, part-time, and seasonal hourly employees employed by the Employer at its coffee shop located at 270 N Skinker Blvd, St. Louis, MO 63130, including Team Members, Senior Team Lead and Team Leads.

Excluding: all except (salaried) employees, owners, chief financial officers, vice presidents of retail operations, vice presidents of sales and marketing, people (HR) directors, directors of training and quality, directors of content development, retail market leaders, market leaders, bakery managers, general managers, cafe' managers, senior kitchen leads, operations personnel, IT administrators, facilities specialist, equipment service technicians, video production specialist, bakery consultants, and all other managerial, supervisory, confidential employees, and guards as defined by the national Labor Relations Act.
",29,38.631501,-90.19231,"Saint Louis, MO 63101",1,"place","TIGER/Line® dataset from the US Census Bureau","Saint Louis","St. Louis City","MO","63101","US",1,38.3795043284519,-90.3459871676038,NA,NA
"14-RC-387883","Proficient Auto Transport, LLC","Region 14, Saint Louis, Missouri","Open","05/29/2026","","","Saint Louis","MO","A","Single Labor Organization","Initial","07/22/2026",37,1,"Teamsters Local Union 604",13,"",NA,"",NA,19,32,"",NA,"","Teamsters Local Union 604","Included: All full-time and regular part-time drivers dispatched from the Employer's
Wentzville terminal located at 120 Hammer Lane, Troy, MO 63379.

Excluded: All other employees, dispatchers, office clerical employees, managerial
employees, professional employees, and guards and supervisors as defined by the Act.","","","",26,"","Teamsters Local Union 604","Included: All full time and part time transport drivers

Excluded: Supervisors, yard employees, mechanics, clerical employees",37,38.631501,-90.19231,"Saint Louis, MO 63101",1,"place","TIGER/Line® from the US Census Bureau","Saint Louis","St. Louis City","MO","63101","US",1,38.3591971174794,-90.0186560702729,NA,NA
"14-RC-389970","Clean Harbors Environmental Services, Inc.","Region 14, Saint Louis, Missouri","Open","07/02/2026","","","Caseyville","IL","","","","",NA,NA,"Teamsters, Automotive, Petroleum and Allied Workers, Local 50",NA,"",NA,"",NA,NA,NA,"",NA,"","","","","","",8,"","","Included: All Chemist/Drivers, Truck to Truck, HAZMAT Drivers, Retail Tech/Drivers, Class A CDL Driers employed by the Employer at its Caseyville, IL location.

Excluded: All clericals, mechanics; guards; supervisors; managers; all other employees.

",NA,38.630199,-90.012477,"Caseyville, IL 62232",1,"place","TIGER/Line® from the US Census Bureau","Caseyville","St. Clair County","IL","62232","US",1,38.2712051812494,-89.5140608912223,NA,NA
"14-RC-390006","Clean Harbors Environmental Services, Inc.","Region 14, Saint Louis, Missouri","Open","07/06/2026","","","Independence","MO","A","Single Labor Organization","Initial","08/14/2026",13,NA,"International Brotherhood of Teamsters, Local No. 541",6,"",NA,"",NA,6,12,"",1,"Y","International Brotherhood of Teamsters, Local No. 541","Included: All full-time and regular part-time Class A CDL Drivers, Class A CDL Liquid
Drivers, Class B CDL Drivers, Retail Technician/CDL, Van/Flatbed Operators, Wet Vac Trailer Operators, Transporter Trailer Operator, CleanPack Chemists, and CleanPack Chemist/CDLs employed by the Employer at the Independence, Missouri location.

Excluded: Administrator, District Administrator, National Transportation Driver Tankers,
Truck to Truck Technicians, office clerical employees, professional employees, confidential
employees, guards and supervisors as defined in the Act and all other employees.","","","",14,"","International Brotherhood of Teamsters, Local No. 541","Included: Employees working at the facility at 901 S Yuma Ave in the following job classifications: Retail Tech, Chemist, Driver, Wet Vac Operator, Class A Driver, Clean Pak Chemist, Truck Driver, District Admin, and Transport Tank Driver Excluded: All statutorily excluded employees",13,39.107798,-94.409828,"Independence, MO 64050",1,"place","TIGER/Line® from the US Census Bureau","Independence","Jackson County","MO","64050","US",1,38.8650109089385,-94.8731171272195,NA,NA
"14-RC-390166","Herzog Transit Services, Inc.","Region 14, Saint Louis, Missouri","Open","07/07/2026","","","Kansas City","MO","A","Single Labor Organization","Initial","08/13/2026",69,NA,"International Brotherhood of Teamsters, Local No. 955",41,"",NA,"",NA,11,52,"",1,"","International Brotherhood of Teamsters, Local No. 955","Included: All full-time and regular part—time operators, technicians, laborers, leads, and
service maintainers employed by the Employer from its facility located at 600 East 3“! Street,
Kansas City, Missouri.
Excluded: Office clerical employees, professional employees, confidential employees,
guards and supervisors as defined in the Act, and all other employees.","","","",71,"","International Brotherhood of Teamsters, Local No. 955","Included: All full-time and regular part-time operators, technicians, laborers, leads, and service maintainers employed by the Employer from its facility located at 600 East 3rd Street, Kansas City, Missouri.

Excluded: Clerical and professional employees, guards, and supervisors as defined in the Act.
",69,39.102404,-94.598583,"Kansas City, MO 64101",1,"place","TIGER/Line® from the US Census Bureau","Kansas City","Jackson County","MO","64101","US",1,39.4514859311701,-94.386069074958,NA,NA
"14-RC-391107","Nickell Electric Company, Inc.","Region 14, Saint Louis, Missouri","Open","07/21/2026","","","Greenwood","MO","","","","",NA,NA,"International Brotherhood of Electrical Workers, Local No. 124",NA,"",NA,"",NA,NA,NA,"",NA,"","","","","","",8,"","","Included: All regular full-time and regular part-time electricians.
Excluded: Office and Clerical employees, professional employees, managerial employees, confidential employees, and guards and supervisors as defined in the National Labor Relations Act.
",NA,38.86436,-94.281453,"Greenwood, MO 64034",1,"place","TIGER/Line® from the US Census Bureau","Greenwood","Jackson County","MO","64034","US",1,39.0730781329261,-94.7135447585865,NA,NA
"14-RC-391610","Shuttlewagon, Inc.","Region 14, Saint Louis, Missouri","Open","07/27/2026","","","Kansas City","MO","","","","",NA,NA,"International Union of Painters and Allied Trades, (IUPAT) District Council 3 Local Union 820",NA,"",NA,"",NA,NA,NA,"",NA,"","","","","","",41,"","","INCLUDED
All full-time, regular part-time, and Temporary employees in the following classifications employed by the Employer at its 8701 Elmwood Ave Ste 300, Kansas City, MO 64132 facility. Lead, Shipping Lead, Warehouse, Distribution one, Distribution 2, Distribution 3, Material Handler, Material Handler 2, Material Handler 3, Lead Warehouse, Material Handler, Material Management Specialist, Shop Service Technician, Production Technician, Maintenance Technician, Shop Fabrication Lead, Assembler, Similar 2, Assembler 3, Assembly Lead, Painter, Welder, Welder 2, Welder 3, CNC Operator, Production Lead. EXCLUDED Clerical Staffs, Managements, Safety Coordinators, Office Supervisors, Shop Service Supervisors, Production Supervisors, Maintenance Supervisors, Director Of Operations, Human Resources, General Managers, and all those in Supervisorial rolls who can recommend or enact termination or discipline employees",NA,39.102404,-94.598583,"Kansas City, MO 64101",1,"place","TIGER/Line® from the US Census Bureau","Kansas City","Jackson County","MO","64101","US",1,38.9821807488286,-94.8480720622329,NA,NA
"14-RC-391928","Ford Motor Company","Region 14, Saint Louis, Missouri","Open","07/30/2026","","","Kansas City","MO","","","","",NA,NA,"International Union, United Automobile, Aerospace and Agricultural Implement Workers of America, UAW",NA,"",NA,"",NA,NA,NA,"",NA,"","","","","","",1,"","","Included: All full-time and regular part-time Occupational Health Nurses and Physicians Assistants employed by the Employer in the Medical facilities of the Kansas City Assembly Plant located at 8121 US-69, Kansas City, MO 64119.
Excluded: Office and clerical employees, managerial employees, confidential employees, guards and supervisors defined by the Act and all other employees.",NA,39.102404,-94.598583,"Kansas City, MO 64101",1,"place","TIGER/Line® from the US Census Bureau","Kansas City","Jackson County","MO","64101","US",1,39.3878275214181,-94.9678101762993,NA,NA
"14-RC-392456","Starbucks Corporation","Region 14, Saint Louis, Missouri","Open","08/07/2026","","","Ponca City","OK","","","","",NA,NA,"Chicago and Midwest Regional Joint Board, Workers United/SEIU",NA,"",NA,"",NA,NA,NA,"",NA,"","","","","","",18,"","","Included: All full-time and regular part-time Baristas and Shift Supervisors.

Excluded: Store managers, assistant managers, office clericals, guards, professionals, supervisors.",NA,36.736868,-97.18908,"Ponca City, OK 74601",1,"place","TIGER/Line® from the US Census Bureau","Ponca City","Kay County","OK","74601","US",1,36.4843188087616,-97.38549205878,NA,NA
"14-RC-392630","Good Day Farm D/B/A Greenlight Dispensary","Region 14, Saint Louis, Missouri","Open","08/11/2026","","","Joplin","MO","","","","",NA,NA,"United Food and Commercial Workers Local 2",NA,"",NA,"",NA,NA,NA,"",NA,"","","","","","",17,"","","Included Budtenders and all regular full and part time employees.

Excluded: Managers & supervisors as defined by the National Labor Relations Act.",NA,37.113343,-94.502663,"Joplin, MO 64801",1,"place","TIGER/Line® from the US Census Bureau","Joplin","Jasper County","MO","64801","US",1,37.0966773506325,-94.1197791036473,NA,NA
"14-RC-392781","Ryder Truck Rental","Region 14, Saint Louis, Missouri","Open","08/13/2026","","","Wood River","IL","","","","",NA,NA,"International Brotherhood of Teamsters Local 525",NA,"",NA,"",NA,NA,NA,"",NA,"","","","","","",3,"","","Included: Diesel Technicians Excluded: management per the act",NA,38.861597,-90.085657,"Wood River, IL 62095",1,"place","TIGER/Line® from the US Census Bureau","Wood River","Madison County","IL","62095","US",1,39.2305739899938,-90.2098723744679,NA,NA
"14-RD-347354","SSM Health Saint Louis University Hospital","Region 14, Saint Louis, Missouri","Open","07/31/2024","","","Saint Louis","MO","","","","",NA,NA,"National Nurses Organizing Committee-National Nurses United, AFL-CIO",NA,"",NA,"",NA,NA,NA,"",NA,"","","","","","",563,"","","INCLUDED: 
Registered nurses employed at 1201 S. Grand, St. Louis, MO 63104 and 1755 S. Grand, St. Louis, MO 63104, including full time, part time, and PRNs, including those that serve as relief charge nurses. 
EXCLUDED: 
All other Registered Nurses, including Registered Nurses, office clerical Registered Nurses, all other professional Registered Nurses (including without limitation physicians and residents registry nurses, Registered Nurses of outside registries and other agencies supplying labor to the Employer, traveling nurses, regularly assigned charge nurses, guards, managers, supervisors, as devined the ACT and already represented Registered Nurse.",NA,38.631501,-90.19231,"Saint Louis, MO 63101",1,"place","TIGER/Line® dataset from the US Census Bureau","Saint Louis","St. Louis City","MO","63101","US",1,38.4769224148223,-90.4519041044856,NA,NA
"14-RD-377176","Metro Park Warehouses, LLC","Region 07, Detroit, Michigan","Open","12/15/2025","","","Kansas City","MO","A","Single Labor Organization","Initial","01/23/2026",71,NA,"Teamsters Local 838",39,"",NA,"",NA,27,66,"",NA,"","International Brotherhood of Teamsters Local 838","All full-time and regular part-time drivers and warehousemen employed by the Employer at its facilities located at 6920 Executive Drive, Kansas City, Missouri; 6901 Stilwell, Kansas City, Missouri; 1411 Quebec, Kansas City, Missouri; 251 South 55th Street, Kansas City, Kansas; and 5020 Swartz Road, Kansas City, Kansas facilities, but EXCLUDING office clerical employees, confidential employees, quality control employees, professional employees, guards and supervisors as defined in the Act.","","","",NA,"","","",NA,39.102404,-94.598583,"Kansas City, MO 64101",1,"place","TIGER/Line® dataset from the US Census Bureau","Kansas City","Jackson County","MO","64101","US",1,39.0040587389328,-94.9951553030269,NA,NA
"14-RD-378379","Terrabis","Region 14, Saint Louis, Missouri","Open","01/07/2026","","","Grayville","IL","","","","",NA,NA,"Union 881",NA,"",NA,"",NA,NA,NA,"",NA,"","","","","","",19,"","","Included: All fulltime and regular part time budtenders and inventory leads employed by the Employer at its facility located at 105 Koehler St. Grayville, Illinois. 
Excluded: All office clerical employees, professional employees, lead budtenders, managers, guards, and supervisors as defined in The Act.",NA,38.25755,-87.99364,"Grayville, IL 62844",1,"place","TIGER/Line® dataset from the US Census Bureau","Grayville","White County","IL","62844","US",1,38.3377605781622,-88.169538429472,NA,NA
"14-RD-379045","Coreslab Structures","Region 14, Saint Louis, Missouri","Open","01/14/2026","","","Tulsa","OK","","","","",NA,NA,"International Union of Operating Engineers Local 627",NA,"",NA,"",NA,NA,NA,"",NA,"","","","","","",25,"","","Included: All bargaining unit employees.

Excluded: All other employees, managers and supervisors as defined in the Act.
",NA,36.063095,-95.804231,"Tulsa, OK 74102",1,"place","TIGER/Line® dataset from the US Census Bureau","Tulsa","Tulsa County","OK","74102","US",1,35.7853633574073,-96.0681528221884,NA,NA
"14-RD-387101","Buckeye Pipeline Services Company","Region 14, Saint Louis, Missouri","Open","05/15/2026","","","Sugar Creek","MO","A","Single Labor Organization","Initial","06/30/2026",7,NA,"National Right to Work Legal Defense Foundation, Inc.",1,"",NA,"",NA,4,5,"",NA,"","United Steel, Paper and Forestry, Rubber, Manufacturing, Energy, Allied Industrial and Service Workers International Union and Local 348","Included: Full-time and regular part-time terminal operators employed by the Employer
at 1315 Sterling Ave., Sugar Creek, Missouri 64054, 829 Tank Farm Rd. 3, Council Bluffs, Iowa
51503 and 168848 County Road H35 87th Steet, Ottumwa,Iowa 52501.
• Excluded: Temporary employees, warehouse employees, office and clerical employees,
technical employees, drivers, professional employees, managerial employees, guards and
supervisors as defined by the Act and all other employees.","","","",7,"","United Steel, Paper and Forestry, Rubber, Manufacturing, Energy, Allied Industrial and Service Workers International Union and Local 348","Included:
Terminal operators employed by the Employer at and/or out of its Sugar Creek, Missouri, Council 
Bluffs, Iowa and Ottumwa, Iowa facilities.
Excluded:
All other employees, including all temporary employees, warehouse employees, office and clerical 
employees, technical, and professional employees, drivers, managerial employees, and guards and 
supervisors as defined by the Act.
",7,39.109727,-94.444674,"Sugar Creek, MO 64054",1,"place","TIGER/Line® dataset from the US Census Bureau","Sugar Creek","Jackson County","MO","64054","US",1,38.8594129245002,-94.435567506445,NA,NA
"14-RD-387892","Midwest Drywall Co., Inc.","Region 14, Saint Louis, Missouri","Open","05/29/2026","","","Oklahoma City","OK","","","","",NA,NA,"Central South Carpenters Regional Council",NA,"",NA,"",NA,NA,NA,"",NA,"","","","","","",48,"","","Included:  All employees of Midwest Drywall Company, Inc., coming under the trade and geographical jurisdiction of the Central South Carpenters Regional Council with the title journeyman and apprentice drywall and metal stud mechanics, finishers, material handlers and ceiling installers, interior and exterior wall finish workers as well as all scaffold erection, including employees and designated as foremen.

Excluded:
All clerical and managerial employees.
",NA,35.491608,-97.562817,"Oklahoma City, OK 73101",1,"place","TIGER/Line® from the US Census Bureau","Oklahoma City","Oklahoma County","OK","73101","US",1,35.3646870286791,-97.797044756504,NA,NA
"14-RD-390664","Missouri Red Quarries, Inc.","Region 14, Saint Louis, Missouri","Open","07/14/2026","","","Ironton","MO","","","","",NA,NA,"Laborer' International Union of North America, Local No. 830",NA,"",NA,"",NA,NA,NA,"",NA,"","","","","","",9,"","","Included: All full-time and regular part-time production and maintenance employees employed at the Employer's Ironton, Missouri facility.
Excluded: Office clerical employees, professional employees, guards and supervisors as defined in the Act.
",NA,37.616808,-90.598469,"Ironton, MO 63650",1,"place","TIGER/Line® from the US Census Bureau","Ironton","Iron County","MO","63650","US",1,37.4300190428996,-90.1663098443928,NA,NA
"14-RD-392219","Aramark","Region 14, Saint Louis, Missouri","Open","08/04/2026","","","Saint Joseph","MO","","","","",NA,NA,"UNITE HERE Local 74",NA,"",NA,"",NA,NA,NA,"",NA,"","","","","","",33,"","","Included: Cooks food service.
Excluded: Excluding all others as defined in the Act.",NA,39.765442,-94.844432,"Saint Joseph, MO 64501",1,"place","TIGER/Line® from the US Census Bureau","Saint Joseph","Buchanan County","MO","64501","US",1,39.5498771388048,-94.8908774251341,NA,NA
"14-RM-354574","Dold Foods, LLC","Region 14, Saint Louis, Missouri","Open","11/12/2024","","","Wichita","KS","","","","",NA,NA,"UFCW Local 2",NA,"",NA,"",NA,NA,NA,"",NA,"","","","","","",580,"","","Included: Production, maintenance, quality control, shipping and all non-supervisory employees.

Excluded: No exclusions stated.",NA,37.651974,-97.258997,"Wichita, KS 67201",1,"place","TIGER/Line® dataset from the US Census Bureau","Wichita","Sedgwick County","KS","67201","US",1,37.9610790763615,-97.5089356724085,NA,NA
"14-RM-373732","John Fabick Tractor Company","Region 14, Saint Louis, Missouri","Open","09/22/2025","","","Cape Girardeau","MO","","","","",NA,NA,"Operating Engineers Local 513",NA,"",NA,"",NA,NA,NA,"",NA,"","","","","","",2,"","","Included: All full-time and regular part-time shop mechanics, field mechanics, and utility workers. 

Excluded: Rental coordinators, office clerical, professionals, guards, and supervisors.",NA,37.335289,-89.574605,"Cape Girardeau, MO 63701",1,"place","TIGER/Line® dataset from the US Census Bureau","Cape Girardeau","Cape Girardeau County","MO","63701","US",1,37.1333763733759,-89.9478006309639,NA,NA
"14-RM-374657","Nexstar Media Group, Inc.","Region 14, Saint Louis, Missouri","Open","10/20/2025","","","Saint Louis","MO","A","Single Labor Organization","Initial","12/11/2025",6,NA,"International Brotherhood of Electrical Workers",6,"",NA,"",NA,NA,6,"",NA,"","The International Brotherhood of Electrical Workers Local No. 4","All full-time and regular part-time Digital Content Producers employed by the Employer at its facility located at 2250 Ball Drive, St. Louis, MO 63146, but EXCLUDING all directors, executive producers, managerial employees, confidential employees, office clerical employees, professional employees, guards and supervisors as defined by the Act, and all other employees.","","","",6,"","The International Brotherhood of Electrical Workers Local No. 4","Included: Digital Content Producers

Excluded: Directors, Executive Producers, and any 2 (11) supervisors.",6,38.631501,-90.19231,"Saint Louis, MO 63101",1,"place","TIGER/Line® dataset from the US Census Bureau","Saint Louis","St. Louis City","MO","63101","US",1,38.5698151973522,-90.1734719431712,NA,NA
"14-RM-375088","Kaldi's Coffee Roasting Company","Region 14, Saint Louis, Missouri","Open","11/20/2025","","","Saint Louis","MO","","","","",NA,NA,"UNITE HERE Local 74",NA,"",NA,"",NA,NA,NA,"",NA,"","","","","","",15,"","","Included: All full-time and part-time hourly Team Members, Team Leaders, and Senior Team Leaders employed by the Employer at its 270 N. Skinker Blvd., St. Louis, MO location.

Excluded: All other employees, including guards, confidential employees, managerial employees, office clerical employees, and supervisors as defined by the Act.
",NA,38.631501,-90.19231,"Saint Louis, MO 63101",1,"place","TIGER/Line® dataset from the US Census Bureau","Saint Louis","St. Louis City","MO","63101","US",1,38.1604970976224,-90.2526672637774,NA,NA
"14-RM-391046","Woodard & Curran, Inc.","Region 14, Saint Louis, Missouri","Open","07/20/2026","","","Defiance","MO","","","","",NA,NA,"International Union of Operating Engineers, Local 148",NA,"",NA,"",NA,NA,NA,"",NA,"","","","","","",7,"","","Included: FT and reg. PT OM Techs and Lead OM Techs at PWSD #2 Water Treatment Plant.
Excluded: Supervisors; confidential, managerial, professional EEs; guards; all other EEs.",NA,38.663411,-90.841195,"Defiance, MO 63341",1,"place","TIGER/Line® from the US Census Bureau","Defiance","St. Charles County","MO","63341","US",1,38.9436416911908,-91.0492290040848,NA,NA
"15-RC-342317","Castle Energy Group, LLC","Region 15, New Orleans, Louisiana","Open","05/15/2024","","","Meridian","MS","A","Single Labor Organization","Initial","06/06/2024",91,6,"Pipeliners Local Union 798",13,"",NA,"",NA,58,77,"",2,"","","Included: All full-time and regular part-time welders and welder helpers employed by the Employer.

Excluded: All other employees, managers, confidential employees, office clerical employees, guards, and supervisors as defined by the Act.
","","","",80,"","","Included: all full-time and regular part-time welders and welder helpers employed by Castle Energy Group, LLC.

Excluded: all other employees, office clericals, guards, managerial employees, and supervisors as defined by the Act.",91,32.381605,-88.663489,"Meridian, MS 39301",1,"place","TIGER/Line® dataset from the US Census Bureau","Meridian","Lauderdale County","MS","39301","US",1,32.1403419084358,-88.5305852136239,NA,NA
"15-RC-366955","Memphis Symphony Orchestra","Region 15, New Orleans, Louisiana","Open","06/05/2025","","","Memphis","TN","A","Single Labor Organization","Initial","08/13/2025",7,NA,"International Alliance of Theatrical Stage Employees Local 69",NA,"",NA,"",NA,2,2,"",6,"Y","","Included: All full-time and regular part-time stagehands employed by the Memphis Symphony Orchestra. 
Excluded: All other employees, office clerical employees, managers, guards, and supervisors, as defined by the Act.
","","","",6,"","","Included:
All Included: full time and part time stagehands 
Excluded: 
All other employees, and all guards and supervisors as defined in the Act",7,35.050667,-89.847782,"Memphis, TN 38101",1,"place","TIGER/Line® dataset from the US Census Bureau","Memphis","Shelby County","TN","38101","US",1,34.7108289299035,-90.0225148094207,NA,NA
"15-RC-391499","Starbucks Corporation","Region 15, New Orleans, Louisiana","Open","07/27/2026","","","Conway","AR","","","","",NA,NA,"Workers United",NA,"",NA,"",NA,NA,NA,"",NA,"","","","","","",16,"","","Included:  All full-time and regular part-time Baristas and Shift Supervisors

Excluded:  Store Mgrs, Asst Store Mgrs/Ofc Clericals, Guards, Prof'l Employees and Supervisors",NA,35.065889,-92.362875,"Conway, AR 72032",1,"place","TIGER/Line® from the US Census Bureau","Conway","Faulkner County","AR","72032","US",1,35.5406061816416,-92.0676965807881,NA,NA
"15-RC-391696","The Inkwell Press","Region 15, New Orleans, Louisiana","Open","07/28/2026","","","New Orleans","LA","","","","",NA,NA,"International Brotherhood Teamsters Local Union 270",NA,"",NA,"",NA,NA,NA,"",NA,"","","","","","",10,"","","Included: pre press, press operator, shipping and receiving, embroidery, sales, graphic design Excluded: management and supervisors",NA,29.958304,-90.077,"New Orleans, LA 70112",1,"place","TIGER/Line® from the US Census Bureau","New Orleans","Orleans Parish","LA","70112","US",1,29.5179554162607,-89.7823220039234,NA,NA
"15-RC-391950","Jazz Casino Company LLC d/b/a Caesars New Orleans","Region 15, New Orleans, Louisiana","Open","07/31/2026","","","New Orleans","LA","","","","",NA,NA,"International Union, United Automobile, Aerospace and Agricultural Implement Workers of America (UAW), AFL-CIO",NA,"",NA,"",NA,NA,NA,"",NA,"","","","","","",325,"","","Included:
All Full-time, Part-time, and On-call Table Games Dealers and Dual Rates.
Excluded:
Poker room employees, slot attendants/slot techs, supervisors, managers, guards and all other employees as defined in the Act.",NA,29.958304,-90.077,"New Orleans, LA 70112",1,"place","TIGER/Line® from the US Census Bureau","New Orleans","Orleans Parish","LA","70112","US",1,30.1443467046195,-90.0268214321211,NA,NA
"15-RD-341682","ADT LLC","Region 15, New Orleans, Louisiana","Open","05/07/2024","","","Lafayette","LA","A","Single Labor Organization","Initial","06/13/2024",55,NA,"Communications Workers of America",17,"",NA,"",NA,30,47,"",NA,"","","Included:  All HV Service Technicians and HV Install Technicians employed by the employer at its facilities in Baton Rouge, Lafayette, Shreveport, and St. Rose, Louisiana.
Excluded: All other employees, including office clerical employees, guards, and supervisors as defined by the Act.
","","","",53,"","","Included:
Servicemen and/or Installers employed by the employer at the facilities located in the state of Louisiana 
Excluded:
All other employees classified as guards, office clerical employees, professional employees, assistant managers, supervisors, relief supervisors, foremen, assistant foremen, chief clerks, and all other supervisors as defined in the Act.
",55,30.24171,-91.991044,"Lafayette, LA 70501",1,"place","TIGER/Line® dataset from the US Census Bureau","Lafayette","Lafayette Parish","LA","70501","US",1,30.3370555995768,-92.0602731955929,NA,NA
"15-RM-367758","Memphis Orchestral Society, Inc, dba Memphis Symphony Orchestra","Region 15, New Orleans, Louisiana","Open","06/18/2025","","","Memphis","TN","","","","",NA,NA,"International Alliance of Theatrical Stage Employees",NA,"",NA,"",NA,NA,NA,"",NA,"","","","","","",1,"","","Included: Former Parttime stagehands who have not been terminated.

Excluded: Supervisors, guards,
",NA,35.050667,-89.847782,"Memphis, TN 38101",1,"place","TIGER/Line® dataset from the US Census Bureau","Memphis","Shelby County","TN","38101","US",1,35.2725428615199,-89.3881843868032,NA,NA
"16-RC-288492","MVM, Inc.","Region 16, Fort Worth, Texas","Open","01/05/2022","","","McAllen","TX","A","Single Labor Organization","Initial","03/16/2022",188,3,"INTERNATIONAL UNION, SECURITY, POLICE AND FIRE PROFESSIONALS OF AMERICA (SPFPA)",54,"",NA,"",NA,78,132,"",3,"","","INCLUDED: All full-time and regular part-time Child and Family Protection Care Specialists employed by the Employer at its facility located at 220 South K Center, McAllen TX 78501.

EXCLUDED: All other employees, including office clerical employees, professional employees, confidential employees, managers, non-guard employees under Section 9(b)(3) of the Act and supervisors as defined by the Act. 
","","","",NA,"","","",NA,26.215816,-98.239592,"McAllen, TX 78501",1,"place","TIGER/Line® dataset from the US Census Bureau","McAllen","Hidalgo County","TX","78501","US",1,26.3558679879535,-97.7990628290882,NA,NA
"16-RC-347961","Delek Refining, LTD","Region 16, Fort Worth, Texas","Open","08/09/2024","","","Tyler","TX","","","","",NA,NA,"UNITED STEELWORKERS, LOCAL 202.01",NA,"",NA,"",NA,NA,NA,"",NA,"","","","","","",34,"","","INCLUDED:  All drivers at the Delek yard in Tyler, TX, are represented by the United Steelworkers.",NA,32.321937,-95.302223,"Tyler, TX 75701",1,"place","TIGER/Line® dataset from the US Census Bureau","Tyler","Smith County","TX","75701","US",1,32.6343328923388,-95.7022557829272,NA,NA
"16-RC-354942","OQ Chemicals Corporation","Region 16, Fort Worth, Texas","Open","11/15/2024","","","Bay City","TX","A","Single Labor Organization","Initial","12/20/2024",7,NA,"International Union of Operating Engineers(IUOE), Local 564",1,"",NA,"",NA,6,7,"",NA,"","","Included: All full-time and regular part-time hourly work group leads employed by the Employer at its facility located at 2001 FM 3057, Bay City, Texas 77414.

Excluded: All other employees including office clerical employees, professional employees, salary employees, managerial employees, guards and supervisors as defined in the Act.
","","","",8,"","","Included: All full time and regular part time hourly work group leads employed by the employer at its Bay city Texas facility 2001 FM 3057 Bay City, TX 77414.

Excluded: All other employees including office clericals, professional employees, salary employees, guards and supervisors as defined by the Act.",7,28.798156,-95.651058,"Bay City, TX 77404",1,"place","TIGER/Line® dataset from the US Census Bureau","Bay City","Matagorda County","TX","77404","US",1,29.2734822959421,-95.973468406312,NA,NA
"16-RC-354943","OQ Chemicals Corporation","Region 16, Fort Worth, Texas","Open","11/15/2024","","","Bay City","TX","A","Single Labor Organization","Initial","12/20/2024",90,NA,"INTERNATIONAL UNION OF OPERATING ENGINEERS LOCAL 564 AND TEXAS METAL TRADES",43,"",NA,"",NA,41,84,"",NA,"","International Union of Operating Engineers(IUOE), Local 564","Included: All full-time and regular part-time hourly operations and maintenance employees employed by the Employer at its Bay City, Texas facility located at 2001 FM 3057, Bay City, Texas 77414. 

Excluded: All other employees, including office clerical employees, professional employees, salary employees, managerial employees, guards and supervisors as defined in the Act.","","","",95,"","International Union of Operating Engineers(IUOE), Local 564","Included: All full time and regular part time hourly operations and maintenance employees, employed by the Employer at its Bay City Texas facility 2001 FM 3057 Bay City, TX 77414.

Excluded: All other employees including office clericals, professional employees, salary employees, guards and supervisors as defined by the Act.",90,28.798156,-95.651058,"Bay City, TX 77404",1,"place","TIGER/Line® dataset from the US Census Bureau","Bay City","Matagorda County","TX","77404","US",1,28.4598998856047,-95.6446848730089,NA,NA
"16-RC-369204","Univar Solutions USA LLC","Region 16, Fort Worth, Texas","Open","07/14/2025","","","Garland","TX","A","Single Labor Organization","Initial","08/13/2025",17,NA,"International Union of Operating Engineers (IUOE), Local 564",8,"",NA,"",NA,9,17,"",NA,"","","Included: All full-time and regular part-time Divers, Material Handlers and Driver/Material Handlers employed by the Employer at the facility located at 3101 Wood Drive#1, Garland, Texas 75041.

Excluded: All other full-time and part-time employees, including all lab employees, inventory coordinator, professional employees, managerial employees, office clerical employees, guards, and supervisors as defined in the Act.","","","",18,"","","Included: All full time and regular part time drivers, material handlers and drivers/material handlers employed by the Employer at its facility located at 3101 Wood Drive, #1 Garland, TX 75041.

Excluded: All other full time and part time employees, including all Lab employees, inventory coordinators, professional employees, managerial employees, office clerical employees, guards and supervisors as defined in the Act.",17,32.931523,-96.615821,"Garland, TX 75040",1,"place","TIGER/Line® dataset from the US Census Bureau","Garland","Dallas County","TX","75040","US",1,33.0609984438568,-96.8932717743306,NA,NA
"16-RC-384371","RD Family Investments, LLC d/b/a Generator Supercenter Corpus Christi","Region 16, Fort Worth, Texas","Open","04/07/2026","","","Corpus Christi","TX","A","Single Labor Organization","Initial","04/29/2026",6,NA,"INTERNATIONAL BROTHERHOOD OF ELECTRICAL WORKERS, LOCAL UNION  278",2,"",NA,"",NA,3,5,"",6,"","","Included: All full-time and part-time Electricians, Apprentice Electricians, and Service Technicians employed by the Employer at its facility located at 6500 South Padre Island Drive, Suite 14 Corpus Christi, TX 78412.

Excluded: All other employees, managerial employees, professional employees, office clericals, confidential employees, guards, and supervisors as defined by the Act.","","","",7,"","","Included: Electricians, Installation Techs.

Excluded: Office staff, owner, estimators, any new staff hired after Petition filed.",6,27.797802,-97.399067,"Corpus Christi, TX 78401",1,"place","TIGER/Line® dataset from the US Census Bureau","Corpus Christi","Nueces County","TX","78401","US",1,27.9423103636791,-97.3260153010285,NA,NA
"16-RC-384556","Starbucks Corporation","Region 16, Fort Worth, Texas","Open","04/09/2026","","","Houston","TX","A","Single Labor Organization","Initial","05/19/2026",18,NA,"Workers United, affiliated with Service Employees International Union",7,"",NA,"",NA,6,13,"",3,"","","Included: All full-time and regular part-time baristas and shift supervisors employed
by the Employer at its facility located at 1206 W. 43rd Street, Houston,
Texas 77018-4204.

Excluded: All other employees, including store managers, assistant store managers,
office clericals, professional employees, guards, and supervisors as defined
in the Act.","","","",16,"","","Included: All full-time & regular part-time Baristas & Shift Supervisors.

Excluded: Store Manager, Assistant Store Manager/ Office Clericals, Guards, Professional Employees and Supervisors.",18,29.813142,-95.309789,"Houston, TX 77001",1,"place","TIGER/Line® dataset from the US Census Bureau","Houston","Harris County","TX","77001","US",1,29.6121274244515,-94.8113493983775,NA,NA
"16-RC-390605","Starbucks Corporation","Region 16, Fort Worth, Texas","Open","07/14/2026","","","Amarillo","TX","","","","",NA,NA,"Workers United",NA,"",NA,"",NA,NA,NA,"",NA,"","","","","","",24,"","","Included: All full-time  & regular part-time Baristas & Shift Supervisors.

Excluded: Store Manager, Assistant Store Managers/ Office Clericals, Guards, Professional Employees and supervisors.",NA,35.20603,-101.839602,"Amarillo, TX 79101",1,"place","TIGER/Line® from the US Census Bureau","Amarillo","Potter County","TX","79101","US",1,35.048896218416,-101.620837229224,NA,NA
"16-RC-390960","Ash Grove Cement Company","Region 16, Fort Worth, Texas","Open","07/17/2026","","","Midlothian","TX","","","","",NA,NA,"International Brotherhood of Boilermakers, Iron Ship Builders, Blacksmith, Forgers and Helpers",NA,"",NA,"",NA,NA,NA,"",NA,"","","","","","",85,"","","Included: All employees.

Excluded: All guards, office clericals, and supervisors.",NA,32.431364,-96.978849,"Midlothian, TX 76065",1,"place","TIGER/Line® from the US Census Bureau","Midlothian","Ellis County","TX","76065","US",1,32.8990982702635,-97.362575191707,NA,NA
"16-RC-390987","Rusk County Electric Cooperative, Inc.","Region 16, Fort Worth, Texas","Open","07/20/2026","","","Henderson","TX","","","","",NA,NA,"INTERNATIONAL BROTHERHOOD OF ELECTRICAL WORKERS, LOCAL 738",NA,"",NA,"",NA,NA,NA,"",NA,"","","","","","",5,"","","Included: All regular full time and part time Servicemen and Mechanic employed by the employer.

Excluded: All other employees, including office, clerical employees, professional employees, guards and supervisors as defined by the Act.",NA,32.213061,-94.783436,"Henderson, TX 75652",1,"place","TIGER/Line® from the US Census Bureau","Henderson","Rusk County","TX","75652","US",1,32.492797590106,-94.5627237261527,NA,NA
"16-RC-391655","Vestis Services, LLC","Region 16, Fort Worth, Texas","Open","07/28/2026","","","Dallas","TX","","","","",NA,NA,"Teamsters Local Union 745",NA,"",NA,"",NA,NA,NA,"",NA,"","","","","","",7,"","","Included: All full and part time regular Route Sales Support Employees Excluded: All other employees, office clerical employees, professional employees, guards, and all managers and supervisors defined by the act.",NA,32.781179,-96.790329,"Dallas, TX 75201",1,"place","TIGER/Line® from the US Census Bureau","Dallas","Dallas County","TX","75201","US",1,32.4571114541781,-97.1802009027638,NA,NA
"16-RC-391718","Iron Oak Energy Management LLC","Region 16, Fort Worth, Texas","Open","07/28/2026","","","Crane","TX","","","","",NA,NA,"United Steel, Paper and Forestry, Rubber, Manufacturing, Energy, Allied Industrial and Service Workers International Union, AFL-CIO/CLC",NA,"",NA,"",NA,NA,NA,"",NA,"","","","","","",50,"","","Included: All Full Time and Hourly Operators, Maintenance, and Quality Techs employed by the Employer at 10750 FM 1233 Crane, TX 79731. 

Excluded: All other employees, confidential employees, office clerical employees, managerial employees, guards and supervisors as defined by the National Labor Relations Act.",NA,31.39736,-102.35014,"Crane, TX 79731",1,"place","TIGER/Line® from the US Census Bureau","Crane","Crane County","TX","79731","US",1,31.0759981974816,-102.590507224906,NA,NA
"16-RD-327720","Republic National Distributing Company","Region 16, Fort Worth, Texas","Open","10/12/2023","","","Houston","TX","","","","",NA,NA,"TEAMSTERS LOCAL UNION NO. 988",NA,"",NA,"",NA,NA,NA,"",NA,"","","","","","",62,"","","Included: Full and Part time CDL Drivers and drivers-helpers.

Excluded: All other employees including and supervisors.",NA,29.813142,-95.309789,"Houston, TX 77001",1,"place","TIGER/Line® dataset from the US Census Bureau","Houston","Harris County","TX","77001","US",1,30.0769472857947,-95.2872409535713,NA,NA
"16-RD-362319","Smart Charge America","Region 16, Fort Worth, Texas","Open","03/21/2025","","","Austin","TX","A","Single Labor Organization","Rerun","05/30/2025",7,NA,"International Brotherhood of Electrical Workers Local 520",2,"",NA,"",NA,2,4,"",3,"Y","","Included: All full-time and regular part-time electricians employed by the Employer at its facility located at 4616 W. Howard Lane, Building 2 Suite 400, Austin, Texas 78728.

Excluded: All other employees, including office clerical employees, professional employees, guards and supervisors as defined by the Act.
","","","",3,"","","Included: All part-time and full-time electricians.

Excluded: All office employees, guards, and supervisors as defined by the Act.",7,30.268335,-97.741382,"Austin, TX 78701",1,"place","TIGER/Line® dataset from the US Census Bureau","Austin","Travis County","TX","78701","US",1,29.7709930693666,-98.0692528492871,NA,NA
"16-RD-374302","A.S.H. Electrical Services, LLC","Region 16, Fort Worth, Texas","Open","09/30/2025","","","San Angelo","TX","","","","",NA,NA,"INTERNATIONAL BROTHERHOOD OF ELECTRICAL WORKERS, LOCAL 520",NA,"",NA,"",NA,NA,NA,"",NA,"","","","","","",2,"","","Included: Employees covered under CBA -electricians.

Excluded: Generator technicians, operations.",NA,31.44451,-100.533397,"San Angelo, TX 76901",1,"place","TIGER/Line® dataset from the US Census Bureau","San Angelo","Tom Green County","TX","76901","US",1,31.5455688055942,-100.13052382222,NA,NA
"16-RD-392349","Allied Aviation Fueling Company of San Antonio, Inc.","Region 16, Fort Worth, Texas","Open","08/06/2026","","","San Antonio","TX","","","","",NA,NA,"International Association of Machinists & Aerospace Workers, District 142",NA,"",NA,"",NA,NA,NA,"",NA,"","","","","","",38,"","","Included:
All full-time and regular part-time employees engaged in the operation and maintenance of the fueling facilities of San
Antonio International Airport, 9800 Airport Blvd, San Antonio, TX 78216.

Excluded: All other employees including clericals, professional employees, guards and supervisors as defined in the Act.",NA,29.468413,-98.528889,"San Antonio, TX 78201",1,"place","TIGER/Line® from the US Census Bureau","San Antonio","Bexar County","TX","78201","US",1,28.9930395891474,-98.7326186108902,NA,NA
"18-RC-306175","John Henry Foster Minnesota, Inc.","Region 18, Minneapolis, Minnesota","Open","10/28/2022","","","Eagan","MN","A","Single Labor Organization","Rerun","07/25/2023",6,NA,"Pipefitters Local 455",1,"",NA,"",NA,1,2,"",4,"Y","","All full-time and regular part-time installation and piping specialists employed by the Employer at its Eagan, Minnesota facility; excluding All other employees, service technicians, office clerical employees, managers, guards, and supervisors as defined in the Act.","","","",4,"","","Included: All full-time and regular part-time installation and piping specialists employed by the Employer at its Eagan, Minnesota facility. Excluded: All other employees, service technicians, office clerical employees, guards, and supervisors as defined in the Act.",4,44.802791,-93.167768,"Eagan, MN 55122",1,"place","TIGER/Line® dataset from the US Census Bureau","Eagan","Dakota County","MN","55122","US",1,44.7809001576442,-92.8405666116894,NA,NA
"18-RC-330714","Essentia Health","Region 18, Minneapolis, Minnesota","Open","11/27/2023","","","Duluth","MN","A","Single Labor Organization","Initial","07/23/2024",416,5,"Minnesota Nurses Association",245,"",NA,"",NA,128,373,"",5,"","Minnesota Nurses Association","Included: All full-time and regular part-time nurse practitioners, physician assistants, certified nurse midwives and clinical nurse specialists employed within the Employer’s East Market.

Excluded: All other employees, managerial employees, confidential employees, guards, and supervisors defined by the National Labor Relations Act.
","","","",382,"","Minnesota Nurses Association","Included: All full-time and regular part-time Nurse Practitioners, Physician Assistants/Physician Associates, Certified Nurse Midwives, and Clinical Nurse Specialists at the facilities listed in Addendum A within the Essentia Health East Market.

Excluded: All supervisors, managerial employees, confidential employees, and guards as defined in the Act, and all other employees not listed in Addendum B above.",416,47.005566,-92.001934,"Duluth, MN 55801",1,"place","TIGER/Line® dataset from the US Census Bureau","Duluth","St. Louis County","MN","55801","US",1,46.6375481721409,-92.1106439041324,NA,NA
"18-RC-371855","Central Iowa Hospital Corporation d/b/a UnityPoint Health – Des Moines","Region 18, Minneapolis, Minnesota","Open","08/21/2025","","","Des Moines","IA","A","Single Labor Organization","Initial","12/10/2025",2036,NA,"Teamsters Local 90",871,"",NA,"",NA,666,1537,"",251,"Y","","All full-time, regular part-time and PRN Registered Nurses employed by the Employer at Iowa Methodist Medical Center, Blank Children’s Hospital, Methodist West Hospital, or Iowa Lutheran Hospital; excluding all other employees, clinical informaticists (including lead), and guards and supervisors as defined in the Act, as amended.

Also eligible to vote are all employees in the unit who have worked an average of four (4) hours or more per week during the 13 weeks immediately preceding the eligibility date for the election.","","","",1776,"","","Included: All full time and regular part-time time registered nurses and PRNs.

Excluded: All other employees, guards, and supervisors as defined in the Act.",2036,41.672687,-93.572173,"Des Moines, IA 50301",1,"place","TIGER/Line® dataset from the US Census Bureau","Des Moines","Polk County","IA","50301","US",1,41.7317806460067,-93.7198089455846,NA,NA
"18-RC-379429","Essentia Health","Region 18, Minneapolis, Minnesota","Open","01/20/2026","","","Duluth","MN","","","","",NA,NA,"International Union, Security, Police and Fire Professionals of America (SPFPA)",NA,"",NA,"",NA,NA,NA,"",NA,"","","","","","",40,"","","Included: All employees performing guard duties as defined in section 9(b)(3) of the National Labor Relations Act, employed by Essentia Health @ 502 E 2nd St, Duluth, MN 55805. 

Excluded: All office clerical employees, professional employees and supervisors as defined in the act.",NA,47.005566,-92.001934,"Duluth, MN 55801",1,"place","TIGER/Line® dataset from the US Census Bureau","Duluth","St. Louis County","MN","55801","US",1,46.7097629150305,-91.5158853674658,NA,NA
"18-RC-380431","Rogers Memorial Hospital, Inc.","Region 18, Minneapolis, Minnesota","Open","02/04/2026","","","West Allis","WI","A","Single Labor Organization","Initial","04/22/2026",68,NA,"National Union of Healthcare Workers (NUHW)",53,"",NA,"",NA,4,57,"",9,"","National Union of Healthcare Workers (NUHW)","VOTING GROUP A (Professional Unit) 

All full-time, regular part-time, and per diem professional employees employed by the Employer in the following job classifications at the Employer’s Lincoln Center Clinic located in West Allis, Wisconsin:  Nurse Practitioner, Physician Psychiatrist, Therapists I (including without limitation Therapist 1 Hourly and Therapist 1 Hourly SUD); Therapist II (including without limitation Therapist 2 Hourly and Therapist 2 Hourly SUD); Experiential Therapists (including without limitation Experiential Therapist II and Experiential Therapist Music Movement); Registered Nurse IOP PHP (Intensive Outpatient Programs; Partial Hospitalization Programs); Behavioral Specialist; Case Specialists (including without limitation Case Specialist and Case Specialist SUD); Case Manager MHAR (Mental Health Addiction Recovery), excluding managerial employees, nonprofessional employees, confidential employees, and supervisors as defined in the National Labor Relations Act.
","VOTING GROUP B (Nonprofessional Unit)

All full-time, regular part-time, and per diem nonprofessional employees employed by the Employer in the following job classifications at the Employer’s Lincoln Center Clinic located in West Allis, Wisconsin: Clinical Support Coordinator I; Clinical Support Coordinator II; Behavioral Health Technician I; Behavioral Health Technician II, excluding managerial employees, professional employees, confidential employees, and supervisors as defined in the National Labor Relations Act.
","VOTING GROUP B (Nonprofessional Unit)

All full-time, regular part-time, and per diem nonprofessional employees employed by the Employer in the following job classifications at the Employer’s Lincoln Center Clinic located in West Allis, Wisconsin: Clinical Support Coordinator I; Clinical Support Coordinator II; Behavioral Health Technician I; Behavioral Health Technician II, excluding managerial employees, professional employees, confidential employees, and supervisors as defined in the National Labor Relations Act.
","VOTING GROUP B (Nonprofessional Unit)

All full-time, regular part-time, and per diem nonprofessional employees employed by the Employer in the following job classifications at the Employer’s Lincoln Center Clinic located in West Allis, Wisconsin: Clinical Support Coordinator I; Clinical Support Coordinator II; Behavioral Health Technician I; Behavioral Health Technician II, excluding managerial employees, professional employees, confidential employees, and supervisors as defined in the National Labor Relations Act.
",63,"","National Union of Healthcare Workers (NUHW)","Included: All full-time, regular part-time and per diem professional, and non-professional employees employed by the Employer at the West Allis Outpatient Behavioral Health Treatment in the following job classifications:  

Group A (RN/Pros): Therapist I, Therapist II, Float Therapist, Lead Therapist, Nurse Practitioner, Registered Nurse, Behavioral Specialist, Float Behavior Specialist, Case Specialist, Case Manager, Physician Psychiatrist 

Group B (Non-Pros): Clinical Support Coordinator I, Clinical Support Coordinator II, Behavioral Health Technician I, Behavioral Health Technician II


Excluded: All other employees, confidential employees, employees represented by other labor organizations, guards and supervisors as defined by the National Labor Relations Act.",68,43.016681,-88.007032,"West Allis, WI 53214",1,"place","TIGER/Line® dataset from the US Census Bureau","West Allis","Milwaukee County","WI","53214","US",1,43.15341586677,-87.5153620773986,NA,NA
"18-RC-383815","Team Car Care West, LLC d/b/a Jiffy Lube","Region 18, Minneapolis, Minnesota","Open","03/27/2026","","","Madison","WI","A","Single Labor Organization","Initial","04/27/2026",3,NA,"United Food and Commercial Workers, Local 1473",NA,"",NA,"",NA,NA,NA,"",1,"Y","","Included: All full-time and regular part-time automotive technicians employed by the Employer at its facility currently located at 1102 East Washington Avenue, Madison, Wisconsin. 

Excluded: All managerial employees, confidential employees, office clerical employees, and guards and supervisors as defined by the Act.
","","","",4,"","","Included: All full time and regular part-time auto technicians as its 1102 East Washington Avenue, Madison Wisconsin location. 

Excluded: All managerial employees, confidential employees, office clerical employees, and guards and supervisors, as defined by the Act.",3,43.060926,-88.230636,"Madison, WI 53702",1,"place","TIGER/Line® dataset from the US Census Bureau","Madison","Waukesha County","WI","53702","US",1,43.2288675460676,-88.4995707392879,NA,NA
"18-RC-386174","SSM Health Care of Wisconsin, Inc., d/b/a SSM Health St. Mary's Hospital - Madison","Region 18, Minneapolis, Minnesota","Open","05/01/2026","","","Madison","WI","A","Single Labor Organization","Initial","06/11/2026",853,1,"SEIU Wisconsin",511,"",NA,"",NA,63,574,"",83,"","SEIU Wisconsin","INCLUDED: All full-time and regular part-time registered nurses (RNs) employed by the Employer at its hospital located at 700 S. Brooks Street in Madison, Wisconsin. 

EXCLUDED: All other employees, unit managers, managerial employees, and guards, and supervisors as defined by the Act. 

OTHERS PERMITTED TO VOTE: Charge nurses may vote in the election, but their ballots will be challenged since their eligibility has not been resolved.  No decision has been made regarding whether the individuals in that classification or group are included in, or excluded from, the bargaining unit.  Eligibility or inclusion of these individuals will be resolved, if necessary, following the election.  

","","","",870,"","SEIU Wisconsin","Included:  All full-time and regular part--time Registered Nurses (RN's) employed by the Employer at SSM Health St. Mary's Hospital located at 700 S. Brooks St. Madison, WI 53715.

Excluded:  All other employees, guards, managers and supervisors as defined in the Act.",853,43.060926,-88.230636,"Madison, WI 53702",1,"place","TIGER/Line® from the US Census Bureau","Madison","Waukesha County","WI","53702","US",1,43.4068205772145,-88.4886026518141,NA,NA
"18-RC-387930","Northcentral Minnesota Water Conditioning Company dba Culligan Water","Region 18, Minneapolis, Minnesota","Open","05/29/2026","","","Bemidji","MN","A","Single Labor Organization","Initial","06/26/2026",3,NA,"Plumbers, Pipefitters, Steamfitters, Service Techs Union Local 11",NA,"",NA,"",NA,3,3,"",NA,"","","Included: All full-time and regular part-time Household Service Technicians and Route Drivers employed by the Employer at its Bemidji, Minnesota facility. 

Excluded: All other employees, office clerical employees, and guards, and supervisors as defined in the Act.
","","","",3,"","","Included: All full-time and regular part-time Household Service Techs and Route Drivers employed by the Employer at its Bemidji, Minnesota facility. Excluded: All other employees, office clerical employees, guards and supervisors as defined in the Act.",3,47.571964,-94.801272,"Bemidji, MN 56601",1,"place","TIGER/Line® from the US Census Bureau","Bemidji","Beltrami County","MN","56601","US",1,47.4191529691427,-94.8319635596593,NA,NA
"18-RC-389358","Midwest Organic Services Association Inc","Region 18, Minneapolis, Minnesota","Open","06/22/2026","","","Viroqua","WI","","","","",NA,NA,"Office and Professional Employees International Union Local 39",NA,"",NA,"",NA,NA,NA,"",NA,"","","","","","",3,"","","Employees Included:
All full-time and part-time Staff inspectors.

The Union is seeking an Armour-Globe election to add these employees to the existing bargaining unit certified on June 18, 2026.

Employees Excluded:
Supervisory, managerial, labor-relations confidential",NA,43.530515,-90.991573,"Viroqua, WI 54665",1,"place","TIGER/Line® from the US Census Bureau","Viroqua","Vernon County","WI","54665","US",1,43.9317443000706,-91.1761256983961,NA,NA
"18-RC-389924","Metropolitan Transportation Network, Inc.","Region 18, Minneapolis, Minnesota","Open","07/01/2026","","","Fridley","MN","","","","",NA,NA,"Teamsters Local 120",NA,"",NA,"",NA,NA,NA,"",NA,"","","","","","",40,"","","Included: All full-time and regular part-time school bus drivers, van drivers, trainers, and monitors employed by the employer at its Red Wing MN location

Excluded: All other employees, mechanics, dispatchers, office clerical employees, and guards and supervisors as defined in the act.",NA,47.534788,-96.285663,"Fertile, MN 56540",1,"place","TIGER/Line® from the US Census Bureau","Fertile","Polk County","MN","56540","US",1,47.5866815294822,-96.7474731222441,NA,NA
"18-RC-390075","Lakeview Memorial Hospital Association, Inc.","Region 18, Minneapolis, Minnesota","Open","07/06/2026","","","Oak Park Heights","MN","A","Single Labor Organization","Initial","08/11/2026",38,NA,"SEIU Healthcare Minnesota & Iowa",30,"",NA,"",NA,2,32,"",NA,"","SEIU Healthcare Minnesota & Iowa","INCLUDED: All full-time and regular part-time Registered Nurses, Nurse Practitioners, Medical Social Workers, Music Therapists, and Spiritual Counselors employed by the Employer in the Hospice Department at 5803 Neal Ave N.

EXCLUDED: All other professional employees, non-professional employees, confidential employees, business office employees, managerial employees, guards and supervisors as defined by the Act.
","","","",44,"","SEIU Healthcare Minnesota & Iowa","Included:  All full-time and regular part-time Registered Nurses (RN's), Nurse Practioners, Medical Social Workers, Massage Therapists, Music Therapists, and Spiritual Counselors employed by the Employer in the Hospice Department at 5803 Neal Ave N.

Excluded:  All other professional employees, non-professional employees, confidential employees, business office employees, guards, managerial employees, and supervisors as defined by the Act.",38,45.702225,-93.816445,"Oak Park, MN 56357",1,"place","TIGER/Line® from the US Census Bureau","Oak Park","Benton County","MN","56357","US",1,45.8994876587376,-93.5659943944734,NA,NA
"18-RC-390476","Painters USA, Inc.","Region 18, Minneapolis, Minnesota","Open","07/09/2026","","","Eagle","WI","","","","",NA,NA,"International Union of Painters and Allied Trades, District Council No. 7, AFL-CIO",NA,"",NA,"",NA,NA,NA,"",NA,"","","","","","",16,"","","Included: All field painters and foreman painters out of the Eagle Wisconsin office at w335s8940 Eagle, Wisconsin 53119
Excluded: Office staff, general superintendents, team/managers, sales reps and warehouse workers",NA,42.929074,-88.47489,"Eagle, WI 53119",1,"place","TIGER/Line® from the US Census Bureau","Eagle","Waukesha County","WI","53119","US",1,42.4760632120454,-88.5984409433318,NA,NA
"18-RC-390486","Sysco Baraboo, LLC","Region 18, Minneapolis, Minnesota","Open","07/08/2026","","","Baraboo","WI","","","","",NA,NA,"Teamsters Local Union Number 120",NA,"",NA,"",NA,NA,NA,"",NA,"","","","","","",90,"","","Included:  All full-time and regular part-time CDL Drivers and Van Drivers (special delivery drivers).

Excluded:  All other employees, managerial employees, guards and supervisors as defined in the act.",NA,43.47109,-89.74429,"Baraboo, WI 53913",1,"place","TIGER/Line® from the US Census Bureau","Baraboo","Sauk County","WI","53913","US",1,42.9846594330092,-89.513092333856,NA,NA
"18-RC-391475","3M Company","Region 18, Minneapolis, Minnesota","Open","07/22/2026","","","Prairie du Chien","WI","","","","",NA,NA,"United Steel, Paper and Forestry, Rubber, Manufacturing, Energy, Allied & Industrial Service Workers International Union, AFL-CIO, CLC",NA,"",NA,"",NA,NA,NA,"",NA,"","","","","","",465,"","","Included: All full-time and regular part-time production employees, maintenance employees, shipping employees, and quality control technicians at the 3M Prairie du Chien, WI plants. 

Excluded: All temporary employees, agency and joint employees, office clerical employees, professional employees, guards, supply chain employees and supervisors as defined in the Act",NA,43.084008,-91.069064,"Prairie Du Chien, WI 53821",1,"place","TIGER/Line® from the US Census Bureau","Prairie Du Chien","Crawford County","WI","53821","US",1,42.7806450639857,-91.1604004901207,NA,NA
"18-RC-391617","Service Sanitation Wisconsin, Inc.","Region 18, Minneapolis, Minnesota","Open","07/27/2026","","","New Berlin","WI","","","","",NA,NA,"International Brotherhood of Teamsters, Local 200",NA,"",NA,"",NA,NA,NA,"",NA,"","","","","","",17,"","","Included: Drivers and Yard Laborers

Excluded: All other Employees, guards and supervisors as defined by the Act
",NA,42.969924,-88.177554,"New Berlin, WI 53146",1,"place","TIGER/Line® from the US Census Bureau","New Berlin","Waukesha County","WI","53146","US",1,43.4189275066847,-88.5146965955556,NA,NA
"18-RC-391968","Fairview Health Services","Region 18, Minneapolis, Minnesota","Open","07/31/2026","","","Edina","MN","","","","",NA,NA,"Minnesota Nurses Association",NA,"",NA,"",NA,NA,NA,"",NA,"","","","","","",44,"","","Included:  All full-time, regular part-time, per diem, and casual Registered Nurses employed in the M Health Fairview Southdale Heart Clinic (to be added to the existing RN unit) at M Health Fairview Southdale Hospital 6405 France Ave. S. Suite W200, MN 55435.

Excluded:  All Supervisors, Managerial employees, confidential employees, and guards as defined in the Act, and all other employees not listed above.",NA,44.889687,-93.349949,"Edina, MN 55424",1,"place","TIGER/Line® from the US Census Bureau","Edina","Hennepin County","MN","55424","US",1,44.7340923977728,-93.7834547251155,NA,NA
"18-RC-392423","Hutchinson Health","Region 18, Minneapolis, Minnesota","Open","08/07/2026","","","Hutchinson","MN","","","","",NA,NA,"Minnesota Nurses Association",NA,"",NA,"",NA,NA,NA,"",NA,"","","","","","",123,"","","Included: All full-time, regular part-time, per diem, and casual Registered Nurses employed at HealthPartners Hutchinson Health, 1095 MN-15, Hutchinson, MN 55350

Excluded: All Supervisors, Managerial employees, confidential employees, and guards as defined in the Act, and all other employees not listed above.

",NA,44.875565,-94.266332,"Hutchinson, MN 55350",1,"place","TIGER/Line® from the US Census Bureau","Hutchinson","McLeod County","MN","55350","US",1,45.2911239719303,-94.6482620283212,NA,NA
"18-RC-392554","ATE Management of Duluth as managers for the Duluth Transit Authority","Region 18, Minneapolis, Minnesota","Open","08/13/2026","","","Duluth","MN","","","","",NA,NA,"Teamsters General Local No. 346",NA,"",NA,"",NA,NA,NA,"",NA,"","","","","","",4,"","","Included: All regular full and part time dispatch employees

Excluded: Supervisors",NA,47.005566,-92.001934,"Duluth, MN 55801",1,"place","TIGER/Line® from the US Census Bureau","Duluth","St. Louis County","MN","55801","US",1,47.2071013282914,-91.5875031754259,NA,NA
"18-RC-392573","SSM Health Care of Wisconsin, Inc. d/b/a SSM Health Dean Medical Group","Region 18, Minneapolis, Minnesota","Open","08/10/2026","","","Madison","WI","","","","",NA,NA,"SEIU Wisconsin",NA,"",NA,"",NA,NA,NA,"",NA,"","","","","","",380,"","","All full-time and regular part-time Registered Nurses (RN's) (including PRN's) employed by the
Employer at the SSM Health Dean Medical Group clinics located in Dane County, Wisconsin
(1211 Fish Hatchery Road, Madison, WI 53715; 752 N. Hight Point Road, Madison, WI 53717;
1821 S. Stoughton Road, Madison, WI 53716; 703 S. Brooks St., Madison, WI 53715,
1221. John Q Hammons Drive, Suite 101 , Madison, WI, 53717, 1300 S. Century Ave.,
Waunakee, WI 53597, 10 Tower Drive, Sun Prairie, W153590, 2850 O'Keefe Ave., Sun Prairie,
WI 53590, 2275 Deming Way, Ste. 240, Middleton, WI 53562, 753 Main St., Oregon, WI 53575,
and 225 Church St., Stoughton, WI 53589).

Excluded: All other employees, including all fully remote employees, guards, managers, and
supervisors as defined in the Act.",NA,43.060926,-88.230636,"Madison, WI 53702",1,"place","TIGER/Line® from the US Census Bureau","Madison","Waukesha County","WI","53702","US",1,42.637896256865,-88.4923235844542,NA,NA
"18-RC-392632","Three Bears Resort","Region 18, Minneapolis, Minnesota","Open","08/10/2026","","","Warrens","WI","","","","",NA,NA,"Communication Workers of America, District IV",NA,"",NA,"",NA,NA,NA,"",NA,"","","","","","",38,"","","Included: All regular full time and part time lifeguards and attendants.

Excluded: All other employees, including those otherwise excluded by the Act. 
",NA,44.13107,-90.49985,"Warrens, WI 54666",1,"place","TIGER/Line® from the US Census Bureau","Warrens","Monroe County","WI","54666","US",1,44.3933961902481,-90.7065905714188,NA,NA
"18-RC-392855","WDC Acquisition LLC D/B/A Wellman","Region 18, Minneapolis, Minnesota","Open","08/12/2026","","","Creston","IA","","","","",NA,NA,"District 6, International Association of Machinists and Aerospace Workers, AFL-CIO",NA,"",NA,"",NA,NA,NA,"",NA,"","","","","","",70,"","","Included:  All Full-time and Part-time workers in Quality Control positions in the following Departments-Fixture, X-ray and Layout.

Excluded:  Employees in other bargaining units and office clerical, professional employees, guards and supervisors as defined by the Act.",NA,41.049896,-94.347137,"Creston, IA 50801",1,"place","TIGER/Line® from the US Census Bureau","Creston","Union County","IA","50801","US",1,40.6660677518698,-94.6928365247398,NA,NA
"18-RD-356346","Frito-Lay, Inc.","Region 18, Minneapolis, Minnesota","Open","12/09/2024","","","Menomonee Falls","WI","A","Single Labor Organization","Initial","01/16/2025",177,NA,"Teamsters Local Union 344",75,"",NA,"",NA,75,150,"",NA,"","Teamsters Local Union No. 344, Sales and Service Industry","Included:	All full-time and regular part-time Delivery Specialists, Route Sales Associates, Route Sales Representatives, Detailers, Merchandisers and Warehouse employees employed by the Employer at its facility currently located at N60W16830 Kohler Lane, Menomonee Falls, Wisconsin.
Excluded:	Office clerical employees and guards, professional employees and supervisors as defined in the Act.","","","",150,"","Teamsters Local Union No. 344, Sales and Service Industry","Included:  Warehouse, Merchandiser, Merchandiser Lead, DS Driver, RSA, RSR, DTS, RSS, Warehouse Leads.

Excluded:  Management.",177,43.159363,-88.121527,"Menomonee Falls, WI 53051",1,"place","TIGER/Line® dataset from the US Census Bureau","Menomonee Falls","Waukesha County","WI","53051","US",1,42.9430133037252,-88.5376166260291,NA,NA
"18-RD-362962","J & A Glass and Mirror, Inc.","Region 18, Minneapolis, Minnesota","Open","03/31/2025","","","Rogers","MN","","","","",NA,NA,"International Union of Painters and Allied Trades",NA,"",NA,"",NA,NA,NA,"",NA,"","","","","","",11,"","","Included: JA Glass commercial Glaziers

Excluded: Residential + office workers",NA,45.168896,-93.574586,"Rogers, MN 55374",1,"place","TIGER/Line® dataset from the US Census Bureau","Rogers","Hennepin County","MN","55374","US",1,44.7853207172419,-93.1914568340265,NA,NA
"18-RD-367806","GEIM Solutions Inc./Grubbs Mech.","Region 18, Minneapolis, Minnesota","Open","06/17/2025","","","Bristol","WI","","","","",NA,NA,"Pipefitters Union Local 597",NA,"",NA,"",NA,NA,NA,"",NA,"","","","","","",5,"","","Included: Presiding Employees
Excluded: None",NA,42.553518,-88.028986,"Bristol, WI 53104",1,"place","TIGER/Line® dataset from the US Census Bureau","Bristol","Kenosha County","WI","53104","US",1,42.5066326558002,-87.6000463478365,NA,NA
"18-RD-379450","Aicota Health Care Center, Inc.","Region 18, Minneapolis, Minnesota","Open","01/20/2026","","","Aitkin","MN","A","Single Labor Organization","Initial","02/18/2026",64,NA,"SEIU Healthcare Minnesota and Iowa",16,"",NA,"",NA,15,31,"",NA,"","SEIU Healthcare Minnesota and Iowa","Included: All full-time and regular part-time employees in the following classifications: Wellness Aides, NAR's, Dietary Aides, Cooks, Housekeeping Aides, LPN's, Maintenance, Resident Assistants, Restorative Aides, NAR in Training I, NAR in Training II.

Excluded:  All guards, managers, confidential employees, all other employees, and supervisors as defined by the Act.","","","",60,"","SEIU Healthcare Minnesota and Iowa","Included:

Excluded:",64,46.53301,-93.71025,"Aitkin, MN 56431",1,"place","TIGER/Line® dataset from the US Census Bureau","Aitkin","Aitkin County","MN","56431","US",1,46.1690357335473,-93.3168995939158,NA,NA
"18-RD-392707","MiEnergy Cooperative","Region 18, Minneapolis, Minnesota","Open","08/11/2026","","","Rushford","MN","","","","",NA,NA,"IBEW Local Union 949",NA,"",NA,"",NA,NA,NA,"",NA,"","","","","","",25,"","","Included: Electrical Lineworkers, Stakers, Metering, Techs, Warehouse/Grounds…per contract

Excluded: Electrical Lineworkers, Stakers, Metering, Techs, Warehouse/Grounds…per contract
",NA,43.76212,-91.845163,"Rushford Village, MN 55962",1,"place","TIGER/Line® from the US Census Bureau","Rushford Village","Fillmore County","MN","55962","US",1,43.5667049499758,-92.0140226233726,NA,NA
"18-RM-348364","Marathon Petroleum Logistics Services LLC","Region 18, Minneapolis, Minnesota","Open","08/14/2024","","","Saint Paul Park","MN","A","Single Labor Organization","Initial","09/05/2024",29,NA,"Teamsters Local 120",8,"",NA,"",NA,14,22,"",NA,"","","All full-time Transport Drivers employed by the Employer out of its facility currently located at 125 4th Ave., Newport, MN 55055; excluding all other employees, professional employees, technical employees, managerial employees, confidential employees, temporary employees and guards and supervisors as defined by the Act.","","","",29,"","","Included: All full-time Transport Drivers employed out of 125 4th Ave., Newport, MN 55055.

Excluded: All professional employees, technical employees, managerial employees, confidential employees, temporary employees, guards, supervisors, and all other employees not listed as included in the bargaining unit description.",29,44.822826,-92.989204,"Saint Paul Park, MN 55071",1,"place","TIGER/Line® dataset from the US Census Bureau","Saint Paul Park","Washington County","MN","55071","US",1,45.0995434122855,-92.997369420033,NA,NA
"19-RC-295849","Starbucks Corporation","Region 19, Seattle, Washington","Open","05/13/2022","","","Seattle","WA","","","","",NA,NA,"Workers United",NA,"",NA,"",NA,NA,NA,"",NA,"","","","","","",24,"","Workers United a/w Service Employees International Union","Included: 

All full-time and regular part-time Baristas, Shift Supervisors, Asst. Store Managers. 

Excluded: 

Store Managers, office clericals, guards, and supervisors as defined by the Act.",24,47.610902,-122.336422,"Seattle, WA 98101",1,"place","TIGER/Line® dataset from the US Census Bureau","Seattle","King County","WA","98101","US",1,47.7376039358929,-122.367048449501,NA,NA
"19-RC-312623","Grow Op Farms, LLC","Region 19, Seattle, Washington","Open","02/21/2023","","","Spokane Valley","WA","A","Single Labor Organization","Initial","04/12/2023",20,NA,"United Food and Commercial Workers Local 3000",8,"",NA,"",NA,12,20,"",6,"Y","United Food and Commercial Workers Local 3000, affiliated with the United Food and Commercial Workers International Union, AFL-CIO","All full-time and regular part-time Environmental Support Specialists (“ESS”), IT Technicians, Purchasing Agents, Inventory Clerks, Warehouse Clerks, Indoor Warehouse Administrative Assistant, and Maintenance Crew Members employed by the Employer at the Employer’s facility located at 2611 N. Woodruff Rd., Suite A, Spokane Valley, Washington 99206; excluding all other employees, office clerical employees, managers, and guards and supervisors as defined by the Act. 



","","","",19,"","United Food and Commercial Workers Local 3000, affiliated with the United Food and Commercial Workers International Union, AFL-CIO","Included: ESS, IT Technicians, Purchasing Agents, Inventory Clerks, Warehouse Clerks. Excluded: All other employees and supervisors and guards as defined by the Act.",20,47.66264,-117.435997,"Spokane, WA 99201",1,"place","TIGER/Line® dataset from the US Census Bureau","Spokane","Spokane County","WA","99201","US",1,47.6206885774204,-117.02959388242,NA,NA
"19-RC-315803","Recreational Equipment, Inc.","Region 19, Seattle, Washington","Open","04/10/2023","","","Eugene","OR","A","Revised Single Labor Org","Initial","08/08/2025",50,NA,"United Food and Commercial Workers Local 555",20,"",NA,"",NA,26,46,"",1,"","","INCLUDED: All full-time and regular part-time employees employed by the Employer at its Eugene, OR facility, including Retail Sales Specialists, Shop Mechanics Bike & Snow, and Shipping Receiving Specialists.

EXCLUDED: All professional employees, and guards and supervisors as defined by the Act. 
","","","",53,"","","Included: All full-time and part-time non-supervisory employees including specialists, leads, technicians in all departments. Excluded: All supervisors as defined by the act including the Store Manager and Retail Sales Managers, and guards.",50,44.067988,-123.080181,"Eugene, OR 97401",1,"place","TIGER/Line® dataset from the US Census Bureau","Eugene","Lane County","OR","97401","US",1,43.9284705248476,-123.260708989985,NA,NA
"19-RC-325549","Bishop Automotive, Inc. d/b/a Bernie Bishop Mazda","Region 19, Seattle, Washington","Open","09/11/2023","","","Brookings","OR","","","","",NA,NA,"International Association of Machinists and Aerospace Workers, District Lodge W24, AFL-CIO",NA,"",NA,"",NA,NA,NA,"",NA,"","","","","","",6,"","","All full-time and regular part-time Automotive Technicians and Detail Technicians, employed by the Employer located at 365 Wharf St., Brookings, OR  97415; but excluding all other employees including professional employees, managerial employees, guards, supervisors, and other employees as defined in the Act.",5,42.05,-124.28333,"Brookings, OR 97415",1,"place","TIGER/Line® dataset from the US Census Bureau","Brookings","Curry County","OR","97415","US",1,42.1422254957259,-124.518987320125,NA,NA
"19-RC-338479","South Sound Inpatient Physicians, PLLC and joint employer PeaceHealth","Region 19, Seattle, Washington","Open","03/22/2024","","","Bellingham","WA","A","Single Labor Organization","Initial","06/11/2024",29,NA,"Union of American Physicians and Dentists, affiliated with the American Federation of State, County and Municipal Employees, Local 206",22,"",NA,"",NA,5,27,"",4,"","Union of American Physicians and Dentists","All full-time, regular part-time and per diem providers, including physicians, Doctors of Osteopathy, Nurse Practitioners, and Physician Assistants employed by the Employers at PeaceHealth St. Joseph Medical Center and PeaceHealth United General Hospital; excluding all other employees and managers, supervisors, and guards as defined in the Act. 
","","","",30,"","Union of American Physicians and Dentists","Included: All full-time, regular part-time and per diem physicians, Doctors of Osteopathy, Nurse
Practitioners, and Physician Assistants

Excluded: All other employees, supervisors and guards.",29,48.754401,-122.478836,"Bellingham, WA 98225",1,"place","TIGER/Line® dataset from the US Census Bureau","Bellingham","Whatcom County","WA","98225","US",1,48.9681229880242,-122.585035010508,NA,NA
"19-RC-364995","Unifi Aviation, LLC","Region 19, Seattle, Washington","Open","05/05/2025","","","Anchorage","AK","A","Single Labor Organization","Initial","06/05/2025",150,NA,"International Association of Machinists and Aerospace Workers",39,"",NA,"",NA,36,76,"",6,"Y","International Association of Machinists and Aerospace Workers","All full time and regular part-time Cabin department employees, Janitorial department employees, and Passenger Assistance department employees, including Cabin Leads, Cabin Agents, Lavatory Agents, Lavatory Agents-Driver, Passenger Assistance Agents (Wheelchair Attendants), Janitorial Agents, Lead Janitorial Agents and ELC Coordinators employed by the Employer at its facility located at 5000 W. International Airport Road, Anchorage, Alaska; excluding all other employees, professional employees, managerial employees, confidential employees, office clerical employees and guards and supervisors as defined by the Act.","","","",140,"","International Association of Machinists and Aerospace Workers, AFL-CIO (IAM Union)","Included: All full time and regular part time Cabin Supervisors, Cabin Leads, Cabin Service Agents, Cabin Agents, Lavatory Agents, Lavatory Agent - Drivers, Janitorial Supervisors, Janitorial Agents, Wheelchair Agents, and Administrative Assistants employed by the Employer at its facility located at 5000 W. International Airport Road, Anchorage, Alaska 99502.

Excluded: All other employees, professionals, guards, managerial employees, and supervisors as defined in the Act.

",150,61.220018,-149.855702,"Anchorage, AK 99501",1,"place","TIGER/Line® dataset from the US Census Bureau","Anchorage","Anchorage Municipality","AK","99501","US",1,60.8234543354556,-149.976987011526,NA,NA
"19-RC-376874","KGW-TV","Region 19, Seattle, Washington","Open","12/10/2025","","","Portland","OR","A","Single Labor Organization","Initial","02/19/2026",21,NA,"IBEW Local 48",17,"",NA,"",NA,3,20,"",NA,"","International Brotherhood of Electrical Workers, Local 48","All full-time and regular part-time producers, producers-in-residence, senior producers, digital content producers, senior digital producers, and content coordinators, but excluding all other employees, confidential employees, guards, and supervisors as defined in the Act.","","","",20,"","International Brotherhood of Electrical Workers, Local 48","Included:
All full-time and regular part-time Producers/News, Producers in residence, Digital Producers, and Assignment Desk employees to be included via an Armour-Globe election with the employees in the Union’s already-existing unit of Directors and Broadcast Technicians.

Excluded:
All guards, supervisors, and confidential employees under the Act, as well as all other employees aside from those already represented by the Union.",21,45.507856,-122.690794,"Portland, OR 97201",1,"place","TIGER/Line® dataset from the US Census Bureau","Portland","Multnomah County","OR","97201","US",1,45.276562162693,-122.510270208417,NA,NA
"19-RC-378745","Reed Institute d/b/a Reed College","Region 19, Seattle, Washington","Open","01/12/2026","","","Portland","OR","A","Single Labor Organization","Initial","02/24/2026",15,NA,"International Union, Security, Police and Fire Professionals of America (SPFPA",14,"",NA,"",NA,NA,14,"",NA,"","International Union, Security, Police and Fire Professionals of America (SPFPA)","Included: All full-time and regular part-time Community Safety Officers who perform field, dispatch, or lead work, but excluding all other employees, confidential employees, and supervisors as defined in the Act.","","","",15,"","International Union, Security, Police and Fire Professionals of America (SPFPA)","Included: All employees performing guard duties as defined in section 9(b)(3) of the National Labor Relations Act, employed by Reed College @ 3203 SE Woodstock Blvd, Portland OR 97202.

Excluded: All office clerical employees, professional employees and supervisors as defined in the Act. 
",15,45.507856,-122.690794,"Portland, OR 97201",1,"place","TIGER/Line® dataset from the US Census Bureau","Portland","Multnomah County","OR","97201","US",1,45.1785695979086,-122.709501730342,NA,NA
"19-RC-383788","Papa Haydn Inc.","Region 19, Seattle, Washington","Open","03/27/2026","","","Portland","OR","","","","",NA,NA,"Papa Haydn Workers Union",NA,"",NA,"",NA,NA,NA,"",NA,"","","","","","",40,"","","Included: All full time & part time employees.

Excluded: Managerial employees.
",NA,45.507856,-122.690794,"Portland, OR 97201",1,"place","TIGER/Line® dataset from the US Census Bureau","Portland","Multnomah County","OR","97201","US",1,45.5461318195046,-122.192616649967,NA,NA
"19-RC-384011","MUJI U.S.A. Limited","Region 19, Seattle, Washington","Open","03/31/2026","","","Portland","OR","A","Single Labor Organization","Initial","06/05/2026",32,NA,"Industrial Workers of the World, Portland General Membership Branch",14,"",NA,"",NA,16,30,"",NA,"","MUJI Workers United, affiliated with Industrial Workers of the World, Portland General Membership Branch","Included: All full-time and regular part-time employees, including sales associates, stock associates, visual associates, merchandise associates, visual merchandise associates, and key holders employed by the Employer at its retail facility located at 621 SW 5th Avenue, Portland, Oregon 97204.

Excluded: All Store Managers, General Store Managers, Assistant Store Managers, Visual Managers, seasonal employees, office clerical employees, confidential employees, and guards and supervisors as defined in the Act.
","","","",33,"","MUJI Workers United, affiliated with Industrial Workers of the World, Portland General Membership Branch","Included: Seasonal Sales, Associate, Part-Time Sales Associate, Full-Time Stock Associate, Full-Time Visual Merch. Associate.

Excluded: Store Director, General Manager, Asst. Manager, Visual Merch. Manager.
",32,45.507856,-122.690794,"Portland, OR 97201",1,"place","TIGER/Line® from the US Census Bureau","Portland","Multnomah County","OR","97201","US",1,45.7383282776171,-123.161654616304,NA,NA
"19-RC-385156","Providence St. Peter Hospital","Region 19, Seattle, Washington","Open","04/20/2026","","","Olympia","WA","","","","",NA,NA,"United Food and Commercial Workers Local 3000",NA,"",NA,"",NA,NA,NA,"",NA,"","","","","","",6,"","","Included: The Petitioner seeks to add through an Armour-Globe election all full time, regular part time and per diem Quality Assurance Registered Nurses employed at 413 Lilly Rd NE, Olympia, WA 98506 to the existing Registered Nurse bargaining unit. Excluded: Managers, Supervisors and Guards excluded as defined by the act",NA,46.984767,-122.869079,"Olympia, WA 98501",1,"place","TIGER/Line® dataset from the US Census Bureau","Olympia","Thurston County","WA","98501","US",1,47.028138263193,-123.141215556916,NA,NA
"19-RC-387828","Fred Hutchinson Cancer Center","Region 19, Seattle, Washington","Open","05/28/2026","","","Seattle","WA","A","Single Labor Organization","Initial","07/09/2026",121,11,"Union of American Physicians and Dentists",54,"",NA,"",NA,54,108,"",2,"Y","Union of American Physicians and Dentists","Included: All full-time, regular part-time and per diem Nurse Practitioners and Physician Assistants (collectively “APPs”) employed by the Fred Hutchinson Cancer Center and working at the following facilities: 1354 Aloha St. Seattle, WA 98109; 820 Yale Ave. N. Seattle, WA 98109; 1570 N. 115th St. Seattle, WA 98133; 1959 NE Pacific St. Seattle, WA 98195; 1560 N.115th St. Level G, Suite G16 Seattle, WA 98133-9733; 19917 Seventh Ave. NE Poulsbo, WA 98370; 1740 NW Maple St. Issaquah, WA 98027; 12040 NE 128th St. Kirkland, WA 98034; 1135 116th Ave NE Suite 250 Bellevue, WA 98004; 1100 Fairview Ave. N. Seattle, WA 98109; 1209 Valley St. Seattle, WA 98109 and 4800 Sand Point Way NE, Seattle WA 98105.

Excluded: APP Fellows, APPs holding Medical Director Positions, APPs utilized and deployed outside of the FHCC APP Program (including VIDD APPs, ID APPs, Psychiatry APPs, Intake APPs, Transfusion Services APPs and Public Health Science Division APPs), nonprofessional employees, and all other employees, and guards and supervisors as defined in the Act.","","","",150,"","Union of American Physicians and Dentists","Included: All full-time, part-time and per diem Nurse Practitioners and Physician Assistants employed by the Fred Hutchinson Cancer Center and located at facilities at the following addresses: 1354 Aloha St. Seattle, WA 98109; 820 Yale Ave. N. Seattle, WA 98109; 1570 N.m115th St. Seattle, WA 98133; 1959 NE Pacific St. Seattle, WA 98195; 1560 N. 115th St. Level G, Suite G16 Seattle, WA 98133-9733; 19917 Seventh Ave. NE Poulsbo, WA 98370; 1740 NW Maple St. Issaquah, WA 98027; 12040 NE 128th St. Kirkland, WA 98034; 1135 116th Ave NE Suite 250 Bellevue, WA 98004; 1100 Fairview Ave. N. Seattle, WA 98109; 1209 Valley St. Seattle, WA 98109.

Excluded: All other employees, guards, and supervisors as defined in the Act.",121,47.610902,-122.336422,"Seattle, WA 98101",1,"place","TIGER/Line® from the US Census Bureau","Seattle","King County","WA","98101","US",1,47.96556150449,-122.26360920925,NA,NA
"19-RC-387865","Providence Regional Medical Center Everett","Region 19, Seattle, Washington","Open","05/28/2026","","","Everett","WA","A","Single Labor Organization","Initial","07/28/2026",72,NA,"The Pharmacy Guild - IAM",40,"",NA,"",NA,23,63,"",2,"","The Pharmacy Guild/International Association of Machinists and Aerospace Workers","Included: All full-time, regular part-time, and per-diem Pharmacists, including Clinical Pharmacists, Senior Clinical Pharmacists, Clinical Pharmacy Specialists, and Lead Clinical Pharmacists, employed by the Employer at Providence Regional Medical Center Everett located in Everett, Washington.

Excluded: Pharmacy Managers, Clinical Pharmacy Managers, Clinical Pharmacy Supervisors, Pharmacy Residents, Pharmacy Interns, Pharmacy Technicians, Pharmacy Technician Supervisors, employees represented by other labor organizations, office clerical employees, all other employees, and guards and supervisors as defined by the Act.
","","","",44,"","The Pharmacy Guild/International Association of Machinists and Aerospace Workers","Included: All full-time, regular part-time, and per-diem in-patient Department Pharmacists: Including Clinical Pharmacists, Senior Clinical Pharmacists, Clinical Pharmacy Specialists, and Lead Clinical Pharmacists located at Providence Regional Medical Center at 1700 13th Street, Everett Washington, 1321 Colby Ave. Everett, Washington, and 916 Pacific Ave. Everett Washington. 

Excluded: Pharmacy Managers, Manager Clinical Pharmacy, Supervisor Clinical Pharmacy, Pharmacist Residents, Pharmacist Intern, Pharmacy Technicians, Supervisor Pharmacy Technicians, Ambulatory Care Department Pharmacists, Retail Pharmacists, all other employees, employees based out of the Pavilion, located at 900 Pacific Ave., Everett, Washington, employees located at 1330 Rockefeller Ave., and all other locations, all employees represented by other labor organizations, employees employed by Providence Medical Group, office clerical employees, confidential employees, temporary employees, and guards and supervisors as defined by the Act.",72,47.988661,-122.199795,"Everett, WA 98201",1,"place","TIGER/Line® from the US Census Bureau","Everett","Snohomish County","WA","98201","US",1,47.6273864910078,-122.572522117967,NA,NA
"19-RC-388583","Optum Care Washington, PLLC","Region 19, Seattle, Washington","Open","06/09/2026","","","Everett","WA","","","","",NA,NA,"United Food and Commercial Workers Local 3000",NA,"",NA,"",NA,NA,NA,"",NA,"","","","","","",143,"","","Included: The Petitioner seeks to represent through RC Election all full-time, regular part-time, per diem, float, and remote imaging and radiology employees employed by the employer at the facilities located at: 4011 172nd St NE, Arlington, WA 98223,1200 112th Ave NE, Suite C160, Bellevue, WA 98004, 21401 72nd Ave W, Edmonds, WA 98026, 3901 Hoyt Ave, Everett, WA 98201, 3927 Rucker Ave, Everett, WA 98201, 4410 106th St SW, Mukilteo, WA 98275, 4420 76th St NE, Marysville, WA 98270,1201 N 175th St, Shoreline, WA 98133, 1818 121st St SE, Everett, WA 98208, 2901 174th St NE, Marysville, WA 98271, 401 2nd St, Snohomish, WA 98290, 8923 Soper Hill Rd, Marysville, WA 98270, 7205 265th St NW, Stanwood, WA 98292, 15418 Main St #200, Mill Creek, WA 98012 including the following job classifications: Administrative Assistant Scheduler, Advance Imaging (MRI) Assistant, Advanced Imaging Patient Care Coordinator, Advanced Imaging Scheduler, Bone Densitometry Technician, Bone Densitometry Technician Lead, Computed Tomography (CT)Technologist, Computed Tomography (CT)Technologist Lead, Clinical Assistant, Clinical Assistant Sr., Magnetic Resonance Imaging (MRI) Technologist, Magnetic Resonance Imaging (MRI) Technologist Lead, Mammography Technologist, Mammography Technologist Lead, Mammography Tracking, Mammography Tracking Coordinator, Mammography Tracking Coordinator Lead, Nuclear Medicine Technologist, Nuclear Medicine Technologist Lead, Radiologic Technologist, Radiology Assistant, Radiology Assistant Image Library Specialist, Registered Diagnostic Medical Sonographer, Scheduler, Technical Aide, Ultrasound Technologist, Ultrasound Technologist Lead. 

Excluded: Managers, Supervisors and Guards excluded as defined by the act",NA,47.988661,-122.199795,"Everett, WA 98201",1,"place","TIGER/Line® from the US Census Bureau","Everett","Snohomish County","WA","98201","US",1,48.4554296340399,-122.412614712004,NA,NA
"19-RC-389220","Clear Choice Cannabis","Region 19, Seattle, Washington","Open","06/22/2026","","","Tacoma","WA","","","","",NA,NA,"United Food and Commercial Workers Local 367",NA,"",NA,"",NA,NA,NA,"",NA,"","","","","","",32,"","","Included: All full-time and regular part-time employees employed bt the employer at its facility at 8001 S Hosmer St. 

Excluded: Supervisors and confidential employees as defined by the act.",NA,47.250158,-122.43903,"Tacoma, WA 98402",1,"place","TIGER/Line® from the US Census Bureau","Tacoma","Pierce County","WA","98402","US",1,47.3649299367873,-122.025688555083,NA,NA
"19-RC-389324","Meritus Solutions Group, LLC","Region 19, Seattle, Washington","Open","06/23/2026","","","Bayview","ID","A","Single Labor Organization","Initial","08/10/2026",5,NA,"International Union, Security, Police and Fire Professionals of America (SPFPA)",3,"",NA,"",NA,NA,3,"",NA,"","International Union, Security, Police and Fire Professionals of America (SPFPA)","Included: All full-time and regular part-time security officers performing guard duties as defined in section 9(b)(3) of the National Labor Relations Act employed by the Employer at the US Naval Warfare Center located at 33964 N Main Ave, Bayview, ID 83803. 

Excluded: All office clerical employees, professional employees, and supervisors as defined in the Act.","","","",5,"","International Union, Security, Police and Fire Professionals of America (SPFPA)","Included: All employees performing guard duties as defined in section 9(b)(3) of the National Labor Relations Act, employed by Meritus Solution Group@ 33964 N Main ave, Bayview, ID 83803.

Excluded: All office clerical employees, professional employees and supervisors as defined in the Act.
",5,47.982174,-116.549408,"Bayview, ID 83803",1,"place","TIGER/Line® from the US Census Bureau","Bayview","Kootenai County","ID","83803","US",1,48.2838112481361,-116.380750655234,NA,NA
"19-RC-389407","KRO LLC","Region 19, Seattle, Washington","Open","06/24/2026","","","Portland","OR","","","","",NA,NA,"Sliders Union Williams",NA,"",NA,"",NA,NA,NA,"",NA,"","","","","","",22,"","","Included: All Part-time + Full-time hourly workers.

Excluded: Management + Guards.",NA,45.507856,-122.690794,"Portland, OR 97201",1,"place","TIGER/Line® from the US Census Bureau","Portland","Multnomah County","OR","97201","US",1,45.5732568397832,-122.507665779039,NA,NA
"19-RC-390296","Stericycle, Inc.","Region 19, Seattle, Washington","Open","07/08/2026","","","Kent","WA","","","","",NA,NA,"General Teamsters Local 174, affiliated with the International Brotherhood of Teamsters",NA,"",NA,"",NA,NA,NA,"",NA,"","","","","","",18,"","","Included: Hospital Service Technicians and Hospital Service Technician Leads. 

Excluded: All other employees, managers, and guards and supervisors as defined in the Act.",NA,47.405479,-122.195772,"Kent, WA 98031",1,"place","TIGER/Line® from the US Census Bureau","Kent","King County","WA","98031","US",1,47.3584443289355,-122.53462997346,NA,NA
"19-RC-390595","Mission Linen & Uniform Service d/b/a Mission Linen","Region 19, Seattle, Washington","Open","07/13/2026","","","Bend","OR","A","Single Labor Organization","Initial","08/13/2026",11,NA,"General Teamsters Auto Truck Drivers and Helpers Local Union 162",10,"",NA,"",NA,1,11,"",NA,"","General Teamsters Auto Truck Drivers and Helpers Local Union 162","Included: All full-time and regular part-time Route Sales and Service Representatives (“RSSR”) employed by Employer at its facility located at 1331 NE 1st Street, Bend, Oregon.

Excluded: All other employees, managerial employees, office clerical employees, confidential employees, and guards and supervisors as defined in the Act.
","","","",12,"","General Teamsters Auto Truck Drivers and Helpers Local Union 162","Included: All full-time and part-time drivers.

Excluded: Warehouse, clerical, security, management.
",11,44.082037,-121.227125,"Bend, OR 97701",1,"place","TIGER/Line® from the US Census Bureau","Bend","Deschutes County","OR","97701","US",1,44.2902363806642,-120.885091163242,NA,NA
"19-RC-390596","Gersh Autism Academy","Region 19, Seattle, Washington","Open","07/14/2026","","","Issaquah","WA","","","","",NA,NA,"United Food & Commercial Workers Union Local 3000, affiliated with United Food & Commercial Workers International Union",NA,"",NA,"",NA,NA,NA,"",NA,"","","","","","",75,"","","",NA,47.497419,-122.010699,"Issaquah, WA 98027",1,"place","TIGER/Line® from the US Census Bureau","Issaquah","King County","WA","98027","US",1,47.3946573856308,-121.876789911906,NA,NA
"19-RC-390982","Gold Seal Mechanical Inc. d/b/a Gold Seal Plumbing","Region 19, Seattle, Washington","Open","07/20/2026","","","Spokane Valley","WA","A","Single Labor Organization","Initial","08/13/2026",20,NA,"Plumbers & Steamfitters Local 44, affiliated with United Association of Journeymen and Apprentices of the Plumbing and Pipefitting Industry of the United States and Canada",4,"",NA,"",NA,13,17,"",2,"","","Included: All full time and regular part time Plumbers within the Service Department, including Journeymen Plumbers, Plumber Apprentices, Plumber Trainees, and Plumber Helpers, employed by the Employer at its facility located at 5603 E. Boone Ave, Spokane, WA 99202. 

Excluded: All other employees, including Journeymen Plumbers, Plumber Apprentices, Plumber Trainees and Plumber Helpers employed in any other department, Drain Cleaners, office clerical employees, professional employees, and guards and supervisors as defined by the Act.","","","",19,"","","Included: All Journeymen Plumbers, Plumber Apprentices, Plumber Trainees, and Plumber
Helpers employed within the Service Department at the Employer’s facility located at 5524 E.
Boone Ave, Spokane, WA 99202.

Excluded: All other Journeymen Plumbers, Plumber Apprentices, Plumber Trainees and Plumber
Helpers employed in any other department, Drain Cleaners, office clerical employees,
professional employees, guards, and supervisors as defined by the Act.",20,47.629296,-117.254657,"Spokane Valley, WA 99206",1,"place","TIGER/Line® from the US Census Bureau","Spokane Valley","Spokane County","WA","99206","US",1,47.4872480250205,-117.478484605369,NA,NA
"19-RC-391115","MV Public Transportation, Inc.","Region 19, Seattle, Washington","Open","07/20/2026","","","Shoreline","WA","A","Single Labor Organization","Initial","08/13/2026",19,NA,"Teamsters Local Union No. 117, affiliated with International Brotherhood of Teamsters",7,"",NA,"",NA,4,11,"",NA,"","Teamsters Local Union No. 117, affiliated with International Brotherhood of Teamsters","Included: All full-time and regular part-time technicians and maintenance foremen
employed by the Employer and working at or out of its Shoreline, Bellevue, and
Kent locations.

Excluded: Superintendents, utilities employees, fleet coordinators, all other
employees, and guards and supervisors as defined in the Act.
","","","",17,"","Teamsters Local Union No. 117, affiliated with International Brotherhood of Teamsters","Included: Technicians, Maintenance Foremen.

Excluded: Superintendent, Utilities, Parts Manager, Fleet Coord,. Guards as defined by the Act.
",19,47.755653,-122.341518,"Shoreline, WA 98133",1,"place","TIGER/Line® from the US Census Bureau","Shoreline","King County","WA","98133","US",1,47.8141737040422,-122.229465215466,NA,NA
"19-RC-391329","MOI Seattle LLC","Region 19, Seattle, Washington","Open","07/22/2026","","","Seattle","WA","A","Single Labor Organization","Initial","08/14/2026",11,NA,"United Food and Commercial Workers Local 3000, affiliated with United Food and Commercial Workes International Union",8,"",NA,"",NA,NA,8,"",NA,"","United Food and Commercial Workers Local 3000, affiliated with United Food and Commercial Workes International Union","Included: All full-time and part-time employees, including Illusion Experts and Team Leads, employed by the Employer at its facility in Seattle, WA.

Excluded: Managers, confidential employees, and guards and supervisors as defined in the Act.
","","","",16,"","United Food and Commercial Workers Local 3000, affiliated with United Food and Commercial Workes International Union","Included: All full-time and part-time employees, including: Illusion Experts, Teams Leads, Shift Supervisors and all other eligible employees as defined by the Act. 

Excluded: Managers and all guards and supervisors as defined by the Act.",11,47.610902,-122.336422,"Seattle, WA 98101",1,"place","TIGER/Line® from the US Census Bureau","Seattle","King County","WA","98101","US",1,47.1158669011344,-122.82305698112,NA,NA
"19-RC-391354","Domino's Pizza LLC","Region 19, Seattle, Washington","Open","07/23/2026","","","Kent","WA","","","","",NA,NA,"International Association of Machinists & Aerospace Workers, AFL-CIO",NA,"",NA,"",NA,NA,NA,"",NA,"","","","","","",59,"","","Included: All Class A, Class B drivers and hosslers.

Excluded: All other employees including those defined in the act.",NA,47.405479,-122.195772,"Kent, WA 98031",1,"place","TIGER/Line® from the US Census Bureau","Kent","King County","WA","98031","US",1,47.7954042451956,-122.605057590984,NA,NA
"19-RC-391426","Mud Bay, Inc.","Region 19, Seattle, Washington","Open","07/23/2026","","","Seattle","WA","","","","",NA,NA,"United Food and Commercial Workers Local 3000",NA,"",NA,"",NA,NA,NA,"",NA,"","","","","","",4,"","","Included: All full time and part time regular employees and all other eligible employees defined by the act (including store staff and store leader).

Excluded: Store manager and all guards and supervisors as defined by the Act.
",NA,47.610902,-122.336422,"Seattle, WA 98101",1,"place","TIGER/Line® from the US Census Bureau","Seattle","King County","WA","98101","US",1,47.1371938248773,-122.497412812117,NA,NA
"19-RC-391671","Vancouver Operations LLC d/b/a Avamere Rehabilitation of Cascade Park","Region 19, Seattle, Washington","Open","07/28/2026","","","Vancouver","WA","","","","",NA,NA,"SEIU Local 775, affiliated with Service Employees International Union",NA,"",NA,"",NA,NA,NA,"",NA,"","","","","","",35,"","","Included: All full-time, part-time, and per-diem Registered Nurses and Licensed Practical Nurses at the Avamere Cascade facility, to be added to the existing bargaining unit represented by petitioner.

Excluded: All other employees, including supervisors, confidential employees, guards, and clerical workers as defined by the Act.
",NA,45.678996,-122.720499,"Vancouver, WA 98660",1,"place","TIGER/Line® from the US Census Bureau","Vancouver","Clark County","WA","98660","US",1,46.029814621926,-122.56124848146,NA,NA
"19-RC-391789","Sunoco GP LLC","Region 19, Seattle, Washington","Open","07/29/2026","","","Portland","OR","","","","",NA,NA,"Teamsters Local Union No. 305, affiliated with International Brotherhood of Teamsters",NA,"",NA,"",NA,NA,NA,"",NA,"","","","","","",9,"","","Included: Operators and maintenance employees.

Excluded: Office and clerical employees, and guards and supervisors as defined by the Act.
",NA,45.507856,-122.690794,"Portland, OR 97201",1,"place","TIGER/Line® from the US Census Bureau","Portland","Multnomah County","OR","97201","US",1,45.616660772608,-122.98030540889,NA,NA
"19-RC-392125","Legacy Good Samaritan Medical Center","Region 19, Seattle, Washington","Open","07/31/2026","","","Portland","OR","","","","",NA,NA,"SEIU Local 49",NA,"",NA,"",NA,NA,NA,"",NA,"","","","","","",38,"","","Included: Armor Globe Petition to accrete Patient Access Reps (PARs)/Admitting Staff at Legacy Good Samaritan Medical Center into existing Service and Maintenance Bargaining Unit.

Excluded: Managerial and supervisory staff.",NA,45.507856,-122.690794,"Portland, OR 97201",1,"place","TIGER/Line® from the US Census Bureau","Portland","Multnomah County","OR","97201","US",1,45.8896310159651,-122.576364551036,NA,NA
"19-RC-392301","Fokus Industries, LLC, d/b/a The Runaway, Barboza, and Neumos","Region 19, Seattle, Washington","Open","08/05/2026","","","Seattle","WA","","","","",NA,NA,"Neumos Security Union",NA,"",NA,"",NA,NA,NA,"",NA,"","","","","","",35,"","","Included: 
All full-time and regular part-time guards, as defined in the Act, employed by the Employer at Neumos, Barboza, and The Runaway located at 925 East Pike Street, Seattle, Washington.

Excluded: 
All other employees, including casual employees, on-call employees, non-guard employees, managerial employees, confidential employees, business office employees, and supervisors as defined in the Act.

Also eligible to vote are all employees in the unit who have worked an average of four (4) hours or more per week during the 13 weeks immediately preceding the eligibility date for the election",NA,47.610902,-122.336422,"Seattle, WA 98101",1,"place","TIGER/Line® from the US Census Bureau","Seattle","King County","WA","98101","US",1,47.88723674092,-122.336947064068,NA,NA
"19-RD-379685","Trulife, Inc. d/b/a Trulife Engineered Solutions","Region 19, Seattle, Washington","Open","01/23/2026","","","Bellingham","WA","A","Single Labor Organization","Initial","02/18/2026",59,NA,"IAMAW Local 2379",36,"",NA,"",NA,20,56,"",NA,"","International Association of Machinists and Aerospace Workers, Local Lodge 2379","Included: All full-time and regular part-time production and maintenance employees, including assembler, assembly technician, maintenance helper, CNC service and repair engineer, advanced composite technician, shop assistant, orthotic grinder, powder coat associate, plastics technician, punch press operator, composite technician, CNC machine operator, tool crib associate, waterjet operator, injection mold technician, painter, shipping/receiving associate, QA inspector, setup machinist, maintenance technician, production lead, TES assembly lead, metrology technician, advanced setup machinist and production programmer employed by the Employer at its Bellingham, WA facility. 
Excluded: TES Machine shop team leaders, lead programmer, driver, prototype machinists, and all other employees, professional employees, managerial employees and guards and supervisors as defined in the National Labor Relations Act.","","","",59,"","International Association of Machinists and Aerospace Workers, Local Lodge 2379","Included: All full-time and regular part-time production and maintenance employees, including assembler, assembly technician, shop assistant, orthotic grinder, powder coat associate, plastics technician, punch press operator, composite technician, CNC machine operator, tool crib associate, waterjet operator, injection mold technician, painter, shipping/receiving associate, QA inspector, setup machinist, maintenance technician, production lead, TES assembly lead, metrology technician, advanced setup machinist and production programmer employed by the company at its Bellingham, WA facility.

Excluded: TES Machine shop team leaders, lead programmer, driver, prototype machinists, and all other employees, professional employees, managerial employees and guards and supervisors as defined in the National Labor Relations Act.
",59,48.754401,-122.478836,"Bellingham, WA 98225",1,"place","TIGER/Line® dataset from the US Census Bureau","Bellingham","Whatcom County","WA","98225","US",1,48.2573597952886,-122.661204822396,NA,NA
"19-RD-386247","Sinclair Media of Seattle, LLC d/b/a KOMO-TV","Region 19, Seattle, Washington","Open","05/01/2026","","","Seattle","WA","","","","",NA,NA,"IATSE Local 600",NA,"",NA,"",NA,NA,NA,"",NA,"","","","","","",13,"","","Included:  ICG Local 600 members of KOMO-TV.

Excluded:  Managers",NA,47.610902,-122.336422,"Seattle, WA 98101",1,"place","TIGER/Line® dataset from the US Census Bureau","Seattle","King County","WA","98101","US",1,47.709392313394,-122.637867224788,NA,NA
"19-RD-388539","Holaday-Parks-Fabricators, Inc. d/b/a Holaday-Parks, Inc.","Region 19, Seattle, Washington","Open","06/09/2026","","","Richland","WA","A","Single Labor Organization","Initial","08/12/2026",5,NA,"International Association of Sheet Metal, Air, Rail & Transportation Workers, Local 55",NA,"",NA,"",NA,4,4,"",NA,"","International Association of Sheet Metal, Air, Rail & Transportation Workers, Local 55","Included: All full-time and regular part-time Technician I, Technician II, Specialist I, Specialist II, Controls Specialist I, and Controls Specialist II employed by the Employer and working out of the Employer’s Richland, WA facility located at 2920 George Washington Way, Suite 103, Richland, WA 99354.

Excluded: All other employees, including Field Supervisor, Panel Shop Technician, Project Manager, Senior Project Manager, Regional Service Manager, Project Engineer, confidential employees, office clerical employees, managerial employees, and guards and supervisors as defined by the Act.
","","","",5,"","International Association of Sheet Metal, Air, Rail & Transportation Workers, Local 55","Included: All full-time and part-time; Technician I, Technician II, Specialist I, Specialist II, Controls Specialist I, and Control Specialist II.

Excluded: All other employees.",5,46.28569,-119.28446,"Richland, WA 99352",1,"place","TIGER/Line® from the US Census Bureau","Richland","Benton County","WA","99352","US",1,46.7305461216705,-119.080410184576,NA,NA
"19-RD-389346","Specialty Finishes LLC","Region 19, Seattle, Washington","Open","06/23/2026","","","Seattle","WA","","","","",NA,NA,"International Union of Painters and Allied Trades, District Council 5, Locals 300 and 10",NA,"",NA,"",NA,NA,NA,"",NA,"","","","","","",30,"","","Included: IUPAT Local 300/Local 10 Painters union.

Excluded:  Facility maintenance employees, office or clerical employees, confidential employee, guards, or supervisors.",NA,47.610902,-122.336422,"Seattle, WA 98101",1,"place","TIGER/Line® from the US Census Bureau","Seattle","King County","WA","98101","US",1,47.7532279493895,-122.692206382438,NA,NA
"19-RD-390809","Sinclair Media of Seattle d/b/a KOMO TV","Region 19, Seattle, Washington","Open","07/16/2026","","","Seattle","WA","A","Single Labor Organization","Initial","08/12/2026",22,NA,"Screen Actors Guild- American Federation of Television and Radio Artists (SAG-AFTRA)",7,"",NA,"",NA,9,16,"",NA,"","Screen Actors Guild- American Federation of Television and Radio Artists (SAG-AFTRA)","","","","",22,"","Screen Actors Guild- American Federation of Television and Radio Artists (SAG-AFTRA)","Included: All employees of Sinclair Media of Seattle, LLC operating Television Station KOMO-TV engaged to render services as reporters, announcers, singers, actors, dancers, or other category of talent who perform before the microphone or camera, both staff and freelance.

Excluded: Technicians, guards and supervisors as defined by the National Labor Relations Act, office employees and persons employed by the Company as operational coordinators for engineering duties and concurrent off-camera station breaks and announcements, including station sign-on and sign-off, and all other employees, instrumental musicians (except when speaking or singing).",22,47.610902,-122.336422,"Seattle, WA 98101",1,"place","TIGER/Line® from the US Census Bureau","Seattle","King County","WA","98101","US",1,47.7827964453169,-122.779362995563,NA,NA
"19-RD-391788","Seattle Roots Community Health","Region 19, Seattle, Washington","Open","07/29/2026","","","Seattle","WA","","","","",NA,NA,"SEIU Healthcare 1199NW",NA,"",NA,"",NA,NA,NA,"",NA,"","","","","","",139,"","","Included:  All regular full, part time, and per diem employees employed by SRCH and its covered locations.

Excluded:  Managerial employees, confidential employees, guards, supervisors and employees in separate bargaining units.",NA,47.610902,-122.336422,"Seattle, WA 98101",1,"place","TIGER/Line® from the US Census Bureau","Seattle","King County","WA","98101","US",1,47.2857911037423,-122.07261027574,NA,NA
"19-RM-292206","Trilogy MedWaste West, LLC","Region 02, New York, New York","Open","03/14/2022","","","Tacoma","WA","A","Single Labor Organization","Rerun","04/11/2023",22,NA,"Teamsters Local Union No. 174",11,"",NA,"",NA,7,18,"",8,"","Teamsters Local 174, affiliated with the International Brotherhood of Teamsters","All full-time and regular part-time hourly driver and plant employees employed by the Employer at its Tacoma, Washington facility; excluding all other employees, temporary employees, clerical employees, managerial employees and guards and supervisors as defined by the Act.  
","","","",NA,"","","",NA,47.250158,-122.43903,"Tacoma, WA 98402",1,"place","TIGER/Line® dataset from the US Census Bureau","Tacoma","Pierce County","WA","98402","US",1,47.2796154794825,-122.065661423598,NA,NA
"19-RM-386179","Winter Sports, Inc. d/b/a Whitefish Mountain Resort","Region 19, Seattle, Washington","Open","05/01/2026","","","Whitefish","MT","","","","",NA,NA,"Communications Workers of America, AFL-CIO",NA,"",NA,"",NA,NA,NA,"",NA,"","","","","","",2,"","","Included: All full and part time patrol dispatchers.

Excluded:",NA,48.41358,-114.33569,"Whitefish, MT 59937",1,"place","TIGER/Line® dataset from the US Census Bureau","Whitefish","Flathead County","MT","59937","US",1,48.7094732830952,-114.287737999017,NA,NA
"19-RM-389274","The Vancouver Symphony Orchestra","Region 19, Seattle, Washington","Open","06/22/2026","","","Vancouver","WA","","","","",NA,NA,"American Federation of Musicians Local 99",NA,"",NA,"",NA,NA,NA,"",NA,"","","","","","",110,"","","Included: All probationary and non-probationary core musicians as well as substitute musicians eligible via application of the Juilliard formula: substitute musicians who performed during at least two performance periods in the 2025-2026 season or who performed during at least three performance periods in the two combined 2024-2026 seasons. 
Excluded: All other administrative employees including, but not limited to, the Chief Executive O?cer, Marketing Director, Development Director, VSO Board Members, clerical employees, con?dential employees, managers, guards, and supervisors as de?ned by the Act. Anyone in any of the aforementioned excluded categories who also ?lls a performance role will be excluded from membership in their performance role as well. Also excluded are substitute musicians who do not meet the eligibility criteria after application of the Juilliard formula, i.e. substitute musicians who performed during fewer than two periods in the 2025-2026 season or fewer than three performance periods during the two combined 2024-2026 seasons.",NA,45.678996,-122.720499,"Vancouver, WA 98660",1,"place","TIGER/Line® from the US Census Bureau","Vancouver","Clark County","WA","98660","US",1,45.8903310953441,-122.750138272485,NA,NA
"19-RM-391530","American Rock Products","Region 19, Seattle, Washington","Open","07/24/2026","","","Hermiston","OR","","","","",NA,NA,"Teamster Food Processors, Chauffeurs, Warehousemen and Helpers, Local Union 670, affiliated with the International Brotherhood of Teamsters",NA,"",NA,"",NA,NA,NA,"",NA,"","","","","","",12,"","","Included: All full time and part time drivers working at or out of 813830 North Hwy Hermiston OR 97838. 

Excluded: All other employees, managers, confidential employees, clerical employees, professionals, guards and supervisors as defined by the Act.",NA,45.84041,-119.28946,"Hermiston, OR 97838",1,"place","TIGER/Line® from the US Census Bureau","Hermiston","Umatilla County","OR","97838","US",1,46.2093271830192,-119.191623829189,NA,NA
"19-RM-391798","Hood River Electric Cooperative, Inc. d/b/a Hood River Electric & Internet Co-op","Region 19, Seattle, Washington","Open","07/29/2026","","","Hood River","OR","","","","",NA,NA,"International Brotherhood of Electrical Workers, Local 125",NA,"",NA,"",NA,NA,NA,"",NA,"","","","","","",9,"","","Included: Network Administrator, OSP Network Specialist, Network & Service Operations Specialist, GIS/Engineering Technician, Internet Installer Technician, Internet and VoIP Services Representative, Operations Assistant, Accounting & Billing Assistant, Member Services & Collections Representative.

Excluded: All other employees, including members of the existing IBEW 125 Linemen Unit, managers, supervisors, and confidential employees.",NA,45.7054,-121.52146,"Hood River, OR 97031",1,"place","TIGER/Line® from the US Census Bureau","Hood River","Hood River County","OR","97031","US",1,46.0520831138357,-121.865452932467,NA,NA
"19-RM-392101","Protocall Services, Inc.","Region 19, Seattle, Washington","Open","07/31/2026","","","Portland","OR","","","","",NA,NA,"Office & Professional Employees International Union, Local 11, affiliated with the AFL-CIO",NA,"",NA,"",NA,NA,NA,"",NA,"","","","","","",342,"","","Included: All full-time and part-time regular clinical specialists, senior clinical specialists, crisis and access specialists, senior crisis and access specialists.

Excluded: All other employees, managers, supervisor, confidential employees, guards, and supervisors as defined by the National Labor Relations Act.",NA,45.507856,-122.690794,"Portland, OR 97201",1,"place","TIGER/Line® from the US Census Bureau","Portland","Multnomah County","OR","97201","US",1,45.1713647670293,-122.368700895988,NA,NA
"20-RC-337152","Renal Treatment Centers - California, Inc. d/b/a DaVita Elk Grove Dialysis Center","Region 20, San Francisco, California","Open","03/04/2024","","","Elk Grove","CA","","","","",NA,NA,"Service Employees International Union United Healthcare Workers - West",NA,"",NA,"",NA,NA,NA,"",NA,"","","","","","",21,"","","Included: CCHT, PCT, RN, Administrative Assistants, LVN, PCT Trainee,
Charge RN, Charge Nurse, Secretary.
 
Excluded: All other employees including supervisors and guards as defined by Act.
",NA,38.44148,-121.307142,"Elk Grove, CA 95624",1,"place","TIGER/Line® dataset from the US Census Bureau","Elk Grove","Sacramento County","CA","95624","US",1,38.2394516805276,-121.211855857686,NA,NA
"20-RC-346835","DVA Renal Healthcare, Inc., d/b/a DaVita Vallejo","Region 20, San Francisco, California","Open","07/23/2024","","","Vallejo","CA","A","Single Labor Organization","Initial","12/03/2024",17,NA,"SEIU United Healthcare Workers-West, CLC",8,"",NA,"",NA,7,15,"",NA,"","SEIU, United Healthcare Workers - West","","","","",24,"","SEIU, United Healthcare Workers - West","Included: All CCHT, PCT, RN, Administrative Assistants, LVN, PCT Trainee, Charge RN, Charge Nurse, Secretary.

Excluded: All others, including guards and supervisors as defined by the Act.",17,38.18735,-122.224074,"Vallejo, CA 94589",1,"place","TIGER/Line® dataset from the US Census Bureau","Vallejo","Napa County","CA","94589","US",1,38.5574576721773,-121.922165231054,NA,NA
"20-RC-353543","ESCNC, LLC d/b/a Surgery Center of Northern California","Region 20, San Francisco, California","Open","10/28/2024","","","Roseville","CA","A","Single Labor Organization","Initial","12/11/2024",29,NA,"Teamsters Local 150",22,"",NA,"",NA,2,24,"",3,"","Teamsters Local 150","All full-time, regular part-time, and per diem Registered Nurses, Licensed Vocational Nurses, Medical Assistants, Front Desk/Patient Admissions, Surgical Technicians, and Technicians; excluding all other employees, guards, and supervisors as defined by the Act.","","","",30,"","Teamsters Local 150","Included: All full time, regular part time, and per diem Registered Nurses, Licensed Vocational Nurses, Certified Surgical Technicians, Sterile Processing Department, Medical Assistants, Front Desk/Patient Administration, and Surgical Technicians. 

Excluded: All other employees, guards, and supervisors as defined in the Act.
",29,38.74073,-121.25603,"Roseville, CA 95661",1,"place","TIGER/Line® dataset from the US Census Bureau","Roseville","Placer County","CA","95661","US",1,38.9844779975633,-121.161352980834,NA,NA
"20-RC-360713","Satellite Healthcare (Santa Rosa)","Region 20, San Francisco, California","Open","02/20/2025","","","Santa Rosa","CA","A","Single Labor Organization","Initial","03/28/2025",15,NA,"Service Employees International Union, United Healthcare Workers - West",11,"",NA,"",NA,2,13,"",NA,"","Service Employees International Union, United Healthcare Workers-West","","","","",15,"","Service Employees International Union, United Healthcare Workers-West","",15,38.450412,-122.783159,"Santa Rosa, CA 95401",1,"place","TIGER/Line® dataset from the US Census Bureau","Santa Rosa","Sonoma County","CA","95401","US",1,38.79281495575,-122.776360526813,NA,NA
"20-RC-369707","Touchstone Climbing, Inc.","Region 20, San Francisco, California","Open","07/21/2025","","","San Francisco","CA","A","Single Labor Organization","Initial","09/08/2025",14,NA,"Western States Regional Joint Board, Workers United",9,"",NA,"",NA,3,12,"",1,"","Western States Regional Joint Board, Workers United/SEIU","Included: All full-time and regular part-time front desk staff, front desk leads, belay staff, climbing club coaches, assistant team coaches, lead team coaches, safety staff, and instructors.
Excluded: Routesetters assigned to the Touchstone Office and all Maintenance Staff.","","","",22,"","Western States Regional Joint Board, Workers United/SEIU","Included: All full time and regular part time employees employed by the Employer at: 2573 3rd Street San Francisco, CA 94107

Excluded: All office clericals, seasonal employees, janitorial employees, supervisors and guards as defined by the Act.
",14,37.776646,-122.417481,"San Francisco, CA 94101",1,"place","TIGER/Line® dataset from the US Census Bureau","San Francisco","San Francisco County","CA","94101","US",1,38.1829828244097,-122.80314972268,NA,NA
"20-RC-370234","Touchstone Climbing, Inc.","Region 20, San Francisco, California","Open","07/28/2025","","","San Francisco","CA","A","Single Labor Organization","Initial","09/08/2025",11,NA,"Western States Regional Joint Board, Workers United",8,"",NA,"",NA,2,10,"",4,"","Western States Regional Joint Board, Workers United","Included: All full-time and regular part-time front desk staff, front desk leads, belay staff, climbing club coaches, assistant team coaches, lead team coaches, safety staff, and instructors.
Excluded: Routesetters assigned to the Touchstone Office and all Maintenance Staff.","","","",24,"","Western States Regional Joint Board, Workers United","Included: All full time and regular part time employees of the Employer employed at: 2295 Harrison St, San Francisco, CA 94110

Excluded: All office clericals, seasonal employees, janitorial employees, supervisors and guards as defined by the Act",11,37.776646,-122.417481,"San Francisco, CA 94101",1,"place","TIGER/Line® dataset from the US Census Bureau","San Francisco","San Francisco County","CA","94101","US",1,37.5347658546104,-122.013851744519,NA,NA
"20-RC-373769","A V Decking Inc. d/b/a A V Metal Decking","Region 20, San Francisco, California","Open","09/22/2025","","","Elk Grove","CA","A","Single Labor Organization","Initial","12/22/2025",49,7,"International Association of Bridge, Structural, Ornamental and Reinforcing Iron Workers",14,"",NA,"",NA,1,15,"",7,"","International Association of Bridge, Structural, Ornamental and Reinforcing Iron Workers","","","","",51,"","International Association of Bridge, Structural, Ornamental and Reinforcing Iron Workers","Included: All full time and regular part - time ironworkers and deckers.

Excluded: All other employees, guards, and supervisors as defined in the Act.",49,38.44148,-121.307142,"Elk Grove, CA 95624",1,"place","TIGER/Line® dataset from the US Census Bureau","Elk Grove","Sacramento County","CA","95624","US",1,38.3029951161794,-121.10974914516,NA,NA
"20-RC-376049","Eagle Lake Village Senior Living Community","Region 20, San Francisco, California","Open","12/02/2025","","","Susanville","CA","","","","",NA,NA,"International Association of Machinists and Aerospace Workers, District 725",NA,"",NA,"",NA,NA,NA,"",NA,"","","","","","",41,"","","Included: All employees

Excluded: Professionals, salaried employees, supervisors, office clerical, and guards",NA,40.446063,-120.664132,"Susanville, CA 96127",1,"place","TIGER/Line® dataset from the US Census Bureau","Susanville","Lassen County","CA","96127","US",1,40.8926308418055,-120.727642237494,NA,NA
"20-RC-389273","CBRE, Inc.","Region 20, San Francisco, California","Open","06/22/2026","","","Sacramento","CA","A","Single Labor Organization","Initial","08/11/2026",21,NA,"International Union of Operating Engineers, Stationary Engineers, Local 39, AFL-CIO",14,"",NA,"",NA,3,14,"",1,"","International Union of Operating Engineers Stationary Engineers, Local 39, AFL-CIO","All full time and regular part time Mobile Engineers and Lead Mobile Engineers employed by the Employer and based out of its facility located at 5700 Folsom Blvd., Sacramento, California; excluding all other employees, managers, confidential employees, office clerical employees, guards, and supervisors as defined by the Act.","","","",19,"","International Union of Operating Engineers Stationary Engineers, Local 39, AFL-CIO","Included: Chief Engineer, Assistant Chief Engineer, Stationary Engineer, Apprentice Engineer, Utility Engineer. Mobile Engineer.

Excluded: All other employees, managers, confidential employees, office clerical employees, guards, and supervisors as defined by the Act.
",21,38.377411,-121.444429,"Sacramento, CA 94240",1,"place","TIGER/Line® from the US Census Bureau","Sacramento","Sacramento County","CA","94240","US",1,38.2684904146359,-121.522814256231,NA,NA
"20-RC-389492","InDyne, Inc.","Region 20, San Francisco, California","Open","06/25/2026","","","Beale AFB","CA","A","Single Labor Organization","Initial","08/13/2026",12,NA,"Teamsters Local 137",8,"",NA,"",NA,NA,8,"",4,"","Teamsters Local 137","All full-time and regular part-time UEWR System Analysts, UEWR System Administrators, and LRDR System Analysts employed by the Employer and working at 7400 Spencer Paul Road on Beale Air Force Base (AFB) in Yuba County, California; excluding all LAN Technicians, LRDR Operations Managers, Civil Engineer Managers, Communications Electronics Managers, Station Managers, Computer Technicians, Radar Technicians, Power Plant Technicians, HVAC Technicians, Plumbers, Custodians, Logistics Specialists, guards, and supervisors as defined by the Act.","","","",16,"","Teamsters Local 137","Included: LAN Technicians, UEWR Systems Analysts, UEWR system administrators, training support managers, LRDR Systems Analysts, UEWR System analyst, Quality Specialist and Information System Security Officer, Contractor Special Security Representatives.

Excluded: LRDR Operations Manager, Civil Engineer Manager, Communications Electronics Manager. station manager, computer technicians, radar
technicians, power plant technician, HVAC technicians. Plumbers, Custodian, logistics specialists, supervisors and guards as defined by NLRA.",12,39.111453,-121.360957,"Beale AFB, CA 95903",1,"place","TIGER/Line® from the US Census Bureau","Beale AFB","Yuba County","CA","95903","US",1,39.138040742148,-121.826860418371,NA,NA
"20-RC-390238","Delaware Resource Group of Oklahoma LLC","Region 20, San Francisco, California","Open","07/08/2026","","","Travis Afb","CA","A","Single Labor Organization","Initial","07/22/2026",3,NA,"International Association of Machinists and Aerospace Workers, District 725",3,"",NA,"",NA,NA,3,"",NA,"","International Association of Machinists & Aerospace Workers, District 725","Included: All full-time and regular part-time Lead System Administrators, System Administrators, and Training Subject Matter Experts (SME) employed by the Employer out of 690 Airmen Drive, Travis AFB, California.
Excluded: All guards and supervisors as defined by the Act.
","","","",3,"","International Association of Machinists & Aerospace Workers, District 725","Included:
All full-time and regular part-time Maintenance Technicians / Network Administrators
Excluded:
Excluding all Supervisors and Guards as defined by the Act.",3,38.271218,-121.94123,"Travis AFB, CA 94535",1,"place","TIGER/Line® from the US Census Bureau","Travis AFB","Solano County","CA","94535","US",1,37.8595530032382,-122.071874081859,NA,NA
"20-RC-390672","Dignity Health d/b/a Mercy Hospital of Folsom","Region 20, San Francisco, California","Open","07/14/2026","","","Folsom","CA","A","Single Labor Organization","Initial","07/30/2026",12,NA,"Service Employees International Union - United Healthcare Workers - West",3,"",NA,"",NA,8,11,"",1,"","","","","","",13,"","","Included: All full-time, regular part-time and per diem pharmacists to be added to the existing unit in an Armour-Globe election.

Excluded: All other employees, supervisors, confidential employees, and guards as defined by the Act.",12,38.666597,-121.141636,"Folsom, CA 95630",1,"place","TIGER/Line® from the US Census Bureau","Folsom","Sacramento County","CA","95630","US",1,38.3728766454411,-121.020140137974,NA,NA
"20-RC-390724","Dignity Health d/b/a Mercy San Juan Medical Center","Region 20, San Francisco, California","Open","07/15/2026","","","Carmichael","CA","","","","",NA,NA,"Service Employees International Union, United Healthcare Workers-West",NA,"",NA,"",NA,NA,NA,"",NA,"","","","","","",37,"","","Included: All full-time, regular part-time and per diem Occupational Therapists, Lead Occupational Therapists, Occupational Therapy Coordinators, Occupational Therapy Coordinator Leads, Physical Therapy Coordinator, Physical Therapy Coordinator Leads, Speech -Language Pathologists, Speech-Language Pathologist Leads, Physical Therapists, and Physical Therapist Leads to be added to the existing Unit in an Armour-Globe election.

Excluded: All other employees, supervisors, confidential employees, and guards as defined by the Act.",NA,38.62136,-121.332191,"Carmichael, CA 95608",1,"place","TIGER/Line® from the US Census Bureau","Carmichael","Sacramento County","CA","95608","US",1,38.8262663758459,-121.807752509375,NA,NA
"20-RC-391729","Khanna Enterprises II, LP","Region 20, San Francisco, California","Open","07/28/2026","","","Sacramento","CA","","","","",NA,NA,"International Union of Operating Engineers, Stationary Engineers, Local 39, AFL-CIO",NA,"",NA,"",NA,NA,NA,"",NA,"","","","","","",5,"","","Included: Chief Engineer, Assist Chief Eng, Stationary Eng, Utility Eng.
Excluded: All other employees, office clerical employees, guards, and supervisors as defined by the Act.
",NA,38.377411,-121.444429,"Sacramento, CA 94240",1,"place","TIGER/Line® from the US Census Bureau","Sacramento","Sacramento County","CA","94240","US",1,38.5150516834461,-121.9384368035,NA,NA
"20-RC-391740","Wikimedia Foundation, Inc.","Region 20, San Francisco, California","Open","07/28/2026","","","San Francisco","CA","","","","",NA,NA,"Communications Workers of America",NA,"",NA,"",NA,NA,NA,"",NA,"","","","","","",235,"","","Included: All full time and regular part time US-based employees of the Employer.

Excluded: Employees in the People Dept., confidential employees, office clericals, guards, managers & supervisors as defined in the Act.",NA,37.776646,-122.417481,"San Francisco, CA 94101",1,"place","TIGER/Line® from the US Census Bureau","San Francisco","San Francisco County","CA","94101","US",1,37.6977038009952,-122.561776122474,NA,NA
"20-RC-392263","Interstate Management Company, LLC","Region 20, San Francisco, California","Open","08/04/2026","","","Sacramento","CA","","","","",NA,NA,"International Union of Operating Engineers, Stationary Engineers, Local 39, AFL-CIO",NA,"",NA,"",NA,NA,NA,"",NA,"","","","","","",4,"","","Included: Chief Engineer, Assistant Chief Engineer, Stationary Engineer, Utility Engineer.
Excluded: All other employees, managers, confidential employees, office clerical employees, guards, and supervisors as defined by the Act.
",NA,38.377411,-121.444429,"Sacramento, CA 94240",1,"place","TIGER/Line® from the US Census Bureau","Sacramento","Sacramento County","CA","94240","US",1,38.2065731904355,-121.937289272294,NA,NA
"20-RC-392379","USA Waste of California, Inc.","Region 20, San Francisco, California","Open","08/06/2026","","","Sacramento","CA","","","","",NA,NA,"Teamsters Local 150",NA,"",NA,"",NA,NA,NA,"",NA,"","","","","","",72,"","","Included:  All Full Time and Part Time Drivers, Class A and B Front Load, Roll Off, and Bin/Container Delivery Drivers. All Full Time and Part Time Welders, Container Tech, Utility, Painters (Bin Repair Shop), Bin Washers, Mechanics, Mechanic helpers, and Maintenance employees.
Excluded:  Managers, Guards, Clerical Employees, Dispatchers, and Supervisors as defined by the Act.",NA,38.377411,-121.444429,"Sacramento, CA 94240",1,"place","TIGER/Line® from the US Census Bureau","Sacramento","Sacramento County","CA","94240","US",1,38.0215737847962,-121.691525027713,NA,NA
"20-RC-392723","MarinHealth Medical Center","Region 20, San Francisco, California","Open","08/11/2026","","","Greenbrae","CA","","","","",NA,NA,"National Union of Healthcare Workers (NUHW)",NA,"",NA,"",NA,NA,NA,"",NA,"","","","","","",86,"","","NUHW petitions for the following employees to join the existing NUHW bargaining unit. 
Non-professionals: Physical Therapist Assistant (PTA), Senior Physical Therapist Assistant (Senior PTA) 
Professional employees: Petitioner requests a Sonotone ballot for the following employee classifications. Associate Clinical Social Worker, Au.D (Audiologist), Chaplain, Child Life Specialist (CLS), Clinical Social Worker, LCSW (excluding those employed by MarinHealth Medical Group in Psychiatry), LCSW I, LCSW II, Medical Social Worker, Occupational Therapist/Certified Hand Therapist, Occupational Therapist (OT) - Rehab, Physical Therapist (PT) - Rehab, Speech Language Pathologist, Substance Use Navigator (SUN)

Excluded: All other employees, including all bona fide managers and supervisors as defined under the Act, and all guards.
",NA,37.947874,-122.536337,"Greenbrae, CA 94904",1,"place","TIGER/Line® from the US Census Bureau","Greenbrae","Marin County","CA","94904","US",1,38.1849847917279,-122.970524818086,NA,NA
"20-RC-392724","MarinHealth Medical Group","Region 20, San Francisco, California","Open","08/11/2026","","","Greenbrae","CA","","","","",NA,NA,"National Union of Healthcare Workers (NUHW)",NA,"",NA,"",NA,NA,NA,"",NA,"","","","","","",56,"","","Included: Nurse Practitioners; Physician Assistants; LCSWs in the Psychiatry Department

Excluded: All others, including clericals, supervisors, and guards",NA,37.947874,-122.536337,"Greenbrae, CA 94904",1,"place","TIGER/Line® from the US Census Bureau","Greenbrae","Marin County","CA","94904","US",1,37.4848952001726,-122.78765477674,NA,NA
"20-RC-392725","Prima Medical Foundation, dba MarinHealth Medical Network","Region 20, San Francisco, California","Open","08/11/2026","","","Greenbrae","CA","","","","",NA,NA,"National Union of Healthcare Workers (NUHW)",NA,"",NA,"",NA,NA,NA,"",NA,"","","","","","",15,"","","Included: Certified Nurse Midwife; Certified Nurse Midwife Lead

Excluded: All others including clericals, supervisors, and guards",NA,37.947874,-122.536337,"Greenbrae, CA 94904",1,"place","TIGER/Line® from the US Census Bureau","Greenbrae","Marin County","CA","94904","US",1,37.7313553306108,-123.02967139162,NA,NA
"20-RD-390241","Curator Hospitality LLC d/b/a Luma Hotel","Region 20, San Francisco, California","Open","07/08/2026","","","San Francisco","CA","A","Single Labor Organization","Initial","08/04/2026",34,NA,"",17,"",NA,"",NA,16,33,"",NA,"","UNITE HERE Local 2","All full-time and regular part-time housekeeping staff employed by the Employer and working at 100 Channel St. in San Francisco, California; excluding all other employees, managerial employees, confidential employees, and supervisors as defined by the Act.","","","",34,"","UNITE HERE Local 2","Included: All housekeeping staff
Excluded: All other employees, supervisors and managers as defined in the Act.",34,37.776646,-122.417481,"San Francisco, CA 94101",1,"place","TIGER/Line® from the US Census Bureau","San Francisco","San Francisco County","CA","94101","US",1,38.0840392530824,-122.128624779801,NA,NA
"20-RM-390968","Fuel Delivery Services, Inc.","Region 20, San Francisco, California","Open","07/17/2026","","","Sacramento","CA","","","","",NA,NA,"Teamsters Local 150",NA,"",NA,"",NA,NA,NA,"",NA,"","","","","","",50,"","","Included: All full-time and regular part-time drivers at the Employer's Sacramento terminal.
Excluded: Office clerical employees, managerial employees and supervisors as defined by the Act.",NA,38.377411,-121.444429,"Sacramento, CA 94240",1,"place","TIGER/Line® from the US Census Bureau","Sacramento","Sacramento County","CA","94240","US",1,38.8416279869039,-121.19405346955,NA,NA
"20-RM-392516","Khanna Enterprises II, LP","Region 20, San Francisco, California","Open","08/10/2026","","","Sacramento","CA","","","","",NA,NA,"International Union of Operating Engineers, Stationary Engineers, Local 39, AFL-CIO",NA,"",NA,"",NA,NA,NA,"",NA,"","","","","","",4,"","","Included: Assistant Chief Engineer, Stationary Engineer, Utility Engineer

Excluded: Chief Engineer",NA,38.377411,-121.444429,"Sacramento, CA 94240",1,"place","TIGER/Line® from the US Census Bureau","Sacramento","Sacramento County","CA","94240","US",1,38.8296100460344,-121.104919893526,NA,NA
"21-RC-296247","Starbucks Corporation","Region 21, Los Angeles, California","Open","05/20/2022","","","Riverside","CA","A","Single Labor Organization","Initial","07/29/2022",28,NA,"Workers United",3,"",NA,"",NA,1,4,"",NA,"","Workers United Labor Union International, affiliated with Service Employees International Union","Included:  All full-time and regular part-time Baristas and Shift Supervisors employed by the Employer at the facility currently located at 1303 University Avenue, Riverside, California. 

Others Permitted to Vote: The parties have agreed that Assistant Store Managers may vote in the election but their ballots will be challenged since their eligibility has not been resolved. No decision has been made regarding whether the individuals in these classifications or groups are included in, or excluded from, the bargaining unit. The eligibility or inclusion of these individuals will be resolved, if necessary, following the election. 

Excluded:  All Store Managers, office clerical employees, professional employees, managerial employees, guards, and supervisors as defined in the Act.","","","",24,"","Workers United a/w/ Service Employees International Union","Included:  All full time and regular part time Baristas, Shift Supervisors, and Assistant Store managers employed by the Employer at its facility currently located at 1303 University Ave. Riverside, CA 92507

Excluded:  All Store Managers, office clericals, guards and supervisors as defined by the Act",28,33.99504,-117.373184,"Riverside, CA 92501",1,"place","TIGER/Line® dataset from the US Census Bureau","Riverside","Riverside County","CA","92501","US",1,33.6554804414538,-117.082792115256,NA,NA
"21-RC-316782","Strive Well-Being, Inc.","Region 21, Los Angeles, California","Open","04/25/2023","","","Los Angeles","CA","A","Single Labor Organization","Initial","06/10/2023",113,NA,"Amalgamated Transit Union Local 1756, AFL-CIO/CLC",30,"",NA,"",NA,65,95,"",3,"","","Included:  All full-time and regular part-time ambassadors and ambassador supervisors employed by the Employer.

Excluded:  All other employees, office clerical employees, professional employees, managerial employees, guards, and supervisors defined in the Act. 

","","","",55,"","","Included:  All full-time and regular part-time transit ambassadors and transit ambassador supervisors.

Excluded:  All other employees, managers, and guards and supervisors as defined in the Act.",113,33.973951,-118.248405,"Los Angeles, CA 90001",1,"place","TIGER/Line® dataset from the US Census Bureau","Los Angeles","Los Angeles County","CA","90001","US",1,33.8166840211271,-117.898689251198,NA,NA
"21-RC-335821","Renal Advantage Inc.","Region 21, Los Angeles, California","Open","02/14/2024","","","Palm Desert","CA","A","Single Labor Organization","Initial","03/15/2024",22,NA,"SEIU United Healthcare Workers-West",10,"",NA,"",NA,8,18,"",4,"Y","","VOTING GROUP - UNIT A (PROFESSIONAL UNIT)

Included:  All full-time, regular part-time and per diem Registered Nurses (RN) and Charge RN I employed by the Employer at its facility located at 41501 Corporate Way, Palm Desert, California.

Excluded:  All other employees, Home Therapy Care Team Assistants, Licensed Practical Nurses (LPN)/Licensed Vocational Nurses (LVN), Patient Care Technicians (PCT) I, PCTs II, PCTs III, Secretary/Receptionists, Charge RN II, Bio-Medical Technicians, Social Workers, Dieticians, Clinical Educators, managerial employees, guards, confidential employees, and supervisors as defined in the Act.

Eligible to vote are all per diem employees in the units who have worked an average of 4 hours or more per week during the 13 weeks immediately preceding the eligibility date for the election.","VOTING GROUP - UNIT B (NON-PROFESSIONAL UNIT)

Included:  All full-time, regular part-time, and per diem Licensed Practical Nurses (LPN)/Licensed Vocational Nurses (LVN), Patient Care Technicians (PCT) I, PCT II, PCT III, and Secretary/Receptionists employed by the Employer at its facility located at 41501 Corporate Way, Palm Desert, California.

Others Permitted to Vote:  The parties have agreed that Home Therapy Care Team Assistants may vote in the election, but their ballots will be challenged since their eligibility has not been resolved.  No decision has been made regarding whether the individuals in this classification or groups are included in, or excluded from, the bargaining unit.  The eligibility or inclusion of these individuals will be resolved, if necessary, after the election.

Excluded:  All other employees, Registered Nurses (RN), Charge RN I, Charge RN II, Bio-Medical Technicians, Social Workers, Dieticians, Clinical Educators, managerial employees, guards, confidential employees, and supervisors as defined in the Act.

Eligible to vote are all per diem employees in the units who have worked an average of 4 hours or more per week during the 13 weeks immediately preceding the eligibility date for the election.","VOTING GROUP - UNIT B (NON-PROFESSIONAL UNIT)

Included:  All full-time, regular part-time, and per diem Licensed Practical Nurses (LPN)/Licensed Vocational Nurses (LVN), Patient Care Technicians (PCT) I, PCT II, PCT III, and Secretary/Receptionists employed by the Employer at its facility located at 41501 Corporate Way, Palm Desert, California.

Others Permitted to Vote:  The parties have agreed that Home Therapy Care Team Assistants may vote in the election, but their ballots will be challenged since their eligibility has not been resolved.  No decision has been made regarding whether the individuals in this classification or groups are included in, or excluded from, the bargaining unit.  The eligibility or inclusion of these individuals will be resolved, if necessary, after the election.

Excluded:  All other employees, Registered Nurses (RN), Charge RN I, Charge RN II, Bio-Medical Technicians, Social Workers, Dieticians, Clinical Educators, managerial employees, guards, confidential employees, and supervisors as defined in the Act.

Eligible to vote are all per diem employees in the units who have worked an average of 4 hours or more per week during the 13 weeks immediately preceding the eligibility date for the election.","VOTING GROUP - UNIT B (NON-PROFESSIONAL UNIT)

Included:  All full-time, regular part-time, and per diem Licensed Practical Nurses (LPN)/Licensed Vocational Nurses (LVN), Patient Care Technicians (PCT) I, PCT II, PCT III, and Secretary/Receptionists employed by the Employer at its facility located at 41501 Corporate Way, Palm Desert, California.

Others Permitted to Vote:  The parties have agreed that Home Therapy Care Team Assistants may vote in the election, but their ballots will be challenged since their eligibility has not been resolved.  No decision has been made regarding whether the individuals in this classification or groups are included in, or excluded from, the bargaining unit.  The eligibility or inclusion of these individuals will be resolved, if necessary, after the election.

Excluded:  All other employees, Registered Nurses (RN), Charge RN I, Charge RN II, Bio-Medical Technicians, Social Workers, Dieticians, Clinical Educators, managerial employees, guards, confidential employees, and supervisors as defined in the Act.

Eligible to vote are all per diem employees in the units who have worked an average of 4 hours or more per week during the 13 weeks immediately preceding the eligibility date for the election.",24,"","","",22,33.76437,-116.339766,"Palm Desert, CA 92211",1,"place","TIGER/Line® dataset from the US Census Bureau","Palm Desert","Riverside County","CA","92211","US",1,33.9342200926141,-115.988906005466,NA,NA
"21-RC-337162","DVA Renal Healthcare, Inc. d/b/a DaVita San Ysidro Dialysis Center","Region 21, Los Angeles, California","Open","03/04/2024","","","San Diego","CA","","","","",NA,NA,"Service Employees International Union, United Healthcare Workers - West",NA,"",NA,"",NA,NA,NA,"",NA,"","","","","","",35,"","","Included:  CCHT, PCT, RN, Administrative Assistants, LVN, PCT Trainee, Charge RN, Charge Nurse, Secretary.


Excluded:  All other employees including supervisors and guards as defined by Act.
",NA,32.724103,-117.170912,"San Diego, CA 92101",1,"place","TIGER/Line® dataset from the US Census Bureau","San Diego","San Diego County","CA","92101","US",1,32.7311676605454,-116.980063052032,NA,NA
"21-RC-338330","DVA Renal Healthcare, Inc. d/b/a DaVita San Ysidro Dialysis Center","Region 21, Los Angeles, California","Open","03/20/2024","","","San Diego","CA","","","","",NA,NA,"Service Employees International Union, United Healthcare Workers - West",NA,"",NA,"",NA,NA,NA,"",NA,"","","","","","",4,"","","",NA,32.724103,-117.170912,"San Diego, CA 92101",1,"place","TIGER/Line® dataset from the US Census Bureau","San Diego","San Diego County","CA","92101","US",1,32.7056969993132,-116.960043184574,NA,NA
"21-RC-343921","Better Buzz Coffee Company, LLC","Region 21, Los Angeles, California","Open","06/07/2024","","","San Diego","CA","A","Single Labor Organization","Initial","07/08/2024",36,NA,"UNITED FOOD AND COMMERCIAL WORKERS INTERNATIONAL UNION* LOCAL 135",23,"",NA,"",NA,4,27,"",2,"","United Food and Commercial Workers International Union, Local No. 135","Included:  All full-time and regular part-time baristas, training ambassadors, lead shift supervisors, and shift supervisors employed by the Employer at the facility currently located at 8347 Mira Mesa Boulevard, San Diego, California. 

Others Permitted to Vote:  The parties have agreed that Assistant General Managers may vote in the election, but their ballots will be challenged since their eligibility has not been resolved.  No decision has been made regarding whether the individuals in these classifications or groups are included in, or excluded from, the bargaining unit.  The eligibility or inclusion of these individuals will be resolved, if necessary, following the election.

Excluded: All other employees, general managers, managers in training, managers in waiting, office clerical employees, professional employees, guards, and supervisors as defined in the Act.   

Eligible to vote are all employees in the unit who have worked an average of 4 hours or more per week during the 13 weeks immediately preceding the eligibility date for the election.  

","","","",33,"","United Food and Commercial Workers International Union, Local No. 135","Including: All full-time and regular part-time baristas, training ambassadors, lead shift 
supervisors, and shift supervisors employed by the employers at the facility currently located at 8347 Mira Mesa Blvd, San Diego, California, 92126. 

Excluding: All other employees, general managers, assistant managers, managers in training, managers in waiting, office clerical employees, professional employees, guards, confidential employees, and supervisors as defined in the Act.",36,32.724103,-117.170912,"San Diego, CA 92101",1,"place","TIGER/Line® dataset from the US Census Bureau","San Diego","San Diego County","CA","92101","US",1,32.5982287276852,-116.683583579607,NA,NA
"21-RC-344126","Clinicas de Salud del Pueblo, Inc. d/b/a Innercare","Region 21, Los Angeles, California","Open","06/10/2024","","","El Centro","CA","A","Single Labor Organization","Initial","07/26/2024",463,5,"SEIU , United Healthcare Workers - West",132,"",NA,"",NA,214,346,"",15,"","","INCLUDED:	All regular full-time, part-time, and per diem Administrative Assistants, Assistant Managers, Behavioral Health Case Managers, Behavioral Health Medical Assistants, Behavioral Health Patient Representatives, Billers (I, II), Billing Clerks (I, II), Bookkeepers, Breastfeeding Coordinators, Call Center Patient Representatives, Call Center Support, Case Managers, Certified Professional Coders, Clerks, Coders, Communications, Community Health Workers (I, II), Coordinators, Credentialing Specialists, Dental Assistants, Dental Assistants/Patient Representatives, Dental Patient Representatives, Drivers, Education Counselors, ECM Community Health, Financial Analysts, Greeters, Health Navigators, HEDIS Patient Representatives, Housekeepers, Internal Auditor Specialists, IT Programmer Analysts, IT Support Technicians, IT Systems Analysts,  Janitors, Junior Systems Specialists, Laboratory Assistants, Lead Behavioral Case Manager, Lead Medical Assistants, Lead Patient Representatives, Lead Referral Coordinators, Lead Registered Dental Assistants, Licensed Vocational Nurses, Maintenance Workers, Marketing and Outreach Specialists, Medical Assistants/Referral Clerks, Medical Assistants (I, II, III), Medical Assistant/Phlebotomists, Medical Assistant/Scribes, Medical Records Representatives, Medical Records/Patient Representatives, Nutrition Assistants, Nutritionists, Occupational Health Coordinators, Optometrist Assistants, Orthopedic Technicians, Outreach & Enrollment Specialists, Patient Representatives, Payroll Assistants, PBX Operators, Pharmacy Clerks, Pharmacy Delivery Drivers, Pharmacy Technicians (I, II), Phlebotomists (I, II, Float), Prep Case Managers, Prior Authorization Specialists, Purchasing Buyers, Purchasing Buyers/Bookkeepers, Purchasing Clerks, QI/QA Administrative Assistant, QI/QA Coordinator, Radiology Technicians, Radiology Coordinators, Receptionists, Referral Clerks, Referral Coordinators, Referrals Assistant Managers, Regional Breastfeeding Liaison, Registered Dental Assistant, Registration Coordinators,, Risk Managers, Schedulers, Scribes, Sonographers, Substance Abuse Counselors, Surgery Schedulers, Telehealth Technicians, Ultrasound Technicians, Ultrasound Technicians OB, WIC Nutrition Support, WIC Patient Representatives and X-Ray Technicians employed by the Employer at its California facilities currently located at 1415 West Hobson Way, Blythe; 900 Main Street, Brawley; 223 West Cole Boulevard, Calexico; 50249 Cesar Chavez, Suite K, Coachella; 1023 East Florida Avenue, Hemet; 91-275 66th Avenue, Suite 500, PO Box 1378, Mecca; 8027 Highway 111, Niland; 1166 K Street; Brawley; 1289 South Marina Drive, PO Box 5720, Salton City; 900 Main Street, Brawley; 852 East Danenberg Drive, El Centro; 283 Main Street, Unit 102, PO Box 1279, Brawley; 233 West Cole Boulevard, Calexico; 91275 66th Avenue, Suite 300, PO Box 1378, Mecca; 91-275 66th Avenue, Suite 200, Mecca; 561 East Street; Brawley; 2451 Rockwood Avenue, Suite 109, Calexico; 2600 Thomas Drive, El Centro and 2133 Winterhaven Drive, Winterhaven.

Also eligible to vote are all employees in the unit who have worked an average of 4 hours or more per week during the 13 weeks immediately preceding the eligibility date for the election.
	
EXCLUDED:	All other employees, confidential employees, professional employees, managerial employees, guards, and supervisors as defined in the Act.

Others Permitted to Vote: The parties have agreed that Edgar Gutierrez may vote in the election but his ballots will be challenged since his eligibility has not been resolved.  No decision has been made regarding whether this individual is included in, or excluded from, the bargaining unit.  The eligibility or inclusion of this individual will be resolved, if necessary, following the election.","","","",480,"","","Included: All regular full-time, part-time, and per diem Administrative Assistants, Assistant Managers, Associate Referral Specialists, Behavioral Health Case Managers, Behavioral Health Medical Assistants, Behavioral Health Navigators, Benefit Counselors, Behavioral Health Patient Representatives, Billers (I, II), Billing Clerks (I, II), Bookkeepers, Breast Feeding Coordinators, Call Center Patient Representatives, Case Managers, Certified Professional Coders, Clerks, Clinical Quality Imaging Specialists, Coders, Communications, Community Health Workers (I, II), Coordinators, Credentialing Specialists, Community Health Workers (I, II), Dental Area Administrators, Dental Assistants, Dental Assistants/Patient Representatives, Dental Patient Representatives, Drivers, ECM Community Health, Financial Analysts, Greeters, Health Navigators, HEDIS Patient Representatives, Housekeepers, Internal Auditor Specialists, IT Programmer Analysts, IT Support Technicians, IT Systems Analysts, IT Systems Engineers, Janitors, Junior Systems Specialists, Laboratory Assistants, Laboratory Supervisors, Lead Medical Assistants, Lead Patient Representatives, Lead Referral Coordinators, Lead Registered Dental Assistants, Lead Phlebotomists, Licensed Vocational Nurses, Maintenance Workers, Marketing and Outreach Specialists, Medical Assistants/Referral Clerks, Medical Assistants (I, II, III), Medical Assistant/Phlebotomists, Medical Asisstant/Scribes, Medical Records Representatives, Medical Records/Patient Representatives, NexGem RCM Services, Occupational Health Coordinators, Optometrist Assistants, Orthopedic Technicians, Outreach & Enrollment Specialists, Patient Representatives, Payroll Assistants, PBX Operators, Pharmacy Clerks, Pharmacy Compliance, Pharmacy Delivery Drivers, Pharmacy Technicians (I, II), Phlebotomists (I, II, Float), Prep Case Managers, Prior Authorization Specialists, Programmer Analyst Mangers, Purchasing Buyers, Purchasing Buyers/Bookkeepers, Purchasing Clerks, QI/QA Coordinator, Radiology Technicians, Radiology Coordinators, Receptionists, Referral Patient Representatives, Referral Clerks, Referral Coordinators, Referrals Assistant Managers, Regional Breastfeeding Liaisons, Registered Dental Assistant, Registered Dietitian Nutrition, Registration Coordinators, Research Assistants, Risk Managers, Schedulers, Scribes, Sonographers, Substance Abuse Counselors, Surgery Schedulers, Telehealth Technicians, Ultrasound Technicians, Workforce Development,  and X-Ray Technicians. 

Excluded: All other classifications, statutory supervisors, guards, and confidential employees.",463,32.770275,-115.598602,"El Centro, CA 92243",1,"place","TIGER/Line® dataset from the US Census Bureau","El Centro","Imperial County","CA","92243","US",1,32.5673193239901,-115.766915622242,NA,NA
"21-RC-344127","Clinicas de Salud del Pueblo, Inc. d/b/a Innercare","Region 21, Los Angeles, California","Open","06/10/2024","","","El Centro","CA","A","Single Labor Organization","Initial","07/26/2024",463,5,"SEIU , United Healthcare Workers - West",132,"",NA,"",NA,214,346,"",15,"","","INCLUDED:	All regular full-time, part-time, and per diem Administrative Assistants, Assistant Managers, Behavioral Health Case Managers, Behavioral Health Medical Assistants, Behavioral Health Patient Representatives, Billers (I, II), Billing Clerks (I, II), Bookkeepers, Breastfeeding Coordinators, Call Center Patient Representatives, Call Center Support, Case Managers, Certified Professional Coders, Clerks, Coders, Communications, Community Health Workers (I, II), Coordinators, Credentialing Specialists, Dental Assistants, Dental Assistants/Patient Representatives, Dental Patient Representatives, Drivers, Education Counselors, ECM Community Health, Financial Analysts, Greeters, Health Navigators, HEDIS Patient Representatives, Housekeepers, Internal Auditor Specialists, IT Programmer Analysts, IT Support Technicians, IT Systems Analysts,  Janitors, Junior Systems Specialists, Laboratory Assistants, Lead Behavioral Case Manager, Lead Medical Assistants, Lead Patient Representatives, Lead Referral Coordinators, Lead Registered Dental Assistants, Licensed Vocational Nurses, Maintenance Workers, Marketing and Outreach Specialists, Medical Assistants/Referral Clerks, Medical Assistants (I, II, III), Medical Assistant/Phlebotomists, Medical Assistant/Scribes, Medical Records Representatives, Medical Records/Patient Representatives, Nutrition Assistants, Nutritionists, Occupational Health Coordinators, Optometrist Assistants, Orthopedic Technicians, Outreach & Enrollment Specialists, Patient Representatives, Payroll Assistants, PBX Operators, Pharmacy Clerks, Pharmacy Delivery Drivers, Pharmacy Technicians (I, II), Phlebotomists (I, II, Float), Prep Case Managers, Prior Authorization Specialists, Purchasing Buyers, Purchasing Buyers/Bookkeepers, Purchasing Clerks, QI/QA Administrative Assistant, QI/QA Coordinator, Radiology Technicians, Radiology Coordinators, Receptionists, Referral Clerks, Referral Coordinators, Referrals Assistant Managers, Regional Breastfeeding Liaison, Registered Dental Assistant, Registration Coordinators,, Risk Managers, Schedulers, Scribes, Sonographers, Substance Abuse Counselors, Surgery Schedulers, Telehealth Technicians, Ultrasound Technicians, Ultrasound Technicians OB, WIC Nutrition Support, WIC Patient Representatives and X-Ray Technicians employed by the Employer at its California facilities currently located at 1415 West Hobson Way, Blythe; 900 Main Street, Brawley; 223 West Cole Boulevard, Calexico; 50249 Cesar Chavez, Suite K, Coachella; 1023 East Florida Avenue, Hemet; 91-275 66th Avenue, Suite 500, PO Box 1378, Mecca; 8027 Highway 111, Niland; 1166 K Street; Brawley; 1289 South Marina Drive, PO Box 5720, Salton City; 900 Main Street, Brawley; 852 East Danenberg Drive, El Centro; 283 Main Street, Unit 102, PO Box 1279, Brawley; 233 West Cole Boulevard, Calexico; 91275 66th Avenue, Suite 300, PO Box 1378, Mecca; 91-275 66th Avenue, Suite 200, Mecca; 561 East Street; Brawley; 2451 Rockwood Avenue, Suite 109, Calexico; 2600 Thomas Drive, El Centro and 2133 Winterhaven Drive, Winterhaven.

Also eligible to vote are all employees in the unit who have worked an average of 4 hours or more per week during the 13 weeks immediately preceding the eligibility date for the election.
	
EXCLUDED:	All other employees, confidential employees, professional employees, managerial employees, guards, and supervisors as defined in the Act.

Others Permitted to Vote: The parties have agreed that Edgar Gutierrez may vote in the election but his ballots will be challenged since his eligibility has not been resolved.  No decision has been made regarding whether this individual is included in, or excluded from, the bargaining unit.  The eligibility or inclusion of this individual will be resolved, if necessary, following the election.","","","",16,"","","Included: All regular full-time, part-time, and per diem Nutritionists, Nutrition Assistants (I, II, III), Nutrition Education Counselors, Janitors, Receptions, WIC Call Center Representatives, WIC II & Beneficiaries, and Patient Representatives.

Excluded: All other classifications, statutory supervisors, guards, managers, and confidential employees.",463,32.770275,-115.598602,"El Centro, CA 92243",1,"place","TIGER/Line® dataset from the US Census Bureau","El Centro","Imperial County","CA","92243","US",1,32.5695485842708,-115.527532802271,NA,NA
"21-RC-357719","Bio-Medical Applications of California, Inc.","Region 21, Los Angeles, California","Open","01/03/2025","","","San Diego","CA","A","Single Labor Organization","Initial","02/14/2025",22,NA,"Service Employees International Union, United Healthcare Workers - West",10,"",NA,"",NA,5,15,"",4,"","Service Employees International Union, United Healthcare Workers - West","VOTING GROUP - UNIT A (PROFESSIONAL UNIT):

Included: All full-time, regular part-time, and per diem registered nurses (RN) employed by the Employer at its facility currently located at 11031 Via Frontera, Suite C, San Diego, California.

Excluded:  All other employees, patient care technicians (PCT), PCT I, PCT II, PCT III, clinic administrative assistants, charge RNs II, bio-medical technicians, social workers, dieticians, clinical educators, managerial employees, guards, confidential employees, and supervisors as defined in the Act.   


Eligible to vote are all per diem employees in the units who have worked an average of 4 hours or more per week during the 13 weeks immediately preceding the eligibility date for the election.","VOTING GROUP - UNIT B (NON-PROFESSIONAL UNIT):

Included:  All full-time, regular part-time, and per diem patient care technicians (PCT), PCT I, PCT II, PCT III, and clinic administrative assistants, employed by the Employer at its facility currently located at 11031 Via Frontera, Suite C, San Diego, California. 

Excluded:  All other employees, registered nurses (RN), charge RNs II, bio-medical technicians, social workers, dieticians, clinical educators, managerial employees, guards, confidential employees, and supervisors as defined in the Act.


Eligible to vote are all per diem employees in the units who have worked an average of 4 hours or more per week during the 13 weeks immediately preceding the eligibility date for the election.","VOTING GROUP - UNIT B (NON-PROFESSIONAL UNIT):

Included:  All full-time, regular part-time, and per diem patient care technicians (PCT), PCT I, PCT II, PCT III, and clinic administrative assistants, employed by the Employer at its facility currently located at 11031 Via Frontera, Suite C, San Diego, California. 

Excluded:  All other employees, registered nurses (RN), charge RNs II, bio-medical technicians, social workers, dieticians, clinical educators, managerial employees, guards, confidential employees, and supervisors as defined in the Act.


Eligible to vote are all per diem employees in the units who have worked an average of 4 hours or more per week during the 13 weeks immediately preceding the eligibility date for the election.","VOTING GROUP - UNIT B (NON-PROFESSIONAL UNIT):

Included:  All full-time, regular part-time, and per diem patient care technicians (PCT), PCT I, PCT II, PCT III, and clinic administrative assistants, employed by the Employer at its facility currently located at 11031 Via Frontera, Suite C, San Diego, California. 

Excluded:  All other employees, registered nurses (RN), charge RNs II, bio-medical technicians, social workers, dieticians, clinical educators, managerial employees, guards, confidential employees, and supervisors as defined in the Act.


Eligible to vote are all per diem employees in the units who have worked an average of 4 hours or more per week during the 13 weeks immediately preceding the eligibility date for the election.",22,"","Service Employees International Union, United Healthcare Workers - West","Included: All full time and part time Registered Nurses, Charge nurses, Patient Care Technicians, Administration Assistants and Unit Secretaries. 

Excluded: All other classifications, including but not limited to guards, managers, confidential employees and supervisors as defined by the Act.",22,32.724103,-117.170912,"San Diego, CA 92101",1,"place","TIGER/Line® dataset from the US Census Bureau","San Diego","San Diego County","CA","92101","US",1,33.1157416431083,-117.152614817604,NA,NA
"21-RC-361863","Kingspan Light and Air, LLC","Region 21, Los Angeles, California","Open","03/12/2025","","","Santa Ana","CA","A","Single Labor Organization","Initial","04/16/2025",50,1,"International Association of Sheet Metal, Air, Rail and Transportation Workers; SMART Local Union 170",12,"",NA,"",NA,31,43,"",5,"","","Included:  All full-time and regular part-time Assemblers, Drivers, Fabricators, Leads, Operators, and Welders employed by the Employer at its facility currently located at 302 Goetz Avenue, Santa Ana, California and 401 Goetz Avenue, Santa Ana, California.

Excluded:  All other employees, office clerical employees, professional employees, managerial employees, guards, and supervisors defined in the Act. 

Others Permitted to Vote:  The parties have agreed that Production Coordinators and Specialists may vote in the election, but their ballots will be challenged since their eligibility has not been resolved.  No decision has been made regarding whether the individuals in these classifications or groups are included in, or excluded from, the bargaining unit.  The eligibility or inclusion of these individuals will be resolved, if necessary, following the election.","","","",47,"","","included: Assemblers, Drivers, Fabricators, Leads, Operators, Welders,
Shipping & Receiving, Painters, Plastics, Production Workers

Excluded: Office, Clerical, Supervisors, Managers, Confidential Employees",50,33.74822,-117.858473,"Santa Ana, CA 92701",1,"place","TIGER/Line® dataset from the US Census Bureau","Santa Ana","Orange County","CA","92701","US",1,33.3321377912567,-117.927159854793,NA,NA
"21-RC-361867","Sharp Staffing Resource Network","Region 21, Los Angeles, California","Open","03/12/2025","","","San Diego","CA","A","Single Labor Organization","Initial","05/19/2025",57,4,"Service Employees International Union, United Healthcare Workers - West",31,"",NA,"",NA,NA,31,"",5,"","Service Employees International Union, United Healthcare Workers - West","Included:  All full-time and regular part-time technical employees, including Certified Nursing Assistants, Nursing Assistants, Certified Phlebotomy Tech, Customer Care Tech, Distribution Tech, Occupational Therapy Assistants, Physical Therapy Assistants, Rehab Aide I, EEG Tech, LVN, Imaging Specialist II Fluoro, Rad Tech Fluoro Req, Radiology Tech, Pharmacy Tech, Pharmacy Tech Outpatient, Ultrasound Tech, Echo Tech, and Vaccine Coordinators, and other non-professional employees including Admin Assistants, Clerical Assistant I, Clerical Assistant II, Clerical Assistant III, Staffing assistants, Training Assistants, Patient Attendants, Trainer II, SRN Representatives, Safety Assistants, Access Service Rep, and BLS Instructors, employed by the Employer and assigned to acute care hospitals and related healthcare operations within the Sharp Healthcare network in San Diego County, California.

Eligible to vote are all employees in the unit who have worked an average of 4 hours per week during the 13 weeks immediately preceding the eligibility date for the election.  

Excluded:  All other employees, physicians, registered nurses, other professional employees, skilled maintenance employees, business office clerical employees, guards, and supervisors as defined in the Act.","","","",300,"","Service Employees International Union, United Healthcare Workers - West","",57,32.724103,-117.170912,"San Diego, CA 92101",1,"place","TIGER/Line® dataset from the US Census Bureau","San Diego","San Diego County","CA","92101","US",1,33.0588185561205,-117.408025841809,NA,NA
"21-RC-363100","Sharp Healthcare","Region 21, Los Angeles, California","Open","04/02/2025","","","Coronado","CA","A","Single Labor Organization","Initial","06/30/2025",18,2,"Service Employees International Union - United Healthcare Workers West",11,"",NA,"",NA,NA,11,"",NA,"","Service Employees International Union, United Healthcare Workers - West","Included:  All full-time and regular part-time non-professional employees, including Administrative Service Representatives, Medical Administrative Assistants, and UM Care Coordinators employed by the Employer and assigned to any one of the independent SharpCare clinics currently located at 230 Prospect Place, Suite 340B, Coronado, California, 2437 Fenton Street, Suite A, Chula Vista, California, 8851 Center Drive, Suite 500, La Mesa, California, 7930 Frost Street, Suite 104, San Diego, California, 300 Lantern Crest Way, Suite C, Santee, California, and 10225 Austin Drive, Suite 101, Spring Valley, California.

Eligible to vote are all employees in the unit who have worked an average of 4 hours or more per week during the 13 weeks immediately preceding the eligibility date for the election.

Excluded:  All professional employees, office clerical employees, confidential employees, managerial employees, guards, and supervisors as defined in the Act.","","","",45,"","Service Employees International Union, United Healthcare Workers - West","Included: All Non-Professional Employees, including, but not limited to, employees in the following job classifications: Administrative Service Rep; Medical Administrative Assistant; Medical Assistant; UM coordinator; UM Care Coordinator; Business associate

Excluded: All other employees, professional employees, supervisors, guards as defined by the Act",18,32.699235,-117.209642,"Coronado, CA 92118",1,"place","TIGER/Line® dataset from the US Census Bureau","Coronado","San Diego County","CA","92118","US",1,33.1247006808916,-116.831270570603,NA,NA
"21-RC-367465","DHC SD Holdings LLC, as operator of Paradise Point Resort & Spa","Region 21, Los Angeles, California","Open","06/13/2025","","","San Diego","CA","","","","",NA,NA,"UNITE HERE Local 30",NA,"",NA,"",NA,NA,NA,"",NA,"","","","","","",80,"","","Included: Banquet Servers, Banquet Bartenders, Banquet Captains, Banquet Housemen, and Lead Banquet Housemen

Excluded: All other employees, supervisors, managers, office clericals, and guards",NA,32.724103,-117.170912,"San Diego, CA 92101",1,"place","TIGER/Line® from the US Census Bureau","San Diego","San Diego County","CA","92101","US",1,32.6402078536189,-116.818166182026,NA,NA
"21-RC-372451","Rady Children's Hospital San Diego","Region 21, Los Angeles, California","Open","08/29/2025","","","San Diego","CA","A","Single Labor Organization","Initial","01/06/2026",1457,1,"Service Employees International Union, United Healthcare Workers - West",564,"",NA,"",NA,546,1110,"",NA,"","Service Employees International Union, United Healthcare Workers - West","Included: All full-time, regular part-time, and per diem non-professional employees, including Activity Room Assistant, Admin Assoc (B), Admin Assoc (B*), Admin Assoc (C), Application Support Specialist, Behavioral Health Assistant, Business Unit Coord, Catering Coordinator, Child Passenger Safety Spec, Clinical Activities Asst, Clinical Support Aide, Clin-Med Assist I, Clin-Med Assist II, CMA I/PAR II – MPF, CNA/Program Specialist, CSSD MGT Services Specialist, Communications Rep, Computer Operations Tech, Concierge, Contract Specialist – SCM, Cook, Department Tech Assist, Developmental Svcs Aide, Diet Aide, EEG Neurodiagnostic Assist, End User Services Analyst, End User Services Specialist, Environment Care Coord, Equipment Specialist, EVS Aide I (Bernardy), EVS Attendant, Fellowship Coordinator – MPF, FSW, FSW, Lead, Healing Arts Associate, Homecare Intake Coordinator, Homecare Supply Chain Operator, Hospital Unit Clerk, Kanban Inventory Spec, Lab Clerk, Lead, Communications Rep, Lead, EVS Attendant, Lead, Shipping & Receiving, Lead, Surgery Scheduler,  Medical Assistant, Medical Interpreter, Optician, OR Equipment Specialist, PAR (Lev 2), PAR (Lev 2) – DS, PAR (Lev 3), PAR (Lev 3) – DS, Parent Liaison, Patient Access Trainer, Patient Care Asst, Patient Care Asst II, Patient Care Coordinator (PCC), Patient Flow Representative, Patient Relations Specialist, Patient Rep, Pharmacy Clerk, Preschool Classroom Floater,   Purchasing Agent, Radiology Systems Coord, Receiving Assistant, Recreation Therapy Assist,  Resp Care Equip Tech,  Sleep Lab Assistant, Supply Chain Info Specialist, Supply Chain Operator I, Supply Chain Operator II, Surg Services Aide, Surgery Scheduler, Surgical Svcs Billing Spec, Transcriptionist, Transport Aide, Lead Call Center Scheduler, employed by the Employer at and out of its facilities currently located at Rady Children’s Hospital San Diego Campus at 3020 Children's Way, San Diego, California; 7910 Frost Street, San Diego, CA 92123; 7920 Frost Street, San Diego, CA 92123; 3010 Children's Way, San Diego, CA 92123; 8060 Frost Street, San Diego, CA 92123; 7960 Birmingham Way, San Diego, CA 92123; 3030 Children's Way, San Diego, CA 92123; 8001 Frost Street, San Diego, CA 92123; 3020 Children's Way, San Diego, CA 92123; 3570 Aero Court., San Diego, CA 92123; 3678 Aero Court, San Diego, CA 92123; 9575 Aero Drive, San Diego, CA 92123; 3685 Kearny Villa Road, San Diego, CA 92123; 5776 Ruffin Road, San Diego, CA 92123; 5898 Copley Drive, San Diego, CA 92111; 3665 Kearny Villa Road, San Diego, CA 92123; 8291 Aero Place, Suite 130, San Diego, CA  92123;2185 Citracado Pkwy, Escondido, CA 92029; 4077 5th Avenue San Diego CA 92103; 25500 Medical Center Drive, Murrieta, CA 92562; 9888 Genesee Ave, San Diego, CA 92037; 9400 Ruffin Ct., San Diego, CA 92123; 333 H Street, Suite 3010, Chula Vista, CA 91910;  25170 Hancock Ave, Murrieta, CA 92562; 2204 El Camino Real, Suite 102, Oceanside, CA 92054; 3605 Vista Way, Oceanside, CA 92056; 2125 Citracado Pkwy, Escondido, CA 92029; 477 N Camino Real, Suite 302, Encinitas, CA 92024; 9739 Summers Ridge Road, San Diego, CA 92121; 3951 West Stetson Ave., Hemet, CA 92545; 4305 University Ave., Suite 545, San Diego, CA 92105; 11752 El Camino Real, San Diego, CA 92130; 386 East H Street, Suite 202, Chula Vista, CA 91910; 2125 Citracado Parkway, Suite 100, Escondido, CA 92029


Excluded:  All other employees, physicians, registered nurses, other professional employees, technical employees, skilled maintenance employees, business office clerical employees, Business Assoc 1A, Compliance Analyst/Auditor, Health Record / Coder – SNF, Hearing Aid Program Coordinator, Med Staff Specialist, Program Evaluation Spec I, Program Evaluation Spec II, Project Coord – Chadwick, Project Coord, Research Admin Support, School Health Assistant, Service Desk Analyst, System Support Technician, Trauma Registrar (Non-RN), guards, managerial employees, and supervisors as defined in the Act. 

Eligibility Formula 
Also eligible to vote are all employees in the unit who have worked an average of 4 hours or more per week during the 13 weeks immediately preceding the eligibility date for the election.
","","","",800,"","Service Employees International Union, United Healthcare Workers - West","Included: All “non-professional” (service) employees, as defined at 29 CFR § 103.30 (“Appropriate bargaining units in the health care industry”).

Excluded: All other employees, including guards and supervisors as defined in the Act.",1457,32.724103,-117.170912,"San Diego, CA 92101",1,"place","TIGER/Line® dataset from the US Census Bureau","San Diego","San Diego County","CA","92101","US",1,33.0063497787191,-116.735768074983,NA,NA
"21-RC-373566","PepsiCo Beverages North America","Region 21, Los Angeles, California","Open","09/18/2025","","","Lakeside","CA","","","","",NA,NA,"Sales Drivers, Helpers and Dairy Employees Local Union 683, International Brotherhood of Teamsters",NA,"",NA,"",NA,NA,NA,"",NA,"","","","","","",9,"","","Included:  All full-time and regular part-time reset employees employed by the Employer at the facility currently located at 10057 Marathon Parkway, Lakeside, California

Excluded:  All drivers, warehouse, merchandisers, office employees, guards, and supervisors as defined by the Act.

",NA,32.893498,-116.898945,"Lakeside, CA 92040",1,"place","TIGER/Line® dataset from the US Census Bureau","Lakeside","San Diego County","CA","92040","US",1,32.6474918597474,-116.493076573569,NA,NA
"21-RC-375917","Disney Vacation Club Sales and Services Inc.","Region 21, Los Angeles, California","Open","12/01/2025","","","Anaheim","CA","","","","",NA,NA,"Employees of Disney Vacation Club Anaheim (seeking representation by UNITE HERE Local 11)",NA,"",NA,"",NA,NA,NA,"",NA,"","","","","","",38,"","","Included: All full-time DVC Sales Counselors employed by the employer at the Disney Vacation Club location in Anaheim, California during the payroll period ending November 22, 2025. 

Excluded: All part-time employees, casual regular employees, temporary employees, seasonal employees, DVC Sales Coordinator, DVC Sales Ops Coords, managers, supervisors, assistant managers, office clerical employees, confidential employees, guards, and supervisors defined by the Act.",NA,33.844983,-117.952151,"Anaheim, CA 92801",1,"place","TIGER/Line® dataset from the US Census Bureau","Anaheim","Orange County","CA","92801","US",1,33.5750255278954,-117.787270862575,NA,NA
"21-RC-381065","ConvergeOne, Inc.","Region 21, Los Angeles, California","Open","02/13/2026","","","South Gate","CA","","","","",NA,NA,"International Brotherhood of Electrical Workers Local 11",NA,"",NA,"",NA,NA,NA,"",NA,"","","","","","",125,"","","Included: All full-time and regular part-time journeyperson and apprentice Sound and Communication electricians including sound technicians and network engineers) employed by the Employer in Los Angeles County.

Excluded: All other employees, including supervisors as defined by the Act, clerical employees, and guards.",NA,33.937714,-118.193403,"South Gate, CA 90280",1,"place","TIGER/Line® dataset from the US Census Bureau","South Gate","Los Angeles County","CA","90280","US",1,33.5275075288958,-118.661231861671,NA,NA
"21-RC-385670","Recreational Equipment, Inc.","Region 21, Los Angeles, California","Open","04/27/2026","","","San Diego","CA","A","Single Labor Organization","Rerun","08/06/2026",101,NA,"United Food and Commercial Workers Local 135",38,"",NA,"",NA,43,NA,"",NA,"","","Included: All full-time and regular part-time employees employed by the Employer, including, but not limited to, Specialists, Senior Specialists, Shop Mechanics, and Senior Shop Mechanics at its San Diego store located at 5556 Copley Drive, San Diego, CA 92111 and 5618 Copley Drive, San Diego, CA 92111. 

Excluded: All other employees, office clerical employees, professional employees, confidential employees, managerial employees, Department Managers, Sales Managers, Store Managers, Shop Service Managers, asset protection employees, technical employees, guards, and supervisors as defined in the Act.","","","",119,"","United Food and Commercial Workers International Union, Local 135","Included: All non-supervisory employees at Recreational Equipment, Inc., REI San Diego

Excluded: All supervisory employees at Recreational Equipment, Inc., REI San Diego",118,32.724103,-117.170912,"San Diego, CA 92101",1,"place","TIGER/Line® dataset from the US Census Bureau","San Diego","San Diego County","CA","92101","US",1,32.2468501976541,-117.426823213579,NA,NA
"21-RC-386610","Starbucks Corporation","Region 21, Los Angeles, California","Open","05/08/2026","","","Riverside","CA","A","Single Labor Organization","Initial","06/18/2026",27,NA,"Workers United",12,"",NA,"",NA,12,NA,"",NA,"","","Included:  All full-time and regular part-time baristas and shift supervisors employed by the Employer at the facility currently located at 3950 Pierce Street, Suite N, Riverside, California.

Excluded:  All store managers, assistant store managers, office clerical employees, professional employees, managerial employees, guards, and supervisors as defined in the Act.
","","","",29,"","","Included: All full time and regular part time Baristas and Shift Supervisors employer at: 3950 Pierce St. STE N Riverside, CA 92505

Excluded: All Store Managers, Assistant Store Managers, office clericals, supervisors and guards as defined in the Act.",27,33.99504,-117.373184,"Riverside, CA 92501",1,"place","TIGER/Line® dataset from the US Census Bureau","Riverside","Riverside County","CA","92501","US",1,33.87301340611,-117.695634779146,NA,NA
"21-RC-387135","Providence St. Jude Medical Center","Region 21, Los Angeles, California","Open","05/15/2026","","","Brea","CA","","","","",NA,NA,"United Nurses of California/Union of Health Care Professionals",NA,"",NA,"",NA,NA,NA,"",NA,"","","","","","",86,"","","Included: full-time, part-time, and per diem out-patient physical therapists, occupational therapists, speech language pathologists

Excluded: confidential and supervisory employees; unlicensed health care providers; in-patient physical therapists, occupational therapists, and speech language pathologists; support staff; and security guards",NA,33.927561,-117.887086,"Brea, CA 92821",1,"place","TIGER/Line® from the US Census Bureau","Brea","Orange County","CA","92821","US",1,34.2432783192594,-117.815094485353,NA,NA
"21-RC-389766","Keck Medical Center of USC","Region 21, Los Angeles, California","Open","06/30/2026","","","Los Angeles","CA","A","Single Labor Organization","Initial","08/12/2026",8,NA,"National Union of Healthcare Workers (NUHW)",8,"",NA,"",NA,NA,8,"",NA,"","National Union of Healthcare Workers","INCLUDED:   All full-time and regular part-time Specialist, Procedural Supply Chain employees in the USC Keck Norris 
                      Material Management Department employed by the Employer at its facilities located at 1500 San Pablo 
                      Street, Los Angeles California 90033, 1510 San Pablo Street, Los Angeles, California 90033, 1516 San 
                      Pablo Street, Los Angeles, California 90033, and 1441 Eastlake Avenue, Los Angeles, California 90089.

EXCLUDED: All other employees, other represented employees, managerial employees, confidential employees, 
                     physicians, skilled maintenance employees, Registered Nurses, other professional employees, business 
                     office clerical employees, guards and supervisors as defined in the Act.

If a majority of valid ballots are cast for National Union of Healthcare Workers (NUHW), they
will be taken to have indicated the employees' desire to be included in the existing bargaining unit
as described in the collective-bargaining agreement between the Employer and the Petitioner
effective December 20, 2024 through June 30, 2027 that is currently represented by National Union
of Healthcare Workers (NUHW).

If a majority of valid ballots are not cast for representation, they will be taken to have indicated
the employees' desire to remain unrepresented.","","","",18,"","National Union of Healthcare Workers","Included: All full-time, regular part-time and per diem Service and Technical employees in the USC Keck Norris Materials Management Department, including: Specialist, Procedural Supply Chain, Material Management Coordinator, Inventory Control Coordinator currently located at 1500 San Pablo St, Los Angeles, CA 90033, 1516 San Pablo St, Los Angeles, CA 90033, 1510 San Pablo St, Los Angeles, CA 90033, 1450 San Pablo St, Los Angeles, CA 90033,1441 Eastlake Ave, Los Angeles, CA 90089, Armour Globe into the NUHW Keck Norris contract.

Excluded: All other employees, other represented employees, managerial employees, confidential employees, guards, and supervisors as defined by the National Labor Relations Act.",8,33.973951,-118.248405,"Los Angeles, CA 90001",1,"place","TIGER/Line® from the US Census Bureau","Los Angeles","Los Angeles County","CA","90001","US",1,34.0048792590169,-118.206148739709,NA,NA
"21-RC-390232","Ambry Genetics Corp.","Region 21, Los Angeles, California","Open","07/08/2026","","","Aliso Viejo","CA","","","","",NA,NA,"International Association of Machinists & Aerospace Workers, District Lodge 725",NA,"",NA,"",NA,NA,NA,"",NA,"","","","","","",84,"","","Inclusions:  
All full-time and regular part-time CLS I, CLS II, CLS III, CLS Lead, Reporting CLS II, Senior Reporting CLS, Automation Specialist, Automation Technologist I, Automation Technologist II, Research Associate II, Senior Research Associate, Scientist I, Scientist II, and Senior Scientist 

Exclusions:  
Accessioning Verification Rep., Clinical Accessioning Lead, Clinical Accessioning Rep., CLS Trainee, EUC Service Desk I, EUC Service Desk II, Lab Associate, Send Out Coordinator, Sr. Clinical Accessioning Rep., Technical Supervisor (Clinical Laboratory), Technical Data Analyst Clinical Lab, Receiving Room Rep and managers and guards under the Act.",NA,33.576205,-117.730364,"Aliso Viejo, CA 92656",1,"place","TIGER/Line® from the US Census Bureau","Aliso Viejo","Orange County","CA","92656","US",1,33.358062117312,-118.224237970816,NA,NA
"21-RC-390372","Keck Medical Center of USC","Region 21, Los Angeles, California","Open","07/09/2026","","","Los Angeles","CA","","","","",NA,NA,"National Union of Healthcare Workers",NA,"",NA,"",NA,NA,NA,"",NA,"","","","","","",10,"","","Included: All full-time, regular part-time and per diem Service and Technical employees in the USC Keck Norris Materials Management Department, including: Management Coordinator, Inventory Control Coordinator currently located at 1500 San Pablo St, Los Angeles, CA 90033, 1516 San Pablo St, Los Angeles, CA 90033, 1510 San Pablo St, Los Angeles, CA 90033, 1450 San Pablo St, Los Angeles, CA 90033,1441 Eastlake Ave, Los Angeles, CA 90089, Armour Globe into the NUHW Keck Norris contract. 

Excluded: All other employees, other represented employees, managerial employees, confidential employees, guards, and supervisors as defined by the National Labor Relations Act.",NA,33.973951,-118.248405,"Los Angeles, CA 90001",1,"place","TIGER/Line® from the US Census Bureau","Los Angeles","Los Angeles County","CA","90001","US",1,33.6378029051485,-118.734253080134,NA,NA
"21-RC-391845","Universal Protection Service, LP d/b/a Allied Universal Security Services","Region 21, Los Angeles, California","Open","07/30/2026","","","San Diego","CA","","","","",NA,NA,"International Union, Security, Police and Fire Professionals of America (SPFPA)",NA,"",NA,"",NA,NA,NA,"",NA,"","","","","","",22,"","","Included: All employees performing guard duties as defined in section 9(b)(3) of the national labor relations act, employed Allied Universal @ 9515 Towne Center Dr. San Diego CA 92121.

Excluded: All office clerical employees, professional employees and supervisors as defined in the
act.
",NA,32.724103,-117.170912,"San Diego, CA 92101",1,"place","TIGER/Line® from the US Census Bureau","San Diego","San Diego County","CA","92101","US",1,32.9761137731689,-116.677721381535,NA,NA
"21-RC-391965","Starbucks Corporation","Region 21, Los Angeles, California","Open","07/31/2026","","","San Diego","CA","","","","",NA,NA,"Workers United",NA,"",NA,"",NA,NA,NA,"",NA,"","","","","","",24,"","","Included: All full time and regular part time Baristas and Shift Supervisors employed by the Employer at 10701 Tierrasanta Blvd. San Diego, CA 92124.

Excluded: All Store Managers, Assistant Store Managers, office clericals, supervisor and guards as defined in the Act.",NA,32.724103,-117.170912,"San Diego, CA 92101",1,"place","TIGER/Line® from the US Census Bureau","San Diego","San Diego County","CA","92101","US",1,32.3168623091037,-117.540089762652,NA,NA
"21-RC-392137","Emergency Ambulance Service, Inc.","Region 21, Los Angeles, California","Open","08/03/2026","","","Brea","CA","","","","",NA,NA,"United EMS Workers, AFSCME Local 4911",NA,"",NA,"",NA,NA,NA,"",NA,"","","","","","",97,"","","Included: All full-time, regular part-time, and per diem paramedics, EMTs, and dispatchers

Excluded: All other employees, office clerical employees, professional employees, managerial employees,
guards, and supervisors as defined by the Act.",NA,33.927561,-117.887086,"Brea, CA 92821",1,"place","TIGER/Line® from the US Census Bureau","Brea","Orange County","CA","92821","US",1,34.103369389904,-117.59172335424,NA,NA
"21-RC-392258","Schulte Hospitality Group, Inc.","Region 21, Los Angeles, California","Open","08/04/2026","","","San Diego","CA","","","","",NA,NA,"UNITE HERE Local 30",NA,"",NA,"",NA,NA,NA,"",NA,"","","","","","",77,"","","Included: All full-time and part-time cooks, dishwashers, servers, bartenders, baristas, front desk agents, night audit, shuttle/bus drivers, laundry attendants, room attendants, housemen, public area attendants, and engineering/maintenance workers employed by the Employer at its facility at 1646 Front St., San Diego, CA 92101.

Excluded: All other employees, office clerical employees, professional employees, managerial employees, and supervisors as defined in the Act.",NA,32.724103,-117.170912,"San Diego, CA 92101",1,"place","TIGER/Line® from the US Census Bureau","San Diego","San Diego County","CA","92101","US",1,32.6173366051948,-117.306676674284,NA,NA
"21-RC-392710","Reyes Fleet Management, LLC","Region 21, Los Angeles, California","Open","08/12/2026","","","Walnut","CA","","","","",NA,NA,"Teamsters Local Union No. 63",NA,"",NA,"",NA,NA,NA,"",NA,"","","","","","",7,"","","Included: All full time and part time tractor-trailer mechanic employees

Excluded: All other employees, managers, confidential employees, guards, and supervisors.

",NA,34.018354,-117.85492,"Walnut, CA 91789",1,"place","TIGER/Line® from the US Census Bureau","Walnut","Los Angeles County","CA","91789","US",1,34.2692854916097,-117.379206671774,NA,NA
"21-RD-320226","Starbucks Corporation","Region 21, Los Angeles, California","Open","06/20/2023","","","Lakewood","CA","","","","",NA,NA,"Starbucks Workers United",NA,"",NA,"",NA,NA,NA,"",NA,"","","","","","",30,"","","Included:  All full-time and regular part-time Baristas and Shift Supervisors.

Excluded:  All Store Managers.",NA,33.845624,-118.14645,"Lakewood, CA 90712",1,"place","TIGER/Line® dataset from the US Census Bureau","Lakewood","Los Angeles County","CA","90712","US",1,33.3529198660312,-118.199185509584,NA,NA
"21-RD-322127","Starbucks Corporation","Region 21, Los Angeles, California","Open","07/19/2023","","","La Quinta","CA","","","","",NA,NA,"Starbucks Workers United",NA,"",NA,"",NA,NA,NA,"",NA,"","","","","","",24,"","","Included:  All full time and Regular part time baristas and shift supervisor employed by the Employer at the facility 79845 Highway 111 104 CA 92253

Excluded:  Store managers, office clerical, professional employees, managerial employees, guards, supervisor defined in the Act.",NA,33.670978,-116.259176,"La Quinta, CA 92253",1,"place","TIGER/Line® dataset from the US Census Bureau","La Quinta","Riverside County","CA","92253","US",1,33.2447396855185,-115.802138621897,NA,NA
"21-RD-342956","Bio-Medical Applications of California, Inc.","Region 21, Los Angeles, California","Open","05/23/2024","","","Orange","CA","A","Single Labor Organization","Initial","06/21/2024",39,NA,"Service Employees Intl Union, United Healthcare Workers-West",13,"",NA,"",NA,23,36,"",NA,"","","Included:  All In-Center full-time and regular part-time, and per diem patient care technicians (PCT) I, PCT II, PCT III, Licensed Practical Nurses (LPN)/Licensed Vocational Nurses (LVN), Secretary/Receptionist, employed by the Employer at its facility currently located at 1809 West Chapman Avenue, Orange, California.

Excluded:  All other employees, Registered Nurses (RN), Charge RNs I, Home Therapy Employees (including Home Therapy Registered Nurse; Home Therapy LPN/LVN; Home Therapy Patient Care Technician; and Home Therapy Care Team Assistant), Charge RNs II, Bio-Medical Technicians, Social Workers, Dieticians, Clinical Educators, managerial, confidential employees, guards, and supervisors as defined in the Act.

Eligible to vote are all per diem employees in the units who have worked an average of 4 hours or more per week during the 13 weeks immediately preceding the eligibility date for the election.","","","",NA,"","","",NA,33.640302,-117.769442,"Orange, CA 92859",1,"place","TIGER/Line® dataset from the US Census Bureau","Orange","Orange County","CA","92859","US",1,33.7050829929214,-117.914200749753,NA,NA
"21-RD-343080","Paragon Systems Inc.","Region 21, Los Angeles, California","Open","05/28/2024","","","Paramount","CA","A","Three Labor Organizations","Initial","07/09/2024",207,7,"United Federation LEOS-PBA and LEOSU-CA",54,"California Protective Security Officers Association (CPSOA)",8,"INTERNATIONAL UNION, SECURITY, POLICE AND FIRE PROFESSIONALS OF AMERICA (SPFPA)",1,1,64,"",NA,"","United Federation LEOS-PBA and LEOSU-CA","Included:  All full-time and regular part-time armed and unarmed security officers employed by the Employer performing guard duties as defined by Section 9(b)(3) of the National Labor Relations Act pursuant to contract 70RFPW18DW9000003, or any successor contract covering the same facilities and services, between the Employer and the United States Department of Homeland Security (DHS) for the provision of security services at certain federal facilities in the San Diego, Imperial Counties and surrounding areas.

Excluded:  All other employees, office clerical employees, confidential employees, professional employees, managerial employees, and supervisors as defined in the Act.
","","","",210,"","United Federation LEOS-PBA and LEOSU-CA","Included: All security officers under Employers Contract No. 70RFPW18DW9000003 DHS/FPS

Excluded: Clerical employees, managerial personnel, supervisorsas defined by the ACT",207,33.899015,-118.165152,"Paramount, CA 90723",1,"place","TIGER/Line® dataset from the US Census Bureau","Paramount","Los Angeles County","CA","90723","US",1,33.6267939805084,-117.953570745389,NA,NA
"21-RD-343514","Paragon Systems Inc.","Region 21, Los Angeles, California","Open","06/03/2024","","","Los Angeles","CA","","","","",NA,NA,"United Federation LEOS-PBA Law Enforcement Officers Security & Police Benevolent Association",NA,"",NA,"",NA,NA,NA,"",NA,"","","","","","",400,"","","",NA,33.973951,-118.248405,"Los Angeles, CA 90001",1,"place","TIGER/Line® dataset from the US Census Bureau","Los Angeles","Los Angeles County","CA","90001","US",1,33.6029119295782,-118.063221953149,NA,NA
"21-RD-372311","Sharp Chula Vista Medical Center","Region 21, Los Angeles, California","Open","08/28/2025","","","Chula Vista","CA","","","","",NA,NA,"United Nurses Associations of California/Union of Health Care Professionals",NA,"",NA,"",NA,NA,NA,"",NA,"","","","","","",39,"","","Included:  All pharmacists, pharmacist-emergency department, pharmacy specialist-informatics, pharmacy clinical specialist-infectious disease, pharmacist-oncology hematology, pharmacist-critical care, and pharmacist–outpatient skilled nursing facility, employed by the Employer at Sharp Chula Vista Medical Center Campus located at 751 Medical Center Court, Chula Vista, California, 752 Medical Center Court, Chula Vista, California.

Excluded:  All full-time, regular part-time, and per diem other professional employees, which constitutes solely of physical therapist I, physical therapist II, physical therapist III, speech and language pathologist I, speech and language pathologist II, speech and language pathologist III, occupational therapist I, occupational therapist II, occupational therapist III, dieticians, medical social workers, employed by the Employer at Sharp Chula Vista Medical Center Campus located at 751 Medical Center Court, Chula Vista, California, 752 Medical Center Court, Chula Vista, California, and Veterans Home of California, Chula Vista (VHC-Chula Vista) 700 East Naples Ct., Chula Vista California. All other employees, physicians, registered nurses, business office clerical employees, skilled maintenance employees, technical employees, other non-professional employees, guards, managerial employees, and supervisors as defined in the Act. 
",NA,32.636922,-117.050072,"Chula Vista, CA 91910",1,"place","TIGER/Line® dataset from the US Census Bureau","Chula Vista","San Diego County","CA","91910","US",1,32.3907499392757,-117.200698428425,NA,NA
"21-RD-381578","Starbucks Corporation","Region 21, Los Angeles, California","Open","02/20/2026","","","Encinitas","CA","","","","",NA,NA,"Mid-Atlantic Regional Joint Board, Workers United",NA,"",NA,"",NA,NA,NA,"",NA,"","","","","","",15,"","","Included:  

All full-time and regular part-time baristas and shift supervisors employed by the Employer at the facility currently located at 905 Orpheus Avenue, Suite 103, Encinitas California

Excluded: 

All store managers, assistant store managers, office clerical employees, professional employees, managerial employees, guards, and supervisors as defined in the Act.)

",NA,33.06034,-117.265947,"Encinitas, CA 92023",1,"place","TIGER/Line® dataset from the US Census Bureau","Encinitas","San Diego County","CA","92023","US",1,33.3818090773748,-117.319177432095,NA,NA
"21-RD-392771","Waste Management - El Sobrante Landfill","Region 21, Los Angeles, California","Open","08/13/2026","","","Corona","CA","","","","",NA,NA,"International Union of Operating Engineers Local 12",NA,"",NA,"",NA,NA,NA,"",NA,"","","","","","",73,"","","Included:  Heavy duty mechanics/welders, equipment operators, maintenance technicians, laborers, and spotters.",NA,33.752886,-116.055617,"Corona, CA 91719",1,"place","TIGER/Line® from the US Census Bureau","Corona","Riverside County","CA","91719","US",1,33.6433083367572,-115.916427624436,NA,NA
"22-RC-120367","TRANSMED AMBULANCE TRANSPORTATION, INC.","Region 22, Newark, New Jersey","Open","01/10/2014","","","EAST BRUNSWICK","NJ","A","Single Labor Organization","Initial","03/24/2014",10,1,"International Association of Machinists and Aerospace Workers, Local Lodge 519",2,"",NA,"",NA,2,4,"",5,"Y","","All full-time, regular part-time and per diem Emergency Medical Technicians employed by the Employer at its East Brunswick, New Jersey location, but excluding all administrative and clerical employees, dispatch and communications employees, mechanics, professional employees, guards and supervisors as defined in the Act.5


5 As the Employer failed to appear at the hearing, based on the unrebutted hearing testimony of Petitioner's
representative, Frank Wagner, I find that this is an appropriate unit and that there are approximately 11
employees in the Unit.","","","",10,"","","INC. ALL FULL TIME , PART TIME AND PER DIEM EMERGENCY MEDICAL TECHNICIANS WORKING OUT OF THE EMPLOYERS EAST BRUNSWICK NEW JERSEY OPERATION.

EXC. ALL GUARDS, ADMINSTRATIVE AND CLERICAL EMPLOYEES, DISPATCH AND COMMUNICATIONS EMPLOYEES, PROFESSIONAL EMPLOYEES, MECHANICS, AND SUPEVISORS AS DEFINED UNDER THE ACT...",10,40.427697,-74.421695,"East Brunswick, NJ 08816",1,"place","TIGER/Line® dataset from the US Census Bureau","East Brunswick","Middlesex County","NJ","8816","US",1,40.8879231062246,-74.6249974225384,NA,NA
"22-RC-195107","Trenton Emergency Medical Service","Region 22, Newark, New Jersey","Open","03/16/2017","","","Trenton","NJ","A","Single Labor Organization","Initial","05/02/2017",16,1,"INTERNATIONAL ASSOCIATION OF FIRE FIGHTERS LOCAL 5122, PFANJ, IAFF, AFL-CIO",3,"",NA,"",NA,3,6,"",1,"Y","","INCLUDED: All full-time and regular part-time Emergency Medical Technicians
employed by the Employer at its 244 Perry Street, Trenton, New Jersey and 1464
West State Street, Trenton, New Jersey facilities.
EXCLUDED: All Office Clerical employees, Chiefs, per-diem employees, Managers,
Guards and Supervisors as defined in the Act.","","","",21,"","","Included: All full-time Emergency Medical Technicians and all Emergency Medical Technician working foremen Excluded: All other employees",16,40.280531,-74.712018,"Trenton, NJ 08601",1,"place","TIGER/Line® dataset from the US Census Bureau","Trenton","Mercer County","NJ","8601","US",1,40.1582198900902,-74.9835318713829,NA,NA
"22-RC-261504","Russell Reid Waste Hauling & Disposal Service Company, Inc.","Region 22, Newark, New Jersey","Open","06/11/2020","","","Keasbey","NJ","A","Single Labor Organization","Rerun","12/18/2025",32,NA,"International Union of Operating Engineers, Local 825",6,"",NA,"",NA,23,29,"",4,"","","All full-time and regular part-time Bulk Technicians, Grease Technicians, Jet Rod Technicians, Master Service Technicians, Roll-Off Technicians, Septic Technicians, Equipment Specialists, Equipment Specialist Leads, Mechanics, and Mechanic Leads employed by the Employer at its facility located at 200 Smith Street, Keasbey, New Jersey, and at a satellite facility located at 635 Delancey Street, Newark, New Jersey, but excluding all office clerical employees, managerial employees, professional employees, guards and supervisors as defined in the Act, and all other employees.","","","",35,"","","Included: All full time and part-time field service technicians, mechanics, welders, drivers, and operators.

Excluded: all other employees, including office clerical employees, managerial employees, guards and supervisors as defined by the Act",32,40.517559,-74.306961,"Keasbey, NJ 08832",1,"place","TIGER/Line® dataset from the US Census Bureau","Keasbey","Middlesex County","NJ","8832","US",1,40.7449190765038,-74.5345071764075,NA,NA
"22-RC-320562","A-V SERVICES, INC.","Region 22, Newark, New Jersey","Open","06/23/2023","","","Fairfield","NJ","A","Revised Single Labor Org","Initial","05/09/2025",6,NA,"International Alliance of Theatrical Stage Employees, Local 59, AFL-CIO",3,"",NA,"",NA,3,6,"",NA,"","","INCLUDED:  	All full-time Audio-Visual Technicians employed by the Employer at its 575 Washington Boulevard, Floor 3; 545 Washington Boulevard; and 480 Washington Boulevard, Jersey City, New Jersey locations.  
EXCLUDED:  	All other employees, including office clerical employees and guards, and professional employees and supervisors as defined in the Act
","","","",4,"","","INCLUDED:  Full-time Audio-Visual Technicians employed in Jersey City, NJ

EXCLUDED:  Supervisory and all other employees.",6,40.875948,-74.29681,"Fairfield, NJ 07004",1,"place","TIGER/Line® dataset from the US Census Bureau","Fairfield","Essex County","NJ","7004","US",1,40.6314268663983,-74.533693756239,NA,NA
"22-RC-358043","LITTLE FOUNDATION FOR THE REHABILITATION OF ALCOHOLICS, D/B/A ALINA LODGE","Region 22, Newark, New Jersey","Open","01/08/2025","","","Blairstown","NJ","","","","",NA,NA,"Health Professionals and Allied Employees, AFT/AFL-CIO",NA,"",NA,"",NA,NA,NA,"",NA,"","","","","","",95,"","","VOTING GROUP A:  All full-time, regular part-time and per diem Registered Nurses, Psychiatric Nurse Practitioners, Advanced Practice Nurses, Dietician/Nutritionists, Assistant Directors of Nursing, and Counselors Level 2 and above employed by the Employer at its Blairstown, New Jersey facility, but excluding all other employees, non-professional employees, directors, managers, guards, and supervisors as defined in the Act.

VOTING GROUP B:  All full-time, regular part-time and per diem Admissions Coordinators, Alumni Relations Coordinators, Behavioral Health Technicians, Clinical Receptionists, Counselors - Level 1, Counselor Interns, Drivers, Facilitators, Facilitator Shift Leads, Kitchen Stewards, LPNs, Medical Assistants, Milieus, Recovery Coaches, Financial Associates, Senior Financial Associates, Transportation Coordinators, Utilization Review Coordinators, Continuing Care Coordinators, Housekeepers, Line Cooks, and Prep/Line Cooks employed by the Employer at its Blairstown, New Jersey facility, but excluding all other employees, professional employees, directors, managers, guards, and supervisors as defined in the Act.",NA,40.942238,-74.937487,"Blairstown, NJ 07825",1,"place","TIGER/Line® dataset from the US Census Bureau","Blairstown","Warren County","NJ","7825","US",1,41.251123909617,-74.5649921468983,NA,NA
"22-RC-361278","VOLKSWAGEN GROUP OF AMERICA, INC.","Region 22, Newark, New Jersey","Open","03/03/2025","","","East Windsor","NJ","A","Single Labor Organization","Initial","04/11/2025",150,NA,"International Union, United Automobile, Aerospace, Agricultural Implement Workers of America (UAW)",62,"",NA,"",NA,81,143,"",6,"","","Included: 	All full time and regular part time Warehouse persons, and Leads employed by the Employer at its 49 Station Road, Cranbury, NJ facility.

Excluded: 	All confidential employees, managers, guards, professionals and supervisors as defined by the Act, and all other employees.

Others permitted to vote: The parties have agreed that Facilities Engineers may vote in the election, but their ballots will be challenged since their eligibility has not been resolved. No decision has been made regarding whether the individuals in these classifications or groups are included in, or excluded from, the bargaining unit. The eligibility or inclusion of these individuals will be resolved, if necessary, following the election.
","","","",150,"","","INCLUDED:  All full-time and regular part-time employees of the RDC/PDC at the Employer’s Cranbury, NJ
location

EXCLUDED:  All clerical employees, guards, managers, supervisors, and confidential employees as defined in
the Act.",150,40.242313,-74.578709,"Windsor, NJ 08561",1,"place","TIGER/Line® dataset from the US Census Bureau","Windsor","Mercer County","NJ","8561","US",1,40.6321751734697,-74.3206589172829,NA,NA
"22-RC-361665","Aro Construction Group, Inc.","Region 22, Newark, New Jersey","Open","03/10/2025","","","Jersey City","NJ","","","","",NA,NA,"New Jersey Building Construction Laborers' District Council",NA,"",NA,"",NA,NA,NA,"",NA,"","","","","","",40,"","","INCLUDED:  All full-time and regular part-time construction workers employed at Employer's New Jersey jobsites.

EXCLUDED:  All drivers, office clerical employees, confidential employees, guards and supervisors within the meaning of the Act.",NA,40.726001,-74.047304,"Jersey City, NJ 07302",1,"place","TIGER/Line® dataset from the US Census Bureau","Jersey City","Hudson County","NJ","7302","US",1,40.4478926758429,-73.6680908391648,NA,NA
"22-RC-365680","Pye-Barker Fire & Safety, LLC d/b/a Survivor Fire & Safety Equip. Co., Inc.","Region 22, Newark, New Jersey","Open","05/15/2025","","","Cranford","NJ","A","Single Labor Organization","Initial","06/26/2025",8,NA,"Road Sprinkler Fitters Local Union No. 669 and Sprinkler Fitters and Apprentices Local Union 696, as Joint Petitioners",4,"",NA,"",NA,4,8,"",NA,"","Pye-Barker Fire & Safety, LLC d/b/a Survivor Fire & Safety Equip. Co., Inc.","Included:	All full-time and regular part-time fire alarm technicians, fire sprinkler service technicians, fire extinguisher/suppression system service technicians, and fire protection technicians employed by the Employer at its facility located at 39A Myrtle Street, Cranford, NJ 07016.

Excluded:	All office clerical employees, shop personnel employees, managerial employees, guards, professionals and supervisors as defined in the Act, and all other employees.
","","","",8,"","Pye-Barker Fire & Safety, LLC d/b/a Survivor Fire & Safety Equip. Co., Inc.","INCLUDED:  All full time and regular part time Fire Alarm Technicians, Fire Sprinkler Service Technicians, Fire Extinguisher/Suppression System Service Technicians, and Fire Protection Technicians employed by the Employer out of its facility currently located at 39A Myrtle Street, Cranford, NJ 07016.

EXCLUDED:  All other employees, shop personnel, guards, professionals, office clericals, supervisors and managerial employees as defined by the Act.",8,40.654802,-74.304792,"Cranford, NJ 07016",1,"place","TIGER/Line® dataset from the US Census Bureau","Cranford","Union County","NJ","7016","US",1,40.2154784126569,-74.0510036640527,NA,NA
"22-RC-382930","ALLIED BEVERAGE GROUP LLC","Region 22, Newark, New Jersey","Open","03/16/2026","","","Elizabeth","NJ","","","","",NA,NA,"United Food and Commercial Workers Local 1-D, Wine Liquor & Distillery Workers Union",NA,"",NA,"",NA,NA,NA,"",NA,"","","","","","",9,"","UNITED FOOD AND COMMERCIAL WORKERS, LOCAL 1-D, WINE, LIQUOR, DISTILLERY WORKERS' UNION","INCLUDED:  The petitioner already represents a unit of all full-time and regular part-time mechanics employed by the Employer at its 700 Kapkowski Road, Elizabeth, New Jersey facility. This petition seeks a self-determination election for a unit of all full-time and part-time Systems Operators, including but not limited to Crane Operators, OSR Operators and Sorter Operators.

EXCLUDED:  All other employees, including all professional & managerial, office/clericals, guards, and supervisors as defined in the act.
",9,40.672052,-74.183438,"Elizabeth, NJ 07201",1,"place","TIGER/Line® dataset from the US Census Bureau","Elizabeth","Union County","NJ","7201","US",1,40.2210366582059,-74.0889379856744,NA,NA
"22-RC-382995","PLC Northeast (Hollywood)","Region 22, Newark, New Jersey","Open","03/17/2026","","","Union","NJ","","","","",NA,NA,"United Service Workers Union, Local 74",NA,"",NA,"",NA,NA,NA,"",NA,"","","","","","",7,"","","INCLUDED:  All superintendents, grounds man, maintenance workers, diggers, working at Hollywood Memorial Park Cemetery.

EXCLUDED:  All statutory supervisory personnel.",NA,40.692651,-74.269841,"Union, NJ 07083",1,"place","TIGER/Line® dataset from the US Census Bureau","Union","Union County","NJ","7083","US",1,40.2794289022083,-73.9177141255047,NA,NA
"22-RC-383005","PLC Northeast (Greenwood)","Region 22, Newark, New Jersey","Open","03/17/2026","","","Trenton","NJ","","","","",NA,NA,"United Service Workers Union, Local 74",NA,"",NA,"",NA,NA,NA,"",NA,"","","","","","",3,"","","INCLUDED:  All superintendents, grounds man, maintenance workers, diggers, working at Greenwood Cemetery Association.

EXCLUDED:  All statutory supervisory personnel.",NA,40.280531,-74.712018,"Trenton, NJ 08603",1,"place","TIGER/Line® dataset from the US Census Bureau","Trenton","Mercer County","NJ","8603","US",1,39.9734831542043,-74.4308934263334,NA,NA
"22-RC-383013","PLC Northeast (Hollywood Admin)","Region 22, Newark, New Jersey","Open","03/17/2026","","","Union","NJ","","","","",NA,NA,"United Service Workers Union, Local 74",NA,"",NA,"",NA,NA,NA,"",NA,"","","","","","",8,"","","INCLUDED:  All administrative staff working at Hollywood Memorial Park Cemetery.

EXCLUDED:  All statutory supervisory personnel.",NA,40.692651,-74.269841,"Union, NJ 07083",1,"place","TIGER/Line® dataset from the US Census Bureau","Union","Union County","NJ","7083","US",1,40.4615449990476,-74.6545358076971,NA,NA
"22-RC-383178","PLC Northeast (Restland Admin)","Region 22, Newark, New Jersey","Open","03/19/2026","","","East Hanover","NJ","","","","",NA,NA,"United Service Workers Union, Local 74",NA,"",NA,"",NA,NA,NA,"",NA,"","","","","","",3,"","","INCLUDED:  All administrative staff working at Restland Memorial Park Association Cemetery.

EXCLUDED:  All statutory supervisory personnel.",NA,40.816349,-74.367747,"East Hanover, NJ 07936",1,"place","TIGER/Line® dataset from the US Census Bureau","East Hanover","Morris County","NJ","7936","US",1,40.5678951000148,-74.7124479338997,NA,NA
"22-RC-383202","PLC Northeast (Restland Maintenance)","Region 22, Newark, New Jersey","Open","03/19/2026","","","East Hanover","NJ","","","","",NA,NA,"United Service Workers Union, Local 74",NA,"",NA,"",NA,NA,NA,"",NA,"","","","","","",5,"","","INCLUDED:  All superintendents, grounds man, maintenance workers, diggers, working at Restland Memorial Park Association Cemetery.

EXCLUDED:  All statutory supervisory personnel.
",NA,40.816349,-74.367747,"East Hanover, NJ 07936",1,"place","TIGER/Line® dataset from the US Census Bureau","East Hanover","Morris County","NJ","7936","US",1,40.5875956635276,-74.0619889034894,NA,NA
"22-RC-383421","PLC Northeast (Laurel Grove)","Region 22, Newark, New Jersey","Open","03/20/2026","","","Totowa","NJ","","","","",NA,NA,"United Service Workers Union, Local 74",NA,"",NA,"",NA,NA,NA,"",NA,"","","","","","",2,"","","INCLUDED:  All administrative staff working at Laurel Grover Cemetery.

EXCLUDED:  All statutory supervisory personnel.",NA,41.011428,-74.304793,"Totowa, NJ 07511",1,"place","TIGER/Line® dataset from the US Census Bureau","Totowa","Passaic County","NJ","7511","US",1,40.7105182684629,-74.1296923165325,NA,NA
"22-RC-383751","PLC Northeast (Alpine Admin)","Region 22, Newark, New Jersey","Open","03/26/2026","","","Perth Amboy","NJ","","","","",NA,NA,"United Service Workers Union, Local 74",NA,"",NA,"",NA,NA,NA,"",NA,"","","","","","",2,"","","INCLUDED:  Administrative staff at Alpine Cemetery

EXCLUDED:  All statutory supervisory personnel",NA,40.520654,-74.279144,"Perth Amboy, NJ 08861",1,"place","TIGER/Line® dataset from the US Census Bureau","Perth Amboy","Middlesex County","NJ","8861","US",1,40.6263439069808,-74.5455849414865,NA,NA
"22-RC-383761","PLC Northeast (Alpine Maintenance)","Region 22, Newark, New Jersey","Open","03/26/2026","","","Perth Amboy","NJ","","","","",NA,NA,"United Service Workers Union, Local 74",NA,"",NA,"",NA,NA,NA,"",NA,"","","","","","",2,"","","INCLUDED:  Superintendents, groundsman, maintenance, and diggers at Alpine Cemetery

EXCLUDED:  All statutory supervisory personnel",NA,40.520654,-74.279144,"Perth Amboy, NJ 08861",1,"place","TIGER/Line® dataset from the US Census Bureau","Perth Amboy","Middlesex County","NJ","8861","US",1,40.7089745540944,-73.9483733959204,NA,NA
"22-RC-389631","Pye-Barker Fire & Safety, LLC","Region 22, Newark, New Jersey","Open","06/29/2026","","","Carlstadt","NJ","","","","",NA,NA,"Sprinkler Fitters and Apprentices Local 696",NA,"",NA,"",NA,NA,NA,"",NA,"","","","","","",20,"","","INCLUDED:  All full-time and regular part-time install and service sprinkler fitters employed by the Employer out of its facility located at 509 Washington Ave, Carlstadt, NJ 07072.

EXCLUDED:  All other employees, including office clerical employees, guards, managerial employees, and supervisors as defined by the Act.",NA,40.828399,-74.076055,"Carlstadt, NJ 07072",1,"place","TIGER/Line® from the US Census Bureau","Carlstadt","Bergen County","NJ","7072","US",1,40.9912902095912,-74.4288606973591,NA,NA
"22-RC-389971","NJMHMC, LLC d/b/a Secaucus University Hospital, f/k/a Hudson Regional Hospital","Region 22, Newark, New Jersey","Open","07/02/2026","","","Secaucus","NJ","A","Single Labor Organization","Initial","08/06/2026",37,NA,"Health Professional and Allied Employees AFT/AFL-CIO",25,"",NA,"",NA,NA,25,"",NA,"","Health Professional and Allied Employees AFT/AFL-CIO","Included:	All full-time, regular part-time, and per diem* professional employees, including speech-language pathologists, social workers, inpatient and outpatient physical therapists, pharmacists, and dietitians, employed by the Employer at its facility located at 55 Meadowlands Parkway, Secaucus, New Jersey 07094.

Excluded:	All registered nurses, physicians, guards, supervisors, technical unit employees, and managers as defined in the Act, and all other employees.
","","","",28,"","Health Professional and Allied Employees AFT/AFL-CIO","Included:  
All regular full-time, regular part-time, and per diem professional employees, including but 
not limited to speech language pathologists, social workers, inpatient and outpatient 
physical therapists, pharmacists, and dietitians, employed by the Employer at Hudson 
Regional Hospital, including the department known as Hudson Physical Therapy, located at 
55 Meadowlands Pkwy, Secaucus, NJ 07094; excluding all registered nurses, physicians, 
guards, supervisors, and managers as defined in the Act, and all other employees. 
Excluded: 
Excluding all registered nurses, physicians, guards, supervisors, and managers as defined 
in the Act, and all other employees.",37,40.78885,-74.056035,"Secaucus, NJ 07094",1,"place","TIGER/Line® from the US Census Bureau","Secaucus","Hudson County","NJ","7094","US",1,40.7717885555349,-73.712203415444,NA,NA
"22-RC-390287","SUSSEX COUNTY IMAGING, LLC D/B/A IMAGECARE CENTERS","Region 22, Newark, New Jersey","Open","07/08/2026","","","Sparta","NJ","A","Single Labor Organization","Initial","08/14/2026",11,NA,"INTERNATIONAL BROTHERHOOD OF TEAMSTERS LOCAL NO. 125",6,"",NA,"",NA,1,7,"",NA,"","INTERNATIONAL BROTHERHOOD OF TEAMSTERS LOCAL NO. 125","INCLUDED:  	All Full-Time and Regular Part-Time, Seasonal, and Per Diem* Assistant Technicians employed by the Employer at its 89 Sparta Avenue, Suites 110 and 120, Sparta, New Jersey and 222 High Street, Suite 101, Newton, NJ locations.
EXCLUDED:  	All Office Clerical Employees, Guards, Professional Employees, and Supervisors as defined in the Act, and all other employees.
","","","",11,"","INTERNATIONAL BROTHERHOOD OF TEAMSTERS LOCAL NO. 125","INCLUDED:  All full time and regular part tlme, seasonal and per diem assistant technicians

EXCLUDED:  All other employees under the Act.
",11,41.03343,-74.63849,"Sparta, NJ 07871",1,"place","TIGER/Line® from the US Census Bureau","Sparta","Sussex County","NJ","7871","US",1,41.388558895957,-74.7651446715051,NA,NA
"22-RC-390950","Northwest Essex Community Healthcare Network, Inc.","Region 22, Newark, New Jersey","Open","07/17/2026","","","Belleville","NJ","","","","",NA,NA,"District 1199J, National Union of Hospital and Health Care Employees, AFSCME, AFL-CIO",NA,"",NA,"",NA,NA,NA,"",NA,"","","","","","",35,"","","INCLUDED:  All full-time and regular part-time One-to-One Aides employed by the Employer at its Belleville, New Jersey facility. 

EXCLUDED:  All other employees, office clericals, guards and supervisors as defined in the Act.",NA,40.79493,-74.16188,"Belleville, NJ 07109",1,"place","TIGER/Line® from the US Census Bureau","Belleville","Essex County","NJ","7109","US",1,40.3847586968004,-73.729285854119,NA,NA
"22-RC-390972","Complete Care at Wall, LLC","Region 22, Newark, New Jersey","Open","07/16/2026","","","Wall","NJ","","","","",NA,NA,"District 1199J, National Union of Hospital and Health Care Employees, AFSCME, AFL-CIO",NA,"",NA,"",NA,NA,NA,"",NA,"","","","","","",55,"","","INCLUDED:  All full-time and regular part-time Licensed Practical Nurses and Certified Nursing Assistants employed by the Employer at its 1725 Meridian Trail, Wall, New Jersey facility. 

EXCLUDED:  All other employees, office clericals, guards and supervisors as defined in the Act.",NA,40.107274,-74.665201,"New Jersey",1,"state","TIGER/Line® from the US Census Bureau",NA,NA,"NJ",NA,"US",1,40.4484674403703,-74.3439644254433,NA,NA
"22-RC-391825","Richard Grubb and Associates","Region 22, Newark, New Jersey","Open","07/30/2026","","","Cranbury","NJ","","","","",NA,NA,"Teamsters Local 469",NA,"",NA,"",NA,NA,NA,"",NA,"","","","","","",24,"","","INCLUDED:  All archaeological field technicians and crew chiefs

EXCLUDED:  All managerial and confidential employees, lab technicians and other non field staff",NA,40.323116,-74.516597,"Cranbury, NJ 08512",1,"place","TIGER/Line® from the US Census Bureau","Cranbury","Middlesex County","NJ","8512","US",1,40.805582800604,-74.9588334209313,NA,NA
"22-RC-392696","St. Michael's Medical Center","Region 22, Newark, New Jersey","Open","08/12/2026","","","Newark","NJ","","","","",NA,NA,"JNESO, District Council 1",NA,"",NA,"",NA,NA,NA,"",NA,"","","","","","",2,"","","INCLUDED:  All full-time and regular part-time radiology therapists employed by the Employer at its Newark, New Jersey facility

EXCLUDED:  All service and maintenance employees, office clerical employees, professional employees, guards and supervisors as defined in the Act.",NA,40.735642,-74.173988,"Newark, NJ 07102",1,"place","TIGER/Line® from the US Census Bureau","Newark","Essex County","NJ","7102","US",1,40.6732956428463,-73.7756029378847,NA,NA
"22-RD-190318","Laminated Board, Inc.","Region 22, Newark, New Jersey","Open","12/21/2016","","","Linden","NJ","","","","",NA,NA,"Retail, Wholesale, Department Store Union, Local 262 (RWDSU/UFCW)",NA,"",NA,"",NA,NA,NA,"",NA,"","","","","","",38,"","","Included:  All full time and regular part time mechanics & Warehouse employees.
Excluded:  Office clerical employees, confidential employees, officers, managers, professional  guards and supervisors.",NA,40.626953,-74.250939,"Linden, NJ 07036",1,"place","TIGER/Line® dataset from the US Census Bureau","Linden","Union County","NJ","7036","US",1,41.0256742728243,-74.5852443513672,NA,NA
"22-RD-309942","Simpson & Brown, Inc.","Region 22, Newark, New Jersey","Open","01/06/2023","","","Perth Amboy","NJ","","","","",NA,NA,"Teamsters Local 469",NA,"",NA,"",NA,NA,NA,"",NA,"","","","","","",4,"","","INCLUDED:  All full-time and regular part-time truck drivers employed by the Employer 

EXCLUDED:  All office clerical employees, dispatchers, trade employees, yard employees, professional employees, guards",NA,40.520654,-74.279144,"Perth Amboy, NJ 08861",1,"place","TIGER/Line® dataset from the US Census Bureau","Perth Amboy","Middlesex County","NJ","8861","US",1,40.3192874676389,-74.1314330612949,NA,NA
"22-RD-352675","Clara Maass Medical Center","Region 22, Newark, New Jersey","Open","10/15/2024","","","Belleville","NJ","","","","",NA,NA,"1199 SEIU United Healthcare Workers East",NA,"",NA,"",NA,NA,NA,"",NA,"","","","","","",575,"","","INCLUDED:  All full time, regular part time and per diem Registered Nurses (RN) employed at the Belleville Hospital

EXCLUDED:  All office clerical employees, Nurse Practitioners, Senior RN Case Managers, RN Case Management Coordinators, RN Discharge Specialists, RN Coordinator Care employees, Infection Control RNs, RN Educators, Nurse Midwives, RN First Assistants, RN Coordinators {Infusion), guards and supervisors as defined in the Act, and all other employees.",NA,40.79493,-74.16188,"Belleville, NJ 07109",1,"place","TIGER/Line® dataset from the US Census Bureau","Belleville","Essex County","NJ","7109","US",1,40.5042030009463,-74.3067897306468,NA,NA
"22-RD-354977","The Andersons Reed & Perrine Lawn Products LLC","Region 22, Newark, New Jersey","Open","11/14/2024","","","Manalapan","NJ","","","","",NA,NA,"United Food and Commercial Workers Local 152",NA,"",NA,"",NA,NA,NA,"",NA,"","","","","","",7,"","","INCLUDED:  Production Department and Shipping Department employees.

EXCLUDED:  Supervisors, managers, guards and confidential employees as defined in the NLRA",NA,40.282353,-74.346565,"Manalapan, NJ 07726",0.8,"place","TIGER/Line® dataset from the US Census Bureau","Manalapan","Monmouth County","NJ","7726","US",1,39.9148126565682,-73.9529851614354,NA,NA
"22-RD-369759","Starbucks Corporation","Region 22, Newark, New Jersey","Open","07/17/2025","","","Summit","NJ","","","","",NA,NA,"Starbucks Workers United",NA,"",NA,"",NA,NA,NA,"",NA,"","","","","","",16,"","","INCLUDED:  Individually licensed Starbucks coffeeshop; store number 7226

EXCLUDED:  N/A",NA,40.71275,-74.361594,"Summit, NJ 07901",1,"place","TIGER/Line® dataset from the US Census Bureau","Summit","Union County","NJ","7901","US",1,40.7502240196858,-74.5641110125999,NA,NA
"22-RD-370776","BC Facility LLC","Region 22, Newark, New Jersey","Open","08/01/2025","","","Secaucus","NJ","","","","",NA,NA,"32BJ SEIU",NA,"",NA,"",NA,NA,NA,"",NA,"","","","","","",13,"","","INCLUDED:  All full-time and regular part-time cleaners and porters employed by the Employer at 70 Columbus Drive and 90 Columbus Drive, Jersey City, New Jersey locations.

EXCLUDED:  All Office Clericals, Guards, and Supervisors as defined by the Act, and all other employees",NA,40.78885,-74.056035,"Secaucus, NJ 07094",1,"place","TIGER/Line® dataset from the US Census Bureau","Secaucus","Hudson County","NJ","7094","US",1,41.154895860108,-73.7167377440332,NA,NA
"22-RD-385427","Cascade Container Board","Region 22, Newark, New Jersey","Open","04/23/2026","","","Piscataway","NJ","","","","",NA,NA,"United Steelworkers (USW) Local 318",NA,"",NA,"",NA,NA,NA,"",NA,"","","","","","",194,"","","INCLUDED:  N/A

EXCLUDED:  N/A
",NA,40.552925,-74.457746,"Piscataway, NJ 08854",1,"place","TIGER/Line® dataset from the US Census Bureau","Piscataway","Middlesex County","NJ","8854","US",1,41.0126540777601,-74.1619268119975,NA,NA
"22-RD-388320","Maschio's Food Services, Inc.","Region 22, Newark, New Jersey","Open","06/05/2026","","","Chester","NJ","","","","",NA,NA,"SEIU Local 32BJ",NA,"",NA,"",NA,NA,NA,"",NA,"","","","","","",5,"","","INCLUDED:  Food Service Workers & Drivers

EXCLUDED:  Managers, Supervisors & Administrators",NA,40.782111,-74.683861,"Chester, NJ 07930",1,"place","TIGER/Line® from the US Census Bureau","Chester","Morris County","NJ","7930","US",1,40.5423776788735,-75.1697026216448,NA,NA
"22-RM-311853","POMPTONIAN FOOD SERVICE","Region 22, Newark, New Jersey","Open","02/08/2023","","","Springfield","NJ","","","","",NA,NA,"Service Employees International Union, Local 32BJ",NA,"",NA,"",NA,NA,NA,"",NA,"","","","","","",21,"","","INCLUDED:  All F/T and regular P/T food services workers

EXCLUDED: All other employees, guards & supervisors as defined in the Act",NA,40.701101,-74.316301,"Springfield, NJ 07081",1,"place","TIGER/Line® dataset from the US Census Bureau","Springfield","Union County","NJ","7081","US",1,40.7517485104485,-74.4295992426789,NA,NA
"22-UD-000401","New York Fast Ferry","Region 22, Newark, New Jersey","Open","10/12/2001","","","Highlands","NJ","","","","",NA,NA,"LOCAL 333, UNITED MARINE DIVISION, ILA",NA,"",NA,"",NA,NA,NA,"",NA,"","","","","","",15,"",""," Inc. Full-Time and regular part-time employees, including, but not limited, to Port Captain, Galley, Engine, Mechanic and Deck(Captain, Mate and Deckland)

Exc. All office , clerical, mangerial employees and supervisors as defined by the act.",NA,40.40372,-73.99153,"Highlands, NJ 07732",1,"place","TIGER/Line® dataset from the US Census Bureau","Highlands","Monmouth County","NJ","7732","US",1,40.5399715764777,-73.9557265716146,NA,NA
"25-RC-365021","Marathon Health, LLC and OurHealth Professional Physicians Group, LLC, as a joint employer","Region 25, Indianapolis, Indiana","Open","05/05/2025","","","Indianapolis","IN","A","Single Labor Organization","Initial","07/25/2025",5,NA,"Teamsters Local 135",4,"",NA,"",NA,NA,4,"",NA,"","Teamsters Local 135","Included:  All full-time and regular part-time Medical Assistants, Medical Receptionists, and Patient Care Coordinators employed by the Employer at the 5510 South East Street, Indianapolis, Indiana facility.

Excluded:  All professional employees (including but not limited to Physicians and Psychologists), office clerical employees, guards and supervisors as defined in the Act, and all other employees.","","","",5,"","Teamsters Local 135","Included: Medical Assistants, Medical Receptionists, Patient Care Coordinators 

Excluded: All other employees",5,39.775092,-86.13216,"Indianapolis, IN 46201",1,"place","TIGER/Line® dataset from the US Census Bureau","Indianapolis","Marion County","IN","46201","US",1,40.1035902154146,-86.5210260415541,NA,NA
"25-RC-369978","Midwest Refrigerated Illinois, LLC","Region 25, Indianapolis, Indiana","Open","07/24/2025","","","Belvidere","IL","A","Single Labor Organization","Initial","08/27/2025",66,NA,"Teamsters Local 325",26,"",NA,"",NA,26,57,"N",5,"Y","","INCLUDED: All full-time and regular part-time forklift operators, trainers/FLOs, robot operators, inventory employees, and maintenance/sanitation employees employed by the Employer at its facility located in Belvidere, Illinois.

EXCLUDED: All Customer Service Representatives, Taskers, employees supplied by a temporary agency, office clerical employees, guards, professional employees, supervisors as defined in the Act, and all other employees.

OTHERS PERMITTED TO VOTE:  The parties have agreed that Leads may vote in the election but their ballots will be challenged since their eligibility has not been resolved. No decision has been made regarding whether the individuals in these classifications or groups are included in, or excluded from, the bargaining unit. The eligibility or inclusion of these individuals will be resolved, if necessary, following the election","","","",64,"","","Included: Forklift operators, Robot operators, Janitorial personnel, Maintenance, Taskers and CSRs

Excluded: All Managers (General, Operations, Warehousing, Human Resources), clerical",66,42.276381,-88.823215,"Belvidere, IL 61008",1,"place","TIGER/Line® dataset from the US Census Bureau","Belvidere","Boone County","IL","61008","US",1,41.9105439375238,-89.1939156059121,NA,NA
"25-RC-370667","USIC Locating Services, LLC","Region 25, Indianapolis, Indiana","Open","08/04/2025","","","McHenry","IL","A","Single Labor Organization","Initial","09/11/2025",28,NA,"IBEW Local 196",10,"",NA,"",NA,14,24,"",NA,"","","Included:  All full-time and regular part-time field locating technician classifications, including the subclassifications of technician trainee, technician 1, technician 2, technician 3, technician 4, lead technician, senior technician, expert technician, and master technician, employed by the Employer in Eastern and Western McHenry County, Illinois.

Excluded:  All field locating technicians employed by the Employer outside McHenry County, Illinois, all office clerical employees, guards, professional employees and supervisor as defined in the Act, and all other employees.","","","",35,"","","Included: All full-time and regular part-time field locating technician classifications, including the subclassifications of technician trainee, technician 1, 2, 3, 4, senior technician, expert technician, and master technician employed by the Employer USIC for the McHenry county and Metronet group
Excluded: All other employees, guards, and supervisors as defined in the Act",28,42.331147,-88.29518,"McHenry, IL 60050",1,"place","TIGER/Line® dataset from the US Census Bureau","McHenry","McHenry County","IL","60050","US",1,42.0211106627641,-88.242879979879,NA,NA
"25-RC-372765","Centaur Acquisition LLC d/b/a Horseshoe Indianapolis","Region 25, Indianapolis, Indiana","Open","09/05/2025","","","Shelbyville","IN","A","Single Labor Organization","Initial","12/05/2025",218,NA,"Teamsters Local 135",100,"",NA,"",NA,47,197,"",50,"","Teamsters Local 135","Included: All full-time and regular part-time dealers employed by the Employer at its Shelbyville, Indiana facility.

Excluded: All employees currently represented by a union pursuant to a collective bargaining agreement, office clerical employees, professional employees, managers, confidential employees, temporary employees, guards and supervisors as defined in the Act, and all other employees.

Others permitted to vote: The parties have agreed that Supervisor Dual Rate employees may vote in the election, but their ballots will be challenged since their eligibility has not been resolved.  No decision has been made regarding whether the individuals in these classifications or groups are included in, or excluded from, the bargaining unit.  The eligibility or inclusion of these individuals will be resolved, if necessary, following the election.","","","",203,"","Teamsters Local 135","Included: All Full-Time and Part-Time Table Games Dealers and All Full-Time and Part-Time Dual Rate Table Games Dealers

Excluded: All office clerical employees; professional employees; confidential employees; and guards and supervisors as defined in the Act; and all other employees.",218,39.511568,-85.791993,"Shelbyville, IN 46176",1,"place","TIGER/Line® dataset from the US Census Bureau","Shelbyville","Shelby County","IN","46176","US",1,39.7151165100932,-85.4799604652591,NA,NA
"25-RC-388978","Heidelberg Materials U.S. Cement, LLC","Region 25, Indianapolis, Indiana","Open","06/16/2026","","","Logansport","IN","A","Single Labor Organization","Initial","07/21/2026",70,NA,"United Steel, Paper and Forestry, Rubber, Manufacturing, Energy, Allied & Industrial Service Workers International Union, AFL-CIO, CLC",31,"",NA,"",NA,18,49,"",18,"Y","","Included: All full-time and regular part-time production employees, maintenance employees, and lab employees employed by the Employer at its facility in Logansport, Indiana.
Excluded: All temporary employees, agency employees, jointly-employed employees, managerial employees, office clerical employees, guards, professional employees, and supervisors as defined in the Act.
Others permitted to vote: The parties have agreed that electricians and mechanics may vote in the election but their ballots will be challenged since their eligibility has not been resolved. No decision has been made regarding whether the individuals in these classifications or groups are included in, or excluded from, the bargaining unit. The eligibility or inclusion of these individuals will be resolved, if necessary, following the election.","","","",65,"","","Included:  All full-time and regular part-time production & maintenance employees, and lab employees employed by the Employer at its facility in Logansport, IN.

Excluded:  All temporary employees, agency and joint employees, office clerical employees, professional employees, managerial employees, guards, and supervisors as defined in the Act.",70,40.77927,-86.375168,"Logansport, IN 46947",1,"place","TIGER/Line® from the US Census Bureau","Logansport","Cass County","IN","46947","US",1,40.9723123034355,-86.5899958749082,NA,NA
"25-RC-389899","Kroger Limited Partnership II d/b/a Crossroad Farms Dairy","Region 25, Indianapolis, Indiana","Open","07/02/2026","","","Indianapolis","IN","A","Single Labor Organization","Initial","07/31/2026",10,NA,"Teamsters Local 135",9,"",NA,"",NA,NA,9,"",NA,"","Teamsters Local 135","Included:  All full-time and regular part-time laboratory technicians and lead laboratory technicians employed by the Employer at its facility located at 400 Shortridge Road, Indianapolis, Indiana.

Excluded:  All managerial employees, office clerical employees, guards, professional employees and supervisors as defined in the Act, and all other employees.","","","",10,"","Teamsters Local 135","Included: The Union seeks an Armour-Globe self-determination election among all full-time and regular part-time laboratory technicians to determine whether they wish to be represented by the Union and join the existing bargaining unit of production and maintenance employees employed by the Employer at its 400 Shortridge Road, Indianapolis, Indiana facility.  

Excluded: Office clerical, professional, managerial, guards and supervisors as 
defined in the Act, and all other employees.",10,39.775092,-86.13216,"Indianapolis, IN 46201",1,"place","TIGER/Line® from the US Census Bureau","Indianapolis","Marion County","IN","46201","US",1,39.4038773363901,-85.8400324983148,NA,NA
"25-RC-390852","Moultrie County Beacon Inc.","Region 25, Indianapolis, Indiana","Open","07/17/2026","","","Sullivan","IL","","","","",NA,NA,"American Federation of State, County and Municipal Employees (AFSCME), Council 31",NA,"",NA,"",NA,NA,NA,"",NA,"","","","","","",70,"","","Included: All full-time, regular part-time employees who are employed by Moultrie County 
Beacon Inc, including but not limited to: DSP (Direct Support Professional), ADSP 
(Authorized Direct Support Professional), Lead DSP (Lead Direct Support Professional), 
Medical Assistant, Maintenance Assistant, Transportation Assistant, Workshop Supervisor, 
Job Coach  
Excluded: All confidential employees, managerial employees, guards and supervisors as 
defined by the Act.",NA,39.588093,-88.633539,"Sullivan, IL 61951",1,"place","TIGER/Line® from the US Census Bureau","Sullivan","Moultrie County","IL","61951","US",1,39.2953702518732,-88.7588522722341,NA,NA
"25-RC-390875","Interstate Power Systems, Inc.","Region 25, Indianapolis, Indiana","Open","07/17/2026","","","Rockford","IL","A","Single Labor Organization","Initial","07/31/2026",9,NA,"International Union of Operating Engineers Local 150, AFL-CIO",8,"",NA,"",NA,1,9,"",NA,"","International Union of Operating Engineers Local 150, AFL-CIO","Included:  All full-time and regular part-time apprentices, technician Is, technician IIs, senior technicians, field technician Is, field technician IIs, field service technicians, senior field technicians, and service foremen employed by the Employer out of its facility located at 3736 11th Street Rockford, Illinois.

Excluded:  All parts counter employees, service advisors, sales representatives, branch administrators, office clerical employees, guards, professional employees and supervisors as defined in the Act, and all other employees.
","","","",10,"","International Union of Operating Engineers Local 150, AFL-CIO","Included: All full-time and regular part-time mechanics and technicians employed at the Company's Rockford, Illinois, facility.

Excluded: All office and clerical employees, professional employees, sales representatives, parts employees, service writers, guards, and supervisors as defined under the Act.",9,42.33342,-89.157198,"Rockford, IL 61101",1,"place","TIGER/Line® from the US Census Bureau","Rockford","Winnebago County","IL","61101","US",1,42.4080661295057,-88.713498538592,NA,NA
"25-RC-390920","MasterSpas, LLC","Region 25, Indianapolis, Indiana","Open","07/17/2026","","","Fort Wayne","IN","","","","",NA,NA,"International Brotherhood of Teamsters Local No. 414",NA,"",NA,"",NA,NA,NA,"",NA,"","","","","","",13,"","","Included:
All shipping dock workers and shipping dock worker team leads at 6601 Lincoln Pkwy

Excluded:
All office employees, guards, managers and supervisors as defined by the Act
",NA,41.065397,-85.15842,"Fort Wayne, IN 46802",1,"place","TIGER/Line® from the US Census Bureau","Fort Wayne","Allen County","IN","46802","US",1,40.9264142928311,-85.0500320789945,NA,NA
"25-RC-391353","Lit Books and Bar LLC d/b/a The Literary","Region 25, Indianapolis, Indiana","Open","07/23/2026","","","Champaign","IL","","","","",NA,NA,"Retail, Wholesale and Department Store Union",NA,"",NA,"",NA,NA,NA,"",NA,"","","","","","",24,"","","Included:
All bookstore,cafe,bar,events and kitchen staff including departmentsmanagers.

Excluded:
General manager,Asslstant Manager",NA,40.10789,-88.244266,"Champaign, IL 61820",1,"place","TIGER/Line® from the US Census Bureau","Champaign","Champaign County","IL","61820","US",1,40.4601605682553,-87.8272688213095,NA,NA
"25-RC-392431","IMI Illinois, LLC","Region 25, Indianapolis, Indiana","Open","08/07/2026","","","Tuscola","IL","","","","",NA,NA,"General Teamsters, Local Union No. 26",NA,"",NA,"",NA,NA,NA,"",NA,"","","","","","",6,"","","Included: All full-time and part-time concrete drivers and mechanics

Excluded: Supervisors and Managers as defined by the act and all other employees.",NA,39.787385,-88.274137,"Tuscola, IL 61953",1,"place","TIGER/Line® from the US Census Bureau","Tuscola","Douglas County","IL","61953","US",1,39.532492445633,-88.3007064090631,NA,NA
"25-RC-392760","IMI Indiana, LLC","Region 25, Indianapolis, Indiana","Open","08/13/2026","","","Fishers","IN","","","","",NA,NA,"Teamsters Local 135",NA,"",NA,"",NA,NA,NA,"",NA,"","","","","","",13,"","","Included:  All full-time and regular part-time batchmen and plant helpers/assistant employed by the Employer at its East 96th Street, West 96th Street, Morris Street, and Post Road ready-mix plants.

Excluded:  Clerical employees, dispatchers, supervisors and guards as defined in the Act, and all other employees.",NA,39.95559,-86.01387,"Fishers, IN 46038",1,"place","TIGER/Line® from the US Census Bureau","Fishers","Hamilton County","IN","46038","US",1,40.0175533013848,-85.519019374716,NA,NA
"25-RD-359216","Viscofan USA","Region 25, Indianapolis, Indiana","Open","01/28/2025","","","Fisher","IL","","","","",NA,NA,"United Food and Commercial Workers Union, Local 686",NA,"",NA,"",NA,NA,NA,"",NA,"","","","","","",148,"","","Included:
All production, plant process control laboratory, and maintenance employees of the Employer in its plant located at 915 North Michigan Avenue, Danville, Illinois.

Excluded:
All office and clerical employees, technical employees, outside truck drivers, professional employees, salaried personnel, guards, janitorial staff, administrative and supervisory employees as defined in the National Labor Relations Act.",NA,40.31476,-88.35005,"Fisher, IL 61843",1,"place","TIGER/Line® dataset from the US Census Bureau","Fisher","Champaign County","IL","61843","US",1,39.8526363547633,-88.1398462618154,NA,NA
"25-RD-386827","SAGE Dining Services, Inc.","Region 25, Indianapolis, Indiana","Open","05/12/2026","","","Culver","IN","","","","",NA,NA,"Chicago and Midwest Regional Joint Board",NA,"",NA,"",NA,NA,NA,"",NA,"","","","","","",73,"","","Included:	Food Service Workers

Excluded:	The Shack Employees, Supervisors, Managers",NA,41.21893,-86.42306,"Culver, IN 46511",1,"place","TIGER/Line® from the US Census Bureau","Culver","Marshall County","IN","46511","US",1,40.9955779304992,-86.084024600509,NA,NA
"25-RM-386760","Qualtronics, LLC","Region 25, Indianapolis, Indiana","Open","05/08/2026","","","Columbus","IN","A","Single Labor Organization","Initial","06/04/2026",99,NA,"IBEW Local 481",39,"",NA,"",NA,46,85,"",8,"Y","","Included:  All full-time and regular part-time production employees employed by the Employer at its Columbus, Indiana campus.

Excluded:  All office clerical employees, guards, professional employees, and supervisors as defined in the Act.","","","",135,"","","Included:  All full-time and regular part-time employees employed by the Employer at its Columbus, Indiana campus.

Excluded:  All office clerical employees, professional employees, guards and supervisors as defined in the Act.",99,39.191447,-85.891338,"Columbus, IN 47201",1,"place","TIGER/Line® dataset from the US Census Bureau","Columbus","Bartholomew County","IN","47201","US",1,39.3998612386448,-86.0610257558716,NA,NA
"25-RM-392508","IMI Illinois LLC","Region 25, Indianapolis, Indiana","Open","08/07/2026","","","Tuscola","IL","","","","",NA,NA,"Teamsters Local 26",NA,"",NA,"",NA,NA,NA,"",NA,"","","","","","",6,"","","Included:  Ready mis-drivers located at Tuscola plant

Excluded:  All other employees",NA,39.787385,-88.274137,"Tuscola, IL 61953",1,"place","TIGER/Line® from the US Census Bureau","Tuscola","Douglas County","IL","61953","US",1,40.2555475727098,-88.3164794215987,NA,NA
"27-RC-292261","Starbucks Corporation","Region 27, Denver, Colorado","Open","03/15/2022","","","Colorado Springs","CO","A","Revised Single Labor Org","Initial","02/09/2023",29,NA,"Chicago and Midwest Regional Joint Board, Workers United/SEIU",10,"",NA,"",NA,10,20,"",NA,"","","Include: All full-time and regular part-time baristas and shift supervisors employed by the Employer at its Store #10897 located in Colorado Springs, CO. Exclude: All Store Managers, office clerical employees, confidential employees, managerial employees, professional employees, guards, and supervisors, as defined in the Act.","","","",27,"","","Include: All full-time and regular part-time Baristas and Shift Supervisors. Exclude: Store managers, Office Clericals, Guards, Professional Employees, and Supervisors",29,38.828893,-104.809929,"Colorado Springs, CO 80903",1,"place","TIGER/Line® dataset from the US Census Bureau","Colorado Springs","El Paso County","CO","80903","US",1,39.2108520122439,-105.220015328164,NA,NA
"27-RC-319208","MX Technologies, Inc.","Region 27, Denver, Colorado","Open","06/02/2023","","","Lehi","UT","A","Single Labor Organization","Initial","10/18/2023",20,NA,"International Brotherhood of Teamsters Local 222",12,"",NA,"",NA,6,18,"",NA,"","International Brotherhood of Teamsters, Local No. 222","Included: All full-time and regular part-time Platform Automation Engineers, Product Test and Automation Engineers, and Mobile Experience Test Engineers employed by the Employer at its facility in Lehi, Utah. 

Excluded: All office clerical employees, professional employees, foremen, guards, and supervisors as defined in the Act.
","","","",25,"","International Brotherhood of Teamsters, Local No. 222","Included: QA Engineers. Excluded: Employees not in the QA department.",20,40.39162,-111.85077,"Lehi, UT 84043",1,"place","TIGER/Line® dataset from the US Census Bureau","Lehi","Utah County","UT","84043","US",1,40.1780534576298,-112.250225062579,NA,NA
"27-RC-331412","The Hiller Companies, LLC","Region 27, Denver, Colorado","Open","12/07/2023","","","Sandy","UT","A","Single Labor Organization","Initial","01/18/2024",25,NA,"Road Sprinkler Fitters Local Union No. 669, U.A., AFL-CIO affiliated with United Association of Journeymen and Apprentices of the Plumbing and Pipe Fitting Industry of the United States and Canada, AFL-CIO",7,"",NA,"",NA,17,24,"",NA,"","","Included: All full time and regular part time sprinkler fitters, pipefitters, service technicians and their apprentices, and foremen employed by the Employer from its facility located in Sandy, Utah. Excluded: Office clerical employees, managers, filed employees, guards, professional employees and supervisors as defined in the Act, and all other employees.","","","",26,"","","Included: All full-time and regular part time sprinkler fitters, pipefitters, service technicians and their apprentices and foremen employed by the Employer out of its location at 9384 670 West, Sandy, UT 84070. Excluded: All other employees, including field employees, managers, office clericals, guards and supervisors as defined in the Act.",25,40.577106,-111.889047,"Sandy, UT 84070",1,"place","TIGER/Line® dataset from the US Census Bureau","Sandy","Salt Lake County","UT","84070","US",1,40.1923726292619,-112.161731841417,NA,NA
"27-RC-345867","Fred Meyer Stores, Inc.","Region 27, Denver, Colorado","Open","07/09/2024","","","Meridian","ID","A","Single Labor Organization","Initial","09/12/2024",7,NA,"United Food and Commercial Workers International, Local 555, AFL-CIO",4,"",NA,"",NA,2,6,"",NA,"","United Food and Commercial Workers Union Local 555","INCLUDED: All full-time and regular part-time Pharmacy Technicians employed by the Employer at its Store 198 located at 1850 E. Fairview Avenue, Meridian, Idaho 83642.

EXCLUDED: Office clerical employees, confidential employees, managerial employees, professional employees, guards, and supervisors as defined in the Act.
","","","",7,"","United Food and Commercial Workers Union Local 555","Included: All full-time and regular part-time Pharmacy Technicians employed by the Employer at 1850 E Fairview Ave., Meridian, ID 83642. Excluded: All other employees, Guards, Managers, and Supervisors as defined by the Act.",7,43.579067,-116.421656,"Meridian, ID 83642",1,"place","TIGER/Line® dataset from the US Census Bureau","Meridian","Ada County","ID","83642","US",1,43.8760302770401,-116.354047944109,NA,NA
"27-RC-346403","HCA-HealthONE LLC, d/b/a Swedish Medical Center","Region 27, Denver, Colorado","Open","07/17/2024","","","Englewood","CO","A","Single Labor Organization","Rerun","07/02/2026",755,NA,"National Nurses Organizing Committee/National Nurses United (NNOC/NNU) affiliated with American Federation of Labor-Congress of Industrial Organizations, AFL-CIO",307,"",NA,"",NA,275,608,"",26,"","National Nurses Organizing Committee/National Nurses United (NNOC/NNU) affiliated with American Federation of Labor-Congress of Industrial Organizations, AFL-CIO","Included: All full-time, regular part-time, and per diem ¹ registered nurses employed by the 
Employer at its acute-care facilities located at 501 East Hampden Ave, Englewood, CO 80113; 6196 South Ammons Way, Littleton, CO 80123; and 260 South Wadsworth Blvd, Lakewood CO 80226.

Excluded:  Physicians;  non-OR  Clinical  Nurse  Specialists;  Clinical  Nurse Coordinators; Nurse  
Practitioners; Certified  Registered  Nurse  Anesthetists; Nurse and/or Clinical  Educators or 
Coordinators; Case Managers; Utilization Review  and/or  Discharge  Planners;  Accounting  or  
Auditing  RNs;  Nurse Navigators;  Permanent  Charge  Nurses; Infection  Control/Employee  Health 
Nurses; Risk Management, Performance Improvement and/or Quality Assurance or Quality Management 
Nurses; Resident Nurse 1 Graduate Nurse; registered nurses employed by registries or other agencies 
providing outside labor to the Employer; limited duration contract nurses; already represented 
employees; nurse administrators; business office and/or clerical employees;  managerial employees; 
temporary employees; and confidential employees, guards, and supervisors within the meaning of the 
Act, and all other employees.

1 In order to be eligible to vote, employees must have worked an average of 4 hours per week in the 
13 weeks prior to the payroll period ending date.
","","","",500,"","National Nurses Organizing Committee/National Nurses United (NNOC/NNU) affiliated with American Federation of Labor-Congress of Industrial Organizations, AFL-CIO","Included: All full-time, regular part-time and per diem registered nurses, employed by HCAHealthONE
LLC, d/b/a Swedish Medical Center at its acute-care facilities currently located at
501 East Hampden, Englewood CO 80113; 6196 S Ammons Way, Littleton CO 80123; and 260
S Wadsworth Blvd, Lakewood CO 80226. Excluded: Clinical Nurse Coordinators (CNCs), Nurse Practitioners, Certified Registered Nurse
Anesthetists (CRNAs), Nurse Educators, Case Managers, registered nurses employed by
registries or other agencies providing outside labor to the Employer, limited duration contract
nurses, business office clerical employees; nurse administrators, managerial employees;
confidential employees, temporary employees, guards and supervisors within the meaning of the
Act.",755,39.645995,-105.011411,"Englewood, CO 80110",1,"place","TIGER/Line® dataset from the US Census Bureau","Englewood","Arapahoe County","CO","80110","US",1,39.2043386267916,-104.922199718844,NA,NA
"27-RC-349077","Peak Vista Community Health Centers","Region 27, Denver, Colorado","Open","08/26/2024","","","Colorado Springs","CO","A","Single Labor Organization","Initial","01/02/2025",91,NA,"Union of American Physicians & Dentists affiliated American Federation of State, County & Municipal Employees, AFL-CIO",49,"",NA,"",NA,15,74,"",10,"","Union of American Physicians & Dentists affiliated American Federation of State, County & Municipal Employees, AFL-CIO","Included: All full-time, and regular part-time Physicians, Physician Assistants, Pediatricians, Nurse Practitioners, OB GYN Physicians, Certified Nurse Midwives, Physician-Psychiatrists, and Psychiatric Nurse Practitioners employed by the Employer at its Colorado facilities.  

Excluded: All Dentists, Registered Dental Hygienists, Psychologists, Professional Counselors, Licensed Clinical Social Workers, Marriage/Family therapists, office clerical employees, guards, and supervisors as defined by the Act.
","","","",90,"","Union of American Physicians and Dentists","Included:
All Full-time, regular part-time and per diem Physicians, Physician Assistants,
Pediatricians, Nurse Practitioners, OB GYN Physicians, Certified Nurse Midwives, Psychiatrists,
Psychiatric Nurse Practitioners employed at all locations.
Excluded: All other employees, dentists, guards and supervisors
",91,38.828893,-104.809929,"Colorado Springs, CO 80903",1,"place","TIGER/Line® dataset from the US Census Bureau","Colorado Springs","El Paso County","CO","80903","US",1,39.0846968074058,-104.546765090451,NA,NA
"27-RC-354421","High Country News","Region 27, Denver, Colorado","Open","11/08/2024","","","Paonia","CO","A","Single Labor Organization","Initial","01/23/2025",2,NA,"Denver Newspaper Guild-Communications Workers of America, Local 37074, AFL-CIO",2,"",NA,"",NA,NA,2,"",NA,"","Denver Newspaper Guild-Communications Workers of America, Local 37074, AFL-CIO","Included: All Editorial Fellows employed by the Employer. Excluded: All confidential employees, professional employees, managerial employees, guards, and supervisors as defined in the Act.","","","",3,"","Denver Newspaper Guild-Communications Workers of America, Local 37074, AFL-CIO","Included:  Editorial Fellows

Excluded:  All supervisory, managerial, confidential, & guard employees under the Act.",2,38.877198,-107.609167,"Paonia, CO 81428",1,"place","TIGER/Line® dataset from the US Census Bureau","Paonia","Delta County","CO","81428","US",1,38.6113738287512,-107.279322935921,NA,NA
"27-RC-361119","Oldcastle Infrastructure A CRH Company","Region 27, Denver, Colorado","Open","02/27/2025","","","Nampa","ID","","","","",NA,NA,"General Teamsters Warehousemen and Helpers, No. 483",NA,"",NA,"",NA,NA,NA,"",NA,"","","","","","",34,"","","Included: All concrete precast, yard, warehouse, and maintenance employees Excluded: Those defined in the Act",NA,43.595567,-116.61063,"Nampa, ID 83651",1,"place","TIGER/Line® dataset from the US Census Bureau","Nampa","Canyon County","ID","83651","US",1,43.8255303796793,-116.638382891649,NA,NA
"27-RC-371720","KK Mechanical Inc.","Region 27, Denver, Colorado","Open","08/20/2025","","","Ogden","UT","A","Single Labor Organization","Initial","09/25/2025",52,NA,"UA Local 140, Plumbers, Pipefitters, HVAC&R, affiliated with United Association of Journeymen and Apprentices of Plumbing and Pipe Fitting Industry of the United States and Canada, AFL-CIO",8,"",NA,"",NA,36,50,"",6,"","UA Local 140, Plumbers, Pipefitters, HVAC&R, affiliated with United Association of Journeymen and Apprentices of Plumbing and Pipe Fitting Industry of the United States and Canada, AFL-CIO","Included: All full-time and regular part-time employees primarily engaged in plumbing, pipefitting, or welding work who are employed by the Employer and working out of its facility located at 2775 Midland Dr, Ogden, Utah. 

Excluded: Office-clerical employees, managers, guards, supervisors as defined by the Act, and all other employees. 
","","","",48,"","UA Local 140, Plumbers, Pipefitters, HVAC&R, affiliated with United Association of Journeymen and Apprentices of Plumbing and Pipe Fitting Industry of the United States and Canada, AFL-CIO","Included: All full-time and regular part-time plumbers, pipefitters, and welders;
plumber, pipefitter, or welder helpers or apprentices; and foremen employed by
the Employer out of its facility located at 2775 Midland Dr, Ogden, UT 84401.
Excluded: All other employees, office-clerical employees, managers, guards
and supervisors as defined by the Act.",52,41.221328,-111.957685,"Ogden, UT 84401",1,"place","TIGER/Line® dataset from the US Census Bureau","Ogden","Weber County","UT","84401","US",1,41.5777995324901,-111.495896320993,NA,NA
"27-RC-383977","Summit Fire & Security LLC","Region 27, Denver, Colorado","Open","04/01/2026","","","Billings","MT","A","Single Labor Organization","Initial","04/15/2026",11,NA,"Road Sprinkler Fitters Local Union 669 a/w United Association of Journeymen and Apprentices of the Plumber and Pipefitting Industry of the United States and Canada",2,"",NA,"",NA,6,10,"",2,"","","INCLUDED: All full-time and regular part-time Sprinkler Fitters employed by the Employer at its facility located at 3004 1st Avenue S, Billings, MT 59101 engaged primarily or exclusively in the installation, maintenance, and repair of the fire sprinkler systems, including the unloading, handling by hand or with power equipment, and installation of all piping or tubing, appurtenances, and equipment pertaining thereto, including both overhead and underground water mains, fire hydrants, and hydrant mains, standpipes, and hose connections to sprinkler systems, sprinkler tank heaters, and air lines used in connection with fire sprinkler systems, but excluding steam fire protection systems and excluding the inspection or testing of fire protection systems. 

EXCLUDED: All other employees, including all field technicians not primarily engaged in the scope of work described above (for example, technicians handling inspections, alarm systems, surveillance systems, air sampling smoke detection systems, dry chemical systems, CO2 systems, clean agent systems, and pre-engineered systems), all office clerical employees, confidential employees, managers, guards, and supervisors, as defined in the Act.","","","",10,"","","Included: All full-time and regular part-time Sprinkler Fitters of the Company’s branch location at 
3004 1st Ave S., Billings, MT 59101 engaged primarily or exclusively in the installation, 
maintenance, and repair of the fire sprinkler systems, including the unloading, handling by hand or 
with power equipment, and installation of all piping or tubing, appurtenances, and equipment 
pertaining thereto, including both overhead and underground water mains, fire hydrants, and hydrant 
mains, standpipes, and hose connections to sprinkler systems, sprinkler tank heaters, and air lines 
used in connection with fire sprinkler systems, but excluding steam fire protection systems and 
excluding the inspection or testing of fire protection systems.
Excluded: All other employees, including all field technicians not primarily engaged in the scope 
of work described above (for example, technicians handling inspections, alarm systems, surveillance 
systems, air sampling smoke detection systems, dry chemical systems, CO2 systems, clean agent 
systems, and pre-engineered systems), all office employees, Confidential employees, Managers , 
Supervisors, and Guards as defined by
the Act.
",11,45.686966,-108.387392,"Billings, MT 59101",1,"place","TIGER/Line® dataset from the US Census Bureau","Billings","Yellowstone County","MT","59101","US",1,45.9635148054138,-107.979656296953,NA,NA
"27-RC-389626","McAlvain Companies, Inc.","Region 27, Denver, Colorado","Open","06/26/2026","","","Boise","ID","","","","",NA,NA,"Operative Plasterers and Cement Masons International Association, Local 555",NA,"",NA,"",NA,NA,NA,"",NA,"","","","","","",25,"","","Included: All full-time and regular part-time Cement Finisher Journeypersons and Cement Finisher Apprentice employed by the Employer out of its Boise, Idaho facility Excluded: All other employees, office-clerical employees, guards and supervisors as defined by the Act.",NA,43.603768,-116.272921,"Boise, ID 83701",1,"place","TIGER/Line® from the US Census Bureau","Boise","Ada County","ID","83701","US",1,43.1436270725381,-115.928538386103,NA,NA
"27-RC-389972","Metro Surfaces, LLC","Region 27, Denver, Colorado","Open","07/02/2026","","","Salt Lake City","UT","","","","",NA,NA,"International Union of Bricklayers & Allied Craftworkers Mountain West Administrative District Council, Local Union 1",NA,"",NA,"",NA,NA,NA,"",NA,"","","","","","",30,"","","Included: All layers, marble setters, stone masons, terrazo workers & finishers employed by the Employer. Excluded: All other employees, guards, and supervisors.",NA,40.756095,-111.900719,"Salt Lake City, UT 84101",1,"place","TIGER/Line® from the US Census Bureau","Salt Lake City","Salt Lake County","UT","84101","US",1,40.5548728442912,-111.572484659703,NA,NA
"27-RC-390712","Nestle Purina PetCare Company","Region 27, Denver, Colorado","Open","07/15/2026","","","Denver","CO","","","","",NA,NA,"United Food and Commercial Workers International Union, Local 7, AFL-CIO",NA,"",NA,"",NA,NA,NA,"",NA,"","","","","","",50,"","","Included: All full-time and regular part-time warehouse employees, including Warehouse Coordinator (Data Steward), MOLE Operator, MOLE Utility Operator, Forklift Operator A, Forklift Operator B, Sr Coordinator Inventory Control, Coordinator Logistics (Workstation), Clerk, Relief Team Leader, Relief Mole Operators, Relief Clerks (Coordinator Logistics Workstation) Excluded: Team Leaders, Warehouse Manager, Plant Manager, Temporary Employees, Supervisors, Guards and Watchmen as defined by the Act. All other employees.",NA,39.760189,-104.996553,"Denver, CO 80202",1,"place","TIGER/Line® from the US Census Bureau","Denver","Denver County","CO","80202","US",1,39.2674164189442,-104.689821958712,NA,NA
"27-RC-390942","Starbucks Corporation","Region 27, Denver, Colorado","Open","07/17/2026","","","Denver","CO","","","","",NA,NA,"Workers United a/w SEIU",NA,"",NA,"",NA,NA,NA,"",NA,"","","","","","",19,"","","Included: All full-time and regular part-time Baristas and Shift Supervisors. Excluded: Store managers, assistant managers, office clericals, guards, professionals and supervisors.",NA,39.760189,-104.996553,"Denver, CO 80202",1,"place","TIGER/Line® from the US Census Bureau","Denver","Denver County","CO","80202","US",1,39.9556037247598,-105.240328424082,NA,NA
"27-RC-391349","Transdev Services, Inc.","Region 27, Denver, Colorado","Open","07/22/2026","","","Commerce City","CO","","","","",NA,NA,"",NA,"",NA,"",NA,NA,NA,"",NA,"","","","","","",15,"","","Included: All maintenance technicians.
Excluded: All other employees, and all managers and supervisors ans guards.",NA,39.869835,-104.771527,"Commerce City, CO 80022",1,"place","TIGER/Line® from the US Census Bureau","Commerce City","Adams County","CO","80022","US",1,39.776429125554,-104.282021048242,NA,NA
"27-RC-391415","Colorado Coalition for the Homeless","Region 27, Denver, Colorado","Open","07/24/2026","","","Denver","CO","","","","",NA,NA,"Service Employees International Union, Local 105",NA,"",NA,"",NA,NA,NA,"",NA,"","","","","","",31,"","","Included: All full-time and regular part-time employees in the Housing Assistance Department (plus existing certified unit in 27-RC-356324).
Excluded: All other employees and statutorily excluded positions.",NA,39.760189,-104.996553,"Denver, CO 80202",1,"place","TIGER/Line® from the US Census Bureau","Denver","Denver County","CO","80202","US",1,39.9168503356117,-105.316294178304,NA,NA
"27-RC-392486","Extreme Precision Industrial Contractors, LLC","Region 27, Denver, Colorado","Open","08/07/2026","","","Gillette","WY","","","","",NA,NA,"Plumbers and Pipefitters Local 192 affiliated with United Association of Journeymen and Apprentices of the Plumbing and Pipefitting Industry of the United States and Canada",NA,"",NA,"",NA,NA,NA,"",NA,"","","","","","",14,"","","Included: All Pipefitters and Pipe Welders at the Employer’s facility located at 210 
Limestone Ave., Gillette, WY 82716. 
Excluded: All other employees, including office clerical employees, professional 
employees, guards, and supervisors as defined by the Act.",NA,44.377283,-105.550237,"Gillette, WY 82716",1,"place","TIGER/Line® from the US Census Bureau","Gillette","Campbell County","WY","82716","US",1,44.6553907343971,-105.714547369408,NA,NA
"27-RD-311324","United Food and Commercial Workers, Local 7","Region 27, Denver, Colorado","Open","02/01/2023","","","Wheat Ridge","CO","","","","",NA,NA,"Federation of Agents & International Representatives",NA,"",NA,"",NA,NA,NA,"",NA,"","","","","","",24,"","","Included: Organizers, Representatives, Accounting, Secretaries, Information Tech. Excluded: E-board members, Directors, Supervisors.",NA,39.776986,-105.108182,"Wheat Ridge, CO 80033",1,"place","TIGER/Line® dataset from the US Census Bureau","Wheat Ridge","Jefferson County","CO","80033","US",1,39.6256033935235,-104.873656925749,NA,NA
"27-RD-321383","Starbucks Corporation","Region 27, Denver, Colorado","Open","07/07/2023","","","Denver","CO","","","","",NA,NA,"Chicago & Midwest Regional Joint Board, Workers United/SEIU",NA,"",NA,"",NA,NA,NA,"",NA,"","","","","","",25,"","","Included: Full-time and regular part-time baristas and shift supervisors employed by the Employer at its Store # 5640.

Excluded:  Store Managers, office clerical employees, confidential employees, managerial employees, professional emp",NA,39.760189,-104.996553,"Denver, CO 80202",1,"place","TIGER/Line® dataset from the US Census Bureau","Denver","Denver County","CO","80202","US",1,39.5118062209289,-105.277328703257,NA,NA
"27-RD-322381","Starbucks Corporation","Region 27, Denver, Colorado","Open","07/25/2023","","","Cottonwood Heights","UT","","","","",NA,NA,"Chicago and Midwest Regional Joint Board, Workers United/SEIU",NA,"",NA,"",NA,NA,NA,"",NA,"","","","","","",17,"","","Included: All full-time and regular part time baristas and shift supervisors at Store #50326. Excluded: All Store Managers, office clerical employees, confidential employees, managerial employees, professional employees, guards, and supervisors, as defined in the Act, and all other employees.",NA,40.611653,-111.714916,"Cottonwood, UT 84121",0.9,"place","TIGER/Line® dataset from the US Census Bureau","Cottonwood","Salt Lake County","UT","84121","US",1,40.7343225836522,-112.168744889178,NA,NA
"27-RD-359700","WinCo Foods","Region 27, Denver, Colorado","Open","02/05/2025","","","South Salt Lake","UT","","","","",NA,NA,"International Brotherhood of Teamsters local 222",NA,"",NA,"",NA,NA,NA,"",NA,"","","","","","",130,"","","Included: All full-time and regular part-time cashiers, clerks, lead clerks, DI clerks, maintenance 
clerks, pricing clerks, cart clerks, meatcutters, receivers, and stockers in all departments, 
including, but not limited to: meat, deli, grocery, variety, bakery, bulk, seafood, produce; and 
managers in training and freight and maintenance employees employed by the Employer at its South 
Salt Lake City, Utah Store, Store #142.

Excluded: Office clerical employees, professional employees, loss prevention employees, security 
employees, assistant store managers, store managers, guards, and supervisors, as defined in the 
Act.
",NA,40.718835,-111.888269,"South Salt Lake, UT 84115",0.9,"place","TIGER/Line® dataset from the US Census Bureau","South Salt Lake","Salt Lake County","UT","84115","US",1,40.5084611587739,-111.622797349712,NA,NA
"27-RD-375890","Pepsi Co","Region 27, Denver, Colorado","Open","12/01/2025","","","Nampa","ID","","","","",NA,NA,"Teamsters Local 162",NA,"",NA,"",NA,NA,NA,"",NA,"","","","","","",19,"","","Included: Delivery team. Excluded: Sales and Warehouse.",NA,43.595567,-116.61063,"Nampa, ID 83651",1,"place","TIGER/Line® dataset from the US Census Bureau","Nampa","Canyon County","ID","83651","US",1,43.7114523350207,-116.335432875658,NA,NA
"27-RD-383366","Wells Fargo Bank, N.A.","Region 27, Denver, Colorado","Open","03/23/2026","","","Casper","WY","","","","",NA,NA,"Wells Fargo Workers United, affiliated with Communications Workers of America Union, AFL-CIO",NA,"",NA,"",NA,NA,NA,"",NA,"","","","","","",6,"","","
Included: All full-time and regular part-time Tellers, Personal Bankers, Personal Bankers, Relationship Bankers, and Branch Operations Coordinators employed by
the Employer at its facility located at 3500 CY Avenue, Casper, WY

Excluded: All office clerical employees, Branch Managers, Branch Operations Associate Managers, Service Managers, Financial Advisors, professional employees,
confidential employees, guards, and supervisors, as defined in the Act, and all other employees.",NA,42.859875,-106.312561,"Casper, WY 82601",1,"place","TIGER/Line® dataset from the US Census Bureau","Casper","Natrona County","WY","82601","US",1,43.3588379336633,-106.022794470658,NA,NA
"27-RD-387246","Marathon Petroleum Logistics Services LLC","Region 27, Denver, Colorado","Open","05/18/2026","","","Roosevelt","UT","","","","",NA,NA,"International Brotherhood of Teamsters Local 222",NA,"",NA,"",NA,NA,NA,"",NA,"","","","","","",29,"","","Included: All full-time and regular part-time transport drivers employed at employers' facility located in Roosevelt UT

Excluded: All other employees, guards, and supervisors as defined in the act",NA,40.266539,-110.106937,"Roosevelt, UT 84066",1,"place","TIGER/Line® from the US Census Bureau","Roosevelt","Duchesne County","UT","84066","US",1,40.6152912338983,-110.317209142664,NA,NA
"27-RD-390414","Asplundh Tree Expert, LLC","Region 27, Denver, Colorado","Open","07/09/2026","","","Fruitland","ID","A","Single Labor Organization","Initial","08/13/2026",84,1,"International Brotherhood Electrical Workers, Local 291",56,"",NA,"",NA,18,74,"",3,"","International Brotherhood Electrical Workers, Local 291","Included:  All full-time and regular part-time tree trimmers, trimmer trainees, sprayers, ground persons, operators, and forepersons performing line clearance tree trimming employed by the Employer out of its Fruitland, Idaho facility and performing those services in the following counties in Idaho (Adams, Valley, Washington, Payette, Gem, Boise, Elmore, Owyhee, Canyon, Ada) or in the following counties in Oregon (Malheur, Baker, Grant, Harney)

Excluded:  Office clerical employees, General Forepersons, professional employees, confidential employees, guards, and supervisors as defined in the Act, and all other employees.","","","",87,"","International Brotherhood Electrical Workers, Local 291","Included: All full-time and regular part-time tree trimmers, trimmer trainees, sprayers, ground 
persons, operators, and forepersons performing line clearance tree trimming employed by the 
Employer out of its Fruitland, Idaho facility and performing those services in the following 
counties in Idaho (Adams, Valley, Washington, Payette, Gem, Boise, Elmore, Owyhee, Canyon, Ada) or 
in the following counties in Oregon (Malheur, Baker, Grant, Harney).
Excluded: Office clerical employees, General Forepersons, professional employees, confidential 
employees, guards, and supervisors, as defined in the Act, and all other employees.
",84,43.974615,-116.900775,"Fruitland, ID 83619",1,"place","TIGER/Line® from the US Census Bureau","Fruitland","Payette County","ID","83619","US",1,43.5763268515447,-116.823334125116,NA,NA
"27-RM-329560","Performance Plumbing LLC","Region 27, Denver, Colorado","Open","11/07/2023","","","Nampa","ID","","","","",NA,NA,"United Association of Journeymen and Apprentices of the Plumbing and Pipe Fitting Industry of the United States and Canda, Local Union No. 296",NA,"",NA,"",NA,NA,NA,"",NA,"","","","","","",35,"","","Included: All full-time and regular par-time plumbers, HVAC journeymen, apprentices, and helpers employed by the Employer at its Nampa, Idaho facility. Excluded: All other employees, office clericals, guards, and supervisors as defined in the Act.",NA,43.595567,-116.61063,"Nampa, ID 83651",1,"place","TIGER/Line® dataset from the US Census Bureau","Nampa","Canyon County","ID","83651","US",1,43.7950697400553,-116.188010222967,NA,NA
"27-RM-359491","SWCA, Incorporated d/b/a SWCA Environmental Consultants","Region 27, Denver, Colorado","Open","02/03/2025","","","Broomfield","CO","A","Single Labor Organization","Initial","07/02/2025",3,NA,"International Brotherhood of Teamsters Local 455",3,"",NA,"",NA,NA,3,"",NA,"","International Brotherhood of Teamsters Local 455","Included: All full-time and regular part-time Assistant Project Archaeologists, Staff 
Archaeologists, and Assistant Staff Archaeologists employed by the Employer at or out of its 
Broomfield, Colorado office.
Excluded: Associate Project Managers, Staff Compliance Monitors, Assistant Staff Compliance 
Monitors, all non-professional employees, confidential employees,
managerial employees, guards, and supervisors as defined in the Act.
","","","",10,"","International Brotherhood of Teamsters Local 455","Excluding: Are Associate Project manager; Staff Compliance Monitor Assistant Staff
Compliance Monitor. And any supervisors or any other management.

Including: Are Assistant Staff Archaeologist, Staff Archaeologist, Assistant project
Archaeologist and Archaeologist. Cultural Resource Technician.
",3,39.930782,-105.074287,"Broomfield, CO 80020",0.9,"place","TIGER/Line® dataset from the US Census Bureau","Broomfield","Broomfield County","CO","80020","US",1,39.4856522809028,-104.623987659467,NA,NA
"27-RM-372442","Albertson's LLC","Region 27, Denver, Colorado","Open","08/29/2025","","","Laurel","MT","","","","",NA,NA,"United Food and Commercial Workers, Local 1889",NA,"",NA,"",NA,NA,NA,"",NA,"","","","","","",10,"","","Included: All employees in the Meat Dept. located at the Albertsons store at 205 South 1st Avenue, Laurel, MT. Excluded: All other employees.",NA,45.66912,-108.77153,"Laurel, MT 59044",1,"place","TIGER/Line® dataset from the US Census Bureau","Laurel","Yellowstone County","MT","59044","US",1,45.9384842280065,-108.782118819161,NA,NA
"28-RC-232059","CEMEX Construction Materials Pacific, LLC","Region 28, Phoenix, Arizona","Open","12/03/2018","","","Las Vegas","NV","A","Single Labor Organization","Initial","03/13/2019",369,NA,"International Brotherhood of Teamsters",166,"",NA,"",NA,179,361,"",16,"Y","International Brotherhood of Teamsters","Included:  All full-time and regular part-time ready-mix drivers, plant operators II who regularly operate ready-mix trucks, and driver trainers employed by the Employer at its ready-mix facilities in Southern Nevada and Southern California, including its plants in Las Vegas, North Las Vegas, and Sloan, Nevada, and Compton, Corona, Escondido, Fontana, Highland, Hollywood, Irvine, Los Angeles, Moorpark, Oceanside, Orange, Oxnard, Perris, Rialto, San Diego, San Juan Capistrano, Santa Barbara, Santa Paula, Simi Valley, Temecula, and Walnut, California.

Excluded:  All other employees, batch men, yardmen, yardmen/laborers, plant maintenance employees, plant maintenance employees II, plant maintenance foremen, fleet mechanics, fleet mechanic foremen, mechanic foremen, senior driver trainers/safety champions, plant foremen, dispatchers, quality control representatives, office clerical employees, professional employees, guards and supervisors as defined in the Act. 

Plant operators II who regularly operate ready-mix trucks during 25 percent or more of their working time are eligible to vote. 
","","","",385,"","International Brotherhood of Teamsters","INCLUDED:  All full-time and regular part-time drivers of ready mix trucks.

EXCLUDED:  All yardmen, batchmen, mechanics, building mechanics, testers/inspectors, safety champions, guards, clericals and supervisors as defined by the Act.",369,36.17372,-115.10647,"Las Vegas, NV 89101",1,"place","TIGER/Line® dataset from the US Census Bureau","Las Vegas","Clark County","NV","89101","US",1,36.5649816395392,-115.41320729931,NA,NA
"28-RC-252280","NP Red Rock LLC d/b/a Red Rock  Casino Resort Spa","Region 28, Phoenix, Arizona","Open","11/21/2019","","","Las Vegas","NV","A","Single Labor Organization","Initial","12/20/2019",1337,7,"Local Joint Executive Board of Las Vegas",534,"",NA,"",NA,627,1161,"",NA,"","Local Joint Executive Board of Las Vegas a/w UNITE HERE International Union","INCLUDED: All full-time and regular part-time assistant food servers, bakers (I, II, III), banquet bartenders, banquet porters, banquets setup, bar porters, bartenders, bell persons, bell starters, beverage porters, beverage servers, beverage (Race/Sports), banquet servers, bus persons/bussers, cake decorators (I, II), captains, coffee breakers, concession workers, cooks, cook’s helpers, counter attendants, food servers, gourmet hostperson/cashiers, host/cashiers, housekeeping utility porters, ice cream concession workers, kitchen runners, kitchen workers, lead banquet porters, lead counter attendants, lead servers, mini bar attendants, pantry, porters, resort guest room attendants, resort housepersons, resort suite guest room attendants, resort steakhouse cooks, room runners,  room service captains, runners, service bartenders, specialty cooks, servers, sprinters, status board, stove persons, team member dining room (TDR) attendants, turndown guest room attendants, utility porters, VIP attendants, VIP bartenders, and VIP lounge attendants employed by the Employer at its facility located at 11011 West Charleston Boulevard, Las Vegas, Nevada.

EXCLUDED: All other employees, front desk employees, valet parkers, retail cashier/clerks, gaming employees (dealers, slot attendants, cage cashiers), inspectresses, engineering and maintenance employees, office clerical employees, guards, managers, and supervisors as defined by the Act.
","","","",1350,"","Local Joint Executive Board of Las Vegas a/w UNITE HERE International Union","INCLUDED: All full-time and regular part-time Assistant Food Servers, Bakers, Bakers 2,
Bakers 3, Banquets Back Aisle, Banquet Bar Backs, Banquet Bartenders, Banquet Porters,
Banquets Setup, Barbacks, Bar porters. Bar host, Bartenders, Bell Persons, Bell Starters,
Beverage Porters, Beverage Servers, Beverage (Race/Sports), Banquet Servers, Bus
Persons/Bussers, Cake Decorators, Cake Decorators 2, Captains, Coffee Breakers, Concession
Workers, Cooks, Cook’s Helpers, Counter Attendants, Entertainment Bartenders, Food Servers,
Gourmet Hostperson/Cashiers, Host/Cashiers, Flousekeeping Utility Porters, Ice Cream
Concession Workers, Kitchen Runners, Kitchen Workers, Lead Banquet Porters, Lead Counter
Attendants, Lead Servers, Mini Bar Attendants, Mixologists, Pantry, Porters, Resort Guest Room
Attendants, Resort Housepersons, Resort Suite Guest Room Attendants, Resort Steakhouse
Cooks, Restaurant Attendants, Room Runners, Room Service Captains, Runners, Service
Bartenders, Specialty Cooks, Servers, Sprinters, Status Board, Stove Persons, TDR Attendants,
Turndown Guest Room Attendants, Utility Porters, VIP Attendants, VIP Bartenders, and VIP
Lounge Attendants employed by the employer at its facility at 11011 W Charleston Blvd, Las
Vegas, NV.
EXCLUDED: All other employees, front desk employees, valet parkers, gaming employees
(dealers, slot attendants, cage cashiers), inspectresses, engineering and maintenance employees,
office clerical employees, guards, managers, and supervisors as defined by the Act.
",1337,36.17372,-115.10647,"Las Vegas, NV 89101",1,"place","TIGER/Line® dataset from the US Census Bureau","Las Vegas","Clark County","NV","89101","US",1,36.424944960899,-115.478930921993,NA,NA
"28-RC-280235","Prep & Pastry Restaurant LLC","Region 28, Phoenix, Arizona","Open","07/20/2021","","","Tucson","AZ","A","Single Labor Organization","Initial","09/20/2021",41,2,"United Food & Commercial Workers International Union, Local 99, AFL-CIO",7,"",NA,"",NA,12,23,"",4,"","United Food & Commercial Workers International Union, Local 99, AFL-CIO, CLC","INCLUDED: All full-time and regular part-time kitchen employees, line cooks, prep cooks, dishwashers, bussers, servers, hostess, bakers and bartenders employed by the Employer at its Tucson, Arizona facility.

EXCLUDED: All other employees, office clerical employees, professional employees,
managerial employees, guards and supervisors as defined in the Act.

Others permitted to vote: The parties have agreed that cleaners may vote in the election but their ballots will be challenged since their eligibility has not been resolved. No decision has been made regarding whether the individuals in this classification or group are included in, or excluded from, the bargaining unit. The eligibility or inclusion of these individuals will be resolved, if necessary, following the election.","","","",60,"","United Food & Commercial Workers International Union, Local 99, AFL-CIO, CLC","INCLUDED:  All full-time and part-time kitchen employees, line cooks, prep cooks, dishwashers, bussers, servers, hostess, bakers and bartenders

EXCLUDED:  All other employees, office clerical employees, guards and supervisors as defined by the Act.",41,32.217975,-110.970869,"Tucson, AZ 85701",1,"place","TIGER/Line® dataset from the US Census Bureau","Tucson","Pima County","AZ","85701","US",1,32.6541125996377,-110.586371231522,NA,NA
"28-RC-291029","Starbucks Corporation","Region 28, Phoenix, Arizona","Open","02/22/2022","","","Phoenix","AZ","A","Single Labor Organization","Initial","05/05/2022",31,NA,"Workers United",6,"",NA,"",NA,8,14,"",7,"Y","","INCLUDED:  All full-time and regular part-time Baristas and Shift Supervisors employed by the Employer at its Store # 62567 located at 7000 East Mayo Boulevard, #28, Phoenix, Arizona.

EXCLUDED:  Office clerical employees, guards, professional employees and supervisors as defined in the Act.
","","","",23,"","","Included: all full time and regular part time Baristas, Shift Supervisors, and Assistant Store Managers. 

Excluded: Store Managers, office clericals, guards, and supervisors as defined in the Act. 
",31,33.703967,-112.351835,"Phoenix, AZ 85001",1,"place","TIGER/Line® dataset from the US Census Bureau","Phoenix","Maricopa County","AZ","85001","US",1,33.3725097131597,-111.940703317194,NA,NA
"28-RC-295837","KBL Reinforcing Inc.","Region 28, Phoenix, Arizona","Open","05/13/2022","","","Las Vegas","NV","A","Single Labor Organization","Initial","07/15/2022",100,5,"District Council of Iron Workers of the State of California, International Association of Bridge, Structural, Ornamental and Reinforcing Iron Workers",20,"",NA,"",NA,31,81,"",30,"Y","District Council of Iron Workers of the State of California and Vicinity, International Association of Bridge, Structural, Ornamental and Reinforcing Iron Workers","INCLUDED:     All full-time and regular part-time Iron Workers employed by the Employer at its facility located in Las Vegas, Nevada.

Others permitted to vote: The parties have agreed that Ironworkers Jose M. Soto and Lorenzo Soto may vote in the election but their ballots will be challenged since their eligibility has not been resolved. No decision has been made regarding whether the individuals in this classification or group are included in, or excluded from, the bargaining unit. The eligibility or inclusion of these individuals will be resolved, if necessary, following the election.

EXCLUDED:  All other employees, office clerical employees, managers, guards, and supervisors as defined in the Act.
","","","",68,"","District Council of Iron Workers of the State of California and Vicinity, International Association of Bridge, Structural, Ornamental and Reinforcing Iron Workers","Included: All Field Ironworkers
Excluded: All supervisors, managers, clericals and guards under the Act.",100,36.17372,-115.10647,"Las Vegas, NV 89101",1,"place","TIGER/Line® dataset from the US Census Bureau","Las Vegas","Clark County","NV","89101","US",1,35.7501058417049,-114.679035587005,NA,NA
"28-RC-300265","Universal Plumbing & Heating Co.","Region 28, Phoenix, Arizona","Open","07/27/2022","","","Las Vegas","NV","A","Single Labor Organization","Initial","09/09/2022",21,NA,"UA Local 525 Plumbers, Pipefitters, and Service Technicians",1,"",NA,"",NA,14,26,"",11,"","United Association of Journeymen & Apprentices of the Plumbing & Pipefitting Industry of the United States & Canada, Local 525, AFL-CIO","INCLUDED:  All full-time and regular part-time plumbers, including lead plumbers, foremen, journeymen, apprentices, and pre-apprentices employed by the Employer at its facility located in Las Vegas, Nevada.

EXCLUDED:  All office clerical employees, CAD employees, laborers, managerial employees, guards, and supervisors as defined in the Act.
","","","",18,"","United Association of Journeymen & Apprentices of the Plumbing & Pipefitting Industry of the United States & Canada, Local 525, AFL-CIO; Mountain States Pipe Trades Association","Included: All full-time and regular part-time plumbers, including journeymen, apprentices, and pre-apprentices, employed by the Employer at its facility located at 4155 West Teco Avenue in Las Vegas, Nevada 89118.

Excluded: All other clerical employees, managers, guards, and supervisors as defined by the National Labor Relations Act.",21,36.17372,-115.10647,"Las Vegas, NV 89101",1,"place","TIGER/Line® dataset from the US Census Bureau","Las Vegas","Clark County","NV","89101","US",1,36.4944326460038,-115.055442346028,NA,NA
"28-RC-318021","The Healing Center Farmacy, LLC d/b/a GreenPharms","Region 28, Phoenix, Arizona","Open","05/05/2023","","","Mesa","AZ","A","Single Labor Organization","Initial","06/21/2023",29,NA,"United Food and Commercial Workers International Union, Local 99",7,"",NA,"",NA,17,24,"",6,"","","INCLUDED:  All full-time and regular part-time Budtenders, including those who have host, packaging, greeter and delivery duties, and Floor and Delivery Leads, employed by the Employer at its facility located in Mesa, Arizona. 

EXCLUDED:  All other employees, office clerical employees, professional employees, confidential employees, managerial employees, guards, and supervisors as defined in the Act. 
","","","",30,"","","INCLUDED:  All full-time and regular part-time Budtenders, Packaging, Delivery Drivers, Support Staff MTL employees

EXCLUDED:  All other employees, including confidential employees, office clerical, professional employees, managerial employees, guards and supervisors as defined by the Act.",29,33.440695,-111.856967,"Mesa, AZ 85201",1,"place","TIGER/Line® dataset from the US Census Bureau","Mesa","Maricopa County","AZ","85201","US",1,33.3797339237087,-111.645848012937,NA,NA
"28-RC-319950","Kaycha AZ, LLC","Region 28, Phoenix, Arizona","Open","06/12/2023","","","Tempe","AZ","A","Single Labor Organization","Initial","07/28/2023",12,NA,"United Food & Commercial Workers International Union, Local 99, AFL-CIO, CLC",4,"",NA,"",NA,3,10,"",3,"Y","","INCLUDED:  All full-time and regular part-time Lab Technicians and Lab Analysts employed by the Employer at its facility located in Tempe, Arizona.

Others permitted to vote: The parties have agreed that Senior Sales Executives may vote in the election, but their ballots will be challenged since their eligibility has not been resolved. No decision has been made regarding whether the individuals in this classification or group are included in, or excluded from, the bargaining unit. The eligibility or inclusion of these individuals will be resolved, if necessary, following the election.

EXCLUDED: All other employees, office clerical employees, confidential employees, professional employees, managerial employees, guards, and supervisors as defined in the Act.","","","",14,"","","INCLUDED:  All chemists, microbiologists, and laboratory technicians

EXCLUDED:  All other employees, including confidential employees, office clerical employees, professional employees, managerial employees, guards and supervisors as defined by the Act.",12,33.401395,-111.931298,"Tempe, AZ 85280",1,"place","TIGER/Line® dataset from the US Census Bureau","Tempe","Maricopa County","AZ","85280","US",1,33.4514193955757,-111.559021706421,NA,NA
"28-RC-327203","Summerlin Hospital Medical Center, LLC","Region 28, Phoenix, Arizona","Open","09/28/2023","","","Las Vegas","NV","A","Single Labor Organization","Initial","11/18/2023",185,NA,"International Association of Machinists and Aerospace Workers, Local Lodge SC711",59,"",NA,"",NA,75,168,"",34,"Y","","Included:  All full-time, regular part-time and per diem employees (eligible per diem employees being those employees working an average of four or more hours per week during the 13 weeks immediately preceding the eligibility date for the election) Occupational Therapy Assistant (COTA), Physical Therapy Assistant, Respiratory Therapist I, Respiratory Therapist II, Respiratory Therapist III, Tech – OB, Tech – Pharmacy, Tech – Open Heart Surgery, Tech – OR/Surgical, Tech OB (Cert), Tech Pharmacy (Non-Cert), Tech OR Surgical (Cert), Surgical Technician First Assist (Cert), Tech Imaging II (VHS), and Tech Interventional Radiological, employed by the Employer at its 657 North Town Center Drive, Las Vegas, Nevada facility. 

Excluded:  All other employees, non-professional employees, managers, directors, buyers, physicians, all other professional employees, skilled maintenance employees, business office clerical employees, guards, and supervisors as defined by the Act.","","","",100,"","","Included: All full time and regular part time, Respiratory Therapist, Respiratory Care Practitioner, Pharmacy Surgical Technicians,  
Occupation Therapist Assistants, Physical Therapist Assistants, Sterile Processing Technicians, Obstetrician Technicians and Anesthesia Technicians employed by the employer at Summerlin Hospital Medical Center located at 657 N Town Center Dr, Las Vegas, NV 89144.             

Excluded: All other non-professional employees, managers, Directors, Buyers, Physicians, all other professional employees, skilled maintenance employees, business office clerical employees, guards, and supervisors under the Act.",185,36.17372,-115.10647,"Las Vegas, NV 89101",1,"place","TIGER/Line® dataset from the US Census Bureau","Las Vegas","Clark County","NV","89101","US",1,35.725676828218,-115.422801064096,NA,NA
"28-RC-345142","Vitamin Cottage Natural Food Markets, Inc. dba Natural Grocers","Region 28, Phoenix, Arizona","Open","06/25/2024","","","Tucson","AZ","A","Single Labor Organization","Initial","07/18/2024",12,NA,"United Food & Commercial Workers International Union, Local 99, AFL-CIO, CLC",5,"",NA,"",NA,7,12,"",4,"","","INCLUDED:  All full-time and regular part-time Good4U Customer Care, Body Care Managers, Vitamin Manager, Vitamin/Body Care Assistants, Grocery/Bulk Manager, Grocery/Bulk Assistant, Receiving Managers, Receiving Assistants, Produce Managers, Produce Assistants, Dairy/Frozen Manager, Dairy/Frozen Assistants, Head Cashiers and Nutritional Health Coach employees employed by the Employer at its facility located in Tucson, Arizona. 

EXCLUDED:  All other employees, office clerical employees, confidential employees, professional employees, managerial employees, guards, and supervisors as defined in the Act.
","","","",16,"","","INCLUDED:  All full-time and regular part-time Good4U Customer, Body Care Managers, Vitamin manager, Vitamin/Body Assistants, Grocery/Bulk Manager, Grocery/Bulk Assistant, Receiving Managers, Receiving Assistants, Produce managers, Produce Assistants, Dairy/Frozen Manager, Dairy/Frozen Assistants, Head Cashiers and Nutritional Health Coach.

EXCLUDED:  All other employees, including confidential employees, office clerical employees, professional employees, managerial employees, guards and supervisors as defined by the Act.",12,32.217975,-110.970869,"Tucson, AZ 85701",1,"place","TIGER/Line® dataset from the US Census Bureau","Tucson","Pima County","AZ","85701","US",1,32.3672954331491,-111.313019987592,NA,NA
"28-RC-350562","NRG Services, Inc.","Region 28, Phoenix, Arizona","Open","09/13/2024","","","Albuquerque","NM","A","Single Labor Organization","Initial","12/19/2025",180,NA,"International Alliance of Theatrical Stage Employees, Moving Picture Technicians, Artists & Allied Crafts of the United States, its Territories and Canada, Local No. 423",36,"",NA,"",NA,14,60,"",10,"","International Alliance of Theatrical Stage Employees, Moving Picture Technicians, Artists & Allied Crafts of the United States, its Territories and Canada, Local No. 423","INCLUDED: All employees of NRG Services, Inc. who worked at least two events within the last twelve months preceding September 10, 2025 in Albuquerque, New Mexico. 

EXCLUDED:	All managers, security guards, and supervisors as defined by the Act.
","","","",90,"","International Alliance of Theatrical Stage Employees, Moving Picture Technicians, Artists & Allied Crafts of the United States, its Territories and Canada, Local No. 423","INCLUDED:  All full-time, part-time, overhire and temporary workers employed by NRG in Albuquerque

EXCLUDED:  Supervisors, managers, and security guards as defined by the Act.",180,35.199592,-106.644831,"Albuquerque, NM 87101",1,"place","TIGER/Line® dataset from the US Census Bureau","Albuquerque","Sandoval County","NM","87101","US",1,35.365672905823,-106.34455791522,NA,NA
"28-RC-352347","Chippendales Entertainment LLC","Region 28, Phoenix, Arizona","Open","10/07/2024","","","Las Vegas","NV","","","","",NA,NA,"Actors' Equity Association (Equity or AEA)",NA,"",NA,"",NA,NA,NA,"",NA,"","","","","","",19,"","","Included:  Performers and Stage Managers

Excluded:  Supervisors and Guards",NA,36.17372,-115.10647,"Las Vegas, NV 89101",1,"place","TIGER/Line® dataset from the US Census Bureau","Las Vegas","Clark County","NV","89101","US",1,35.9997309429248,-115.439143199242,NA,NA
"28-RC-353928","HH Sub I, LLC","Region 28, Phoenix, Arizona","Open","10/30/2024","","","Las Vegas","NV","","","","",NA,NA,"United Food & Commercial Workers International Union, Local 711",NA,"",NA,"",NA,NA,NA,"",NA,"","","","","","",35,"","","Included: Budtender, Curbside, Delivery Driver, Inventory Associate, Packaging, Floor Lead 

Excluded: General Manager, Assistant Manager, Inventory Lead, Operations Coordinator",NA,36.17372,-115.10647,"Las Vegas, NV 89101",1,"place","TIGER/Line® dataset from the US Census Bureau","Las Vegas","Clark County","NV","89101","US",1,36.3482589162097,-115.073125351222,NA,NA
"28-RC-361625","Hilltown Packing Co., Inc.","Region 28, Phoenix, Arizona","Open","02/26/2025","","","Yuma","AZ","","","","",NA,NA,"International Brotherhood of Teamsters Local 856",NA,"",NA,"",NA,NA,NA,"",NA,"","","","","","",16,"","","Included:  Truck Drivers

Excluded:  Supervisors and guards as defined by the Act, bus drivers, water tank drivers, any other employees",NA,32.701461,-114.657232,"Yuma, AZ 85364",1,"place","TIGER/Line® dataset from the US Census Bureau","Yuma","Yuma County","AZ","85364","US",1,32.5848081830003,-114.85153620245,NA,NA
"28-RC-364379","Skyhop Global, LLC","Region 28, Phoenix, Arizona","Open","04/21/2025","","","Las Vegas","NV","A","Single Labor Organization","Initial","05/22/2025",52,NA,"International Brotherhood of Teamsters Local 210",15,"",NA,"",NA,19,40,"",6,"Y","","INCLUDED: All full-time and regular part-time Drivers employed by the Employer at its facility located in Las Vegas, Nevada.

EXCLUDED: All other employees, office clerical employees, confidential employees, managerial employees, guards, and supervisors as defined in the Act.","","","",44,"","","Included:

All Drivers

Excluded:

All other employees",52,36.17372,-115.10647,"Las Vegas, NV 89101",1,"place","TIGER/Line® dataset from the US Census Bureau","Las Vegas","Clark County","NV","89101","US",1,35.8482808113706,-114.690502288054,NA,NA
"28-RC-375694","Metro Fire Equipment, Inc. d/b/a Metro Fire and Security","Region 28, Phoenix, Arizona","Open","11/25/2025","","","Mesa","AZ","A","Single Labor Organization","Initial","12/18/2025",15,NA,"UA Local Union 669 Road Sprinkler Fitters, a/w the United Association of Journeymen and Apprentices in the Plumbing and Pipe Fitting Industry of the United States and Canada",1,"",NA,"",NA,11,14,"",2,"","","INCLUDED: All full-time and regular part-time employees classified as Sprinkler Install performing sprinkler installation work based at the Employer’s facility located in Gilbert, Arizona.

EXCLUDED: All other employees, sprinkler service technicians, backflow technicians, employees performing underground pipe work, office clerical employees, managers, guards, and supervisors as defined in the Act.","","","",20,"","","Included: All full-time and regular part-time employees performing sprinkler installation work
who are employed by Metro Fire + Security out of its Gilbert, AZ facility; and all temporary
employees hired by Outsource to perform sprinkler installation work for Metro Fire + Security
out of its Gilbert, AZ facility.

Excluded: Sprinkler service technicians, backflow technicians, workers performing underground
pipe work, managers, guards, office clerical workers, supervisors, and all other employees.",15,33.440695,-111.856967,"Mesa, AZ 85201",1,"place","TIGER/Line® dataset from the US Census Bureau","Mesa","Maricopa County","AZ","85201","US",1,33.9405820061245,-111.614940289816,NA,NA
"28-RC-380668","Pahrump ICS LLC d/b/a Sheri's Ranch","Region 28, Phoenix, Arizona","Open","02/06/2026","","","Pahrump","NV","","","","",NA,NA,"Communications Workers of America, AFL-CIO",NA,"",NA,"",NA,NA,NA,"",NA,"","","","","","",74,"","","Included:
All full time, part time and on call courtesans

Excluded:
All other employees, guards, supervisors, and managers",NA,36.655797,-116.004795,"Pahrump, NV 89041",1,"place","TIGER/Line® dataset from the US Census Bureau","Pahrump","Nye County","NV","89041","US",1,36.3825077164953,-116.219932152467,NA,NA
"28-RC-380986","Venetian Las Vegas Gaming, LLC","Region 28, Phoenix, Arizona","Open","02/11/2026","","","Las Vegas","NV","A","Single Labor Organization","Initial","03/13/2026",69,NA,"International Union, United Automobile Aerospace and Agricultural Implement Workers of America (UAW), AFL-CIO",35,"",NA,"",NA,29,64,"",NA,"","International Union, United Automobile, Aerospace and Agricultural Implement Workers of America (UAW)","INCLUDED: All full-time and regular part-time Slot-Guest Services Representatives and Slot-Guest Services Representative Leads (Slot-GSRs) employed by the Employer at the Venetian Resort and the Palazzo at the Venetian Resort. 

EXCLUDED: All other employees, office clerical employees, professional employees, managers, guards, and supervisors as defined in the Act.","","","",66,"","International Union, United Automobile, Aerospace and Agricultural Implement Workers of America (UAW)","Included:
Included: All Slot-GSRs in classifications SLT024 and SLT052 employed by the employer at the Venetian Resort and the Palazzo at the Venetian Resort.

Excluded: 
All other employees, guards, and supervisors as defined in the Act.",69,36.17372,-115.10647,"Las Vegas, NV 89101",1,"place","TIGER/Line® dataset from the US Census Bureau","Las Vegas","Clark County","NV","89101","US",1,36.6331755930235,-115.372963602656,NA,NA
"28-RC-381901","AMI Mechanical, LLC","Region 28, Phoenix, Arizona","Open","02/26/2026","","","Las Vegas","NV","A","Single Labor Organization","Initial","03/27/2026",28,NA,"UA Local 525 United Association of Journeymen and Apprentices of the Plumbing and Pipefitting Industry of the U.S. and Canada",17,"",NA,"",NA,10,27,"",NA,"","United Association of Journeymen & Apprentices of the Plumbing & Pipefitting Industry of the United States & Canada, Local 525, AFL-CIO","INCLUDED: All full-time and regular part-time journeymen and apprentice plumbers, plumbing and pipefitter foremen, pipefitters, drivers, and laborers employed by the Employer at its facility in Las Vegas, Nevada. 

EXCLUDED: All other employees, official clerical employees, professional employees, guards, and supervisors as defined by the Act.
","","","",28,"","United Association of Journeymen & Apprentices of the Plumbing & Pipefitting Industry of the United States & Canada, Local 525, AFL-CIO","Included: 
All full-time and regular part-time journeymen and apprentice Plumbers employed by the Employer.

Excluded: 
All other employees, HVAC Service Technicians, foremen, leads, managerial
employees, supervisory employees, professional employees, clerical employees,
and guards and supervisors as defined by the Act.",28,36.17372,-115.10647,"Las Vegas, NV 89101",1,"place","TIGER/Line® dataset from the US Census Bureau","Las Vegas","Clark County","NV","89101","US",1,36.0438801340435,-115.234276638833,NA,NA
"28-RC-382375","C2 Steel, LLC d/b/a Holly Steel","Region 28, Phoenix, Arizona","Open","03/05/2026","","","Phoenix","AZ","A","Single Labor Organization","Initial","04/01/2026",22,NA,"District Council of Iron Workers of the State of California and Vicinity a/w International Association of Bridge, Structural, Ornamental and Reinforcing Iron Workers",11,"",NA,"",NA,10,28,"",8,"Y","","INCLUDED: All full-time and regular part-time Welders and General Laborers employed by the Employer to work in the field and based out of its facility located in Phoenix, Arizona.

EXCLUDED: All other employees, office clerical employees, temporary employees, confidential employees, managerial employees, guards, and supervisors as defined in the Act.","","","",17,"","","Included:
All full time and regular part-time field iron workers.

Excluded:
All other employees, including temporary employees, guards, and supervisors as defined in the Act.",22,33.703967,-112.351835,"Phoenix, AZ 85001",1,"place","TIGER/Line® dataset from the US Census Bureau","Phoenix","Maricopa County","AZ","85001","US",1,33.2961281024532,-111.984490861089,NA,NA
"28-RC-385902","Trailboss Enterprises, Inc.","Region 28, Phoenix, Arizona","Open","04/28/2026","","","El Paso","TX","A","Single Labor Organization","Initial","07/08/2026",43,1,"International Union Security, Police and Fire Professionals of America (SPFPA)",10,"",NA,"",NA,1,11,"",NA,"","International Union, Security, Police and Fire Professionals of America (SPFPA)","INCLUDED: All full-time and regular part-time Transportation Officers performing guard duties as defined in section 9(b)(3) of the National Labor Relations Act, employed by Trailboss Enterprises, Inc. under its El Paso Texas ICE contract. 

EXCLUDED: All other employees, office clerical employees, professional employees, managerial employees, confidential employees, and supervisors as defined in the Act. 
","","","",40,"","International Union, Security, Police and Fire Professionals of America (SPFPA)","Included: 
All employees performing guard duties as defined in section 9(b)(3) of the National Labor Relations Act, employed by Trailboss Enterprise at 243 Ivey Road, El Paso, TX 79927 

Excluded: 
All office clerical employees, professional employees and supervisors as defined in the act.",43,31.763608,-106.484592,"El Paso, TX 79901",1,"place","TIGER/Line® dataset from the US Census Bureau","El Paso","El Paso County","TX","79901","US",1,31.4519235694231,-106.564839131875,NA,NA
"28-RC-386140","Venue Management Systems, LLC d/b/a UrVenue","Region 28, Phoenix, Arizona","Open","04/30/2026","","","Las Vegas","NV","A","Single Labor Organization","Initial","05/29/2026",14,NA,"Communications Workers of America",8,"",NA,"",NA,2,11,"",1,"","Communications Workers of America","INCLUDED: All full-time and regular part-time design coordinator, onboarding experience manager, data analyst, data engineer, accounts receivable, senior implementation specialist, senior onboarding specialist, junior developer, product specialist, sales assistant, senior partnership manager, and client partner employed by the Employer at its facility in Las Vegas, Nevada.

Others permitted to vote: The parties have agreed that the Design Coordinator may vote in the election, but her ballot will be challenged because her eligibility has not been resolved. No decision has been made regarding whether the individual in this classification or group is included in, or excluded from, the bargaining unit. The eligibility or inclusion of this individual will be resolved following the election.

EXCLUDED: All other employees, temporary employees, independent contractors, guards and supervisors as defined in the Act.

","","","",14,"","Communications Workers of America","Included:
Design Coordinator
Onboarding Experience Manager
Data Analyst
Data Engineer
Accounts Receivable
Senior Implementation Specialist
Senior Onboarding Specialist
Junior Developer
Product Specialist
Sales Assistant
Senior Partnership Manager
Client Partner (x3)

Excluded:
All other employees, temporary employees, independent contractors, supervisors, and
guards.",14,36.17372,-115.10647,"Las Vegas, NV 89101",1,"place","TIGER/Line® dataset from the US Census Bureau","Las Vegas","Clark County","NV","89101","US",1,36.3507637664818,-115.329891712173,NA,NA
"28-RC-387106","Lockheed Martin Corporation","Region 28, Phoenix, Arizona","Open","05/15/2026","","","Kirtland AFB","NM","A","Single Labor Organization","Initial","07/02/2026",60,NA,"International Association of Machinists & Aerospace Workers, Local Lodge 794, AFL-CIO",51,"",NA,"",NA,NA,52,"",1,"","International Association of Machinists & Aerospace Workers, Local Lodge 794, AFL-CIO","INCLUDED:	All full-time and regular part-time employees assigned to the HH-60W Combat Rescue Helicopter (CRH) Training Program Interim Contract Support (ICS) in the following locations:  Davis-Monthan Air Force Base in Arizona, Kirtland Air Force Base in New Mexico, Moody Air Force Base in Georgia, Nellis Air Force Base in Nevada, and Patrick Space Force Base in Florida, who work in the following job classifications:  Classified Cyber Security, Classified Cyber Security Senior, Configuration Analyst Senior, Database Administrator Senior, Database Administrator Staff, Delivery & Sustainment Quality Representative Senior, Delivery & Sustainment Quality Representative Staff, Field Engineer, Field Engineer Associate, Field Engineer Senior, Field Engineer Staff, Flight Operations Aircrew Senior Staff, Flight Operations Aircrew Staff, Flight Simulation Trainer Senior Staff, Project Management & Planning Operations Representative Staff, Security Representative Senior, Security Representative Staff, Staff Property Analyst, Systems Administrator Staff, and Systems Engineer Staff.

EXCLUDED:	All other employees including managers, confidential employees, office clerical employees, guards, and supervisors as defined by the Act.
","","","",58,"","International Association of Machinists & Aerospace Workers, Local Lodge 794, AFL-CIO","Included:
All full-time and regular part-time CI/Lead Pilot, CI/Pilot, CI/SMA, Field Engineers,
Cyber Security, Configuration. Analyst, Data Management, Student
Services/Registrar/Scheduler, Flightline Schedulers, Mission Planners, Property
Administrators, Security Technicians, Site Administrator, Quality Assurance,
Concurrency/Obsolescence employed by the employer on its Radar Ground Station
(RGS) Integrated Combat Systems (ICS) unit programs at its locations inside the
United States.

Excluded:
All other employees including those defined in the Act.",60,35.008492,-106.563864,"Kirtland AFB, NM 87117",1,"place","TIGER/Line® from the US Census Bureau","Kirtland AFB","Bernalillo County","NM","87117","US",1,35.141660903878,-106.33200065987,NA,NA
"28-RC-387377","Tucson Streetcar Inc., LLC dba Sun Link","Region 28, Phoenix, Arizona","Open","05/18/2026","","","Tucson","AZ","","","","",NA,NA,"",NA,"",NA,"",NA,NA,NA,"",NA,"","","","","","",8,"","","Included: 
All full- and part-time Rail Supervisors/Road Supervisors at the Employer’s Tucson location. Petitioners seek an Armour-Globe election, adding the Rail Supervisors/Road Supervisors to the existing unit of all operators and maintenance workers working at the Employer’s location in Tucson.

Excluded:
All supervisors, managers and guards at its facility located in Tucson. 
",NA,32.217975,-110.970869,"Tucson, AZ 85701",1,"place","TIGER/Line® from the US Census Bureau","Tucson","Pima County","AZ","85701","US",1,31.8710765802175,-111.454542088485,NA,NA
"28-RC-389115","Banner Medical Group, Inc.","Region 28, Phoenix, Arizona","Open","06/17/2026","","","Phoenix","AZ","","","","",NA,NA,"Union of American Physicians and Dentists a/w AFSCME, AFL-CIO",NA,"",NA,"",NA,NA,NA,"",NA,"","","","","","",243,"","","Included:
All Primary Care Medical Doctors, Doctors of Osteopathy,
Nurse Practitioners, and Physician Assistants employed in the outpatient clinics in Arizona.

Excluded:
All other employees, guards and supervisors.",NA,33.703967,-112.351835,"Phoenix, AZ 85001",1,"place","TIGER/Line® from the US Census Bureau","Phoenix","Maricopa County","AZ","85001","US",1,33.572809096068,-111.95785170295,NA,NA
"28-RC-389248","Real Time Solutions, Inc.","Region 28, Phoenix, Arizona","Open","06/23/2026","","","Albuquerque","NM","","","","",NA,NA,"Communications Workers of America Local 7011",NA,"",NA,"",NA,NA,NA,"",NA,"","","","","","",32,"","","Included: 
All employees working out of the New Mexico office (in person or remote) 

Excluded: 
All Statutorily excluded employees and interns",NA,35.199592,-106.644831,"Albuquerque, NM 87101",1,"place","TIGER/Line® from the US Census Bureau","Albuquerque","Sandoval County","NM","87101","US",1,35.3545283255035,-107.028198942413,NA,NA
"28-RC-389402","ISS Action, Inc","Region 28, Phoenix, Arizona","Open","06/24/2026","","","Tucson","AZ","","","","",NA,NA,"International Union, Security, Police and Fire Professionals of America (SPFPA)",NA,"",NA,"",NA,NA,NA,"",NA,"","","","","","",58,"","","Included: 
All employees performing guard duties as defined in Section 9(b)(3) of the National Labor Relations Act, employed by ISS Action, Inc. @ 5838 1-10 Frontage Rd, Tucson, AZ 85756. 

Excluded: 
All office clerical employees, professional employees and supervisors as defined in the Act.",NA,32.217975,-110.970869,"Tucson, AZ 85701",1,"place","TIGER/Line® from the US Census Bureau","Tucson","Pima County","AZ","85701","US",1,32.6785640472885,-110.760404609307,NA,NA
"28-RC-390142","Amentum Services, Inc.","Region 28, Phoenix, Arizona","Open","07/06/2026","","","Holloman AFB","NM","A","Single Labor Organization","Initial","07/29/2026",32,NA,"International Association of Machinists and Aerospace Workers, AFL-CIO, Local Lodge 2515",21,"",NA,"",NA,5,30,"",4,"","International Association of Machinists & Aerospace Workers, AFL-CIO, Local Lodge 2515","INCLUDED: All full-time and regular part-time Supply Clerks, Supply Techs, Logistic Specialists, Workload Specialists, Fuels Support Equipment Mechanics, Fuels Support Equipment Technicians, Mobile AC Arresting Systems Technicians, Traffic Management Specialists, QA’s, Property Specialists, Heavy Equipment Mechanics, Fabrication Technicians, Power Pro Technician/Ground Support Equipment Mechanics, and Packing and Crating employed by the Employer at its Holloman AFB operation.

Others permitted to vote: The parties have agreed that Technical Order Distribution Office (TODO) and Procurement Specialists may vote in the election but their ballots will be challenged
since their eligibility has not been resolved. No decision has been made regarding whether the individuals in these classifications or groups are included in, or excluded from, the bargaining unit. The eligibility or inclusion of these individuals will be resolved, if necessary, following the election.

EXCLUDED: All other employees, clerical employees, confidential employees, temporary employees, seasonal employees, managerial employees, guards and supervisors as defined in the Act.","","","",32,"","International Association of Machinists & Aerospace Workers, AFL-CIO, Local Lodge 2515","Included: 
All full time and regular part time Supply Clerks, Supply Techs, Logistic Specialists, Workload Specialists, Procurement Specialists, Fuels Support Equipment Mechanics, Fuels Support Equipment Technicians, Mobile AC Arresting Systems Technicians, Traffic Management Specialists, QA’s, Property Specialists, Heavy Equipment Mechanics, Fabrication Technicians, Power Pro Technician/Ground Support Equipment Mechanics, Packing and Crating, and TODO employed by the employer at their Holloman AFB operation. 

Excluded:
All other employees as define in the Act.",32,32.836613,-106.077384,"Holloman AFB, NM 88330",1,"place","TIGER/Line® from the US Census Bureau","Holloman AFB","Otero County","NM","88330","US",1,32.3678508031667,-106.294412202722,NA,NA
"28-RC-390680","MSG The Sphere Las Vegas Sphere and Sphere Entertainment Co.","Region 28, Phoenix, Arizona","Open","07/13/2026","","","Las Vegas","NV","A","Single Labor Organization","Initial","08/05/2026",22,NA,"General Teamsters, Airline, Aerospace and Allied Employees, Warehousemen, Drivers, Construction, Rock and Sand, Local 986",18,"",NA,"",NA,1,20,"",1,"","General Teamsters, Airline, Aerospace and Allied Employees, Warehousemen, Drivers, Construction, Rock and Sand, Local 986","INCLUDED: All full-time and regular part-time MSPH food and beverage warehouse workers employed by the Employer at its facility in Las Vegas, Nevada.

EXCLUDED: All other employees already represented by a labor organization, guards, managers, and supervisors as defined by the Act.","","","",24,"","General Teamsters, Airline, Aerospace and Allied Employees, Warehousemen, Drivers, Construction, Rock and Sand, Local 986","Included: 
All full-time, part-time and on-call MSPH food and beverage warehouse workers employed at its facility in Las Vegas, Nevada

Excluded: Employees already represented by a labor organization, and all other employees, guards and supervisors, as defined by the Act.",22,36.17372,-115.10647,"Las Vegas, NV 89101",1,"place","TIGER/Line® from the US Census Bureau","Las Vegas","Clark County","NV","89101","US",1,36.5601878719547,-115.331578781131,NA,NA
"28-RC-390864","El Centro Family Health","Region 28, Phoenix, Arizona","Open","07/14/2026","","","Espanola","NM","B","Single Labor Organization","Initial","08/07/2026",101,NA,"District 1199NM, National Union of Hospital and Healthcare Employees, AFSCME, AFL-CIO",6,"",NA,"",NA,52,59,"",1,"","","VOTING GROUP A - PROFESSIONAL EMPLOYEES
INCLUDED:	All full-time, regular part-time, and per diem Behavioral Health Therapists, Dentists, Pharmacists, Physicians, Certified Physician Assistants, Physician Assistants, Family Nurse Practitioners, Pediatric Nurse Practitioners, Certified Nurse Practitioners, Nurse Practitioners, Clinical Nurse Specialists, PRN Registered Nurses, Chronic Care Management Registered Nurses, and Registered Nurses employed by the Employer.

EXCLUDED:	All Dental Hygienists, Licensed Practical Nurses, PRN Licensed Practical Nurses, Medical Assistants, PRN Medical Assistants, Pharmacy Assistants, Ambulatory Care Compliance Assistants, Behavioral Health Therapist Community Health Workers, Clinic Coordinators, Clinic Receptionists, Community Health Workers, Custodians, Dental Clinic Receptionists, ISUD Support Specialists, and Value Based Clinical Quality Coordinators, Clinical Managers, Accountants, Human Resources Assistants, Executive Assistants, guards, confidential employees, managerial employees, and supervisors as defined in the National Labor Relations Act.

VOTING GROUP B - NON-PROFESSIONAL EMPLOYEES
INCLUDED:	All full-time, regular part-time, and per diem Dental Hygienists, Licensed Practical Nurses, PRN Licensed Practical Nurses, Medical Assistants, PRN Medical Assistants, Pharmacy Assistants, Ambulatory Care Compliance Assistants, Behavioral Health Therapist Community Health Workers, Clinic Coordinators, Clinic Receptionists, Community Health Workers, Custodians, Dental Clinic Receptionists, ISUD Support Specialists, and Value Based Clinical Quality Coordinators employed by the Employer.

EXCLUDED:	All Behavioral Health Therapists, Dentists, Pharmacists, Physicians, Certified Physician Assistants, Physician Assistants, Family Nurse Practitioners, Pediatric Nurse Practitioners, Certified Nurse Practitioners, Nurse Practitioners, Clinical Nurse Specialists, PRN Registered Nurses, Chronic Care Management Registered Nurses, Registered Nurses, Clinical Managers, Accountants, Human Resources Assistants, Executive Assistants, guards, confidential employees, managerial employees, and supervisors as defined in the National Labor Relations Act.

If a majority of the professional employees voting in Group A vote “Yes” to the first question, indicating their desire to be included in a unit with non-professional employees, they will be so included, and their votes on the second question will be counted together with the votes of the non-professional employees in Group B to decide the question concerning representation for the overall unit consisting of the employees in Groups A and B.  If on the other hand, a majority of the professional employees voting in Group A do not vote “Yes” to the first question, their ballots will be counted separately to decide the question concerning representation in a separate Group A.
","","","",215,"","","INCLUDED:
Group A:  All full-time, regular part-time, and per diem professional employees, including: Behavioral Health Therapists, Chronic Care Management RNs, Dental Hygienists, Dentists, Medical Assistants, Licensed Practical Nurses (LPNs), Pharmacy Assistants, Physicians, Physicians Assistants, PRN Medical Assistants, PRN Licensed Practical Nurses (LPNs), PRN Registered Nurses (RNs), and Registered Nurses (RNs), employed by El Centro Family Health at its health and dental clinics located at all of the addresses as listed on Attachment A to the Petition.

Group B:  All full-time, regular part-time, and per diem employees, including: Ambulator Care Compliance Assistants, Behavioral Health Therapist Community Health Workers, Clinic Coordinators, Clinic Receptionists, Community Health Workers, Custodians, Dental Clinic Receptionists, Executive Assistants, Human Resources Assistants, ISUD Support Specialists, Talent Acquisition Specialists, Clinic Managers, and Value Based Clinical Quality Coordinators, employed by El Centro Family Health at its health and dental clinics located at all of the addresses as listed on Attachment A to the Petition.
 
EXCLUDED:
Group A: Ambulator Care Compliance Assistants, Behavioral Health Therapist Community Health Workers, Clinic Coordinators, Clinic Receptionists, Community Health Workers, Custodians, Dental Clinic Receptionists, Executive Assistants, Human Resources Assistants, ISUD Support Specialists, Talent Acquisition Specialists, Clinic Managers, and Value Based Clinical Quality Coordinators, and all other managerial employees, guards, and supervisors as defined in the Act.

Group B: All professional employees and all other managerial employees, guards, and supervisors as defined in the Act.",55,35.993867,-106.088977,"Espanola, NM 87532",1,"place","TIGER/Line® from the US Census Bureau","Espanola","Rio Arriba County","NM","87532","US",1,35.9271879909964,-106.123806938784,NA,NA
"28-RC-391053","Residential Fire Protection d/b/a On Guard Fire Protection","Region 28, Phoenix, Arizona","Open","07/20/2026","","","Las Vegas","NV","A","Single Labor Organization","Initial","08/14/2026",17,NA,"Road Sprinkler Fitters Local 669",6,"",NA,"",NA,8,21,"",7,"Y","","INCLUDED: All full-time and regular part-time Fire Sprinkler Foreman, Fire Sprinkler Fitter, Fire Sprinkler Installer, and Fire Sprinkler Apprentice employees employed by the Employer in the Employer's Commercial Division at its facility located in Las Vegas, Nevada.

EXCLUDED: All other employees, office clerical employees, professional employees, guards, and supervisors as defined in the Act.","","","",22,"","","Included: 
All full-time and regular part-time Fire Sprinkler Installer Foremen, Fire Sprinkler Fitter Installers, and Fire Sprinkler Installer Apprentices employed in the Employer’s New Construction Department at the Employer’s Las Vegas, Nevada facility. 

Excluded: 
All other employees, office clericals, guards and supervisors as defined in the Act.",17,36.17372,-115.10647,"Las Vegas, NV 89101",1,"place","TIGER/Line® from the US Census Bureau","Las Vegas","Clark County","NV","89101","US",1,35.6959356778909,-114.693879327505,NA,NA
"28-RC-391836","WJM Professional Services LLC","Region 28, Phoenix, Arizona","Open","07/29/2026","","","Fort Bliss","TX","","","","",NA,NA,"IUOE Local 351",NA,"",NA,"",NA,NA,NA,"",NA,"","","","","","",28,"","","Employees Included
All hourly full-time Pharmacy Tech, Pharmacist, LVN Medical Screening, LVN
Immunization, Medical Clerk (PAD), RN Case Management, Optometry Optician,
Supply Technician, Phlebotomist Lab's, Audiology Hearing MSA, CNA Screening,
Medical Lab Technician, Medial Clerks employed by the employer Magnificus
Corporation at 1717 Marshall Rd. Fort Bliss, TX.

Employees Excluded
All Supervisor as defined by the Act.",NA,31.810651,-106.404743,"Fort Bliss, TX 79906",1,"place","TIGER/Line® from the US Census Bureau","Fort Bliss","El Paso County","TX","79906","US",1,32.0864991376804,-106.523231675915,NA,NA
"28-RC-391837","Sterling Medical Associates, Inc.","Region 28, Phoenix, Arizona","Open","07/29/2026","","","Fort Bliss","TX","","","","",NA,NA,"IUOE Local 351",NA,"",NA,"",NA,NA,NA,"",NA,"","","","","","",8,"","","Employees Included
All hourly full-time Lab Techs, Phlebotomist, LVN, CNA Medical Screening, RN Case Management employed by the employer Sterling Medical at 1717 Marshall Fort Bliss, TX.

Employees Excluded
All Providers, Social Workers, Administrative Assistance and all Supervisor as defined by the Act",NA,31.810651,-106.404743,"Fort Bliss, TX 79906",1,"place","TIGER/Line® from the US Census Bureau","Fort Bliss","El Paso County","TX","79906","US",1,31.4732733193016,-106.695618164326,NA,NA
"28-RC-391959","Magnificus Corporation","Region 28, Phoenix, Arizona","Open","07/29/2026","","","Fort Bliss","TX","","","","",NA,NA,"IUOE Local 351",NA,"",NA,"",NA,NA,NA,"",NA,"","","","","","",37,"","","Employees Included
All hourly full-time Pharmacy Tech, Pharmacist, LVN Medical Screening, LVN
Immunization, Medical Clerk (PAD), RN Case Management, Optometry Optician,
Supply Technician, Phlebotomist Lab's, Audiology Hearing MSA, CNA Screening,
Medical Lab Technician, Medial Clerk employed by the employer Magnificus
Corporation at 1717 Marshall Rd. Fort Bliss, TX.

Employees Excluded
All Supervisor as defined by the Act.",NA,31.810651,-106.404743,"Fort Bliss, TX 79906",1,"place","TIGER/Line® from the US Census Bureau","Fort Bliss","El Paso County","TX","79906","US",1,31.607042278971,-106.767734495291,NA,NA
"28-RC-392293","Starbucks Corporation","Region 28, Phoenix, Arizona","Open","08/04/2026","","","Tempe","AZ","","","","",NA,NA,"Workers United a/w Service Employees International Union (SEIU)",NA,"",NA,"",NA,NA,NA,"",NA,"","","","","","",24,"","","Included:  
All full-time and regular part-time Baristas and Shift Supervisors

Excluded:
Store managers, assistant managers, office clericals, guards, professionals, supervisors",NA,33.401395,-111.931298,"Tempe, AZ 85280",1,"place","TIGER/Line® from the US Census Bureau","Tempe","Maricopa County","AZ","85280","US",1,33.5944065823634,-111.740984689638,NA,NA
"28-RC-392294","V2X, Inc.","Region 28, Phoenix, Arizona","Open","07/31/2026","","","Fort Bliss","TX","","","","",NA,NA,"International Association of Machinists & Aerospace Workers, AFL-CIO, Local Lodge 2515",NA,"",NA,"",NA,NA,NA,"",NA,"","","","","","",4,"","","Included:
Electronic Technician III, Electrical Technician II, Instructor, Operator, Maintainer II

Excluded:
All other employees.",NA,31.810651,-106.404743,"Fort Bliss, TX 79906",1,"place","TIGER/Line® from the US Census Bureau","Fort Bliss","El Paso County","TX","79906","US",1,31.8960682452819,-106.803752607034,NA,NA
"28-RC-392523","American Residential Services LLC d/b/a YES! Air Conditioning, Heating, Plumbing & Electric","Region 28, Phoenix, Arizona","Open","08/05/2026","","","Las Vegas","NV","","","","",NA,NA,"United Association of Journeymen and Apprentices of the Plumbing and Pipefitting Industry of the United States and Canada Local Union No. 525",NA,"",NA,"",NA,NA,NA,"",NA,"","","","","","",18,"","","Included:
All full-time and regular part-time plumbing service technicians and plumbing service helpers
working for American Residential Services LLC d/b/a YES! Air Conditioning, Heating,
Plumbing & Electric at its facility located at 6275 S. Pioneer Way, Las Vegas, NV 89113.

Excluded:
All other employees, office clerical employees, managerial employees, guards and supervisors as defined in the Act.",NA,36.17372,-115.10647,"Las Vegas, NV 89101",1,"place","TIGER/Line® from the US Census Bureau","Las Vegas","Clark County","NV","89101","US",1,36.3358397310742,-115.443160380005,NA,NA
"28-RC-392639","Starbucks Corporation","Region 28, Phoenix, Arizona","Open","08/07/2026","","","Bernalillo","NM","","","","",NA,NA,"Workers United a/w Service Employees International Union AFL-CIO",NA,"",NA,"",NA,NA,NA,"",NA,"","","","","","",19,"","","Included: All full-time and regular part-time Baristas and Shift Supervisors

Excluded: Store managers, assistant managers, office clericals, guards, professionals, supervisors",NA,35.30004,-106.55114,"Bernalillo, NM 87004",1,"place","TIGER/Line® from the US Census Bureau","Bernalillo","Sandoval County","NM","87004","US",1,35.7114328638399,-106.615742978993,NA,NA
"28-RD-382726","A Caring Hand Home Health Care","Region 28, Phoenix, Arizona","Open","03/09/2026","","","Las Vegas","NV","","","","",NA,NA,"Service Employees International Union, Local 1107",NA,"",NA,"",NA,NA,NA,"",NA,"","","","","","",115,"","","Included: All full-time and regular part-time personal care attendants.

Excluded: 
All other employees, office clerical employees. professional employees, managers, guards, and supervisors.",NA,36.17372,-115.10647,"Las Vegas, NV 89101",1,"place","TIGER/Line® dataset from the US Census Bureau","Las Vegas","Clark County","NV","89101","US",1,35.9043629236196,-114.65925862617,NA,NA
"28-RD-382727","All About You Home Health Care","Region 28, Phoenix, Arizona","Open","03/09/2026","","","Las Vegas","NV","","","","",NA,NA,"Service Employees International Union, Local 1107",NA,"",NA,"",NA,NA,NA,"",NA,"","","","","","",83,"","","Included:
All full-time and regular part-time personal care attendants.

Excluded:
All other employees, office clerical employees, professional employees, managers, guards, and supervisors.",NA,36.17372,-115.10647,"Las Vegas, NV 89101",1,"place","TIGER/Line® dataset from the US Census Bureau","Las Vegas","Clark County","NV","89101","US",1,35.9759324418058,-115.367947184249,NA,NA
"28-RD-382731","Avalon Home Health Care","Region 28, Phoenix, Arizona","Open","03/09/2026","","","Las Vegas","NV","","","","",NA,NA,"Service Employees International Union, Local 1107",NA,"",NA,"",NA,NA,NA,"",NA,"","","","","","",116,"","","Included:
All full-time and regular part-time personal care assistants.

Excluded:
All other employees, office clerical employees, professional employees, managers, guards, and supervisors.",NA,36.17372,-115.10647,"Las Vegas, NV 89101",1,"place","TIGER/Line® dataset from the US Census Bureau","Las Vegas","Clark County","NV","89101","US",1,36.1613079269093,-114.847031433602,NA,NA
"28-RD-382733","Advanced Home Health Care","Region 28, Phoenix, Arizona","Open","03/09/2026","","","Las Vegas","NV","","","","",NA,NA,"Service Employees International Union, Local 1107",NA,"",NA,"",NA,NA,NA,"",NA,"","","","","","",77,"","","Included:

All full-time and regular part-time personal care attendants

Excluded:

All other employees, office clerical employees, professional employees, managers, guards, and supervisors",NA,36.17372,-115.10647,"Las Vegas, NV 89101",1,"place","TIGER/Line® dataset from the US Census Bureau","Las Vegas","Clark County","NV","89101","US",1,36.1906615888377,-115.02534449543,NA,NA
"28-RD-383499","Absolute Home Care","Region 28, Phoenix, Arizona","Open","03/19/2026","","","Las Vegas","NV","","","","",NA,NA,"Service Employees International Union, Local 1107",NA,"",NA,"",NA,NA,NA,"",NA,"","","","","","",116,"","","Included:
All full-time and regular part-time personal care attendants.

Excluded:
All other employees, office clerical employees, professional employees, managers, guards, and supervisors.",NA,36.17372,-115.10647,"Las Vegas, NV 89101",1,"place","TIGER/Line® dataset from the US Census Bureau","Las Vegas","Clark County","NV","89101","US",1,35.8022450675865,-114.838505971945,NA,NA
"28-RD-384345","The Healing Healthcare 3, Inc. d/b/a Curaleaf Camelback Dispensary","Region 28, Phoenix, Arizona","Open","04/03/2026","","","Phoenix","AZ","","","","",NA,NA,"United Food and Commercial Workers, Local 99",NA,"",NA,"",NA,NA,NA,"",NA,"","","","","","",25,"","","Included:

All full-time and regular part-time Store Associates employed by the Employer at this facility

Excluded:

All other employees, office clerical, professional employees, Store Associate Leads, inventory leads, inventory lead specialists, managers, guards, and supervisors as defined in the Act.",NA,33.703967,-112.351835,"Phoenix, AZ 85001",1,"place","TIGER/Line® dataset from the US Census Bureau","Phoenix","Maricopa County","AZ","85001","US",1,33.7456975084411,-112.544510788654,NA,NA
"28-RM-337949","St. John's College","Region 28, Phoenix, Arizona","Open","03/13/2024","","","Santa Fe","NM","","","","",NA,NA,"Communication Workers of America, AFL-CIO",NA,"",NA,"",NA,NA,NA,"",NA,"","","","","","",182,"","","Included: All undergraduate and graduate student workers (which includes Academic Student Assistants, Admissions Student Assistants, Advancement Student Assistants, Art Gallery Student 
Assistants, Elementary School Tutor Student Assistants, Buildings and Grounds Student Assistants, Bookstore Student Assistants, Community Programs Student Assistants, Dean's Office Student 
Assistants, Financial Aid Student Assistants, Folk Art Museum Student Assistants, Graduate Institute Student Assistants, IT Student Assistants, Lab Student Assistant, Library Student Assistants, Mailroom Student Assistants, Music Student Assistants, Outdoor Programs Student Assistants, Office of Personal and Professional Development Student Assistants, Registrar's Office Student Assistants, Student Activities Center Student Assistants, Public Safety Student Assistants, Sage Dining Student Assistants, Student Life Student Assistants, Writing Student Assistants, Shuttle Driver Student Assistants) who are employed solely by St. John's College, located at 1160 Camino De Cmz Blanca, Santa Fe, New Mexico 87505.
Excluded: All other employees: non-student employees; tenured faculty; tenure-track faculty; teaching fellows; officers; faculty associates; full-time, part-time, temporary, and seasonal staff 
employees; all persons employed by any other Colleges not specified in the unit description above; office clerical employees; confidential employees; professional employees; managers; guards and supervisors as defined by the National Labor Relations Act.
",NA,35.697473,-105.982146,"Santa Fe, NM 87501",1,"place","TIGER/Line® dataset from the US Census Bureau","Santa Fe","Santa Fe County","NM","87501","US",1,35.3172788088776,-106.0650069569,NA,NA
"28-RM-338567","Green Sky Patient Care Center of Scottsdale, Inc.","Region 28, Phoenix, Arizona","Open","03/22/2024","","","Phoenix","AZ","A","Single Labor Organization","Initial","04/23/2024",53,NA,"United Food & Commercial Workers International Union, Local 99, AFL-CIO, CLC",18,"",NA,"",NA,15,33,"",4,"Y","","INCLUDED:  All full-time and regular part-time Compliance Technician – Manufacturing, Cultivation Safety Technician, Distribution Associate, Inventory Lead, Inventory Specialist, Maintenance Technician, Manufacturing Lead Technician, Manufacturing Technician, Sanitation Associate, and Supply Chain Lead employees employed by the Employer at its facility located in Phoenix, Arizona.

Others permitted to vote: The parties have agreed that Drivers – Logistics and Material Handler Leads may vote in the election but their ballots will be challenged since their eligibility has not been resolved.  No decision has been made regarding whether the individuals in this classification or group are included in, or excluded from, the bargaining unit.  The eligibility or inclusion of these individuals will be resolved, if necessary, following the election.

EXCLUDED:  All other employees, office clerical employees, professional employees, confidential employees, managerial employees, guards, and supervisors as defined in the Act. 
","","","",52,"","","Included: All full-time and regular part-time Compliance Technicians – Manufacturing, Cultivation Safety Technicians, Distribution Associates, Drivers – Logistics, Inventory Leads, Inventory Specialists, Maintenance Technicians, Manufacturing Lead Technicians, Manufacturing Technicians, Material Handler Leads, Sanitation Associates, and Supply Chain Leads.
Excluded: All other employees, including confidential employees, office clerical employees, professional employees, managerial employees, guards, and supervisors as defined by the Act.",53,33.703967,-112.351835,"Phoenix, AZ 85001",1,"place","TIGER/Line® dataset from the US Census Bureau","Phoenix","Maricopa County","AZ","85001","US",1,34.0606407805959,-112.292234797168,NA,NA
"28-RM-350844","Backstage Employment & Referral, Inc.","Region 28, Phoenix, Arizona","Open","09/17/2024","","","Las Vegas","NV","","","","",NA,NA,"International Alliance of Theatrical Stage Employees, Moving Picture Technicians, Artists and Allied Crafts of the United States, its Territories and Canada, Local 720, AFL-CIO, CLC",NA,"",NA,"",NA,NA,NA,"",NA,"","","","","","",27,"","","INCLUDED:  All regular full-time, part-time, and on-call warehouse workers, personal assistants, and stagehands (Magi), including wardrobe, audio, video, lighting, spotlight, props, camera and rigging.
EXLCUDED:  All other employees, including guards and supervisors, as defined in the Act.",NA,36.17372,-115.10647,"Las Vegas, NV 89101",1,"place","TIGER/Line® dataset from the US Census Bureau","Las Vegas","Clark County","NV","89101","US",1,36.1655260947675,-115.572502593977,NA,NA
"29-RC-279096","MJ Melo Painting, Ltd","Region 29, Brooklyn, New York","Open","06/28/2021","","","Brooklyn","NY","A","Single Labor Organization","Initial","09/28/2021",15,1,"International Brotherhood Electrical Workers Local 1430",7,"",NA,"",NA,5,12,"",4,"Y","","Included:
All full-time and regular part-time painters.

Excluded:
All other employees, including guards and supervisors as defined by the Act.","","","",16,"","","Employees included:
Full time and regular part time Painters

Employees Excluded:
All other employees",15,40.645099,-73.945032,"Brooklyn, NY 11256",0.67,"place","TIGER/Line® dataset from the US Census Bureau","Brooklyn","Kings County","NY","11256","US",1,40.9860471982235,-74.1741037824362,NA,NA
"29-RC-288020","Amazon.com Services LLC","Region 28, Phoenix, Arizona","Open","12/22/2021","","","Staten Island","NY","A","Single Labor Organization","Initial","04/01/2022",8325,17,"Amazon Labor Union",2654,"",NA,"",NA,2131,4852,"",67,"","Amazon Labor Union","Included: All hourly full-time and regular-part time fulfillment center associates employed at the Employer’s JFK8 building located at 546 Gulf Avenue, Staten Island, New York. 

Excluded: Truck drivers, seasonal employees, temporary employees, clerical employees, professional employees, managerial employees, engineering employees, maintenance employees, robotics employees, information technology employees, delivery associates, loss prevention employees, on-site medical employees, guards and supervisors as defined by the Act.
","","","",NA,"","","",NA,40.601817,-74.06052,"Staten Island Pkwy, Staten Island, NY 10305",1,"street_center","TIGER/Line® dataset from the US Census Bureau","Staten Island","Richmond County","NY","10305","US",1,40.4349524050897,-73.9892524408069,NA,NA
"29-RC-290364","Starbucks Corporation","Region 29, Brooklyn, New York","Open","02/10/2022","","","Great Neck","NY","A","Single Labor Organization","Initial","05/03/2022",15,NA,"New York-New Jersey Regional Joint Board, Workers United, affiliated with SEIU",5,"",NA,"",NA,6,11,"",1,"Y","","Included: All full-time and regular part-time Baristas and Shift Supervisors employed by the Employer at its Store #884 located at 6 Great Neck Road, Great Neck, NY.

Excluded: All store managers, officer clerical, confidential employees, managerial employees, guards, professional employees and supervisors as defined by the Act, and all other employees. 

Others permitted to vote: The parties have agreed that employees in the title of Assistant Store Managers may vote in the election but subject to challenge since their eligibility has not been resolved. No decision has been made regarding whether the individuals in these classifications or groups are included in, or excluded from, the bargaining unit. The eligibility or inclusion of these individuals will be resolved, if necessary, following the election. 
","","","",14,"","","Included:
All full-time and regular part-time baristas, shift supervisors, and assist. store managers

Excluded:
Store managers, office clericals, guards, and supervisors as defined by the Act",15,40.771442,-73.714819,"Great Neck, NY 11020",1,"place","TIGER/Line® dataset from the US Census Bureau","Great Neck","Nassau County","NY","11020","US",1,41.0775392490348,-74.0226283815129,NA,NA
"29-RC-358308","Progressive Maintenance LLC and Progressive Management of NY V LLC, Joint Employers","Region 29, Brooklyn, New York","Open","01/15/2025","","","Brooklyn","NY","A","Single Labor Organization","Initial","04/14/2026",20,1,"LOCAL 2 BUILDING SERVICE EMPLOYEE & FACTORY WORKERS, USWU, IUJAT",12,"",NA,"",NA,NA,12,"",5,"","Local 2 Building Service Employees and Factory Workers USWU, IUJAT","Included:  All full-time and regular part-time superintendents and porters employed by the Employer at 894 Fountain Avenue, 11629 Seaview Avenue, 881 Erskine Street, 10 Schroeder’s Walk, 911 Erskine Street, and 702 Vandalia Avenue, Brooklyn, New York.

Excluded:  All other employees, guards, and supervisors as defined in Section 2(11) of the Act.
","","","",19,"","Local 2 Building Service Employees and Factory Workers USWU, IUJAT","Included: All Building Superintendents, Porters at the addresses stated above in section 2 (6)

Excluded: All others",20,40.694481,-73.989319,"Brooklyn, NY 11201",1,"place","TIGER/Line® dataset from the US Census Bureau","Brooklyn","Kings County","NY","11201","US",1,40.2585787381263,-73.6758384344427,NA,NA
"29-RC-360278","ERMC Aviation LLC","Region 29, Brooklyn, New York","Open","02/13/2025","","","Jamaica","NY","A","Single Labor Organization","Initial","03/26/2025",92,NA,"Transport Workers Union of America, AFL-CIO",63,"",NA,"",NA,16,79,"",NA,"","Transport Workers Union of America AFL-CIO","Included:  All fulltime and regular part-time Bus Operators and Supervisor Bus Operators who perform work for the Delta Employee Shuttle, the Delta Employee Ramp or the T4 Operations contracts at JFK International Airport.

Excluded: All other employees, office clerical employees, guards and supervisors as defined by the Act.



","","","",102,"","TRANSPORT WORKERS UNION OF AMERICA, AFL-CIO","Included:
Full time and part time Bus Operators and Bus Driver Supervisors.

Excluded:
All other employees.",92,40.607754,-74.023937,"Jamaica, NY 11425",1,"place","TIGER/Line® dataset from the US Census Bureau","Jamaica","Kings County","NY","11425","US",1,41.0591872117978,-74.3032165391288,NA,NA
"29-RC-361772","AGI Cargo, LLC","Region 29, Brooklyn, New York","Open","03/11/2025","","","Queens","NY","","","","",NA,NA,"Amalgamated Production Workers, Local 22, ESJB, IUANPW, AFL-CIO",NA,"",NA,"",NA,NA,NA,"",NA,"","","","","","",350,"","","Included: All full-time and part time Mail sorters (post office), Office agents, Pax/ramp/cargo/warehouse agents, truck drivers, mix carriers, mechanics, cleaners, runners, import dept., and export dept.

Excluded: All full time and part time clerical, supervisors and guards as defined under the Act.",NA,40.745263,-73.711159,"Queens, NY 11004",0.8,"place","TIGER/Line® dataset from the US Census Bureau","Queens","Queens County","NY","11004","US",1,40.5888258865846,-73.5714632492177,NA,NA
"29-RC-375090","BKB Queensbridge LLC","Region 29, Brooklyn, New York","Open","11/20/2025","","","Queens","NY","A","Single Labor Organization","Initial","01/08/2026",36,NA,"New York Metropolitan Area Joint Board Workers United, SEIU",15,"",NA,"",NA,7,22,"",2,"","New York Metropolitan Area Joint Board, Workers United, affiliated with SEIU, AFL-CIO","Included:  
All Full-time and Regular Part-Time Employees who work in the following Classifications: Operations, Facilities, Marketing, Youth Instructors, Routesetters, Belay Staff, Culture/Event Coordinators, Climbing and Fitness Instructors employed by the Employer at its facility located at 23-10 41st Ave, Queens, New York.  

Excluded:   
General Manager, Assistant Manager, Retail Manager, Office Clerical Employees, Administrative Employees, Confidential Employees, Guards and Supervisors as defined by the Act.
","","","",46,"","New York Metropolitan Area Joint Board, Workers United, affiliated with SEIU, AFL-CIO","Included:  
All Regular and Part-Time Employees who work in the following Classifications: Operations, Facilities, Marketing, Youth Instructors, Routesetters, Belay Staff, Culture/Event Coordinators, Climbing & Fitness Instructors.  
Excluded:   
General Manager, Assistant Manager, Retail Manager, Office Clericals Employees, Administrative Employees, Confidential Employees, Guards and Supervisors as defined by the NLRA.
",36,40.745263,-73.711159,"Queens, NY 11004",1,"place","TIGER/Line® dataset from the US Census Bureau","Queens","Queens County","NY","11004","US",1,40.3422522542344,-73.3747193173636,NA,NA
"29-RC-379413","Alstom Transport USA, Inc.","Region 29, Brooklyn, New York","Open","01/20/2026","","","Jamaica","NY","","","","",NA,NA,"Transport Workers Union, Local 100, AFL-CIO",NA,"",NA,"",NA,NA,NA,"",NA,"","","","","","",20,"","","Included· All lull-time and regular part-time staff in the roles of Operations Center Supervisor, Customer Service Supervisor, Electronics Supervisor, Track Supervisor, and Vehicle Supervisor working at or in connection with the Employer's AirTrain operations at the John F. Kennedy International Airport

Excluded: All other titles",NA,40.607754,-74.023937,"Jamaica, NY 11425",1,"place","TIGER/Line® dataset from the US Census Bureau","Jamaica","Kings County","NY","11425","US",1,41.0973200895854,-73.8793783528182,NA,NA
"29-RC-384320","New York Paving, Inc.","Region 29, Brooklyn, New York","Open","04/06/2026","","","Long Island City","NY","","","","",NA,NA,"Steamrollers Local Union 777",NA,"",NA,"",NA,NA,NA,"",NA,"","","","","","",76,"","","Included: All full-time and regular part-time asphalt and paving employees.

Excluded: All other employees
 (management, supervisors, clericals)",NA,40.744622,-73.934502,"Long Island City, NY 11101",1,"place","TIGER/Line® dataset from the US Census Bureau","Long Island City","Queens County","NY","11101","US",1,40.76959001503,-74.1269962501355,NA,NA
"29-RC-385051","Northwell Health Imaging at Center for Advance Medicine","Region 29, Brooklyn, New York","Open","04/17/2026","","","Lake Success","NY","A","Single Labor Organization","Initial","05/19/2026",3,NA,"1199SEIU United Healthcare Workers East",3,"",NA,"",NA,NA,3,"",NA,"","1199SEIU United Healthcare Workers East","Included: All full time and regular part time LPNs as residual to the existing technical unit.
Excluded: All other employees, guards and supervisors as defined in the Act.","","","",3,"","1199SEIU United Healthcare Workers East","Included:  All full time and regular part time LPNs as residual to the existing technical unit.

Excluded: All guards, managers, confidential employees, supervisors as defined by the act.",3,40.745347,-73.680292,"Lake Success, NY 11040",1,"place","TIGER/Line® dataset from the US Census Bureau","Lake Success","Nassau County","NY","11040","US",1,40.5488230679584,-74.1241752867891,NA,NA
"29-RC-385833","New York Paving, Inc.","Region 29, Brooklyn, New York","Open","04/28/2026","","","Long Island City","NY","","","","",NA,NA,"Construction Council 175",NA,"",NA,"",NA,NA,NA,"",NA,"","","","","","",150,"","","Included: All concrete employees performing site, grounds improvement, utility, paving and road builder work.

Excluded: All asphalt employees performing the same or similar work in the bargaining unit currently represented by the Petitioner, and all other employees.",NA,40.744622,-73.934502,"Long Island City, NY 11101",1,"place","TIGER/Line® dataset from the US Census Bureau","Long Island City","Queens County","NY","11101","US",1,41.2312714694725,-73.4353863566757,NA,NA
"29-RC-386028","Congregation B’nai Israel of Staten Island, d/b/a CBI Academy","Region 29, Brooklyn, New York","Open","04/30/2026","","","Staten Island","NY","","","","",NA,NA,"District Council 37, American Federation of State, County, and Municipal Employees",NA,"",NA,"",NA,NA,NA,"",NA,"","","","","","",7,"","","Included:  Educational Director/Lead Teacher; Lead Teacher; Assistant Teacher; School Coordinator/Floater

Excluded:  Site Director and any other position excluded from the Act's definition of employee.",NA,40.623632,-74.093323,"Staten Island, NY 10301",1,"place","TIGER/Line® dataset from the US Census Bureau","Staten Island","Richmond County","NY","10301","US",1,40.5445640438094,-74.1674542878672,NA,NA
"29-RC-386045","Nico Asphalt Paving, Inc - Citywide Paving, Inc.","Region 29, Brooklyn, New York","Open","04/30/2026","","","Brooklyn","NY","","","","",NA,NA,"Laborers Local Union No. 1010, LIUNA, AFL-CIO",NA,"",NA,"",NA,NA,NA,"",NA,"","","","","","",30,"","","Included:
All regular and part time employees performing asphalt paving, including: foremen; rakers; shovelers; screed men; micro pavers; AC painters; tar men; seal coaters; small equipment operators; and safety surface installers.
Excluded:
All other employees, guards, and supervisors, as defined by the Act.",NA,40.694481,-73.989319,"Brooklyn, NY 11201",1,"place","TIGER/Line® dataset from the US Census Bureau","Brooklyn","Kings County","NY","11201","US",1,40.389394421059,-73.8340441704056,NA,NA
"29-RC-391174","NewYork-Presbyterian Queens Hospital","Region 29, Brooklyn, New York","Open","07/21/2026","","","Flushing","NY","A","Single Labor Organization","Initial","08/13/2026",163,NA,"1199 SEIU Healthcare Workers East",92,"",NA,"",NA,5,118,"",21,"","1199 SEIU Healthcare Workers East","Included: All full-time and regular part-time employees in the titles of Administrative Clerk,
Cafe Cashier, Clerk Receptionist, Clerk Typist, Clerk Typist/Inventory Clerk, Client Services Representative, Distribution Clerk, Laboratory Aide, Patient Access Representative—Rehabilitation, Patient Access Representative—Orthopedics, Patient Navigator, Patient Navigator—GI, Patient Navigator—Cardiac Catheter, Patient Registrar and Senior Patient Registrar, at New York-Presbyterian Queens Hospital located at 56-45 Main Street, Flushing, NY 11355, as residual to the existing service unit represented by 1199 SEIU United Healthcare Workers East.

Excluded: All guards, managers, confidential employees and supervisors as defined by the Act.
","","","",132,"","1199 SEIU Healthcare Workers East","Included: All full-time and regular part-time employees in the titles of Administrative Clerk, Cafe Cashier, Clerk Receptionist, Clerk Typist, Clerk Typist/Inventory Clerk, Client Services Representative, Distribution Clerk, Laboratory Aide, Patient Access Representative— Rehabilitation, Patient Access Representative—Orthopedics, Patient Navigator, Patient Navigator—GI, Patient Navigator—Cardiac Catheter, Patient Registrar, Senior Patient Registrar, at NewYork-Presbyterian Queens Hospital located at 56-45 Main Street, Flushing, NY 11355 as residual to the existing service unit.

Excluded: All guards, managers, confidential employees and supervisors as defined by the Act.",163,40.766382,-73.82619,"Flushing, NY 11354",1,"place","TIGER/Line® from the US Census Bureau","Flushing","Queens County","NY","11354","US",1,40.6413860598679,-73.5654095148859,NA,NA
"29-RC-391239","A&E Properties I MGMT LLC","Region 29, Brooklyn, New York","Open","07/21/2026","","","Jackson Heights","NY","","","","",NA,NA,"Local 808, International Brotherhood of Teamsters",NA,"",NA,"",NA,NA,NA,"",NA,"","","","","","",6,"","","Included:
All full-time and regular part-time building maintenance employees, including
superintendents, porters, handymen and painters, employed by the Employer at its facilities
located at:
34-33 90th Street, Jackson Heights, NY,
34-18 91st Street, Jackson Heights, NY,
34-19 90th Street, Jackson Heights, NY,
34-32 91st Street, Jackson Heights, NY,
34-46 91st Street, Jackson Height, NY,
34-47 90th  Street, Jackson Heights, NY

Excluded:
All other employees including office clerical employees, professional employees, guards
and supervisors as defined by the Act.",NA,40.751146,-73.882508,"Jackson Heights, NY 11372",1,"place","TIGER/Line® from the US Census Bureau","Jackson Heights","Queens County","NY","11372","US",1,41.0132011516302,-73.6221268629791,NA,NA
"29-RC-392268","Starbucks Corporation","Region 29, Brooklyn, New York","Open","08/05/2026","","","Queens","NY","","","","",NA,NA,"Workers United, affiliated with Service Employees International Union (SEIU)",NA,"",NA,"",NA,NA,NA,"",NA,"","","","","","",23,"","","Included: All full time and regular part time Baristas and Shift Supervisors.

Excluded: Store Managers, Asst. Store Managers, office clericals, guards and supervisors as defined by the Act.",NA,40.745263,-73.711159,"Queens, NY 11004",1,"place","TIGER/Line® from the US Census Bureau","Queens","Queens County","NY","11004","US",1,40.27069912523,-73.5943766157739,NA,NA
"29-RD-351215","Phoenix Energy Management / PEM Manufacturing","Region 29, Brooklyn, New York","Open","09/24/2024","","","Brooklyn","NY","","","","",NA,NA,"Iron Workers Regional Shop Local Union 852",NA,"",NA,"",NA,NA,NA,"",NA,"","","","","","",17,"","","Included:
Production & Maintenance Workers.

Excluded:
",NA,40.694481,-73.989319,"Brooklyn, NY 11201",1,"place","TIGER/Line® dataset from the US Census Bureau","Brooklyn","Kings County","NY","11201","US",1,41.1563605847055,-74.3177764991558,NA,NA
"29-RD-363561","1699 NY Avenue Parking","Region 29, Brooklyn, New York","Open","04/09/2025","","","Brooklyn","NY","","","","",NA,NA,"Local 272, Garage Employees Union, IBT",NA,"",NA,"",NA,NA,NA,"",NA,"","","","","","",4,"","","Included: All Parking Attendants
Excluded: None",NA,40.694481,-73.989319,"Brooklyn, NY 11201",1,"place","TIGER/Line® dataset from the US Census Bureau","Brooklyn","Kings County","NY","11201","US",1,41.0301150131722,-73.824797077177,NA,NA
"29-RD-375448","Growing Up Green Charter School","Region 29, Brooklyn, New York","Open","11/21/2025","","","Long Island City","NY","","","","",NA,NA,"UNITED FEDERATION OF TEACHERS",NA,"",NA,"",NA,NA,NA,"",NA,"","","","","","",47,"","","Included: All full-time and regular part-time Teachers, Associate Teachers, Floating Teachers, Counselors, Learning Specialists and Deans employed at the Employer's
Elementary School located at 39-27 28th Street, Long Island City, NY 11101.
Excluded: All other employees including managerial employees, confidential employees, guards and supervisors as defined in the Act.",NA,40.744622,-73.934502,"Long Island City, NY 11101",1,"place","TIGER/Line® dataset from the US Census Bureau","Long Island City","Queens County","NY","11101","US",1,40.7289948267588,-74.2140457043533,NA,NA
"29-RD-385400","AB Supermarkets Inc. & 1533 Broadway Inc.","Region 29, Brooklyn, New York","Open","04/22/2026","","","Garden City","NY","","","","",NA,NA,"",NA,"",NA,"",NA,NA,NA,"",NA,"","","","","","",50,"","","Included:  All employees employed by AB Supermarket, Inc. at 153 7th St Garden city, NY 11530 and 1533 Supermarket Inc at 1533 Broadway Brooklyn, NY 11221.

Excluded:  Excluded all meat dept. employees including meat managers, butchers and meat wrappers as well as all supervisors, managers, confidential employees and guards as detailed by NLRB.",NA,40.726801,-73.639723,"Garden City, NY 11530",1,"place","TIGER/Line® dataset from the US Census Bureau","Garden City","Nassau County","NY","11530","US",1,40.8976973387646,-74.1228780903618,NA,NA
"29-RM-337446","Starbucks Corporation","Region 29, Brooklyn, New York","Open","03/05/2024","","","Westbury","NY","","","","",NA,NA,"Workers United",NA,"",NA,"",NA,NA,NA,"",NA,"","","","","","",10,"","","Included:
All full-time and regular part-time baristas and shift supervisors employed by the Employer at its
facility located at 1149 Old Country Road, Westbury, NY 11590.

Excluded:
All store managers, assistant store managers, office clericals, confidential employees, managerial
employees, and all other employees, professional employees, and guards and supervisors as defined in the Act.",NA,40.74505,-73.571521,"Westbury, NY 11590",1,"place","TIGER/Line® dataset from the US Census Bureau","Westbury","Nassau County","NY","11590","US",1,41.1743793901719,-73.4114169459737,NA,NA
"29-RM-337856","Allied New York Services, Inc.","Region 29, Brooklyn, New York","Open","03/11/2024","","","Jamaica","NY","A","Single Labor Organization","Initial","03/09/2026",38,NA,"Local 553, International Brotherhood of Teamsters",11,"",NA,"",NA,7,18,"",1,"","International Brotherhood of Teamsters, Local 553","Included: All full-time and regular part-time Fueling Supervisors/Dispatchers/Operations Supervisors, Maintenance Supervisors, and Tank Farm Supervisors employed by the Employer at its JFK International Airport, Jamaica, New York, location.
Excluded: All other employees including office clerical employees, managers, guards, and supervisors as defined by the Act.","","","",50,"","International Brotherhood of Teamsters, Local 553","Included: All full-time and regular part-time Fueling
Supervisors/Dispatchers/Operations Supervisors, Maintenance Supervisors
(including Parts Supervisors and Parts Persons), and Tank Farm Supervisors
employed by the Employer at its John F. Kennedy International, New York
location.

Excluded: All other employees, including fuelers, mechanics, utility
persons, tank farm persons, leads, office clerical employees, managers,
guards, and supervisors as defined by the National Labor Relations Act.",38,40.607754,-74.023937,"Jamaica, NY 11425",1,"place","TIGER/Line® dataset from the US Census Bureau","Jamaica","Kings County","NY","11425","US",1,40.9140840573267,-73.7201751976191,NA,NA
"29-RM-350311","Phoenix Energy Management Inc. and PEM Inc.","Region 29, Brooklyn, New York","Open","09/12/2024","","","Brooklyn","NY","","","","",NA,NA,"LOCAL 580 INTERNATIONAL ASSOCIATION OF BRIDGE, STRUCTURAL AND ORNAMENTAL  IRON WORKERS",NA,"",NA,"",NA,NA,NA,"",NA,"","","","","","",17,"","","Included: Production and Maintenance Employees

Excluded: All Others",NA,40.694481,-73.989319,"Brooklyn, NY 11201",1,"place","TIGER/Line® dataset from the US Census Bureau","Brooklyn","Kings County","NY","11201","US",1,40.3977730580823,-73.6634858940522,NA,NA
"29-RM-357428","Progressive Maintenance, LLC","Region 29, Brooklyn, New York","Open","12/26/2024","","","Brooklyn","NY","","","","",NA,NA,"Local 2, Building Service Employees & Factory Workers, United Service Workers Union, International Union of Journeymen Allied Trades",NA,"",NA,"",NA,NA,NA,"",NA,"","","","","","",19,"","","Included:
Building superintendents and porters at the following addresses: 894 Fountain Ave., 11629 Seaview Ave., 881 Erskine Street, 10 Schroeders
Walk, 911 Erskine Street, 702 Vandalia Ave., Brooklyn, NY 11239.
Excluded: All others excluded by the Act.",NA,40.694481,-73.989319,"Brooklyn, NY 11201",1,"place","TIGER/Line® from the US Census Bureau","Brooklyn","Kings County","NY","11201","US",1,40.7921515912035,-73.9442490614744,NA,NA
"29-UD-390618","Alray Car Parts Supply & Mfg., Corp. d/b/a Tinker Auto Parts","Region 29, Brooklyn, New York","Open","07/13/2026","","","Brentwood","NY","","","","",NA,NA,"Local 202 International Brotherhood of Teamsters",NA,"",NA,"",NA,NA,NA,"",NA,"","","","","","",38,"","","Included: All service department (including maintenance men/women) employees, parts department employees, with the exception of one manager and one assistant manager

Excluded: Executive, supervisors, clericals and guards, as defined in the Labor
Management Relations Act as amended",NA,40.780882,-73.250336,"Brentwood, NY 11717",1,"place","TIGER/Line® from the US Census Bureau","Brentwood","Suffolk County","NY","11717","US",1,40.7162671473425,-73.0710587974199,NA,NA
"29-UD-391804","New York Arena Partners, LLC","Region 29, Brooklyn, New York","Open","07/29/2026","","","Elmont","NY","","","","",NA,NA,"Local 32BJ SEIU",NA,"",NA,"",NA,NA,NA,"",NA,"","","","","","",230,"","","Included: 
32 BJ Full Time Building and Part Time Event Security
Excluded:",NA,40.697558,-73.704946,"Elmont, NY 11003",1,"place","TIGER/Line® from the US Census Bureau","Elmont","Nassau County","NY","11003","US",1,41.0663711961972,-73.9017671343046,NA,NA
"31-RC-296066","Starbucks Corporation","Region 31, Los Angeles, California","Open","05/18/2022","","","Sylmar","CA","A","Single Labor Organization","Initial","07/28/2022",27,NA,"Workers United",7,"",NA,"",NA,15,22,"",NA,"","","INCLUDED: All full-time and regular part-time Baristas and Shift Supervisors employed by the Employer at its facility currently located at 12980 Foothill Blvd., Sylmar, CA 91342.

EXCLUDED: All Store Managers, office clericals, guards, and supervisors as defined by the Act.","","","",25,"","","Included: All full time and regular part time Baristas, Shift Supervisors, and Assistant Store Managers employed by the Employer at its facility currently located at 12980 Foothill Blvd., Sylmar, CA 91342.

Excluded: All Store Managers, office clericals, guards and supervisors as defined by the Act",27,34.326674,-118.382262,"Sylmar, CA 91342",1,"place","TIGER/Line® dataset from the US Census Bureau","Sylmar","Los Angeles County","CA","91342","US",1,34.6003064763391,-118.212620986044,NA,NA
"31-RC-299354","USC Care Medical Group, Inc., Keck Medicine of USC","Region 31, Los Angeles, California","Open","07/13/2022","","","Pasadena","CA","","","","",NA,NA,"National Union of Healthcare Workers",NA,"",NA,"",NA,NA,NA,"",NA,"","","","","","",31,"","","Included: 
All full-time, regular part-time and per diem Health Care Concierges, LVN/LPNs, Patient Access Representatives, Health Information Clerks, Medical Assistants (CMA), Technicians-Med Lab (MLT), Laboratory Assistants, and Scheduling Coordinators employed by the employer in the Keck Pasadena Clinic-Main, Pasadena Clinic-Main, and Pasadena Clinic-Lab Departments at 625 S Fair Oaks Ave, Suite 400, Pasadena, CA 91105 (Armour Globe into the Ambulatory Care Contract). 

Excluded: 
All other employees, other represented employees, managerial employees, confidential employees, physicians, skilled maintenance, Registered Nurses, guards, and supervisors as defined by the National Labor Relations Act.",NA,33.786594,-118.298662,"Pasadena, CA 91050",1,"place","TIGER/Line® dataset from the US Census Bureau","Pasadena","Los Angeles County","CA","91050","US",1,33.6179386333632,-117.872312316102,NA,NA
"31-RC-322155","Grindr LLC","Region 31, Los Angeles, California","Open","07/20/2023","","","West Hollywood","CA","A","Single Labor Organization","Initial","12/14/2023",53,NA,"Communications Workers of America, District 9, AFL-CIO",19,"",NA,"",NA,13,32,"",55,"Y","","Included:   All full time and regular part-time employees of the Employer in the following classifications: Account Manager; AdOps Specialist/AdOps Trafficker; Ads Outreach Representative; Engineer (Android, IOS, Backend, Web); Brand Partnerships Associate; Brand Partnerships Executive; Community Advocate; Content Moderation Operations Manager; Cybersecurity Engineer; Data Analyst; Data Analytics Engineer; Data Engineer; Data Scientist, Analytics; Digital Media Producer; Equality Outreach Manager; Escalations Specialist; HR Specialist; IT Engineer; IT Specialist; Knowledge Specialist; Machine Learning Engineer; Marketing Program Manager; Principal Data Scientist; Principal Product Designer; Principal Product Manager; Principal Software Engineer (Android, IOS, Backend, Web); Privacy Program Manager; Product Designer; Product Manager; Product Marketing Manager; QA Analyst; Recruiter; Recruiting Coordinator; Revenue Operations Manager; Sales Systems Manager; SDET; Security Engineer; Senior Engineer (Android, IOS, Backend, Web); Senior Brand Partnerships Executive; Senior Business Recruiter; Senior Copywriter; Senior Cybersecurity Engineer; Senior Data Analyst; Senior Data Analytics Engineer; Senior Data Engineer; Senior Data Scientist, Analytics; Senior Machine Learning Engineer; Senior Product Designer; Senior Product Manager; Senior QA Analyst; Senior SDET; Senior Security Engineer; Senior Site Reliability Engineer; Senior Software Engineer (Android, IOS, Backend, Web); Senior Technical Recruiter; Senior Technical Sourcer; Senior User Researcher; Site Reliability Engineer; Social Media Coordinator; Software Engineer (Android, IOS, Backend, Web); Staff Data Scientist; Staff Site Reliability Engineer; Staff Software Engineer (Android, IOS, Backend, Web); Technical Program Manager; User Researcher.

Excluded:  All office clerical employees, guards, professional employees, supervisors as defined by the Act, and all employees in the following classification: Accountant; Accounting Manager; Art Director; Brand Sales Director – Supervisor; Business Affairs Associate; Chief Accounting Officer – Supervisor; Chief Executive Officer – Supervisor; Chief Financial Officer – Supervisor; Chief of Staff – Supervisor; Chief Privacy Officer – Supervisor; Chief Product Officer – Supervisor; Commercial Counsel; Director of Engineering – Supervisor; Director of SEC Reporting & Accounting Policy – Supervisor; Director of Partnerships; Director, FP&A – Supervisor; Engineering Director – Supervisor; Engineering Manager, Mobile Platform – Supervisor; Escalations Supervisor – Supervisor; Executive Assistant; Executive Assistant, Office of the CEO; G4E, Global Impact – Supervisor; Information IT & Security Manager – Supervisor; Interim Head of Recruiting – Supervisor; Marketing Director – Supervisor; Product Director – Supervisor; Revenue Operations Senior Director – Supervisor; Senior Accountant; Senior Data Engineering Manager – Supervisor; Senior Director, Product Design – Supervisor; Senior Engineering Manager, Backend – Supervisor; Senior Engineering Manager, Web – Supervisor; Senior Financial Analyst; Senior Manager, Customer Support – Supervisor; Senior Vice President, Engineering – Supervisor; Site Reliability Director – Supervisor; Software Engineering Manager- Supervisor; Staff Cybersecurity Engineer – Supervisor; Staff Full Stack Engineer – Supervisor; Talent Acquisition Manager – Supervisor; Talent Acquisition Program Manager – Supervisor; VP of Business & Legal Affairs – Supervisor; VP of Customer Experience – Supervisor; VP of Finance – Supervisor; VP of Product - Core Experience – Supervisor; VP, Brand Marketing – Supervisor; VP, Engineering & Chief Architect – Supervisor; VP, Partnerships, Corporate Development, & Strategy – Supervisor.

Others Permitted to Vote: At this time, no decision has been made regarding whether individuals serving in the role of Marketing Strategist are included in, or excluded from, the bargaining unit. Individuals serving in the role of Marketing Strategist may vote subject to challenge in the election, but their ballots shall be challenged since their eligibility has not been determined. The eligibility or inclusion of these individuals will be resolved, if necessary, following the election.
","","","",100,"","","Included:  
Full time and regular part-time employees of the Employer in the following classifications/job titles: Android Engineer, Data Analytics Engineer, IT Engineer, IT Specialist, Principal Software Engineer Backend, QA Analyst, Senior Android Engineer, Senior Cybersecurity Engineer, Senior Data Analytics Engineer, Senior Data Engineer, Senior iOS Engineer, Senior QA Analyst, Senior Security Engineer, Senior Site Reliability Engineer, Senior Software Engineer Android, Senior Software Engineer Backend, Senior Software Engineer iOS, Senior Software Engineer Web, Site Reliability Engineer, Software Engineer Android, Software Engineer Backend, Software Engineer iOS, Software Engineer Web, Staff Android Engineer, Staff Site Reliability Engineer, Staff Software Engineer Android, Staff Software Engineer iOS, Staff Software Engineer Web, Equality Outreach Manager, Community Advocate II, Escalations Specialist, Knowledge Specialist, Content Moderation Operations Manager, Digital Media Producer, Marketing Program Manager, Senior Copywriter, Social Media Coordinator, Privacy Program Manager, Principal Product Designer, Principal Product Manager, Principal Product Manager Subscriptions, Product Designer, Product Manager, Senior Product Designer, Senior Product Manager, User Researcher, Senior User Researcher, Senior Data Scientist Analytics, Staff Data Scientist 

Excluded: 
All employees in Partnerships and Corporate Development, Finance & Accounting, Legal, HR and Talent Acquisition; All other employees, including but not limited to Director of Engineering, Engineering Director, Engineering Manager Mobile Platform, Information IT & Security Manager, Senior Data Engineering Manager, Senior Engineering Manager Backend, Senior Engineering Manager Web, Senior Vice President Engineering, Site Reliability Director, Software Engineering Manager, Staff Cybersecurity Engineer, Technical Program Manager, VP Engineering & Chief Architect, Director of G4E, VP of Customer Experience, Senior Manager Customer Support, Escalations Supervisor, Marketing Director, Art Director, Chief Privacy Officer, Chief Product Officer, Executive Assistant, Marketing Strategist, Principal Product Manager, Product Director, Senior Director Product Design, VP of Product Core Experience, office clerical, professional employees, confidential employees, guards, managerial employees and supervisors defined by the Act.",53,34.093828,-118.381697,"West Hollywood, CA 90069",1,"place","TIGER/Line® dataset from the US Census Bureau","West Hollywood","Los Angeles County","CA","90069","US",1,34.2206286982282,-117.943253990491,NA,NA
"31-RC-337145","DVA Renal Healthcare, Inc. d/b/a DaVita North Hollywood Dialysis Center","Region 31, Los Angeles, California","Open","03/04/2024","","","North Hollywood","CA","","","","",NA,NA,"Service Employees International Union, United Healthcare Workers - West",NA,"",NA,"",NA,NA,NA,"",NA,"","","","","","",26,"","","Included: CCHT, PCT, RN, Administrative Assistants, LVN, PCT Trainee, Charge RN, Charge Nurse, Secretary.

Excluded: All other employees including supervisors and guards as defined by the Act.",NA,34.1692,-118.372498,"North Hollywood, CA 91601",1,"place","TIGER/Line® dataset from the US Census Bureau","North Hollywood","Los Angeles County","CA","91601","US",1,34.5528799410637,-118.794291056652,NA,NA
"31-RC-337148","Total Renal Care, Inc. d/b/a DaVita Valencia Dialysis Center","Region 31, Los Angeles, California","Open","03/04/2024","","","Santa Clarita","CA","D","Single Labor Organization","Initial","12/12/2024",6,NA,"Service Employees International Union, United Healthcare Workers - West",5,"",NA,"",NA,1,6,"",NA,"","Service Employees International Union, United Healthcare Workers-West","","","Included: All full-time and regular part-time or per diem Registered Nurses (In-Center Hemodialysis (ICHD), Peritoneal Dialysis (PD), and Home Hemodialysis (HHD)) and Clinical Coordinators (ICHD and PD) employed at Total Renal Care, Inc. d/b/a DaVita Valencia Dialysis Center, located at 26861 Bouquet Canyon Rd., Santa Clarita, CA 91350.

Excluded: All other employees, guards, and supervisors as defined by the Act.","Included: All full-time and regular part-time or per diem Administrative Assistants, Patient Care Technicians (In-Center Hemodialysis (ICHD), Peritoneal Dialysis (PD), and Home Hemodialysis (HHD)), Licensed Vocational Nurses (ICHD and PD), and Licensed Practical Nurses (ICHD and PD) employed at Total Renal Care, Inc. d/b/a DaVita Valencia Dialysis Center, located at 26861 Bouquet Canyon Rd., Santa Clarita, CA 91350.

Excluded: All other employees, guards, and supervisors as defined by the Act.",6,"","Service Employees International Union, United Healthcare Workers-West","Included: CCHT, PCT, RN, Administrative Assistants, LVN, PCT Trainee, Charge RN, Charge Nurse, Secretary, Clinical Coordinator.

Excluded: All other employees including supervisors and guards as defined by Act.",6,34.440891,-118.501748,"Santa Clarita, CA 91350",1,"place","TIGER/Line® dataset from the US Census Bureau","Santa Clarita","Los Angeles County","CA","91350","US",1,34.6489629836522,-118.523203785027,NA,NA
"31-RC-340744","Total Renal Care, Inc. d/b/a DaVita Valley Dialysis","Region 31, Los Angeles, California","Open","04/24/2024","","","Van Nuys","CA","","","","",NA,NA,"Service Employees International Union, United Healthcare Workers-West",NA,"",NA,"",NA,NA,NA,"",NA,"","","","","","",21,"","","Included: Clinical Coordinator, Registered Nurse, Patient Care Technician, Administrative
Assistant, Licensed Vocational Nurse.

Excluded: All other classifications, including but not limited to guards, managers, confidential employees and supervisors as defined by the Act.",NA,34.178483,-118.431791,"Van Nuys, CA 91401",1,"place","TIGER/Line® dataset from the US Census Bureau","Van Nuys","Los Angeles County","CA","91401","US",1,34.0917519784747,-118.709611437448,NA,NA
"31-RC-356388","University of Southern California","Region 31, Los Angeles, California","Open","12/10/2024","","","Los Angeles","CA","A","Single Labor Organization","Initial","06/02/2026",2722,88,"United Faculty-UAW",1272,"",NA,"",NA,549,1821,"",208,"","United Faculty-UAW","Included: All full-time, part-time and/or adjunct Research-track, Teaching-track, Practitioner track, and/or Clinical-track faculty (collectively referred to as “RTPC Faculty” and/or “Non- Tenure Track Faculty”) employed by the University of Southern California in Los Angeles County.

Excluded: All tenured or tenure-track faculty; all faculty in the Keck School of Medicine; all faculty employed at Children's Hospital Los Angeles; all part-time and/or adjunct faculty in the USC School of Cinematic Arts; all visiting faculty; all emeritus faculty; all RTPC faculty permanently employed outside Los Angeles County; all non-faculty employees; and all managers, guards, and supervisors as defined in the Act, as amended.","","","",2528,"","United Faculty-UAW","Included: All full-time, part-time and/or adjunct Research-track, Teaching-track, Practitioner-track, and/or Clinical-track faculty (collectively referred to as “RTPC Faculty” and/or “Non-Tenure Track Faculty”) employed by the University of Southern California.

Excluded: All tenured or tenure-track faculty; all faculty in the Keck School of Medicine; all faculty employed at Children's Hospital Los Angeles; all part-time and/or adjunct faculty in the USC School of Cinematic Arts; all visiting faculty; all emeritus faculty; all non-faculty employees; and all managers, supervisors, and guards as defined in the Act.",2722,33.973951,-118.248405,"Los Angeles, CA 90001",1,"place","TIGER/Line® dataset from the US Census Bureau","Los Angeles","Los Angeles County","CA","90001","US",1,34.264966131399,-118.113315142962,NA,NA
"31-RC-365133","KTLA Television a subsidiary of Nexstar Media Group Inc.","Region 31, Los Angeles, California","Open","05/06/2025","","","Los Angeles","CA","A","Single Labor Organization","Initial","06/12/2025",10,NA,"International Alliance of Theatrical Stage Employees",8,"",NA,"",NA,NA,8,"",NA,"","","INCLUDED: All full-time, part-time, temporary, and freelance employees engaged by KTLA to perform the duties of Material Manager.

EXCLUDED: All other employees, including managers, guards, confidential employees, and supervisors as defined by the National Labor Relations Act.","","","",10,"","","Included: All full-time, part-time, temporary, and freelance employees engaged by KTLA to perform the duties of a Material Manager.

Excluded: All other employees, including managers, guards, confidential employees, and supervisors as defined by the National Labor Relations Act.",10,33.973951,-118.248405,"Los Angeles, CA 90001",1,"place","TIGER/Line® dataset from the US Census Bureau","Los Angeles","Los Angeles County","CA","90001","US",1,33.9636777944179,-117.999003629005,NA,NA
"31-RC-366890","Fox Television Stations, LLC d/b/a KTTV Fox 11","Region 31, Los Angeles, California","Open","06/04/2025","","","Los Angeles","CA","","","","",NA,NA,"National Association of Broadcast Employees & Technicians, the Broadcasting and Cable Television Workers Sector of the Communications Workers of America, AFL-CIO-CLC",NA,"",NA,"",NA,NA,NA,"",NA,"","","","","","",4,"","","Included: All full-time and regular part-time streaming content producers employed by the
Employer at its facility in Los Angeles, California
Excluded: Employees already represented by a labor organization, and all other employees,
guards and supervisors, as defined by the Act.
Note: Petitioner seeks an Armour-Globe election to include the above-described unit of
employees in an existing unit that is covered by a collective bargaining agreement between the
Union and the Company. The description of the existing unit is as follows:
All News Writers, News Writer/Producers, News Assistants, Directors and Assignment
Editors employed by the Station’s News Department.
As such, the description of the combined proposed and existing unit is as follows:
All full-time and regular part-time News Writers. News Writer/Producers, News
Assistants, Directors and Assignment Editors employed by the Station’s News
Department and all streaming content producers employed by the Employer at its facility
in Los Angeles, California; excluding employees already represented by other labor
organizations, all other employees, guards, and supervisors as defined by the National
Labor Relations Act.",NA,33.973951,-118.248405,"Los Angeles, CA 90001",1,"place","TIGER/Line® dataset from the US Census Bureau","Los Angeles","Los Angeles County","CA","90001","US",1,34.1955374141472,-117.882044271604,NA,NA
"31-RC-376172","Sephora USA, Inc.","Region 31, Los Angeles, California","Open","12/02/2025","","","Santa Monica","CA","","","","",NA,NA,"United Food and Commercial Workers Union, Local 770",NA,"",NA,"",NA,NA,NA,"",NA,"","","","","","",25,"","","Included: Sales and Service Coordinator, Licensed Beauty Advisor, Beauty Advisor, Operations Associate, Operations Leader and Sales and Service Leader.


Excluded: 5 Holiday Temporary Hirse, office clerical, supervisors and guards.",NA,34.013666,-118.49375,"Santa Monica, CA 90401",1,"place","TIGER/Line® dataset from the US Census Bureau","Santa Monica","Los Angeles County","CA","90401","US",1,34.0900096420821,-118.608887767745,NA,NA
"31-RC-376596","Academy of Motion Picture Arts and Sciences (AMPAS)","Region 31, Los Angeles, California","Open","12/05/2025","","","Los Angeles","CA","","","","",NA,NA,"Amusement Area Employees Union, Local B-192, International Alliance of Theatrical Stage Employees and Moving Picture Technicians, Artists and Allied Crafts of the United States, its territories and Canada, AFL-CIO",NA,"",NA,"",NA,NA,NA,"",NA,"","","","","","",31,"","","Included: All Theatre Operations: Senior Associates, Theater Staff and Senior Coordinators.

Excluded: All Others.",NA,33.973951,-118.248405,"Los Angeles, CA 90001",1,"place","TIGER/Line® dataset from the US Census Bureau","Los Angeles","Los Angeles County","CA","90001","US",1,33.8330076627681,-117.912540554805,NA,NA
"31-RC-376924","LINXS Operators/Alstom Transport USA (a single employer) and Express Employment Professionals, Joint Employers","Region 31, Los Angeles, California","Open","12/11/2025","","","Los Angeles","CA","","","","",NA,NA,"International Union of Elevator Constructors, Local 18",NA,"",NA,"",NA,NA,NA,"",NA,"","","","","","",51,"","","Included: All full-time and regular part-time Maintenance Technicians, Operations Technicians, Central Control Operators, and apprentices employed by the Employers on the LAX APM project;

Excluded: All other employees, clerical employees, guards, supervisor, and managers as defined in the Act.",NA,33.973951,-118.248405,"Los Angeles, CA 90001",1,"place","TIGER/Line® dataset from the US Census Bureau","Los Angeles","Los Angeles County","CA","90001","US",1,34.3189433959561,-118.73546250145,NA,NA
"31-RC-379597","Bio-Medical Applications of California, Inc.","Region 31, Los Angeles, California","Open","01/22/2026","","","Fontana","CA","","","","",NA,NA,"Service Employees International Union, United Healthcare Workers - West",NA,"",NA,"",NA,NA,NA,"",NA,"","","","","","",24,"","","Included: RN, RN 1, PCT, PCT I, PCT II, PCT III, CCHT, CHT, PCT Trainee, LPN, LVN, Secretary, Administrative Assistant, AA, Ward Clerk, Inventory Tech.

Excluded: All other employees, including guards and supervisors as defined in the Act.",NA,34.103288,-117.4363,"Fontana, CA 92334",1,"place","TIGER/Line® dataset from the US Census Bureau","Fontana","San Bernardino County","CA","92334","US",1,34.562281810229,-117.35699580825,NA,NA
"31-RC-383011","USA Waste of California, Inc. dba Waste Management","Region 31, Los Angeles, California","Open","03/16/2026","","","Tehachapi","CA","","","","",NA,NA,"Teamsters Local 396",NA,"",NA,"",NA,NA,NA,"",NA,"","","","","","",64,"","","Included: All full-time and regular part-time drivers, mechanics, shop welders, shop painters and yard workers employed by Waste Management at following locations in Kern County: 1731 Sierra Hwy, Rosamond, CA 93560; 237 County Line Rd, Ridgecrest, CA 93555; and 416 N Dennison Rd, Tehachapi, CA 93561. 

Excluded: Any and all other employees, office clerical employees, professional employees, managerial employees, guards and supervisors as defined under the Act. 
",NA,35.118772,-118.493811,"Tehachapi, CA 93561",1,"place","TIGER/Line® dataset from the US Census Bureau","Tehachapi","Kern County","CA","93561","US",1,35.5195207688214,-118.796777764197,NA,NA
"31-RC-383401","V2X, Inc.","Region 31, Los Angeles, California","Open","03/23/2026","","","Fort Irwin","CA","","","","",NA,NA,"Teamsters, Chauffeurs, Warehousemen, Industrial and Allied Workers of America, Local 166",NA,"",NA,"",NA,NA,NA,"",NA,"","","","","","",13,"","","Included: All full-time and regular part-time Training Analysis Feedback Facility (“TAFF”) Leads / TAFF Supervisors employed by the Employer at the Fort Irwin National Training Center in Fort Irwin, CA.

Excluded: All other employees, including employees included in any other bargaining unit, office clerical and confidential employees, guards and Supervisors as defined by the Act, as amended.",NA,35.262453,-116.696561,"Fort Irwin, CA 92310",1,"place","TIGER/Line® dataset from the US Census Bureau","Fort Irwin","San Bernardino County","CA","92310","US",1,35.402599908816,-116.561786092042,NA,NA
"31-RC-384192","Sansum Diabetes Research Institute","Region 31, Los Angeles, California","Open","04/03/2026","","","Santa Barbara","CA","","","","",NA,NA,"Communications Workers of America, Local 9575",NA,"",NA,"",NA,NA,NA,"",NA,"","","","","","",13,"","","Included: All full-time and regular part-time budget control analyst; clinical research coordinator 1 and 2; clinical research nurse coordinator I; clinical research nurse II; clinical research nurse practitioner II; medical assistant I and II; and recruitment and program coordinator. 

Excluded: All other employees, supervisors, managers and guards under the Act.
",NA,34.421897,-119.707135,"Santa Barbara, CA 93101",1,"place","TIGER/Line® dataset from the US Census Bureau","Santa Barbara","Santa Barbara County","CA","93101","US",1,34.7524653052167,-119.410269836396,NA,NA
"31-RC-385967","The Hollywood Roosevelt","Region 31, Los Angeles, California","Open","04/29/2026","","","Los Angeles","CA","","","","",NA,NA,"UNITE HERE Local 11",NA,"",NA,"",NA,NA,NA,"",NA,"","","","","","",48,"","","Included: Housekeeping employees (Room Inspectors; Office Coordinators; Room Attendants; Housepersons; Public Areas; and Minibar Attendants).

Excluded: All other employee job classifications.",NA,33.973951,-118.248405,"Los Angeles, CA 90001",1,"place","TIGER/Line® dataset from the US Census Bureau","Los Angeles","Los Angeles County","CA","90001","US",1,34.2169663372698,-118.463655855545,NA,NA
"31-RC-386895","CJ Berry Well Services Management, LLC","Region 31, Los Angeles, California","Open","05/12/2026","","","Bakersfield","CA","A","Single Labor Organization","Initial","07/16/2026",185,2,"Teamsters Local 87",74,"",NA,"",NA,75,149,"",4,"Y","","Included: All Class A Drivers managed out of 3752 Allen Rd., including all related yards, including but not limited to Vacuum Truck Drivers, Crane Operators, Winch Truck Drivers, Acid Truck Drivers, Tow Truck Drivers, and Triplex Pump Drivers.

Excluded: Rig Hands, Earth Movers, Special dirt crews, all employees that work out of Earth Mover Court including the Equipment Operators and Crane Operators at that location, managers, guards, and supervisors as define by the Act.","","","",170,"","","Included: All Class A Drivers managed out of 3752 Allen Rd including all related yards, including but not limited to, Rig Movers, Crane Operators, Vacuum Truck Drivers, Salt truck drivers, Winch Drivers, Pump Truck Drivers, Special Services Drivers, Tow Truck Drivers, Logistics Drivers, Triplex Pump Drivers, Crew Chief, Equipment Operators.

Excluded: Rig Hands, Earth Movers, Special dirt crews, management, guards and supervisors, as defined by the Act.",185,35.384337,-119.020562,"Bakersfield, CA 93301",1,"place","TIGER/Line® from the US Census Bureau","Bakersfield","Kern County","CA","93301","US",1,35.1328188173107,-118.749610884474,NA,NA
"31-RC-390462","2nd Try, LLC","Region 31, Los Angeles, California","Open","07/10/2026","","","Burbank","CA","","","","",NA,NA,"Communications Workers of America",NA,"",NA,"",NA,NA,NA,"",NA,"","","","","","",20,"","","Included: All, including: Social Editor & Graphic Design, Assistant Technical Coordinator and Camera Operator, Social Media Department Lead, Finishing Editor, Senior E- Commerce & Product Manager, Creative Producer, Post production Creative Director & Senior Editor, Short Form Editor, Technical Coordinator and Sound Mixer, Assistant Editor, Assistant Production
Coordinator, Editor, Production Coordinator, Post Production Coordinator, Office Administrator, Finishing Editor, Editor, Creative Producer and Editor and Post Production Supervisor.

Excluded: All other, guards and supervisors
",NA,34.200993,-118.292773,"Burbank, CA 91501",1,"place","TIGER/Line® from the US Census Bureau","Burbank","Los Angeles County","CA","91501","US",1,34.0790280226443,-117.851699553233,NA,NA
"31-RC-390589","Sony Pictures Animation Inc. and Chuck Productions, Inc., as a single employer","Region 31, Los Angeles, California","Open","07/13/2026","","","Culver City","CA","","","","",NA,NA,"International Alliance of Theatrical Stage Employees, Moving Picture Technicians, Artists and Allied Crafts of the United States, its Territories and Canada",NA,"",NA,"",NA,NA,NA,"",NA,"","","","","","",89,"","","Included: All regular full-time and part-time Production Management employees in the below-listed job classifications, employed by the Sony Pictures Animation, Inc. and Chuck Productions, Inc., as a single employer, to perform services within the United States:
1. Administrative Assistant
2. Executive Assistant
3. Creative Executive Assistant
4. Sr. Administrative Assistant
5. Associate Production Manager
6. Central Coordinator
7. Production Assistant
8. Production Coordinator
9. Production Manager
10. Production Office Coordinator
11. Post Production Coordinator
12. Post Production Supervisor
13. Post Production Manager
14. Script Coordinator
15. Writer's Assistant

Excluded: All other employees, including managers, guards, confidential employees, and supervisors as defined in the Act.",NA,33.998214,-118.394059,"Culver City, CA 90230",1,"place","TIGER/Line® from the US Census Bureau","Culver City","Los Angeles County","CA","90230","US",1,34.2367513157449,-117.903277533058,NA,NA
"31-RC-391013","Flowers Bakeries Sales of SoCal, LLC","Region 31, Los Angeles, California","Open","07/20/2026","","","Santa Maria","CA","","","","",NA,NA,"Teamsters Local 986",NA,"",NA,"",NA,NA,NA,"",NA,"","","","","","",8,"","","Included: Full time and regular part-time Route Sales Representatives. 

Excluded: All other employees including supervisors, managers and guards.

",NA,34.875832,-120.340795,"Santa Maria, CA 93454",1,"place","TIGER/Line® from the US Census Bureau","Santa Maria","Santa Barbara County","CA","93454","US",1,34.6745835225541,-120.747158603426,NA,NA
"31-RC-391469","Flowers Bakeries Sales of SoCal, LLC","Region 31, Los Angeles, California","Open","07/24/2026","","","Victorville","CA","","","","",NA,NA,"Teamsters Local Union No. 63, International Brotherhood of Teamsters",NA,"",NA,"",NA,NA,NA,"",NA,"","","","","","",7,"","","Included:  All full time and part time Route Sales Representatives and Route Sales Trainees.

Excluded: All other employees, managers, confidential employees, guards, and supervisors.


",NA,34.480247,-117.408186,"Victorville, CA 92392",1,"place","TIGER/Line® from the US Census Bureau","Victorville","San Bernardino County","CA","92392","US",1,34.6376049430114,-117.415609301926,NA,NA
"31-RC-391515","Flowers Bakeries Sales of SoCal, LLC","Region 31, Los Angeles, California","Open","07/24/2026","","","Ontario","CA","","","","",NA,NA,"Teamsters Local Union No. 63, International Brotherhood of Teamsters",NA,"",NA,"",NA,NA,NA,"",NA,"","","","","","",39,"","","Included:  All full time and part time Route Sales Representatives and Route Sales Trainees.

Excluded: All other employees, managers, confidential employees, guards, and supervisors.

",NA,34.05936,-117.6203,"Ontario, CA 91758",1,"place","TIGER/Line® from the US Census Bureau","Ontario","San Bernardino County","CA","91758","US",1,34.2681296017697,-117.545938833083,NA,NA
"31-RC-391563","Flowers Bakeries Sales of SoCal, LLC","Region 31, Los Angeles, California","Open","07/24/2026","","","Chino","CA","","","","",NA,NA,"Teamsters Local Union No. 63, International Brotherhood of Teamsters",NA,"",NA,"",NA,NA,NA,"",NA,"","","","","","",17,"","","Included:  All full time and part time Route Sales Representatives and Route Sales Trainees.

Excluded: All other employees, managers, confidential employees, guards, and supervisors.

",NA,33.953755,-117.639209,"Chino, CA 91708",1,"place","TIGER/Line® from the US Census Bureau","Chino","San Bernardino County","CA","91708","US",1,33.8746725056312,-117.979831764081,NA,NA
"31-RC-391682","Ventura Transit System, Inc. and Ventura Dispatch System, Inc. (collectively, “the Employer”)","Region 31, Los Angeles, California","Open","07/28/2026","","","Camarillo","CA","","","","",NA,NA,"Chauffeurs, Sales Drivers and Helpers Union, Local 572, International Brotherhood of Teamsters",NA,"",NA,"",NA,NA,NA,"",NA,"","","","","","",37,"","","Included: All full-time and regular part-time drivers & attendants employed by the Employer at its facilities located at 8846 Sepulveda Blvd., North Hills, CA 91343 & 15387 Oxnard St., Van Nuys, CA 91411.


Excluded: All other employees, dispatchers, office clerical employees & supervisors/management.",NA,34.227855,-119.079869,"Camarillo, CA 93010",1,"place","TIGER/Line® from the US Census Bureau","Camarillo","Ventura County","CA","93010","US",1,34.0715364362649,-118.585793853729,NA,NA
"31-RC-391985","Starbucks Corporation","Region 31, Los Angeles, California","Open","07/31/2026","","","San Luis Obispo","CA","","","","",NA,NA,"Workers United",NA,"",NA,"",NA,NA,NA,"",NA,"","","","","","",14,"","","Included: All full time and regular part time Baristas and Shift Supervisors employed by the Employer at: 253 Madonna Rd Ste 120, San Luis Obispo, CA 93405.

Excluded: All Store Managers, Assistant Store Managers, office clericals, supervisors and guards as defined in the Act.

",NA,35.265573,-120.62122,"San Luis Obispo, CA 93401",1,"place","TIGER/Line® from the US Census Bureau","San Luis Obispo","San Luis Obispo County","CA","93401","US",1,35.5663616721753,-120.311500287992,NA,NA
"31-RC-392088","Boeing LAX / Millennium Space Services","Region 31, Los Angeles, California","Open","08/03/2026","","","El Segundo","CA","","","","",NA,NA,"International Association of Machinists and Aerospace Workers, AFL-CIO",NA,"",NA,"",NA,NA,NA,"",NA,"","","","","","",530,"","","Included: All full-time & part-time production and maintenance employees.

Excluded: All security guards, clerical, supervisory and managerial employees as defined by Act.

",NA,33.91918,-118.41647,"El Segundo, CA 90245",1,"place","TIGER/Line® from the US Census Bureau","El Segundo","Los Angeles County","CA","90245","US",1,33.6144867702707,-118.857988009873,NA,NA
"31-RC-392541","Crown Technical Systems","Region 31, Los Angeles, California","Open","08/10/2026","","","Fontana","CA","","","","",NA,NA,"International Brotherhood of Electrical Workers, IBEW 47",NA,"",NA,"",NA,NA,NA,"",NA,"","","","","","",200,"","","Included: All Full and Part Time Employees that are working on the
Production Floor at the Fontana Facility with the various Departments such as:
Panel
Building
Medium Voltage Switch Gear
Low Voltage Switch Gear
Maintenance
Electrical Testing
Fabrication
Warehouse
Field Installation
Quality Control
Building Assembler 1, 2, and 3 also with Prep Ship, Building Department Lead, Building Wireman and Building Wireman 1, 2, and 3, Door Installer, Lead Building Wiring, Lead Mechanical Assembly, Sheet Metal Assembler Lead, Sheet Metal Assembler 1, 2, and 3, and Trainer.

Continuity Tester, Lead Continuity Tester, Panel Assembler Lead, Panel
Assembler 1 & 2, Panel Wireman Lead, Panel Wireman 1, 2, & 3, Trainer 1 & 2,
Wire Prep 1 & 2, Wiring Specialist.

Medium Voltage Lead Switchgear Assembler, MV Switchgear Assembler 1 & 2 & 3

Low Voltage Switchgear Assembler, Assembler 1, 2, & 3, Low Voltage
Switchgear Wireman, Wireman 1, 2, & 3. Low Voltage Wire Prep, Prep 1, 2, & 3,

Switchgear Expeditor, Expeditor 1, 2, & 3.
Custodian 1, Facilities Maintenance Lead, Lead Custodian, and custodian
maintenance technician.

Electrical Test Tech 1, 2, & 3

Amada EMK Punch Operator, CNC Programmer 1, 2, & 3, CNC Programming Assistant, Fabrication Machine Operator, Fabrication Machine Operator 1, 2, & 3, Lead Fabrication, Lead Fabrication Machine Operator, Lead Painter, Lead Structural Welder, Paint Coordinator, Painter 1, 2, & 3, Panel Welder 1, 2, & 3, Receiving Coordinator Fab, Shop Helper, Structural Welder with 1, 2, & 3

Inventory Coordinator 1 & 2, & 3, Lead Inventory Coordinator Lead
Lead Inspector, Quality Assurance Analyst, Quality Control Inspector 1, 2, & 3, Quality Engineer.

Assembler, Assembler 1 & 2, & 3, Site Installation, Site Installation Lead,
Wireman 1,2, & 3 Site Installation Receiving, Quality Control
All Leads and Trainers, and Trainees to be included in each classification.


Excluded: All Engineering and IT Employees, Procurement, and purchasing, office personnel, guards, Confidential employees, Supervisors and Managers as defined in the ACT. Employees from other facilities of Crown Technical Services/ Flex Parent Company are to be excluded.",NA,34.103288,-117.4363,"Fontana, CA 92334",1,"place","TIGER/Line® from the US Census Bureau","Fontana","San Bernardino County","CA","92334","US",1,33.9947884357696,-117.65061890293,NA,NA
"31-RD-347058","AT&T Mobility Services LLC","Region 31, Los Angeles, California","Open","07/26/2024","","","Torrance","CA","","","","",NA,NA,"Communications Workers of America",NA,"",NA,"",NA,NA,NA,"",NA,"","","","","","",430,"","","Included: Sr. Associate In Home Sales Expert; Sr. Association Integrated Sales support in 480 Kester Ave., Sherman Oaks, CA 91403, 1955 Daily Dr., Camarillo, CA 93010, 3434 E 4th Street, Los Angeles, CA 90063, 17342 Colima Rd., Rowland Heights, CA 91748, 11440 South St., Cerritos, CA 90703, 18201 Hawthorne, Torrance, CA 90504, 12722 Birch Ave., Hawthorne, CA 90250, 3580 Orange Street, Riverside, CA 92501, 1452 Edinger Ave., Tustin, CA 92780, 1375 Camino Real, San Bernardino, CA 92408, 146 S Broadway, Escondido, CA 92025, 5855 Copley Dr. San Diego, CA 92111, and 2883 Jamacha Rd., St A-D, El Cajon, CA 92019.

Excluded: All other employees, guards and supervisors.",NA,33.835665,-118.303805,"Torrance, CA 90501",1,"place","TIGER/Line® dataset from the US Census Bureau","Torrance","Los Angeles County","CA","90501","US",1,34.2811350606875,-118.42429093536,NA,NA
"31-RD-357339","USC Verdugo Hills Hospital","Region 31, Los Angeles, California","Open","12/26/2024","","","Glendale","CA","","","","",NA,NA,"National Union of Healthcare Workers",NA,"",NA,"",NA,NA,NA,"",NA,"","","","","","",138,"","","Included: All full-time, regular part-time and per diem Technical employees.

Excluded: All other employees, represented emploees, business office employees and supervisors as defined in the Act.

",NA,34.17051,-118.289463,"Glendale, CA 91201",1,"place","TIGER/Line® dataset from the US Census Bureau","Glendale","Los Angeles County","CA","91201","US",1,34.5225351389127,-118.51653766688,NA,NA
"31-RD-374829","Caremark, LLC (CVS Specialty Pharmacy)","Region 31, Los Angeles, California","Open","11/18/2025","","","Redlands","CA","","","","",NA,NA,"The Pharmacy Guild, affiliated with the International Association of Machinists and Aerospace Workers, AFL-CIO",NA,"",NA,"",NA,NA,NA,"",NA,"","","","","","",79,"","","Included: All full-time and regular part-time CDR I, II, III (Materials) Sr. CDR, Operations Assistant I, II, III, Front End and Back End Technicians I, II, III

Excluded:",NA,34.011935,-117.159696,"Redlands, CA 92373",1,"place","TIGER/Line® dataset from the US Census Bureau","Redlands","San Bernardino County","CA","92373","US",1,33.5410670036631,-117.547212738148,NA,NA
"31-RD-377457","Aramark Healthcare Support Services","Region 31, Los Angeles, California","Open","12/17/2025","","","Los Angeles","CA","","","","",NA,NA,"SEIU - USWW",NA,"",NA,"",NA,NA,NA,"",NA,"","","","","","",53,"","","Included: All full-time and regular part-time specialty cooks, cooks, grill cooks, leads, transporters, cashiers, food service workers, dietary workers, inventory clerks, and general utility workers at the Hollywood Presbyterian Medical Center, located at 1300 N Vermont Avenue, Los Angeles, CA 90027.

Excluded: All other employees, managers, confidential and clerical employees, professional employees, casual/substitute employees, temporary employees, supervisors, and guards as defined in the National Labor Relations Act.",NA,33.973951,-118.248405,"Los Angeles, CA 90001",1,"place","TIGER/Line® dataset from the US Census Bureau","Los Angeles","Los Angeles County","CA","90001","US",1,34.2524707899211,-118.305841027564,NA,NA
"31-RD-379537","La Scala Beverly Hills","Region 31, Los Angeles, California","Open","01/23/2026","","","Beverly Hills","CA","","","","",NA,NA,"UNITE HERE Local 11",NA,"",NA,"",NA,NA,NA,"",NA,"","","","","","",55,"","","Included: All hourly employees (dishwashers, cooks, bartenders, servers, hosts, togo, runners, prep, cashiers, pantry)

Excluded:",NA,34.10263,-118.415972,"Beverly Hills, CA 90210",1,"place","TIGER/Line® dataset from the US Census Bureau","Beverly Hills","Los Angeles County","CA","90210","US",1,34.3939534983571,-118.117421443586,NA,NA
"31-RM-325710","Grindr LLC","Region 31, Los Angeles, California","Open","09/13/2023","","","West Hollywood","CA","","","","",NA,NA,"Communications Workers of America, District 9, AFL-CIO",NA,"",NA,"",NA,NA,NA,"",NA,"","","","","","",70,"","","Included: 
Account Manager, AdOps Specialist/AdOps Trafficker,
Ads Outreach Representative, Advisor,
Brand Partnerships Associate, Brand Partnerships Executive,
Community Advocate,
Content Moderation Operations Manager,
Cybersecurity Engineer,
Data Analyst, Data Analytics Engineer, Data Engineer,
Data Scientist, Analytics,
Digital Media Producer,
Engineer (Android, IOS, Backend, Web), Equality Outreach Manager,
Escalations Specialist, HR Specialist, IT Engineer,
IT Specialist, Knowledge Specialist, Machine Learning Engineer,
Marketing Program Manager, Marketing Strategist, Principal Data Scientist, Principal Product Designer, Principal Software Engineer (Android, IOS, Backend, Web), Privacy Program Manager, Product Designer,
Product Marketing Manager, QA Analyst,
Recruiter, Recruiting Coordinator, Revenue Operations Manager,
Sales Systems Manager, SDET, Security Engineer, Senior Brand Partnerships Executive, Senior Business Recruiter, Senior Copywriter, Senior Cybersecurity Engineer, Senior Data Analyst,
Senior Data Analytics Engineer, Senior Data Engineer,  Senior Data Scientist, Analytics, Senior Engineer (Android, IOS, Backend, Web), Senior Machine Learning Engineer, Senior Product Designer, Senior QA Analyst, Senior SDET, Senior Security Engineer, Senior Site Reliability Engineer, Senior Software Engineer (Android, IOS, Backend, Web), Senior Technical Recruiter, Senior Technical Sourcer, Senior User Researcher, Site Reliability Engineer, Social Media Coordinator, Software Engineer (Android, IOS, Backend, Web), Staff Data Scientist, Staff Site Reliability Engineer, Staff Software Engineer (Android, IOS, Backend, Web), Technical Program Manager, User Researcher.

Excluded: Accountant, Accounting Manager, Art Director, Brand Sales Director, Business Affairs Associate, Chief Accounting Officer, Chief Executive Officer, Chief Financial Officer, Chief of Staff, Chief Privacy Officer, Chief Product Officer, Commercial Counsel, Director of Engineering, Director of Partnerships, Director of SEC Reporting & Accounting Policy, Director, FP&A, Engineering Director, Engineering Manager, Mobile Platform, Escalations Supervisor, Executive Assistant, Executive Assistant, Office of the CEO, G4E, Global Impact, General Counsel and Head of Global Affairs, Head of People Operations, Information IT & Security Manager, Interim Head of Recruiting, Marketing Director, Principal Product Manager, Product Director, Product Manager, Revenue Operations Senior Director, Senior Accountant, Senior Data Engineering Manager, Senior Director, Product Design, Senior Engineering Manager, Backend,  Senior Engineering Manager, Web, Senior Financial Analyst,
 Senior Product Manager, Senior Manager, Customer Support, Senior Vice President, Engineering, Site Reliability Director, Software Engineering Manager, Staff Cybersecurity Engineer, Staff Full Stack Engineer, Talent Acquisition Manager, Talent Acquisition Program Manager, VP of Business & Legal Affairs, VP of Customer Experience, VP of Finance, VP of Product - Core Experience, VP, Brand Marketing, VP, Engineering & Chief Architect, VP, Partnerships, Corporate Development, & Strategy.",NA,34.093828,-118.381697,"West Hollywood, CA 90069",1,"place","TIGER/Line® dataset from the US Census Bureau","West Hollywood","Los Angeles County","CA","90069","US",1,33.8919171154148,-117.905343532558,NA,NA
"31-RM-367196","IGN Entertainment, Inc.","Region 31, Los Angeles, California","Open","06/09/2025","","","Los Angeles","CA","","","","",NA,NA,"Pacific Media Workers Guild, Local 39521",NA,"",NA,"",NA,NA,NA,"",NA,"","","","","","",4,"","","Included: All full- and part-time Operations Coordinators in the Employer’s Product Operations function.

Excluded: All other employees, editorial employees, engineering employees, product development employees, social employees, clerical employees, guards, professional employees, and supervisors as defined in the Act.",NA,33.973951,-118.248405,"Los Angeles, CA 90001",1,"place","TIGER/Line® dataset from the US Census Bureau","Los Angeles","Los Angeles County","CA","90001","US",1,33.9225856291378,-117.76742030684,NA,NA
"31-RM-367232","IGN Entertainment, Inc.","Region 31, Los Angeles, California","Open","06/09/2025","","","Los Angeles","CA","","","","",NA,NA,"Pacific Media Workers Guild, Local 39521",NA,"",NA,"",NA,NA,NA,"",NA,"","","","","","",11,"","","Included: All full- and part-time employees in the Employer’s Engineering department in the following classifications: DevOps Engineer, Principal DevOps Engineer, Software Engineer, Senior Software Engineer, Senior Software Engineer I, Principal Software Engineer, and Senior Principal Software Engineer.

Excluded: All other employees, editorial employees, product operations employees, product development employees, social employees, clerical employees, guards, professional employees, and supervisors as defined in the Act.",NA,33.973951,-118.248405,"Los Angeles, CA 90001",1,"place","TIGER/Line® dataset from the US Census Bureau","Los Angeles","Los Angeles County","CA","90001","US",1,34.1792911584271,-118.567308432228,NA,NA
"31-RM-367234","IGN Entertainment, Inc.","Region 31, Los Angeles, California","Open","06/09/2025","","","Los Angeles","CA","","","","",NA,NA,"Pacific Media Workers Guild, Local 39521",NA,"",NA,"",NA,NA,NA,"",NA,"","","","","","",7,"","","Included: All full- and part-time employees in the Employer’s Product Development function in the following classifications: Product Operations Associate, Product Manager, Lead Product Manager, Product Design Manager, and Product Designer.

Excluded: All other employees, editorial employees, engineering employees, product operations employees, social employees, clerical employees, guards, professional employees, and supervisors as defined in the Act.",NA,33.973951,-118.248405,"Los Angeles, CA 90001",1,"place","TIGER/Line® dataset from the US Census Bureau","Los Angeles","Los Angeles County","CA","90001","US",1,34.0479283041569,-118.400218536417,NA,NA
"32-RC-309991","Lodi Memorial Hospital Association, Inc. d/b/a Adventist Health Lodi Memorial","Region 32, Oakland, California","Open","01/09/2023","","","Lodi","CA","A","Single Labor Organization","Initial","03/09/2023",341,1,"California Nurses Association",188,"",NA,"",NA,119,307,"",16,"","California Nurses Association (CNA)","All full-time, regular part-time and per diem Registered Nurses employed by the Employer at its acute-care facility located at 975 South Fairmont Avenue, Lodi, CA 95240; excluding all other employees, RNs employed by other entities, registries or agencies providing outside labor to the Employer, nurse administrators, managerial employees, confidential employees, office clerical employees, guards, and supervisors defined by the Act.

Also eligible to vote are all employees in the unit who have worked an average of four (4) hours or more per week during the 13 weeks immediately preceding the eligibility date for the election.","","","",352,"","California Nurses Association (CNA)","Included:

All full-time, regular part-time and per diem registered nurses employed by the Employer
at its acute-care facility located at 975 South Fairmont Avenue, Lodi, CA 95240.

Excluded:

All other employees, including RNs employed by other entities, registries or agencies
providing outside labor to the Employer, office clerical employees, nurse administrators,
managerial employees, confidential employees, guards, and supervisors within the meaning of
the Act.",341,38.111356,-121.172415,"Lodi, CA 95240",1,"place","TIGER/Line® dataset from the US Census Bureau","Lodi","San Joaquin County","CA","95240","US",1,37.8098015508646,-120.806031964566,NA,NA
"32-RC-318944","Foster Farms LLC","Region 32, Oakland, California","Open","05/30/2023","","","Fresno","CA","A","Single Labor Organization","Initial","06/27/2023",38,1,"United Food and Commercial Workers 8 - Golden State",24,"",NA,"",NA,8,32,"",3,"","United Food and Commercial Workers 8 - Golden State","All full-time and regular part-time Set-Up AG employees, Chem Sprayer AG employees, Lead persons AG and Tractor Drivers AG employed by the Employer at its facility located at 5489 E Lamona Avenue, Fresno, CA 93727 excluding confidential employees, office clerical employees, guards, and supervisors as defined by the Act.

Others permitted to vote: The parties have agreed that mechanics and deadhaul drivers may vote in the election but their ballots will be challenged since their eligibility has not been resolved.  No decision has been made regarding whether the individuals in these classifications or groups are included in, or excluded from, the bargaining unit.  The eligibility or inclusion of these individuals will be resolved, if necessary, following the election.","","","",35,"","United Food and Commercial Workers 8 - Golden State","Included: 

Full/Part-Time workers and leads that are part of the set-up/clean-up ranch crew.

Excluded:
Supervisors.",38,36.8411,-119.801015,"Fresno, CA 93650",1,"place","TIGER/Line® dataset from the US Census Bureau","Fresno","Fresno County","CA","93650","US",1,36.59755010476,-119.956866657037,NA,NA
"32-RC-326909","Teamsters Local 431","Region 32, Oakland, California","Open","09/28/2023","","","Fresno","CA","","","","",NA,NA,"GENERAL TEAMSTERS LOCAL 386",NA,"",NA,"",NA,NA,NA,"",NA,"","","","","","",3,"","","Included: All office clerical employees.

Excluded: All other employees.",NA,36.8411,-119.801015,"Fresno, CA 93650",1,"place","TIGER/Line® dataset from the US Census Bureau","Fresno","Fresno County","CA","93650","US",1,36.9674363789767,-119.645819723747,NA,NA
"32-RC-330891","Neil Jones Food Company/TomaTek","Region 32, Oakland, California","Open","11/29/2023","","","Firebaugh","CA","A","Two Labor Organizations","Initial","07/26/2024",1127,6,"TEAMSTERS JOINT COUNCIL 7",621,"DC2, Local 388-M, Affiliated with PPPWU",133,"",NA,10,764,"",29,"","Teamsters Joint Council 7 and its affiliated local unions","Included: All full-time and regular part-time production and maintenance employees employed by the Employer at its Firebaugh, California, facility,
including seasonal employees, and such other employees as may be referenced in the following classifications: Batchers 1, 2 and 3; Bin Assembly 1 and 2; Boiler Operators 1 and 2; Boiler Technician III; Certified Boiler Tech; Bulk Dump Operators 1 and 2; Caser/Palletizers 1 and 2; Caser Operators 1 and 2; Control Room Operators 1, 2, and 3, and Control Room Leads 1 and 2; Control Room Operator Mechanics 1, 2, and 3; Custodians; Electricians 1, 2 and 3; Facilities Maintenance Technicians; Filler Operators 1, 2 and Filler Leads (Industrial); Filler Operators 1, 2 and 3 (Pouch); Flow Control Operators 1 and 2; Forklift Mechanics; Forklift Operators 1, 2 and 3; General Laborers 1, 2, 3, and Packers; Industrial Strappers; Ingredient Drivers; Ingredient Weighers 1; Machinery Lubrication employees 1; Inventory- Cycle Counters; Material Handlers A, B, C, D, and Material Handler Leads; Materials Cycle Counters; Mechanics A, B, C, and Assistants; Micro Techs 1, 2,and 3; Packaging Techs 1, 2, 3 and Packaging Leads; Paste Filler Assistants; Pearson Operators 1 and 2;. Process Checkers 1 and 2; QA Shipping/receiving Inspectors; Quality Assurance Techs 1 and 2; Sample Operator Graders 1 and 2; Sanitation employees 1, 2 and Sanitation Leads; Sanitation Recycling Technicians; Sorter Leads 1 and 2; Sterilizer Operators 1, 2 and 3; Tagger Operators 1, 2 and 3; Technician Assistants; Tool Room Attendants 1 and 2; Warehouse Leads 1 and 2, and; Yard Leads 1 and 2.

Excluded: All other employees, guards, managers, and supervisors as defined by the Act.
","","","",315,"","Teamsters Joint Council 7 and its affiliated local unions","Included: Batchers 1, 2 and 3; Bin Assembly 1 and 2; Boiler Operators 1 and 2; Certified Boiler Tech; Bulk Dump Operators 1 and 2; Caser/Palletizers 1 and 2; Caser Operators 1 and 2; Control Room Operators 1, 2, 3, Mechanics, and Leads 1 and 2; Custodians; Electricians 1, 2 and 3; Facilities Maintenance Technicians; Filler Operators 1, 2 and Leads (Industrial); Filler Operators 1, 2 and 3 (Pouch); Flow Control Operators 1 and 2; Forklift Mechanics; Forklift Operators 1, 2 and 3;
General Laborers 1, 2, 3, and Packers; Industrial Strappers; Ingredient Drivers; Ingredient Weighers 1; Machinery Lubrication employees 1; Material Handlers A, B, C, D, and Leads; Mechanics A, B, C, and Assistants; Micro Techs 1, 2, and 3; Packaging Techs 1, 2, 3 and Leads; Paste Filler Assistants; Pearson Operators 1 and 2; Process Checkers 1 and 2; QA Shipping/Receiving Inspectors; Quality Assurance Techs 1 and 2; Sample Operator Graders 1 and 2; Sanitation employees 1, 2 and Leads; Sanitation Recycling Technicians; Sorter Leads 1 and 2; Sterilizer Operators 1, 2 and 3;
Tagger Operators 1, 2 and 3; Technician Assistants; Tool Room Attendants 1 and 2; Warehouse Leads 1 and 2, and; Yard Leads 1 and 2.

Excluded: All other employees, guards, and supervisors as defined in the Act.
",1127,36.85884,-120.45601,"Firebaugh, CA 93622",1,"place","TIGER/Line® dataset from the US Census Bureau","Firebaugh","Fresno County","CA","93622","US",1,37.1154011717291,-120.149964888033,NA,NA
"32-RC-333791","Pepsi Beverages North America","Region 32, Oakland, California","Open","01/17/2024","","","Hayward","CA","A","Single Labor Organization","Initial","02/13/2024",81,NA,"Teamsters Local 896",33,"",NA,"",NA,34,67,"",1,"N","","All full-time and regular part-time manufacturing employees employed by Pepsi Beverages Company at 29000 Hesperian Blvd., Hayward, California, including machine operators, maintenance mechanics, quality control techs, and manufacturing leads; excluding all other employees, managerial employees, confidential employees, office clerical employees, guards, and supervisors as defined in the Act.","","","",85,"","","All unrepresented employees employed by the Employer at 29000 Hesperian Blvd. 

Excluded: Supervisors, managers and represented employees.",81,37.673946,-122.08482,"Hayward, CA 94541",1,"place","TIGER/Line® dataset from the US Census Bureau","Hayward","Alameda County","CA","94541","US",1,37.4896713493555,-122.401710794784,NA,NA
"32-RC-346345","Unifi Aviation, LLC","Region 32, Oakland, California","Open","07/15/2024","","","San Jose","CA","A","Single Labor Organization","Initial","02/19/2025",65,1,"International Association of Machinists and Aerospace Workers, AFL-CIO",20,"",NA,"",NA,9,NA,"",8,"","International Association of Machinists & Aerospace Workers, AFL-CIO","All full-time and regular part-time Ramp Agents, Lead Ramp Agents, and Operations Agents employed by the Employer at its facility currently located at 1521 Airport Blvd., San Jose, CA 95110; excluding all other employees, managerial employees, confidential employees, office clerical employees, guards, and supervisors as defined by the Act.

Others permitted to vote The parties have agreed that ramp supervisors may vote in the election, but their ballots will be challenged since their eligibility has not been resolved.  No decision has been made regarding whether the individuals in these classifications or groups are included in, or excluded from, the bargaining unit.  The eligibility or inclusion of these individuals will be resolved, if necessary, following the election.","","","",91,"","International Association of Machinists & Aerospace Workers, AFL-CIO","Included: All full-time, regular part-time, and Ready Reserve Ramp Agents, as well as all full-time and regular part-time Lead Ramp Agents, Ramp Supervisors, Trainers, and Operations Agents employed by the Employer at its facility currently located at 1521 Airport Blvd., San Jose, CA  95110. 

Excluded: All other employees, office clerical employees, guards, confidential employees, managerial employees, and supervisors as defined in the Act.",65,37.346608,-121.909871,"San Jose, CA 95110",1,"place","TIGER/Line® dataset from the US Census Bureau","San Jose","Santa Clara County","CA","95110","US",1,37.0169087796314,-121.774968065689,NA,NA
"32-RC-348851","Lux Bus America Co.","Region 32, Oakland, California","Open","08/22/2024","","","San Jose","CA","A","Single Labor Organization","Initial","10/30/2024",49,NA,"Teamsters Local 853",22,"",NA,"",NA,23,45,"",NA,"","","All full-time and regular part-time Coach/MCI, Transit/Sprinter and Minivan drivers servicing the Apple account employed by the Employer at or from its facility located at 560 Lincoln Ave, San Jose, CA 95126; Excluding all other employees, confidential employees, office clerical employees, guards, and supervisors as defined by the National Labor Relations Act.","","","",45,"","","Included: all FT and regular PT Coach/MCI and transit/Sprinter drivers on Apple account.

Excluded: all others including clericals, guards, and supervisors under the Act.",49,37.346608,-121.909871,"San Jose, CA 95110",1,"place","TIGER/Line® dataset from the US Census Bureau","San Jose","Santa Clara County","CA","95110","US",1,37.6275595262488,-122.070536458301,NA,NA
"32-RC-352046","Jones Lang LaSalle Americas, Inc.","Region 32, Oakland, California","Open","10/04/2024","","","Mountain View","CA","A","Single Labor Organization","Initial","12/04/2024",21,NA,"International Union of Operating Engineers, Stationary Engineers, Local 39, AFL-CIO",13,"",NA,"",NA,6,19,"",NA,"","International Union of Operating Engineers, Stationary Engineers, Local 39, AFL-CIO","All full-time and all regular part-time Maintenance Managers employed by the Employer, who provides services, at 1015 Joaquin Road, Mountain View, CA 94043, 1055 Joaquin, Mountain View, CA 94043, 1098 Alta, Mountain View, CA 94043, 1157 San Antonio Road, Mountain View, CA 94043, 1161San Antonio Road, Mountain View, CA 94043, 1200 Charleston, Mountain View, CA 94043, 1201Charleston, Mountain View, CA 94043, 1210 Charleston, Mountain View, CA 94043, 1215 Charleston, Mountain View, CA 94043, 1220 Charleston, Mountain View, CA 94043, 1225 Charleston, Mountain View, CA 94043,, 1230 Charleston, Mountain View, CA 94043,1245 Charleston, Mountain View, CA 94043, 1250 Charleston Mountain View, CA 94043,1295 Charleston, Mountain View, CA 94043, 1300 Charleston, Mountain View, CA 94043, 1350 Charleston, Mountain View, CA 94043, 1395 Charleston, Mountain View, CA 94043,1489 Charleston Mountain View, CA 94043, 1599 N Shoreline Mountain View, CA 94043, 1600 Plymouth, Mountain View, CA 94043, 1625 San Luis Ave, The Fields, Mountain View, CA 94043, 1667 Plymouth, Mountain View, CA 94043, 1674 North Shoreline Boulevard, Mountain View, CA 94043 ,1675 N Shoreline, Mountain View, CA 94043, 1685 Plymouth, Mountain View, CA 94043, 2015 Stierlin Court formerly 2021 St Ct Mountain View, CA 94043, 2017 Stierlin Court, Mountain View, CA 94043, 2023 Stierlin Court, Mountain View, CA 94043, 2071 Stierlin Court, Mountain View, CA 94043, 2081Stierlin Ct Mountain View, CA 94043, 2171 Landings, Mountain View, CA 94043, 2637 Marine Way, Mountain View, CA 94043, 2644-48 Bayshore, Mountain View, CA 94043, 2690 Casey, Mountain View, CA 94043, 2700 Garcia, Mountain View, CA 94043,2761 Marine Way, Mountain View, CA 94043, 325 Gladys The Woods Mountain View, CA 94043, 1600 Amphitheater B40, Mountain View, CA 94043, 1600 Amphitheater B41 Mountain View, CA 94043, 1600 Amphitheater B42, Mountain View, CA 94043, 1600 Amphitheater B43, Mountain View, CA 94043, 1625 Charleston B44, Mountain View, CA 94043, 1585 Charleston 845, Mountain View, CA 94043, 1565 Charleston 846, Mountain View, CA 94043, 1545 Charleston 847, Mountain View, CA 94043, 1010 Joaquin 848, Mountain View, CA 94043, 900 Alta, Mountain View, CA 94043, 918 N. Rengstorff Ave, Mountain View, CA 94043, 946 Linda Vista, Mountain View, CA 94043, 2598 8ayshore Parkway, Mountain View, CA 94043, 405 Clyde Avenue, Mountain View, CA 94043, 433 Clyde Avenue Mountain View, CA 94043, 440 Clyde Avenue, Mountain View, CA 94043, 450 Clyde Avenue, Mountain View, CA 94043, 485 Clyde Avenue, Mountain View, CA 94043, 495 Clyde Avenue, Mountain View, CA 94043, 500/506 Clyde Avenue, Mountain View, CA 94043, 510/516 Clyde Avenue, Mountain View, CA 94043, 520/526 Clyde Avenue, Mountain View, CA 94043, 640 Clyde Ave, Mountain View, CA 94043, 1200 Crittenden CL2, Mountain View, CA 94043, 1300 Crittenden CL3, Mountain View, CA 94043, 1400 Crittenden CL4, Mountain View, CA 94043, 1500 Crittenden CL5, Mountain View, CA 94043, 1300-1390 Villa St, Mountain View, CA 94043, X1260 Villa Street, Mountain View, CA 94043 1240 Villa Street, Mountain View, CA 94043, 401 Ellis Street, Mountain View, CA 94043, 475 Ellis Street, Mountain View, CA 94043, 501 Ellis St, Mountain View, CA 94043, 515 Ellis St, Mountain View, CA 9404, 3313 Fairchild FRC 1, Mountain View, CA 94043, 323 Fairchild FRC2 Mountain View, CA 94043 2025 Garcia GWCl, Mountain View, CA 94043, 1501 Salado GWC2, Mountain View, CA 94043, 1505 Salado GWC3, Mountain View, CA 94043, 1500 Salado GWC4 Mountain View, CA 94043, 2375 Garcia GWC5, Mountain View, CA 94043, 2350 Bayshore GWC6, Mountain View, Ca 94043, 2400 Bayshore, Mountain View, CA 94043, 2450 Bayshore, Mountain View, CA 94043, 441 Logue Avenue, Mountain View, CA 94043, 800 Maude Avenue, Mountain View, CA 94043, 1220 Pear Avenue, Mountain View, CA 94043, 1230 Pear Avenue, Mountain View, CA 94043, 1500 Plymouth PLYl, Mountain View, CA 94043, 1550 Plymouth PLY2, Mountain View, CAView, CA 94043, 1431 Plymouth Drive, Mountain View, CA 94043,  1555 Plymouth Street, Mountain View, CA 94043 , 1625 Plymouth, Mountain View, CA 94043, 1255 Pear Ave, Mountain View, CA 94043,  464 Ellis St QDl, Mountain View, CA 94043 , 466 Ellis St QD2, Mountain View, CA 94043,  468 Ellis St QD3, Mountain View, CA 94043,389 Whisman QD4, Mountain View, CA 94043, 399 Whisman QD5, Mountain View, CA 94043,  379 Whisman QD6 Mountain View, CA 94043,  369 Whisman QD7, Mountain View, CA 94043,  1310 Shorebird Way, Mountain View, CA 94043, 1230 Shorebird Way, Mountain View, CA 94043,, 1345 Shorebird Way, Mountain View, CA 94043, 1350 Shorebird Way, Mountain View, CA94043, 1355 Shorebird Way, Mountain View, CA 94043,  1365 Shorebird Way, Mountain View, CA 94043, 1371Shorebird Way, Mountain View, CA 94043,  1375 Shorebird Way,, Mountain View, CA 94043, 1380 Shorebird Way Mountain View, CA 94043,  1383 Shorebird Way, Mountain View, CA 94043,  1390 Shorebird Way, Mountain View, CA 94043, 1393 Shorebird Way, Mountain View, CA 94043, 1001 North Shoreline, Mountain View, CA 94043, 1300 Space Park Way, Mountain View, CA94043,  1340 Space Park Way, Mountain View, CA 94043,  1250 Space Park Way, Mountain View, CA 94043,  2019 Stierlin Court, Mountain View, CA 94043,  2025 Stierlin Court, Mountain View, CA 94043,  2027 Stierlin Court Mountain View, CA 94043,  2029 Stierlin Court, Mountain View, CA 94043,  2051 Stierlin Court, Mountain View, CA 94043 , 2061 Stierlin Court, Mountain View, CA 94043, 1344 Terra Bella Ave., Mountain View, CA 94043, 1255 Terra Bella Ave., Mountain View, CA 94043 , 1010 Corporation Way, Palo Alto, CA 94303,  1129 San Antonio Rd Palo Alto, CA 94303, 1133 San Antonio Rd, Palo Alto, CA 94303, 1135 San Antonio Rd, Palo Alto, CA 94303, 1137 San Antonio Road, Palo Alto, CA 94303, 3801 E Bayshore The Wetlands, Palo Alto, CA 94303, 1015 East Meadow Circle, Palo Alto, CA 94303, 1025 East Meadow Circle, Palo Alto, CA 94303 ,1040 East Meadow Circle, Palo Alto, CA 94303, 3400 Hillview Ave Bl, Palo Alto, CA 94303,  3400 Hillview Ave, 83, Palo Alto, CA 94303, 3400 Hillview Ave 84, Palo Alto, CA 94303,  3400 Hillview Ave BS, Palo Alto, CA 94303,  4001 Miranda Avenue Bl, Palo Alto, CA 94303,  4005 Miranda Avenue 82, Palo Alto, CA 94303,  4015 Miranda Avenue B3  ,Palo Alto, CA 94303, 1200 Seaport Boulevard, Redwood City, CA 94063, 1300 Seaport Boulevard, Redwood City, CA 94063,  1600 Seaport Boulevard, Redwood City, CA 94063, 1700 Seaport Boulevard, Redwood City, CA 94063,  1900 Seaport Boulevard, Redwood City, CA 94063, 1100 Grundy Ln, San Bruno, CA 94066, 1111 Bayhill Drive, San Bruno, CA 94066,  1250 Grundy Lane, San Bruno, CA 94066, 900 Cherry Ave, San Bruno, CA 94066, 901 Cherry Ave, San Bruno, CA 94066,  999 Bayhill Dr, San Bruno, CA 94066, 101 Church St, Santa Cruz, CA 95060, 494 Bernardo The Orchard, Sunnyvale, CA 94086, 641 Baltic Way, Sunnyvale, CA 94089, 1185 Bordeaux Drive, Sunnyvale, CA 94089, 1212 Bordeaux Drive, Sunnyvale, CA 94089,1215 Bordeaux Drive, Sunnyvale, CA 94089, 1265 Borregas Avenue, Sunnyvale, CA 94089, 1225 Crossman Avenue, Sunnyvale, CA 94089, 1240 Crossman Avenue, Sunnyvale, CA 94089, 1249 Crossman Avenue, Sunnyvale, CA 94089, 1260 Crossman Avenue, Sunnyvale, CA 94089, 1265 Crossman Avenue, Sunnyvale, CA 94089, 222 Caspian Dr. , Sunnyvale, CA 94089, 1330 Geneva Dr , Sunnyvale, CA 94089,  111W Java Dr ,Sunnyvale, CA 94089,   475 E Java Drive, Sunnyvale, CA 94089, 495 E Java Drive, Sunnyvale, CA 94089, 1184 N. Mathilda Avenue, Sunnyvale, CA 94089,  1194 N. Mathilda Avenue, Sunnyvale, CA 94089 , 1220 N. Mathilda Avenue, Sunnyvale, CA 94089,  1000 Enterprise Way, Sunnyvale, CA 94089, 1155 Borregas Ave, Sunnyvale, CA 94089, 1175 Borregas Ave, Sunnyvale, CA 94089,  1170 Bordeaux Drive, Sunnyvale, CA 94089, 1190 Bordeaux Drive, Sunnyvale, CA 94089,  1160 N. Mathilda Avenue, Sunnyvale, CA 94089,  1195 Borregas Drive, Sunnyvale, CA 94089, 1160 Bordeaux Drive Sunnyvale, CA 94089, 1160 Bordeaux Drive (pool house) Sunnyvale, CA 94089,  217 Moffett Park Drive Sunnyvale, CA 94089, 237 Moffett Park Drive Sunnyvale, CA 94089,  1350 N Mathilda Ave, Sunnyvale, CA 94089,  and 589 W Java Dr, Sunnyvale, CA 94089; excluding employees represented by a labor organization, managerial employees, confidential employees, office clerical employees, guards, and supervisors as defined by the Act. 

If a majority of valid ballots are cast for International Union of Operating Engineers, Stationary Engineers, Local 39, AFL-CIO, they will be taken to have indicated the employees’ desire to be included in the existing unit of employees currently represented by International Union of Operating Engineers, Stationary Engineers, Local 39, AFL-CIO. If a majority of valid ballots are not cast for representation, they will be taken to have indicated the employees’ desire to remain unrepresented. 
","","","",22,"","International Union of Operating Engineers, Stationary Engineers, Local 39, AFL-CIO","Included: All full time and part time Chief Engineers, Assistant Chief Engineers, Stationary Engineers and Utility Engineers.

Excluded: All other classifications, including but not limited to guards, managers, confidential employees and supervisors as defined by the Act.",21,37.189396,-121.705327,"Mountain View, CA 94039",1,"place","TIGER/Line® dataset from the US Census Bureau","Mountain View","Santa Clara County","CA","94039","US",1,37.4359004027194,-121.639815835977,NA,NA
"32-RC-362037","Satellite Healthcare, Inc.","Region 32, Oakland, California","Open","03/14/2025","","","San Jose","CA","A","Single Labor Organization","Initial","04/18/2025",23,NA,"Service Employees International Union, United Healthcare Workers - West",21,"",NA,"",NA,NA,21,"",NA,"","Service Employees International Union, United Healthcare Workers-West","VOTING GROUP - UNIT A (PROFESSIONAL UNIT):
All full-time, regular part-time, and eligible per diem employees in the following classifications employed by the Employer out of its facility located at 2121 Alexian Drive, Suite 100, San Jose, CA 95116, the sole facility herein:  IC RN 3 – Intermediate; IC RN 4 - Advanced; excluding non-professional employees, Center Managers, Assistant Center Managers, confidential employees, office clerical employees, guards, and supervisors as defined by the National Labor Relations Act.

VOTING GROUP - UNIT B (NON-PROFESSIONAL UNIT):
All full-time, regular part-time, and eligible per diem employees in the following classifications employed by the Employer out of its facility located at 2121 Alexian Drive, Suite 100, San Jose, CA 95116, the sole facility herein: Certified Clinical Hemodialysis Technician (CCHT); CCHT Advanced; CCHT Master; Patient Care Technician (PCT) Trainee; and Environmental Services Technician (EST); excluding professional employees, confidential employees, office clerical employees, guards, and supervisors as defined by the National Labor Relations Act

Also eligible to vote are all employees in the unit who have worked an average of four (4) hours or more per week during the 13 weeks immediately preceding the eligibility date for the election.","","","",23,"","Service Employees International Union, United Healthcare Workers-West","",23,37.346608,-121.909871,"San Jose, CA 95110",1,"place","TIGER/Line® dataset from the US Census Bureau","San Jose","Santa Clara County","CA","95110","US",1,37.0454975351533,-121.867743249186,NA,NA
"32-RC-363784","unWired Broadband, Inc.","Region 32, Oakland, California","Open","04/15/2025","","","Fresno","CA","A","Single Labor Organization","Initial","06/04/2025",22,NA,"Communications Workers of America",10,"",NA,"",NA,1,11,"",5,"","Communications Workers of America","","","","",39,"","Communications Workers of America","Included: All full-time Installation Technicians, Tower Climbers, Lead Tower Climbers, Bucket Truck Technicians, Lead Bucket Truck Technicians, Aerial Construction Technicians, Safety Technicians, Service Technicians, Field Technicians, Field Construction Assistants and Fiber Construction Assistant.

Excluded: All other employees, supervisors, and guards as defined by the Act.",22,36.8411,-119.801015,"Fresno, CA 93650",1,"place","TIGER/Line® dataset from the US Census Bureau","Fresno","Fresno County","CA","93650","US",1,37.2849930372708,-119.564236926056,NA,NA
"32-RC-364174","Satellite Healthcare, Inc.","Region 32, Oakland, California","Open","04/21/2025","","","Hollister","CA","A","Single Labor Organization","Initial","05/30/2025",5,NA,"Service Employees International Union, United Healthcare Workers - West",3,"",NA,"",NA,NA,3,"",NA,"","Service Employees International Union, United Healthcare Workers - West","All full-time, regular part-time, and eligible per diem employees in the following classifications employed by the Employer out of its facility located at 1100 E. Park St, Hollister, CA 95023, the sole facility herein: Certified Clinical Hemodialysis Technician (CCHT); CCHT Advanced; and CCHT Master; excluding professional employees, confidential employees, office clerical employees, guards, and supervisors as defined by the National Labor Relations Act.

Others permitted to vote The parties have agreed that Biomedical Technicians may vote in the election, but their ballots will be challenged since their eligibility has not been resolved.  No decision has been made regarding whether the individuals in these classifications or groups are included in, or excluded from, the bargaining unit.  The eligibility or inclusion of these individuals will be resolved, if necessary, following the election.

Also eligible to vote are all employees in the unit who have worked an average of four (4) hours or more per week during the 13 weeks immediately preceding the eligibility date for the election.

","","","",3,"","Service Employees International Union, United Healthcare Workers - West","Included: All CCHT, CHT, PCT Trainee, CCHT Advanced, CCHT Master, Biomedical Technicians
All other classifications, including but not limited to guards, managers, confidential
employees and supervisors as defined by the Act.
",5,36.828078,-121.3924,"Hollister, CA 95023",1,"place","TIGER/Line® dataset from the US Census Bureau","Hollister","San Benito County","CA","95023","US",1,37.1981951460561,-121.093003673002,NA,NA
"32-RC-364505","unWired Broadband, Inc.","Region 32, Oakland, California","Open","04/25/2025","","","Fresno","CA","","","","",NA,NA,"Communications Workers of America",NA,"",NA,"",NA,NA,NA,"",NA,"","","","","","",39,"","","Included: All Tower Service, Project Labor, Field Service FTTH, Field Construction, FTTH, Field Construction, Operations - Field Management.

Excluded: All other employees, supervisors, and guards as defined by the Act.",NA,36.8411,-119.801015,"Fresno, CA 93650",1,"place","TIGER/Line® dataset from the US Census Bureau","Fresno","Fresno County","CA","93650","US",1,37.0512517927367,-119.388630471566,NA,NA
"32-RC-364534","Satellite Healthcare, Inc.","Region 32, Oakland, California","Open","04/28/2025","","","Sunnyvale","CA","A","Single Labor Organization","Initial","05/29/2025",9,NA,"Service Employees International Union, United Healthcare Workers - West",3,"",NA,"",NA,4,7,"",NA,"","","VOTING GROUP – UNIT A (PROFESSIONAL EMPLOYEES)

All full-time, regular part-time, and eligible per diem employees in the following classifications employed by the Employer out of its facility located at 610 N. Pastoria Ave., Sunnyvale, CA 94086, the sole facility involved herein: RN Staff Per Diem; IC RN1 Trainee; IC RN 3 Intermediate; and  IC RN4 Advanced; excluding non-professional employees, Center Managers, Assistant Center Managers, confidential employees, office clerical employees, guards, and supervisors as defined by the Act.

VOTING GROUP – UNIT B (NON-PROFESSIONAL EMPLOYEES)

All full-time, regular part-time, and eligible per diem employees in the following classifications employed by the Employer out of its facility located at 610 N. Pastoria Ave., Sunnyvale, CA 94086, the sole facility herein: Certified Clinical Hemodialysis Technician (CCHT); CCHT Advanced; CCHT Master; CCHT Per Diem; and Environmental Services Tech (EST); excluding professional employees, confidential employees, office clerical employees, guards, and supervisors as defined by the National Labor Relations Act.

Also eligible to vote are all employees in the unit who have worked an average of four (4) hours or more per week during the 13 weeks immediately preceding the eligibility date for the election.


","","","",22,"","","Included: CCHT, CHT, PCT Trainee, CCHT Advanced, CCHT Master, EST, RN, LVN

Excluded: All other employees, statutory supervisors, and guards as defined by the Act.",14,37.371647,-122.023153,"Sunnyvale, CA 94086",1,"place","TIGER/Line® dataset from the US Census Bureau","Sunnyvale","Santa Clara County","CA","94086","US",1,37.2402009939906,-121.588322803333,NA,NA
"32-RC-366164","Hale Construction Inc.","Region 32, Oakland, California","Open","05/22/2025","","","Manteca","CA","A","Single Labor Organization","Initial","07/16/2025",34,2,"Bricklayers, Tilesetters and Allied Craft Workers, Local 3",16,"",NA,"",NA,5,21,"",8,"","Bricklayers, Tilesetters and Allied Craft Workers, Local 3","All full-time and regular part-time Bricklayers employed by the Employer at or from its facility located at 1842 E. Palm Lane, Manteca, CA 95336; excluding all other employees, confidential employees, office clerical employees, guards, and supervisors as defined by the Act.

Also eligible to vote are all employees in the unit(s) who either (1) were employed a total of 30 working days or more within the 12 months preceding the election eligibility date or (2) had some employment in the 12 months preceding the election eligibility date and were employed 45 working days or more within the 24 months immediately preceding the election eligibility date.  However, employees meeting either of those criteria who were terminated for cause or who quit voluntarily prior to the completion of the last job for which they were employed, are not eligible.
","","","",8,"","Bricklayers, Tilesetters and Allied Craft Workers, Local 3","Included: All bricklayers employed by the employer.

Excluded: All other employees, supervisors, and guards as defined by the Act.",34,37.807297,-121.177601,"Manteca, CA 95336",1,"place","TIGER/Line® dataset from the US Census Bureau","Manteca","San Joaquin County","CA","95336","US",1,37.7729405938086,-121.456165391192,NA,NA
"32-RC-367029","Children's Hospital & Research Center at Oakland","Region 32, Oakland, California","Open","06/05/2025","","","Oakland","CA","","","","",NA,NA,"Office & Professional Employees, OPEIU Local 29",NA,"",NA,"",NA,NA,NA,"",NA,"","","","","","",50,"","","Included: All full-time and regular part-time employees employed by the Employer whose
duties are under the control and supervision of the Pathologists who direct the activities of the
Clinical Laboratory, and employees classified as Histotechnologists, Pathology Technicians,
Histology Technicians, Cytology Technologists, Clinical Laboratory Scientists, Senior Clinical
Laboratory Scientists, and Supervisory Clinical Laboratory Scientists, employed by the
Employer at its Oakland and Walnut Creek locations.

Excluded: Phlebotomists, Laboratory Aides and Assistants, Blood Gas Technicians, Dieners,
administrative personnel, Clinical Laboratory Managers, clerical employees, guards and
supervisors as defined by the Act.",NA,37.786027,-122.223779,"Oakland, CA 94601",1,"place","TIGER/Line® dataset from the US Census Bureau","Oakland","Alameda County","CA","94601","US",1,38.0328000385251,-121.860089506146,NA,NA
"32-RC-368700","Satellite Healthcare, Inc.","Region 32, Oakland, California","Open","07/03/2025","","","San Jose","CA","","","","",NA,NA,"Service Employees International Union, United Healthcare Workers - West",NA,"",NA,"",NA,NA,NA,"",NA,"","","","","","",17,"","","Included: CCHT, CHT, PCT Trainee, CCHT Advanced, CCHT Master, EST, RN, LVN, Biomed

Excluded: All other employees, statutory supervisors, and guards as defined by the Act.",NA,37.346608,-121.909871,"San Jose, CA 95110",1,"place","TIGER/Line® dataset from the US Census Bureau","San Jose","Santa Clara County","CA","95110","US",1,37.3122351899585,-122.13867915086,NA,NA
"32-RC-369681","Touchstone Climbing, Inc.","Region 20, San Francisco, California","Open","07/21/2025","","","San Jose","CA","A","Single Labor Organization","Initial","09/08/2025",20,NA,"Western States Regional Joint Board, Workers United",12,"",NA,"",NA,4,16,"",NA,"","Western States Regional Joint Board, Workers United","Included: All full-time and regular part-time front desk staff, front desk leads, belay staff, routesetters assigned to The Studio, climbing club coaches, assistant team coaches, lead team coaches, safety staff, and instructors at 306 South 1st Street, San Jose, CA, who were employed by the Employer during the payroll period ending Sunday, August 17, 2025.
Excluded: Routesetters assigned to the Touchstone Office and all Maintenance Staff
","","","",NA,"","","",NA,37.346608,-121.909871,"San Jose, CA 95110",1,"place","TIGER/Line® dataset from the US Census Bureau","San Jose","Santa Clara County","CA","95110","US",1,37.7183192219892,-121.592942832173,NA,NA
"32-RC-370127","Total Renal Care, Inc. d/b/a DaVita Visalia Vineyard Dialysis","Region 32, Oakland, California","Open","07/25/2025","","","Visalia","CA","A","Single Labor Organization","Initial","12/04/2025",12,NA,"Service Employees International Union – United Healthcare Workers West",NA,"",NA,"",NA,NA,NA,"",7,"Y","Service Employees International Union - United Healthcare Workers - West","Voting Group - Unit A (Professional Unit): 

Included: All full-time, regular part-time, and eligible per diem Registered Nurses ICHDs, Registered Nurse PDs, Registered Nurse HHDs, Clinical Coordinator ICHDs, and Clinical Coordinator PDs, employed by the Employer at or from its 1140 S Ben Maddox Way, Visalia, California facility.

Excluded: All other employees, nonprofessional employees, float pool employees, Social Workers, Dieticians, Biomedical Services Specialists, confidential employees, guards, and supervisors as defined in the Act.

Voting Group - Unit B (Non-Professional Unit): 

Included: All full-time, regular part-time, and eligible per diem Administrative Assistants, Licensed Practical Nurse ICHDs, Licensed Practical Nurse PDs, Licensed Vocational Nurse ICHDs, Licensed Vocational Nurse PDs, Patient Care Technician ICHDs, Patient Care Technician PDs, and Patient Care Technician HHDs employed by the Employer at or from its 1140 S Ben Maddox Way, Visalia, CA facility. 

Excluded: All other employees, professional employees, float pool employees, Social Workers, Dieticians, Biomedical Services Specialists, confidential employees, guards, and supervisors as defined in the Act. 

Also eligible to vote are all employees in Voting Groups A and B who have worked an average of four (4) or more hours per week during the 13 weeks immediately preceding the eligibility date for the election.
","","","",25,"","Service Employees International Union - United Healthcare Workers West","Included: Register Nurses, Charge RN I, Clinical Coordinator, CC, Home RN, PD RN,
Peritoneal Dialysis RN, CHT, PCT I, PCT II, PCT III, Administration Assistants, Unit
Secretary, LVN

Excluded: All other employees, statutory supervisors, and guards as defined by the Act.",12,37.786027,-122.223779,"Oakland, CA 94601",1,"place","TIGER/Line® dataset from the US Census Bureau","Oakland","Alameda County","CA","94601","US",1,37.3532871847909,-121.798775869313,NA,NA
"32-RC-370183","Satellite Healthcare, Inc.","Region 32, Oakland, California","Open","07/25/2025","","","Oakland","CA","","","","",NA,NA,"Service Employees International Union – United Healthcare Workers West",NA,"",NA,"",NA,NA,NA,"",NA,"","","","","","",4,"","","Included: Social Worker, Registered Dietitian

Excluded: All other employees, statutory supervisors, and guards as defined by the Act.",NA,37.786027,-122.223779,"Oakland, CA 94601",1,"place","TIGER/Line® dataset from the US Census Bureau","Oakland","Alameda County","CA","94601","US",1,37.9542464664609,-122.533254443792,NA,NA
"32-RC-370217","Touchstone Climbing, Inc.","Region 20, San Francisco, California","Open","07/28/2025","","","Concord","CA","A","Single Labor Organization","Initial","09/08/2025",17,NA,"Western States Regional Joint Board, Workers United",8,"",NA,"",NA,1,9,"",1,"","Western States Regional Joint Board, Workers United","Included: All full-time and regular part-time front desk staff, front desk leads, belay staff, climbing club coaches, assistant team coaches, lead team coaches, safety staff, and instructors.
Excluded: Routesetters assigned to the Touchstone Office and all Maintenance Staff.","","","",NA,"","","",NA,37.953672,-122.022872,"Concord, CA 94518",1,"place","TIGER/Line® dataset from the US Census Bureau","Concord","Contra Costa County","CA","94518","US",1,37.7569177444351,-122.248024046187,NA,NA
"32-RC-371171","FreshPoint Central California, Inc.","Region 32, Oakland, California","Open","08/12/2025","","","Turlock","CA","A","Single Labor Organization","Initial","01/06/2026",50,NA,"Teamsters Local 386",19,"",NA,"",NA,15,34,"",NA,"","Teamsters Local 386","Included: All full time and regular part time drivers including Driver A, Driver B, Driver-Domiciled, Driver-Shuttle, and Lead Driver employed by the Employer at its Turlock, Fresno, and Sacramento, California facilities.

Excluded: All office clerical employees, managerial employees, professional employees, guards, and supervisors as defined by the Act.
","","","",39,"","Teamsters Local 386","Included: All full time and regular part-time drivers.

Excluded: All other employees included managers, guards and supervisors, as defined by the Act.",50,37.474396,-120.875918,"Turlock, CA 95380",1,"place","TIGER/Line® dataset from the US Census Bureau","Turlock","Stanislaus County","CA","95380","US",1,37.4288456685266,-120.585788771505,NA,NA
"32-RC-372564","Unifi Aviation, LLC","Region 32, Oakland, California","Open","09/02/2025","","","Fresno","CA","A","Single Labor Organization","Initial","12/03/2025",77,NA,"International Association of Machinists and Aerospace Workers, District 142",42,"",NA,"",NA,8,50,"",3,"","International Association of Machinists and Aerospace Workers, District 142","All full-time and regular part-time Ramp Agents–Driving, Ramp Operations Agents, Customer Service Agents, and Trainers PX, employed by the Employer at its facility located at 5175 E. Clinton Way, Fresno, CA 93727; Excluding all other employees, professional employees, managerial employees, confidential employees, office clerical employees, guards, and supervisors as defined by the Act.","","","",80,"","International Association of Machinists and Aerospace Workers, District 142","Included: All full-time and regular part-time Customer Service Agents, Ramp Drivers, Ramp Operations Agents, and Trainers employed by the Employer at its facility located at 5175 E Clinton Way, Fresno, CA 93727.

Excluded: All other employees, professionals, guards, managerial employees, and supervisors as defined in the Act.",77,36.8411,-119.801015,"Fresno, CA 93650",1,"place","TIGER/Line® dataset from the US Census Bureau","Fresno","Fresno County","CA","93650","US",1,36.4327565388907,-119.96321910075,NA,NA
"32-RC-373302","Satellite Healthcare, Inc.","Region 32, Oakland, California","Open","09/12/2025","","","Hollister","CA","A","Single Labor Organization","Initial","12/02/2025",4,NA,"Service Employees International Union - United Healthcare Workers West",3,"",NA,"",NA,NA,3,"",NA,"","Service Employees International Union - United Healthcare Workers West","Included: All full-time and regular part-time MSWs 1-NE, IC RNs 2-trainee, Home RNs 3-Intermediate, and Registered Dietitians and Dietitians employed by the Employer at or from its facility located at 1100 E. Park Street, Hollister, CA 95023

Excluded: All other employees, Center Managers, Assistant Center Managers, non- professional employees, managers, confidential employees, office clerical employees, guards, and supervisors as defined by the National Labor Relations Act.

Also eligible to vote are all employees in the unit who have worked an average of four (4) hours or more per week during the 13 weeks immediately preceding the eligibility date for the election.","","","",4,"","Service Employees International Union - United Healthcare Workers West","Included: Registered Nurse, Registered Nurse Home, Social Worker, Registered Dietitian, Dietitian 

Excluded: All other employees, including statutory supervisors, and guards as defined by the Act.",4,36.828078,-121.3924,"Hollister, CA 95023",1,"place","TIGER/Line® dataset from the US Census Bureau","Hollister","San Benito County","CA","95023","US",1,36.8253486937697,-121.294766575552,NA,NA
"32-RC-373812","Bio-Rad Laboratories, Inc.","Region 32, Oakland, California","Open","09/22/2025","","","Hercules","CA","A","Single Labor Organization","Initial","12/30/2025",39,1,"Warehouse Union Local 6, ILWU",17,"",NA,"",NA,14,31,"",NA,"","Warehouse Union Local 6, ILWU","All full-time and regular part-time Production Techs I, Production Techs II, Production Techs III, Engineering Techs I, Engineering Techs II, and Maintenance Tech I employed by the Employer at 6000 James Watson Dr, Hercules CA; Production Techs I, Production Techs II, Production Techs III, Maintenance Technicians II, Maintenance Technicians III, and Maintenance Tech IV employed by the Employer at 925 Alfred Nobel Dr, Hercules, CA;  Maintenance Tech  III and  Maintenance Technicians IV employed by the Employer at 4000 Alfred Nobel Dr, Hercules, CA; and  Maintenance Technicians III and Maintenance Technicians IV employed by the Employer at 3110 Regatta Blvd, Richmond CA; Excluding temporary Maintenance Technicians II and IV employed by the employment agency Nelson Staffing, casual or irregular employees, independent contractors, professional employees, managerial employees, confidential employees, office clerical employees, guards, and supervisors as defined by the Act.

Others permitted to vote The parties have agreed that the production employees working in USA RIC B3310 and USA HER B800 may vote in the election, but their ballots will be challenged since their eligibility has not been resolved.  No decision has been made regarding whether the individuals in these classifications or groups are included in, or excluded from, the bargaining unit. The eligibility or inclusion of these individuals will be resolved, if necessary, following the election.","","","",30,"","Warehouse Union Local 6, ILWU","Included: Production, Engineering and Maintenance Technician employed by Bio-Rad at 6000
James Watson Dr, Hercules CA;
Production and Maintenance Technicians employed by Bio-Rad at 925 Alfred Nobel
Dr, Hercules CA;
Production and Maintenance Technicians employed by Bio-Rad at 4000 Alfred
Nobel Dr, Hercules CA; and
Maintenance Technicians employed by Bio-Rad at 311 0 Regatta Blvd, Richmond CA.

Excluded: Managers, confidential employees, office clerical employees, guards, and supervisors as defined by the Act.",39,38.008343,-122.262101,"Hercules, CA 94547",1,"place","TIGER/Line® dataset from the US Census Bureau","Hercules","Contra Costa County","CA","94547","US",1,37.606432287756,-122.452426679258,NA,NA
"32-RC-375669","Satellite Healthcare, Inc.","Region 32, Oakland, California","Open","11/25/2025","","","San Jose","CA","A","Single Labor Organization","Initial","12/19/2025",22,NA,"Service Employees International Union - United Healthcare Workers West",14,"",NA,"",NA,4,18,"",1,"","Service Employees International Union - United Healthcare Workers West","VOTING GROUP A - PROFESSIONAL EMPLOYEES
Included: All full-time, regular part-time, and eligible per diem employees in the following classifications employed by the Employer at its facility located at 1450 White Rd #30, San Jose, CA 95127, the sole facility involved herein: IC RN3 Intermediate; IC RN4 Advanced; MSW III; and Nephrology Dietitian III.
Excluded: All other employees, Center Managers, Assistant Center Managers, non-professional employees, managers, confidential employees, office clerical employees, guards, and supervisors as defined by the National Labor Relations Act.

VOTING GROUP B - NON-PROFESSIONAL EMPLOYEES
Included: All full-time, regular part-time, and eligible per diem employees in the following classifications employed by the Employer at its facility located at 1450 White Rd #30, San Jose, CA 95127, the sole facility involved herein: Patient Care Technicians (PCT) Trainees; Certified Clinical Hemodialysis Technicians (CCHT); CCHT Advanced; CCHT Master; and CCHT – Per Diem.
Excluded: All other employees, professional employees, Center Managers, Assistant Center Managers, other managers, confidential employees, office clerical employees, guards, and supervisors as defined by the National Labor Relations Act.","","","",19,"","Service Employees International Union - United Healthcare Workers West","Included: RN, LVN, CCHT, Master CCHT, Advanced CCHT, PCT, PCT-Trainee, EST, Registered Dietitian, Social Worker, Master Social Worker

Excluded: All other employees, including guards and supervisors as defined by the Act.
",22,37.346608,-121.909871,"San Jose, CA 95110",1,"place","TIGER/Line® dataset from the US Census Bureau","San Jose","Santa Clara County","CA","95110","US",1,37.2159719277481,-121.521472165263,NA,NA
"32-RC-376025","Doctors Hospital Manteca of Tenant Health d/b/a Doctors Hospital of Manteca","Region 32, Oakland, California","Open","12/01/2025","","","Manteca","CA","","","","",NA,NA,"Service Employees International Union, United Healthcare Workers - West",NA,"",NA,"",NA,NA,NA,"",NA,"","","","","","",35,"","","Included: All regular full-time, part time, and per diem ED Techs and housekeeping department employees in an Armour Globe election.

Excluded: All managers, supervisors, guards, and any prohibited under the National Labor Relations Act.
",NA,37.807297,-121.177601,"Manteca, CA 95336",1,"place","TIGER/Line® dataset from the US Census Bureau","Manteca","San Joaquin County","CA","95336","US",1,37.3161462745999,-121.364656450864,NA,NA
"32-RC-376933","Doctors Hospital of Manteca, Inc. d/b/a Doctors Hospital of Manteca","Region 32, Oakland, California","Open","12/11/2025","","","Manteca","CA","A","Single Labor Organization","Initial","02/18/2026",28,2,"Service Employees International Union - United Healthcare Workers West",13,"",NA,"",NA,NA,13,"",1,"","Service Employees International Union - United Healthcare Workers West","All regular full-time, part time, and per diem Housekeeping and Environmental Services (EVS) employees employed by the Employer, Doctors Hospital of Manteca, at its facility located at 1205 E. North St., Manteca, CA 95337; excluding employees represented by a labor organization, guards, managers, and supervisors as defined in the Act.

OTHERS PERMITTED TO VOTE:
Employees in the classification of Environmental Services Lead may vote in the election, but their ballots will be challenged since their eligibility has not been resolved.  No decision has been made regarding whether the individuals in these classifications or groups are included in, or excluded from, the bargaining unit. The eligibility or inclusion of these individuals will be resolved, if necessary, following the election.

","","","",30,"","Service Employees International Union - United Healthcare Workers West","Included: All regular full-time, part time, and per diem housekeeping department/EVS employees, including Leads. Petitioner seeks an Armour-Globe self-determination election as described in attachment.

Excluded: All managers, supervisors, guards, and any prohibited under the National Labor Relations Act.",28,37.807297,-121.177601,"Manteca, CA 95336",1,"place","TIGER/Line® dataset from the US Census Bureau","Manteca","San Joaquin County","CA","95336","US",1,37.3737360360471,-121.585311155006,NA,NA
"32-RC-377832","Recology South Bay","Region 32, Oakland, California","Open","12/23/2025","","","San Jose","CA","A","Single Labor Organization","Initial","01/20/2026",5,NA,"Teamsters Local 350",3,"",NA,"",NA,2,5,"",NA,"","Sanitary Truck Drivers and Helpers Union Local 350, IBT","All full-time and regular part-time Customer Service Representatives employed by the Employer at its facility located at 1675 Rogers Avenue, San Jose, CA 95112, excluding employees represented by a labor organization, managers, confidential employees, office clerical employees, guards, and supervisors as defined in the Act.","","","",5,"","Sanitary Truck Drivers and Helpers Union Local 350, IBT","This is an Armour-Globe petition. Teamsters Local 350 represents a bargaining unit of drivers, mechanics and operators employed by Recology South Bay at 1675 Rogers Avenue, San Jose. Teamsters Local 350 petitions for an Armour-Globe election for the Customer Service Representatives to join the existing Teamsters bargaining unit.

Excluded: All managers, supervisors, guards as defined in the Act and all other employees.
",5,37.346608,-121.909871,"San Jose, CA 95110",1,"place","TIGER/Line® dataset from the US Census Bureau","San Jose","Santa Clara County","CA","95110","US",1,37.6421716109691,-121.738873676299,NA,NA
"32-RC-377881","Granite Rock Company","Region 32, Oakland, California","Open","12/24/2025","","","Aromas","CA","","","","",NA,NA,"Teamsters Local 853",NA,"",NA,"",NA,NA,NA,"",NA,"","","","","","",2,"","","This is an Armour-Globe petition. Teamsters Local 853 represents a bargaining unit of employees employed by Granite Rock Company at the Quarry comprising the Truck Lubrication Engineer, Quarry Dump Truck Driver, and Water Truck Driver. Teamsters Local 853 seeks an Armour-Globe election for the Warehouse Assistants to join the existing Teamsters bargaining unit.

Excluded:All managers, supervisors, guards as defined in the Act and all other employees.
",NA,36.864154,-121.647608,"Aromas, CA 95004",1,"place","TIGER/Line® dataset from the US Census Bureau","Aromas","Monterey County","CA","95004","US",1,37.3092851328448,-121.287193357392,NA,NA
"32-RC-377918","Touchstone Climbing, Inc.","Region 32, Oakland, California","Open","12/23/2025","","","Berkeley","CA","A","Single Labor Organization","Initial","02/25/2026",5,NA,"Western States Regional Joint Board, Workers United",5,"",NA,"",NA,NA,5,"",NA,"","Western States Regional Joint Board, Workers United","Included: All full-time and regular part-time maintenance employees employed by the Employer to service its Bay Area facilities.
Excluded: All other employees, supervisors and guards as defined by the Act.
","","","",4,"","Western States Regional Joint Board, Workers United","Included: All full time and regular part time maintenance employees employed by the Employer to Service its Bay Area facilities.

Excluded: All other employees, supervisors and guards as defined in the Act",5,37.864425,-122.28713,"Berkeley, CA 94702",1,"place","TIGER/Line® dataset from the US Census Bureau","Berkeley","Alameda County","CA","94702","US",1,37.466302655834,-122.648981858441,NA,NA
"32-RC-377926","Touchstone Climbing, Inc.","Region 32, Oakland, California","Open","12/29/2025","","","Berkeley","CA","A","Single Labor Organization","Initial","02/25/2026",21,NA,"Western States Regional Joint Board, Workers United",13,"",NA,"",NA,2,15,"",1,"","Western States Regional Joint Board, Workers United","Included: All full-time and regular part-time routesetter employees employed by the Employer to service its Bay Area facilities.
Excluded: Routesetter employees assigned exclusively to The Studio, all other employees, supervisors and guards as defined by the Act.
","","","",20,"","Western States Regional Joint Board, Workers United","Included: All full time and regular part time routesetter employees employed by the Employer to service its Bay Area facilities.

Excluded: All other employees, supervisors and guards as defined in the Act",21,37.864425,-122.28713,"Berkeley, CA 94702",1,"place","TIGER/Line® dataset from the US Census Bureau","Berkeley","Alameda County","CA","94702","US",1,37.6915089555189,-121.970242427127,NA,NA
"32-RC-378851","Registered Nurses Professional Association","Region 32, Oakland, California","Open","01/13/2026","","","San Jose","CA","","","","",NA,NA,"RNPA Staff United",NA,"",NA,"",NA,NA,NA,"",NA,"","","","","","",5,"","","Included: All Association Representatives and Internal Organizers employed by the Registered Nurses Professional Association 

Excluded: Supervisors and confidential employees as defined by the National Labor Relations Act.",NA,37.346608,-121.909871,"San Jose, CA 95110",1,"place","TIGER/Line® dataset from the US Census Bureau","San Jose","Santa Clara County","CA","95110","US",1,37.1561200035578,-121.716160702887,NA,NA
"32-RC-379650","Doctors Hospital of Manteca, Inc. d/b/a Doctors Hospital of Manteca","Region 32, Oakland, California","Open","01/22/2026","","","Manteca","CA","A","Single Labor Organization","Initial","03/19/2026",7,NA,"Service Employees International Union - United Healthcare Workers West",4,"",NA,"",NA,NA,4,"",NA,"","Service Employees International Union - United Healthcare Workers West","All full-time, part time, and per diem Emergency Department Technicians employed by the Employer, Doctors Hospital of Manteca, at its facility located at 1205 E. North St., Manteca, CA 95337; excluding employees already represented by a labor organization, guards, managers, and supervisors as defined in the Act.","","","",7,"","Service Employees International Union - United Healthcare Workers West","Included: All full-time, part time, and per diem Emergency Department Technicians to be
added to the existing unit represented by Petitioner through an Armour-Globe election.

Excluded: All managers, supervisors, guards, and confidential employees as defined by the National Labor Relations Act.",7,37.807297,-121.177601,"Manteca, CA 95336",1,"place","TIGER/Line® dataset from the US Census Bureau","Manteca","San Joaquin County","CA","95336","US",1,37.6195473887862,-120.945375155596,NA,NA
"32-RC-380462","San Ramon Regional Medical Center, LLC","Region 32, Oakland, California","Open","02/04/2026","","","San Ramon","CA","A","Single Labor Organization","Initial","04/15/2026",65,NA,"Service Employees International Union - United Healthcare Workers West",13,"",NA,"",NA,45,58,"",NA,"","","
All full-time, part-time, and per diem employees employed by the Employer at its acute care facility located at 6001 Norris Canyon Road, San Ramon, California 94583 in the following classifications to the existing unit: practitioner, respiratory care; tech – anesthesia; tech – cardiology; tech - nuclear med II; tech - rad cardiovascular; tech - rad II; tech - surgical lead; tech – EEG; techno - echo; techno - radiologic senior; techno – surgical; techno - ultrasound, tech - rad 3; excluding employees already represented by a labor organization, guards, managers, and supervisors as defined in the Act.

Also eligible to vote are all employees in the unit who have worked an average of four (4) hours or more per week during the 13 weeks immediately preceding the eligibility date for the election.

","","","",60,"","","Included: All full time, part-time and per diem employees in the “all technical employees” and “all nonprofessional employees” categories (see 29 CFR § 103.30 [“Appropriate bargaining units in the health care industry”]), including employees in the following job classifications: Respiratory Care; Scheduler; Secretary-Unit; Systems Administrator; Tech - Cardiology; Tech - Echo; Tech - Nuclear Med II; Tech - Rad Cardiovasc; Tech - Rad II; Tech - Surgical, Lead; Tech - Ultrasound; Tech-Rad III; Tech,
Anesthesia; Tech, Dietetic; Tech, EEG; Tech, Hyperbaric; Tech, Surgical; Techn, Radiologic Sr; Tech, BioMed.

Excluded: All other employees including supervisors, and guards.",65,37.768556,-121.975531,"San Ramon, CA 94583",1,"place","TIGER/Line® dataset from the US Census Bureau","San Ramon","Contra Costa County","CA","94583","US",1,38.1650616859888,-121.522924702902,NA,NA
"32-RC-380768","SBC Logistics, Inc.","Region 32, Oakland, California","Open","02/10/2026","","","Tulare","CA","A","Single Labor Organization","Initial","03/18/2026",91,NA,"Teamsters Local Union No. 948",38,"",NA,"",NA,29,67,"",12,"Y","","All full-time and regular part-time drivers employed by the Employer at or from 14537 Ave. 248, Tulare, CA 93292; excluding all other employees, confidential employees, office clericals, guards, and supervisors as defined by the Act.

Others permitted to vote: The parties have agreed that employees in the classifications of Dispatcher, Washer, Mechanic, and Driver/Dispatcher, may vote in the election, but their ballots will be challenged since their eligibility has not been resolved.  No decision has been made regarding whether the individuals in these classifications or groups are included in, or excluded from, the bargaining unit.  The eligibility or inclusion of these individuals will be resolved, if necessary, following the election.","","","",80,"","","Included: All drivers.

Excluded: All other employees, statutory supervisors, and guards as defined by the Act.",91,36.133527,-119.299856,"Tulare, CA 93274",1,"place","TIGER/Line® dataset from the US Census Bureau","Tulare","Tulare County","CA","93274","US",1,36.2182832663257,-118.880616259647,NA,NA
"32-RC-380903","San Ramon Regional Medical Center, LLC","Region 32, Oakland, California","Open","02/11/2026","","","San Ramon","CA","A","Single Labor Organization","Initial","04/15/2026",50,NA,"Service Employees International Union - United Healthcare Workers West",26,"",NA,"",NA,8,34,"",3,"","Service Employees International Union - United Healthcare Workers West","
All full-time, part-time, and per diem chaplain, clinical lab scientist lead, clinical lab scientist, clinical dietitian, clinical pharmacist, social worker II, speech and language therapist, inpatient physical therapist (8HRS), and occupational therapist, employed by the Employer at its acute care facility located at 6001 Norris Canyon Road, San Ramon, California 94583;.Excluding: employees already represented by a labor organization, guards, managers, and supervisors as defined in the Act.

Also eligible to vote are all employees in the unit who have worked an average of four (4) hours or more per week during the 13 weeks immediately preceding the eligibility date for the election.
 
Others Permitted to Vote: At this time, no decision has been made regarding whether the individuals in the Physician Assistant classification employed by the Employer at its 6001 Norris Canyon Road, San Ramon, California facility are included in, or excluded from, the Professional Unit, and individuals in that classification may vote in Voting Group A, but their ballots will be challenged since their eligibility has not been resolved. The eligibility or inclusion of these individuals will be resolved, if necessary, following the election.

","","","",60,"","Service Employees International Union - United Healthcare Workers West","Included: This petition seeks an Armour-Globe self-determination election to add all professional employees [All
full-time, part-time and per diem Physical Therapy, Occupational Therapy, and Speech Therapy
employees; Master Social Worker (MSW), Licensed Clinical Social Worker (LCSW), Clinical Lab
Scientist, and Pharmacists] to the existing bargaining unit of employees currently represented by the
Petitioner set forth in the collective bargaining agreement that extends from July 1 2023 through June
30, 2026; employed by the Employer located at San Ramon Regional Medical Center - Main, San Ramon Regional Medical ASC, and San Ramon Regional Medical Center South Building.

Excluded: All Skilled Maintenance Employees and all Business Office Clerical employees and all other
employees, including supervisors and guards as defined by the Act.",50,37.768556,-121.975531,"San Ramon, CA 94583",1,"place","TIGER/Line® dataset from the US Census Bureau","San Ramon","Contra Costa County","CA","94583","US",1,38.1081706609448,-122.333823738209,NA,NA
"32-RC-383912","PrimeFlight Aviation Services, Inc.","Region 32, Oakland, California","Open","03/31/2026","","","San Jose","CA","","","","",NA,NA,"International Association of Machinists & Aerospace Workers (IAM), Air Transport District 141",NA,"",NA,"",NA,NA,NA,"",NA,"","","","","","",30,"","","Included: Fuelers, Lead Fuelers, Fuel Supervisors, Quality Control

Excluded: Management, Security, Professionals, and Supervisors under the Act",NA,37.346608,-121.909871,"San Jose, CA 95110",1,"place","TIGER/Line® dataset from the US Census Bureau","San Jose","Santa Clara County","CA","95110","US",1,36.9391515568206,-121.991063030804,NA,NA
"32-RC-383994","Kodiak Roofing & Waterproofing, LLC","Region 32, Oakland, California","Open","04/01/2026","","","Sparks","NV","A","Single Labor Organization","Initial","06/24/2026",4,NA,"Sheet Metal Workers Local Union 26",NA,"",NA,"",NA,1,1,"",6,"Y","","Included: All full-time and regular part-time Assistant Roofers and Journeymen performing primarily sheet metal work employed by the Employer from its facility in Sparks, Nevada. 

Excluded: All other employees, including Service Technicians I and Service Technicians II, and supervisors and guards as defined by the Act. 
","","","",20,"","","Included: Nevada Sheet Metal Architectural Workers, Metal Panel Workers, Sheet Metal Roofer

Excluded: Single-Ply Roofers, Supervisors, Service Techs, Office Personnel, Secretaries, Guards",4,39.540398,-119.749111,"Sparks, NV 89431",1,"place","TIGER/Line® dataset from the US Census Bureau","Sparks","Washoe County","NV","89431","US",1,39.7589224427528,-119.878014265577,NA,NA
"32-RC-386413","Stanford Health Care","Region 32, Oakland, California","Open","05/05/2026","","","Palo Alto","CA","A","Single Labor Organization","Initial","07/08/2026",21,NA,"Service Employees International Union, United Healthcare Workers - West",20,"",NA,"",NA,1,21,"",NA,"","Service Employees International Union, United Healthcare Workers - West","All full-time, part-time, and per diem Radiation Therapists employed by the Employer at its facility located at or from 300 Pasteur Drive, Palo Alto, CA 94304; excluding all other employees, all other service and technical employees, employees represented by a labor organization, confidential employees, office clerical employees, guards, and supervisors as defined by the Act.","","","",25,"","Service Employees International Union, United Healthcare Workers - West","Included: All Full Time, Part Time, and Per diem: Radiation Therapists. This is a petition for an Armour-Globe self-determination election to add these employees to the existing SEIU-UHW Stanford bargaining unit.

Excluded: All employees already represented by a labor organization, guards, managers and supervisors.",21,37.444122,-122.149915,"Palo Alto, CA 94301",1,"place","TIGER/Line® dataset from the US Census Bureau","Palo Alto","Santa Clara County","CA","94301","US",1,37.5637753504408,-122.525532364654,NA,NA
"32-RC-386778","Stanford University","Region 32, Oakland, California","Open","05/11/2026","","","Stanford","CA","","","","",NA,NA,"Residential Assistants United Rising (RAUR)",NA,"",NA,"",NA,NA,NA,"",NA,"","","","","","",436,"","","Included: All Residential Student Leaders, including RAs, RA-Cs, RA-Os, and ETAs

Excluded: RDs and RFs, Supervisors, Managers, Confidential Employees, Security Officers",NA,37.42509,-122.1675,"Stanford, CA 94305",1,"place","TIGER/Line® from the US Census Bureau","Stanford","Santa Clara County","CA","94305","US",1,37.2021571867765,-121.733431022167,NA,NA
"32-RC-387441","J.R. Simplot Company, LLC","Region 32, Oakland, California","Open","05/21/2026","","","Kerman","CA","A","Single Labor Organization","Initial","08/05/2026",16,NA,"Teamsters Local 431",13,"",NA,"",NA,3,16,"",NA,"","Teamsters Local 431","EMPLOYEES ELIGIBLE TO VOTE: 
Those eligible to vote are: All full-time and regular part-time drivers, including Operations Support 3 Helm SGS AB and Seasonal DOT Operations Support Helm SGS AB, working out of the Employer’s 16429 W  Kamm Ave., Helm, CA 93627 facility, who were employed by the Employer during the payroll period  ending July 19, 2026. 

EMPLOYEES NOT ELIGIBLE TO VOTE: 
Those not eligible to vote are: All other employees, office clerical employees, managerial employees, professional employees, guards, and supervisors as defined by the Act.","","","",13,"","Teamsters Local 431","Included: All full-time and regular part-time drivers.

Excluded: All other employees, including warehouse employees, managers, guards, and supervisors.",16,36.72356,-120.05988,"Kerman, CA 93630",1,"place","TIGER/Line® from the US Census Bureau","Kerman","Fresno County","CA","93630","US",1,37.0177586597143,-120.421897439213,NA,NA
"32-RC-388252","unWired Broadband, Inc.","Region 32, Oakland, California","Open","06/03/2026","","","Fresno","CA","A","Single Labor Organization","Initial","07/09/2026",12,NA,"Communications Workers of America",5,"",NA,"",NA,2,7,"",3,"Y","Communications Workers of America","Included: All full-time and regular part-time Fiber Drop Assistants and Fiber Drop Specialists employed by the Employer at or from its facilities located at 4595 W Jacquelyn, Fresno, CA 9372 and 419 E Cross Ave, Tulare CA 93724.

Excluded: All other employees, confidential employes, office clerical employees, guards, and supervisors as defined by the Act.

Others permitted to vote: The parties have agreed that fiber technicians and lead fiber technicians may vote in the election, but their ballots will be challenged since their eligibility has not been resolved. No decision has been made regarding whether the individuals in these classifications or groups are included in, or excluded from, the bargaining unit. The eligibility or inclusion of these individuals will be resolved, if necessary, following the election.","","","",11,"","Communications Workers of America","Included: All fiber technicians, fiber drop assistants, and fiber drop specialists.

Excluded: All other employees, supervisors and guards as
defined in the Act.",12,36.8411,-119.801015,"Fresno, CA 93650",1,"place","TIGER/Line® from the US Census Bureau","Fresno","Fresno County","CA","93650","US",1,36.8321590490326,-119.564774668916,NA,NA
"32-RC-388749","Sutter VNA and Hospice dba Sutter Care at Home (Alameda Hospice)","Region 32, Oakland, California","Open","06/11/2026","","","Alameda","CA","","","","",NA,NA,"National Union of Healthcare Workers (NUHW)",NA,"",NA,"",NA,NA,NA,"",NA,"","","","","","",2,"","","Petitioner National Union of Healthcare Workers (NUHW) petitions for an Armour-Globe election to add all Bereavement Counselors III and Volunteer Program Specialists to the existing Collective Bargaining unit. 

Included: All full-time, regular part-time and per diem Bereavement Counselors III and Volunteer Program Specialists employed by the Employer at its facility located at 1025 Atlantic Avenue, Suite 100, Alameda, California, to be added to the existing bargaining unit represented by NUHW.

Excluded: All other employees, confidential employees, employees represented by other labor organizations, guards, and supervisors as defined by the National Labor Relations Act.",NA,37.770563,-122.264779,"Alameda, CA 94501",1,"place","TIGER/Line® from the US Census Bureau","Alameda","Alameda County","CA","94501","US",1,37.6155407667411,-122.409391418488,NA,NA
"32-RC-389486","Satellite Holdings, LLC","Region 32, Oakland, California","Open","06/25/2026","","","Mountain View","CA","A","Single Labor Organization","Initial","08/05/2026",19,NA,"Service Employees International Union, United Healthcare Workers - West",9,"",NA,"",NA,5,14,"",4,"Y","Service Employees International Union, United Healthcare Workers - West","All full-time, regular part-time and eligible per diem Patient Care Technicians (PCT) Trainees, Patient Care Technicians, Certified Hemodialysis Technicians (CCHT), CCHT – Advanced, and CCHT – Master, employed by the Employer at its facility located at 247 W. El Camino Real, Suite 100, Mountain View, CA, 94040, the sole facility involved in this matter; Excluding all other employees including professional employees, confidential employees, office clerical employees, guards, and supervisors (including the Center Manager and Clinical Coordinator) as defined by the Act.

Also eligible to vote are all employees in the unit who have worked an average of four (4) hours or more per week during the 13 weeks immediately preceding the eligibility date for the election.

Others permitted to vote The parties have agreed that Clinical Administrative Coordinators (CACs) may vote in the election, but their ballots will be challenged since their eligibility has not been resolved. No decision has been made regarding whether the individuals in these classifications or groups are included in, or excluded from, the bargaining unit. The eligibility or inclusion of these individuals will be resolved, if necessary, following the election.","","","",17,"","Service Employees International Union, United Healthcare Workers - West","Included: All full-time and regular part-time, and per diem employees in the following classifications: LVN, CCHT, Master CCHT, Advanced CCHT, PCT, PCT-Trainee, EST, and CAC

Excluded: All other employees, statutory supervisors, managers and guards as defined by the Act.",19,37.189396,-121.705327,"Mountain View, CA 94039",1,"place","TIGER/Line® from the US Census Bureau","Mountain View","Santa Clara County","CA","94039","US",1,37.5256667362976,-122.200223915276,NA,NA
"32-RC-390001","Ramirez Service & Repair Inc.","Region 32, Oakland, California","Open","07/02/2026","","","Hanford","CA","A","Single Labor Organization","Initial","08/07/2026",13,NA,"District Council of Iron Workers of the State of California and Vicinity",3,"",NA,"",NA,5,8,"",4,"Y","","Included: All full-time and regular part-time Laborers employed by the Employer

Excluded: All supervisors and guards as defined by the Act.

Also eligible to vote are all employees in the unit who have worked an average of four (4) hours or more per week during the 13 weeks immediately preceding the eligibility date for the election.

Others permitted to vote: The parties have agreed that the Administrative Assistant and Supervisor/Foreman may vote in the election, but their ballots will be challenged since their eligibility has not been resolved. No decision has been made regarding whether the individuals in these classifications or groups are included in, or excluded from, the bargaining unit. The eligibility or inclusion of these individuals will be resolved, if necessary, following the election
","","","",10,"","","Included: All Welders

Excluded: All supervisors and guards under the act",13,36.220468,-119.71776,"Hanford, CA 93230",1,"place","TIGER/Line® from the US Census Bureau","Hanford","Kings County","CA","93230","US",1,36.1352454942685,-119.860177961033,NA,NA
"32-RC-390116","Mount Elbert EdgeCore Services, LLC","Region 32, Oakland, California","Open","07/07/2026","","","Santa Clara","CA","","","","",NA,NA,"International Union of Operating Engineers Stationary Engineers, Local 39, AFL-CIO",NA,"",NA,"",NA,NA,NA,"",NA,"","","","","","",14,"","","Included: Chief Engineer, Assistant Chief Engineer, Stationary Engineer, Core Ops Technician,

Excluded: All other employees, managers, confidential employees, office clerical employees, guards, and supervisors as defined by the Act.
",NA,37.351158,-121.952295,"Santa Clara, CA 95050",1,"place","TIGER/Line® from the US Census Bureau","Santa Clara","Santa Clara County","CA","95050","US",1,37.5803017510867,-121.567679141915,NA,NA
"32-RC-390231","The Boeing Company","Region 32, Oakland, California","Open","07/08/2026","","","Fresno","CA","","","","",NA,NA,"International Association of Machinists and Aerospace Workers, District W24",NA,"",NA,"",NA,NA,NA,"",NA,"","","","","","",2,"","","Included: All full time and regular part time Simulator Technicians

Excluded: All other employees as defined in the Act",NA,36.8411,-119.801015,"Fresno, CA 93650",1,"place","TIGER/Line® from the US Census Bureau","Fresno","Fresno County","CA","93650","US",1,36.5283034992557,-120.162199153473,NA,NA
"32-RC-390411","Brenntag Pacific, LLC","Region 32, Oakland, California","Open","07/10/2026","","","Fresno","CA","","","","",NA,NA,"Teamsters Local 431",NA,"",NA,"",NA,NA,NA,"",NA,"","","","","","",21,"","","Included: All Drivers, Production Workers, Warehouse, and Mechanics

Excluded: All other employees including guards and supervisors as defined by the Act.",NA,36.8411,-119.801015,"Fresno, CA 93650",1,"place","TIGER/Line® from the US Census Bureau","Fresno","Fresno County","CA","93650","US",1,37.2173163768988,-120.232858225611,NA,NA
"32-RC-390805","Starbucks Corporation","Region 32, Oakland, California","Open","07/15/2026","","","Oakland","CA","","","","",NA,NA,"Workers United, affiliated with Service Employees International Union (SEIU)",NA,"",NA,"",NA,NA,NA,"",NA,"","","","","","",24,"","","Included: All full time and regular part time Baristas and Shift Supervisors employed by the Employer at: 3060 E 9th St Ste A Oakland CA 94601-2925

Excluded: All Store Managers, Assistant Store Managers, office clericals, supervisors and guards as defined in the Act.",NA,37.786027,-122.223779,"Oakland, CA 94601",1,"place","TIGER/Line® from the US Census Bureau","Oakland","Alameda County","CA","94601","US",1,38.2803874217842,-122.466307537288,NA,NA
"32-RC-391322","SABA Holding Company, LLC dba Volvo Construction Equipment and Services","Region 32, Oakland, California","Open","07/22/2026","","","Fresno","CA","","","","",NA,NA,"Operating Engineers Local Union No. 3",NA,"",NA,"",NA,NA,NA,"",NA,"","","","","","",5,"","","Included: Working Foreman, Field service Mechanics, Shop Mechanics, Partsman Heavy Duty Repair Shop and Scheduled Service Technician.

Excluded: Anyone else, including managers, supervisors and administrative office professionals.",NA,36.8411,-119.801015,"Fresno, CA 93650",1,"place","TIGER/Line® from the US Census Bureau","Fresno","Fresno County","CA","93650","US",1,37.2166946457386,-120.233436843056,NA,NA
"32-RC-391332","Starbucks Corporation","Region 32, Oakland, California","Open","07/22/2026","","","Reno","NV","","","","",NA,NA,"Workers United",NA,"",NA,"",NA,NA,NA,"",NA,"","","","","","",16,"","","Included: All full time and regular part time Baristas and Shift Supervisors employed by the Employer at 5280 Longley Ln, Reno, NV 89511

Excluded: All store Managers, Assistant Store Managers, office clericals, supervisors and guards as defined in the Act.",NA,39.525749,-119.813051,"Reno, NV 89501",1,"place","TIGER/Line® from the US Census Bureau","Reno","Washoe County","NV","89501","US",1,39.7790822270104,-119.725184083446,NA,NA
"32-RC-392419","J.R. Simplot Company, LLC","Region 32, Oakland, California","Open","08/06/2026","","","Kerman","CA","","","","",NA,NA,"Teamsters Local 431",NA,"",NA,"",NA,NA,NA,"",NA,"","","","","","",10,"","","Included: All Full Time and Part Time Warehouse employees and Seasonal Warehouse
employees.

Excluded: Operations Support 1 Office Employees, Office Coordinators, Seasonal Office
Coordinators, Area Inventory Analyst, Retail Warehouse Lead, Shipping Receiving Coordinators,
Guards, Managers, and Supervisors as defined by the Act.",NA,36.72356,-120.05988,"Kerman, CA 93630",1,"place","TIGER/Line® from the US Census Bureau","Kerman","Fresno County","CA","93630","US",1,36.3272703789859,-120.341686790736,NA,NA
"32-RC-392605","Herc Rentals Inc.","Region 32, Oakland, California","Open","08/10/2026","","","Sparks","NV","","","","",NA,NA,"Operating Engineers Local Union No. 3",NA,"",NA,"",NA,NA,NA,"",NA,"","","","","","",13,"","","Included: Shop and Field Mechanics, Service Technicians, Truck Drivers, Truck Mechanics.

Excluded: All supervisors, office and administrative employees.",NA,39.540398,-119.749111,"Sparks, NV 89431",1,"place","TIGER/Line® from the US Census Bureau","Sparks","Washoe County","NV","89431","US",1,39.9276435009259,-119.915994609956,NA,NA
"32-RC-392783","Starbucks Corporation","Region 32, Oakland, California","Open","08/12/2026","","","El Cerrito","CA","","","","",NA,NA,"Workers United",NA,"",NA,"",NA,NA,NA,"",NA,"","","","","","",21,"","","Included: All full time and regular part time Baristas and Shift Supervisors employed by the Employer at: 11861 San Pablo Ave El Cerrito, CA 

Excluded: All Store Managers, Assistant Store Managers, office clericals, supervisors and guards as defined in the Act.",NA,37.918024,-122.30248,"El Cerrito, CA 94530",1,"place","TIGER/Line® from the US Census Bureau","El Cerrito","Contra Costa County","CA","94530","US",1,38.2245064480098,-122.605586480278,NA,NA
"32-RC-392801","Stanford Health Care","Region 32, Oakland, California","Open","08/13/2026","","","Stanford","CA","","","","",NA,NA,"Service Employees International Union, United Healthcare Workers - West",NA,"",NA,"",NA,NA,NA,"",NA,"","","","","","",55,"","","Included: All full-time, regular part-time and per diem Surgical Technologists and Certified Surgical Technologists
to be added to the existing bargaining unit through an Armour-Globe election.

Excluded: All other employees, confidential employees, guards, and supervisors as defined by the Act.",NA,37.42509,-122.1675,"Stanford, CA 94305",1,"place","TIGER/Line® from the US Census Bureau","Stanford","Santa Clara County","CA","94305","US",1,37.7349350091202,-121.737599206641,NA,NA
"32-RC-392868","US Foods","Region 32, Oakland, California","Open","08/14/2026","","","Reno","NV","","","","",NA,NA,"Teamsters Local 533",NA,"",NA,"",NA,NA,NA,"",NA,"","","","","","",4,"","","Included: All Warehouse Coordinators, Slotting Coordinators, Transportation Coordinators to existing Driver/Hostler,
Van Driver and Warehouse employees

Excluded: All other employees, guards and supervisors as defined in the Act.",NA,39.525749,-119.813051,"Reno, NV 89501",1,"place","TIGER/Line® from the US Census Bureau","Reno","Washoe County","NV","89501","US",1,39.8795408487564,-120.223836833839,NA,NA
"32-RD-318423","Manteca District Volunteer Ambulance Service","Region 32, Oakland, California","Open","05/19/2023","","","Sonora","CA","A","Single Labor Organization","Initial","08/24/2023",43,NA,"",11,"",NA,"",NA,13,24,"",NA,"","","Included: All full and regular part-time Paramedics and EMT’s employed by the Employer in its Tuolumne Division working at its Stations 10 & 12 located at 2 South Forest Rd., Sonora, CA 95730, Stations 11&13 located at 18440 Stricker Court, Sonora, CA, 95370, Station 20 located at 20591 N. Sunshine Rd., Sonora, CA 95730, and Station 41 located at 11850 Powder House Rd., Groveland, CA 95321. 

Excluded: Managerial employees, RN’s, professional employees, Safety/Cage Car Drivers, confidential employees, office clericals, guards, and supervisors as defined by the Act.
","","","",44,"","","Included: All full time and regular part time Paramedics and EMTs employed by the employer in its Tuclumne Division working at its stations 10 & 12 located at 2 South Forest Rd. Sonora, CA 95370, stations 11 & 13 located at 18440 Striker Ct. Sonora CA 95370, station 20 located at 20591 N. Sunshine Rd. Sonora, CA 95370, and station 41 located a 11850 Powder House Rd. Groveland CA 95321.

Excluded: Managerial employees, RNs, professional employees, confidential employees, clerks, guards, and supervisors, as defined by the Act.",43,37.96091,-120.343863,"Sonora, CA 95370",1,"place","TIGER/Line® dataset from the US Census Bureau","Sonora","Tuolumne County","CA","95370","US",1,37.4902230648788,-119.93376704522,NA,NA
"32-RD-380952","Walgreen Co. (Walgreens)","Region 32, Oakland, California","Open","02/12/2026","","","San Pablo","CA","","","","",NA,NA,"UFCW Local 5",NA,"",NA,"",NA,NA,NA,"",NA,"","","","","","",9,"","","Included: All full-time and regular part-time Staff Pharmacists and Market Pharmacists employed by the Employer at the following stores: 

a.	Store #2314 located at 1050 Gilman Street, Berkeley, CA 94710,
b.	Store #2506 located at 1150 MacDonald Ave., Richmond, CA 94811,
c.	Store #3770 located at 11565 San Pablo Ave., El Cerrito, CA 94530,
d.	Store #4049 located at 3630 San Pablo Dam Road, El Sobrante, CA 94803,
e.	Store #4491 located at 15650 San Pablo Ave., San Pablo, CA 94806,
f.	Store #4614 located at 2801 Adeline Street, Berkeley, CA 94703,
g.	Store #11614 located at 2750 Pinole Valley Road, Pinole, CA 94564,
h.	Store #13796 located at 14280 San Pablo Ave. San Pablo, CA, 94806,
i.	Store #15025 located at 2190 Shattuck Ave., Berkeley, CA 94704, and
j.	Store #15947 located at 13691 San Pablo Ave., San Pablo, CA 94806

Excluded: All other employees not specifically identified who are employed by the Employer including: managers, interns, in-store clinic and health corner employees, delivery drivers, students, confidential employees, specialty site employees, office clerical employees, guards, and supervisors as defined by the National Labor Relations Act.",NA,37.959573,-122.334131,"San Pablo, CA 94806",1,"place","TIGER/Line® dataset from the US Census Bureau","San Pablo","Contra Costa County","CA","94806","US",1,38.1668471147131,-121.962395190629,NA,NA
"32-RD-386593","Clean Harbors Environmental Services, Inc.","Region 32, Oakland, California","Open","05/08/2026","","","Stockton","CA","","","","",NA,NA,"Teamsters Local 439",NA,"",NA,"",NA,NA,NA,"",NA,"","","","","","",44,"","","Included: Drivers, Mechanics, Class A Liquid, Class A Drivers, E/O Drivers 

Excluded: Officer Personnel, All other employees, managers, confidential employees, office clerical",NA,37.672196,-121.298794,"Stockton, CA 95201",1,"place","TIGER/Line® dataset from the US Census Bureau","Stockton","San Joaquin County","CA","95201","US",1,37.9577309127203,-121.216113468688,NA,NA
"32-RD-387679","Telecare Corporation","Region 32, Oakland, California","Open","05/26/2026","","","Oakland","CA","","","","",NA,NA,"Service Employees International Union, United Healthcare Workers - West",NA,"",NA,"",NA,NA,NA,"",NA,"","","","","","",38,"","","Included in the bargaining unit: All full-time and regular part-time Rehab Therapists, RN Admissions Planners, Social Workers Clinician I, Social Worker-MS, and Social Workers-Licensed, LVNs, Unit Clerks, Recovery Specialists I and Recovery Specialists II employed by the Employer at the Employer's Heritage Psychiatric Health facility located at 263 E 27th St., Oakland, CA 94601

Excluded: all other employees, confidential employees, guards, and supervisors as defined in the act.",NA,37.786027,-122.223779,"Oakland, CA 94601",1,"place","TIGER/Line® from the US Census Bureau","Oakland","Alameda County","CA","94601","US",1,37.8283733277984,-122.718758382725,NA,NA
"32-RD-387691","Telecare Corporation","Region 32, Oakland, California","Open","05/26/2026","","","Oakland","CA","","","","",NA,NA,"",NA,"",NA,"",NA,NA,NA,"",NA,"","","","","","",18,"","","Included in the bargaining unit: All full-time, regular part-time, per deim, and on call Registered Nurses employed by the Employer at tis Heritage Psychiatric Health Facility Program located at 2633 E 27th St., Oakland, CA 94601.

Excluded: RN Admissions Planners and all other employees, including but not limited to confidential employees, guards and supervisors as defined by the Act.",NA,37.786027,-122.223779,"Oakland, CA 94601",1,"place","TIGER/Line® from the US Census Bureau","Oakland","Alameda County","CA","94601","US",1,38.0987286953658,-122.660304667785,NA,NA
"32-RD-391577","Cargill, Incorporated","Region 32, Oakland, California","Open","07/27/2026","","","Newark","CA","","","","",NA,NA,"Teamsters Warehouse, Automotive and Miscellaneous Employees Union Local No. 853",NA,"",NA,"",NA,NA,NA,"",NA,"","","","","","",100,"","","Included: All persons employed by the Employer in Alameda and San Mateo Counties in the production, processing, refining, packing and shipping of salt including loading of ships and barges, and in the construction, maintenance and servicing of works in connection therewith, including maintenance machinists.

Excluded: All seasonal harvest workers, office workers, civil, mechanical and electrical engineers, chemists, assistant chemists, superintendents and other exercising authority above the rank or plant foreperson. Further excluded, insofar as it applies only to person employed in Alameda County, are toll and die makers, maintenance machinists, stock-clerk (shop), pan room operator and maintenance helper.",NA,37.534102,-122.025352,"Newark, CA 94560",1,"place","TIGER/Line® from the US Census Bureau","Newark","Alameda County","CA","94560","US",1,37.1916099315808,-121.840784508243,NA,NA
"32-RD-391861","Monterey Bay Aquarium","Region 32, Oakland, California","Open","07/29/2026","","","Monterey","CA","","","","",NA,NA,"Monterey Bay Aquarium Workers United, AFSCME Council 57, AFL-CIO",NA,"",NA,"",NA,NA,NA,"",NA,"","","","","","",344,"","","Included: All full-time and part-time employees in the following divisions: Animal Care; Conservation and Science; 

Excluded: Confidential 
employees, guards, managers, and supervisors as defined by the Act.",NA,36.57485,-121.840727,"Monterey, CA 93940",1,"place","TIGER/Line® from the US Census Bureau","Monterey","Monterey County","CA","93940","US",1,36.0814371230327,-122.052312989455,NA,NA
"32-RD-392595","Sutter Health - Alta Bates Summit","Region 32, Oakland, California","Open","08/10/2026","","","Oakland","CA","","","","",NA,NA,"OPEIU - Local 29",NA,"",NA,"",NA,NA,NA,"",NA,"","","","","","",46,"","","Included: Clinical Laboratory Assistants, Assistant Pathology I",NA,37.786027,-122.223779,"Oakland, CA 94601",1,"place","TIGER/Line® from the US Census Bureau","Oakland","Alameda County","CA","94601","US",1,38.1195509908192,-121.919848612866,NA,NA
"32-RM-352618","Jones Lang LaSalle Americas, Inc.","Region 32, Oakland, California","Open","10/11/2024","","","Mountain View","CA","","","","",NA,NA,"International Union of Operating Engineers, Stationary Engineers, Local 39, AFL-CIO",NA,"",NA,"",NA,NA,NA,"",NA,"","","","","","",22,"","","Response to Item 5a:
The Demand for Recognition (Exhibit B) lists the following “Included” and “Excluded”
classifications:
Employees Included: All full time and part time Chief Engineers, Assistant Chief
Engineers, Stationary Engineers and Utility Engineers.
Employees Excluded: All other classifications, including but not limited to guards,
managers, confidential employees and supervisors as defined by the Act.
Excluded:
Despite the above, the RM Petitioner, Jones Lang LaSalle (the “Employer”), does not have job
classifications that correspond to the listed titles of “Chief Engineers, Assistant Chief Engineers,
Stationary Engineers and Utility Engineers.” The Employer believes the International Union of
Operating Engineers, Local 39 (the “Union”) has filed a deficient RC Petition that must
necessarily be withdrawn.
Subject to, and notwithstanding the above, to the extent the Union’s RC Petition refers to
Maintenance Managers, the Employer contends that all Maintenance Managers must be excluded
from the unit, because they are supervisors pursuant to Section 2(11) of the National Labor
Relations Act (the “Act”). 29 U.S.C. §§ 152(11). There are 21 Maintenance Managers who lead
and supervise a team of Facilities Technicians and oversee the maintenance and repair activities
for a campus of buildings. The Maintenance Managers are the Facilities Technicians’ direct
managers who manage and supervise the Facilities Technicians and assign daily work orders and
workloads to them. In addition to managing their day-to-day work, the Maintenance Managers
manage the performance, hiring and firing, and perform other managerial duties over the
Facilities Technicians. They also mentor Facilities Technicians, providing guidance, training,
and support to enhance their performance and career growth.
The Employer also contends that all other employees, including, but not limited to, guards,
managers, confidential employees, and supervisors as defined by the Act must be excluded.",NA,37.189396,-121.705327,"Mountain View, CA 94039",1,"place","TIGER/Line® dataset from the US Census Bureau","Mountain View","Santa Clara County","CA","94039","US",1,37.3655981440081,-122.037372195624,NA,NA
"32-RM-388282","Seneca Family of Agencies","Region 32, Oakland, California","Open","06/04/2026","","","Oakland","CA","A","Single Labor Organization","Initial","07/01/2026",95,NA,"California Federation of Teachers",71,"",NA,"",NA,12,83,"",NA,"","California Federation of Teachers","","","","",50,"","California Federation of Teachers","Including:
All full-time and part-time employees who are employed at the employer’s nonpublic schools in
the following job classifications:
Assistant teacher, bilingual counselor, bilingual mental health counselor, bilingual school
therapist, bilingual school-based counselor, classroom counselor, clinical counseling associate,
clinical psych intern, counselor – school based, mental health associate, mental health associate –
manager track, mental health counselor, senior mental health counselor, senior mental health
counselor – clinical, speech pathologist, teacher – education specialist, teacher – long term sub,
teacher associate, teacher – intern credential, therapist – school-based, and vocational associate.

Excluding:
Bilingual QA specialist/PA, lead mental health counselor, lead QA specialist/program assistant,
lead therapist – school, manager of operations, nurse, program operations associate, quality
assurance specialist/program assistant, therapist, and all other employees, guards, office clerical
employees, managers, and supervisors as defined in the Act.",95,37.786027,-122.223779,"Oakland, CA 94601",1,"place","TIGER/Line® from the US Census Bureau","Oakland","Alameda County","CA","94601","US",1,37.42718064803,-122.530856280246,NA,NA
"01-RC-392929","First Student","Region 01, Boston, Massachusetts","Open","08/17/2026","","","Bloomfield","CT","","","","",NA,NA,"INTERNATIONAL BROTHERHOOD OF TEAMSTERS, LOCAL 671",NA,"",NA,"",NA,NA,NA,"",NA,"","","","","","",10,"","","Included: All full-time CREC dispatchers

Excluded: All other employees, professional employees, guards, and supervisors, as defined by the act.",NA,41.851961,-72.738939,"Bloomfield, CT 06002",1,"place","TIGER/Line® from the US Census Bureau","Bloomfield","Capitol Planning Region","CT","06002","US",1,41.7809890698333,-72.6847760783832,NA,NA
"02-RC-392985","Auto Zone, Inc.","Region 02, New York, New York","Open","08/17/2026","","","White Plains","NY","","","","",NA,NA,"UAW Local 259",NA,"",NA,"",NA,NA,NA,"",NA,"","","","","","",11,"","","Included: All full-time and regular part-time drivers, counter employees, and stock employees.

Excluded:
All other employees or statutory supervisors.",NA,41.031397,-73.769626,"White Plains, NY 10601",1,"place","TIGER/Line® from the US Census Bureau","White Plains","Westchester County","NY","10601","US",1,40.6494005017896,-73.8237609335108,NA,NA
"04-RD-392905","Fairmount Foundry Inc","Region 04, Philadelphia, Pennsylvania","Open","08/14/2026","","","Hamburg","PA","","","","",NA,NA,"United Steel, Paper and Forestry, Rubber, Manufacturing, Energy, Allied Industrial and Service Workers, AFL-CIO-CLC",NA,"",NA,"",NA,NA,NA,"",NA,"","","","","","",48,"","","Involved: All non-office or non-management full-time employees.

Excluded: All office and management employees and part-time employees.",NA,40.55565,-75.98188,"Hamburg, PA 19526",1,"place","TIGER/Line® from the US Census Bureau","Hamburg","Berks County","PA","19526","US",1,40.8704338201839,-75.7420781519256,NA,NA
"07-RC-392974","DTE ENERGY, FERMI 2","Region 07, Detroit, Michigan","Open","08/13/2026","","","Newport","MI","","","","",NA,NA,"Local 223, Utility Workers Union of America (UWUA), AFL-CIO",NA,"",NA,"",NA,NA,NA,"",NA,"","","","","","",3,"","","Included: 

1. Senior Technical Specialist-RPO-Nuclear Production-Radiation Protection
2. Associate Technical Specialist-RPO-Nuclear Production-Radiation Protection

Excluded: all supervisors, managers, guards, and all other employees not listed above.",NA,42.00227,-83.30854,"Newport, MI 48166",1,"place","TIGER/Line® from the US Census Bureau","Newport","Monroe County","MI","48166","US",1,41.6146242594723,-83.0120300377039,NA,NA
"10-RC-392839","RATP-Dev USA, Inc.","Region 10, Atlanta, Georgia","Open","08/14/2026","","","Asheville","NC","","","","",NA,NA,"Amalgamated Transit Union, Local Union 128",NA,"",NA,"",NA,NA,NA,"",NA,"","","","","","",85,"","","Included: Road Supervisors and Customer Service Supervisors. ATU seeks an Armour-Globe self-determination election to add these employees to the existing unit at the facility. 

Excluded:    
All other employees, and all managers, and guards and supervisors as defined in 
the Act.",NA,35.602711,-82.567281,"Asheville, NC 28801",1,"place","TIGER/Line® from the US Census Bureau","Asheville","Buncombe County","NC","28801","US",1,35.3221366696384,-82.4173403504868,NA,NA
"14-RC-392987","Echo Electric","Region 14, Saint Louis, Missouri","Open","08/17/2026","","","Edwardsville","IL","","","","",NA,NA,"International Brotherhood of Teamsters Local Union 525",NA,"",NA,"",NA,NA,NA,"",NA,"","","","","","",5,"","","Included: all full and part time warehouse and delivery employees.

Excluded: management per the act.
",NA,38.841819,-89.877841,"Edwardsville, IL 62025",1,"place","TIGER/Line® from the US Census Bureau","Edwardsville","Madison County","IL","62025","US",1,38.686891761178,-90.0820568984114,NA,NA
"15-RC-392967","Transit Management of Montgomery","Region 15, New Orleans, Louisiana","Open","08/17/2026","","","Montgomery","AL","","","","",NA,NA,"AMALGAMATED TRANSIT UNION LOCAL 765",NA,"",NA,"",NA,NA,NA,"",NA,"","","","","","",25,"","","Included::
 
All full-time and regular part-time employees employed at or out of 23 l 8 West Fairview Ave., Montgomery, AL 36108, 495 Molton Street, Montgomery, AL 36104, and 2346 West Fairview Ave., Montgomery, AL 36 I 08. ATU Local 765 seeks an Armour-Globe self-determination election to add these employees to the existing unit at the facility.

Exlcluded:All employees currently represented by a labor union, and guards and supervisors as defined in the Act.
",NA,32.356988,-86.257817,"Montgomery, AL 36101",1,"place","TIGER/Line® from the US Census Bureau","Montgomery","Montgomery County","AL","36101","US",1,31.91979262211,-86.1583638152463,NA,NA
"16-RC-392366","Panola-Harrison Electric Cooperative, Inc.","Region 16, Fort Worth, Texas","Open","08/06/2026","","","Marshall","TX","","","","",NA,NA,"INTERNATIONAL BROTHERHOOD OF ELECTRICAL WORKERS, LOCAL 738",NA,"",NA,"",NA,NA,NA,"",NA,"","","","","","",14,"","","Included:  All apprentices, journeyman linemen (all classes), servicemen, and Crew Foremen.

Excluded:  All other employees, including office clerical employees, professional employees, guards, and supervisors within the meaning of the Act.",NA,32.538112,-94.406228,"Marshall, TX 75670",1,"place","TIGER/Line® from the US Census Bureau","Marshall","Harrison County","TX","75670","US",1,32.9748845951597,-94.8193053122888,NA,NA
"20-RC-392439","Costco Wholesale Corporation","Region 20, San Francisco, California","Open","08/07/2026","","","Kailua Kona","HI","","","","",NA,NA,"Hawaii Teamsters and Allied  Workers, Local 996",NA,"",NA,"",NA,NA,NA,"",NA,"","","","","","",250,"","","Included: All non supervisory employees (full-time, part-time, seasonal, leads)

Excluded: All other employees, managers, supervisors, and guards as defined in the Act.",NA,19.75682,-155.919968,"Kailua Kona, HI 96740",1,"place","TIGER/Line® from the US Census Bureau","Kailua Kona","Hawaii County","HI","96740","US",1,20.1074219306369,-155.944912726378,NA,NA
"28-RC-392916","Aria Resort & Casino Holdings, LLC d/b/a Aria Resort & Casino","Region 28, Phoenix, Arizona","Open","08/13/2026","","","Las Vegas","NV","","","","",NA,NA,"International Alliance of Theatrical Stage Employees Local 720",NA,"",NA,"",NA,NA,NA,"",NA,"","","","","","",16,"","","Included:

All full-time and regular part-time stagehands and technicians 
(Audio Visual (A/V)/Sound/Video Technicians and Electronic/Lighting/In Room Technicians)  employed by the Employer in Las Vegas,Nevada.

Excuded:

All other employees, office clerical employees, sales employees, professional employees, guards, and
supervisors as defined in the Act.",NA,36.17372,-115.10647,"Las Vegas, NV 89101",1,"place","TIGER/Line® from the US Census Bureau","Las Vegas","Clark County","NV","89101","US",1,36.6692832172059,-115.128841066269,NA,NA
"29-RC-390524","Contello Towers 2 Corporation","Region 29, Brooklyn, New York","Open","07/10/2026","","","Brooklyn","NY","","","","",NA,NA,"Local 2, Building Service Employees & Factory Workers, United Service Workers Union, International Union of Journeymen Allied Trades",NA,"",NA,"",NA,NA,NA,"",NA,"","","","","","",6,"","","Included: Building superintendents, handymen, doormen, porters, all full and part-time workers
Excluded: All other employees",NA,40.694481,-73.989319,"Brooklyn, NY 11201",1,"place","TIGER/Line® from the US Census Bureau","Brooklyn","Kings County","NY","11201","US",1,40.4076699250595,-73.9541384112815,NA,NA
"29-RC-392921","Flushing Medical Center","Region 29, Brooklyn, New York","Open","08/14/2026","","","Flushing","NY","","","","",NA,NA,"1199SEIU United Healthcare Workers East",NA,"",NA,"",NA,NA,NA,"",NA,"","","","","","",2,"","","Included: All full time, part time and per diem Lactation Consultants as residual to the existing technical unit.

Excluded: All guards, managers, confidential employees and supervisors as defined by the Act.",NA,40.766382,-73.82619,"Flushing, NY 11354",1,"place","TIGER/Line® from the US Census Bureau","Flushing","Queens County","NY","11354","US",1,40.6070388013597,-74.1435861145803,NA,NA
"31-RD-392203","Safe Harbor Patients Collective, Inc. DBA Sweet Flower Westwood; Perennial Holistic Wellness Center, Inc. DBA Sweet Flower Studio City; Sweet Flower Culver, LLC DBA Sweet Flower Culver City; and Sweetflower Pasadena, LLC DBA Sweet Flower Pasadena, collectively doing business as Sweet Flower","Region 31, Los Angeles, California","Open","08/04/2026","","","Pasadena","CA","","","","",NA,NA,"United Food & Commercial Workers Union Local 770",NA,"",NA,"",NA,NA,NA,"",NA,"","","","","","",53,"","","Included: All full-time and regular part-time employees, including florists, delivery drivers, inventory associates, and senior leads employed by the Employer at its facilities currently located at 827 East Colorado Boulevard, Pasadena, California, 1413 Westwood Boulevard, Los Angeles, California, 10000 Culver Boulevard, Culver City, California, and 11705 Ventura Boulevard, Studio City, California.

Excluded: All other employees, office clerical employees, professional employees, managerial employees, owners, store managers, assistant managers, store operations supervisors, customer service supervisors, employees of vendors, guards, and supervisors as defined in the Act.",NA,33.786594,-118.298662,"Pasadena, CA 91050",1,"place","TIGER/Line® from the US Census Bureau","Pasadena","Los Angeles County","CA","91050","US",1,34.0298413169174,-118.278661768082,NA,NA
