"Case","Region","Case_Name","Date_Filed","Date_Closed","City","State","Unit ID","Tally_Date","Num_Eligible_Voters","Void Ballots","Labor_Union","Votes_For_Union","Labor Union2","Votes for Labor Union2","Labor Union3","Votes for Labor Union3","Votes_Against","Total_Ballots_Counted","Runoff Required","Challenged Ballots","Challenges are Determinative","Union to Certify","Tally_Type","Ballot_Type","Reason_Closed","Status","Voting Unit (Unit A)","Voting Unit (Unit B)","Voting Unit (Unit C)","Voting Unit (Unit D)","Length","Tally_Quarter","Filed_Quarter","size","Unique","Case_Type","Election_Data","Plot_Labor_Union","National_Count","National","Margin","Union_Cer","Didnt_Vote"
"01-RC-392819","Region 01, Boston, Massachusetts","Jones Lang LaSalle Americas, Inc.",2026-08-14,NA,"West Greenwich","RI",NA,NA,3,NA,"International Union of Operating Engineers, Local 877",NA,NA,NA,NA,NA,NA,NA,NA,NA,NA,NA,NA,NA,NA,"Open",NA,NA,NA,NA,NA,NA,2026-07-01,"<5",TRUE,"RC","No","International Union of Operating Engineers, Local 877",1,"IUOE",NA,"Still Open",NA
"01-RC-392395","Region 01, Boston, Massachusetts","Jones Lang LaSalle Americas, Inc.",2026-08-07,NA,"West Greenwich","RI",NA,NA,18,NA,"International Union of Operating Engineers Local 877",NA,NA,NA,NA,NA,NA,NA,NA,NA,NA,NA,NA,NA,NA,"Open",NA,NA,NA,NA,NA,NA,2026-07-01,"11-25",TRUE,"RC","No","International Union of Operating Engineers Local 877",1,"IUOE",NA,"Still Open",NA
"01-RC-391656","Region 01, Boston, Massachusetts","Stericycle, Inc.",2026-07-28,2026-08-05,"Pawtucket","RI",NA,NA,4,NA,NA,NA,NA,NA,NA,NA,NA,NA,NA,NA,NA,NA,NA,NA,"Withdrawal Non-adjusted","Closed",NA,NA,NA,NA,NA,NA,2026-07-01,"<5",TRUE,"RC","No",NA,0,"Uncoded",NA,"Other",NA
"01-RC-391619","Region 01, Boston, Massachusetts","Rhode Island School of Design",2026-07-28,NA,"Providence","RI",NA,NA,62,NA,"International Brotherhood of Teamsters Local 251",NA,NA,NA,NA,NA,NA,NA,NA,NA,NA,NA,NA,NA,NA,"Open",NA,NA,NA,NA,NA,NA,2026-07-01,"51-100",TRUE,"RC","No","International Brotherhood of Teamsters Local 251",1,"Teamsters",NA,"Still Open",NA
"01-RD-389594","Region 01, Boston, Massachusetts","Rhode Island CVS Pharmacy, LLC",2026-06-26,NA,"Middletown","RI",NA,NA,12,NA,"International Association of Machinists and Aerospace Workers, AFL-CIO",NA,NA,NA,NA,NA,NA,NA,NA,NA,NA,NA,NA,NA,NA,"Open",NA,NA,NA,NA,NA,NA,2026-04-01,"11-25",TRUE,"RD","No","International Association of Machinists and Aerospace Workers, AFL-CIO",1,"IAM",NA,"Still Open",NA
"01-RD-386635","Region 01, Boston, Massachusetts","Skyfuel Pvd, LLC",2026-05-08,2026-05-19,"Warwick","RI",NA,NA,3,NA,NA,NA,NA,NA,NA,NA,NA,NA,NA,NA,NA,NA,NA,NA,"Withdrawal Non-adjusted","Closed",NA,NA,NA,NA,NA,NA,2026-04-01,"<5",TRUE,"RD","No",NA,0,"Uncoded",NA,"Other",NA
"01-RC-386511","Region 01, Boston, Massachusetts","Ocean State Media Group",2026-05-07,2026-06-26,"Providence","RI","A",2026-06-17,14,NA,"Screen Actors Guild - American Federation of Television and Radio Artists (SAG-AFTRA)",10,NA,NA,NA,NA,4,14,NA,NA,NA,"Screen Actors Guild - American Federation of Television and Radio Artists (SAG-AFTRA)","Initial","Single Labor Organization","Certific. of Representative","Closed","Included: All full-time and regular part-time employees of Ocean State Media Group who create content for broadcast and digital platforms, including Reporters, Senior Reporters, Political Reporters, Senior Digital Editors, Digital Media Managers, Promotions and Fundraising Producers, Photojournalists, Producers, Producers/ Reporters, Producers/Hosts, Hosts/Arts and Culture Reporters, and Hosts.

Excluded: All office clerical employees, confidential employees, managers, guards, and supervisors as defined in the Act, and all other employees.",NA,NA,NA,41,2026-04-01,2026-04-01,"11-25",TRUE,"RC","Yes","Screen Actors Guild - American Federation of Television and Radio Artists (SAG-AFTRA)",1,"SAG-AFTRA",0.714285714285714,"Yes",0
"01-RC-386392","Region 01, Boston, Massachusetts","Cox Electric and Kool Co.",2026-05-06,2026-05-12,"Coventry","RI",NA,NA,5,NA,NA,NA,NA,NA,NA,NA,NA,NA,NA,NA,NA,NA,NA,NA,"Withdrawal Non-adjusted","Closed",NA,NA,NA,NA,NA,NA,2026-04-01,"<5",TRUE,"RC","No",NA,0,"Uncoded",NA,"Other",NA
"01-RC-386095","Region 01, Boston, Massachusetts","Starbucks Corporation",2026-05-01,2026-06-22,"Providence","RI","A",2026-06-09,22,NA,"Workers United a/w Service Employees International Union",12,NA,NA,NA,NA,10,22,NA,NA,NA,"Workers United a/w Service Employees International Union","Initial","Single Labor Organization","Certific. of Representative","Closed","Included: All full-time and regular part-time baristas and shift supervisors employed by the Employer at its facility located at 635 North Main Street, Providence, Rhode Island

Excluded: All store managers, assistant store managers, office clerical employees, guards, professional employees and supervisors as defined by the Act.",NA,NA,NA,39,2026-04-01,2026-04-01,"11-25",TRUE,"RC","Yes","Workers United a/w Service Employees International Union",1,"WU",0.545454545454545,"Yes",0
"01-RC-384760","Region 01, Boston, Massachusetts","Global Spectrum, L.P. d/b/a Oak View Group",2026-04-13,2026-05-07,"Providence","RI","A",2026-04-29,67,NA,"United Food and Commercial Workers, Local No. 328 a/w United Food and Commercial Workers International Union, AFL-CIO",31,NA,NA,NA,NA,6,37,NA,1,NA,"United Food and Commercial Workers, Local No. 328 a/w United Food and Commercial Workers International Union, AFL-CIO","Initial","Single Labor Organization","Certific. of Representative","Closed","Included: All full-time and regular part-time ushers, usher supervisors, and guest services employees employed by the Employer at the Amica Mutual Pavilion and Rhode Island Convention Center, and ushers/ticket sellers employed by the Employer at the Rhode Island Convention Center.

Excluded: All office clerical employees, confidential employees, managers, guards, professional employees and supervisors as defined in the Act, and all other non-Admissions Department and ticketing system employees.",NA,NA,NA,16,2026-04-01,2026-04-01,"51-100",TRUE,"RC","Yes","United Food and Commercial Workers, Local No. 328 a/w United Food and Commercial Workers International Union, AFL-CIO",1,"UFCW",0.837837837837838,"Yes",30
"01-RM-384683","Region 01, Boston, Massachusetts","RelaDyne Northeast LLC d/b/a Ocean State Oil",2026-04-10,NA,"North Kingstown","RI",NA,NA,25,NA,"International Brotherhood of Teamsters Local 251",NA,NA,NA,NA,NA,NA,NA,NA,NA,NA,NA,NA,NA,NA,"Open",NA,NA,NA,NA,NA,NA,2026-04-01,"11-25",TRUE,"RM","No","International Brotherhood of Teamsters Local 251",1,"Teamsters",NA,"Still Open",NA
"01-RC-384052","Region 01, Boston, Massachusetts","RelaDyne Northeast LLC d/b/a Ocean State Oil",2026-04-02,NA,"North Kingstown","RI","A",2026-05-07,32,NA,"International Brotherhood of Teamsters Local 251",17,NA,NA,NA,NA,10,27,NA,5,NA,"International Brotherhood of Teamsters Local 251","Initial","Single Labor Organization",NA,"Open","All full-time and regular part-time drivers, warehouse workers, maintenance techs, equipment supervisors, dispatch coordinators and inventory control specialists employed by the Employer at its 123 Ocean State Drive, North Kingstown, Rhode Island facility; but excluding all office clerical employees, confidential employees. managers, guards, professional employees and supervisors as defined in the Act. 

Others permitted to vote: The parties have agreed that customer service representatives may vote in the election but their ballots will be challenged since their eligibility has not been resolved.  No decision has been made regarding whether the individuals in these classifications or groups are included in, or excluded from, the bargaining unit.  The eligibility or inclusion of these individuals will be resolved, if necessary, following the election.
",NA,NA,NA,35,2026-04-01,2026-04-01,"26-50",TRUE,"RC","Yes","International Brotherhood of Teamsters Local 251",1,"Teamsters",0.62962962962963,"Still Open",5
"01-RC-383172","Region 01, Boston, Massachusetts","Mancini Beverage Shipping, Inc.",2026-03-19,2026-04-20,"Cranston","RI","A",2026-04-10,5,NA,"INTERNATIONAL BROTHERHOOD OF TEAMSTERS LOCAL 251",3,NA,NA,NA,NA,1,4,NA,1,NA,"INTERNATIONAL BROTHERHOOD OF TEAMSTERS LOCAL 251","Initial","Single Labor Organization","Certification of Results","Closed","Included: All full-time and regular part-time Shipping Clerks, Inventory Managers, and Breakage Department/Utility Employees.

Excluded: All office clerical employees, confidential employees, managers, guards, professional employees, and supervisors as defined in the Act.

Others permitted to vote: The parties have agreed that the Night Warehouse Supervisor may vote in the election but their ballot will be challenged since their eligibility has not been resolved. No decision has been made regarding whether the individual in the classification or group are included in, or excluded from, the bargaining unit. The eligibility or inclusion of the individual will be resolved, if necessary, following the election.",NA,NA,NA,22,2026-04-01,2026-01-01,"<5",TRUE,"RC","Yes","INTERNATIONAL BROTHERHOOD OF TEAMSTERS LOCAL 251",1,"Teamsters",0.75,"No",1
"01-RC-383233","Region 01, Boston, Massachusetts","PPC Event Services Holding Corp. & Subs",2026-03-19,NA,"Warwick","RI",NA,NA,33,NA,"International Brotherhood of Teamsters Local 251",NA,NA,NA,NA,NA,NA,NA,NA,NA,NA,NA,NA,NA,NA,"Open",NA,NA,NA,NA,NA,NA,2026-01-01,"26-50",TRUE,"RC","No","International Brotherhood of Teamsters Local 251",1,"Teamsters",NA,"Still Open",NA
"01-RC-382892","Region 01, Boston, Massachusetts","The Narragansett Electric Company d/b/a Rhode Island Energy",2026-03-13,2026-04-16,"Cumberland","RI",NA,NA,11,NA,NA,NA,NA,NA,NA,NA,NA,NA,NA,NA,NA,NA,NA,NA,"Certification of Results","Closed",NA,NA,NA,NA,NA,NA,2026-01-01,"11-25",TRUE,"RC","No",NA,0,"Uncoded",NA,"No",NA
"01-RC-380633","Region 01, Boston, Massachusetts","Stericycle, Inc.",2026-02-06,2026-03-10,"Woonsocket","RI",NA,NA,3,NA,NA,NA,NA,NA,NA,NA,NA,NA,NA,NA,NA,NA,NA,NA,"Withdrawal Non-adjusted","Closed",NA,NA,NA,NA,NA,NA,2026-01-01,"<5",TRUE,"RC","No",NA,0,"Uncoded",NA,"Other",NA
"01-RC-375352","Region 01, Boston, Massachusetts","DATTCO, Inc.",2025-11-24,2026-01-02,"Harrisville","RI","A",2025-12-19,6,NA,"International Brotherhood of Teamsters Local 251",4,NA,NA,NA,NA,1,5,NA,1,NA,"International Brotherhood of Teamsters Local 251","Initial","Single Labor Organization","Certific. of Representative","Closed","Included: All full-time and regular part-time diesel mechanics employed by the Employer at its Harrisville, RI location.
Excluded: All office clerical employees, managers, guards, and supervisors as defined by the Act.",NA,NA,NA,25,2025-10-01,2025-10-01,"6-10",TRUE,"RC","Yes","International Brotherhood of Teamsters Local 251",1,"Teamsters",0.8,"Yes",1
"01-RC-375337","Region 01, Boston, Massachusetts","Oldcastle APG Northeast, Inc.",2025-11-21,NA,"Cranston","RI","A",2025-12-18,8,NA,"International Brotherhood of Teamsters Local 251",4,NA,NA,NA,NA,3,7,NA,1,NA,"INTERNATIONAL BROTHERHOOD OF TEAMSTERS LOCAL 251","Initial","Single Labor Organization",NA,"Open","Included: All full-time and regular part-time machine operators, maintenance and forklift operators.

Excluded: All office clerical employees, confidential employees, managers, guards, professional employees, and supervisors as defined in the Act.
",NA,NA,NA,27,2025-10-01,2025-10-01,"6-10",TRUE,"RC","Yes","International Brotherhood of Teamsters Local 251",1,"Teamsters",0.571428571428571,"Still Open",1
"01-RD-375037","Region 01, Boston, Massachusetts","Beyond Teas LLC",2025-11-19,2025-12-03,"Providence","RI",NA,NA,14,NA,NA,NA,NA,NA,NA,NA,NA,NA,NA,NA,NA,NA,NA,NA,"Withdrawal Non-adjusted","Closed",NA,NA,NA,NA,NA,NA,2025-10-01,"11-25",TRUE,"RD","No",NA,0,"Uncoded",NA,"Other",NA
"01-RC-372797","Region 01, Boston, Massachusetts","CBRE, Inc.",2025-09-05,2025-11-19,"East Providence","RI","A",2025-09-05,4,NA,"International Union of Operating Engineers Local 877",4,NA,NA,NA,NA,0,4,NA,NA,NA,"International Union of Operating Engineers Local 877","Initial","Single Labor Organization","Certific. of Representative","Closed","Included: All full-time and regular part-time Static Engineers and Assistant Chief Engineers working at 100 Federal Street Boston, MA 02110; 1025 Main Street Waltham, MA 02451; and 50 Morrissey Blvd., Dorchester, MA 02125. 

Excluded: All Engineering Operations Managers, office clerical employees, managers, guards, professional employees and supervisors as defined by the Act.",NA,NA,NA,0,2025-07-01,2025-07-01,"<5",TRUE,"RC","Yes","International Union of Operating Engineers Local 877",1,"IUOE",1,"Yes",0
"01-RC-371760","Region 01, Boston, Massachusetts","OshKosh AeroTech, LLC",2025-08-21,2025-09-02,"Warwick","RI",NA,NA,10,NA,NA,NA,NA,NA,NA,NA,NA,NA,NA,NA,NA,NA,NA,NA,"Withdrawal Non-adjusted","Closed",NA,NA,NA,NA,NA,NA,2025-07-01,"6-10",TRUE,"RC","No",NA,0,"Uncoded",NA,"Other",NA
"01-RM-371507","Region 01, Boston, Massachusetts","OshKosh AeroTech, LLC",2025-08-18,2025-09-02,"East Providence","RI",NA,NA,6,NA,NA,NA,NA,NA,NA,NA,NA,NA,NA,NA,NA,NA,NA,NA,"Withdrawal Non-adjusted","Closed",NA,NA,NA,NA,NA,NA,2025-07-01,"6-10",TRUE,"RM","No",NA,0,"Uncoded",NA,"Other",NA
"01-RC-371343","Region 01, Boston, Massachusetts","First Student, Inc.",2025-08-14,2025-09-17,"Lincoln","RI","A",2025-09-09,3,NA,"INTERNATIONAL BROTHERHOOD OF TEAMSTERS LOCAL 251",3,NA,NA,NA,NA,0,3,NA,NA,NA,"INTERNATIONAL BROTHERHOOD OF TEAMSTERS LOCAL 251","Initial","Single Labor Organization","Certific. of Representative","Closed","Included: All full-time and regular part-time dispatchers and service employees employed by the Employer at its Lincoln, Rhode Island facility.

Excluded: All office clerical employees, confidential employees, managers, guards and professional employees and supervisors as defined by the Act.",NA,NA,NA,26,2025-07-01,2025-07-01,"<5",TRUE,"RC","Yes","INTERNATIONAL BROTHERHOOD OF TEAMSTERS LOCAL 251",1,"Teamsters",1,"Yes",0
"01-RC-370806","Region 01, Boston, Massachusetts","Theatre By The Sea",2025-08-06,2025-08-08,"Wakefield","RI",NA,NA,20,NA,NA,NA,NA,NA,NA,NA,NA,NA,NA,NA,NA,NA,NA,NA,"Withdrawal Non-adjusted","Closed",NA,NA,NA,NA,NA,NA,2025-07-01,"11-25",TRUE,"RC","No",NA,0,"Uncoded",NA,"Other",NA
"01-RC-368109","Region 01, Boston, Massachusetts","Univar Solutions USA, LLC",2025-06-25,2025-08-01,"Providence","RI","A",2025-07-24,26,NA,"International Brotherhood of Teamsters Local 251",22,NA,NA,NA,NA,1,23,NA,NA,NA,"International Brotherhood of Teamsters Local 251","Initial","Single Labor Organization","Certific. of Representative","Closed","Included: All full-time and regular part-time drivers and truck mechanics employed by the Employer at its Providence, Rhode Island facility.

Excluded: All material handlers, plant maintenance employees, office clerical employees, confidential employees, managers, guards, professional employees, and supervisors as defined in the Act.",NA,NA,NA,29,2025-07-01,2025-04-01,"26-50",TRUE,"RC","Yes","International Brotherhood of Teamsters Local 251",1,"Teamsters",0.956521739130435,"Yes",3
"01-RC-366017","Region 01, Boston, Massachusetts","Ocean State Jobbers, Inc.",2025-05-20,2025-07-08,"North Kingstown","RI","A",2025-06-27,79,NA,"International Brotherhood of Teamsters Local 251",27,NA,NA,NA,NA,41,68,NA,2,NA,NA,"Initial","Single Labor Organization","Certification of Results","Closed","All full-time and regular part-time Drivers, Sleep Drivers, Flex Drivers, Yard Drivers and Lead Drivers employed by the Employer at its Distribution Center located at 375 Commerce Park Road, North Kingstown, RI; but excluding office clerical employees, confidential employees, managers, guards, professional employees and supervisors as defined in the Act.",NA,NA,NA,38,2025-04-01,2025-04-01,"51-100",TRUE,"RC","Yes","International Brotherhood of Teamsters Local 251",1,"Teamsters",0.397058823529412,"No",11
"01-RC-365528","Region 01, Boston, Massachusetts","The Paul Cuffee School",2025-05-13,2025-06-11,"Providence","RI","A",2025-06-03,26,NA,"RI Federation of Teachers and Health Professionals a/w American Federation of Teachers, AFL-CIO",12,NA,NA,NA,NA,1,13,NA,3,NA,"RI Federation of Teachers and Health Professionals a/w American Federation of Teachers, AFL-CIO","Initial","Single Labor Organization","Certific. of Representative","Closed","Included: All full-time and regular part-time certified staff, including teachers, school librarians, social workers, guidance counselors, dean of student culture, and academic deans, employed by the Employer at its Middle School facility in Providence, RI. 
Excluded: All after school coaches, pep squad advisors, LS/MS Math Instructional Coach, Middle School Custodian, Assistant to the Middle School Principal/Data Manager, non-professional employees, confidential employees, managers, guards, and supervisors as defined by the Act.","Included: All full-time and regular part-time non-certified staff, including teaching partners (teachers’ aides), student success managers, school secretaries, and athletic coordinators, employed by the Employer at its Middle School facility in Providence, RI. 
Excluded: All after school coaches, pep squad advisors, LS/MS Math Instructional Coach, Middle School Custodian, Assistant to the Middle School Principal/Data Manager, confidential employees, managers, guards, and professional employees and supervisors as defined by the Act.","Included: All full-time and regular part-time non-certified staff, including teaching partners (teachers’ aides), student success managers, school secretaries, and athletic coordinators, employed by the Employer at its Middle School facility in Providence, RI. 
Excluded: All after school coaches, pep squad advisors, LS/MS Math Instructional Coach, Middle School Custodian, Assistant to the Middle School Principal/Data Manager, confidential employees, managers, guards, and professional employees and supervisors as defined by the Act.","Included: All full-time and regular part-time non-certified staff, including teaching partners (teachers’ aides), student success managers, school secretaries, and athletic coordinators, employed by the Employer at its Middle School facility in Providence, RI. 
Excluded: All after school coaches, pep squad advisors, LS/MS Math Instructional Coach, Middle School Custodian, Assistant to the Middle School Principal/Data Manager, confidential employees, managers, guards, and professional employees and supervisors as defined by the Act.",21,2025-04-01,2025-04-01,"26-50",TRUE,"RC","Yes","RI Federation of Teachers and Health Professionals a/w American Federation of Teachers, AFL-CIO",1,"AFT",0.923076923076923,"Yes",13
"01-RC-365203","Region 01, Boston, Massachusetts","PODS Enterprises, LLC",2025-05-08,2025-06-06,"North Kingstown","RI",NA,NA,5,NA,NA,NA,NA,NA,NA,NA,NA,NA,NA,NA,NA,NA,NA,NA,"Withdrawal Non-adjusted","Closed",NA,NA,NA,NA,NA,NA,2025-04-01,"<5",TRUE,"RC","No",NA,0,"Uncoded",NA,"Other",NA
"01-RC-365011","Region 01, Boston, Massachusetts","The Learning Community Charter School",2025-05-05,2025-06-13,"Central Falls","RI","A",2025-06-05,94,NA,"RHODE ISLAND FEDERATION OF TEACHERS AND HEALTH PROFESSIONALS, AMERICAN FEDERATION OF TEACHERS",33,NA,NA,NA,NA,42,75,NA,3,NA,NA,"Initial","Single Labor Organization","Certification of Results","Closed","Voting Group - Unit A (Professional Unit):
Included: All full-time and regular part-time professional employees employed by the Employer at its Central Falls, RI kindergarten through grade 8 facility.
Excluded: All non-professional employees, confidential employees, office clerical employees, managers, guards, and supervisors as described in the Act.
Voting Group - Unit B (Non-Professional Unit):
Included: All full-time and regular part-time non-professional employees employed by the Employer at its Central Falls, RI kindergarten through grade 8 facility.
Excluded: All confidential employees, office clerical employees, managers, guards, and professional employees and supervisors as described in the Act.
OR
If a majority of voting professional employees in Voting Group A vote to be included with a unit with non-professional employees in Voting Group B, the following combined unit is appropriate:
COMBINED UNIT:
Included: All full-time and regular part-time professional and non-professional employees employed by the Employer at its Central Falls, RI kindergarten through grade 8 facility.
Excluded: All confidential employees, office clerical employees, managers, guards, and supervisors as defined in the Act.",NA,NA,NA,31,2025-04-01,2025-04-01,"51-100",TRUE,"RC","Yes","RHODE ISLAND FEDERATION OF TEACHERS AND HEALTH PROFESSIONALS, AMERICAN FEDERATION OF TEACHERS",1,"AFT",0.44,"No",19
"01-RC-364863","Region 01, Boston, Massachusetts","Daifuku Services America Corporation",2025-05-02,2025-06-16,"Warwick","RI","A",2025-06-06,1,NA,"General Teamsters Local Union No. 251",0,NA,NA,NA,NA,1,1,NA,NA,NA,NA,"Initial","Single Labor Organization","Certification of Results","Closed","All full-time and regular part-time site administrators employed by the Employer at its 2000 Post Road, Warwick, Rhode Island facility; but excluding all administrative assistants, site managers, temporary agency employees, and guards, professional employees and supervisors defined in the Act, and all other employees.",NA,NA,NA,35,2025-04-01,2025-04-01,"<5",TRUE,"RC","Yes","General Teamsters Local Union No. 251",1,"Teamsters",0,"No",0
"01-RC-363601","Region 01, Boston, Massachusetts","Buckley Heating & Cooling",2025-04-11,2025-04-21,"Peace Dale","RI",NA,NA,25,NA,NA,NA,NA,NA,NA,NA,NA,NA,NA,NA,NA,NA,NA,NA,"Withdrawal Non-adjusted","Closed",NA,NA,NA,NA,NA,NA,2025-04-01,"11-25",TRUE,"RC","No",NA,0,"Uncoded",NA,"Other",NA
"01-RC-363485","Region 01, Boston, Massachusetts","The Westerly Ambulance Corps, Inc.",2025-04-10,2025-05-12,"Westerly","RI","A",2025-05-02,14,NA,"International Association of EMTs and Paramedics (IAEP) / NAGE, SEIU Local 5000",7,NA,NA,NA,NA,0,7,NA,NA,NA,"International Association of EMTs and Paramedics (IAEP) / NAGE, SEIU Local 5000","Initial","Single Labor Organization","Certific. of Representative","Closed","All full-time, regular part-time, and per diem dispatchers employed by the Employer at its Westerly, RI facility; but excluding guards, professional employees and supervisors as defined in the Act.",NA,NA,NA,22,2025-04-01,2025-04-01,"11-25",TRUE,"RC","Yes","International Association of EMTs and Paramedics (IAEP) / NAGE, SEIU Local 5000",1,"NAGE",1,"Yes",7
"01-RC-362477","Region 01, Boston, Massachusetts","Providence College",2025-03-24,2025-04-01,"Providence","RI",NA,NA,3,NA,NA,NA,NA,NA,NA,NA,NA,NA,NA,NA,NA,NA,NA,NA,"Withdrawal Non-adjusted","Closed",NA,NA,NA,NA,NA,NA,2025-01-01,"<5",TRUE,"RC","No",NA,0,"Uncoded",NA,"Other",NA
"01-RC-360234","Region 01, Boston, Massachusetts","Northeast Beverage Corp",2025-02-13,2025-03-21,"Warwick","RI","A",2025-03-12,4,NA,"International Brotherhood of Teamsters Local 251",4,NA,NA,NA,NA,0,4,NA,NA,NA,"International Brotherhood of Teamsters Local 251","Initial","Single Labor Organization","Certific. of Representative","Closed","All full-time and regular part-time order picker employees; but excluding all office clerical employees, confidential employees. managers, guards, professional employees and supervisors as defined in the Act.",NA,NA,NA,27,2025-01-01,2025-01-01,"<5",TRUE,"RC","Yes","International Brotherhood of Teamsters Local 251",1,"Teamsters",1,"Yes",0
"01-RC-360152","Region 01, Boston, Massachusetts","Highlander Charter School",2025-02-12,2025-03-18,"Providence","RI","A",2025-03-06,5,NA,"International Brotherhood of Electrical Workers, Local 2323",5,NA,NA,NA,NA,1,5,NA,NA,NA,"International Brotherhood of Electrical Workers, Local 2323","Initial","Single Labor Organization","Certific. of Representative","Closed","VOTING GROUP A - PROFESSIONAL EMPLOYEES
Included: All full-time and regular part-time Student Support Specialists and School Nurse Teachers employed by the Employer at its Providence, RI pre-K through grade 6 facility. 

Excluded: All non-professional employees, office clerical employees, confidential employees, managers, guards, and supervisors as defined in the Act.","VOTING GROUP B - NON-PROFESSIONAL EMPLOYEES
Included: All full-time and regular part-time IT Support Specialists, and Maintenance employees employed by the Employer at its Providence, RI pre-K through grade 6 facility. 

Excluded: All office clerical employees, confidential employees, managers, guards, and professional employees and supervisors as defined in the Act.","VOTING GROUP B - NON-PROFESSIONAL EMPLOYEES
Included: All full-time and regular part-time IT Support Specialists, and Maintenance employees employed by the Employer at its Providence, RI pre-K through grade 6 facility. 

Excluded: All office clerical employees, confidential employees, managers, guards, and professional employees and supervisors as defined in the Act.","VOTING GROUP B - NON-PROFESSIONAL EMPLOYEES
Included: All full-time and regular part-time IT Support Specialists, and Maintenance employees employed by the Employer at its Providence, RI pre-K through grade 6 facility. 

Excluded: All office clerical employees, confidential employees, managers, guards, and professional employees and supervisors as defined in the Act.",22,2025-01-01,2025-01-01,"<5",TRUE,"RC","Yes","International Brotherhood of Electrical Workers, Local 2323",1,"IBEW",0.833333333333333,"Yes",-1
"01-RC-359988","Region 01, Boston, Massachusetts","BEYOND TEAS LLC d/b/a CEREMONY",2025-02-10,2025-02-18,"Providence","RI",NA,NA,16,NA,NA,NA,NA,NA,NA,NA,NA,NA,NA,NA,NA,NA,NA,NA,"Withdrawal Non-adjusted","Closed",NA,NA,NA,NA,NA,NA,2025-01-01,"11-25",TRUE,"RC","No",NA,0,"Uncoded",NA,"Other",NA
"01-UC-359693","Region 01, Boston, Massachusetts","Paul Cuffee Upper School",2025-02-04,2026-04-14,"Providence","RI",NA,NA,34,NA,NA,NA,NA,NA,NA,NA,NA,NA,NA,NA,NA,NA,NA,NA,"Withdrawal Non-adjusted","Closed",NA,NA,NA,NA,NA,NA,2025-01-01,"26-50",TRUE,"UC","No",NA,0,"Uncoded",NA,"Other",NA
"01-RC-358916","Region 01, Boston, Massachusetts","Rhode Island CVS Pharmacy, L.L.C.",2025-01-23,2025-06-17,"Coventry","RI","A",2025-06-09,7,NA,"The Pharmacy Guild a/w International Association of Machinists & Aerospace Workers, AFL-CIO",1,NA,NA,NA,NA,3,4,NA,2,NA,NA,"Initial","Single Labor Organization","Certification of Results","Closed","All full-time and regular part-time staff pharmacists and night pharmacists employed at the Employer’s  763 Tiogue Avenue, Coventry, Rhode Island facility (store #621), but excluding pharmacy managers, pharmacy technicians, pharmacy interns, store managers, store associates, confidential employees, managers and guards, and supervisors as defined in the Act.",NA,NA,NA,137,2025-04-01,2025-01-01,"6-10",TRUE,"RC","Yes","The Pharmacy Guild a/w International Association of Machinists & Aerospace Workers, AFL-CIO",1,"IAM",0.25,"No",3
"01-UC-358923","Region 01, Boston, Massachusetts","Daifuku Services America Corporation",2025-01-23,2025-03-26,"Warwick","RI",NA,NA,11,NA,NA,NA,NA,NA,NA,NA,NA,NA,NA,NA,NA,NA,NA,NA,"Withdrawal Non-adjusted","Closed",NA,NA,NA,NA,NA,NA,2025-01-01,"11-25",TRUE,"UC","No",NA,0,"Uncoded",NA,"Other",NA
"01-RC-356046","Region 01, Boston, Massachusetts","CBRE, Inc.",2024-12-04,2024-12-31,"Lincoln","RI","A",2024-12-20,6,NA,"INTERNATIONAL UNION OF OPERATING ENGINEERS, LOCAL 877",6,NA,NA,NA,NA,0,6,NA,NA,NA,"INTERNATIONAL UNION OF OPERATING ENGINEERS, LOCAL 877","Initial","Single Labor Organization","Certific. of Representative","Closed","All full-time and regular part-time assistant chief engineers and static building engineers working at Bank of America facilities in Providence, Lincoln and Riverside, Rhode Island; but excluding all office clerical employees, confidential employees, managers, guards, professional employees and supervisors as defined in the Act.",NA,NA,NA,16,2024-10-01,2024-10-01,"6-10",TRUE,"RC","Yes","INTERNATIONAL UNION OF OPERATING ENGINEERS, LOCAL 877",1,"IUOE",1,"Yes",0
"01-RC-355123","Region 01, Boston, Massachusetts","Kent County Memorial Hospital",2024-11-20,2025-01-24,"Warwick","RI","A",2025-01-15,125,NA,"Committee of Interns and Residents, SEIU Local 1957 a/w Service Employees International Union",41,NA,NA,NA,NA,28,102,NA,NA,NA,"Committee of Interns and Residents, SEIU Local 1957 a/w Service Employees International Union","Initial","Single Labor Organization","Certific. of Representative","Closed","Including all full-time and part-time interns, residents, chief residents, and physician fellows (collectively House Staff employed by Kent County Memorial Hospital, but excluding all other physicians, business office clerical employees, all other professional employees, registered nurses, service employees, skilled maintenance employees, confidential employees, managers, guards, and supervisors as defined by the Act.",NA,NA,NA,56,2025-01-01,2024-10-01,"101-500",TRUE,"RC","Yes","Committee of Interns and Residents, SEIU Local 1957 a/w Service Employees International Union",1,"SEIU",0.594202898550725,"Yes",56
"01-RC-355112","Region 01, Boston, Massachusetts","Butler Hospital",2024-11-19,2025-01-24,"Providence","RI","A",2025-01-15,41,NA,"Committee of Interns and Residents, SEIU Local 1957 a/w Service Employees International Union",33,NA,NA,NA,NA,3,36,NA,NA,NA,"Committee of Interns and Residents, SEIU Local 1957 a/w Service Employees International Union","Initial","Single Labor Organization","Certific. of Representative","Closed","All full-time and regular part-time interns, residents, chief residents, and physician fellows (collectively “House Staff”) employed by Butler Hospital; but excluding all other physicians, business office clerical employees, all other professional employees, registered nurses, service employees, skilled maintenance employees, confidential employees, managers, guards, and supervisors as defined by the Act.",NA,NA,NA,57,2025-01-01,2024-10-01,"26-50",TRUE,"RC","Yes","Committee of Interns and Residents, SEIU Local 1957 a/w Service Employees International Union",1,"SEIU",0.916666666666667,"Yes",5
"01-RC-355114","Region 01, Boston, Massachusetts","Women and Infants Hospital of Rhode Island",2024-11-19,2025-01-24,"Providence","RI","A",2025-01-15,64,NA,"Committee of Interns and Residents, SEIU Local 1957 a/w Service Employees International Union",40,NA,NA,NA,NA,8,48,NA,NA,NA,"Committee of Interns and Residents, SEIU Local 1957 a/w Service Employees International Union","Initial","Single Labor Organization","Certific. of Representative","Closed","All full-time and regular part-time interns, residents, chief residents, and physician fellows (collectively “House Staff”) employed by Women and Infants Hospital of Rhode Island; but excluding all other physicians, business office clerical employees, all other professional employees, registered nurses, service employees, skilled maintenance employees, confidential employees, managers, guards, and supervisors as defined by the Act.",NA,NA,NA,57,2025-01-01,2024-10-01,"51-100",TRUE,"RC","Yes","Committee of Interns and Residents, SEIU Local 1957 a/w Service Employees International Union",1,"SEIU",0.833333333333333,"Yes",16
"01-RC-354869","Region 01, Boston, Massachusetts","Rhode Island Hospital",2024-11-15,2025-01-16,"Providence","RI","A",2025-01-07,689,2,"Committee of Interns and Residents, SEIU Local 1957 a/w Service Employees International Union",464,NA,NA,NA,NA,27,491,NA,NA,NA,"Committee of Interns and Residents, SEIU Local 1957 a/w Service Employees International Union","Initial","Single Labor Organization","Certific. of Representative","Closed","Included: All interns, residents, chief residents, and physician fellows (collectively “House Staff”) employed by Rhode Island Hospital. 

Excluded: All other physicians, business office clerical employees, all other professional employees, registered nurses, service employees, skilled maintenance employees, confidential employees, managers, guards and supervisors as defined by the Act.",NA,NA,NA,53,2025-01-01,2024-10-01,"500>",TRUE,"RC","Yes","Committee of Interns and Residents, SEIU Local 1957 a/w Service Employees International Union",1,"SEIU",0.945010183299389,"Yes",198
"01-RC-354868","Region 01, Boston, Massachusetts","Care New England Health System, Butler Hospital, Women and Infants Hospital, and Kent Hospital",2024-11-15,2024-11-20,"Providence","RI",NA,NA,229,NA,NA,NA,NA,NA,NA,NA,NA,NA,NA,NA,NA,NA,NA,NA,"Withdrawal Non-adjusted","Closed",NA,NA,NA,NA,NA,NA,2024-10-01,"101-500",TRUE,"RC","No",NA,0,"Uncoded",NA,"Other",NA
"01-RC-354563","Region 01, Boston, Massachusetts","Paul Cuffee School",2024-11-12,2024-12-10,"Providence","RI","A",2024-12-02,47,NA,"RI Federation of Teachers and Health Professionals",31,NA,NA,NA,NA,2,33,NA,NA,NA,"RI Federation of Teachers and Health Professionals","Initial","Single Labor Organization","Certific. of Representative","Closed","VOTING GROUP - UNIT A (PROFESSIONAL UNIT):
Included: All full-time and regular part-time certified staff including teachers, school librarian, school nurse-teacher, social worker, guidance counselor, dean of student culture, and academic dean, employed by the Employer at its Lower School facility in Providence, RI. 
Excluded: All after school coaches, pep squad advisors, LS/MS Math Instructional Coach, Lower School Custodian, Assistant to the Lower School Principal/Data Manager, non-professional employees, confidential employees, managers, guards, and supervisors as defined in the Act.","VOTING GROUP - UNIT B (NON-PROFESSIONAL UNIT):
Included: All full-time and regular part-time non-certified staff including teaching partners (teachers’ aides), student success managers, school secretary, and athletic coordinators employed by the Employer at its Lower School facility in Providence, RI. 
Excluded: All after school coaches, pep squad advisors, LS/MS Math Instructional Coach, Lower School Custodian, Assistant to the Lower School Principal/Data Manager, confidential employees, managers, guards, and professional employees and supervisors as defined in the Act.","VOTING GROUP - UNIT B (NON-PROFESSIONAL UNIT):
Included: All full-time and regular part-time non-certified staff including teaching partners (teachers’ aides), student success managers, school secretary, and athletic coordinators employed by the Employer at its Lower School facility in Providence, RI. 
Excluded: All after school coaches, pep squad advisors, LS/MS Math Instructional Coach, Lower School Custodian, Assistant to the Lower School Principal/Data Manager, confidential employees, managers, guards, and professional employees and supervisors as defined in the Act.","VOTING GROUP - UNIT B (NON-PROFESSIONAL UNIT):
Included: All full-time and regular part-time non-certified staff including teaching partners (teachers’ aides), student success managers, school secretary, and athletic coordinators employed by the Employer at its Lower School facility in Providence, RI. 
Excluded: All after school coaches, pep squad advisors, LS/MS Math Instructional Coach, Lower School Custodian, Assistant to the Lower School Principal/Data Manager, confidential employees, managers, guards, and professional employees and supervisors as defined in the Act.",20,2024-10-01,2024-10-01,"26-50",TRUE,"RC","Yes","RI Federation of Teachers and Health Professionals",0,"Uncoded",0.939393939393939,"Yes",14
"01-RC-353555","Region 01, Boston, Massachusetts","Lynx FBO Providence, LLC d/b/a Atlantic Aviation",2024-10-28,NA,"Warwick","RI","A",2024-12-05,24,NA,"International Brotherhood of Teamsters Local 251",10,NA,NA,NA,NA,11,29,NA,8,"Y",NA,"Initial","Single Labor Organization",NA,"Open","INCLUDED: All full-time and regular part-time line service technicians and fuel technicians employed by the Employer at its 544 Airport Road, Warwick, RI location. 

EXCLUDED: All office clerical employees, managers, guards, and supervisors as defined by the Act. 

OTHERS PERMITTED TO VOTE: The parties agree that customer service representatives may vote in the election, but their ballots will be challenged since their eligibility has not been resolved. No decision has been made regarding whether the individuals in these classifications or groups are included in, or excluded from, the bargaining unit. The eligibility or inclusion of these individuals will be resolved, if necessary, following the election.

",NA,NA,NA,38,2024-10-01,2024-10-01,"11-25",TRUE,"RC","Yes","International Brotherhood of Teamsters Local 251",1,"Teamsters",0.476190476190476,"Still Open",3
"01-RC-353228","Region 01, Boston, Massachusetts","Rhode Island CVS Pharmacy, LLC",2024-10-23,2024-11-27,"Middletown","RI","A",2024-11-19,17,1,"International Association of Machinists and Aerospace Workers, AFL-CIO",11,NA,NA,NA,NA,3,14,NA,NA,NA,"International Association of Machinists and Aerospace Workers, AFL-CIO","Initial","Single Labor Organization","Certific. of Representative","Closed","Included: All full-time and regular part-time Pharmacy Technicians, Lead Technicians, and
Inventory Specialists employed by the Employer at its facility currently located at 99 E Main
Middletown RI 02842 (Store #493)

Excluded: All other employees, including office clerical employees, guards, confidential
employees, managerial employees, and supervisors as defined in the Act.",NA,NA,NA,27,2024-10-01,2024-10-01,"11-25",TRUE,"RC","Yes","International Association of Machinists and Aerospace Workers, AFL-CIO",1,"IAM",0.785714285714286,"Yes",3
"01-RC-351451","Region 01, Boston, Massachusetts","Paul Cuffee School",2024-09-27,2024-10-29,"Providence","RI","A",2024-10-21,40,NA,"RHODE ISLAND FEDERATION OF TEACHERS AND HEALTH PROFESSIONALS, AMERICAN FEDERATION OF TEACHERS",22,NA,NA,NA,NA,8,30,NA,2,NA,"RHODE ISLAND FEDERATION OF TEACHERS AND HEALTH PROFESSIONALS, AMERICAN FEDERATION OF TEACHERS","Initial","Single Labor Organization","Certific. of Representative","Closed","Included: All full-time and regular part-time certified staff including teachers, school librarian, school nurse-teacher, social worker, guidance counselor, dean of student culture, and academic dean, employed by the Employer at its Upper School facility in Providence, RI.  
 
Excluded: All after school coaches, pep squad advisors, non-professional employees, confidential employees, managers, guards, and supervisors as defined in the Act.","Included: All full-time and regular part-time non-certified staff including teacher partners (teachers' aide), student success managers, school secretary, and athletic coordinators employed by the Employer at its Upper School facility in Providence, RI.  

Excluded: All after school coaches, pep squad advisors, professional employees, confidential employees, managers, guards, and supervisors as defined in the Act.","Included: All full-time and regular part-time non-certified staff including teacher partners (teachers' aide), student success managers, school secretary, and athletic coordinators employed by the Employer at its Upper School facility in Providence, RI.  

Excluded: All after school coaches, pep squad advisors, professional employees, confidential employees, managers, guards, and supervisors as defined in the Act.","Included: All full-time and regular part-time non-certified staff including teacher partners (teachers' aide), student success managers, school secretary, and athletic coordinators employed by the Employer at its Upper School facility in Providence, RI.  

Excluded: All after school coaches, pep squad advisors, professional employees, confidential employees, managers, guards, and supervisors as defined in the Act.",24,2024-10-01,2024-07-01,"26-50",TRUE,"RC","Yes","RHODE ISLAND FEDERATION OF TEACHERS AND HEALTH PROFESSIONALS, AMERICAN FEDERATION OF TEACHERS",1,"AFT",0.733333333333333,"Yes",10
"01-RD-347726","Region 01, Boston, Massachusetts","Summit Medical Compassion Center, Inc.",2024-08-06,2024-11-13,"Warwick","RI","A",2024-11-01,60,NA,"United Food and Commercial Workers Local 328",30,NA,NA,NA,NA,3,33,NA,NA,NA,"United Food and Commercial Workers Local 328","Initial","Single Labor Organization","Certific. of Representative","Closed","All full-time and regular part-time personal care specialists employed by the employer at its 444 Quaker Lane, Warwick, RI 02886 location, but excluding confidential employees, managers, professional employees, and guards and supervisors as defined by the Act.",NA,NA,NA,87,2024-10-01,2024-07-01,"51-100",TRUE,"RD","Yes","United Food and Commercial Workers Local 328",1,"UFCW",0.909090909090909,"Yes",27
"01-RC-347689","Region 01, Boston, Massachusetts","VIOLET SNF HOLDCO, LLC D/B/A PAWTUCKET FALLS HEALTHCARE CENTER",2024-08-05,2024-09-12,"Pawtucket","RI","A",2024-09-04,11,NA,"New England Healthcare Employees Union District 1199, SEIU",5,NA,NA,NA,NA,0,5,NA,NA,NA,"New England Healthcare Employees Union District 1199, SEIU","Initial","Single Labor Organization","Certific. of Representative","Closed","VOTING UNIT
Included: All full time, regular part time, and per-diem Speech Pathologists, Certified Occupational Therapy Assistants, Registered Occupational Therapists, Physical Therapy Assistants, and Physical Therapists. 
Excluded: All office clerical employees, confidential employees, managers, guards, and supervisors as defined in the Act.


COMBINED UNIT: 
 INCLUDED: All full time, regular part time, and per-diem Registered Nurses, Licensed Practical Nurses, Speech Pathologists, Certified Occupational Therapy Assistants, Registered Occupational Therapists, Physical Therapy Assistants, and Physical Therapists. 
EXCLUDED:  Director of Nursing, Assistant Director of Nurses, MDS Nurse, the Infection Control/Staff Development Nurse, and all Service and Maintenance Employees, office clerical employees, confidential employees, managers, guards, and supervisors as defined in the Act.",NA,NA,NA,30,2024-07-01,2024-07-01,"11-25",TRUE,"RC","Yes","New England Healthcare Employees Union District 1199, SEIU",1,"SEIU",1,"Yes",6
"01-RC-347138","Region 01, Boston, Massachusetts","Rhode Island CVS Pharmacy, L.L.C.",2024-07-29,2026-03-23,"Middletown","RI","A",2024-10-21,5,NA,"The Pharmacy Guild a/w International Association of Machinists and Aerospace Workers, AFL-CIO",4,NA,NA,NA,NA,0,4,NA,NA,NA,"The Pharmacy Guild a/w International Association of Machinists and Aerospace Workers, AFL-CIO","Initial","Single Labor Organization","Certific. of Representative","Closed","All full-time and regular part-time pharmacists employed at the Employer’s 99 E Main Rd., Middletown, Rhode Island facility (store #493); but excluding pharmacy managers, pharmacy technicians, pharmacy interns, store managers, store associates, confidential employees, managers and guards, and supervisors as defined in the Act.",NA,NA,NA,84,2024-10-01,2024-07-01,"<5",TRUE,"RC","Yes","The Pharmacy Guild a/w International Association of Machinists and Aerospace Workers, AFL-CIO",1,"IAM",1,"Yes",1
"01-RC-346458","Region 01, Boston, Massachusetts","HIGHLANDER CHARTER SCHOOL",2024-07-17,2024-09-06,"Providence","RI","A",2024-08-28,37,NA,"INTERNATIONAL BROTHERHOOD OF ELECTRICAL WORKERS, LOCAL 2323",28,NA,NA,NA,NA,4,32,NA,1,NA,"INTERNATIONAL BROTHERHOOD OF ELECTRICAL WORKERS, LOCAL 2323","Initial","Single Labor Organization","Certific. of Representative","Closed","UNIT AND ELIGIBLE VOTERS. There will be two voting groups in the election.

VOTING GROUP - UNIT A (PROFESSIONAL UNIT):

Included: All full-time and regular part-time certified educators, including teachers, social workers, and speech language pathologists employed by the Employer at its Providence, RI pre-K through grade 6 facility.
Excluded: All non-professional employees, office clerical employees, confidential employees, managers, guards, and supervisors as defined in the Act. 

VOTING GROUP - UNIT B (NON-PROFESSIONAL UNIT):

Included: All full-time and regular part-time paraprofessionals including teacher assistants, occupational therapist assistants, behavior specialists, one-on-one aides, and library aides employed by the Employer at its Providence, RI pre-K through grade 6 facility.
Excluded: All office clerical employees, confidential employees, managers, guards, and professional employees and supervisors as defined in the Act. 

OR

If a majority of voting professionals in Voting Group A vote to be included in a unit with non-professional employees in Voting Group B, the following combined unit is appropriate:

COMBINED UNIT
                                                          
INCLUDED: All full-time and regular part-time certified educators, including teachers, social workers, and speech language pathologists, and paraprofessionals including teacher assistants, occupational therapist assistants, behavior specialists, one-on-one aides, and library aides employed by the Employer at its Providence, RI pre-K through grade 6 facility.
EXCLUDED: All office clerical employees, confidential employees, managers, guards, and supervisors as defined in the Act.",NA,NA,NA,42,2024-07-01,2024-07-01,"26-50",TRUE,"RC","Yes","INTERNATIONAL BROTHERHOOD OF ELECTRICAL WORKERS, LOCAL 2323",1,"IBEW",0.875,"Yes",5
"01-RC-346459","Region 01, Boston, Massachusetts","Highlander Charter School",2024-07-17,2024-08-01,"Providence","RI",NA,NA,4,NA,NA,NA,NA,NA,NA,NA,NA,NA,NA,NA,NA,NA,NA,NA,"Withdrawal Non-adjusted","Closed",NA,NA,NA,NA,NA,NA,2024-07-01,"<5",TRUE,"RC","No",NA,0,"Uncoded",NA,"Other",NA
"01-RC-346332","Region 01, Boston, Massachusetts","Plant Based Compassionate Care, Inc.",2024-07-16,2024-09-17,"Exeter","RI","A",2024-08-13,27,NA,"United Food and Commercial Workers Union Local 328",17,NA,NA,NA,NA,8,25,NA,1,NA,"United Food and Commercial Workers Union Local 328","Initial","Single Labor Organization","Certific. of Representative","Closed","All full-time and regular part-time patient counselors, inventory specialists, inventory associates, and PC leads employed by the Employer at its Exeter, RI location, but excluding all office clerical employees, managers, guards, and professional employees and supervisors as defined in the Act.

Also permitted to vote: The parties agree that the inventory leads may vote in the election, but their ballots will be challenged since their eligibility has not been resolved. No decision has been made regarding whether the individuals in this classification or group are included in or excluded from the bargaining unit. The eligibility or inclusion of these individuals, if any, will be resolved, if necessary, following the election.",NA,NA,NA,28,2024-07-01,2024-07-01,"26-50",TRUE,"RC","Yes","United Food and Commercial Workers Union Local 328",1,"UFCW",0.68,"Yes",2
"01-UC-346114","Region 01, Boston, Massachusetts","Landmark Medical Center",2024-07-11,2024-09-05,"North Providence","RI",NA,NA,300,NA,NA,NA,NA,NA,NA,NA,NA,NA,NA,NA,NA,NA,NA,NA,"Withdrawal Non-adjusted","Closed",NA,NA,NA,NA,NA,NA,2024-07-01,"101-500",TRUE,"UC","No",NA,0,"Uncoded",NA,"Other",NA
"01-RC-342728","Region 01, Boston, Massachusetts","Rhode Island CVS Pharmacy, L.L.C.",2024-05-21,2026-03-23,"Westerly","RI","A",2024-10-17,2,NA,"The Pharmacy Guild a/w International Association of Machinists and Aerospace Workers, AFL-CIO",2,NA,NA,NA,NA,0,2,NA,NA,NA,"The Pharmacy Guild a/w International Association of Machinists and Aerospace Workers, AFL-CIO","Initial","Single Labor Organization","Certific. of Representative","Closed","All full-time and regular part-time pharmacists employed at the Employer’s 151 Franklin St., Westerly, Rhode Island facility (store #1544); but excluding pharmacy managers, pharmacy technicians, pharmacy interns, store managers, store associates, confidential employees, managers and guards, and supervisors as defined in the Act.",NA,NA,NA,149,2024-10-01,2024-04-01,"<5",TRUE,"RC","Yes","The Pharmacy Guild a/w International Association of Machinists and Aerospace Workers, AFL-CIO",1,"IAM",1,"Yes",0
"01-RC-342736","Region 01, Boston, Massachusetts","Rhode Island CVS Pharmacy L.L.C.",2024-05-21,2024-07-05,"Wakefield","RI","A",2024-06-26,11,NA,"The Pharmacy Guild a/w International Association of Machinists and Aerospace Workers, AFL-CIO",8,NA,NA,NA,NA,0,8,NA,NA,NA,"The Pharmacy Guild a/w International Association of Machinists and Aerospace Workers, AFL-CIO","Initial","Single Labor Organization","Certific. of Representative","Closed","Including all full-time and regular part-time pharmacy technicians, shift RX technicians, and lead technicians employed by the Employer at its facility located at 11 Main St, Wakefield, Rhode Island (Store# 2065) but excluding all pharmacy interns, pharmacy managers, store managers, store associates, office clerical employees, confidential employees, managers, guards and supervisors as defined in the Act, and all other employees.",NA,NA,NA,36,2024-04-01,2024-04-01,"11-25",TRUE,"RC","Yes","The Pharmacy Guild a/w International Association of Machinists and Aerospace Workers, AFL-CIO",1,"IAM",1,"Yes",3
"01-RC-340817","Region 01, Boston, Massachusetts","DATTCO, INC.",2024-04-25,2024-05-31,"Burrillville","RI","A",2024-05-23,48,NA,"Teamsters Local 251",24,NA,NA,NA,NA,20,44,NA,NA,NA,"Teamsters Local 251","Initial","Single Labor Organization","Certific. of Representative","Closed","Included: All full-time and regular part-time drivers, aides, and monitors employed by the Employer at its Pascoag, RI facility who perform school transportation work for various school departments, including the Burrillville, Rhode Island School Department. 

Excluded: All clerical employees; confidential employees; dispatchers; mechanics; drivers, aides, and monitors employed by the Employer at its Pascoag, RI facility who perform school transportation work for the Rhode Island Department of Education (RIDE); managers; guards; and professional employees and supervisors as defined in the Act.",NA,NA,NA,28,2024-04-01,2024-04-01,"26-50",TRUE,"RC","Yes","Teamsters Local 251",1,"Teamsters",0.545454545454545,"Yes",4
"01-RD-340394","Region 01, Boston, Massachusetts","West Bay Community Action, Inc.",2024-04-19,2024-05-24,"Warwick","RI",NA,NA,13,NA,NA,NA,NA,NA,NA,NA,NA,NA,NA,NA,NA,NA,NA,NA,"Withdrawal Non-adjusted","Closed",NA,NA,NA,NA,NA,NA,2024-04-01,"11-25",TRUE,"RD","No",NA,0,"Uncoded",NA,"Other",NA
"01-RC-339980","Region 01, Boston, Massachusetts","Rhode Island CVS Pharmacy, L.L.C.",2024-04-12,2026-05-06,"Wakefield","RI","A",2024-05-23,5,NA,"The Pharmacy Guild a/w International Association of Machinists and Aerospace Workers, AFL-CIO",3,NA,NA,NA,NA,1,4,NA,1,"N","The Pharmacy Guild a/w International Association of Machinists and Aerospace Workers, AFL-CIO","Initial","Single Labor Organization","Certific. of Representative","Closed","All full-time and regular part-time Staff Pharmacists and Night Pharmacists employed by the Employer at its Wakefield, RI facility (Store #2065); but excluding pharmacy managers, pharmacy technicians, pharmacy interns, shift supervisors, store managers, managers, store associates, confidential employees, office clerical employees and guards, nonprofessional employees and supervisors as defined in the Act.",NA,NA,NA,41,2024-04-01,2024-04-01,"<5",TRUE,"RC","Yes","The Pharmacy Guild a/w International Association of Machinists and Aerospace Workers, AFL-CIO",1,"IAM",0.75,"Yes",1
"01-RC-339984","Region 01, Boston, Massachusetts","Rhode Island CVS Pharmacy, L.L.C.",2024-04-12,2024-06-03,"Westerly","RI","A",2024-05-23,4,NA,"THE PHARMACY GUILD A/W INTERNATIONAL  ASSOCIATION OF MACHINISTS AND AEROSPACE  WORKERS, AFL-CIO",4,NA,NA,NA,NA,0,4,NA,NA,NA,"THE PHARMACY GUILD A/W INTERNATIONAL  ASSOCIATION OF MACHINISTS AND AEROSPACE  WORKERS, AFL-CIO","Initial","Single Labor Organization","Certific. of Representative","Closed","All full-time and regular part-time Staff Pharmacists and Night Pharmacists employed by the Employer at its Westerly, RI facility (Store #971); but excluding pharmacy managers, pharmacy technicians, pharmacy interns, shift supervisors, store managers, managers, store associates, confidential employees, office clerical employees and guards, nonprofessional employees and supervisors as defined in the Act.",NA,NA,NA,41,2024-04-01,2024-04-01,"<5",TRUE,"RC","Yes","THE PHARMACY GUILD A/W INTERNATIONAL  ASSOCIATION OF MACHINISTS AND AEROSPACE  WORKERS, AFL-CIO",1,"IAM",1,"Yes",0
"01-RC-339606","Region 01, Boston, Massachusetts","Pinnacle Live",2024-04-09,2024-04-16,"Providence","RI",NA,NA,4,NA,NA,NA,NA,NA,NA,NA,NA,NA,NA,NA,NA,NA,NA,NA,"Withdrawal Non-adjusted","Closed",NA,NA,NA,NA,NA,NA,2024-04-01,"<5",TRUE,"RC","No",NA,0,"Uncoded",NA,"Other",NA
"01-RC-338737","Region 01, Boston, Massachusetts","Brown University",2024-03-27,2024-12-20,"Providence","RI",NA,NA,50,NA,NA,NA,NA,NA,NA,NA,NA,NA,NA,NA,NA,NA,NA,NA,"Dismissal Non-adjusted","Closed",NA,NA,NA,NA,NA,NA,2024-01-01,"26-50",TRUE,"RC","No",NA,0,"Uncoded",NA,"Other",NA
"01-RC-335990","Region 01, Boston, Massachusetts","WLNE Providence Operation LLC",2024-02-16,2024-03-28,"Providence","RI","A",2024-03-20,27,NA,"National Association of Broadcast Employees and Technicians - Communications Workers of America, AFL-CIO",22,NA,NA,NA,NA,3,25,NA,NA,NA,"National Association of Broadcast Employees and Technicians - Communications Workers of America, AFL-CIO","Initial","Single Labor Organization","Certific. of Representative","Closed","All full-time and regular part-time Reporters, Meteorologists, Editors, Photographers, Photographers/Editors, Broadcast Producers, Digital Content Producers, Technical Media Operators, and Creative Services employees employed by the Employer at its Providence, Rhode Island facility; but excluding Anchors, Independent Contractors, all other employees, and guards, professional employees, and supervisors as defined in the Act.",NA,NA,NA,33,2024-01-01,2024-01-01,"26-50",TRUE,"RC","Yes","National Association of Broadcast Employees and Technicians - Communications Workers of America, AFL-CIO",1,"NABET",0.88,"Yes",2
"01-RD-336072","Region 01, Boston, Massachusetts","Centrex Distributors",2024-02-12,2024-02-27,"West Greenwich","RI",NA,NA,25,NA,NA,NA,NA,NA,NA,NA,NA,NA,NA,NA,NA,NA,NA,NA,"Withdrawal Non-adjusted","Closed",NA,NA,NA,NA,NA,NA,2024-01-01,"11-25",TRUE,"RD","No",NA,0,"Uncoded",NA,"Other",NA
"01-RC-335022","Region 01, Boston, Massachusetts","UNIVAR SOLUTIONS USA INC.",2024-02-05,2025-05-22,"Providence","RI","A",2024-02-28,41,NA,"INTERNATIONAL BROTHERHOOD OF TEAMSTERS LOCAL 251",19,NA,NA,NA,NA,21,40,NA,NA,NA,NA,"Initial","Single Labor Organization","Withdrawal Non-adjusted","Closed","All full-time and regular part-time delivery specialists, drivers, heavy equipment mechanics, lead material handlers, maintenance workers, material handlers, and tank farm workers, employed by the Employer at its Providence, Rhode Island facility; excluding all lab technicians, operations coordinators, product coordinators, sales account managers, senior sales account managers, corporate account managers, clerical employees, confidential employees, managers, and professional employees, guards, and supervisors as defined in the Act.",NA,NA,NA,23,2024-01-01,2024-01-01,"26-50",TRUE,"RC","Yes","INTERNATIONAL BROTHERHOOD OF TEAMSTERS LOCAL 251",1,"Teamsters",0.475,"Other",1
"01-RC-333187","Region 01, Boston, Massachusetts","Youth Pride, Inc.",2024-01-09,2024-02-05,"Providence","RI","A",2024-01-26,6,NA,"New England Healthcare Employee's Union district 1199 New England",5,NA,NA,NA,NA,1,6,NA,1,NA,"New England Healthcare Employee's Union district 1199 New England","Initial","Single Labor Organization","Certific. of Representative","Closed","Included: All full-time, regular part-time, and per diem Case Management Leads, Administrative Coordinators, Main Center Coordinators, Peer Navigators, GSA Coordinators, and Case Managers
 
Excluded: All Executive Directors, Directors of Youth Services, Development Associates, managers, guards and supervisors as defined in the Act.",NA,NA,NA,17,2024-01-01,2024-01-01,"6-10",TRUE,"RC","Yes","New England Healthcare Employee's Union district 1199 New England",0,"Uncoded",0.833333333333333,"Yes",0
"01-RC-332644","Region 01, Boston, Massachusetts","Brown University",2023-12-28,2024-01-12,"Providence","RI",NA,NA,380,NA,NA,NA,NA,NA,NA,NA,NA,NA,NA,NA,NA,NA,NA,NA,"Withdrawal Non-adjusted","Closed",NA,NA,NA,NA,NA,NA,2023-10-01,"101-500",TRUE,"RC","No",NA,0,"Uncoded",NA,"Other",NA
"01-RC-331065","Region 01, Boston, Massachusetts","Stericycle, Inc.",2023-12-01,2024-04-18,"Woonsocket","RI","A",2024-04-10,12,NA,"International Brotherhood of Teamsters Local 251",12,NA,NA,NA,NA,0,12,NA,NA,NA,"International Brotherhood of Teamsters Local 251","Initial","Single Labor Organization","Certific. of Representative","Closed","Included: All full-time and regular part-time warehouse employees and group leaders employed by the Employer at its 846 Cumberland Hill Road, Woonsocket, RI facility.

Excluded: All clerical employees, confidential employees, and managers, guards, professional employees and supervisors as defined in the Act.",NA,NA,NA,131,2024-04-01,2023-10-01,"11-25",TRUE,"RC","Yes","International Brotherhood of Teamsters Local 251",1,"Teamsters",1,"Yes",0
"01-RM-330785","Region 01, Boston, Massachusetts","Starbucks Corporation",2023-11-27,2024-01-31,"Providence","RI",NA,NA,17,NA,NA,NA,NA,NA,NA,NA,NA,NA,NA,NA,NA,NA,NA,NA,"Dismissal Non-adjusted","Closed",NA,NA,NA,NA,NA,NA,2023-10-01,"11-25",TRUE,"RM","No",NA,0,"Uncoded",NA,"Other",NA
"01-RC-329888","Region 01, Boston, Massachusetts","STARBUCKS CORPORATION",2023-11-13,2023-12-19,"Providence","RI","A",2023-12-11,14,NA,"Workers United a/w SEIU",13,NA,NA,NA,NA,0,13,NA,NA,NA,"Workers United a/w SEIU","Initial","Single Labor Organization","Certific. of Representative","Closed","All full-time and regular part-time baristas and shift supervisors employed by the Employer at its facility located at One Financial Plaza, Providence, RI, but excluding all store managers, assistant store managers, office clerical employees, guards, and professional employees and supervisors as defined in the Act.",NA,NA,NA,28,2023-10-01,2023-10-01,"11-25",TRUE,"RC","Yes","Workers United a/w SEIU",1,"WU",1,"Yes",1
"01-RC-327776","Region 01, Boston, Massachusetts","Transdev Services, Inc.",2023-10-13,2023-11-16,"Providence","RI","A",2023-11-07,49,NA,"International Brotherhood of Teamsters Local 251",36,NA,NA,NA,NA,3,39,NA,3,NA,"International Brotherhood of Teamsters Local 251","Initial","Single Labor Organization","Certific. of Representative","Closed","Included: All full-time and regular part-time shuttle drivers, dispatchers and group leaders.

Excluded: All office clerical employees, managers, guards, professional employees and supervisors as defined in the Act.",NA,NA,NA,25,2023-10-01,2023-10-01,"26-50",TRUE,"RC","Yes","International Brotherhood of Teamsters Local 251",1,"Teamsters",0.923076923076923,"Yes",10
"01-RC-325190","Region 01, Boston, Massachusetts","Prospect Chartercare SJHSRI, LLC, d/b/a Our Lady of Fatima Hospital",2023-09-05,2023-11-02,"North Providence","RI","A",2023-10-25,73,NA,"United Nurses and Allied Professional",37,NA,NA,NA,NA,11,48,NA,3,NA,"United Nurses and Allied Professional","Initial","Single Labor Organization","Certific. of Representative","Closed","Including all full-time and regular part-time professional employees employed by the Employer at its 200 High Street Avenue, Providence, Rhode Island facility; but excluding, directors, and managers, guards and supervisors within the meaning of the Act.",NA,NA,NA,50,2023-10-01,2023-07-01,"51-100",TRUE,"RC","Yes","United Nurses and Allied Professional",0,"Uncoded",0.770833333333333,"Yes",25
"01-RC-325157","Region 01, Boston, Massachusetts","Prospect Chartercare SJHSRI, LLC, d/b/a Our Lady of Fatima Hospital",2023-09-05,2023-11-02,"North Providence","RI","A",2023-10-25,91,NA,"United Nurses and Allied Professionals",54,NA,NA,NA,NA,12,66,NA,4,NA,"United Nurses and Allied Professionals","Initial","Single Labor Organization","Certific. of Representative","Closed","All full-time and regular part-time technical employees employed by the Employer at its 200 High Service Avenue, Providence, Rhode Island facility; but excluding, directors, and managers, guards, professional employees and supervisors within the meaning of the Act.",NA,NA,NA,50,2023-10-01,2023-07-01,"51-100",TRUE,"RC","Yes","United Nurses and Allied Professionals",1,"UNAP",0.818181818181818,"Yes",25
"01-RC-319747","Region 01, Boston, Massachusetts","Summit Medical Compassion Center, Inc. d/b/a RISE Warwick",2023-06-12,2023-07-17,"Warwick","RI","A",2023-07-07,67,NA,"United Food and Commercial Workers Union Local 328",50,NA,NA,NA,NA,6,56,NA,1,NA,"United Food and Commercial Workers Union Local 328","Initial","Single Labor Organization","Certific. of Representative","Closed","All full-time and regular part-time personal care specialists employed by the employer at its 380 Jefferson Blvd, Warwick, RI location, but excluding confidential employees, managers, professional employees, and guards and supervisors as defined by the Act.",NA,NA,NA,25,2023-07-01,2023-04-01,"51-100",TRUE,"RC","Yes","United Food and Commercial Workers Union Local 328",1,"UFCW",0.892857142857143,"Yes",11
"01-RC-317323","Region 01, Boston, Massachusetts","Rhode Island School of Design",2023-05-04,2023-05-09,"Providence","RI",NA,NA,3,NA,NA,NA,NA,NA,NA,NA,NA,NA,NA,NA,NA,NA,NA,NA,"Withdrawal Non-adjusted","Closed",NA,NA,NA,NA,NA,NA,2023-04-01,"<5",TRUE,"RC","No",NA,0,"Uncoded",NA,"Other",NA
"01-RC-316665","Region 01, Boston, Massachusetts","Brown University",2023-04-24,2023-04-28,"Providence","RI",NA,NA,3,NA,NA,NA,NA,NA,NA,NA,NA,NA,NA,NA,NA,NA,NA,NA,"Withdrawal Non-adjusted","Closed",NA,NA,NA,NA,NA,NA,2023-04-01,"<5",TRUE,"RC","No",NA,0,"Uncoded",NA,"Other",NA
"01-RC-313790","Region 01, Boston, Massachusetts","Cargill Meat Solutions Corporation",2023-03-10,2023-05-01,"North Kingstown","RI","A",2023-04-24,529,4,"United Food and Commercial Workers Local 328",191,NA,NA,NA,NA,267,458,NA,11,NA,"Cargill Meat Solutions Corporation","Initial","Single Labor Organization","Certification of Results","Closed","Included: All full-time and regular part-time production, shipping, and receiving employees employed by the Employer at its North Kingstown, Rhode Island facility. 

Excluded: All maintenance department employees, quality assurance employees, mechanics, confidential employees, clerical employees, all other employees, managers, guards, professional employees, and supervisors as defined in the Act.",NA,NA,NA,45,2023-04-01,2023-01-01,"500>",TRUE,"RC","Yes","United Food and Commercial Workers Local 328",1,"UFCW",0.417030567685589,"No",71
"01-RC-311314","Region 01, Boston, Massachusetts","Prospect CharterCare SJHSRl, LLC d/b/a Our Lady of Fatima CharterCARE",2023-01-31,2023-04-11,"Providence","RI","A",2023-04-11,8,NA,"United Nurses and Allied Professionals",5,NA,NA,NA,NA,3,8,NA,NA,NA,"United Nurses and Allied Professionals","Initial","Revised Single Labor Org","Certific. of Representative","Closed","Included:  All full-time and part-time skilled maintenance and maintenance employees.  

Excluded: All office clerical employees, managers, directors, guards, and supervisors as defined by the Act.",NA,NA,NA,70,2023-04-01,2023-01-01,"6-10",TRUE,"RC","Yes","United Nurses and Allied Professionals",1,"UNAP",0.625,"Yes",0
"01-RC-311314","Region 01, Boston, Massachusetts","Prospect CharterCare SJHSRl, LLC d/b/a Our Lady of Fatima CharterCARE",2023-01-31,2023-04-11,"Providence","RI","A",2023-01-31,8,NA,"United Nurses and Allied Professionals",5,NA,NA,NA,NA,3,10,NA,2,"Y",NA,"Initial","Single Labor Organization","Certific. of Representative","Closed","Included:  All full-time and part-time skilled maintenance and maintenance employees.  

Excluded: All office clerical employees, managers, directors, guards, and supervisors as defined by the Act.",NA,NA,NA,0,2023-01-01,2023-01-01,"6-10",FALSE,"RC","Yes","United Nurses and Allied Professionals",1,"UNAP",0.625,"Yes",0
"01-RC-310166","Region 01, Boston, Massachusetts","Brown University",2023-01-11,2023-03-10,"Providence","RI","A",2023-03-02,541,NA,"GRADUATE LABOR ORGANIZATION, RIFT-AFT LOCAL 6516",303,NA,NA,NA,NA,28,331,NA,6,NA,"GRADUATE LABOR ORGANIZATION, RIFT-AFT LOCAL 6516","Initial","Single Labor Organization","Certific. of Representative","Closed","Included: All Undergraduate Teaching Assistants (UTAs), Head Teaching Assistants (HTAs), and Meta Teaching Assistants (MTAs) employed in the Department of Computer Science at Brown University. 

Excluded: All managers, and guards, professional employees and supervisors as defined in the Act.",NA,NA,NA,50,2023-01-01,2023-01-01,"500>",TRUE,"RC","Yes","GRADUATE LABOR ORGANIZATION, RIFT-AFT LOCAL 6516",1,"AFT",0.915407854984894,"Yes",210
"01-RC-310062","Region 01, Boston, Massachusetts","Durham School Services, L.P.",2023-01-10,2023-02-21,"Providence","RI","A",2023-02-08,41,NA,"Amalgamated Transit Union Division 618",23,NA,NA,NA,NA,17,40,NA,NA,NA,"Amalgamated Transit Union Division 618","Initial","Single Labor Organization","Certific. of Representative","Closed","­All full-time and regular part-time employees employed at the Employer’s facility located at 50 Houghton Street, Providence, Rhode Island; but excluding all managers, guards and professional employees and supervisors as defined by the Act.",NA,NA,NA,29,2023-01-01,2023-01-01,"26-50",TRUE,"RC","Yes","Amalgamated Transit Union Division 618",1,"ATU",0.575,"Yes",1
"01-RC-307687","Region 01, Boston, Massachusetts","Brown University",2022-11-22,2023-02-09,"Providence","RI","A",2023-01-30,6,NA,"United Service and Allied Workers of Rhode Island",6,NA,NA,NA,NA,0,6,NA,NA,NA,"United Service and Allied Workers of Rhode Island","Initial","Single Labor Organization","Certific. of Representative","Closed","INCLUDED: All full-time and regular part-time Communications Technicians II, Communications Technicians III, and Senior Communications Technicians III employed at Brown University.

EXCLUDED: Office clerical employees, managers, guards, professional employees, and supervisors as defined in the Act.",NA,NA,NA,69,2023-01-01,2022-10-01,"6-10",TRUE,"RC","Yes","United Service and Allied Workers of Rhode Island",0,"Uncoded",1,"Yes",0
"01-RC-307517","Region 01, Boston, Massachusetts","Savoy Bookshop & Café, Inc.",2022-11-21,2022-12-01,"Westerly","RI",NA,NA,9,NA,NA,NA,NA,NA,NA,NA,NA,NA,NA,NA,NA,NA,NA,NA,"Withdrawal Non-adjusted","Closed",NA,NA,NA,NA,NA,NA,2022-10-01,"6-10",TRUE,"RC","No",NA,0,"Uncoded",NA,"Other",NA
"01-RC-306571","Region 01, Boston, Massachusetts","Centrex Distributors, Inc.",2022-11-04,2022-12-29,"West Greenwich","RI","A",2022-12-20,3,NA,"International Brotherhood of Teamsters Local 251",3,NA,NA,NA,NA,0,3,NA,NA,NA,"International Brotherhood of Teamsters Local 251","Initial","Single Labor Organization","Certific. of Representative","Closed","All full-time and regular part-time mechanics and maintenance mechanics employed by the Employer at its 119 Hopkins Hill Road, West Greenwich, Rhode Island facility; but excluding managers, office clerical employees and guards, professional employees and supervisors as defined in the Act. 

If a majority of valid ballots are cast for the Petitioner, they will be taken to have indicated the employees’ desire to be included in the existing unit of drivers, drivers’ helpers and warehousemen currently represented by the Petitioner. If a majority of valid ballots are not cast for representation, they will be taken to have indicated the employees’ desire to remain unrepresented.",NA,NA,NA,46,2022-10-01,2022-10-01,"<5",TRUE,"RC","Yes","International Brotherhood of Teamsters Local 251",1,"Teamsters",1,"Yes",0
"01-RC-305104","Region 01, Boston, Massachusetts","Brown University",2022-10-13,2024-08-09,"Providence","RI",NA,NA,34,NA,NA,NA,NA,NA,NA,NA,NA,NA,NA,NA,NA,NA,NA,NA,"Dismissal Non-adjusted","Closed",NA,NA,NA,NA,NA,NA,2022-10-01,"26-50",TRUE,"RC","No",NA,0,"Uncoded",NA,"Other",NA
"01-RC-301288","Region 01, Boston, Massachusetts","Nova Technologies",2022-08-12,2022-08-30,"North Kingstown","RI",NA,NA,4,NA,NA,NA,NA,NA,NA,NA,NA,NA,NA,NA,NA,NA,NA,NA,"Withdrawal Non-adjusted","Closed",NA,NA,NA,NA,NA,NA,2022-07-01,"<5",TRUE,"RC","No",NA,0,"Uncoded",NA,"Other",NA
"01-RC-300947","Region 01, Boston, Massachusetts","Chartwells Schools Dining Services",2022-08-08,2022-08-30,"North Providence","RI",NA,NA,30,NA,NA,NA,NA,NA,NA,NA,NA,NA,NA,NA,NA,NA,NA,NA,"Withdrawal Non-adjusted","Closed",NA,NA,NA,NA,NA,NA,2022-07-01,"26-50",TRUE,"RC","No",NA,0,"Uncoded",NA,"Other",NA
"01-RC-297471","Region 01, Boston, Massachusetts","Seven Stars Bakery LLC",2022-06-10,2022-06-28,"Providence","RI",NA,NA,18,NA,NA,NA,NA,NA,NA,NA,NA,NA,NA,NA,NA,NA,NA,NA,"Withdrawal Adjusted","Closed",NA,NA,NA,NA,NA,NA,2022-04-01,"11-25",TRUE,"RC","No",NA,0,"Uncoded",NA,"Other",NA
"01-RC-297464","Region 01, Boston, Massachusetts","Seven Stars Bakery LLC",2022-06-10,2022-06-28,"Providence","RI",NA,NA,20,NA,NA,NA,NA,NA,NA,NA,NA,NA,NA,NA,NA,NA,NA,NA,"Withdrawal Adjusted","Closed",NA,NA,NA,NA,NA,NA,2022-04-01,"11-25",TRUE,"RC","No",NA,0,"Uncoded",NA,"Other",NA
"01-RC-297452","Region 01, Boston, Massachusetts","Seven Stars Bakery LLC",2022-06-10,2022-06-28,"Providence","RI",NA,NA,25,NA,NA,NA,NA,NA,NA,NA,NA,NA,NA,NA,NA,NA,NA,NA,"Withdrawal Adjusted","Closed",NA,NA,NA,NA,NA,NA,2022-04-01,"11-25",TRUE,"RC","No",NA,0,"Uncoded",NA,"Other",NA
"01-RC-294789","Region 01, Boston, Massachusetts","LAZ Parking Limited, LLC",2022-04-27,2022-06-17,"Warwick","RI","A",2022-06-09,6,NA,"International Brotherhood of Teamsters Local 251",5,NA,NA,NA,NA,0,5,NA,NA,NA,"International Brotherhood of Teamsters Local 251","Initial","Single Labor Organization","Certific. of Representative","Closed","All full-time and regular part-time hourly supervisors employed by the Employer at its Warwick, RI facility; but excluding managers, office clerical employees and guards, professional employees and supervisors as defined in the Act.",NA,NA,NA,43,2022-04-01,2022-04-01,"6-10",TRUE,"RC","Yes","International Brotherhood of Teamsters Local 251",1,"Teamsters",1,"Yes",1
"01-RC-293595","Region 01, Boston, Massachusetts","Starbucks Corporation",2022-04-06,2022-09-09,"Warwick","RI","A",2022-08-31,30,1,"Workers United",9,NA,NA,NA,NA,9,18,NA,1,NA,NA,"Initial","Revised Single Labor Org","Certification of Results","Closed","All full-time and regular part-time baristas and shift supervisors employed by the Employer at its 25 Pace Blvd, Warwick, RI 02886 facility (Store #7430); but excluding store managers, office clerical employees and guards, professional employees and supervisors as defined in the Act.

Others permitted to vote: The parties have agreed that Assistant Store Managers may vote in the election but their ballots may be challenged since their eligibility has not been resolved.  No decision has been made regarding whether the individuals in these classifications or groups are included in, or excluded from, the bargaining unit.  The eligibility or inclusion of these individuals will be resolved, if necessary, following the election.",NA,NA,NA,147,2022-07-01,2022-04-01,"26-50",TRUE,"RC","Yes","Workers United",1,"WU",0.5,"No",12
"01-RC-293595","Region 01, Boston, Massachusetts","Starbucks Corporation",2022-04-06,2022-09-09,"Warwick","RI","A",2022-04-06,30,1,"Workers United",9,NA,NA,NA,NA,8,17,NA,2,NA,NA,"Initial","Single Labor Organization","Certification of Results","Closed","All full-time and regular part-time baristas and shift supervisors employed by the Employer at its 25 Pace Blvd, Warwick, RI 02886 facility (Store #7430); but excluding store managers, office clerical employees and guards, professional employees and supervisors as defined in the Act.

Others permitted to vote: The parties have agreed that Assistant Store Managers may vote in the election but their ballots may be challenged since their eligibility has not been resolved.  No decision has been made regarding whether the individuals in these classifications or groups are included in, or excluded from, the bargaining unit.  The eligibility or inclusion of these individuals will be resolved, if necessary, following the election.",NA,NA,NA,0,2022-04-01,2022-04-01,"26-50",FALSE,"RC","Yes","Workers United",1,"WU",0.529411764705882,"No",13
"01-RC-291134","Region 01, Boston, Massachusetts","Linde Gas & Equipment, Inc.",2022-02-24,2022-04-19,"Cranston","RI","A",2022-04-11,5,NA,"INTERNATIONAL BROTHERHOOD OF TEAMSTERS LOCAL 251",3,NA,NA,NA,NA,2,5,NA,NA,NA,"INTERNATIONAL BROTHERHOOD OF TEAMSTERS LOCAL 251","Initial","Single Labor Organization","Certific. of Representative","Closed","Included: All full-time and regular part-time drivers, dockworkers and fillers employed by the Employer at its 1425 Park Avenue, Cranston, RI facility.
Excluded: Managers, and guards, professional employees and supervisors as defined in the Act.",NA,NA,NA,46,2022-04-01,2022-01-01,"<5",TRUE,"RC","Yes","INTERNATIONAL BROTHERHOOD OF TEAMSTERS LOCAL 251",1,"Teamsters",0.6,"Yes",0
"01-RC-288207","Region 01, Boston, Massachusetts","Prospect Chartercare RWMC, LLC",2021-12-28,2022-03-09,"Providence","RI","A",2022-03-01,214,3,"UNITED NURSES & ALLIED PROFESSIONALS",92,NA,NA,NA,NA,47,139,NA,6,NA,"UNITED NURSES & ALLIED PROFESSIONALS","Initial","Single Labor Organization","Certific. of Representative","Closed","Including: All full-time, regular part-time, and per diem Registered Nurses employed by the Employer at its 825 Chalkstone Avenue, Providence, Rhode Island location. 

Excluding: Nurse Practitioners; Clinical Nurse Specialists; ED Care Navigators – RWMC; Clinical Lead, Cancer Center; Wound Care Specialist; Clinical Research Nurse; Resource Registered Nurse; managers; and guards and supervisors as defined by the Act

Also eligible to vote are all employees in the unit who have worked an average of four (4) hours or more per week during the 13 weeks immediately preceding the eligibility date for the election.",NA,NA,NA,63,2022-01-01,2021-10-01,"101-500",TRUE,"RC","Yes","UNITED NURSES & ALLIED PROFESSIONALS",1,"UNAP",0.661870503597122,"Yes",75
"01-RC-287879","Region 01, Boston, Massachusetts","Rhode Island School of Design",2021-12-17,2022-02-23,"Providence","RI","A",2022-02-14,61,1,"International Brotherhood of Teamsters Local 251",52,NA,NA,NA,NA,4,56,NA,1,NA,"International Brotherhood of Teamsters Local 251","Initial","Single Labor Organization","Certific. of Representative","Closed","All full-time and regular part-time custodians, lead custodians, groundkeepers, caretakers, movers, and President’s House Facilities Coordinators employed by the Employer at its Providence, Rhode Island campus, but excluding all office employees, and guards, professional employees and supervisors as defined in the Act.",NA,NA,NA,59,2022-01-01,2021-10-01,"51-100",TRUE,"RC","Yes","International Brotherhood of Teamsters Local 251",1,"Teamsters",0.928571428571429,"Yes",5
"01-RC-286493","Region 01, Boston, Massachusetts","First Transit, Inc.",2021-11-18,2022-01-26,"Exeter","RI","A",2022-01-18,14,NA,"Amalgamated Transit Union Division 618",9,NA,NA,NA,NA,0,0,NA,NA,NA,"Amalgamated Transit Union Division 618","Initial","Single Labor Organization","Certific. of Representative","Closed","All full-time and regular part-time employees employed by the Employer at its 100 Exeter Road, Exeter, Rhode Island facility, excluding office clericals, managers, guards, and professional employees and supervisors as defined in the Act.",NA,NA,NA,61,2022-01-01,2021-10-01,"11-25",TRUE,"RC","Yes","Amalgamated Transit Union Division 618",1,"ATU",NA,"Yes",5
"01-RD-277253","Region 01, Boston, Massachusetts","J.F. Moran Trucking Company, Inc.",2021-05-18,2021-07-07,"Smithfield","RI","A",2021-06-28,5,3,"INTERNATIONAL BROTHERHOOD OF TEAMSTERS LOCAL 251",1,NA,NA,NA,NA,3,4,NA,NA,NA,"INTERNATIONAL BROTHERHOOD OF TEAMSTERS LOCAL 251","Initial","Single Labor Organization","Certification of Results","Closed","All full-time and regular part-time drivers and warehouse employees employed by the Employer at its Smithfield, RI facility; but excluding guards, and professional employees and supervisors as defined in the Act.",NA,NA,NA,41,2021-04-01,2021-04-01,"<5",TRUE,"RD","Yes","INTERNATIONAL BROTHERHOOD OF TEAMSTERS LOCAL 251",1,"Teamsters",0.25,"No",1
"01-RD-275595","Region 01, Boston, Massachusetts","UTGR, Inc. d/b/a Twin River Casino Hotel",2021-04-14,2021-06-21,"Lincoln","RI","A",2021-06-09,509,16,"LIUNA, LOCAL UNION 711",126,NA,NA,NA,NA,43,183,NA,14,NA,"LIUNA, LOCAL UNION 711","Initial","Single Labor Organization","Certific. of Representative","Closed","All full-time and regular part-time table games dealers employed by the Employer at its facilities at 100 Twin River Road, Lincoln, RI and 77 Tiverton Casino Blvd., Tiverton, RI; excluding all managers, confidential employees, clerical employees, guards and professional employees and supervisors as defined in the Act, and all other employees.",NA,NA,NA,56,2021-04-01,2021-04-01,"500>",TRUE,"RD","Yes","LIUNA, LOCAL UNION 711",1,"LIUNA",0.745562130177515,"Yes",340
"01-RC-275103","Region 01, Boston, Massachusetts","Nova Technologies",2021-04-02,2021-04-16,"North Kingstown","RI",NA,NA,2,NA,NA,NA,NA,NA,NA,NA,NA,NA,NA,NA,NA,NA,NA,NA,"Withdrawal Non-adjusted","Closed",NA,NA,NA,NA,NA,NA,2021-04-01,"<5",TRUE,"RC","No",NA,0,"Uncoded",NA,"Other",NA
"01-RC-274917","Region 01, Boston, Massachusetts","Brown University",2021-03-31,2021-05-28,"Providence","RI","A",2021-05-20,12,10,"International Brotherhood of Police Officers",10,NA,NA,NA,NA,0,0,NA,NA,NA,"International Brotherhood of Police Officers","Initial","Single Labor Organization","Certific. of Representative","Closed","All full-time and regular part-time police sergeants employed by the Employer, but excluding building guards, public safety officers, security officers, campus building guards, campus police officers, communications control officers, office clerical employees, managers, and professional employees and supervisors as defined in the Act.",NA,NA,NA,50,2021-04-01,2021-01-01,"11-25",TRUE,"RC","Yes","International Brotherhood of Police Officers",0,"Uncoded",NA,"Yes",2
"01-RC-274690","Region 01, Boston, Massachusetts","THE WESTERLY AMBULANCE CORPS, INC.",2021-03-25,2021-05-28,"Westerly","RI","A",2021-05-20,29,NA,"INTERNATIONAL ASSOCIATION OF EMT'S AND PARAMEDIC'S, LOCAL RI-294/SEIU LOCAL 5000",15,NA,NA,NA,NA,0,15,NA,NA,NA,"INTERNATIONAL ASSOCIATION OF EMT'S AND PARAMEDIC'S, LOCAL RI-294/SEIU LOCAL 5000","Initial","Single Labor Organization","Certific. of Representative","Closed","All full-time, regular part-time, and per diem Emergency Medical Technicians (EMTs) and Paramedics employed by the Employer at all its bases and satellite
locations, but excluding all other employees, guards, and professional employees and supervisors as defined in the Act.",NA,NA,NA,56,2021-04-01,2021-01-01,"26-50",TRUE,"RC","Yes","INTERNATIONAL ASSOCIATION OF EMT'S AND PARAMEDIC'S, LOCAL RI-294/SEIU LOCAL 5000",1,"SEIU",1,"Yes",14
"01-RC-273550","Region 01, Boston, Massachusetts","Prospect RI Home Health and Hospice, LLC",2021-03-03,2021-05-03,"Providence","RI","A",2021-04-23,13,NA,"UNITED NURSES AND ALLIED PROFESSIONALS",8,NA,NA,NA,NA,4,12,NA,NA,NA,"UNITED NURSES AND ALLIED PROFESSIONALS","Initial","Single Labor Organization","Certific. of Representative","Closed","Included: All full-time, regular part-time and per diem employees employed by Prospect RI Home Health and Hospice, LLC in the following titles: Clinical Support Specialist, (LPN), Licensed Practical Nurse. (COTA/L), Certified Occupational Therapy Assistant, (CNA) Certified Nursing Assistant, (PTA) Physical Therapist Assistant, and Scheduling Coordinator.

Excluded: All office clerical employees, confidential employees, managers, guards and professional employees and supervisors as defined in the Act.",NA,NA,NA,51,2021-04-01,2021-01-01,"11-25",TRUE,"RC","Yes","UNITED NURSES AND ALLIED PROFESSIONALS",1,"UNAP",0.666666666666667,"Yes",1
"01-RC-273537","Region 01, Boston, Massachusetts","Prospect RI Home Health and Hospice, LLC",2021-03-03,2021-05-03,"Providence","RI","A",2021-04-23,41,NA,"United Nurses and Allied Professionals",23,NA,NA,NA,NA,13,36,NA,2,NA,"United Nurses and Allied Professionals","Initial","Single Labor Organization","Certific. of Representative","Closed","Included:  All full-time, regular part-time and per diem professional employees employed by the Employer in the positions of Registered Nurse, Occupational Therapist, Physical Therapist, (SLP) Speech Language Pathologist, and Case Manager. 

Excluded: All office clerical employees, confidential employees, managers, guards and supervisors as defined in the Act.",NA,NA,NA,51,2021-04-01,2021-01-01,"26-50",TRUE,"RC","Yes","United Nurses and Allied Professionals",1,"UNAP",0.638888888888889,"Yes",5
"01-RD-272836","Region 01, Boston, Massachusetts","Women & Infants",2021-02-17,2021-03-03,"Providence","RI",NA,NA,40,NA,NA,NA,NA,NA,NA,NA,NA,NA,NA,NA,NA,NA,NA,NA,"Withdrawal Non-adjusted","Closed",NA,NA,NA,NA,NA,NA,2021-01-01,"26-50",TRUE,"RD","No",NA,0,"Uncoded",NA,"Other",NA
"01-RC-272753","Region 01, Boston, Massachusetts","Greenleaf Compassionate Care Center, Inc.",2021-02-16,2021-04-13,"Portsmouth","RI","A",2021-04-05,28,1,"United Food and Commercial Workers Union Local 328",21,NA,NA,NA,NA,1,22,NA,3,NA,"United Food and Commercial Workers Union Local 328","Initial","Single Labor Organization","Certific. of Representative","Closed","All full-time and regular part-time employees employed by the Employer at its Portsmouth, Rhode Island location, including budtenders, keyholders, online orderers and delivery associates, but excluding security, guards, retail managers, assistant retail managers, heads of delivery, executive assistants to the CEO, and managers, and supervisors and professional employees as defined in the Act.",NA,NA,NA,48,2021-04-01,2021-01-01,"26-50",TRUE,"RC","Yes","United Food and Commercial Workers Union Local 328",1,"UFCW",0.954545454545455,"Yes",6
"01-UC-271746","Region 01, Boston, Massachusetts","Northeast Transportation Services, LLC",2021-01-25,2021-03-09,"Pawtucket","RI",NA,NA,55,NA,NA,NA,NA,NA,NA,NA,NA,NA,NA,NA,NA,NA,NA,NA,"Withdrawal Non-adjusted","Closed",NA,NA,NA,NA,NA,NA,2021-01-01,"51-100",TRUE,"UC","No",NA,0,"Uncoded",NA,"Other",NA
"01-RC-271628","Region 01, Boston, Massachusetts","Northeast Beverage Corp. of Rhode Island",2021-01-21,2021-02-16,"Warwick","RI",NA,NA,5,NA,NA,NA,NA,NA,NA,NA,NA,NA,NA,NA,NA,NA,NA,NA,"Withdrawal Non-adjusted","Closed",NA,NA,NA,NA,NA,NA,2021-01-01,"<5",TRUE,"RC","No",NA,0,"Uncoded",NA,"Other",NA
"01-RC-270932","Region 01, Boston, Massachusetts","Milro Group, LLC",2021-01-05,2021-02-04,"East Greenwich","RI",NA,NA,4,NA,NA,NA,NA,NA,NA,NA,NA,NA,NA,NA,NA,NA,NA,NA,"Withdrawal Non-adjusted","Closed",NA,NA,NA,NA,NA,NA,2021-01-01,"<5",TRUE,"RC","No",NA,0,"Uncoded",NA,"Other",NA
"01-RC-270184","Region 01, Boston, Massachusetts","Stericycle, Inc. d/b/a Shred-It",2020-12-14,2021-02-23,"Pawtucket","RI","A",2021-02-12,20,NA,"INTERNATIONAL BROTHERHOOD OF TEAMSTERS LOCAL 251",13,NA,NA,NA,NA,2,15,NA,2,NA,"INTERNATIONAL BROTHERHOOD OF TEAMSTERS LOCAL 251","Initial","Single Labor Organization","Certific. of Representative","Closed","INCLUDED: All full-time and regular part-time truck drivers and drivers helpers employed at the 680 Narragansett Park Drive, Pawtucket, RI, facility.

EXCLUDED: All office clerical employees, sales representatives, dispatchers, dispatch analysts, data analysts, warehouse employees, managers and  guards, and professional employees and supervisors as defined in the Act.",NA,NA,NA,60,2021-01-01,2020-10-01,"11-25",TRUE,"RC","Yes","INTERNATIONAL BROTHERHOOD OF TEAMSTERS LOCAL 251",1,"Teamsters",0.866666666666667,"Yes",5
"01-RC-267845","Region 01, Boston, Massachusetts","Rhode Island LFG Genco, LLC",2020-10-20,2020-12-31,"Johnston","RI","A",2020-12-22,8,NA,"International Union of Operating Engineers, Local 877",4,NA,NA,NA,NA,3,7,NA,NA,NA,"International Union of Operating Engineers, Local 877","Initial","Single Labor Organization","Certific. of Representative","Closed","All full-time and regular part-time rotating-shift control room operators and operating technicians employed by the Employer at its Johnston, Rhode Island facility; but excluding senior technicians, mechanical; instrument and electrical maintenance technicians; instrument and electrical maintenance senior technicians; professional employees; managerial employees; confidential employees; guards; supervisors as defined by the Act; and all other employees.",NA,NA,NA,63,2020-10-01,2020-10-01,"6-10",TRUE,"RC","Yes","International Union of Operating Engineers, Local 877",1,"IUOE",0.571428571428571,"Yes",1
"01-RC-266848","Region 01, Boston, Massachusetts","Durham School Services, L.P.",2020-09-30,2020-12-02,"Greenville","RI","A",2020-11-20,43,NA,"INTERNATIONAL BROTHERHOOD OF TEAMSTERS LOCAL 251",32,NA,NA,NA,NA,4,36,NA,6,NA,"INTERNATIONAL BROTHERHOOD OF TEAMSTERS LOCAL 251","Initial","Single Labor Organization","Certific. of Representative","Closed","INCLUDED: All full time and regular part time bus drivers, monitors and aides employed at the 10 Lark Industrial Drive, Greenville, RI facility.

EXCLUDED: All office clerical employees, mechanics, professional employees, shuttle drivers, sedan drivers, shop head mechanics, dispatches, payroll clerks, guards and supervisors as defined in the Act.",NA,NA,NA,51,2020-10-01,2020-07-01,"26-50",TRUE,"RC","Yes","INTERNATIONAL BROTHERHOOD OF TEAMSTERS LOCAL 251",1,"Teamsters",0.888888888888889,"Yes",7
"01-RD-266718","Region 01, Boston, Massachusetts","Durham D&M LLC",2020-09-28,2020-12-22,"Cumberland","RI","A",2020-12-14,111,2,"United Food and Commercial Workers Union Local 328",55,NA,NA,NA,NA,34,89,NA,7,NA,"United Food and Commercial Workers Union Local 328","Initial","Single Labor Organization","Certific. of Representative","Closed","Included: All full time and part time bus drivers, monitors and aides employed by the Employer at its Cumberland, Rhode Island location. 
Excluded: All other employees, office clerical employees, mechanics, dispatchers, professional employees, guards and supervisors as defined in the Act.",NA,NA,NA,77,2020-10-01,2020-07-01,"101-500",TRUE,"RD","Yes","United Food and Commercial Workers Union Local 328",1,"UFCW",0.617977528089888,"Yes",22
"01-WH-266646","Region 01, Boston, Massachusetts","White Electric Coffee - (Voluntary Recognition)",2020-09-25,2020-11-09,"Providence","RI",NA,NA,13,NA,NA,NA,NA,NA,NA,NA,NA,NA,NA,NA,NA,NA,NA,NA,"Certific. of Representative","Closed",NA,NA,NA,NA,NA,NA,2020-07-01,"11-25",TRUE,"WH","No",NA,0,"Uncoded",NA,"Yes",NA
"01-RD-266513","Region 01, Boston, Massachusetts","DURHAM SCHOOL SERVICES",2020-09-23,2020-09-24,"Cumberland","RI",NA,NA,139,NA,NA,NA,NA,NA,NA,NA,NA,NA,NA,NA,NA,NA,NA,NA,"Withdrawal Non-adjusted","Closed",NA,NA,NA,NA,NA,NA,2020-07-01,"101-500",TRUE,"RD","No",NA,0,"Uncoded",NA,"Other",NA
"01-RC-265825","Region 01, Boston, Massachusetts","First Student, Inc.",2020-09-09,2020-11-24,"North Scituate","RI","A",2020-11-16,15,NA,"INTERNATIONAL BROTHERHOOD OF TEAMSTERS LOCAL 251",14,NA,NA,NA,NA,0,14,NA,NA,NA,"INTERNATIONAL BROTHERHOOD OF TEAMSTERS LOCAL 251","Initial","Single Labor Organization","Certific. of Representative","Closed","All full-time and regular part-time school bus drivers employed by the Employer at its Scituate, RI facility excluding office clerical employees, confidential employees, professional employees, dispatchers, mechanics, technicians, managers, guards, and supervisors as defined by the Act.",NA,NA,NA,68,2020-10-01,2020-07-01,"11-25",TRUE,"RC","Yes","INTERNATIONAL BROTHERHOOD OF TEAMSTERS LOCAL 251",1,"Teamsters",1,"Yes",1
"01-RC-264202","Region 01, Boston, Massachusetts","Stericycle, Inc.",2020-08-06,2020-10-08,"Woonsocket","RI","A",2020-09-30,34,NA,"INTERNATIONAL BROTHERHOOD OF TEAMSTERS LOCAL 251",20,NA,NA,NA,NA,11,0,NA,NA,NA,"INTERNATIONAL BROTHERHOOD OF TEAMSTERS LOCAL 251","Initial","Single Labor Organization","Certific. of Representative","Closed","Included: All full-time and regular part-time route manager drivers and long haul drivers employed by the employer at its 846 Cumberland Hill Rd., Woonsocket, RI facility.

Excluded: All clerical employees, confidential employees, managers, guards and supervisors as defined in the Act.",NA,NA,NA,55,2020-07-01,2020-07-01,"26-50",TRUE,"RC","Yes","INTERNATIONAL BROTHERHOOD OF TEAMSTERS LOCAL 251",1,"Teamsters",NA,"Yes",3
"01-RC-263360","Region 01, Boston, Massachusetts","Johnson Brothers of Rhode Island, Inc.",2020-07-22,2020-09-22,"North Kingstown","RI","A",2020-09-14,12,NA,"INTERNATIONAL BROTHERHOOD OF TEAMSTERS LOCAL 251",7,NA,NA,NA,NA,4,11,NA,NA,NA,"INTERNATIONAL BROTHERHOOD OF TEAMSTERS LOCAL 251","Initial","Single Labor Organization","Certific. of Representative","Closed","All full-time and regular part-time drivers, driver helpers and warehouse employees employed by the Employer at its North Kingstown, RI facility; but excluding driver helpers/merchandisers, merchandisers and guards, professional employees and supervisors as defined in the Act.",NA,NA,NA,54,2020-07-01,2020-07-01,"11-25",TRUE,"RC","Yes","INTERNATIONAL BROTHERHOOD OF TEAMSTERS LOCAL 251",1,"Teamsters",0.636363636363636,"Yes",1
"01-RC-257923","Region 01, Boston, Massachusetts","Compass Group USA, Inc., d/b/a Chartwells School Dining Services",2020-03-12,2020-06-22,"Providence","RI","A",2020-06-08,15,NA,"UNITE HERE Local 26",12,NA,NA,NA,NA,2,14,NA,NA,NA,"UNITE HERE Local 26","Initial","Single Labor Organization","Certific. of Representative","Closed","All full-time and regular part-time food service workers and lead food service workers employed by the Employer in the Smithfield, Rhode Island K-12 School District; but excluding all clerical employees, confidential employees, managers, guards, supervisors as defined by the Act, and all other employees.",NA,NA,NA,88,2020-04-01,2020-01-01,"11-25",TRUE,"RC","Yes","UNITE HERE Local 26",1,"UNITE HERE",0.857142857142857,"Yes",1
"01-RC-257363","Region 01, Boston, Massachusetts","First Transit, Inc.",2020-03-03,2020-10-05,"Providence","RI","A",2020-09-25,14,2,"Amalgamated Transit Union Division 618",4,NA,NA,NA,NA,4,8,NA,NA,NA,NA,"Initial","Revised Single Labor Org","Certification of Results","Closed","Bargaining Unit:  All full-time and regular part-time bus drivers employed by the Employer at its 100 Exeter Road, Exeter, RI lot servicing the University of Rhode Island Kingston campus, excluding all other employees, temporary employees, office and clerical employees, managers, guards, confidential employees, professional employees, and supervisors as defined by the Act.  
 
Others Permitted to Vote:  The parties agree the position of Operations Supervisor will vote but their ballots will be challenged since their eligibility has not been resolved. No decision has been made regarding whether the individuals in this classification are included in, or excluded from, the bargaining unit. The eligibility or inclusion of these individuals will be resolved, if necessary, following the election.",NA,NA,NA,206,2020-07-01,2020-01-01,"11-25",TRUE,"RC","Yes","Amalgamated Transit Union Division 618",1,"ATU",0.5,"No",6
"01-RC-257363","Region 01, Boston, Massachusetts","First Transit, Inc.",2020-03-03,2020-10-05,"Providence","RI","A",2020-07-06,14,2,"Amalgamated Transit Union Division 618",3,NA,NA,NA,NA,3,6,NA,2,"Y",NA,"Initial","Single Labor Organization","Certification of Results","Closed","Bargaining Unit:  All full-time and regular part-time bus drivers employed by the Employer at its 100 Exeter Road, Exeter, RI lot servicing the University of Rhode Island Kingston campus, excluding all other employees, temporary employees, office and clerical employees, managers, guards, confidential employees, professional employees, and supervisors as defined by the Act.  
 
Others Permitted to Vote:  The parties agree the position of Operations Supervisor will vote but their ballots will be challenged since their eligibility has not been resolved. No decision has been made regarding whether the individuals in this classification are included in, or excluded from, the bargaining unit. The eligibility or inclusion of these individuals will be resolved, if necessary, following the election.",NA,NA,NA,125,2020-07-01,2020-01-01,"11-25",FALSE,"RC","Yes","Amalgamated Transit Union Division 618",1,"ATU",0.5,"No",8
"01-RC-257215","Region 01, Boston, Massachusetts","Kent County Visiting Nurse Association d/b/a VNA of Care New England",2020-03-02,2020-04-30,"Warwick","RI",NA,NA,16,NA,NA,NA,NA,NA,NA,NA,NA,NA,NA,NA,NA,NA,NA,NA,"Withdrawal Non-adjusted","Closed",NA,NA,NA,NA,NA,NA,2020-01-01,"11-25",TRUE,"RC","No",NA,0,"Uncoded",NA,"Other",NA
"01-RC-257259","Region 01, Boston, Massachusetts","VNA of Care New England",2020-03-02,2020-03-11,"Warwick","RI",NA,NA,16,NA,NA,NA,NA,NA,NA,NA,NA,NA,NA,NA,NA,NA,NA,NA,"Withdrawal Non-adjusted","Closed",NA,NA,NA,NA,NA,NA,2020-01-01,"11-25",TRUE,"RC","No",NA,0,"Uncoded",NA,"Other",NA
"01-RC-256441","Region 01, Boston, Massachusetts","Blackstone Valley Community Health Care",2020-02-18,2020-02-24,"Pawtucket","RI",NA,NA,1,NA,NA,NA,NA,NA,NA,NA,NA,NA,NA,NA,NA,NA,NA,NA,"Withdrawal Non-adjusted","Closed",NA,NA,NA,NA,NA,NA,2020-01-01,"<5",TRUE,"RC","No",NA,0,"Uncoded",NA,"Other",NA
"01-RC-255284","Region 01, Boston, Massachusetts","Petroleum Heat and Power Co., Inc.",2020-01-28,2020-03-04,"Warwick","RI","A",2020-02-25,2,NA,"International Brotherhood of Teamsters Local 251",2,NA,NA,NA,NA,0,2,NA,NA,NA,"International Brotherhood of Teamsters Local 251","Initial","Single Labor Organization","Certific. of Representative","Closed","All full-time and regular part-time installation clerks and installation coordinators employed by the Employer at its 141 Knight Street, Warwick, Rhode Island facility, but excluding all other employees, oil burner technicians, A/C technicians, propane gas technicians, generator technicians, plumbers, delivery drivers, garage mechanics, service and delivery dispatchers, office clerical employees, managers, guards, and supervisors as defined in the Act.",NA,NA,NA,28,2020-01-01,2020-01-01,"<5",TRUE,"RC","Yes","International Brotherhood of Teamsters Local 251",1,"Teamsters",1,"Yes",0
"01-UC-254546","Region 01, Boston, Massachusetts","Rogers Corporation",2020-01-13,2020-05-11,"Narragansett","RI",NA,NA,135,NA,NA,NA,NA,NA,NA,NA,NA,NA,NA,NA,NA,NA,NA,NA,"Unit Clarification","Closed",NA,NA,NA,NA,NA,NA,2020-01-01,"101-500",TRUE,"UC","No",NA,0,"Uncoded",NA,"Other",NA
"01-RC-252193","Region 01, Boston, Massachusetts","Ocean State Transit, LLC",2019-11-21,2019-12-31,"East Providence","RI","A",2019-12-19,94,NA,"INTERNATIONAL BROTHERHOOD OF TEAMSTERS LOCAL 251",38,NA,NA,NA,NA,30,68,NA,2,NA,"INTERNATIONAL BROTHERHOOD OF TEAMSTERS LOCAL 251","Initial","Single Labor Organization","Certific. of Representative","Closed","All full-time and regular part-time bus aides and bus monitors employed by the Employer at its facilities located at 97 Commercial Way, East Providence, Rhode Island and 909 Wampanoag Trail, Riverside, Rhode Island, but excluding all other employees, van drivers, van aides, and guards, professional employees, and supervisors as defined in the Act.
If a majority of valid ballots are cast for representation, they will be taken to have indicated the desire to be included in the existing unit of bus drivers, and reservationists represented by International Brotherhood of Teamsters Local 251. If a majority of valid ballots are cast against representation, they will be taken to have indicated the desire to remain unrepresented.",NA,NA,NA,28,2019-10-01,2019-10-01,"51-100",TRUE,"RC","Yes","INTERNATIONAL BROTHERHOOD OF TEAMSTERS LOCAL 251",1,"Teamsters",0.558823529411765,"Yes",26
"01-RC-252073","Region 01, Boston, Massachusetts","McLaughlin & Moran Inc.",2019-11-19,2019-12-13,"Cranston","RI",NA,NA,2,NA,NA,NA,NA,NA,NA,NA,NA,NA,NA,NA,NA,NA,NA,NA,"Withdrawal Non-adjusted","Closed",NA,NA,NA,NA,NA,NA,2019-10-01,"<5",TRUE,"RC","No",NA,0,"Uncoded",NA,"Other",NA
"01-RC-250256","Region 01, Boston, Massachusetts","Highlander Charter School",2019-10-21,2020-08-03,"Cranston","RI","A",2020-03-13,24,1,"INTERNATIONAL BROTHERHOOD OF ELECTRICAL WORKERS LOCAL NO 2323, AFL-CIO",11,NA,NA,NA,NA,12,23,NA,NA,NA,"INTERNATIONAL BROTHERHOOD OF ELECTRICAL WORKERS LOCAL NO 2323, AFL-CIO","Initial","Revised Single Labor Org","Certification of Results","Closed",NA,NA,NA,NA,144,2020-01-01,2019-10-01,"11-25",TRUE,"RC","Yes","INTERNATIONAL BROTHERHOOD OF ELECTRICAL WORKERS LOCAL NO 2323, AFL-CIO",1,"IBEW",0.478260869565217,"No",1
"01-RC-250256","Region 01, Boston, Massachusetts","Highlander Charter School",2019-10-21,2020-08-03,"Cranston","RI","A",2019-11-25,24,1,"INTERNATIONAL BROTHERHOOD OF ELECTRICAL WORKERS LOCAL NO 2323, AFL-CIO",11,NA,NA,NA,NA,11,22,NA,1,"Y","INTERNATIONAL BROTHERHOOD OF ELECTRICAL WORKERS LOCAL NO 2323, AFL-CIO","Initial","Single Labor Organization","Certification of Results","Closed",NA,NA,NA,NA,35,2019-10-01,2019-10-01,"11-25",FALSE,"RC","Yes","INTERNATIONAL BROTHERHOOD OF ELECTRICAL WORKERS LOCAL NO 2323, AFL-CIO",1,"IBEW",0.5,"No",2
"01-RC-249440","Region 01, Boston, Massachusetts","DATTCO, Inc.",2019-10-04,2019-11-08,"North Smithfield","RI","A",2019-10-31,25,NA,"AMERICAN FEDERATION OF STATE, COUNTY & MUNICIPAL EMPLOYEES RI COUNCIL 94, AFL-CIO",5,NA,NA,NA,NA,19,24,NA,NA,NA,"AMERICAN FEDERATION OF STATE, COUNTY & MUNICIPAL EMPLOYEES RI COUNCIL 94, AFL-CIO","Initial","Single Labor Organization","Certification of Results","Closed","All full-time and regular part-time bus drivers, bus monitors, bus aides employed by the Employer at its facility at 706 Saint Paul Street, North Smithfield, Rhode Island, but excluding all other employees, and guards, professional employees, and supervisors as defined in the Act.",NA,NA,NA,27,2019-10-01,2019-10-01,"11-25",TRUE,"RC","Yes","AMERICAN FEDERATION OF STATE, COUNTY & MUNICIPAL EMPLOYEES RI COUNCIL 94, AFL-CIO",1,"AFSCME",0.208333333333333,"No",1
"01-RC-248494","Region 01, Boston, Massachusetts","Petro Home Services",2019-09-18,2019-09-30,"Tiverton","RI",NA,NA,1,NA,NA,NA,NA,NA,NA,NA,NA,NA,NA,NA,NA,NA,NA,NA,"Withdrawal Non-adjusted","Closed",NA,NA,NA,NA,NA,NA,2019-07-01,"<5",TRUE,"RC","No",NA,0,"Uncoded",NA,"Other",NA
"01-RC-248155","Region 01, Boston, Massachusetts","Sprague Resources GP, LLC",2019-09-13,2019-10-18,"East Providence","RI","A",2019-10-10,8,NA,"International Brotherhood of Teamsters Local  251",7,NA,NA,NA,NA,1,8,NA,NA,NA,"International Brotherhood of Teamsters Local  251","Initial","Single Labor Organization","Certific. of Representative","Closed","Included:  All full-time and regular part-time terminal operators employed by the Employer at its 100 Dexter Rd., East Providence, RI facility.

Excluded:  All other employees, managers, guards and supervisors as defined in the Act.",NA,NA,NA,27,2019-10-01,2019-07-01,"6-10",TRUE,"RC","Yes","International Brotherhood of Teamsters Local  251",1,"Teamsters",0.875,"Yes",0
"01-RC-247287","Region 01, Boston, Massachusetts","Durham D&M LLC",2019-08-28,2019-09-27,"Cumberland","RI","A",2019-09-19,129,NA,"United Food and Commercial Workers Union Local 328",62,NA,NA,NA,NA,57,119,NA,4,NA,"United Food and Commercial Workers Union Local 328","Initial","Single Labor Organization","Certific. of Representative","Closed","Included: All full time and part time bus drivers, monitors and aides employed by the Employer at its Cumberland, Rhode Island location.
Excluded: All other employees, office clerical employees, mechanics, dispatchers, professional employees, guards and supervisors as defined in the Act.",NA,NA,NA,22,2019-07-01,2019-07-01,"101-500",TRUE,"RC","Yes","United Food and Commercial Workers Union Local 328",1,"UFCW",0.521008403361345,"Yes",10
"01-RC-246785","Region 01, Boston, Massachusetts","Rogers Corporation",2019-08-19,2019-09-20,"Narragansett","RI","A",2019-09-12,141,NA,"International Brotherhood of Teamsters Local 251",100,NA,NA,NA,NA,27,127,NA,6,NA,"International Brotherhood of Teamsters Local 251","Initial","Single Labor Organization","Certific. of Representative","Closed","All full-time and regular part-time production, maintenance and shipping/receiving employees employed by the Employer at its Narragansett, Rhode Island facility; but excluding all other employees, managers, and guards, professional employees and supervisors as defined in the Act.

Others permitted to vote: The parties have agreed that the Quality Assurance Technicians may vote in the election but their ballots will be challenged since their eligibility has not been resolved. No decision has been made regarding whether the individuals in these classifications or groups are included in, or excluded from, the bargaining unit.  The eligibility or inclusion of these individuals will be resolved, if necessary, following the election.",NA,NA,NA,24,2019-07-01,2019-07-01,"101-500",TRUE,"RC","Yes","International Brotherhood of Teamsters Local 251",1,"Teamsters",0.78740157480315,"Yes",14
"01-RC-242194","Region 01, Boston, Massachusetts","Riverhead Building Supply Corp.",2019-05-28,2019-07-01,"Richmond","RI","A",2019-07-01,8,NA,"INTERNATIONAL BROTHERHOOD OF TEAMSTERS LOCAL 251",5,NA,NA,NA,NA,3,8,NA,NA,NA,"INTERNATIONAL BROTHERHOOD OF TEAMSTERS LOCAL 251","Initial","Single Labor Organization","Certific. of Representative","Closed","All full time and regular part-time truck drivers, yardmen, and forklift operators employed by the employer at its facility located at 38 Kingstown Road, Richmond, Rhode Island; but excluding all other employees, yard manager, assistant yard manager, office manager, hardware manager, maintenance driver, mechanic shop employees, customer service representatives, salespersons, shippers/dispatchers and guards, professional employees and supervisors as defined in the Act.  Others permitted to vote: The parties have agreed that gate checkers may vote in the election but their ballots may be challenged since their eligibility has not been resolved. No decision has been made regarding whether the individuals in these classifications or groups are included in, or excluded from, the bargaining unit. The eligibility or inclusion of these individuals will be resolved, if necessary, following the election.",NA,NA,NA,34,2019-07-01,2019-04-01,"6-10",TRUE,"RC","Yes","INTERNATIONAL BROTHERHOOD OF TEAMSTERS LOCAL 251",1,"Teamsters",0.625,"Yes",0
"01-RC-242194","Region 01, Boston, Massachusetts","Riverhead Building Supply Corp.",2019-05-28,2019-07-01,"Richmond","RI","A",2019-06-21,9,NA,"INTERNATIONAL BROTHERHOOD OF TEAMSTERS LOCAL 251",5,NA,NA,NA,NA,3,8,NA,2,"Y",NA,"Initial","Single Labor Organization","Certific. of Representative","Closed","All full time and regular part-time truck drivers, yardmen, and forklift operators employed by the employer at its facility located at 38 Kingstown Road, Richmond, Rhode Island; but excluding all other employees, yard manager, assistant yard manager, office manager, hardware manager, maintenance driver, mechanic shop employees, customer service representatives, salespersons, shippers/dispatchers and guards, professional employees and supervisors as defined in the Act.  Others permitted to vote: The parties have agreed that gate checkers may vote in the election but their ballots may be challenged since their eligibility has not been resolved. No decision has been made regarding whether the individuals in these classifications or groups are included in, or excluded from, the bargaining unit. The eligibility or inclusion of these individuals will be resolved, if necessary, following the election.",NA,NA,NA,24,2019-04-01,2019-04-01,"6-10",FALSE,"RC","Yes","INTERNATIONAL BROTHERHOOD OF TEAMSTERS LOCAL 251",1,"Teamsters",0.625,"Yes",1
"01-RC-241736","Region 01, Boston, Massachusetts","First Student, Inc.",2019-05-20,2019-06-19,"Pawtucket","RI","A",2019-06-11,1,NA,"INTERNATIONAL BROTHERHOOD OF TEAMSTERS LOCAL 251",1,NA,NA,NA,NA,0,1,NA,NA,NA,"INTERNATIONAL BROTHERHOOD OF TEAMSTERS LOCAL 251","Initial","Single Labor Organization","Certific. of Representative","Closed","All full-time and regular part-time operations clerks employed by the Employer at its Pawtucket, Rhode Island facility, but excluding all other employees, managers, guards, and supervisors as defined in the Act.
If a majority of valid ballots are cast for INTERNATIONAL BROTHERHOOD OF TEAMSTERS LOCAL 251, they will be taken to have indicated the employees’ desire to be included in the existing drivers, monitors, aides, and dispatchers unit currently represented by INTERNATIONAL BROTHERHOOD OF TEAMSTERS LOCAL 251.  If a majority of valid ballots are not cast for representation, they will be taken to have indicated the employees’ desire to remain unrepresented.",NA,NA,NA,22,2019-04-01,2019-04-01,"<5",TRUE,"RC","Yes","INTERNATIONAL BROTHERHOOD OF TEAMSTERS LOCAL 251",1,"Teamsters",1,"Yes",0
"01-RC-239801","Region 01, Boston, Massachusetts","Ocean State Transit, LLC",2019-04-17,2019-05-17,"East Providence","RI","A",2019-05-08,105,NA,"INTERNATIONAL BROTHERHOOD OF TEAMSTERS LOCAL 251",55,NA,NA,NA,NA,45,100,NA,2,NA,"INTERNATIONAL BROTHERHOOD OF TEAMSTERS LOCAL 251","Initial","Single Labor Organization","Certific. of Representative","Closed","All full-time and regular part-time bus drivers employed by the Employer at its facilities located at 97 Commercial Way, East Providence, Rhode Island and 909 Wampanoag Trail, Riverside, Rhode Island, but excluding all other employees, monitors, aides, van drivers, and guards, professional employees, and supervisors as defined in the Act.",NA,NA,NA,21,2019-04-01,2019-04-01,"101-500",TRUE,"RC","Yes","INTERNATIONAL BROTHERHOOD OF TEAMSTERS LOCAL 251",1,"Teamsters",0.55,"Yes",5
"01-RD-238462","Region 01, Boston, Massachusetts","First Student, Inc.",2019-03-27,2019-09-30,"Coventry","RI",NA,NA,110,NA,NA,NA,NA,NA,NA,NA,NA,NA,NA,NA,NA,NA,NA,NA,"Dismissal Non-adjusted","Closed",NA,NA,NA,NA,NA,NA,2019-01-01,"101-500",TRUE,"RD","No",NA,0,"Uncoded",NA,"Other",NA
"01-RC-236818","Region 01, Boston, Massachusetts","Rhode Island LFG Genco, LLC",2019-02-28,2019-04-01,"Johnston","RI","A",2019-03-22,12,NA,"INTERNATIONAL BROTHERHOOD OF TEAMSTERS LOCAL 251",3,NA,NA,NA,NA,8,11,NA,NA,NA,NA,"Initial","Single Labor Organization","Certification of Results","Closed","All full-time and regular part-time Control Operators and Rotating Shift Operating Technicians employed by the Employer at its Johnston, Rhode Island facility; but excluding all Day Utility Technicians, and guards, professional employees, and supervisors as defined in the Act.",NA,NA,NA,22,2019-01-01,2019-01-01,"11-25",TRUE,"RC","Yes","INTERNATIONAL BROTHERHOOD OF TEAMSTERS LOCAL 251",1,"Teamsters",0.272727272727273,"No",1
"01-RC-235073","Region 01, Boston, Massachusetts","J. Arthur Trudeau Memorial Center",2019-01-31,2019-02-08,"Warwick","RI",NA,NA,4,NA,NA,NA,NA,NA,NA,NA,NA,NA,NA,NA,NA,NA,NA,NA,"Withdrawal Non-adjusted","Closed",NA,NA,NA,NA,NA,NA,2019-01-01,"<5",TRUE,"RC","No",NA,0,"Uncoded",NA,"Other",NA
"01-RC-228460","Region 01, Boston, Massachusetts","Twin-River-Tiverton, LLC d/b/a Tiverton Casino Hotel",2018-10-02,2018-10-22,"Tiverton","RI",NA,NA,150,NA,NA,NA,NA,NA,NA,NA,NA,NA,NA,NA,NA,NA,NA,NA,"Withdrawal Non-adjusted","Closed",NA,NA,NA,NA,NA,NA,2018-10-01,"101-500",TRUE,"RC","No",NA,0,"Uncoded",NA,"Other",NA
"01-RC-227961","Region 01, Boston, Massachusetts","Brown University",2018-09-25,2018-10-24,"Providence","RI","A",2018-10-15,3,NA,"UNITED SERVICE AND ALLIED WORKERS",3,NA,NA,NA,NA,0,3,NA,NA,NA,"UNITED SERVICE AND ALLIED WORKERS","Initial","Single Labor Organization","Certific. of Representative","Closed","Included: All full-time and regular part-time catering banquet captains.  
 
Excluded: All other employees, office clerical employees, guards, and supervisors as defined in the Act.",NA,NA,NA,20,2018-10-01,2018-07-01,"<5",TRUE,"RC","Yes","UNITED SERVICE AND ALLIED WORKERS",0,"Uncoded",1,"Yes",0
"01-RC-226381","Region 01, Boston, Massachusetts","Engie Services Inc.",2018-08-28,2018-09-27,"Warwick","RI","A",2018-09-19,5,NA,"Teamsters Local 251",5,NA,NA,NA,NA,0,5,NA,NA,NA,"Teamsters Local 251","Initial","Single Labor Organization","Certific. of Representative","Closed","All full-time and regular part-time control room operators, baggage handling system and passenger boarding bridge technicians, and maintenance electricians, employed by the Employer at 2000 Post Road, Warwick, Rhode Island; but excluding all other employees, administrative assistants, site managers, temporary agency employees, and guards, professional employees and supervisors as defined in the Act.",NA,NA,NA,22,2018-07-01,2018-07-01,"<5",TRUE,"RC","Yes","Teamsters Local 251",1,"Teamsters",1,"Yes",0
"01-RC-225977","Region 01, Boston, Massachusetts","NORTHEAST BEVERAGE CORP. OF CONNECTICUT",2018-08-21,2018-09-24,"West Greenwich","RI","A",2018-09-13,10,NA,"INTERNATIONAL BROTHERHOOD OF TEAMSTERS LOCAL 251",6,NA,NA,NA,NA,3,1,NA,NA,NA,"INTERNATIONAL BROTHERHOOD OF TEAMSTERS LOCAL 251","Initial","Single Labor Organization","Certific. of Representative","Closed","Included: All full-time and regular part-time drivers employed by the Employer at its Warwick, RI Facility 
Excluded: All other employees, guards and supervisors as defined in the Act.",NA,NA,NA,23,2018-07-01,2018-07-01,"6-10",TRUE,"RC","Yes","INTERNATIONAL BROTHERHOOD OF TEAMSTERS LOCAL 251",1,"Teamsters",0.666666666666667,"Yes",1
"01-RC-223300","Region 01, Boston, Massachusetts","Recleim Nova, LLC",2018-07-09,2018-08-13,"Lincoln","RI","A",2018-08-02,12,NA,"International Brotherhood of Teamsters, Local 251",7,NA,NA,NA,NA,4,11,NA,NA,NA,"International Brotherhood of Teamsters, Local 251","Initial","Single Labor Organization","Certific. of Representative","Closed","All full-time and regular part-time drivers and mechanics employed by the Employer at its Lincoln, Rhode Island facility; but excluding all other employees, and guards, professional employees and supervisors as defined in the Act.",NA,NA,NA,24,2018-07-01,2018-07-01,"11-25",TRUE,"RC","Yes","International Brotherhood of Teamsters, Local 251",1,"Teamsters",0.636363636363636,"Yes",1
"01-UC-222563","Region 01, Boston, Massachusetts","Premier Entertainment II, LLC d/b/a Newport Grand",2018-06-22,2019-02-04,"Newport","RI",NA,NA,35,NA,NA,NA,NA,NA,NA,NA,NA,NA,NA,NA,NA,NA,NA,NA,"Withdrawal Non-adjusted","Closed",NA,NA,NA,NA,NA,NA,2018-04-01,"26-50",TRUE,"UC","No",NA,0,"Uncoded",NA,"Other",NA
"01-RD-215299","Region 01, Boston, Massachusetts","Summit RI SNF LLC d/b/a Summit Commons Rehabilitation and Health Care Center",2018-02-22,2018-04-13,"Providence","RI","A",2018-03-29,88,NA,"UFCW, LOCAL 328",45,NA,NA,NA,NA,36,81,NA,11,"Y","UFCW, LOCAL 328","Initial","Single Labor Organization","Certific. of Representative","Closed","All full-time, regular part-time, and per diem (who averaged at least 16 hours per week during the preceding quarter) certified nursing assistants (CNAs), certified medication technicians (CMTs), certified medication aides (CMAs), physical therapy aides, activities aides, dietary employees, cooks, housekeeping, and laundry employees, but excluding all other employees, registered nurses, licensed practical nurses, certified occupational therapist assistants, physical therapy assistants, dietary director, chef manager, laundry/housekeeping director, clerical and records employees, managers, guards, and supervisors as defined in the Act. 
Others permitted to vote: The parties have agreed that cook supervisor and assistant director of laundry/housekeeping may vote in the election but their ballots will be challenged since their eligibility has not been resolved.  No decision has been made regarding whether the individuals in these classifications or groups are included in, or excluded from, the bargaining unit.  The eligibility or inclusion of these individuals will be resolved, if necessary, following the election.",NA,NA,NA,35,2018-01-01,2018-01-01,"51-100",TRUE,"RD","Yes","UFCW, LOCAL 328",1,"UFCW",0.555555555555556,"Yes",7
"01-RC-214907","Region 01, Boston, Massachusetts","Premier Entertainment II, LLC d/b/a Newport Grand",2018-02-15,2018-03-30,"Newport","RI","A",2018-03-20,47,NA,"Casino Security Officers Association of Rhode Island Local 1",27,NA,NA,NA,NA,1,28,NA,5,NA,"Casino Security Officers Association of Rhode Island Local 1","Initial","Single Labor Organization","Certific. of Representative","Closed","All full-time and regular part-time Security Officers, Civilian Security Officers and Surveillance Operators,  employed by the Employer at its 150 Admiral Kalbfus Road, Newport, RI facility, excluding security managers and chiefs, professional employees, and supervisors as defined in the Act.",NA,NA,NA,33,2018-01-01,2018-01-01,"26-50",TRUE,"RC","Yes","Casino Security Officers Association of Rhode Island Local 1",0,"Uncoded",0.964285714285714,"Yes",19
"01-RC-214554","Region 01, Boston, Massachusetts","DHL Express",2018-02-09,2018-03-29,"Pawtucket","RI","A",2018-03-21,3,NA,"International Brotherhood of Teamsters, Local 251",2,NA,NA,NA,NA,1,3,NA,NA,"N","International Brotherhood of Teamsters, Local 251","Initial","Revised Single Labor Org","Certific. of Representative","Closed","All full-time and regular part-time operation agents  employed  by the Employer at its Pawtucket, Rhode Island location, but excluding all other employees, managerial employees, guards and supervisors as defined in the Act.",NA,NA,NA,40,2018-01-01,2018-01-01,"<5",TRUE,"RC","Yes","International Brotherhood of Teamsters, Local 251",1,"Teamsters",0.666666666666667,"Yes",0
"01-RC-214554","Region 01, Boston, Massachusetts","DHL Express",2018-02-09,2018-03-29,"Pawtucket","RI","A",2018-03-01,3,2,"International Brotherhood of Teamsters, Local 251",1,NA,NA,NA,NA,1,0,NA,1,"Y","International Brotherhood of Teamsters, Local 251","Initial","Single Labor Organization","Certific. of Representative","Closed","All full-time and regular part-time operation agents  employed  by the Employer at its Pawtucket, Rhode Island location, but excluding all other employees, managerial employees, guards and supervisors as defined in the Act.",NA,NA,NA,20,2018-01-01,2018-01-01,"<5",FALSE,"RC","Yes","International Brotherhood of Teamsters, Local 251",1,"Teamsters",NA,"Yes",1
"01-RC-214537","Region 01, Boston, Massachusetts","SP PLUS CORPORATION",2018-02-08,2018-03-09,"WARWICK","RI","A",2018-02-28,32,NA,"INTERNATIONAL BROTHERHOOD OF TEAMSTERS LOCAL 251",26,NA,NA,NA,NA,0,26,NA,2,NA,"INTERNATIONAL BROTHERHOOD OF TEAMSTERS LOCAL 251","Initial","Single Labor Organization","Certific. of Representative","Closed","All full-time and regular part-time cashiers employed by the Employer at its location in Warwick, Rhode Island (T.F. Green Airport), but excluding all other employees, guards and supervisors as defined in the Act.",NA,NA,NA,20,2018-01-01,2018-01-01,"26-50",TRUE,"RC","Yes","INTERNATIONAL BROTHERHOOD OF TEAMSTERS LOCAL 251",1,"Teamsters",1,"Yes",6
"01-RD-214476","Region 01, Boston, Massachusetts","Summit RI SNF LLC d/b/a Summit Commons Rehabilitation and Health Care Center",2018-02-08,2018-02-14,"Providence","RI",NA,NA,80,NA,NA,NA,NA,NA,NA,NA,NA,NA,NA,NA,NA,NA,NA,NA,"Withdrawal Non-adjusted","Closed",NA,NA,NA,NA,NA,NA,2018-01-01,"51-100",TRUE,"RD","No",NA,0,"Uncoded",NA,"Other",NA
"01-RC-211757","Region 01, Boston, Massachusetts","SP Plus Corporation",2017-12-18,2018-01-23,"Warwick","RI","A",2018-01-10,23,NA,"International Brotherhood of Teamsters, Local 251",18,NA,NA,NA,NA,0,18,NA,NA,NA,"International Brotherhood of Teamsters, Local 251","Initial","Single Labor Organization","Certific. of Representative","Closed","All full-time and regular part-time Shuttle Drivers and Maintenance Workers employed at the Employer’s Warwick, Rhode Island facility; but excluding all other employees, and guards, professional employees, and supervisors as defined in the Act.",NA,NA,NA,23,2018-01-01,2017-10-01,"11-25",TRUE,"RC","Yes","International Brotherhood of Teamsters, Local 251",1,"Teamsters",1,"Yes",5
"01-RC-210383","Region 01, Boston, Massachusetts","IAS LOGISTICS DFW, LLC d/b/a Pinnacle Logistics",2017-11-24,2018-06-29,"North Kingstown","RI",NA,NA,26,NA,NA,NA,NA,NA,NA,NA,NA,NA,NA,NA,NA,NA,NA,NA,"Withdrawal Non-adjusted","Closed",NA,NA,NA,NA,NA,NA,2017-10-01,"26-50",TRUE,"RC","No",NA,0,"Uncoded",NA,"Other",NA
"01-RC-208704","Region 01, Boston, Massachusetts","Rhode Island LFG Genco, LLC",2017-10-26,2018-04-13,"Johnston","RI","A",2017-11-17,4,NA,"International Brotherhood of Teamsters Local 251",2,NA,NA,NA,NA,1,4,NA,1,NA,NA,"Initial","Single Labor Organization","Certific. of Representative","Closed","All full-time and regular part-time technicians, including, but not limited to, Senior Technicians, Mechanical; Instrument and Electrical Maintenance Technicians; and Instrument and Electrical Maintenance Senior Technicians employed by the Employer at its Johnston, Rhode Island facility; but excluding all Control Room Operators, rotating shift Operating Technicians, guards, professional employees, and supervisors as defined in the Act.
Others permitted to vote: The parties have agreed that the Day Utility Technicians may vote in the election but their ballots may be challenged since their eligibility has not been resolved.  No decision has been made regarding whether the individuals in these classifications or groups are included in, or excluded from, the bargaining unit.  The eligibility or inclusion of these individuals will be resolved, if necessary, following the election.",NA,NA,NA,22,2017-10-01,2017-10-01,"<5",TRUE,"RC","Yes","International Brotherhood of Teamsters Local 251",1,"Teamsters",0.666666666666667,"Yes",1
"01-RC-208701","Region 01, Boston, Massachusetts","Buckley Heating & Cooling",2017-10-26,2017-11-03,"Wakefield","RI",NA,NA,1,NA,NA,NA,NA,NA,NA,NA,NA,NA,NA,NA,NA,NA,NA,NA,"Withdrawal Non-adjusted","Closed",NA,NA,NA,NA,NA,NA,2017-10-01,"<5",TRUE,"RC","No",NA,0,"Uncoded",NA,"Other",NA
"01-RC-207114","Region 01, Boston, Massachusetts","Prospect CharterCare RWMC, LLC d/b/a Roger Williams Medical Center",2017-09-28,2017-11-06,"Providence","RI","A",2017-10-27,78,NA,"New England Healthcare Employees Union District 1199, SEIU",24,NA,NA,NA,NA,43,67,NA,18,NA,"New England Healthcare Employees Union District 1199, SEIU","Initial","Single Labor Organization","Certification of Results","Closed","All full-time and regular-part technical employees employed by the Employer at Roger Williams Medical Center, 825 Chalkstone Avenue, Providence, Rhode Island, including: Radiology Technologists, CT Technologists, Lead CT Technologist, Ultrasound Technologists, Surgical Technologists, Respiratory Therapists, Senior Respiratory Therapist, Medical Lab Technologists, Licensed Practical Nurses, Cardiac Ultrasound Technologists, MRI Technologists, Lead MRI Technologist, Special Procedures Technologists, Lead Special Procedures Technologist, Nuclear Medicine Technologists, Anesthesiologist Technicians, Cytology Technologists, and Physical Therapy Assistants; but excluding Senior Cytotelogy Technologists, Medical Technologists, Senior Medical Technologists,  guards, managers,all other employees, and supervisors as defined in the Act.",NA,NA,NA,29,2017-10-01,2017-07-01,"51-100",TRUE,"RC","Yes","New England Healthcare Employees Union District 1199, SEIU",1,"SEIU",0.358208955223881,"No",11
"01-RC-206195","Region 01, Boston, Massachusetts","Aramark Educational Services, LLC",2017-09-14,2017-10-19,"East Greenwich","RI","A",2017-10-11,14,NA,"National Education Association Rhode Island",6,NA,NA,NA,NA,8,14,NA,NA,NA,"National Education Association Rhode Island","Initial","Single Labor Organization","Certification of Results","Closed","All full-time and regular part-time food service workers, lead food service workers, and drivers employed in the Employer’s East Greenwich, RI Food Service Program, but excluding all other employees, office/clerical employees, managers, guards, and supervisors as defined in the Act.",NA,NA,NA,27,2017-10-01,2017-07-01,"11-25",TRUE,"RC","Yes","National Education Association Rhode Island",1,"NEA",0.428571428571429,"No",0
"01-RM-203214","Region 01, Boston, Massachusetts","ABC Supply Co. Inc.",2017-07-27,2017-08-07,"Pawtucket","RI",NA,NA,4,NA,NA,NA,NA,NA,NA,NA,NA,NA,NA,NA,NA,NA,NA,NA,"Withdrawal Non-adjusted","Closed",NA,NA,NA,NA,NA,NA,2017-07-01,"<5",TRUE,"RM","No",NA,0,"Uncoded",NA,"Other",NA
"01-RC-202391","Region 01, Boston, Massachusetts","Lifespan Corporation",2017-07-14,2017-07-17,"Providence","RI",NA,NA,16,NA,NA,NA,NA,NA,NA,NA,NA,NA,NA,NA,NA,NA,NA,NA,"Withdrawal Non-adjusted","Closed",NA,NA,NA,NA,NA,NA,2017-07-01,"11-25",TRUE,"RC","No",NA,0,"Uncoded",NA,"Other",NA
"01-RC-201981","Region 01, Boston, Massachusetts","Construct Oil Company Inc.",2017-07-07,2017-08-04,"East Providence","RI","A",2017-07-27,7,NA,"International Brotherhood of Teamsters Local 251",6,NA,NA,NA,NA,0,6,NA,1,NA,"International Brotherhood of Teamsters Local 251","Initial","Single Labor Organization","Certific. of Representative","Closed","All full-time and regular part-time drivers employed by the Employer at its 27 Dexter Road, East Providence, Rhode Island location, but excluding all other employees, office clerical employees, dispatchers, managerial employees, guards and supervisors as defined in the Act.",NA,NA,NA,20,2017-07-01,2017-07-01,"6-10",TRUE,"RC","Yes","International Brotherhood of Teamsters Local 251",1,"Teamsters",1,"Yes",1
"01-RC-201501","Region 01, Boston, Massachusetts","RHODE ISLAND HOSPITAL",2017-06-28,2017-07-18,"Providence","RI",NA,NA,16,NA,NA,NA,NA,NA,NA,NA,NA,NA,NA,NA,NA,NA,NA,NA,"Withdrawal Non-adjusted","Closed",NA,NA,NA,NA,NA,NA,2017-04-01,"11-25",TRUE,"RC","No",NA,0,"Uncoded",NA,"Other",NA
"01-RC-200368","Region 01, Boston, Massachusetts","Healthcare Services Group, Inc.",2017-06-08,2017-07-19,"Providence","RI","A",2017-07-10,12,NA,"New England Health Care Employees Union, District 1199, SEIU",7,NA,NA,NA,NA,5,12,NA,1,NA,"New England Health Care Employees Union, District 1199, SEIU","Initial","Revised Single Labor Org","Certific. of Representative","Closed","All full-time and regular part-time housekeeping and laundry employees employed by the Employer at the Charlesgate Nursing Center, 100 Randall Street, Providence, Rhode Island, but excluding all other employees, managerial employees, guards, and supervisors as defined in the Act.",NA,NA,NA,32,2017-07-01,2017-04-01,"11-25",TRUE,"RC","Yes","New England Health Care Employees Union, District 1199, SEIU",1,"SEIU",0.583333333333333,"Yes",0
"01-RC-200368","Region 01, Boston, Massachusetts","Healthcare Services Group, Inc.",2017-06-08,2017-07-19,"Providence","RI","A",2017-06-30,12,NA,"New England Health Care Employees Union, District 1199, SEIU",7,NA,NA,NA,NA,5,12,NA,1,"N",NA,"Initial","Single Labor Organization","Certific. of Representative","Closed","All full-time and regular part-time housekeeping and laundry employees employed by the Employer at the Charlesgate Nursing Center, 100 Randall Street, Providence, Rhode Island, but excluding all other employees, managerial employees, guards, and supervisors as defined in the Act.",NA,NA,NA,22,2017-04-01,2017-04-01,"11-25",FALSE,"RC","Yes","New England Health Care Employees Union, District 1199, SEIU",1,"SEIU",0.583333333333333,"Yes",0
"01-RC-198728","Region 01, Boston, Massachusetts","DHLNH, LLC",2017-05-12,2017-06-15,"Pawtucket","RI","A",2017-06-07,32,NA,"INTERNATIONAL BROTHERHOOD OF TEAMSTERS LOCAL 251",23,NA,NA,NA,NA,2,25,NA,2,NA,"INTERNATIONAL BROTHERHOOD OF TEAMSTERS LOCAL 251","Initial","Single Labor Organization","Certific. of Representative","Closed","All full-time and regular part-time drivers/couriers employed by the Employer at the 101 Concord Street, Pawtucket, RI, location, but excluding all other employees, guards, and supervisors as defined in the Act.",NA,NA,NA,26,2017-04-01,2017-04-01,"26-50",TRUE,"RC","Yes","INTERNATIONAL BROTHERHOOD OF TEAMSTERS LOCAL 251",1,"Teamsters",0.92,"Yes",7
"01-RC-198316","Region 01, Boston, Massachusetts","DHL Express USA Inc./ dba Northeast Freightways Inc. (Joint Employer)",2017-05-08,2017-05-10,"Pawtucket","RI",NA,NA,28,NA,NA,NA,NA,NA,NA,NA,NA,NA,NA,NA,NA,NA,NA,NA,"Withdrawal Non-adjusted","Closed",NA,NA,NA,NA,NA,NA,2017-04-01,"26-50",TRUE,"RC","No",NA,0,"Uncoded",NA,"Other",NA
"01-RC-196749","Region 01, Boston, Massachusetts","Women & Infants Hospital of Rhode Island",2017-04-13,2017-05-12,"Providence","RI","A",2017-05-04,40,NA,"Law Enforcement Officers Security Unions (LEOSU), LEOS-PBA",32,NA,NA,NA,NA,2,34,NA,NA,NA,"Law Enforcement Officers Security Unions (LEOSU), LEOS-PBA","Initial","Single Labor Organization","Certific. of Representative","Closed","All regularfull-time and regular part-time Parking Attendants, Security Associates, Lead Officers, Senior Officers, and Security Officers performing guard duties as defined in Section 9(b)(3) of the National Labor Relations Act, employed at Women & Infants Hospital, 101 Dudley Street, Providence, Rhode Island, but excluding office clerical employees, professional employees, all other employees, managers, and supervisors as defined in the Act.",NA,NA,NA,21,2017-04-01,2017-04-01,"26-50",TRUE,"RC","Yes","Law Enforcement Officers Security Unions (LEOSU), LEOS-PBA",1,"United Federation LEOS-PBA",0.941176470588235,"Yes",6
"01-RC-196452","Region 01, Boston, Massachusetts","First Student Inc.",2017-04-07,2017-05-25,"Providence","RI","A",2017-05-16,1,NA,"International Brotherhood of Teamsters Local 251",1,NA,NA,NA,NA,0,1,NA,NA,NA,"International Brotherhood of Teamsters Local 251","Initial","Single Labor Organization","Certific. of Representative","Closed","All full-time and regular part-time payroll administrators employed by the Employer at its 3 Ricom Way, Providence, Rhode Island facility; but, excluding all other employees, office and clerical employees, professional employees, confidential employees, managers, guards, and supervisors as defined in the Act.",NA,NA,NA,39,2017-04-01,2017-04-01,"<5",TRUE,"RC","Yes","International Brotherhood of Teamsters Local 251",1,"Teamsters",1,"Yes",0
"01-UC-196297","Region 01, Boston, Massachusetts","Seven Hills of Rhode Island",2017-04-05,2017-05-01,"Woonsocket","RI",NA,NA,201,NA,NA,NA,NA,NA,NA,NA,NA,NA,NA,NA,NA,NA,NA,NA,"Withdrawal Non-adjusted","Closed",NA,NA,NA,NA,NA,NA,2017-04-01,"101-500",TRUE,"UC","No",NA,0,"Uncoded",NA,"Other",NA
"01-RC-192181","Region 01, Boston, Massachusetts","ARAMARK",2017-01-31,2017-02-27,"CRANSTON","RI","A",2017-02-16,81,1,"UNITE HERE INTERNATIONAL UNION, LOCAL 26",55,NA,NA,NA,NA,18,73,NA,7,NA,"UNITE HERE INTERNATIONAL UNION, LOCAL 26","Initial","Single Labor Organization","Certific. of Representative","Closed","All full-time and regular part-time food service employees employed in the the Employer's Cranston, Rhode Island Food Service Program, but excluding all other employees, clerical employees, managers, guards, and supervisors as defined in the Act.",NA,NA,NA,16,2017-01-01,2017-01-01,"51-100",TRUE,"RC","Yes","UNITE HERE INTERNATIONAL UNION, LOCAL 26",1,"UNITE HERE",0.753424657534247,"Yes",8
"01-RD-191488","Region 01, Boston, Massachusetts","Durham School Services",2017-01-18,2017-02-02,"North Scituate","RI",NA,NA,21,NA,NA,NA,NA,NA,NA,NA,NA,NA,NA,NA,NA,NA,NA,NA,"Withdrawal Non-adjusted","Closed",NA,NA,NA,NA,NA,NA,2017-01-01,"11-25",TRUE,"RD","No",NA,0,"Uncoded",NA,"Other",NA
"01-RC-189334","Region 01, Boston, Massachusetts","PROSPECT CHARTERCARE RWMC, LLC D/B/A ROGER WILLIAMS MEDICAL CENTER",2016-12-06,2017-01-13,"Providence","RI","A",2017-01-05,20,NA,"International Brotherhood of Teamsters Local 251",15,NA,NA,NA,NA,3,18,NA,2,NA,"International Brotherhood of Teamsters Local 251","Initial","Single Labor Organization","Certific. of Representative","Closed","All full-time and regular part-time boiler operators, electricians, HVAC mechanics, carpenters, pipefitters/plumbers, painters, mechanics, and maintenance engineers employed by the Employer at its 825 Chalkstone Avenue, Providence, RI facility, but excluding all other employees, guards, managers, and supervisors as defined in the Act.",NA,NA,NA,30,2017-01-01,2016-10-01,"11-25",TRUE,"RC","Yes","International Brotherhood of Teamsters Local 251",1,"Teamsters",0.833333333333333,"Yes",2
"01-UC-189203","Region 01, Boston, Massachusetts","WESTERLY HOSPITAL",2016-12-05,2017-02-22,"WESTERLY","RI",NA,NA,1,NA,NA,NA,NA,NA,NA,NA,NA,NA,NA,NA,NA,NA,NA,NA,"Withdrawal Non-adjusted","Closed",NA,NA,NA,NA,NA,NA,2016-10-01,"<5",TRUE,"UC","No",NA,0,"Uncoded",NA,"Other",NA
"01-UC-189170","Region 01, Boston, Massachusetts","WESTERLY HOSPITAL",2016-12-05,2017-02-22,"Westerly","RI",NA,NA,190,NA,NA,NA,NA,NA,NA,NA,NA,NA,NA,NA,NA,NA,NA,NA,"Withdrawal Non-adjusted","Closed",NA,NA,NA,NA,NA,NA,2016-10-01,"101-500",TRUE,"UC","No",NA,0,"Uncoded",NA,"Other",NA
"01-RC-187702","Region 01, Boston, Massachusetts","SUMMIT RI SNF LLC D/B/A SUMMIT COMMONS REHABILITATION AND HEALTH CARE CENTER",2016-11-07,2016-12-21,"PROVIDENCE","RI","A",2016-11-29,103,NA,"UNITED FOOD AND COMMERCIAL WORKERS INTERNATIONAL UNION, LOCAL 328",45,NA,NA,NA,NA,37,82,NA,12,"Y","UNITED FOOD AND COMMERCIAL WORKERS INTERNATIONAL UNION, LOCAL 328","Initial","Single Labor Organization","Certific. of Representative","Closed","All full-time, regular part-time, and per diem (who averaged at least 16 hours per week during the preceding quarter) certified nursing assistants (CNAs), certified medication technicians (CMTs), certified medication aides (CMAs), physical therapy aides, activities aides, dietary employees, cooks, housekeeping, and laundry employees, but excluding all other employees, registered nurses, licensed practical nurses, certified occupational therapist assistants, physical therapy assistants, dietary director, chef manager, laundry/housekeeping director, clerical and records employees, managers, supervisors, and guards as defined in the Act.  

The parties agree that employees who work in the job classifications of cook supervisor and assistant director of laundry/housekeeping will be permitted to vote subject to challenge.",NA,NA,NA,22,2016-10-01,2016-10-01,"101-500",TRUE,"RC","Yes","UNITED FOOD AND COMMERCIAL WORKERS INTERNATIONAL UNION, LOCAL 328",1,"UFCW",0.548780487804878,"Yes",21
"01-RC-187449","Region 01, Boston, Massachusetts","A.T. WALL COMPANY",2016-11-02,2016-12-07,"WARWICK","RI","A",2016-11-29,15,NA,"RETAIL WHOLESALE DEPARTMENT STORE UNION, (RWDSU)",12,NA,NA,NA,NA,3,15,NA,NA,NA,"RETAIL WHOLESALE DEPARTMENT STORE UNION, (RWDSU)","Initial","Single Labor Organization","Certific. of Representative","Closed","All  full-time and regular part-time metal form operators employed by A.T. Wall Company at its 55 Service Avenue, Warwick, Rhode Island facility, including press operators, tumbling employees, assemblers, set-up operations employees, and welders, but excluding all other employees, clerical employees, managers, guards, and supervisors as defined in the Act.",NA,NA,NA,27,2016-10-01,2016-10-01,"11-25",TRUE,"RC","Yes","RETAIL WHOLESALE DEPARTMENT STORE UNION, (RWDSU)",1,"RWDSU",0.8,"Yes",0
"01-RC-184660","Region 01, Boston, Massachusetts","FIRST STUDENT, INC.",2016-09-20,2016-11-07,"PROVIDENCE","RI","A",2016-10-28,1,NA,"International Brotherhood of Teamsters, Local 251",1,NA,NA,NA,NA,0,1,NA,NA,NA,"International Brotherhood of Teamsters, Local 251","Initial","Single Labor Organization","Certific. of Representative","Closed","INCLUDED:  ALL FULL-TIME AND REGULAR PART-TIME TECHNICIANS EMPLOYED BY THE EMPLOYER AT ITS 3 RICOM WAY, PROVIDENCE, RHODE ISLAND LOCATION, BUT EXCLUDING ALLTECHNICIANS IN CHARGE, BUSINESS OFFICE CLERICALS, CONFIDENTIAL EMPLOYEES, GUARDS, AND SUPERVISORS AS DEFINED IN THE ACT.",NA,NA,NA,38,2016-10-01,2016-07-01,"<5",TRUE,"RC","Yes","International Brotherhood of Teamsters, Local 251",1,"Teamsters",1,"Yes",0
"01-UC-183314","Region 01, Boston, Massachusetts","WESTERLY HOSPITAL",2016-09-01,2016-12-07,"Westerly","RI",NA,NA,190,NA,NA,NA,NA,NA,NA,NA,NA,NA,NA,NA,NA,NA,NA,NA,"Withdrawal Non-adjusted","Closed",NA,NA,NA,NA,NA,NA,2016-07-01,"101-500",TRUE,"UC","No",NA,0,"Uncoded",NA,"Other",NA
"01-RC-181959","Region 01, Boston, Massachusetts","J. GOODISON CO., INC.",2016-08-11,2016-09-09,"North Kingstown","RI","A",2016-09-01,45,NA,"PAINTERS & ALLIED TRADES DISTRICT COUNCIL 11, LOCAL 195",15,NA,NA,NA,NA,29,44,NA,1,NA,NA,"Initial","Single Labor Organization","Certification of Results","Closed","All full-time and regular part-time Laborers; Blasters; Blaster/Painters; Painters; Laborer/Mechanics; Shop Foreman; Production Assistants; Pipefitters; Fitter/Welders; Welders; Inside/Outside Machinists; Outside Machinists; Mechanics; Electricians; and Electrical Apprentices employed by the Employer at its North Kingston, Rhode Island facility, excluding all other employees, professional employees, guards and supervisors as defined in the Act.",NA,NA,NA,21,2016-07-01,2016-07-01,"26-50",TRUE,"RC","Yes","PAINTERS & ALLIED TRADES DISTRICT COUNCIL 11, LOCAL 195",0,"Uncoded",0.340909090909091,"No",1
"01-RC-179529","Region 01, Boston, Massachusetts","ANGELICA TEXTILE SERVICES",2016-07-06,2016-08-02,"Pawtucket","RI","A",2016-07-25,3,NA,"International Brotherhood of Teamsters, Local 251",3,NA,NA,NA,NA,0,3,NA,NA,NA,"International Brotherhood of Teamsters, Local 251","Initial","Single Labor Organization","Certific. of Representative","Closed",NA,NA,NA,NA,19,2016-07-01,2016-07-01,"<5",TRUE,"RC","Yes","International Brotherhood of Teamsters, Local 251",1,"Teamsters",1,"Yes",0
"01-RC-177855","Region 01, Boston, Massachusetts","PARK VIEW CENTER FOR REHABILITATION AND HEALTH CARE",2016-06-08,2016-07-06,"Providence","RI",NA,NA,8,NA,NA,NA,NA,NA,NA,NA,NA,NA,NA,NA,NA,NA,NA,NA,"Certific. of Representative","Closed",NA,NA,NA,NA,NA,NA,2016-04-01,"6-10",TRUE,"RC","No",NA,0,"Uncoded",NA,"Yes",NA
"01-RC-177820","Region 01, Boston, Massachusetts","PARK VIEW CENTER FOR REHABILITATION AND HEALTH CARE",2016-06-07,2016-07-06,"Providence","RI","B",2016-06-28,8,NA,"New England Health Care Employees Union, District 1199 SEIU",0,NA,NA,NA,NA,0,0,NA,NA,NA,"New England Health Care Employees Union, District 1199 SEIU","Initial","Single Labor Organization","Certific. of Representative","Closed","All full-time and regular part-time and per diem Registered Nurses (RNs) employed by the Employer at its Providence, RI facility, but excluding all other employees, LPNs, Service and Maintenance employees, guards, and supervisors as defined in the Act.

Regular part time and per diem employees are eligible to vote if they worked an average of four hours per week during the 13 weeks immediately preceeding June 4, 2016.","All full-time and regular part-time and per diem Registered Nurses (RNs) and Licensed Practical Nurses (LPNs) employed by the Employer at its Providence, RI facility, but excluding all other employees, Service and Maintenance employees, guards, and supervisors as defined in the Act.

Regular part time and per diem employees are eligible to vote if they worked an average of four hours per week during the 13 weeks immediately preceeding June 4, 2016.",NA,NA,21,2016-04-01,2016-04-01,"6-10",TRUE,"RC","Yes","New England Health Care Employees Union, District 1199 SEIU",1,"SEIU",NA,"Yes",8
"01-RC-177820","Region 01, Boston, Massachusetts","PARK VIEW CENTER FOR REHABILITATION AND HEALTH CARE",2016-06-07,2016-07-06,"Providence","RI","A",2016-06-28,17,NA,"New England Health Care Employees Union, District 1199 SEIU",17,NA,NA,NA,NA,0,15,NA,NA,NA,"New England Health Care Employees Union, District 1199 SEIU","Initial","Single Labor Organization","Certific. of Representative","Closed","All full-time and regular part-time and per diem Registered Nurses (RNs) employed by the Employer at its Providence, RI facility, but excluding all other employees, LPNs, Service and Maintenance employees, guards, and supervisors as defined in the Act.

Regular part time and per diem employees are eligible to vote if they worked an average of four hours per week during the 13 weeks immediately preceeding June 4, 2016.","All full-time and regular part-time and per diem Registered Nurses (RNs) and Licensed Practical Nurses (LPNs) employed by the Employer at its Providence, RI facility, but excluding all other employees, Service and Maintenance employees, guards, and supervisors as defined in the Act.

Regular part time and per diem employees are eligible to vote if they worked an average of four hours per week during the 13 weeks immediately preceeding June 4, 2016.",NA,NA,21,2016-04-01,2016-04-01,"11-25",TRUE,"RC","Yes","New England Health Care Employees Union, District 1199 SEIU",1,"SEIU",1,"Yes",0
"01-RC-176909","Region 01, Boston, Massachusetts","IGT GLOBAL SOLUTIONS",2016-05-24,2018-06-12,"WEST GREENWICH","RI",NA,NA,7,NA,NA,NA,NA,NA,NA,NA,NA,NA,NA,NA,NA,NA,NA,NA,"Dismissal Non-adjusted","Closed",NA,NA,NA,NA,NA,NA,2016-04-01,"6-10",TRUE,"RC","No",NA,0,"Uncoded",NA,"Other",NA
"01-RC-175235","Region 01, Boston, Massachusetts","EAST-LAND FOOD PRODUCTS INC.",2016-05-02,2016-05-27,"CRANSTON","RI","A",2016-05-19,122,11,"UNITED FOOD AND COMMERCIAL WORKERS INTERNATIONAL UNION, LOCAL 328",74,NA,NA,NA,NA,37,122,NA,NA,NA,"UNITED FOOD AND COMMERCIAL WORKERS INTERNATIONAL UNION, LOCAL 328","Initial","Single Labor Organization","Certific. of Representative","Closed","All full-time and regular part-time production, packaging, general preparation,
maintenance mechanics, sanitation, drivers, shipping and receiving, and quality assurance employees employed by the
Employer at its Cranston, Rhode Island facility located at 69 Fletcher Avenue, Cranston, Rhode
Island, excluding managerial and professional employees, supervisors, clerical employees, and guards as defined by the Act.",NA,NA,NA,17,2016-04-01,2016-04-01,"101-500",TRUE,"RC","Yes","UNITED FOOD AND COMMERCIAL WORKERS INTERNATIONAL UNION, LOCAL 328",1,"UFCW",0.666666666666667,"Yes",11
"01-RC-174804","Region 01, Boston, Massachusetts","KENT HOME MEDICAL EQUIPMENT",2016-04-25,2016-06-21,"WARWICK","RI",NA,NA,20,NA,NA,NA,NA,NA,NA,NA,NA,NA,NA,NA,NA,NA,NA,NA,"Dismissal Non-adjusted","Closed",NA,NA,NA,NA,NA,NA,2016-04-01,"11-25",TRUE,"RC","No",NA,0,"Uncoded",NA,"Other",NA
"01-UC-171924","Region 01, Boston, Massachusetts","FIRST STUDENT",2016-03-15,2016-03-22,"Providence","RI",NA,NA,18,NA,NA,NA,NA,NA,NA,NA,NA,NA,NA,NA,NA,NA,NA,NA,"Withdrawal Non-adjusted","Closed",NA,NA,NA,NA,NA,NA,2016-01-01,"11-25",TRUE,"UC","No",NA,0,"Uncoded",NA,"Other",NA
"01-RC-167698","Region 01, Boston, Massachusetts","PETRO HOLDINGS, INC.  d/b/a WOODS HEATING",2016-01-14,2016-02-19,"EAST PROVIDENCE","RI","A",2016-02-11,10,1,"International Brotherhood of Teamsters, Local 251",6,NA,NA,NA,NA,2,8,NA,NA,NA,"International Brotherhood of Teamsters, Local 251","Initial","Single Labor Organization","Certific. of Representative","Closed","All full-time and regularr part-time delivery drivers employed by the Employer at its 22 Alameda Avenue, East Providence, RI facility, but excluding all office clerical employees, service technicians, salespersons, professional employees, guards, and supervisors as defined in the Act, and all other employees.",NA,NA,NA,28,2016-01-01,2016-01-01,"6-10",TRUE,"RC","Yes","International Brotherhood of Teamsters, Local 251",1,"Teamsters",0.75,"Yes",2
"01-RC-167663","Region 01, Boston, Massachusetts","ARAMARK EDUCATIONAL SERVICES, LLC",2016-01-14,2016-02-19,"Slatersville","RI","A",2016-02-11,18,NA,"RHODE ISLAND COUNCIL 94, AMERICAN FEDERATION OF STATE, COUNTY & MUNICIPAL EMPLOYEES, AFL-CIO",16,NA,NA,NA,NA,2,18,NA,NA,NA,"RHODE ISLAND COUNCIL 94, AMERICAN FEDERATION OF STATE, COUNTY & MUNICIPAL EMPLOYEES, AFL-CIO","Initial","Single Labor Organization","Certific. of Representative","Closed","All full-time and regular part-time food service employees employed by the Employer in the North Smithfield, Rhode Island public school district, including, but not limited to, food service workers and lead cooks; but, excluding office and professional employees, guards, and supervisors as defined in the Act.",NA,NA,NA,28,2016-01-01,2016-01-01,"11-25",TRUE,"RC","Yes","RHODE ISLAND COUNCIL 94, AMERICAN FEDERATION OF STATE, COUNTY & MUNICIPAL EMPLOYEES, AFL-CIO",1,"AFSCME",0.888888888888889,"Yes",0
"01-RC-167602","Region 01, Boston, Massachusetts","The Groden Center, Inc.",2016-01-14,2016-02-12,"Providence","RI","A",2016-02-04,60,NA,"New England Health Care Employees Union, District 1199 SEIU",24,NA,NA,NA,NA,29,53,NA,NA,NA,"New England Health Care Employees Union, District 1199 SEIU","Initial","Single Labor Organization","Certification of Results","Closed",NA,NA,NA,NA,21,2016-01-01,2016-01-01,"51-100",TRUE,"RC","Yes","New England Health Care Employees Union, District 1199 SEIU",1,"SEIU",0.452830188679245,"No",7
"01-RC-167040","Region 01, Boston, Massachusetts","CALISE & SONS BAKERY, INC.",2016-01-05,2016-08-23,"LINCOLN","RI","A",2016-02-03,166,NA,"United Food and Commercial Workers International Union Local 328",63,NA,NA,NA,NA,98,161,NA,15,NA,"United Food and Commercial Workers International Union Local 328","Initial","Single Labor Organization","Withdrawal Non-adjusted","Closed","All full-time and regular part-time production, packaging, sanitation, quality assurance/receiving, and shipping employees employed by the employer at its Lincoln, RI facility; but excluding office clerical employees;  technical, managerial and professional employees; truck drivers (transport and route);l guards; and supervisors as defined in the Act.

Others permitted to vote: The parties have agreed that employees in the classification of mechanic may vote in the election but their ballots will be challenged since their eligibility has not been resolved.  No decision has been made regarding whether the individuals in this classifications or group are included in, or excluded from, the bargaining unit.  The eligibility or inclusion of these individuals will be resolved, if necessary, following the election.",NA,NA,NA,29,2016-01-01,2016-01-01,"101-500",TRUE,"RC","Yes","United Food and Commercial Workers International Union Local 328",1,"UFCW",0.391304347826087,"Other",5
"01-RC-165840","Region 01, Boston, Massachusetts","FIRSTGROUP AMERICA, INC.",2015-12-10,2016-01-05,"FISKEVILLE","RI","A",2016-01-05,20,NA,"SEIU 1199 New England",11,NA,NA,NA,NA,6,17,NA,2,NA,"SEIU 1199 New England","Initial","Single Labor Organization","Certific. of Representative","Closed","All full-time and regular part-time bus drivers employed by the Employer at its Scituate, Rhode Island facility but, excluding all other employees, office and clerical employees, professional employees, confidential employees, managers, guards, and supervisors as defined in the Act.",NA,NA,NA,26,2016-01-01,2015-10-01,"11-25",TRUE,"RC","Yes","SEIU 1199 New England",1,"SEIU",0.647058823529412,"Yes",3
"01-RC-165744","Region 01, Boston, Massachusetts","Horizon Beverage Company of Rhode Island, Inc.",2015-12-09,2016-01-06,"WEST GREENWICH","RI","A",2016-01-06,9,NA,"International Brotherhood of Teamsters, Local 251",5,NA,NA,NA,NA,4,9,NA,NA,NA,"International Brotherhood of Teamsters, Local 251","Initial","Single Labor Organization","Certific. of Representative","Closed",NA,NA,NA,NA,28,2016-01-01,2015-10-01,"6-10",TRUE,"RC","Yes","International Brotherhood of Teamsters, Local 251",1,"Teamsters",0.555555555555556,"Yes",0
"01-RC-164821","Region 01, Boston, Massachusetts","NORTHEAST BEVERAGE CORP.",2015-11-24,2015-12-18,"West Greenwich","RI","A",2015-12-18,9,NA,"International Brotherhood of Teamsters, Local 251",4,NA,NA,NA,NA,5,9,NA,NA,NA,"International Brotherhood of Teamsters, Local 251","Initial","Single Labor Organization","Certification of Results","Closed","Included:  All full-time and regular part-time drivers employed by the Employer at its Warwick, RI Facility

Excluded:  All other employees, guards and supervisors as defined in the Act.",NA,NA,NA,24,2015-10-01,2015-10-01,"6-10",TRUE,"RC","Yes","International Brotherhood of Teamsters, Local 251",1,"Teamsters",0.444444444444444,"No",0
"01-RC-162234","Region 01, Boston, Massachusetts","RP PROVIDENCE HR, LLC",2015-10-20,2015-11-20,"PROVIDENCE","RI","A",2015-11-12,46,NA,"UNITE HERE INTERNATIONAL UNION, LOCAL 26",23,NA,NA,NA,NA,17,40,NA,3,NA,"UNITE HERE INTERNATIONAL UNION, LOCAL 26","Initial","Single Labor Organization","Certific. of Representative","Closed","All full-time and regular part-time housekeeping employees (stylists, style house person, lobby, floor person, overnight, MRT, and laundry attendants) employed by the Employer at its Providence, Rhode Island hotel; but excluding all other employees, office and clerical employees, and guards, professional employees and supervisors as defined in the Act.

The parties agree that individuals employed in the position of housekeeping supervisor can vote but their ballots will be challenged since their eligibility has not been resolved.  No decision has been made regarding whether the individuals in this classification are included in, or excluded from, the bargaining unit.  The eligibility or inclusion of these individuals will be resolved, if necessary, following the election.",NA,NA,NA,23,2015-10-01,2015-10-01,"26-50",TRUE,"RC","Yes","UNITE HERE INTERNATIONAL UNION, LOCAL 26",1,"UNITE HERE",0.575,"Yes",6
"01-RC-158405","Region 03, Buffalo, New York","THE MIRIAM HOSPITAL",2015-08-20,2015-10-15,"PROVIDENCE","RI","A",2015-09-17,36,NA,"INTERNATIONAL BROTHERHOOD OF TEAMSTERS LOCAL UNION NO. 251",15,NA,NA,NA,NA,13,28,NA,8,"Y",NA,"Initial","Single Labor Organization","Withdrawal Adjusted","Closed","Included: All full time and regular part time Skilled Maintenance Employees including carpenter, crew worker, electrician, electrician per diem, general mechanic I, II and per diem, general mechanic/locksmith, general mechanic/stationary engineer, HVAC, HVAC per diem, plumber, plumber/pipefitter, workorder coodinator, maintenance coordinator, lead electrictrician, lead plumber, lead stationary engineer, stationary engineer and staitionary engineer per diem. Excluded: ESPM, exectutive assistant, facilities manger, facilities supervisor, all other employees, managers, confidential employees, guards and supervisors as defined by the Act.",NA,NA,NA,28,2015-07-01,2015-07-01,"26-50",TRUE,"RC","Yes","INTERNATIONAL BROTHERHOOD OF TEAMSTERS LOCAL UNION NO. 251",1,"Teamsters",0.535714285714286,"Other",8
"01-RC-155977","Region 01, Boston, Massachusetts","RHODE ISLAND SCHOOL OF DESIGN",2015-07-15,2015-07-24,"PROVIDENCE","RI",NA,NA,4,NA,NA,NA,NA,NA,NA,NA,NA,NA,NA,NA,NA,NA,NA,NA,"Withdrawal Non-adjusted","Closed",NA,NA,NA,NA,NA,NA,2015-07-01,"<5",TRUE,"RC","No",NA,0,"Uncoded",NA,"Other",NA
"01-RD-155802","Region 01, Boston, Massachusetts","RUSCO ENTERPRISES INC.",2015-07-13,2015-08-19,"WARREN","RI","A",2015-08-11,10,NA,"SHOPMAN'S LOCAL 501, INTERNATIONAL ASSOCIATION OF BRIDGE, STRUCTURAL, ORNAMENTAL AND REINFORCING IRON WORKERS",1,NA,NA,NA,NA,9,10,NA,NA,NA,"SHOPMAN'S LOCAL 501, INTERNATIONAL ASSOCIATION OF BRIDGE, STRUCTURAL, ORNAMENTAL AND REINFORCING IRON WORKERS","Initial","Single Labor Organization","Certification of Results","Closed","All production and maintenance employees employed by Risco Enterprises, Inc. at its 25 Bleachery Court, Warwick, Rhode Island facility, who are engaged in the fabrication and delivery of iron, steel, metal, and other products, or in maintenance work in or about the facility, but excluding clerical employees, managerial employees, guards, and supervisors as defined in the Act.",NA,NA,NA,29,2015-07-01,2015-07-01,"6-10",TRUE,"RD","Yes","SHOPMAN'S LOCAL 501, INTERNATIONAL ASSOCIATION OF BRIDGE, STRUCTURAL, ORNAMENTAL AND REINFORCING IRON WORKERS",1,"Ironworkers",0.1,"No",0
"01-RC-155717","Region 01, Boston, Massachusetts","FIRST STUDENT INC.",2015-07-09,2015-08-07,"WARREN","RI","A",2015-07-29,6,NA,"TEAMSTERS LOCAL UNION 251 a/w INTERNATIONAL BROTHERHOOD OF TEAMSTERS",5,NA,NA,NA,NA,1,6,NA,NA,NA,"TEAMSTERS LOCAL UNION 251 a/w INTERNATIONAL BROTHERHOOD OF TEAMSTERS","Initial","Single Labor Organization","Certific. of Representative","Closed","All full-time and regular part-time mechanics, employed by the Employer at its Warren & Portsmouth, Rhode Island terminals, but excluding all other employees, office clerical employees, dispatchers, drivers, managerial employees, guards and supervisors as defined in the Act.",NA,NA,NA,20,2015-07-01,2015-07-01,"6-10",TRUE,"RC","Yes","TEAMSTERS LOCAL UNION 251 a/w INTERNATIONAL BROTHERHOOD OF TEAMSTERS",1,"Teamsters",0.833333333333333,"Yes",0
"01-AC-155273","Region 01, Boston, Massachusetts","RUSCO ENTERPRISES, a/k/a RESTEEL",2015-07-01,2015-07-27,"WARWICK","RI",NA,NA,20,NA,NA,NA,NA,NA,NA,NA,NA,NA,NA,NA,NA,NA,NA,NA,"Withdrawal Non-adjusted","Closed",NA,NA,NA,NA,NA,NA,2015-07-01,"11-25",TRUE,"AC","No",NA,0,"Uncoded",NA,"Other",NA
"01-UD-154369","Region 01, Boston, Massachusetts","RUSCO ENTERPRISES, INC.",2015-06-17,2015-07-09,"WARWICK","RI",NA,NA,10,NA,NA,NA,NA,NA,NA,NA,NA,NA,NA,NA,NA,NA,NA,NA,"Withdrawal Non-adjusted","Closed",NA,NA,NA,NA,NA,NA,2015-04-01,"6-10",TRUE,"UD","No",NA,0,"Uncoded",NA,"Other",NA
"01-RC-153146","Region 01, Boston, Massachusetts","ELMWOOD ADULT DAY HEALTH CARE CENTER/ ELMWOOD MEDICAL TRANSPORTATION SERVICES, INC.",2015-05-29,2015-11-19,"PROVIDENCE","RI","A",2015-06-25,6,NA,"TEAMSTERS LOCAL UNION 251 A/W INTERNATIONAL BROTHERHOOD OF TEAMSTERS",1,NA,NA,NA,NA,3,4,NA,2,NA,NA,"Initial","Single Labor Organization","Certific. of Representative","Closed","All full time and regular part time nurses and social workers, employed by Elmwood Adult Day Health Care Center, Inc., located at 20 Miner Street and 209 Elmwood Avenue, Providence, RI, but excluding all other employees, non-professional employees, managers, guards, and supervisors as defined in the Act.

The parties agree that the position of chiropractor, employed by Elmwood Orthopedic Rehabilitation Center, Inc., located at 193 Elmwood Avenue, Providece, RI, can vote subject to challenge.","All full time and regular part time drivers, dispatchers, CNAs, sdministrative assistants, admissions, housekeeping, front desk, activities directors, activities aides, cooks, program aides, dietary aides, and groundskeepers, employed by Elmwood Adult Day Health Care Center, Inc., located at 20 Miner Street and 209 Elmwood Avenue, Providence, RI, or employed by Elmwood Medical Transportation Services, Inc., located at 20 Miner Street, Providence, RI, but excluding all other employees, professional employees, managers, guards, and supervisors as defined in the Act.

The parties agree that the regular and full-time receptionists and PT aides, employed by Elmwood Orthopedic Rehabilitation Center, Inc., located at 193 Elmwood Avenue, Providece, RI, can vote subject to challenge.","All full time and regular part time drivers, dispatchers, CNAs, sdministrative assistants, admissions, housekeeping, front desk, activities directors, activities aides, cooks, program aides, dietary aides, and groundskeepers, employed by Elmwood Adult Day Health Care Center, Inc., located at 20 Miner Street and 209 Elmwood Avenue, Providence, RI, or employed by Elmwood Medical Transportation Services, Inc., located at 20 Miner Street, Providence, RI, but excluding all other employees, professional employees, managers, guards, and supervisors as defined in the Act.

The parties agree that the regular and full-time receptionists and PT aides, employed by Elmwood Orthopedic Rehabilitation Center, Inc., located at 193 Elmwood Avenue, Providece, RI, can vote subject to challenge.","All full time and regular part time drivers, dispatchers, CNAs, sdministrative assistants, admissions, housekeeping, front desk, activities directors, activities aides, cooks, program aides, dietary aides, and groundskeepers, employed by Elmwood Adult Day Health Care Center, Inc., located at 20 Miner Street and 209 Elmwood Avenue, Providence, RI, or employed by Elmwood Medical Transportation Services, Inc., located at 20 Miner Street, Providence, RI, but excluding all other employees, professional employees, managers, guards, and supervisors as defined in the Act.

The parties agree that the regular and full-time receptionists and PT aides, employed by Elmwood Orthopedic Rehabilitation Center, Inc., located at 193 Elmwood Avenue, Providece, RI, can vote subject to challenge.",27,2015-04-01,2015-04-01,"6-10",TRUE,"RC","Yes","TEAMSTERS LOCAL UNION 251 A/W INTERNATIONAL BROTHERHOOD OF TEAMSTERS",1,"Teamsters",0.25,"Yes",2
"01-RC-153146","Region 01, Boston, Massachusetts","ELMWOOD ADULT DAY HEALTH CARE CENTER/ ELMWOOD MEDICAL TRANSPORTATION SERVICES, INC.",2015-05-29,2015-11-19,"PROVIDENCE","RI","A",2015-06-25,55,NA,"TEAMSTERS LOCAL UNION 251 A/W INTERNATIONAL BROTHERHOOD OF TEAMSTERS",25,NA,NA,NA,NA,21,46,NA,9,NA,"TEAMSTERS LOCAL UNION 251 A/W INTERNATIONAL BROTHERHOOD OF TEAMSTERS","Initial","Single Labor Organization","Certific. of Representative","Closed","All full time and regular part time nurses and social workers, employed by Elmwood Adult Day Health Care Center, Inc., located at 20 Miner Street and 209 Elmwood Avenue, Providence, RI, but excluding all other employees, non-professional employees, managers, guards, and supervisors as defined in the Act.

The parties agree that the position of chiropractor, employed by Elmwood Orthopedic Rehabilitation Center, Inc., located at 193 Elmwood Avenue, Providece, RI, can vote subject to challenge.","All full time and regular part time drivers, dispatchers, CNAs, sdministrative assistants, admissions, housekeeping, front desk, activities directors, activities aides, cooks, program aides, dietary aides, and groundskeepers, employed by Elmwood Adult Day Health Care Center, Inc., located at 20 Miner Street and 209 Elmwood Avenue, Providence, RI, or employed by Elmwood Medical Transportation Services, Inc., located at 20 Miner Street, Providence, RI, but excluding all other employees, professional employees, managers, guards, and supervisors as defined in the Act.

The parties agree that the regular and full-time receptionists and PT aides, employed by Elmwood Orthopedic Rehabilitation Center, Inc., located at 193 Elmwood Avenue, Providece, RI, can vote subject to challenge.","All full time and regular part time drivers, dispatchers, CNAs, sdministrative assistants, admissions, housekeeping, front desk, activities directors, activities aides, cooks, program aides, dietary aides, and groundskeepers, employed by Elmwood Adult Day Health Care Center, Inc., located at 20 Miner Street and 209 Elmwood Avenue, Providence, RI, or employed by Elmwood Medical Transportation Services, Inc., located at 20 Miner Street, Providence, RI, but excluding all other employees, professional employees, managers, guards, and supervisors as defined in the Act.

The parties agree that the regular and full-time receptionists and PT aides, employed by Elmwood Orthopedic Rehabilitation Center, Inc., located at 193 Elmwood Avenue, Providece, RI, can vote subject to challenge.","All full time and regular part time drivers, dispatchers, CNAs, sdministrative assistants, admissions, housekeeping, front desk, activities directors, activities aides, cooks, program aides, dietary aides, and groundskeepers, employed by Elmwood Adult Day Health Care Center, Inc., located at 20 Miner Street and 209 Elmwood Avenue, Providence, RI, or employed by Elmwood Medical Transportation Services, Inc., located at 20 Miner Street, Providence, RI, but excluding all other employees, professional employees, managers, guards, and supervisors as defined in the Act.

The parties agree that the regular and full-time receptionists and PT aides, employed by Elmwood Orthopedic Rehabilitation Center, Inc., located at 193 Elmwood Avenue, Providece, RI, can vote subject to challenge.",27,2015-04-01,2015-04-01,"51-100",FALSE,"RC","Yes","TEAMSTERS LOCAL UNION 251 A/W INTERNATIONAL BROTHERHOOD OF TEAMSTERS",1,"Teamsters",0.543478260869565,"Yes",9
"01-RC-153146","Region 01, Boston, Massachusetts","ELMWOOD ADULT DAY HEALTH CARE CENTER/ ELMWOOD MEDICAL TRANSPORTATION SERVICES, INC.",2015-05-29,2015-11-19,"PROVIDENCE","RI","B",2015-06-25,55,NA,"TEAMSTERS LOCAL UNION 251 A/W INTERNATIONAL BROTHERHOOD OF TEAMSTERS",25,NA,NA,NA,NA,21,55,NA,9,"Y",NA,"Initial","Single Labor Organization","Certific. of Representative","Closed","All full time and regular part time nurses and social workers, employed by Elmwood Adult Day Health Care Center, Inc., located at 20 Miner Street and 209 Elmwood Avenue, Providence, RI, but excluding all other employees, non-professional employees, managers, guards, and supervisors as defined in the Act.

The parties agree that the position of chiropractor, employed by Elmwood Orthopedic Rehabilitation Center, Inc., located at 193 Elmwood Avenue, Providece, RI, can vote subject to challenge.","All full time and regular part time drivers, dispatchers, CNAs, sdministrative assistants, admissions, housekeeping, front desk, activities directors, activities aides, cooks, program aides, dietary aides, and groundskeepers, employed by Elmwood Adult Day Health Care Center, Inc., located at 20 Miner Street and 209 Elmwood Avenue, Providence, RI, or employed by Elmwood Medical Transportation Services, Inc., located at 20 Miner Street, Providence, RI, but excluding all other employees, professional employees, managers, guards, and supervisors as defined in the Act.

The parties agree that the regular and full-time receptionists and PT aides, employed by Elmwood Orthopedic Rehabilitation Center, Inc., located at 193 Elmwood Avenue, Providece, RI, can vote subject to challenge.","All full time and regular part time drivers, dispatchers, CNAs, sdministrative assistants, admissions, housekeeping, front desk, activities directors, activities aides, cooks, program aides, dietary aides, and groundskeepers, employed by Elmwood Adult Day Health Care Center, Inc., located at 20 Miner Street and 209 Elmwood Avenue, Providence, RI, or employed by Elmwood Medical Transportation Services, Inc., located at 20 Miner Street, Providence, RI, but excluding all other employees, professional employees, managers, guards, and supervisors as defined in the Act.

The parties agree that the regular and full-time receptionists and PT aides, employed by Elmwood Orthopedic Rehabilitation Center, Inc., located at 193 Elmwood Avenue, Providece, RI, can vote subject to challenge.","All full time and regular part time drivers, dispatchers, CNAs, sdministrative assistants, admissions, housekeeping, front desk, activities directors, activities aides, cooks, program aides, dietary aides, and groundskeepers, employed by Elmwood Adult Day Health Care Center, Inc., located at 20 Miner Street and 209 Elmwood Avenue, Providence, RI, or employed by Elmwood Medical Transportation Services, Inc., located at 20 Miner Street, Providence, RI, but excluding all other employees, professional employees, managers, guards, and supervisors as defined in the Act.

The parties agree that the regular and full-time receptionists and PT aides, employed by Elmwood Orthopedic Rehabilitation Center, Inc., located at 193 Elmwood Avenue, Providece, RI, can vote subject to challenge.",27,2015-04-01,2015-04-01,"51-100",TRUE,"RC","Yes","TEAMSTERS LOCAL UNION 251 A/W INTERNATIONAL BROTHERHOOD OF TEAMSTERS",1,"Teamsters",0.543478260869565,"Yes",9
"01-RC-151218","Region 01, Boston, Massachusetts","ARAMARK EDUCATIONAL SERVICES, LLC",2015-04-30,2015-06-08,"LINCOLN","RI","A",2015-05-21,25,NA,"AMERICAN FEDERATION OF STATE, COUNTY & MUNICIPAL EMPLOYEES RI COUNCIL 94, AFL-CIO",17,NA,NA,NA,NA,9,21,NA,1,NA,"AMERICAN FEDERATION OF STATE, COUNTY & MUNICIPAL EMPLOYEES RI COUNCIL 94, AFL-CIO","Initial","Single Labor Organization","Certific. of Representative","Closed","All full-time and regular part-time food service employees employed by the Employer in the Lincoln, Rhode Island public school district, including, but not limited to, food service workers, drivers, and lead cooks; but excluding office and professional employees, guards, and supervisors as defined in the Act.",NA,NA,NA,21,2015-04-01,2015-04-01,"11-25",TRUE,"RC","Yes","AMERICAN FEDERATION OF STATE, COUNTY & MUNICIPAL EMPLOYEES RI COUNCIL 94, AFL-CIO",1,"AFSCME",0.653846153846154,"Yes",-1
"01-RC-149176","Region 01, Boston, Massachusetts","FIRST STUDENT, INC.",2015-03-31,2015-06-01,"Pawtucket","RI","A",2015-05-19,1,NA,"TEAMSTERS LOCAL UNION 251 a/w INTERNATIONAL BROTHERHOOD OF TEAMSTERS",1,NA,NA,NA,NA,0,1,NA,NA,NA,"TEAMSTERS LOCAL UNION 251 a/w INTERNATIONAL BROTHERHOOD OF TEAMSTERS","Initial","Single Labor Organization","Certific. of Representative","Closed","All full-time and regular part-time dispatchers employed by the Employer at its Pawtucket, Rhode Island facility, but excluding all other employees, managers, guards, and supervisors as defined in the Act.",NA,NA,NA,49,2015-04-01,2015-01-01,"<5",TRUE,"RC","Yes","TEAMSTERS LOCAL UNION 251 a/w INTERNATIONAL BROTHERHOOD OF TEAMSTERS",1,"Teamsters",1,"Yes",0
"01-RC-147842","Region 01, Boston, Massachusetts","Prospect CharterCARE, LLC dba  Charter Care Health Partners OUR LADY OF FATIMA HOSPITAL",2015-03-10,2015-05-04,"NORTH PROVIDENCE","RI","A",2015-04-21,393,NA,"FATIMA HOSPITAL UNITED NURSES & ALLIED PROFESSIONALS, LOCAL 5110",221,NA,NA,NA,NA,76,297,NA,26,NA,"FATIMA HOSPITAL UNITED NURSES & ALLIED PROFESSIONALS, LOCAL 5110","Initial","Single Labor Organization","Certific. of Representative","Closed","All Full-time, regular part-time and per diem service unit employees including Breast Health Patient Navigator,Cashier,Central Services Tech, Central Sterile CSD Aide, Certified Nursing Assistant, Client Services Rep., Cook, Cook's Helper, Courier, Driver Laundry Aide, EKG Transcriptionist, Environmental Services, Food Services Attendant, Housekeepers, Imaging Assistant, Interpreter Kitchen attendant, Lab Assistant, Laundry, Materials Coordinator, Materials Handler, Medical Secretary, Mental Health Worker, Mental Health Worker/Certified Nursing Assistant, Nurse Extender, Nutrition Assistant, Patient Access, Patient Registration Secretary, Phlebotomist/AM Draw, Phlebotomist, Registration Endoscopy, Registration ER, Registration Secretary, Registration Greeter and Clerks, Rehab Aide, Secretary, Transport, X-Ray Receptionist. But excluding all other employees, confidential employees, business office employees,
managers, guards and supervisors as defined in the Act.",NA,NA,NA,42,2015-04-01,2015-01-01,"101-500",TRUE,"RC","Yes","FATIMA HOSPITAL UNITED NURSES & ALLIED PROFESSIONALS, LOCAL 5110",1,"UNAP",0.744107744107744,"Yes",96
"01-RC-145924","Region 01, Boston, Massachusetts","BROWN UNIVERSITY",2015-02-06,2015-03-30,"PROVIDENCE","RI","A",2015-03-19,6,NA,"UNITED SERVICE & ALLIED WORKERS OF RHODE ISLAND",6,NA,NA,NA,NA,0,6,NA,NA,NA,"UNITED SERVICE & ALLIED WORKERS OF RHODE ISLAND","Initial","Single Labor Organization","Certific. of Representative","Closed","All Service Response Coordinators in Facilities Management employed by the Employer at its Providence, Rhode Island facility, but excluding guards and supervisors as defined in the Act.",NA,NA,NA,41,2015-01-01,2015-01-01,"6-10",TRUE,"RC","Yes","UNITED SERVICE & ALLIED WORKERS OF RHODE ISLAND",0,"Uncoded",1,"Yes",0
"01-RC-145829","Region 01, Boston, Massachusetts","DANIELE, INC.",2015-02-05,2015-03-30,"PASCOAG","RI","A",2015-03-17,23,NA,"TEAMSTERS LOCAL UNION 251 a/w INTERNATIONAL BROTHERHOOD OF TEAMSTERS",15,NA,NA,NA,NA,7,22,NA,1,NA,"TEAMSTERS LOCAL UNION 251 a/w INTERNATIONAL BROTHERHOOD OF TEAMSTERS","Initial","Single Labor Organization","Certific. of Representative","Closed","All full-time and regular part-time shipping and receiving employees employed by Daniele, Inc. at its Burrillville, Rhode Island facilities, including truck drivers, order pickers, shippers, and receivers, but excluding all other employees, production employees, inventory control employees, guards, and supervisors as defined in the Act.",NA,NA,NA,40,2015-01-01,2015-01-01,"11-25",TRUE,"RC","Yes","TEAMSTERS LOCAL UNION 251 a/w INTERNATIONAL BROTHERHOOD OF TEAMSTERS",1,"Teamsters",0.681818181818182,"Yes",1
"01-AC-143744","Region 01, Boston, Massachusetts","RHODE ISLAND HOSPITAL/LIFESPAN CORPORATION",2014-12-31,2015-04-23,"PROVIDENCE","RI",NA,NA,25,NA,NA,NA,NA,NA,NA,NA,NA,NA,NA,NA,NA,NA,NA,NA,"Withdrawal Non-adjusted","Closed",NA,NA,NA,NA,NA,NA,2014-10-01,"11-25",TRUE,"AC","No",NA,0,"Uncoded",NA,"Other",NA
"01-UC-143742","Region 01, Boston, Massachusetts","RHODE ISLAND HOSPITAL/LIFESPAN CORPORATION",2014-12-31,2015-04-23,"PROVIDENCE","RI",NA,NA,25,NA,NA,NA,NA,NA,NA,NA,NA,NA,NA,NA,NA,NA,NA,NA,"Withdrawal Non-adjusted","Closed",NA,NA,NA,NA,NA,NA,2014-10-01,"11-25",TRUE,"UC","No",NA,0,"Uncoded",NA,"Other",NA
"01-RC-142509","Region 01, Boston, Massachusetts","STERICYCLE ENVIRONMENTAL SOLUTIONS, INC.",2014-12-09,2015-02-12,"PROVIDENCE","RI",NA,NA,8,NA,NA,NA,NA,NA,NA,NA,NA,NA,NA,NA,NA,NA,NA,NA,"Withdrawal Non-adjusted","Closed",NA,NA,NA,NA,NA,NA,2014-10-01,"6-10",TRUE,"RC","No",NA,0,"Uncoded",NA,"Other",NA
"01-RD-142084","Region 01, Boston, Massachusetts","MAROTTA FOOD CORP., D/B/A BRAVO SUPERMARKET",2014-12-03,2015-03-27,"PROVIDENCE","RI",NA,NA,23,NA,NA,NA,NA,NA,NA,NA,NA,NA,NA,NA,NA,NA,NA,NA,"Withdrawal Non-adjusted","Closed",NA,NA,NA,NA,NA,NA,2014-10-01,"11-25",TRUE,"RD","No",NA,0,"Uncoded",NA,"Other",NA
"01-RC-141637","Region 01, Boston, Massachusetts","OUR LADY OF FATIMA PROSPECT  CHARTER CARE LLC",2014-11-25,2014-12-04,"NORTH PROVIDENCE","RI",NA,NA,9,NA,NA,NA,NA,NA,NA,NA,NA,NA,NA,NA,NA,NA,NA,NA,"Withdrawal Non-adjusted","Closed",NA,NA,NA,NA,NA,NA,2014-10-01,"6-10",TRUE,"RC","No",NA,0,"Uncoded",NA,"Other",NA
"01-RC-140158","Region 01, Boston, Massachusetts","RHODE ISLAND HOSPITAL",2014-11-03,2014-11-20,"PROVIDENCE","RI",NA,NA,3,NA,NA,NA,NA,NA,NA,NA,NA,NA,NA,NA,NA,NA,NA,NA,"Withdrawal Non-adjusted","Closed",NA,NA,NA,NA,NA,NA,2014-10-01,"<5",TRUE,"RC","No",NA,0,"Uncoded",NA,"Other",NA
"01-RC-140195","Region 01, Boston, Massachusetts","RHODE ISLAND HOSPITAL",2014-11-03,2014-11-18,"PROVIDENCE","RI",NA,NA,4,NA,NA,NA,NA,NA,NA,NA,NA,NA,NA,NA,NA,NA,NA,NA,"Withdrawal Non-adjusted","Closed",NA,NA,NA,NA,NA,NA,2014-10-01,"<5",TRUE,"RC","No",NA,0,"Uncoded",NA,"Other",NA
"01-RC-139983","Region 01, Boston, Massachusetts","RHODE ISLAND SCHOOL OF DESIGN",2014-10-31,2014-12-29,"Providence","RI","A",2014-12-16,24,NA,"NATIONAL EDUCATION ASSOCIATION RHODE ISLAND",16,NA,NA,NA,NA,8,24,NA,NA,NA,"NATIONAL EDUCATION ASSOCIATION RHODE ISLAND","Initial","Single Labor Organization","Certific. of Representative","Closed",NA,NA,NA,NA,46,2014-10-01,2014-10-01,"11-25",TRUE,"RC","Yes","NATIONAL EDUCATION ASSOCIATION RHODE ISLAND",1,"NEA",0.666666666666667,"Yes",0
"01-RC-136502","Region 01, Boston, Massachusetts","OCEAN STATE TRANSIT, LLC",2014-09-10,2014-11-03,"NEWPORT","RI","A",2014-10-22,8,NA,"TEAMSTERS LOCAL UNION 251 a/w INTERNATIONAL BROTHERHOOD OF TEAMSTERS",2,NA,NA,NA,NA,5,7,NA,1,NA,NA,"Initial","Single Labor Organization","Certification of Results","Closed","All full-time and regular part-time bus drivers employed by the Employer pursuant to the Foster-Glocester Regional School District contract; but, excluding all other employees, guard,s and supervisors as defined by the Act.",NA,NA,NA,42,2014-10-01,2014-07-01,"6-10",TRUE,"RC","Yes","TEAMSTERS LOCAL UNION 251 a/w INTERNATIONAL BROTHERHOOD OF TEAMSTERS",1,"Teamsters",0.285714285714286,"No",1
"01-RC-135086","Region 01, Boston, Massachusetts","ABC SUPPLY CO., INC.",2014-08-20,2014-10-29,"PROVIDENCE","RI",NA,NA,4,NA,NA,NA,NA,NA,NA,NA,NA,NA,NA,NA,NA,NA,NA,NA,"Withdrawal Non-adjusted","Closed",NA,NA,NA,NA,NA,NA,2014-07-01,"<5",TRUE,"RC","No",NA,0,"Uncoded",NA,"Other",NA
"01-RC-133926","Region 01, Boston, Massachusetts","MCLAUGHLIN & MORAN, INC.",2014-08-04,2014-09-08,"CRANSTON","RI","A",2014-08-28,4,NA,"TEAMSTERS LOCAL UNION 251 a/w INTERNATIONAL BROTHERHOOD OF TEAMSTERS",3,NA,NA,NA,NA,1,4,NA,NA,NA,"TEAMSTERS LOCAL UNION 251 a/w INTERNATIONAL BROTHERHOOD OF TEAMSTERS","Initial","Single Labor Organization","Certific. of Representative","Closed","The facilities person, the draught service person, the dispatch routing person and the mechanic employed by the Employer at its Cranston, Rhode Island facility but excluding all managers, guards and supervisors as defined in the Act.",NA,NA,NA,24,2014-07-01,2014-07-01,"<5",TRUE,"RC","Yes","TEAMSTERS LOCAL UNION 251 a/w INTERNATIONAL BROTHERHOOD OF TEAMSTERS",1,"Teamsters",0.75,"Yes",0
"01-RC-132536","Region 01, Boston, Massachusetts","THE GRODEN CENTER, INC.",2014-07-11,2014-09-02,"PROVIDENCE","RI","A",2014-08-21,66,1,"SEIU HEALTHCARE 1199 NE",39,NA,NA,NA,NA,20,59,NA,2,NA,"SEIU HEALTHCARE 1199 NE","Initial","Single Labor Organization","Certific. of Representative","Closed","All full time and regular part time non-professionals including Behavior Specialists and Treatment Coordinators at the Groden North and Groden South Schools, but excluding all managers, guards and supervisors as defined in the Act. Office clericals, Intake Coordinators and Art Coordinators may vote in the election subject to challenge.",NA,NA,NA,41,2014-07-01,2014-07-01,"51-100",TRUE,"RC","Yes","SEIU HEALTHCARE 1199 NE",1,"SEIU",0.661016949152542,"Yes",7
"01-RC-131395","Region 01, Boston, Massachusetts","BROWN UNIVERSITY",2014-06-24,2014-07-15,"PROVIDENCE","RI",NA,NA,8,NA,NA,NA,NA,NA,NA,NA,NA,NA,NA,NA,NA,NA,NA,NA,"Withdrawal Non-adjusted","Closed",NA,NA,NA,NA,NA,NA,2014-04-01,"6-10",TRUE,"RC","No",NA,0,"Uncoded",NA,"Other",NA
"01-RC-130725","Region 01, Boston, Massachusetts","GCA SERVICES GROUP, INC.",2014-06-13,2014-08-04,"Central Falls","RI","A",2014-07-22,19,NA,"AMERICAN FEDERATION OF STATE, COUNTY AND MUNICIPAL EMPLOYEES, RI COUNCIL 94 AFSCME, AFL-CIO",11,NA,NA,NA,NA,6,17,NA,NA,NA,"AMERICAN FEDERATION OF STATE, COUNTY AND MUNICIPAL EMPLOYEES, RI COUNCIL 94 AFSCME, AFL-CIO","Initial","Single Labor Organization","Certific. of Representative","Closed","All full-time and regular part-time custodian employees employed by the Employer at Central Falls School District, but excluding all other employees including office clerical employees, guards, professional employees and supervisors as defined in the Act.",NA,NA,NA,39,2014-07-01,2014-04-01,"11-25",TRUE,"RC","Yes","AMERICAN FEDERATION OF STATE, COUNTY AND MUNICIPAL EMPLOYEES, RI COUNCIL 94 AFSCME, AFL-CIO",1,"AFSCME",0.647058823529412,"Yes",2
"01-UC-128126","Region 01, Boston, Massachusetts","McLAUGHLIN & MORAN, INC.",2014-05-07,2014-08-13,"CRANSTON","RI",NA,NA,70,NA,NA,NA,NA,NA,NA,NA,NA,NA,NA,NA,NA,NA,NA,NA,"Dismissal Non-adjusted","Closed",NA,NA,NA,NA,NA,NA,2014-04-01,"51-100",TRUE,"UC","No",NA,0,"Uncoded",NA,"Other",NA
"01-RC-127834","Region 01, Boston, Massachusetts","WESTBAY CAP",2014-05-02,2014-06-10,"WARWICK","RI","A",2014-05-30,13,1,"SEIU HEALTHCARE 1199 NE",0,NA,NA,NA,NA,11,11,NA,NA,NA,NA,"Initial","Single Labor Organization","Certification of Results","Closed","All full-time and regular part-time WIC Nutritionists, Weatherization Auditors, Breastfeeding Peer Counselors, Teachers, Kindergarten Teachers, Pre-K Teachers, AMP Auditors, and School Age Coordinators employed by the Employer at its Warwick, Rhode Island locations but excluding all other employees, managers, guards and supervisors as defined by the Act.",NA,NA,NA,28,2014-04-01,2014-04-01,"11-25",TRUE,"RC","Yes","SEIU HEALTHCARE 1199 NE",1,"SEIU",0,"No",2
"01-RC-127845","Region 01, Boston, Massachusetts","WESTBAY CAP",2014-05-02,2014-06-10,"WARWICK","RI",NA,NA,3,NA,NA,NA,NA,NA,NA,NA,NA,NA,NA,NA,NA,NA,NA,NA,"Certification of Results","Closed",NA,NA,NA,NA,NA,NA,2014-04-01,"<5",TRUE,"RC","No",NA,0,"Uncoded",NA,"No",NA
"01-RC-127846","Region 01, Boston, Massachusetts","WESTBAY COMMUNITY ACTION",2014-05-02,2014-06-10,"WARWICK","RI",NA,NA,3,NA,NA,NA,NA,NA,NA,NA,NA,NA,NA,NA,NA,NA,NA,NA,"Certification of Results","Closed",NA,NA,NA,NA,NA,NA,2014-04-01,"<5",TRUE,"RC","No",NA,0,"Uncoded",NA,"No",NA
"01-RC-124979","Region 01, Boston, Massachusetts","NEW ENGLAND PEST CONTROL CO. d/b/a BIG BLUE BUG SOLUTIONS",2014-03-24,2014-05-13,"PROVIDENCE","RI","A",2014-05-02,33,NA,"TEAMSTERS LOCAL UNION 251 a/w INTERNATIONAL BROTHERHOOD OF TEAMSTERS",6,NA,NA,NA,NA,21,27,NA,5,NA,NA,"Initial","Single Labor Organization","Certification of Results","Closed","All full-time and regular part time technicians and wildlife technicians employed by the Employer at its Providence, Rhode Island facility but excluding all other employees, managers, guards, and supervisors as defined in the Act. 

The Parties stipulate that the mechanic will be permitted to vote subject to challenge",NA,NA,NA,39,2014-04-01,2014-01-01,"26-50",TRUE,"RC","Yes","TEAMSTERS LOCAL UNION 251 a/w INTERNATIONAL BROTHERHOOD OF TEAMSTERS",1,"Teamsters",0.222222222222222,"No",6
"01-RD-118996","Region 01, Boston, Massachusetts","MAROTTA FOOD CORP., d/b/a BRAVO SUPERMARKET",2013-12-16,2013-12-24,"Pawtucket","RI",NA,NA,17,NA,NA,NA,NA,NA,NA,NA,NA,NA,NA,NA,NA,NA,NA,NA,"Dismissal Non-adjusted","Closed",NA,NA,NA,NA,NA,NA,2013-10-01,"11-25",TRUE,"RD","No",NA,0,"Uncoded",NA,"Other",NA
"01-RM-118621","Region 01, Boston, Massachusetts","DIXON VALVE & COUPLING COMPANY, INC.",2013-12-10,2014-02-20,"Warwick","RI",NA,NA,8,NA,NA,NA,NA,NA,NA,NA,NA,NA,NA,NA,NA,NA,NA,NA,"Dismissal Non-adjusted","Closed",NA,NA,NA,NA,NA,NA,2013-10-01,"6-10",TRUE,"RM","No",NA,0,"Uncoded",NA,"Other",NA
"01-RC-116260","Region 01, Boston, Massachusetts","OldCastle APG Northeast, Inc.",2013-11-04,2013-12-23,"CRANSTON","RI","A",2013-12-12,6,NA,"RHODE ISLAND LABORERS' DISTRICT COUNCIL, LOCAL UNION NO. 271, A/W LABORERS' INTERNATIONAL UNION OF NORTH AMERICA,",1,NA,NA,NA,NA,5,6,NA,NA,NA,NA,"Initial","Single Labor Organization","Certification of Results","Closed","Included: All full-time and regular part-time employees, including machine operators, general workers, forklift operators, cubers, inside plant production workers, and working foremen employed at the Employer’s facility located at 30 Budlong Road, Cranston, Rhode Island, 02920. Excluded: All other employees, office clerical employees, administrative employees, confidential employees, technical employees, managerial employees, professional employees, guards, temporary employees, and supervisors as defined in the Act.",NA,NA,NA,38,2013-10-01,2013-10-01,"6-10",TRUE,"RC","Yes","RHODE ISLAND LABORERS' DISTRICT COUNCIL, LOCAL UNION NO. 271, A/W LABORERS' INTERNATIONAL UNION OF NORTH AMERICA,",1,"LIUNA",0.166666666666667,"No",0
"01-RC-114139","Region 01, Boston, Massachusetts","PETRO HEATING & AIR CONDITIONING",2013-09-26,2013-11-15,"Providence","RI","A",2013-11-04,2,NA,"TEAMSTERS LOCAL UNION NO. 251",2,NA,NA,NA,NA,0,2,NA,NA,NA,"TEAMSTERS LOCAL UNION NO. 251","Initial","Single Labor Organization","Certific. of Representative","Closed","All full time and regular part-time service dispatchers employed by the Employer at its 50 Houghton Street, Providence, RI location, but excluding all other employees, guards, and supervisors as defined in the Act.",NA,NA,NA,39,2013-10-01,2013-07-01,"<5",TRUE,"RC","Yes","TEAMSTERS LOCAL UNION NO. 251",1,"Teamsters",1,"Yes",0
"01-RC-113326","Region 01, Boston, Massachusetts","JG Transport Incorporated d/b/a JG Associates, Inc.",2013-09-16,2013-10-30,"WOONSOCKET","RI",NA,NA,21,NA,NA,NA,NA,NA,NA,NA,NA,NA,NA,NA,NA,NA,NA,NA,"Withdrawal Non-adjusted","Closed",NA,NA,NA,NA,NA,NA,2013-07-01,"11-25",TRUE,"RC","No",NA,0,"Uncoded",NA,"Other",NA
"01-RC-112054","Region 01, Boston, Massachusetts","PARK THEATER R.I. CENTER FOR THE PERFORMING ARTS",2013-08-27,2013-09-11,"CRANSTON","RI",NA,NA,15,NA,NA,NA,NA,NA,NA,NA,NA,NA,NA,NA,NA,NA,NA,NA,"Withdrawal Non-adjusted","Closed",NA,NA,NA,NA,NA,NA,2013-07-01,"11-25",TRUE,"RC","No",NA,0,"Uncoded",NA,"Other",NA
"01-RC-111860","Region 01, Boston, Massachusetts","UTGR, Inc. d/b/a Twin River Casino",2013-08-23,2013-11-13,"Lincoln","RI","A",2013-10-31,28,NA,"RHODE ISLAND LABORERS' DISTRICT COUNCIL, LOCAL UNION NO. 271, A/W LABORERS' INTERNATIONAL UNION OF NORTH AMERICA,",26,NA,NA,NA,NA,1,0,NA,NA,NA,"RHODE ISLAND LABORERS' DISTRICT COUNCIL, LOCAL UNION NO. 271, A/W LABORERS' INTERNATIONAL UNION OF NORTH AMERICA,","Initial","Single Labor Organization","Certific. of Representative","Closed","All full time and regular part-time players club representatives employed by the Employer at its Lincoln, Rhode island facility, but excluding all other employees, dual rate supervisor employees, managers, confidential and clerical employees, professional employees, guards, and supervisors as defined in the Act.",NA,NA,NA,69,2013-10-01,2013-07-01,"26-50",TRUE,"RC","Yes","RHODE ISLAND LABORERS' DISTRICT COUNCIL, LOCAL UNION NO. 271, A/W LABORERS' INTERNATIONAL UNION OF NORTH AMERICA,",1,"LIUNA",NA,"Yes",1
"01-RC-110807","Region 01, Boston, Massachusetts","BROWN UNIVERSITY",2013-08-08,2013-09-23,"Providence","RI","A",2013-09-12,4,NA,"UNITED SERVICE & ALLIED WORKERS OF RHODE ISLAND",0,NA,NA,NA,NA,0,4,NA,NA,NA,"UNITED SERVICE & ALLIED WORKERS OF RHODE ISLAND","Initial","Single Labor Organization","Certific. of Representative","Closed","driver clerks, mail services",NA,NA,NA,35,2013-07-01,2013-07-01,"<5",TRUE,"RC","Yes","UNITED SERVICE & ALLIED WORKERS OF RHODE ISLAND",0,"Uncoded",NA,"Yes",4
"01-RC-104601","Region 01, Boston, Massachusetts","JG TRANSPORT, INC. d/b/a JG ASSOCIATES",2013-05-08,2013-07-01,"North Smithfield","RI","A",2013-06-19,9,NA,"INTERNATIONAL ASSOCIATION OF MACHINISTS & AEROSPACE WORKERS, AFL-CIO, DL 15",5,NA,NA,NA,NA,4,9,NA,NA,NA,"INTERNATIONAL ASSOCIATION OF MACHINISTS & AEROSPACE WORKERS, AFL-CIO, DL 15","Initial","Single Labor Organization","Certific. of Representative","Closed","All full time and regular part time lumpers/dockworkers, including the second shift (3:00 – 11:00 p.m.) supervisor employed by the Employer at its 150 Industrial Drive, North Smithfield, Rhode Island location, but excluding all other employees, office clerical employees, managers, guards and supervisors as defined by the Act.",NA,NA,NA,42,2013-04-01,2013-04-01,"6-10",TRUE,"RC","Yes","INTERNATIONAL ASSOCIATION OF MACHINISTS & AEROSPACE WORKERS, AFL-CIO, DL 15",1,"IAM",0.555555555555556,"Yes",0
"01-RC-104080","Region 01, Boston, Massachusetts","Butcher Block Meats, LTD. d/b/a Brigido's Fresh Market",2013-05-01,2013-05-31,"Pascoag","RI",NA,NA,36,NA,NA,NA,NA,NA,NA,NA,NA,NA,NA,NA,NA,NA,NA,NA,"Withdrawal Non-adjusted","Closed",NA,NA,NA,NA,NA,NA,2013-04-01,"26-50",TRUE,"RC","No",NA,0,"Uncoded",NA,"Other",NA
"01-RC-103833","Region 01, Boston, Massachusetts","Providence College",2013-04-29,2013-06-04,"Providence","RI","A",2013-05-21,29,NA,"RHODE ISLAND LABORERS' DISTRICT COUNCIL",27,NA,NA,NA,NA,0,0,NA,NA,NA,"RHODE ISLAND LABORERS' DISTRICT COUNCIL","Initial","Single Labor Organization","Certific. of Representative","Closed",NA,NA,NA,NA,22,2013-04-01,2013-04-01,"26-50",TRUE,"RC","Yes","RHODE ISLAND LABORERS' DISTRICT COUNCIL",1,"LIUNA",NA,"Yes",2
"01-RD-103838","Region 01, Boston, Massachusetts","Providence College",2013-04-29,2013-05-14,"Providence","RI",NA,NA,30,NA,NA,NA,NA,NA,NA,NA,NA,NA,NA,NA,NA,NA,NA,NA,"Withdrawal Non-adjusted","Closed",NA,NA,NA,NA,NA,NA,2013-04-01,"26-50",TRUE,"RD","No",NA,0,"Uncoded",NA,"Other",NA
"01-RC-097885","Region 01, Boston, Massachusetts","Elmhurst Extended Care",2013-02-07,2013-03-13,"Providence","RI",NA,NA,150,NA,NA,NA,NA,NA,NA,NA,NA,NA,NA,NA,NA,NA,NA,NA,"Withdrawal Adjusted","Closed",NA,NA,NA,NA,NA,NA,2013-01-01,"101-500",TRUE,"RC","No",NA,0,"Uncoded",NA,"Other",NA
"01-RC-096663","Region 01, Boston, Massachusetts","Phillips Services Corp. (PSC Enviromental Co.)",2013-01-18,2013-03-06,"Providence","RI",NA,NA,7,NA,NA,NA,NA,NA,NA,NA,NA,NA,NA,NA,NA,NA,NA,NA,"Withdrawal Adjusted","Closed",NA,NA,NA,NA,NA,NA,2013-01-01,"6-10",TRUE,"RC","No",NA,0,"Uncoded",NA,"Other",NA
"01-RC-096568","Region 01, Boston, Massachusetts","APG Security",2013-01-17,2013-03-26,"Warwick","RI","A",2013-03-15,16,NA,"United Federation of Special Police & Security Officers, Inc.",2,NA,NA,NA,NA,12,14,NA,NA,NA,NA,"Initial","Single Labor Organization","Certification of Results","Closed","All full-time and regular part-time guards and lead guards employed by the
Employer at Holy Family Hospital in Methuen, Massachusetts, but excluding
office clerical employees, professional employees, and supervisors as defined in
the Act.",NA,NA,NA,57,2013-01-01,2013-01-01,"11-25",TRUE,"RC","Yes","United Federation of Special Police & Security Officers, Inc.",1,"United Federation LEOS-PBA",0.142857142857143,"No",2
"01-RC-096393","Region 01, Boston, Massachusetts","Ocean State Transit, LLC",2013-01-15,2013-02-27,"Newport","RI",NA,NA,9,NA,NA,NA,NA,NA,NA,NA,NA,NA,NA,NA,NA,NA,NA,NA,"Withdrawal Non-adjusted","Closed",NA,NA,NA,NA,NA,NA,2013-01-01,"6-10",TRUE,"RC","No",NA,0,"Uncoded",NA,"Other",NA
"01-RD-096299","Region 01, Boston, Massachusetts","CH2MHill",2013-01-14,2013-01-25,"Woonsocket","RI",NA,NA,6,NA,NA,NA,NA,NA,NA,NA,NA,NA,NA,NA,NA,NA,NA,NA,"Withdrawal Non-adjusted","Closed",NA,NA,NA,NA,NA,NA,2013-01-01,"6-10",TRUE,"RD","No",NA,0,"Uncoded",NA,"Other",NA
"01-RC-095992","Region 01, Boston, Massachusetts","First Student, Inc.",2013-01-08,2013-02-14,"Tiverton","RI","A",2013-01-30,68,NA,"AFSCME RI COUNCIL 94, LOCAL 670A, AFL-CIO",39,NA,NA,NA,NA,20,59,NA,NA,NA,"AFSCME RI COUNCIL 94, LOCAL 670A, AFL-CIO","Initial","Single Labor Organization","Certific. of Representative","Closed","All full-time and regular part-time bus drivers, bus aides, bus monitors, clerks, driver trainer, and spares employed by the Employer at is 3624 Main Road, Tiverton, Rhode Island facility, but excluding guards, professional employees, and supervisors as defined in the Act.",NA,NA,NA,22,2013-01-01,2013-01-01,"51-100",TRUE,"RC","Yes","AFSCME RI COUNCIL 94, LOCAL 670A, AFL-CIO",1,"AFSCME",0.661016949152542,"Yes",9
"01-UC-095531","Region 01, Boston, Massachusetts","UTGR, Inc. d/b/a Twin River Casino",2012-12-27,2013-04-04,"Lincoln","RI",NA,NA,427,NA,NA,NA,NA,NA,NA,NA,NA,NA,NA,NA,NA,NA,NA,NA,"Dismissal Non-adjusted","Closed",NA,NA,NA,NA,NA,NA,2012-10-01,"101-500",TRUE,"UC","No",NA,0,"Uncoded",NA,"Other",NA
"01-RC-093908","Region 01, Boston, Massachusetts","First Student",2012-11-29,2013-01-15,"Providence","RI","A",2013-01-04,3,NA,"INTERNATIONAL BROTHERHOOD OF TEAMSTERS LOCAL 251",2,NA,NA,NA,NA,1,3,NA,NA,NA,"INTERNATIONAL BROTHERHOOD OF TEAMSTERS LOCAL 251","Initial","Single Labor Organization","Certific. of Representative","Closed","Included:  All full- time technicians in charge (TIC's)

Excluded:  All other employees, supervisors, guards, managers and guards as defined in the Act",NA,NA,NA,36,2013-01-01,2012-10-01,"<5",TRUE,"RC","Yes","INTERNATIONAL BROTHERHOOD OF TEAMSTERS LOCAL 251",1,"Teamsters",0.666666666666667,"Yes",0
"01-RC-093817","Region 01, Boston, Massachusetts","Rhode Island PBS Foundation",2012-11-28,2012-12-28,"Providence","RI",NA,NA,8,NA,NA,NA,NA,NA,NA,NA,NA,NA,NA,NA,NA,NA,NA,NA,"Withdrawal Non-adjusted","Closed",NA,NA,NA,NA,NA,NA,2012-10-01,"6-10",TRUE,"RC","No",NA,0,"Uncoded",NA,"Other",NA
"01-UC-093834","Region 01, Boston, Massachusetts","First Student",2012-11-28,2012-11-30,"Providence","RI",NA,NA,14,NA,NA,NA,NA,NA,NA,NA,NA,NA,NA,NA,NA,NA,NA,NA,"Withdrawal Non-adjusted","Closed",NA,NA,NA,NA,NA,NA,2012-10-01,"11-25",TRUE,"UC","No",NA,0,"Uncoded",NA,"Other",NA
"01-RC-092815","Region 01, Boston, Massachusetts","INTERSTATE BRANDS CORPORATION d/b/a HOSTESS BRANDS",2012-11-08,2012-12-03,"Warwick","RI",NA,NA,5,NA,NA,NA,NA,NA,NA,NA,NA,NA,NA,NA,NA,NA,NA,NA,"Withdrawal Non-adjusted","Closed",NA,NA,NA,NA,NA,NA,2012-10-01,"<5",TRUE,"RC","No",NA,0,"Uncoded",NA,"Other",NA
"01-RC-091729","Region 01, Boston, Massachusetts","New England Ambulance, Inc.",2012-10-22,2013-02-22,"Johnston","RI","A",2012-11-30,119,NA,"NATIONAL ASSOCIATION OF GOVERNMENT EMPLOYEES AFFILIATED WITH SERVICE EMPLOYEES INTERNATIONAL UNION (SEIUNAGE LOCAL 5000)",14,NA,NA,NA,NA,30,44,NA,1,NA,NA,"Initial","Single Labor Organization","Certification of Results","Closed",NA,NA,NA,NA,39,2012-10-01,2012-10-01,"101-500",TRUE,"RC","Yes","NATIONAL ASSOCIATION OF GOVERNMENT EMPLOYEES AFFILIATED WITH SERVICE EMPLOYEES INTERNATIONAL UNION (SEIUNAGE LOCAL 5000)",1,"NAGE",0.318181818181818,"No",75
"01-RC-091741","Region 01, Boston, Massachusetts","Brown University",2012-10-22,2012-10-24,"Providence","RI",NA,NA,2,NA,NA,NA,NA,NA,NA,NA,NA,NA,NA,NA,NA,NA,NA,NA,"Withdrawal Non-adjusted","Closed",NA,NA,NA,NA,NA,NA,2012-10-01,"<5",TRUE,"RC","No",NA,0,"Uncoded",NA,"Other",NA
"01-RC-091350","Region 01, Boston, Massachusetts","Brown University",2012-10-16,2012-12-18,"Providence","RI","A",2012-11-16,2,NA,"UNITED SERVICE & ALLIED WORKERS OF RHODE ISLAND",2,NA,NA,NA,NA,0,2,NA,NA,NA,"UNITED SERVICE & ALLIED WORKERS OF RHODE ISLAND","Initial","Single Labor Organization","Certific. of Representative","Closed","All full-time and regular part-time parking officers but excluding all other employees, office clerical employees, managers, guards, and supervisors as defined in the Act.",NA,NA,NA,31,2012-10-01,2012-10-01,"<5",TRUE,"RC","Yes","UNITED SERVICE & ALLIED WORKERS OF RHODE ISLAND",0,"Uncoded",1,"Yes",0
"01-RC-088780","Region 01, Boston, Massachusetts","Superior Plus Energy Services",2012-09-07,2012-11-08,"Providence","RI","A",2012-10-18,14,NA,"INTERNATIONAL BROTHERHOOD OF TEAMSTERS LOCAL UNION NO. 251",7,NA,NA,NA,NA,7,14,NA,NA,NA,NA,"Initial","Single Labor Organization","Certification of Results","Closed","All full-time and regular part-time service technicians employed by the Employer at its 31 Hylestead Street, Providence, Rhode Island facility, but excluding all other employees, managers, guards and supervisors as defined in the Act.",NA,NA,NA,41,2012-10-01,2012-07-01,"11-25",TRUE,"RC","Yes","INTERNATIONAL BROTHERHOOD OF TEAMSTERS LOCAL UNION NO. 251",1,"Teamsters",0.5,"No",0
"01-UD-088192","Region 01, Boston, Massachusetts","First Student",2012-08-29,2012-11-13,"Wyoming","RI",NA,NA,26,NA,NA,NA,NA,NA,NA,NA,NA,NA,NA,NA,NA,NA,NA,NA,"Dismissal Non-adjusted","Closed",NA,NA,NA,NA,NA,NA,2012-07-01,"26-50",TRUE,"UD","No",NA,0,"Uncoded",NA,"Other",NA
"01-RC-083991","Region 01, Boston, Massachusetts","First Student, Inc.",2012-06-27,2012-11-08,"Warren","RI","A",2012-09-07,48,NA,"AMALGAMATED TRANSIT UNION LOCAL NO. 618, AFL-CIO",32,NA,NA,NA,NA,0,0,NA,1,NA,"AMALGAMATED TRANSIT UNION LOCAL NO. 618, AFL-CIO","Initial","Single Labor Organization","Certific. of Representative","Closed","All full-time and regular part-time bus aides/monitors/attendants employed by the Employer at its Warwick, Rhode Island premises including those who perform their job duties in and around Warwick and Jamestown, Rhode Island, but excluding all mechanics, maintenance, fuelers, dispatchers, office clericals, guards and supervisors as defined by the Act.",NA,NA,NA,72,2012-07-01,2012-04-01,"26-50",TRUE,"RC","Yes","AMALGAMATED TRANSIT UNION LOCAL NO. 618, AFL-CIO",1,"ATU",NA,"Yes",16
"01-RC-083909","Region 01, Boston, Massachusetts","Airgas, Inc.",2012-06-26,2012-08-27,"East Greenwich","RI","A",2012-07-26,6,NA,"INTERNATIONAL BROTHERHOOD OF TEAMSTERS LOCAL UNION NO. 251",4,NA,NA,NA,NA,2,6,NA,NA,NA,"INTERNATIONAL BROTHERHOOD OF TEAMSTERS LOCAL UNION NO. 251","Initial","Single Labor Organization","Certific. of Representative","Closed","All full-time and regular part-time drivers employed by the Employer at its 120 Telmore Road, East Greenwich and 231 Jefferson Blvd., Warwick, RI facilities, but excluding all other employees including managers, guards and supervisors as defined in the Act.",NA,NA,NA,30,2012-07-01,2012-04-01,"6-10",TRUE,"RC","Yes","INTERNATIONAL BROTHERHOOD OF TEAMSTERS LOCAL UNION NO. 251",1,"Teamsters",0.666666666666667,"Yes",0
"01-RC-081292","Region 01, Boston, Massachusetts","Bannister House",2012-05-18,2012-07-23,"Providence","RI","A",2012-07-12,7,NA,"NEW ENGLAND HEALTH CARE EMPLOYEES UNION DISTRICT 1199, SEIU",4,NA,NA,NA,NA,3,7,NA,NA,NA,"NEW ENGLAND HEALTH CARE EMPLOYEES UNION DISTRICT 1199, SEIU","Initial","Single Labor Organization","Certific. of Representative","Closed","All full-time, regular part-time and per diem registered nurses employed by the Employer at its Providence, Rhode Island facility but excluding guards and supervisors as defined in the Act.",NA,NA,NA,55,2012-07-01,2012-04-01,"6-10",TRUE,"RC","Yes","NEW ENGLAND HEALTH CARE EMPLOYEES UNION DISTRICT 1199, SEIU",1,"SEIU",0.571428571428571,"Yes",0
"01-UC-081315","Region 01, Boston, Massachusetts","Visiting Nurse Home Care",2012-05-18,2013-04-10,"Lincoln","RI",NA,NA,14,NA,NA,NA,NA,NA,NA,NA,NA,NA,NA,NA,NA,NA,NA,NA,"Dismissal Non-adjusted","Closed",NA,NA,NA,NA,NA,NA,2012-04-01,"11-25",TRUE,"UC","No",NA,0,"Uncoded",NA,"Other",NA
"01-UC-081085","Region 01, Boston, Massachusetts","AT WALL COMPANY",2012-05-16,2014-10-06,"Warwick","RI",NA,NA,28,NA,NA,NA,NA,NA,NA,NA,NA,NA,NA,NA,NA,NA,NA,NA,"Unit Clarification","Closed",NA,NA,NA,NA,NA,NA,2012-04-01,"26-50",TRUE,"UC","No",NA,0,"Uncoded",NA,"Other",NA
"01-RC-080478","Region 01, Boston, Massachusetts","Capital Power",2012-05-08,2012-11-08,"Tiverton","RI","A",2012-07-18,13,NA,"INTERNATIONAL BROTHERHOOD OF UTILITY WORKERS OF AMERICA, LOCAL 310, AFL-CIO",7,NA,NA,NA,NA,6,13,NA,NA,NA,"INTERNATIONAL BROTHERHOOD OF UTILITY WORKERS OF AMERICA, LOCAL 310, AFL-CIO","Initial","Single Labor Organization","Certific. of Representative","Closed","All full-time and regular part-time boiler operators, control room operators, and maintenance employees employed at the Employer’s 304 Progress Road facility in Tiverton, Rhode Island, but excluding all other employees, managers, guards and supervisors as defined in the Act.",NA,NA,NA,71,2012-07-01,2012-04-01,"11-25",TRUE,"RC","Yes","INTERNATIONAL BROTHERHOOD OF UTILITY WORKERS OF AMERICA, LOCAL 310, AFL-CIO",0,"Uncoded",0.538461538461538,"Yes",0
"01-RC-079351","Region 01, Boston, Massachusetts","Maron Construction Co.",2012-04-23,2012-05-03,"Providence","RI",NA,NA,3,NA,NA,NA,NA,NA,NA,NA,NA,NA,NA,NA,NA,NA,NA,NA,"Withdrawal Non-adjusted","Closed",NA,NA,NA,NA,NA,NA,2012-04-01,"<5",TRUE,"RC","No",NA,0,"Uncoded",NA,"Other",NA
"01-RC-079348","Region 01, Boston, Massachusetts","LF Clavin",2012-04-23,2012-05-03,"Warwick","RI",NA,NA,4,NA,NA,NA,NA,NA,NA,NA,NA,NA,NA,NA,NA,NA,NA,NA,"Withdrawal Non-adjusted","Closed",NA,NA,NA,NA,NA,NA,2012-04-01,"<5",TRUE,"RC","No",NA,0,"Uncoded",NA,"Other",NA
"01-RC-079347","Region 01, Boston, Massachusetts","Korel Construction",2012-04-23,2012-05-03,"Cranston","RI",NA,NA,5,NA,NA,NA,NA,NA,NA,NA,NA,NA,NA,NA,NA,NA,NA,NA,"Withdrawal Non-adjusted","Closed",NA,NA,NA,NA,NA,NA,2012-04-01,"<5",TRUE,"RC","No",NA,0,"Uncoded",NA,"Other",NA
"01-RC-079345","Region 01, Boston, Massachusetts","EF O'Donnell",2012-04-23,2012-05-03,"Providence","RI",NA,NA,7,NA,NA,NA,NA,NA,NA,NA,NA,NA,NA,NA,NA,NA,NA,NA,"Withdrawal Non-adjusted","Closed",NA,NA,NA,NA,NA,NA,2012-04-01,"6-10",TRUE,"RC","No",NA,0,"Uncoded",NA,"Other",NA
"01-RC-079343","Region 01, Boston, Massachusetts","Custom Drywall",2012-04-23,2012-05-03,"East Providence","RI",NA,NA,9,NA,NA,NA,NA,NA,NA,NA,NA,NA,NA,NA,NA,NA,NA,NA,"Withdrawal Non-adjusted","Closed",NA,NA,NA,NA,NA,NA,2012-04-01,"6-10",TRUE,"RC","No",NA,0,"Uncoded",NA,"Other",NA
"01-RC-079353","Region 01, Boston, Massachusetts","Service Contracting",2012-04-23,2012-05-03,"Johnston","RI",NA,NA,10,NA,NA,NA,NA,NA,NA,NA,NA,NA,NA,NA,NA,NA,NA,NA,"Withdrawal Non-adjusted","Closed",NA,NA,NA,NA,NA,NA,2012-04-01,"6-10",TRUE,"RC","No",NA,0,"Uncoded",NA,"Other",NA
"01-RC-079339","Region 01, Boston, Massachusetts","Colorscapes",2012-04-23,2012-05-03,"Woonsocket","RI",NA,NA,11,NA,NA,NA,NA,NA,NA,NA,NA,NA,NA,NA,NA,NA,NA,NA,"Withdrawal Non-adjusted","Closed",NA,NA,NA,NA,NA,NA,2012-04-01,"11-25",TRUE,"RC","No",NA,0,"Uncoded",NA,"Other",NA
"01-RC-079346","Region 01, Boston, Massachusetts","H. Carr & Sons",2012-04-23,2012-05-03,"Providence","RI",NA,NA,15,NA,NA,NA,NA,NA,NA,NA,NA,NA,NA,NA,NA,NA,NA,NA,"Withdrawal Non-adjusted","Closed",NA,NA,NA,NA,NA,NA,2012-04-01,"11-25",TRUE,"RC","No",NA,0,"Uncoded",NA,"Other",NA
"01-RC-079341","Region 01, Boston, Massachusetts","Contract Coatings",2012-04-23,2012-05-03,"Rumford","RI",NA,NA,18,NA,NA,NA,NA,NA,NA,NA,NA,NA,NA,NA,NA,NA,NA,NA,"Withdrawal Non-adjusted","Closed",NA,NA,NA,NA,NA,NA,2012-04-01,"11-25",TRUE,"RC","No",NA,0,"Uncoded",NA,"Other",NA
"01-RC-079355","Region 01, Boston, Massachusetts","WF Shea",2012-04-23,2012-05-03,"Warwick","RI",NA,NA,18,NA,NA,NA,NA,NA,NA,NA,NA,NA,NA,NA,NA,NA,NA,NA,"Withdrawal Non-adjusted","Closed",NA,NA,NA,NA,NA,NA,2012-04-01,"11-25",TRUE,"RC","No",NA,0,"Uncoded",NA,"Other",NA
"01-RC-079336","Region 01, Boston, Massachusetts","Century Drywall",2012-04-23,2012-05-03,"Lincoln","RI",NA,NA,30,NA,NA,NA,NA,NA,NA,NA,NA,NA,NA,NA,NA,NA,NA,NA,"Withdrawal Non-adjusted","Closed",NA,NA,NA,NA,NA,NA,2012-04-01,"26-50",TRUE,"RC","No",NA,0,"Uncoded",NA,"Other",NA
"01-RC-077679","Region 01, Boston, Massachusetts","Visiting Nurse Home Care",2012-03-29,2012-06-07,"Lincoln","RI","A",2012-04-19,14,NA,"UNITED NURSES & ALLIED PROFESSIONALS, LOCAL 5050",8,NA,NA,NA,NA,5,13,NA,1,NA,"UNITED NURSES & ALLIED PROFESSIONALS, LOCAL 5050","Initial","Single Labor Organization","Certific. of Representative","Closed","All full time and regular part time office clerical employees, including medical equipment clerks, patient health information clerks, patient care coordinators, clinical schedulers, switch board operator/receptionists, help desk/technical training employees, billing and reimbursement specialists, patient health information compliance clerks, communication associates, and  purchasing and facilities assistants employed by the Employer at its facility located at 6 Blackstone Valley Place, Suite 515, Lincoln, RI, but excluding all other employees, managers, confidential employees, guards and supervisors as defined in the Act.",NA,NA,NA,21,2012-04-01,2012-01-01,"11-25",TRUE,"RC","Yes","UNITED NURSES & ALLIED PROFESSIONALS, LOCAL 5050",1,"UNAP",0.615384615384615,"Yes",1
"01-RC-074740","Region 01, Boston, Massachusetts","Fellowship Health Resources",2012-02-17,2012-02-28,"Lincoln","RI",NA,NA,180,NA,NA,NA,NA,NA,NA,NA,NA,NA,NA,NA,NA,NA,NA,NA,"Withdrawal Non-adjusted","Closed",NA,NA,NA,NA,NA,NA,2012-01-01,"101-500",TRUE,"RC","No",NA,0,"Uncoded",NA,"Other",NA
"01-RC-073853","Region 01, Boston, Massachusetts","Rhode Island School of Design",2012-02-06,2012-06-07,"Providence","RI","A",2012-04-06,3,NA,"NEW ENGLAND COALITION OF PUBLIC SAFETY",3,NA,NA,NA,NA,0,3,NA,NA,NA,"NEW ENGLAND COALITION OF PUBLIC SAFETY","Initial","Single Labor Organization","Certific. of Representative","Closed",NA,NA,NA,NA,60,2012-04-01,2012-01-01,"<5",TRUE,"RC","Yes","NEW ENGLAND COALITION OF PUBLIC SAFETY",1,"ACOPS",1,"Yes",0
"01-RD-072611","Region 01, Boston, Massachusetts","Rhode Island School of Design",2012-01-18,2012-01-26,"Providence","RI","A",2012-02-16,20,NA,"RHODE ISLAND SCHOOL OF DESIGN FACILITIES TRADES ASSOCIATION",10,NA,NA,NA,NA,9,19,NA,NA,NA,"RHODE ISLAND SCHOOL OF DESIGN FACILITIES TRADES ASSOCIATION","Initial","Single Labor Organization","Certific. of Representative","Closed","All full-time and regular part time building engineers, carpenters, lead carpenters, journeyman electricians, apprentice electricians, lead electricians, HVAC mechanics, painters, lead painters, locksmiths, maintenance techs/buildings. Maintenance technicians, journeyman plumbers, master plumbers, preventive maintenance techs and senior maintenance techs employed by the Employer at its Providence, Rhode Island location, but excluding custodians, grounds employees, office employees, professional employees, managerial employees, guards and supervisors as defined in the Act.",NA,NA,NA,29,2012-01-01,2012-01-01,"11-25",TRUE,"RD","Yes","RHODE ISLAND SCHOOL OF DESIGN FACILITIES TRADES ASSOCIATION",0,"Uncoded",0.526315789473684,"Yes",1
"01-RC-068550","Region 01, Boston, Massachusetts","First Student",2011-11-09,2012-02-15,"Wyoming","RI","A",2011-12-09,18,NA,"INTERNATIONAL BROTHERHOOD OF TEAMSTERS LOCAL UNION NO. 251",11,NA,NA,NA,NA,7,18,NA,NA,NA,"INTERNATIONAL BROTHERHOOD OF TEAMSTERS LOCAL UNION NO. 251","Initial","Single Labor Organization","Certific. of Representative","Closed",NA,NA,NA,NA,30,2011-10-01,2011-10-01,"11-25",TRUE,"RC","Yes","INTERNATIONAL BROTHERHOOD OF TEAMSTERS LOCAL UNION NO. 251",1,"Teamsters",0.611111111111111,"Yes",0
"01-RC-066548","Region 01, Boston, Massachusetts","First Student",2011-10-12,2011-11-14,"Providence","RI","A",2011-11-03,24,NA,"UNITED FOOD & COMMERCIAL WORKERS LOCAL 328, AFL-CIO",13,NA,NA,NA,NA,0,13,NA,NA,NA,"UNITED FOOD & COMMERCIAL WORKERS LOCAL 328, AFL-CIO","Initial","Single Labor Organization","Certific. of Representative","Closed","All full-time and regular part-time statewide contracted bus monitors employed by the Employer at its 3 Ricom Way, Providence, Rhode Island premises, but excluding all spare monitors, Providence school bus monitors, drivers, mechanics, maintenance, fuelers, dispatchers, office clericals, guards and supervisors as defined by the Act.",NA,NA,NA,22,2011-10-01,2011-10-01,"11-25",TRUE,"RC","Yes","UNITED FOOD & COMMERCIAL WORKERS LOCAL 328, AFL-CIO",1,"UFCW",1,"Yes",11
"01-RC-066006","Region 01, Boston, Massachusetts","Jani-King",2011-10-04,2012-02-08,"East Providence","RI","A",2011-11-10,30,NA,"American Federation of State, County, and Municipal Employees Maryland Council 3",7,NA,NA,NA,NA,23,30,NA,2,NA,NA,"Initial","Single Labor Organization","Certification of Results","Closed",NA,NA,NA,NA,37,2011-10-01,2011-10-01,"26-50",TRUE,"RC","Yes","American Federation of State, County, and Municipal Employees Maryland Council 3",1,"AFSCME",0.233333333333333,"No",0
"01-RC-063194","Region 01, Boston, Massachusetts","Albion Court",2011-08-24,2012-01-31,"Lincoln","RI","A",2012-01-18,41,NA,"RHODE ISLAND LABORERS' DISTRICT COUNCIL ON BEHALF OF LOCAL UNION  NO. 251, A/W LABORERS' INTERNATIO",7,NA,NA,NA,NA,28,35,NA,NA,NA,"RHODE ISLAND LABORERS' DISTRICT COUNCIL ON BEHALF OF LOCAL UNION  NO. 251, A/W LABORERS' INTERNATIO","Initial","Single Labor Organization","Certification of Results","Closed","All full-time and regular part-time CNA's, CMT's, Food Service employees/Cooks, Housekeeping employees, and Life Enrichment Assistants,  employed by the Employer at its in Lincoln, Rhode Island facility, excluding all other employees, confidential and managerial employees, guards, and supervisors as defined in the Act.",NA,NA,NA,147,2012-01-01,2011-07-01,"26-50",TRUE,"RC","Yes","RHODE ISLAND LABORERS' DISTRICT COUNCIL ON BEHALF OF LOCAL UNION  NO. 251, A/W LABORERS' INTERNATIO",1,"LIUNA",0.2,"No",6
"01-RC-022541","Region 01, Boston, Massachusetts","Durham School Services",2011-05-06,2011-06-28,"Cumberland","RI","A",2011-06-17,35,NA,"AMALGAMATED TRANSIT UNION - DIVISION 618, AFL-CIO",12,NA,NA,NA,NA,20,32,NA,NA,NA,NA,"Initial","Single Labor Organization","Certification of Results","Closed","All full time and regular part-time bus aides, monitors, and drivers employed by the Employer at its Woonsocket, Rhode Island facility, but excluding all other employees, mechanics, maintenance workers, fuelers, dispatchers, office clericals, and guards and supervisors as defined in the Act.",NA,NA,NA,42,2011-04-01,2011-04-01,"26-50",TRUE,"RC","Yes","AMALGAMATED TRANSIT UNION - DIVISION 618, AFL-CIO",1,"ATU",0.375,"No",3
"01-RC-022540","Region 01, Boston, Massachusetts","Durham School Services",2011-05-06,2011-06-28,"Cumberland","RI","A",2011-06-17,56,NA,"AMALGAMATED TRANSIT UNION, Local 1220",23,NA,NA,NA,NA,29,52,NA,NA,NA,NA,"Initial","Single Labor Organization","Certification of Results","Closed","All full time and regular part-time bus aides, monitors, and drivers employed by the Employer at its Cumberland, Rhode Island facility, but excluding all other employees, mechanics, maintenance workers, fuelers, dispatchers, office clericals, and guards and supervisors as defined in the Act.",NA,NA,NA,42,2011-04-01,2011-04-01,"51-100",TRUE,"RC","Yes","AMALGAMATED TRANSIT UNION, Local 1220",1,"ATU",0.442307692307692,"No",4
"01-RD-002160","Region 01, Boston, Massachusetts","First Student",2011-04-29,2011-06-21,"Warwick","RI","A",2011-06-10,109,NA,"AMALGAMATED TRANSIT UNION LOCAL NO. 618, AFL-CIO",69,NA,NA,NA,NA,4,73,NA,NA,NA,"AMALGAMATED TRANSIT UNION LOCAL NO. 618, AFL-CIO","Initial","Single Labor Organization","Certific. of Representative","Closed","All Drivers from the Employer's Warwick and Jamestown, Rhode Island locations, but excluding all other employees, guards, and supervisors as defined by the Act",NA,NA,NA,42,2011-04-01,2011-04-01,"101-500",TRUE,"RD","Yes","AMALGAMATED TRANSIT UNION LOCAL NO. 618, AFL-CIO",1,"ATU",0.945205479452055,"Yes",36
"01-UD-000306","Region 01, Boston, Massachusetts","Chenega Security and Protection Services",2011-03-07,2011-05-16,"Rhode Island","RI",NA,NA,9,NA,NA,NA,NA,NA,NA,NA,NA,NA,NA,NA,NA,NA,NA,NA,"Certification of Results","Closed",NA,NA,NA,NA,NA,NA,2011-01-01,"6-10",TRUE,"UD","No",NA,0,"Uncoded",NA,"No",NA
"01-UD-000305","Region 01, Boston, Massachusetts","Wackenhut Services Inc.",2011-03-07,2011-05-16,"Rhode Island","RI",NA,NA,13,NA,NA,NA,NA,NA,NA,NA,NA,NA,NA,NA,NA,NA,NA,NA,"Certification of Results","Closed",NA,NA,NA,NA,NA,NA,2011-01-01,"11-25",TRUE,"UD","No",NA,0,"Uncoded",NA,"No",NA
"01-UD-000304","Region 01, Boston, Massachusetts","Wackenhut Services, Inc.",2011-02-17,2011-02-24,"Newport","RI",NA,NA,22,NA,NA,NA,NA,NA,NA,NA,NA,NA,NA,NA,NA,NA,NA,NA,"Withdrawal Non-adjusted","Closed",NA,NA,NA,NA,NA,NA,2011-01-01,"11-25",TRUE,"UD","No",NA,0,"Uncoded",NA,"Other",NA
"01-RD-002155","Region 01, Boston, Massachusetts","First Student",2011-02-16,2011-02-22,"Warwick","RI",NA,NA,110,NA,NA,NA,NA,NA,NA,NA,NA,NA,NA,NA,NA,NA,NA,NA,"Withdrawal Non-adjusted","Closed",NA,NA,NA,NA,NA,NA,2011-01-01,"101-500",TRUE,"RD","No",NA,0,"Uncoded",NA,"Other",NA
"01-UC-000884","Region 01, Boston, Massachusetts","Rhode Island School of Design",2011-02-10,2011-03-16,"Providence","RI",NA,NA,41,NA,NA,NA,NA,NA,NA,NA,NA,NA,NA,NA,NA,NA,NA,NA,"Withdrawal Non-adjusted","Closed",NA,NA,NA,NA,NA,NA,2011-01-01,"26-50",TRUE,"UC","No",NA,0,"Uncoded",NA,"Other",NA
"01-RC-022518","Region 01, Boston, Massachusetts","First Student",2011-01-20,2011-03-01,"Rhode Island","RI","A",2011-02-18,19,NA,"AMALGAMATED TRANSIT UNION, DIVISION 618, AFL-CIO",5,NA,NA,NA,NA,8,13,"N",NA,"N",NA,"Initial","Single Labor Organization","Certification of Results","Closed","All full-time and regular part-time bus aides/monitors employed by the Employer at its Warwick, Rhode Island premises including those who perform their job duties in and around Warwick and Jamestown, Rhode Island, but excluding all mechanics, mainten",NA,NA,NA,29,2011-01-01,2011-01-01,"11-25",TRUE,"RC","Yes","AMALGAMATED TRANSIT UNION, DIVISION 618, AFL-CIO",1,"ATU",0.384615384615385,"No",6
"01-UC-000883","Region 01, Boston, Massachusetts","First Student, Inc.",2011-01-10,2011-01-24,"Warren","RI",NA,NA,122,NA,NA,NA,NA,NA,NA,NA,NA,NA,NA,NA,NA,NA,NA,NA,"Withdrawal Non-adjusted","Closed",NA,NA,NA,NA,NA,NA,2011-01-01,"101-500",TRUE,"UC","No",NA,0,"Uncoded",NA,"Other",NA
"31-RC-008846","Region 31, Los Angeles, California","Minute Clinic",2011-01-04,2011-03-11,"Woonsocket","RI","A",2011-03-02,29,NA,"UNITED FOOD AND COMMERCIAL WORKERS UNION LOCAL 324",11,NA,NA,NA,NA,15,26,"N",2,"N",NA,"Initial","Single Labor Organization","Certification of Results","Closed","INCLUDED:  all full time, regular part time and casual part time Nurse Practitioners and Clinical Leads employed by the Employer at the Minute Clinics located at 5623 Kanan Road, Agoura, CA; 1401 S. Baldwin Avenue, Arcadia, CA; 511 N. Hollywood Way,",NA,NA,NA,57,2011-01-01,2011-01-01,"26-50",TRUE,"RC","Yes","UNITED FOOD AND COMMERCIAL WORKERS UNION LOCAL 324",1,"UFCW",0.423076923076923,"No",3
"01-RC-022510","Region 01, Boston, Massachusetts","Rhode Island School of Design",2010-12-10,2011-01-24,"Providence","RI","A",2011-01-14,20,NA,"NATIONAL EDUCATION ASSOCIATION RHODE ISLAND",11,NA,NA,NA,NA,9,20,"N",NA,"N","NATIONAL EDUCATION ASSOCIATION RHODE ISLAND","Initial","Single Labor Organization","Certific. of Representative","Closed","All full-time and regular part-time building engineers, carpenters, lead carpenters, journeyman electricians, apprentice electricians, lead electricians, HVAC mechanics, painters, lead painters, locksmiths, maintenance techs/buildings, maintenance te",NA,NA,NA,35,2011-01-01,2010-10-01,"11-25",TRUE,"RC","Yes","NATIONAL EDUCATION ASSOCIATION RHODE ISLAND",1,"NEA",0.55,"Yes",0
"01-RC-022508","Region 01, Boston, Massachusetts","Buckley Heating & Cooling",2010-11-30,2011-01-24,"Peace Dale","RI","A",2011-01-11,15,NA,"TEAMSTERS LOCAL UNION NO. 251, A/W INTERNATIONAL BROTHERHOOD OF TEAMSTERS",14,NA,NA,NA,NA,0,14,"N",NA,"N","TEAMSTERS LOCAL UNION NO. 251, A/W INTERNATIONAL BROTHERHOOD OF TEAMSTERS","Initial","Single Labor Organization","Certific. of Representative","Closed","All full-time and regular part-time service technicians employed by the Employer at its 1632 Kingstown Road, Peacedale, Rhode Island location, but excluding drivers, mechanics, and all other employees, guards and supervisors as defined in the Act.",NA,NA,NA,42,2011-01-01,2010-10-01,"11-25",TRUE,"RC","Yes","TEAMSTERS LOCAL UNION NO. 251, A/W INTERNATIONAL BROTHERHOOD OF TEAMSTERS",1,"Teamsters",1,"Yes",1
"01-RC-022508",NA,"Buckley Heating & Cooling",2010-11-30,2011-01-24,"Peacedale","RI","A",2011-01-11,15,0,"Teamsters Local Union No. 251, a/w International Brotherhood of Teamsters",14,NA,NA,NA,NA,0,14,"N",0,"N","Teamsters Local Union No. 251, a/w International Brotherhood of Teamsters","Initial","Single Labor Organization","Certific. of Representative","Closed",NA,NA,NA,NA,42,2011-01-01,2010-10-01,"11-25",FALSE,"RC","Yes","Teamsters Local Union No. 251, a/w International Brotherhood of Teamsters",1,"Teamsters",1,"Yes",1
"01-RC-022507","Region 01, Boston, Massachusetts","Buckley Heating & Cooling",2010-11-30,2011-01-24,"Peace Dale","RI","A",2011-01-11,16,NA,"TEAMSTERS LOCAL UNION NO. 251, A/W INTERNATIONAL BROTHERHOOD OF TEAMSTERS",12,NA,NA,NA,NA,1,13,"N",NA,"N","TEAMSTERS LOCAL UNION NO. 251, A/W INTERNATIONAL BROTHERHOOD OF TEAMSTERS","Initial","Single Labor Organization","Certific. of Representative","Closed","All full-time and regular part-time drivers and mechanics employed by the Employer at its 1632 Kingstown Road, Peacedale, Rhode Island location, and its 741 East Main Road, Middleton, Rhode Island location, but excluding service technicians and all o",NA,NA,NA,42,2011-01-01,2010-10-01,"11-25",TRUE,"RC","Yes","TEAMSTERS LOCAL UNION NO. 251, A/W INTERNATIONAL BROTHERHOOD OF TEAMSTERS",1,"Teamsters",0.923076923076923,"Yes",3
"01-RC-022504","Region 01, Boston, Massachusetts","Providence Community Action Program, Inc.",2010-11-17,2010-12-01,"Providence","RI",NA,NA,10,NA,NA,NA,NA,NA,NA,NA,NA,NA,NA,NA,NA,NA,NA,NA,"Withdrawal Non-adjusted","Closed",NA,NA,NA,NA,NA,NA,2010-10-01,"6-10",TRUE,"RC","No",NA,0,"Uncoded",NA,"Other",NA
"01-RC-022505","Region 01, Boston, Massachusetts","ADIL",2010-11-17,2010-11-29,"Providence","RI",NA,NA,19,NA,NA,NA,NA,NA,NA,NA,NA,NA,NA,NA,NA,NA,NA,NA,"Withdrawal Non-adjusted","Closed",NA,NA,NA,NA,NA,NA,2010-10-01,"11-25",TRUE,"RC","No",NA,0,"Uncoded",NA,"Other",NA
"01-RC-022503","Region 01, Boston, Massachusetts","Buckley Heating & Cooling",2010-11-16,2010-11-22,"Peace Dale","RI",NA,NA,14,NA,NA,NA,NA,NA,NA,NA,NA,NA,NA,NA,NA,NA,NA,NA,"Withdrawal Non-adjusted","Closed",NA,NA,NA,NA,NA,NA,2010-10-01,"11-25",TRUE,"RC","No",NA,0,"Uncoded",NA,"Other",NA
"01-RC-022501","Region 01, Boston, Massachusetts","Buckley Heating & Cooling",2010-11-16,2010-11-22,"Peace Dale","RI",NA,NA,15,NA,NA,NA,NA,NA,NA,NA,NA,NA,NA,NA,NA,NA,NA,NA,"Withdrawal Non-adjusted","Closed",NA,NA,NA,NA,NA,NA,2010-10-01,"11-25",TRUE,"RC","No",NA,0,"Uncoded",NA,"Other",NA
"01-RC-022499","Region 01, Boston, Massachusetts","South County Hospital",2010-11-10,2011-01-04,"Wakefield","RI","A",2010-12-22,10,NA,"TEAMSTERS LOCAL 251, A/W INTERNATIONAL BROTHERHOOD OF TEAMSTERS",6,NA,NA,NA,NA,3,9,"N",NA,"N","TEAMSTERS LOCAL 251, A/W INTERNATIONAL BROTHERHOOD OF TEAMSTERS","Initial","Single Labor Organization","Certific. of Representative","Closed","All full time and regular part time skilled maintenance employees employed by the Employer at its Wakefield, Rhode Island location, but excluding all other employees, confidential employees, managers, guards and supervisors as defined in the Act.",NA,NA,NA,42,2010-10-01,2010-10-01,"6-10",TRUE,"RC","Yes","TEAMSTERS LOCAL 251, A/W INTERNATIONAL BROTHERHOOD OF TEAMSTERS",1,"Teamsters",0.666666666666667,"Yes",1
"01-RC-022498","Region 01, Boston, Massachusetts","UTGR, Inc. d/b/a Twin River",2010-11-10,2010-12-23,"Lincoln","RI","A",2010-12-13,85,NA,"TWIN RIVER SECURITY OFFICER'S UNION",62,NA,NA,NA,NA,23,85,"N",2,"N","TWIN RIVER SECURITY OFFICER'S UNION","Initial","Single Labor Organization","Certific. of Representative","Closed","All full-time and regular part-time security officers, civilian security persons, and surveillance officers; but excluding all other employees, security captains, surveillance captains, security supervisor (slot drop), managers, and supervisor as  de",NA,NA,NA,33,2010-10-01,2010-10-01,"51-100",TRUE,"RC","Yes","TWIN RIVER SECURITY OFFICER'S UNION",0,"Uncoded",0.729411764705882,"Yes",0
"01-RD-002148","Region 01, Boston, Massachusetts","Blackstone Valley Community Health Care",2010-11-01,2010-11-05,"Pawtucket","RI",NA,NA,41,NA,NA,NA,NA,NA,NA,NA,NA,NA,NA,NA,NA,NA,NA,NA,"Withdrawal Non-adjusted","Closed",NA,NA,NA,NA,NA,NA,2010-10-01,"26-50",TRUE,"RD","No",NA,0,"Uncoded",NA,"Other",NA
"01-RD-002145","Region 01, Boston, Massachusetts","Stolberger Inc. d/b/a Wardwell Braiding Co.",2010-10-15,2010-11-29,"Central Falls","RI","A",2010-11-17,16,NA,"UNITE/HERE, LOCAL 1198T",9,NA,NA,NA,NA,7,16,"N",NA,"N",NA,"Initial","Single Labor Organization","Certific. of Representative","Closed","All production and maintenance employees employed by Stolberger Inc., DBA Wardwell Braiding Co. at its Central Falls, Rhode Island location, but excluding all office and clerical employees, professional employees, guards and supervisors as defined in",NA,NA,NA,33,2010-10-01,2010-10-01,"11-25",TRUE,"RD","Yes","UNITE/HERE, LOCAL 1198T",0,"Uncoded",0.5625,"Yes",0
"01-RC-022481","Region 01, Boston, Massachusetts","Providence Community Action Program, Inc.",2010-09-24,2010-10-05,"Providence","RI",NA,NA,15,NA,NA,NA,NA,NA,NA,NA,NA,NA,NA,NA,NA,NA,NA,NA,"Withdrawal Non-adjusted","Closed",NA,NA,NA,NA,NA,NA,2010-07-01,"11-25",TRUE,"RC","No",NA,0,"Uncoded",NA,"Other",NA
"01-RC-022475","Region 01, Boston, Massachusetts","South County Hospital",2010-08-26,2010-09-03,"Wakefield","RI",NA,NA,10,NA,NA,NA,NA,NA,NA,NA,NA,NA,NA,NA,NA,NA,NA,NA,"Withdrawal Non-adjusted","Closed",NA,NA,NA,NA,NA,NA,2010-07-01,"6-10",TRUE,"RC","No",NA,0,"Uncoded",NA,"Other",NA
"01-RC-022474","Region 01, Boston, Massachusetts","Greenville Skilled Nursing & Rehabilitation",2010-08-06,2010-11-29,"Greenville","RI","A",2010-11-23,15,NA,"NEW ENGLAND HEALTH CARE EMPLOYEES UNION, DISTRICT 1199, A/W SERVICE EMPLOYEES INTERNATIONAL UNION",13,NA,NA,NA,NA,0,13,"N",NA,"N","NEW ENGLAND HEALTH CARE EMPLOYEES UNION, DISTRICT 1199, A/W SERVICE EMPLOYEES INTERNATIONAL UNION","Initial","Single Labor Organization","Certific. of Representative","Closed","All full-time and regular part-time registered nurses, including per diem registered nurses, but excluding the director of nursing, day supervisor/unit manager, nurse practice educator, floating shift supervisor, MDS coordinator, guards and superviso",NA,NA,NA,109,2010-10-01,2010-07-01,"11-25",TRUE,"RC","Yes","NEW ENGLAND HEALTH CARE EMPLOYEES UNION, DISTRICT 1199, A/W SERVICE EMPLOYEES INTERNATIONAL UNION",1,"SEIU",1,"Yes",2
"01-RC-022474",NA,"Greenville Skilled Nursing & Rehabilitation",2010-08-06,2010-11-29,"Greenville,","RI","A",2010-11-23,15,0,"New England Health Care Employees Union, District 1199, a/w Service Employees International Union",13,NA,NA,NA,NA,0,13,"N",0,"N","New England Health Care Employees Union, District 1199, a/w Service Employees International Union","Initial","Single Labor Organization","Certific. of Representative","Closed",NA,NA,NA,NA,109,2010-10-01,2010-07-01,"11-25",FALSE,"RC","Yes","New England Health Care Employees Union, District 1199, a/w Service Employees International Union",1,"SEIU",1,"Yes",2
"01-RD-002144","Region 01, Boston, Massachusetts","Bradford Printing & Finishing, LLC",2010-08-05,2012-02-13,"Bradford","RI",NA,NA,12,NA,NA,NA,NA,NA,NA,NA,NA,NA,NA,NA,NA,NA,NA,NA,"Dismissal Non-adjusted","Closed",NA,NA,NA,NA,NA,NA,2010-07-01,"11-25",TRUE,"RD","No",NA,0,"Uncoded",NA,"Other",NA
"01-RC-022472","Region 01, Boston, Massachusetts","Greenville Skilled Nursing & Rehabilitation",2010-07-29,2010-08-06,"Greenville","RI",NA,NA,13,NA,NA,NA,NA,NA,NA,NA,NA,NA,NA,NA,NA,NA,NA,NA,"Withdrawal Non-adjusted","Closed",NA,NA,NA,NA,NA,NA,2010-07-01,"11-25",TRUE,"RC","No",NA,0,"Uncoded",NA,"Other",NA
"01-AC-000101","Region 01, Boston, Massachusetts","St. Joseph Hospital Health Services of Rhode Island",2010-04-28,2010-12-31,"Providence","RI",NA,NA,10,NA,NA,NA,NA,NA,NA,NA,NA,NA,NA,NA,NA,NA,NA,NA,"Amended Certification","Closed",NA,NA,NA,NA,NA,NA,2010-04-01,"6-10",TRUE,"AC","No",NA,0,"Uncoded",NA,"Other",NA
"01-AC-000102","Region 01, Boston, Massachusetts","St. Joseph Hospital Health Services of Rhode Island",2010-04-28,2010-12-31,"Providence","RI",NA,NA,10,NA,NA,NA,NA,NA,NA,NA,NA,NA,NA,NA,NA,NA,NA,NA,"Amended Certification","Closed",NA,NA,NA,NA,NA,NA,2010-04-01,"6-10",TRUE,"AC","No",NA,0,"Uncoded",NA,"Other",NA
"01-RC-022443","Region 01, Boston, Massachusetts","First Student, Inc.",2010-04-19,2010-05-26,"Portsmouth","RI","A",2010-05-12,7,NA,"RHODE ISLAND LABORERS' DISTRICT COUNCIL ON BEHALF OF LOCAL UNION  NO. 1322, A/W LABORERS' INTERNATIO",5,NA,NA,NA,NA,2,7,"N",NA,"N","RHODE ISLAND LABORERS' DISTRICT COUNCIL ON BEHALF OF LOCAL UNION  NO. 1322, A/W LABORERS' INTERNATIO","Initial","Single Labor Organization","Certific. of Representative","Closed","All full-time and regular part-time monitors/bus aides employed by the Employer at its 1945 East Main Street, Portsmouth, Rhode Island location, but excluding all other employees, office clerical employees, dispatchers, drivers, mechanics,  manageria",NA,NA,NA,23,2010-04-01,2010-04-01,"6-10",TRUE,"RC","Yes","RHODE ISLAND LABORERS' DISTRICT COUNCIL ON BEHALF OF LOCAL UNION  NO. 1322, A/W LABORERS' INTERNATIO",1,"LIUNA",0.714285714285714,"Yes",0
"01-RD-002140","Region 01, Boston, Massachusetts","First Student, Inc.",2010-04-16,2010-05-17,"East Providence","RI","A",2010-05-07,132,NA,"INTERNATIONAL BROTHERHOOD OF TEAMSTERS, LOCAL 251",57,NA,NA,NA,NA,66,123,"N",1,"N",NA,"Initial","Single Labor Organization","Certification of Results","Closed","All full-time and regular part-time drivers, mechanics, maintenance employees, aides, monitors, and attendants employed by the Employer at its 529 Switch Road, Wood River Junction, Rhode Island location, but excluding the shop manager and other manag",NA,NA,NA,21,2010-04-01,2010-04-01,"101-500",TRUE,"RD","Yes","INTERNATIONAL BROTHERHOOD OF TEAMSTERS, LOCAL 251",1,"Teamsters",0.463414634146341,"No",9
"01-RD-002139","Region 01, Boston, Massachusetts","Providence Community Action Program",2010-04-09,2010-08-30,"Providence","RI",NA,NA,55,NA,NA,NA,NA,NA,NA,NA,NA,NA,NA,NA,NA,NA,NA,NA,"Dismissal Non-adjusted","Closed",NA,NA,NA,NA,NA,NA,2010-04-01,"51-100",TRUE,"RD","No",NA,0,"Uncoded",NA,"Other",NA
"01-RD-002138","Region 01, Boston, Massachusetts","Chartwells School Dining Services, Inc. A Division of Compass Group",2010-03-02,2010-04-19,"Narragansett","RI","A",2010-04-07,10,NA,"UNITE/HERE LOCAL 217",6,NA,NA,NA,NA,4,10,"N",NA,"N","UNITE/HERE LOCAL 217","Initial","Single Labor Organization","Certific. of Representative","Closed","All full time and regular part-time unit lead/cashiers, unit lead/cooks, cooks, food service workers, and catering employees, employed by the Employer at the school districts of Narragansett, RI, but excluding all other employees, directors, assistan",NA,NA,NA,36,2010-04-01,2010-01-01,"6-10",TRUE,"RD","Yes","UNITE/HERE LOCAL 217",0,"Uncoded",0.6,"Yes",0
"01-RC-022424","Region 01, Boston, Massachusetts","Sodexo Corporation",2010-02-05,2010-03-23,"Newport","RI","A",2010-03-12,23,NA,"UNITE HERE INTERNATIONAL UNION, LOCAL NO. 217, AFL-CIO",22,NA,NA,NA,NA,0,22,"N",NA,"N","UNITE HERE INTERNATIONAL UNION, LOCAL NO. 217, AFL-CIO","Initial","Single Labor Organization","Certific. of Representative","Closed","All full time and regular scheduled part-time lead cooks, cooks, utility workers, drivers and food service workers, who are employed by the Employer in the food service operations located at the Newport, Rhode Island public schools, but excluding all",NA,NA,NA,35,2010-01-01,2010-01-01,"11-25",TRUE,"RC","Yes","UNITE HERE INTERNATIONAL UNION, LOCAL NO. 217, AFL-CIO",1,"UNITE HERE",1,"Yes",1
"01-RC-022424",NA,"Sodexo Corporation",2010-02-05,2010-03-23,"Newport","RI","A",2010-03-12,23,0,"UNITE HERE International Union, Local No. 217, AFL-CIO",22,NA,NA,NA,NA,0,22,"N",0,"N","UNITE HERE International Union, Local No. 217, AFL-CIO","Initial","Single Labor Organization","Certific. of Representative","Closed",NA,NA,NA,NA,35,2010-01-01,2010-01-01,"11-25",FALSE,"RC","Yes","UNITE HERE International Union, Local No. 217, AFL-CIO",1,"UNITE HERE",1,"Yes",1
"01-UC-000879","Region 01, Boston, Massachusetts","Brown University",2010-01-27,2010-08-05,"Rhode Island","RI",NA,NA,80,NA,NA,NA,NA,NA,NA,NA,NA,NA,NA,NA,NA,NA,NA,NA,"Withdrawal Non-adjusted","Closed",NA,NA,NA,NA,NA,NA,2010-01-01,"51-100",TRUE,"UC","No",NA,0,"Uncoded",NA,"Other",NA
"01-RC-022414","Region 01, Boston, Massachusetts","First Student",2010-01-12,2010-02-19,"Portsmouth","RI","A",2010-02-09,32,NA,"INTERNATIONAL BROTHERHOOD OF TEAMSTERS LOCAL UNION NO. 251",20,NA,NA,NA,NA,13,33,"N",NA,"N","INTERNATIONAL BROTHERHOOD OF TEAMSTERS LOCAL UNION NO. 251","Initial","Single Labor Organization","Certific. of Representative","Closed","All full-time and regular part-time drivers employed by the Employer at its 1945 East Main Street, Portsmouth, Rhode Island location, but excluding all other employees, office clerical employees, dispatchers, mechanics, monitors, managerial employees",NA,NA,NA,28,2010-01-01,2010-01-01,"26-50",TRUE,"RC","Yes","INTERNATIONAL BROTHERHOOD OF TEAMSTERS LOCAL UNION NO. 251",1,"Teamsters",0.606060606060606,"Yes",-1
"01-RC-022407","Region 01, Boston, Massachusetts","First Student",2009-12-24,2010-01-29,"Warren","RI","A",2010-01-19,32,NA,"LABORERS  INTERNATIONAL UNION OF NORTH AMERICA, A/W RI LABORERS' DISTRICT COUNCIL, LOCAL UNION NO. 1",23,NA,NA,NA,NA,7,30,"N",2,"N","LABORERS  INTERNATIONAL UNION OF NORTH AMERICA, A/W RI LABORERS' DISTRICT COUNCIL, LOCAL UNION NO. 1","Initial","Single Labor Organization","Certific. of Representative","Closed","All full-time and regular-part time bus monitors, bus aides, and attendants employed by the Employer at its Warren, RI facility, but excluding all other employees, office clerical, managers, guards and supervisors as defined in the Act.",NA,NA,NA,26,2010-01-01,2009-10-01,"26-50",TRUE,"RC","Yes","LABORERS  INTERNATIONAL UNION OF NORTH AMERICA, A/W RI LABORERS' DISTRICT COUNCIL, LOCAL UNION NO. 1",1,"LIUNA",0.766666666666667,"Yes",2
"01-RC-022403","Region 01, Boston, Massachusetts","First Student, Inc.",2009-12-18,2010-01-29,"Warren","RI","A",2010-01-19,51,NA,"INTERNATIONAL BROTHERHOOD OF TEAMSTERS, LOCAL UNION NO. 251",32,NA,NA,NA,NA,10,42,"N",3,"N","INTERNATIONAL BROTHERHOOD OF TEAMSTERS, LOCAL UNION NO. 251","Initial","Single Labor Organization","Certific. of Representative","Closed","All full-time and regular-part time drivers and spare drivers employed by the Employer at its 327 Market Street, Warren, RI facility, but excluding all other employees, office clerical, managers, guards and supervisors as defined in the Act.",NA,NA,NA,32,2010-01-01,2009-10-01,"51-100",TRUE,"RC","Yes","INTERNATIONAL BROTHERHOOD OF TEAMSTERS, LOCAL UNION NO. 251",1,"Teamsters",0.761904761904762,"Yes",9
"01-RC-022399","Region 01, Boston, Massachusetts","First Student",2009-12-15,2010-02-05,"Foster","RI","A",2010-01-22,11,NA,"INTERNATIONAL BROTHERHOOD OF TEAMSTERS LOCAL UNION 251",5,NA,NA,NA,NA,6,11,"N",NA,"N",NA,"Initial","Single Labor Organization","Certification of Results","Closed","All full time and regular part time drivers employed by the Employer at its Foster, Rhode Island facility, but excluding all other employees, office clerical employees, mechanics,  dispatchers, monitors, technicians in charge, professional employees,",NA,NA,NA,38,2010-01-01,2009-10-01,"11-25",TRUE,"RC","Yes","INTERNATIONAL BROTHERHOOD OF TEAMSTERS LOCAL UNION 251",1,"Teamsters",0.454545454545455,"No",0
"01-RC-022388","Region 01, Boston, Massachusetts","Chenega Security Protective Services",2009-11-13,2010-01-11,"Middletown","RI","A",2010-01-05,32,NA,"INTERNATIONAL UNION, SECURITY, POLICE AND FIRE PROFESSIONALS OF AMERICA (SPFPA)",17,NA,NA,NA,NA,2,19,"N",NA,"N","INTERNATIONAL UNION, SECURITY, POLICE AND FIRE PROFESSIONALS OF AMERICA (SPFPA)","Initial","Single Labor Organization","Certific. of Representative","Closed","All full time and regular part time armed guards, alarm monitors and visitor control officers employed by Chenega Security and Protection Services, LLC at its Middletown, Rhode Island location, but excluding all other employees, professional employee",NA,NA,NA,53,2010-01-01,2009-10-01,"26-50",TRUE,"RC","Yes","INTERNATIONAL UNION, SECURITY, POLICE AND FIRE PROFESSIONALS OF AMERICA (SPFPA)",1,"SPFPA",0.894736842105263,"Yes",13
"01-RC-022382","Region 01, Boston, Massachusetts","First Student",2009-10-28,2009-12-01,"Coventry","RI","A",2009-11-19,122,NA,"INTERNATIONAL BROTHERHOOD OF TEAMSTERS LOCAL 251",59,NA,NA,NA,NA,55,114,"N",NA,"N","INTERNATIONAL BROTHERHOOD OF TEAMSTERS LOCAL 251","Initial","Single Labor Organization","Certific. of Representative","Closed","All full-time and regular part-time drivers, aides and monitors employed by the Employer at its 60 Wood St., Coventry, Rhode Island location, but excluding all other employees, dispatchers, mechanics, guards and supervisors as defined in the Act.",NA,NA,NA,22,2009-10-01,2009-10-01,"101-500",TRUE,"RC","Yes","INTERNATIONAL BROTHERHOOD OF TEAMSTERS LOCAL 251",1,"Teamsters",0.517543859649123,"Yes",8
"01-RC-022380","Region 01, Boston, Massachusetts","Wackenhut Services, Inc.",2009-10-27,2009-12-21,"Middletown","RI","A",2009-12-08,24,NA,"INTERNATIONAL UNION, SECURITY, POLICE AND FIRE PROFESSIONALS OF AMERICA (SPFPA)",9,NA,NA,NA,NA,2,11,"N",NA,"N","INTERNATIONAL UNION, SECURITY, POLICE AND FIRE PROFESSIONALS OF AMERICA (SPFPA)","Initial","Single Labor Organization","Certific. of Representative","Closed","All full time and regular part time armed guards, alarm monitors and visitor control officers employed by Wackenhut Services, Inc. at its Middletown, Rhode Island location, but excluding all other employees, professional employees, managerial employe",NA,NA,NA,42,2009-10-01,2009-10-01,"11-25",TRUE,"RC","Yes","INTERNATIONAL UNION, SECURITY, POLICE AND FIRE PROFESSIONALS OF AMERICA (SPFPA)",1,"SPFPA",0.818181818181818,"Yes",13
"01-RD-002137","Region 01, Boston, Massachusetts","Providence Community Action",2009-10-27,2009-10-28,"Providence","RI",NA,NA,52,NA,NA,NA,NA,NA,NA,NA,NA,NA,NA,NA,NA,NA,NA,NA,"Withdrawal Non-adjusted","Closed",NA,NA,NA,NA,NA,NA,2009-10-01,"51-100",TRUE,"RD","No",NA,0,"Uncoded",NA,"Other",NA
"01-RC-022379","Region 01, Boston, Massachusetts","First Student, Inc.",2009-10-23,2009-11-23,"Cranston","RI","A",2009-11-12,102,NA,"NEW ENGLAND HEALTH CARE EMPLOYEES UNION, DISTRICT 1199 A/W SERVICE EMPLOYEES INTERNATIONAL UNION",67,NA,NA,NA,NA,15,82,"N",1,"N","NEW ENGLAND HEALTH CARE EMPLOYEES UNION, DISTRICT 1199 A/W SERVICE EMPLOYEES INTERNATIONAL UNION","Initial","Single Labor Organization","Certific. of Representative","Closed","All full-time and regular part-time drivers, aides and monitors employed by the Employer at its 2550 Plainfield Pike, Cranston, Rhode Island location, but excluding all other employees, dispatchers, mechanics, guards and supervisors as defined in the",NA,NA,NA,20,2009-10-01,2009-10-01,"101-500",TRUE,"RC","Yes","NEW ENGLAND HEALTH CARE EMPLOYEES UNION, DISTRICT 1199 A/W SERVICE EMPLOYEES INTERNATIONAL UNION",1,"SEIU",0.817073170731707,"Yes",20
"01-RC-022378","Region 01, Boston, Massachusetts","Chenega Security Protective Services/Wackenhut Services, Inc.",2009-10-23,2009-10-29,"Middletown","RI",NA,NA,33,NA,NA,NA,NA,NA,NA,NA,NA,NA,NA,NA,NA,NA,NA,NA,"Withdrawal Non-adjusted","Closed",NA,NA,NA,NA,NA,NA,2009-10-01,"26-50",TRUE,"RC","No",NA,0,"Uncoded",NA,"Other",NA
"01-RC-022363","Region 01, Boston, Massachusetts","First Student",2009-09-03,2009-10-05,"Providence","RI","A",2009-09-25,5,NA,"UNITED FOOD AND COMMERCIAL WORKERS, LOCAL 328, AFL-CIO, CLC",4,NA,NA,NA,NA,0,4,"N",NA,"N","UNITED FOOD AND COMMERCIAL WORKERS, LOCAL 328, AFL-CIO, CLC","Initial","Single Labor Organization","Certific. of Representative","Closed","All full-time and regular part-time safety supervisors/trainers, dispatchers, and office clerical assistants employed by the Employer at its 3 Ricom Way, Providence, Rhode Island location, but excluding all other employees, guards and supervisors as",NA,NA,NA,22,2009-07-01,2009-07-01,"<5",TRUE,"RC","Yes","UNITED FOOD AND COMMERCIAL WORKERS, LOCAL 328, AFL-CIO, CLC",1,"UFCW",1,"Yes",1
"01-RC-022363",NA,"First Student",2009-09-03,2009-10-05,"Providence","RI","A",2009-09-25,5,0,"United Food and Commercial Workers, Local 328, AFL-CIO, CLC",4,NA,NA,NA,NA,0,4,"N",0,"N","United Food and Commercial Workers, Local 328, AFL-CIO, CLC","Initial","Single Labor Organization","Certific. of Representative","Closed",NA,NA,NA,NA,22,2009-07-01,2009-07-01,"<5",FALSE,"RC","Yes","United Food and Commercial Workers, Local 328, AFL-CIO, CLC",1,"UFCW",1,"Yes",1
"01-RC-022357","Region 01, Boston, Massachusetts","Praxair Healthcare Services",2009-08-20,2009-09-24,"Warwick","RI",NA,NA,2,NA,NA,NA,NA,NA,NA,NA,NA,NA,NA,NA,NA,NA,NA,NA,"Withdrawal Non-adjusted","Closed",NA,NA,NA,NA,NA,NA,2009-07-01,"<5",TRUE,"RC","No",NA,0,"Uncoded",NA,"Other",NA
"01-AC-000100","Region 01, Boston, Massachusetts","Westerly Ambulance Corps. Inc.",2009-07-28,2009-08-24,"Westerly","RI",NA,NA,8,NA,NA,NA,NA,NA,NA,NA,NA,NA,NA,NA,NA,NA,NA,NA,"Dismissal Non-adjusted","Closed",NA,NA,NA,NA,NA,NA,2009-07-01,"6-10",TRUE,"AC","No",NA,0,"Uncoded",NA,"Other",NA
"01-RC-022349","Region 01, Boston, Massachusetts","Rhode Island School of Design",2009-07-17,2009-09-08,"Providence","RI","A",2009-08-27,3,NA,"INTERNATIONAL BROTHERHOOD OF TEAMSTERS, LOCAL UNION NO. 251",3,NA,NA,NA,NA,0,3,"N",1,"N","INTERNATIONAL BROTHERHOOD OF TEAMSTERS, LOCAL UNION NO. 251","Initial","Single Labor Organization","Certific. of Representative","Closed","All full-time and regular part time stationary engineers employed by the Employer at its Providence, Rhode Island location, but excluding all other employees, guards and supervisors, as defined by the Act.",NA,NA,NA,41,2009-07-01,2009-07-01,"<5",TRUE,"RC","Yes","INTERNATIONAL BROTHERHOOD OF TEAMSTERS, LOCAL UNION NO. 251",1,"Teamsters",1,"Yes",0
"01-RC-022349",NA,"Rhode Island School of Design",2009-07-17,2009-09-08,"Providence","RI","A",2009-08-27,3,0,"International Brotherhood of Teamsters, Local Union No. 251",3,NA,NA,NA,NA,0,3,"N",1,"N","International Brotherhood of Teamsters, Local Union No. 251","Initial","Single Labor Organization","Certific. of Representative","Closed",NA,NA,NA,NA,41,2009-07-01,2009-07-01,"<5",FALSE,"RC","Yes","International Brotherhood of Teamsters, Local Union No. 251",1,"Teamsters",1,"Yes",0
"01-RC-022334","Region 01, Boston, Massachusetts","Roger Williams Medical Center",2009-06-02,2009-07-09,"Providence","RI",NA,NA,20,NA,NA,NA,NA,NA,NA,NA,NA,NA,NA,NA,NA,NA,NA,NA,"Withdrawal Non-adjusted","Closed",NA,NA,NA,NA,NA,NA,2009-04-01,"11-25",TRUE,"RC","No",NA,0,"Uncoded",NA,"Other",NA
"01-RC-022329","Region 01, Boston, Massachusetts","Roger Williams Medical Center",2009-05-20,2009-05-29,"Rhode Island","RI",NA,NA,15,NA,NA,NA,NA,NA,NA,NA,NA,NA,NA,NA,NA,NA,NA,NA,"Withdrawal Non-adjusted","Closed",NA,NA,NA,NA,NA,NA,2009-04-01,"11-25",TRUE,"RC","No",NA,0,"Uncoded",NA,"Other",NA
"01-UC-000874","Region 01, Boston, Massachusetts","Lady of Fatima Hospital",2009-05-15,2009-06-18,"North Providence","RI",NA,NA,324,NA,NA,NA,NA,NA,NA,NA,NA,NA,NA,NA,NA,NA,NA,NA,"Withdrawal Non-adjusted","Closed",NA,NA,NA,NA,NA,NA,2009-04-01,"101-500",TRUE,"UC","No",NA,0,"Uncoded",NA,"Other",NA
"01-RC-022318","Region 01, Boston, Massachusetts","Clean Scape",2009-04-24,2009-06-17,"Providence","RI","A",2009-06-04,16,NA,"TEAMSTERS LOCAL UNION NO. 251, A/W INTERNATIONAL BROTHERHOOD OF TEAMSTERS",14,NA,NA,NA,NA,1,15,"N",NA,"N","TEAMSTERS LOCAL UNION NO. 251, A/W INTERNATIONAL BROTHERHOOD OF TEAMSTERS","Initial","Single Labor Organization","Certific. of Representative","Closed","All full time and regular part time drivers, landscapers, and warehouse employees employed by CleanScape, Inc. at its 150 Colfax Street, Providence, Rhode Island location, including the warehouse foreman, but excluding landscape architects, the lands",NA,NA,NA,41,2009-04-01,2009-04-01,"11-25",TRUE,"RC","Yes","TEAMSTERS LOCAL UNION NO. 251, A/W INTERNATIONAL BROTHERHOOD OF TEAMSTERS",1,"Teamsters",0.933333333333333,"Yes",1
"01-RC-022315","Region 01, Boston, Massachusetts","First Student",2009-04-20,2009-06-01,"East Providence","RI","A",2009-05-21,76,NA,"TEAMSTERS LOCAL UNION NO. 251, A/W INTERNATIONAL BROTHERHOOD OF TEAMSTERS",37,NA,NA,NA,NA,39,76,"N",NA,"N",NA,"Initial","Single Labor Organization","Certification of Results","Closed","All full-time and regular part-time drivers and aides employed by the Employer at its 125 Commercial Way, East Providence, Rhode Island, but excluding all other employees, office clerical employees, mechanics, dispatchers,  technician in charge, mana",NA,NA,NA,31,2009-04-01,2009-04-01,"51-100",TRUE,"RC","Yes","TEAMSTERS LOCAL UNION NO. 251, A/W INTERNATIONAL BROTHERHOOD OF TEAMSTERS",1,"Teamsters",0.486842105263158,"No",0
"01-RC-022305","Region 01, Boston, Massachusetts","First Student",2009-02-23,2009-04-14,"Wood River Junction","RI","A",2009-04-03,120,NA,"INTERNATIONAL BROTHERHOOD OF TEAMSTERS LOCAL UNION NO. 251",59,NA,NA,NA,NA,56,115,"N",1,"N","INTERNATIONAL BROTHERHOOD OF TEAMSTERS LOCAL UNION NO. 251","Initial","Single Labor Organization","Certific. of Representative","Closed","All full-time and regular part-time drivers, mechanics, maintenance employees, aides, monitors, and attendants employed by the Employer at its 529 Switch Road, Wood River Junction, Rhode Island location, but excluding the shop manager and other managers, office clerical employees, the technician in charge, guards and supervisors as defined in the Act.",NA,NA,NA,39,2009-04-01,2009-01-01,"101-500",TRUE,"RC","Yes","INTERNATIONAL BROTHERHOOD OF TEAMSTERS LOCAL UNION NO. 251",1,"Teamsters",0.51304347826087,"Yes",5
NA,NA,NA,NA,NA,NA,NA,NA,NA,NA,NA,NA,NA,NA,NA,NA,NA,NA,NA,NA,NA,NA,NA,NA,NA,NA,NA,NA,NA,NA,NA,NA,NA,NA,NA,NA,NA,NA,NA,NA,NA,NA,NA,NA
"01-RC-022297","Region 01, Boston, Massachusetts","First Student, Inc.",2009-01-12,2009-02-23,"Lincoln","RI","A",2009-02-13,42,NA,"DISTRICT 1199, SERVICE EMPLOYEES INTERNATIONAL UNION, A/W THE NEW ENGLAND HEALTH CARE EMPLOYEES UNIO",32,NA,NA,NA,NA,5,37,"N",NA,"N","DISTRICT 1199, SERVICE EMPLOYEES INTERNATIONAL UNION, A/W THE NEW ENGLAND HEALTH CARE EMPLOYEES UNIO","Initial","Single Labor Organization","Certific. of Representative","Closed","All full-time and regular part-time drivers, aides and monitors employed by the Employer at its 713 George Washington Highway, Lincoln, RI facility who work in North Providence, Rhode Island, but excluding all other employees, office clerical employees, dispatchers, mechanics, technicians-in-charge, professional employees, guards and supervisors as defined in the Act.",NA,NA,NA,32,2009-01-01,2009-01-01,"26-50",TRUE,"RC","Yes","DISTRICT 1199, SERVICE EMPLOYEES INTERNATIONAL UNION, A/W THE NEW ENGLAND HEALTH CARE EMPLOYEES UNIO",1,"SEIU",0.864864864864865,"Yes",5
"01-RC-022293","Region 01, Boston, Massachusetts","First Student Chariho",2008-12-30,2009-01-13,"Wood River Junction","RI",NA,NA,10,NA,NA,NA,NA,NA,NA,NA,NA,NA,NA,NA,NA,NA,NA,NA,"Withdrawal Non-adjusted","Closed",NA,NA,NA,NA,NA,NA,2008-10-01,"6-10",TRUE,"RC","No",NA,0,"Uncoded",NA,"Other",NA
NA,NA,NA,NA,NA,NA,NA,NA,NA,NA,NA,NA,NA,NA,NA,NA,NA,NA,NA,NA,NA,NA,NA,NA,NA,NA,NA,NA,NA,NA,NA,NA,NA,NA,NA,NA,NA,NA,NA,NA,NA,NA,NA,NA
"01-RC-022280","Region 01, Boston, Massachusetts","Allied Aviation Fueling of Rhode Island, LLc",2008-11-14,2008-12-29,"Warwick","RI","A",2008-12-17,14,NA,"TEAMSTERS LOCAL UNION NO. 251, A/W INTERNATIONAL BROTHERHOOD OF TEAMSTERS",11,NA,NA,NA,NA,2,13,"N",NA,"N","TEAMSTERS LOCAL UNION NO. 251, A/W INTERNATIONAL BROTHERHOOD OF TEAMSTERS","Initial","Single Labor Organization","Certific. of Representative","Closed","All full time and regular part time fuelers, tank farm workers, and mechanics employed by the Employer at its 540 Airport Road, Warwick, Rhode Island facility, but excluding all other employees, office clerical employees, managers, guards and supervisors as defined in the Act.",NA,NA,NA,33,2008-10-01,2008-10-01,"11-25",TRUE,"RC","Yes","TEAMSTERS LOCAL UNION NO. 251, A/W INTERNATIONAL BROTHERHOOD OF TEAMSTERS",1,"Teamsters",0.846153846153846,"Yes",1
"01-RC-022275","Region 01, Boston, Massachusetts","Stericycle",2008-11-03,2009-02-17,"Woonsocket","RI","A",2009-02-05,47,1,"INTERNATIONAL BROTHERHOOD OF TEAMSTERS LOCAL 251",10,NA,NA,NA,NA,36,46,"N",NA,"N",NA,"Initial","Single Labor Organization","Certification of Results","Closed","All full-time and regular part-time plant workers, shift supervisors, plant foremen, sanitarian, maintenance/plant technicians employed at the Employer's treatment plant in Woonsocket, Rhode Island, but excluding all other facilities, office clericals, all other employees, guards and supervisors as defined in the Act.",NA,NA,NA,94,2009-01-01,2008-10-01,"26-50",TRUE,"RC","Yes","INTERNATIONAL BROTHERHOOD OF TEAMSTERS LOCAL 251",1,"Teamsters",0.217391304347826,"No",1
"01-RC-022269","Region 01, Boston, Massachusetts","First Student",2008-10-15,2008-11-24,"Harrisville","RI","A",2008-11-12,4,NA,"TEAMSTERS LOCAL UNION 251 A/W INTERNATIONAL BROTHERHOOD OF TEAMSTERS",4,NA,NA,NA,NA,0,4,"N",NA,"N","TEAMSTERS LOCAL UNION 251 A/W INTERNATIONAL BROTHERHOOD OF TEAMSTERS","Initial","Single Labor Organization","Certific. of Representative","Closed","All full time and regular part time mechanics employed by the Employer at its Pascoag, RI facility, but excluding all other employees, office clerical employees, drivers,  dispatchers, monitors, technicians in charge, professional employees, managerial employees, guards and supervisors as defined in the Act.",NA,NA,NA,28,2008-10-01,2008-10-01,"<5",TRUE,"RC","Yes","TEAMSTERS LOCAL UNION 251 A/W INTERNATIONAL BROTHERHOOD OF TEAMSTERS",1,"Teamsters",1,"Yes",0
"01-RC-022269",NA,"First Student",2008-10-15,2008-11-24,"Pascoag","RI","A",2008-11-12,4,0,"Teamsters Local Union 251 a/w International Brotherhood of Teamsters",4,NA,NA,NA,NA,0,4,"N",0,"N","Teamsters Local Union 251 a/w International Brotherhood of Teamsters","Initial","Single Labor Organization","Certific. of Representative","Closed","All full time and regular part time mechanics employed by the Employer at its Pascoag, RI facility, but excluding all other employees, office clerical employees, drivers,  dispatchers, monitors, technicians in charge, professional employees, managerial employees, guards and supervisors as defined in the Act.",NA,NA,NA,28,2008-10-01,2008-10-01,"<5",FALSE,"RC","Yes","Teamsters Local Union 251 a/w International Brotherhood of Teamsters",1,"Teamsters",1,"Yes",0
"01-RC-022256","Region 01, Boston, Massachusetts","First Student, Inc.",2008-09-16,2008-11-13,"North Smithfield","RI","A",2008-10-27,34,NA,"NEW ENGLAND HEALTH CARE EMPLOYEES UNION, DISTRICT 1199, A/W SERVICE EMPLOYEES INTERNATIONAL UNION",20,NA,NA,NA,NA,14,34,"N",NA,"N","NEW ENGLAND HEALTH CARE EMPLOYEES UNION, DISTRICT 1199, A/W SERVICE EMPLOYEES INTERNATIONAL UNION","Initial","Single Labor Organization","Certific. of Representative","Closed","All full time and regular part time drivers and aides employed by the Employer at its North Smithfield, RI facility, but excluding all other employees, office clerical employees,  dispatchers,  mechanics,  professional employees, managerial employees, guards and supervisors as defined in the Act.",NA,NA,NA,41,2008-10-01,2008-07-01,"26-50",TRUE,"RC","Yes","NEW ENGLAND HEALTH CARE EMPLOYEES UNION, DISTRICT 1199, A/W SERVICE EMPLOYEES INTERNATIONAL UNION",1,"SEIU",0.588235294117647,"Yes",0
"01-RC-022255","Region 01, Boston, Massachusetts","Kent Hospital",2008-09-12,2008-11-04,"Warwick","RI","A",2008-10-23,602,1,"UNITED NURSES AND ALLIED PROFESSIONALS",290,NA,NA,NA,NA,214,504,"N",11,"N","UNITED NURSES AND ALLIED PROFESSIONALS","Initial","Single Labor Organization","Certific. of Representative","Closed","All full-time, regular part-time, and per diem (per diem being defined as those who worked an average of 4 hours per week during the 13 weeks immediately preceding the eligibilility date for this election) registered nurses (RNs), including unit RNs, charge nurses, senior RNs, care coordinators, education RNs, outreach education coordinators, childbirth education coordinators, clinical trials RNs, quality assurance RNs, infection control RNs, cancer registry RNs, clinical infomatics RNs, clinical nurse specialists, and referral coordinators employed by the Employer at Kent Hospital, but excluding all other employees, nurse managers, assistant nurse managers, nurse supervisors, lead RNs, nurse practitioners, home health RNs, guards, and supervisors as defined in the Act.",NA,NA,NA,41,2008-10-01,2008-07-01,"500>",TRUE,"RC","Yes","UNITED NURSES AND ALLIED PROFESSIONALS",1,"UNAP",0.575396825396825,"Yes",98
"01-RC-022246","Region 01, Boston, Massachusetts","CDI",2008-08-29,2008-10-20,"Providence","RI","A",2008-10-06,174,NA,"NEW ENGLAND HEALTH CARE EMPLOYEES UNION DISTRICT 1199, A/W SERVICE EMPLOYEES INTERNATIONAL UNION",136,NA,NA,NA,NA,22,158,"N",NA,"N","NEW ENGLAND HEALTH CARE EMPLOYEES UNION DISTRICT 1199, A/W SERVICE EMPLOYEES INTERNATIONAL UNION","Initial","Single Labor Organization","Certific. of Representative","Closed","All full time and regular part time employees including teachers, teacher assistants, family workers, receptionists, health aides, custodians, bus drivers and kitchen staff employed by the Employer at its locations at 99 Berkshire Street, Providence, RI, 321 Concord Street, Pawtucket, RI, 13 Legion Drive, Pawtucket, RI, 350 Point Street, Providence, RI and 31 Salmon Street, Providence, RI but excluding fiscal specialists, administrative assistants, IT specialists, disability coordinator, maintenance specialist, HR specialists, office clerks, clerical specialists, business office clerical employees, professional employees, managerial employees, guards and supervisors as defined in the Act.",NA,NA,NA,38,2008-10-01,2008-07-01,"101-500",TRUE,"RC","Yes","NEW ENGLAND HEALTH CARE EMPLOYEES UNION DISTRICT 1199, A/W SERVICE EMPLOYEES INTERNATIONAL UNION",1,"SEIU",0.860759493670886,"Yes",16
NA,NA,NA,NA,NA,NA,NA,NA,NA,NA,NA,NA,NA,NA,NA,NA,NA,NA,NA,NA,NA,NA,NA,NA,NA,NA,NA,NA,NA,NA,NA,NA,NA,NA,NA,NA,NA,NA,NA,NA,NA,NA,NA,NA
NA,NA,NA,NA,NA,NA,NA,NA,NA,NA,NA,NA,NA,NA,NA,NA,NA,NA,NA,NA,NA,NA,NA,NA,NA,NA,NA,NA,NA,NA,NA,NA,NA,NA,NA,NA,NA,NA,NA,NA,NA,NA,NA,NA
"01-RC-022225","Region 01, Boston, Massachusetts","Scituate Fire and Rescue Engineering Board",2008-07-01,2009-02-24,"North Scituate","RI",NA,NA,12,NA,NA,NA,NA,NA,NA,NA,NA,NA,NA,NA,NA,NA,NA,NA,"Dismissal Non-adjusted","Closed",NA,NA,NA,NA,NA,NA,2008-07-01,"11-25",TRUE,"RC","No",NA,0,"Uncoded",NA,"Other",NA
"01-RC-022218","Region 01, Boston, Massachusetts","General Environmental Services",2008-06-16,2008-08-04,"Warwick","RI","A",2008-07-24,9,1,"RHODE ISLAND LABORERS' DISTRICT COUNCIL  ON BEHALF OF CONSTRUCTION & GENERAL LABORERS' LOCAL UNION N",7,NA,NA,NA,NA,2,9,"N",NA,"N","RHODE ISLAND LABORERS' DISTRICT COUNCIL  ON BEHALF OF CONSTRUCTION & GENERAL LABORERS' LOCAL UNION N","Initial","Single Labor Organization","Certific. of Representative","Closed","All full-time licensed asbestos control workers employed by the Employer at its Warwick, Rhode Island facility, excluding temporary agency employees, managerial employees, office clerical employees, guards, and supervisors as defined in the Act.",NA,NA,NA,38,2008-07-01,2008-04-01,"6-10",TRUE,"RC","Yes","RHODE ISLAND LABORERS' DISTRICT COUNCIL  ON BEHALF OF CONSTRUCTION & GENERAL LABORERS' LOCAL UNION N",1,"LIUNA",0.777777777777778,"Yes",0
"01-RC-022212","Region 01, Boston, Massachusetts","Halstead Communications, Ltd",2008-05-27,2008-09-04,"Providence","RI","A",2008-08-25,49,NA,"INTERNATIONAL BROTHERHOOD OF ELECTRICAL WORKERS, LOCAL UNION NO. 99, AFL-CIO",3,NA,NA,NA,NA,37,40,"N",1,"N",NA,"Rerun","Single Labor Organization","Certification of Results","Closed","All full time and regular part time technicians employed by the Employer at its facility located at 170 Printery Street, Providence, RI 02904

EXCLUDED:  All other employees, Fleet/Safety Coordinator, Warehouse Supervisor, Contractors, Office clerical  employees guards and supervisors as defined in the Act.",NA,NA,NA,90,2008-07-01,2008-04-01,"26-50",TRUE,"RC","Yes","INTERNATIONAL BROTHERHOOD OF ELECTRICAL WORKERS, LOCAL UNION NO. 99, AFL-CIO",1,"IBEW",0.075,"No",9
"01-RC-022212","Region 01, Boston, Massachusetts","Halstead Communications, Ltd",2008-05-27,2008-09-04,"Providence","RI","A",2008-07-07,54,1,"INTERNATIONAL BROTHERHOOD OF ELECTRICAL WORKERS, LOCAL UNION NO. 99, AFL-CIO",41,NA,NA,NA,NA,7,48,"N",1,"N","INTERNATIONAL BROTHERHOOD OF ELECTRICAL WORKERS, LOCAL UNION NO. 99, AFL-CIO","Initial","Single Labor Organization","Certification of Results","Closed","All full time and regular part time technicians employed by the Employer at its facility located at 170 Printery Street, Providence, RI 02904

EXCLUDED:  All other employees, Fleet/Safety Coordinator, Warehouse Supervisor, Contractors, Office clerical  employees guards and supervisors as defined in the Act.",NA,NA,NA,41,2008-07-01,2008-04-01,"51-100",FALSE,"RC","Yes","INTERNATIONAL BROTHERHOOD OF ELECTRICAL WORKERS, LOCAL UNION NO. 99, AFL-CIO",1,"IBEW",0.854166666666667,"No",6
"01-RC-022206","Region 01, Boston, Massachusetts","First Student Inc.",2008-05-08,2008-06-23,"Middletown","RI","A",2008-06-12,48,NA,"AMERICAN FEDERATION OF STATE, COUNTY & MUNICIPAL EMPLOYEES RI COUNCIL LOCAL NO. 94, AFL-CIO",32,NA,NA,NA,NA,10,42,"N",NA,"N","AMERICAN FEDERATION OF STATE, COUNTY & MUNICIPAL EMPLOYEES RI COUNCIL LOCAL NO. 94, AFL-CIO","Initial","Single Labor Organization","Certific. of Representative","Closed","All full-time and regular part-time drivers, monitors, bus aides, monitor coordinators and lead drivers employed by the Employer out of its facilities in Middletown, RI and Newport, RI, but excluding all other employees, dispatchers, mechanics, offic",NA,NA,NA,35,2008-04-01,2008-04-01,"26-50",TRUE,"RC","Yes","AMERICAN FEDERATION OF STATE, COUNTY & MUNICIPAL EMPLOYEES RI COUNCIL LOCAL NO. 94, AFL-CIO",1,"AFSCME",0.761904761904762,"Yes",6
"01-RM-001280","Region 01, Boston, Massachusetts","Penske Truck Leasing Co., L.P.",2008-05-08,2008-07-15,"Cranston","RI",NA,NA,18,NA,NA,NA,NA,NA,NA,NA,NA,NA,NA,NA,NA,NA,NA,NA,"Withdrawal Non-adjusted","Closed",NA,NA,NA,NA,NA,NA,2008-04-01,"11-25",TRUE,"RM","No",NA,0,"Uncoded",NA,"Other",NA
"01-RC-022204","Region 01, Boston, Massachusetts","Wood's Heating Service, Inc.",2008-05-01,2008-06-10,"Providence","RI","A",2008-05-29,15,NA,"INTERNATIONAL BROTHERHOOD OF TEAMSTERS LOCAL 251",12,NA,NA,NA,NA,3,15,"N",1,"N","INTERNATIONAL BROTHERHOOD OF TEAMSTERS LOCAL 251","Initial","Single Labor Organization","Certific. of Representative","Closed","All full time and regular part time service technicians employed by the Employer at its East Providence, Rhode Island location, but excluding all other employees, drivers, confidential employees, managers, guards and supervisors as defined in the Act",NA,NA,NA,28,2008-04-01,2008-04-01,"11-25",TRUE,"RC","Yes","INTERNATIONAL BROTHERHOOD OF TEAMSTERS LOCAL 251",1,"Teamsters",0.8,"Yes",0
"01-RD-002108","Region 01, Boston, Massachusetts","Chartwells",2008-04-01,2008-05-28,"Bristol","RI","A",2008-05-13,184,NA,"UNITE HERE LOCAL 217",90,NA,NA,NA,NA,65,155,"N",2,"N","UNITE HERE LOCAL 217","Initial","Single Labor Organization","Certific. of Representative","Closed","All full time and regular part-time food service employees (Cook Manager/Production Center, Cook Manager, Assistant Cook, Elementary Cook, Lead Cashier, Cashier, Food Service Worker, Driver, Assistant Driver/Utility Worker, Utility Worker) employed b",NA,NA,NA,42,2008-04-01,2008-04-01,"101-500",TRUE,"RD","Yes","UNITE HERE LOCAL 217",1,"UNITE HERE",0.580645161290323,"Yes",29
"01-RC-022188","Region 01, Boston, Massachusetts","Roger Williams University",2008-02-25,2008-03-06,"Bristol","RI",NA,NA,6,NA,NA,NA,NA,NA,NA,NA,NA,NA,NA,NA,NA,NA,NA,NA,"Withdrawal Non-adjusted","Closed",NA,NA,NA,NA,NA,NA,2008-01-01,"6-10",TRUE,"RC","No",NA,0,"Uncoded",NA,"Other",NA
"01-RC-022187","Region 01, Boston, Massachusetts","DELPIR Associates, LP d/b/a Victoria Court",2008-02-20,2008-04-23,"Cranston","RI",NA,NA,50,NA,NA,NA,NA,NA,NA,NA,NA,NA,NA,NA,NA,NA,NA,NA,"Withdrawal Non-adjusted","Closed",NA,NA,NA,NA,NA,NA,2008-01-01,"26-50",TRUE,"RC","No",NA,0,"Uncoded",NA,"Other",NA
"01-RC-022181","Region 01, Boston, Massachusetts","Ocean State CPL",2008-01-29,2008-03-17,"East Providence","RI","A",2008-03-06,96,1,"BAKERY, CONFECTIONERY, TOBACCO WORKERS AND GRAIN MILLERS INTERNATIONAL UNION LOCAL NO. 348, AFL-CIO",24,NA,NA,NA,NA,55,79,"N",1,"N",NA,"Initial","Single Labor Organization","Certification of Results","Closed","All full time and part time production, sanitation, and maintenance employees and drivers employed by the Employer at its East Providence, Rhode Island facility; but excluding all other employees, managerial employees, temporary employees, confidenti",NA,NA,NA,37,2008-01-01,2008-01-01,"51-100",TRUE,"RC","Yes","BAKERY, CONFECTIONERY, TOBACCO WORKERS AND GRAIN MILLERS INTERNATIONAL UNION LOCAL NO. 348, AFL-CIO",1,"BCTGM",0.30379746835443,"No",17
"01-RD-002106","Region 01, Boston, Massachusetts","Blackstone Valley Community Health Care",2008-01-17,2008-02-26,"Pawtucket","RI","A",2008-02-15,47,NA,"NEW ENGLAND HEALTH CARE EMPLOYEES UNION DISTRICT 1199, A/W SERVICE EMPLOYEES INTERNATIONAL UNION",29,NA,NA,NA,NA,17,46,"N",NA,"N","NEW ENGLAND HEALTH CARE EMPLOYEES UNION DISTRICT 1199, A/W SERVICE EMPLOYEES INTERNATIONAL UNION","Initial","Single Labor Organization","Certific. of Representative","Closed","All full-time and regular part-time registered nurses, nurse practitioners, social workers, dental hygienists, licensed practical nurses, dental assistants, medical assistants, medical records clerks, dental receptionists, WIC nutritionists, WIC cler",NA,NA,NA,29,2008-01-01,2008-01-01,"26-50",TRUE,"RD","Yes","NEW ENGLAND HEALTH CARE EMPLOYEES UNION DISTRICT 1199, A/W SERVICE EMPLOYEES INTERNATIONAL UNION",1,"SEIU",0.630434782608696,"Yes",1
NA,NA,NA,NA,NA,NA,NA,NA,NA,NA,NA,NA,NA,NA,NA,NA,NA,NA,NA,NA,NA,NA,NA,NA,NA,NA,NA,NA,NA,NA,NA,NA,NA,NA,NA,NA,NA,NA,NA,NA,NA,NA,NA,NA
NA,NA,NA,NA,NA,NA,NA,NA,NA,NA,NA,NA,NA,NA,NA,NA,NA,NA,NA,NA,NA,NA,NA,NA,NA,NA,NA,NA,NA,NA,NA,NA,NA,NA,NA,NA,NA,NA,NA,NA,NA,NA,NA,NA
"01-RC-022165","Region 01, Boston, Massachusetts","St. Joseph Health Services of Rhode Island, Fatima Hospital",2007-12-11,2009-02-23,"North Providence","RI","A",2009-02-11,17,NA,"UNITED NURSES AND ALLIED PROFESSIONALS",8,NA,NA,NA,NA,8,16,"N",NA,"N",NA,"Rerun","Single Labor Organization","Certification of Results","Closed","All full-time and regular part-time (defined as an employee who worked an average of 4 hours or more during the 13-week period preceding the payroll eligibility date) skilled maintenance employees employed by the Employer at its 200 High Service Aven",NA,NA,NA,428,2009-01-01,2007-10-01,"11-25",TRUE,"RC","Yes","UNITED NURSES AND ALLIED PROFESSIONALS",1,"UNAP",0.5,"No",1
"01-RC-022165",NA,"St. Joseph Health Services of Rhode Island, Fatima Hospital",2007-12-11,2009-02-23,"North Providence","RI","A",2009-02-11,17,0,"United Nurses and Allied Professionals",8,NA,NA,NA,NA,8,16,"N",0,"N",NA,"Initial","Revised Single Labor Org","Certification of Results","Closed","All full-time and regular part-time (defined as an employee who worked an average of 4 hours or more during the 13-week period preceding the payroll eligibility date) skilled maintenance employees employed by the Employer at its 200 High Service Avenue, North Providence, Rhode Island facility, including employees in the classifications of Plumber/Steamfitter, Stationary Engineer, Electrician-Licensed, Refrigeration Mechanic, Carpenter, Painter, Maintenance Mechanic, and Biomedical Equipment Technician; but excluding all other employees including Supervisor - Engineering, Site Manager - Engineering, Administrative Director, Supervisor - Clinical Engineering, managerial employees, temporary employees, casual employees, confidential employees, guards and supervisors as defined in the Act.",NA,NA,NA,428,2009-01-01,2007-10-01,"11-25",FALSE,"RC","Yes","United Nurses and Allied Professionals",1,"UNAP",0.5,"No",1
"01-RC-022165","Region 01, Boston, Massachusetts","St. Joseph Health Services of Rhode Island, Fatima Hospital",2007-12-11,2009-02-23,"North Providence","RI","A",2008-01-24,17,NA,"UNITED NURSES AND ALLIED PROFESSIONALS",8,NA,NA,NA,NA,7,15,"N",2,"Y",NA,"Initial","Single Labor Organization","Certification of Results","Closed","All full-time and regular part-time (defined as an employee who worked an average of 4 hours or more during the 13-week period preceding the payroll eligibility date) skilled maintenance employees employed by the Employer at its 200 High Service Aven",NA,NA,NA,44,2008-01-01,2007-10-01,"11-25",FALSE,"RC","Yes","UNITED NURSES AND ALLIED PROFESSIONALS",1,"UNAP",0.533333333333333,"No",2
"01-RC-022163","Region 01, Boston, Massachusetts","International RAM Associates c/o T. F. Green Airport",2007-12-06,2008-01-28,"Warwick","RI","A",2008-01-16,83,NA,"RHODE ISLAND LABORERS' DISTRICT COUNCIL, LOCAL UNION NO. 271, A/W LABORERS' INTERNATIONAL UNION OF N",17,NA,NA,NA,NA,52,69,"N",NA,"N",NA,"Initial","Single Labor Organization","Certification of Results","Closed","All baggage runners, skycaps, exit security employees, line monitors, ticket verifiers, 
cart drivers, and passenger assistants employed by International RAM at T.F. Green
Airport, excluding dispatchers, managers, guards, and supervisors as defined",NA,NA,NA,41,2008-01-01,2007-10-01,"51-100",TRUE,"RC","Yes","RHODE ISLAND LABORERS' DISTRICT COUNCIL, LOCAL UNION NO. 271, A/W LABORERS' INTERNATIONAL UNION OF N",1,"LIUNA",0.246376811594203,"No",14
NA,NA,NA,NA,NA,NA,NA,NA,NA,NA,NA,NA,NA,NA,NA,NA,NA,NA,NA,NA,NA,NA,NA,NA,NA,NA,NA,NA,NA,NA,NA,NA,NA,NA,NA,NA,NA,NA,NA,NA,NA,NA,NA,NA
"01-RC-022154","Region 01, Boston, Massachusetts","Visiting Nurse Service of Newport and Bristol Counties",2007-10-26,2007-12-26,"Portsmouth","RI","A",2007-12-07,7,NA,"FEDERATION OF VISITING NURSES AND HEALTH PROFESSIONALS, LOCAL 5022, A/W AMERICAN FEDERATION OF TEACH",5,NA,NA,NA,NA,1,6,"N",NA,"N","FEDERATION OF VISITING NURSES AND HEALTH PROFESSIONALS, LOCAL 5022, A/W AMERICAN FEDERATION OF TEACH","Initial","Single Labor Organization","Certific. of Representative","Closed","All Homemakers who are employed by the Employer at its facility located at 1184 East Main Road, P.O. Box 690, Portsmouth, Rhode Island, and excluding all other employees, guards, and supervisors as defined in the Act.",NA,NA,NA,42,2007-10-01,2007-10-01,"6-10",TRUE,"RC","Yes","FEDERATION OF VISITING NURSES AND HEALTH PROFESSIONALS, LOCAL 5022, A/W AMERICAN FEDERATION OF TEACH",0,"Uncoded",0.833333333333333,"Yes",1
"01-RC-022144","Region 01, Boston, Massachusetts","RISN Operations, Inc., d/b/a The Times",2007-09-26,2007-10-03,"Woonsocket","RI",NA,NA,1,NA,NA,NA,NA,NA,NA,NA,NA,NA,NA,NA,NA,NA,NA,NA,"Withdrawal Non-adjusted","Closed",NA,NA,NA,NA,NA,NA,2007-07-01,"<5",TRUE,"RC","No",NA,0,"Uncoded",NA,"Other",NA
"01-RC-022140","Region 01, Boston, Massachusetts","Wackenhut Security Incorporated",2007-08-23,2008-03-07,"Middletown","RI","A",2008-02-25,28,NA,"NEWPORT PROFESSIONAL SECURITY OFFICERS' UNION",8,NA,NA,NA,NA,9,17,"N",NA,"N",NA,"Rerun","Single Labor Organization","Certification of Results","Closed","All full time and regular part time armed guards, alarm monitors and visitor control officers employed by the Employer at its Middletown, Rhode Island location but excluding all other employees, professional employees, managerial employees, office cl",NA,NA,NA,186,2008-01-01,2007-07-01,"26-50",TRUE,"RC","Yes","NEWPORT PROFESSIONAL SECURITY OFFICERS' UNION",0,"Uncoded",0.470588235294118,"No",11
"01-RC-022140","Region 01, Boston, Massachusetts","Wackenhut Security Incorporated",2007-08-23,2008-03-07,"Middletown","RI","A",2007-12-10,28,NA,"NEWPORT PROFESSIONAL SECURITY OFFICERS' UNION",8,NA,NA,NA,NA,6,14,"N",3,"Y",NA,"Rerun","Single Labor Organization","Certification of Results","Closed","All full time and regular part time armed guards, alarm monitors and visitor control officers employed by the Employer at its Middletown, Rhode Island location but excluding all other employees, professional employees, managerial employees, office cl",NA,NA,NA,109,2007-10-01,2007-07-01,"26-50",FALSE,"RC","Yes","NEWPORT PROFESSIONAL SECURITY OFFICERS' UNION",0,"Uncoded",0.571428571428571,"No",14
"01-RC-022140","Region 01, Boston, Massachusetts","Wackenhut Security Incorporated",2007-08-23,2008-03-07,"Middletown","RI","A",2007-10-05,26,NA,"NEWPORT PROFESSIONAL SECURITY OFFICERS' UNION",10,NA,NA,NA,NA,10,20,"N",NA,"N",NA,"Initial","Single Labor Organization","Certification of Results","Closed","All full time and regular part time armed guards, alarm monitors and visitor control officers employed by the Employer at its Middletown, Rhode Island location but excluding all other employees, professional employees, managerial employees, office cl",NA,NA,NA,43,2007-10-01,2007-07-01,"26-50",FALSE,"RC","Yes","NEWPORT PROFESSIONAL SECURITY OFFICERS' UNION",0,"Uncoded",0.5,"No",6
"01-RC-022141","Region 01, Boston, Massachusetts","Chenega Security and Protection Services, LLC",2007-08-23,2008-08-22,"Middletown","RI","A",2007-10-04,35,NA,"NEWPORT PROFESSIONAL SECURITY OFFICERS' UNION",13,NA,NA,NA,NA,12,25,"N",5,"Y",NA,"Initial","Single Labor Organization","Withdrawal Non-adjusted","Closed","All full time and regular part time armed guards, alarm monitors and the trainer employed by the Employer at its Middletown, Rhode Island location, but excluding all other employees, office clerical employees, professional employees, managerial emplo",NA,NA,NA,42,2007-10-01,2007-07-01,"26-50",TRUE,"RC","Yes","NEWPORT PROFESSIONAL SECURITY OFFICERS' UNION",0,"Uncoded",0.52,"Other",10
"01-RC-022141",NA,"Chenega Security and Protection Services, LLC",2007-08-23,2008-08-22,"Newport","RI","A",2007-10-04,35,0,"Newport Professional Security Officers' Union",13,NA,NA,NA,NA,12,25,"N",5,"Y",NA,"Initial","Single Labor Organization","Withdrawal","Closed","All full time and regular part time armed guards, alarm monitors and the trainer employed by the Employer at its Middletown, Rhode Island location, but excluding all other employees, office clerical employees, professional employees, managerial employees and supervisors as defined in the Act.",NA,NA,NA,42,2007-10-01,2007-07-01,"26-50",FALSE,"RC","Yes","Newport Professional Security Officers' Union",0,"Uncoded",0.52,"Other",10
NA,NA,NA,NA,NA,NA,NA,NA,NA,NA,NA,NA,NA,NA,NA,NA,NA,NA,NA,NA,NA,NA,NA,NA,NA,NA,NA,NA,NA,NA,NA,NA,NA,NA,NA,NA,NA,NA,NA,NA,NA,NA,NA,NA
"01-RD-002101","Region 01, Boston, Massachusetts","Suburban Propane",2007-07-31,2007-08-08,"Coventry","RI",NA,NA,10,NA,NA,NA,NA,NA,NA,NA,NA,NA,NA,NA,NA,NA,NA,NA,"Withdrawal Non-adjusted","Closed",NA,NA,NA,NA,NA,NA,2007-07-01,"6-10",TRUE,"RD","No",NA,0,"Uncoded",NA,"Other",NA
"01-RC-022134","Region 01, Boston, Massachusetts","JD Food Corporation d/b/a C - Town Supermarket",2007-07-12,2007-09-05,"Pawtucket","RI","A",2007-08-23,34,NA,"UNITED FOOD AND COMMERCIAL WORKERS INTERNATIONAL UNION, LOCAL NO. 328",22,NA,NA,NA,NA,10,32,"N",1,"N","UNITED FOOD AND COMMERCIAL WORKERS INTERNATIONAL UNION, LOCAL NO. 328","Initial","Single Labor Organization","Certific. of Representative","Closed","All full-time and regular part-time employees of C-Town Supermarket, but excluding confidential employees, managers, guards, and supervisors as defined in the National Labor Relations Act.",NA,NA,NA,42,2007-07-01,2007-07-01,"26-50",TRUE,"RC","Yes","UNITED FOOD AND COMMERCIAL WORKERS INTERNATIONAL UNION, LOCAL NO. 328",1,"UFCW",0.6875,"Yes",2
"01-RC-022130","Region 01, Boston, Massachusetts","Vistawall, Division of Oldcastle",2007-07-02,2007-08-03,"Warwick","RI",NA,NA,37,NA,NA,NA,NA,NA,NA,NA,NA,NA,NA,NA,NA,NA,NA,NA,"Withdrawal Non-adjusted","Closed",NA,NA,NA,NA,NA,NA,2007-07-01,"26-50",TRUE,"RC","No",NA,0,"Uncoded",NA,"Other",NA
"01-RC-022126","Region 01, Boston, Massachusetts","Robinson Supply",2007-06-25,2007-12-12,"Cranston","RI","A",2007-08-03,11,NA,"TEAMSTERS LOCAL UNION NO. 251, A/W INTERNATIONAL BROTHERHOOD OF TEAMSTERS",4,NA,NA,NA,NA,4,8,"N",3,"Y",NA,"Initial","Single Labor Organization","Certification of Results","Closed","All full time drivers, warehousemen, counter employees, and inside sales employees employed by the Employer at its 1 Freeway Drive, Cranston, RI facility, but excluding office clerical employees, confidential employees, managerial employees, professi",NA,NA,NA,39,2007-07-01,2007-04-01,"11-25",TRUE,"RC","Yes","TEAMSTERS LOCAL UNION NO. 251, A/W INTERNATIONAL BROTHERHOOD OF TEAMSTERS",1,"Teamsters",0.5,"No",3
"01-RC-022116","Region 01, Boston, Massachusetts","M7 Aerospace",2007-05-09,2007-08-24,"North Kingstown","RI","A",2007-08-14,3,NA,"INTERNATIONAL ASSOCIATION OF MACHINISTS & AEROSPACE WORKERS, DISTRICT LODGE NO. 26, AFL-CIO",2,NA,NA,NA,NA,0,2,"N",NA,"N","INTERNATIONAL ASSOCIATION OF MACHINISTS & AEROSPACE WORKERS, DISTRICT LODGE NO. 26, AFL-CIO","Initial","Single Labor Organization","Certific. of Representative","Closed","All full-time and regular part-time field service representatives and lead field service representatives employed by the Employer at its facility in North Kingstown, Rhode Island, but excluding clerical employees, professional employees, guards, and",NA,NA,NA,97,2007-07-01,2007-04-01,"<5",TRUE,"RC","Yes","INTERNATIONAL ASSOCIATION OF MACHINISTS & AEROSPACE WORKERS, DISTRICT LODGE NO. 26, AFL-CIO",1,"IAM",1,"Yes",1
"01-RC-022116",NA,"M7 Aerospace",2007-05-09,2007-08-24,"North Kingstown","RI","A",2007-08-14,3,0,"International Association of Machinists & Aerospace Workers, District Lodge No. 26, AFL-CIO",2,NA,NA,NA,NA,0,2,"N",0,"N","International Association of Machinists & Aerospace Workers, District Lodge No. 26, AFL-CIO","Initial","Single Labor Organization","Certific. of Representative","Closed","All full-time and regular part-time field service representatives and lead field service representatives employed by the Employer at its facility in North Kingstown, Rhode Island, but excluding clerical employees, professional employees, guards, and supervisors as defined in the Act.",NA,NA,NA,97,2007-07-01,2007-04-01,"<5",FALSE,"RC","Yes","International Association of Machinists & Aerospace Workers, District Lodge No. 26, AFL-CIO",1,"IAM",1,"Yes",1
"01-UC-000853","Region 01, Boston, Massachusetts","National Grid",2007-04-10,2007-04-12,"Providence","RI",NA,NA,4,NA,NA,NA,NA,NA,NA,NA,NA,NA,NA,NA,NA,NA,NA,NA,"Withdrawal Non-adjusted","Closed",NA,NA,NA,NA,NA,NA,2007-04-01,"<5",TRUE,"UC","No",NA,0,"Uncoded",NA,"Other",NA
"01-RD-002094","Region 01, Boston, Massachusetts","The Arc of Blackstone Valley",2007-03-28,2007-05-21,"Pawtucket","RI","A",2007-05-10,236,NA,"THE NEW ENGLAND HEALTH CARE EMPLOYEES UNION DISTRICT 1199, A/W SERVICE EMPLOYEES INTERNATIONAL UNION",133,NA,NA,NA,NA,43,176,"N",NA,"N","THE NEW ENGLAND HEALTH CARE EMPLOYEES UNION DISTRICT 1199, A/W SERVICE EMPLOYEES INTERNATIONAL UNION","Initial","Single Labor Organization","Certific. of Representative","Closed","All full-time and regular part time professional and non-professional employees who regularly averaged 4 or more hours of work per week in the last quarter prior to the eligibility date, including registered nurses, service coordinators, physical the",NA,NA,NA,43,2007-04-01,2007-01-01,"101-500",TRUE,"RD","Yes","THE NEW ENGLAND HEALTH CARE EMPLOYEES UNION DISTRICT 1199, A/W SERVICE EMPLOYEES INTERNATIONAL UNION",1,"SEIU",0.755681818181818,"Yes",60
"01-RC-022090","Region 01, Boston, Massachusetts","Dynamic Science, Inc. (DSI)",2007-02-12,2007-04-10,"North Kingstown","RI","A",2007-03-29,3,NA,"PROFESSIONAL AIR TRAFFIC CONTROLLERS ORGANZATION, FPD/NUHHCE/AFSCME, AFL-CIO",3,NA,NA,NA,NA,0,3,"N",NA,"N","PROFESSIONAL AIR TRAFFIC CONTROLLERS ORGANZATION, FPD/NUHHCE/AFSCME, AFL-CIO","Initial","Single Labor Organization","Certific. of Representative","Closed","All full-time and regular part-time air traffic control specialists employed by the Employer at Quonset State Airport in North Kingstown, Rhode Island; 
Excluding all other employees, confidential employees, managers, guards, and supervisors as defi",NA,NA,NA,45,2007-01-01,2007-01-01,"<5",TRUE,"RC","Yes","PROFESSIONAL AIR TRAFFIC CONTROLLERS ORGANZATION, FPD/NUHHCE/AFSCME, AFL-CIO",1,"AFSCME",1,"Yes",0
"01-RC-022090",NA,"Dynamic Science, Inc. (DSI)",2007-02-12,2007-04-10,"North Kingstown","RI","A",2007-03-29,3,0,"Professional Air Traffic Controllers Organzation, FPD/NUHHCE/AFSCME, AFL-CIO",3,NA,NA,NA,NA,0,3,"N",0,"N","Professional Air Traffic Controllers Organzation, FPD/NUHHCE/AFSCME, AFL-CIO","Initial","Single Labor Organization","Certific. of Representative","Closed","All full-time and regular part-time air traffic control specialists employed by the Employer at Quonset State Airport in North Kingstown, Rhode Island; 
Excluding all other employees, confidential employees, managers, guards, and supervisors as defined in the National Labor Relations Act.",NA,NA,NA,45,2007-01-01,2007-01-01,"<5",FALSE,"RC","Yes","Professional Air Traffic Controllers Organzation, FPD/NUHHCE/AFSCME, AFL-CIO",1,"AFSCME",1,"Yes",0
"01-RC-022088","Region 01, Boston, Massachusetts","Allied Cold Storage",2007-02-01,2007-11-02,"Cranston","RI","A",2007-11-02,8,NA,"TEAMSTERS LOCAL UNION NO. 251, A/W INTERNATIONAL BROTHEROOD OF TEAMSTERS",4,NA,NA,NA,NA,4,8,"N",NA,"N",NA,"Rerun","Single Labor Organization","Certification of Results","Closed","All full-time and regular part-time warehousemen, maintenance workers, and plant clerical employees employed by the Employer at its facility in Cranston, Rhode Island, but excluding professional employees, guards, and all supervisors as defined in th",NA,NA,NA,274,2007-10-01,2007-01-01,"6-10",TRUE,"RC","Yes","TEAMSTERS LOCAL UNION NO. 251, A/W INTERNATIONAL BROTHEROOD OF TEAMSTERS",1,"Teamsters",0.5,"No",0
"01-RC-022088",NA,"Allied Cold Storage",2007-02-01,2007-11-02,"Cranston","RI","A",2007-11-02,8,0,"Teamsters Local Union No. 251, a/w International Brotherood of Teamsters",4,NA,NA,NA,NA,3,7,"N",0,"N",NA,"Initial","Revised Single Labor Org","Certification of Results","Closed","All full-time and regular part-time warehousemen, maintenance workers, and plant clerical employees employed by the Employer at its facility in Cranston, Rhode Island, but excluding professional employees, guards, and all supervisors as defined in the Act.",NA,NA,NA,274,2007-10-01,2007-01-01,"6-10",FALSE,"RC","Yes","Teamsters Local Union No. 251, a/w International Brotherood of Teamsters",1,"Teamsters",0.571428571428571,"No",1
"01-RC-022088","Region 01, Boston, Massachusetts","Allied Cold Storage",2007-02-01,2007-11-02,"Cranston","RI","A",2007-04-12,8,NA,"TEAMSTERS LOCAL UNION NO. 251, A/W INTERNATIONAL BROTHEROOD OF TEAMSTERS",4,NA,NA,NA,NA,3,7,"N",7,"Y",NA,"Initial","Single Labor Organization","Certification of Results","Closed","All full-time and regular part-time warehousemen, maintenance workers, and plant clerical employees employed by the Employer at its facility in Cranston, Rhode Island, but excluding professional employees, guards, and all supervisors as defined in th",NA,NA,NA,70,2007-04-01,2007-01-01,"6-10",FALSE,"RC","Yes","TEAMSTERS LOCAL UNION NO. 251, A/W INTERNATIONAL BROTHEROOD OF TEAMSTERS",1,"Teamsters",0.571428571428571,"No",1
NA,NA,NA,NA,NA,NA,NA,NA,NA,NA,NA,NA,NA,NA,NA,NA,NA,NA,NA,NA,NA,NA,NA,NA,NA,NA,NA,NA,NA,NA,NA,NA,NA,NA,NA,NA,NA,NA,NA,NA,NA,NA,NA,NA
"01-RC-022084","Region 01, Boston, Massachusetts","Sodexo",2007-01-26,2007-02-05,"Providence","RI",NA,NA,10,NA,NA,NA,NA,NA,NA,NA,NA,NA,NA,NA,NA,NA,NA,NA,"Withdrawal Non-adjusted","Closed",NA,NA,NA,NA,NA,NA,2007-01-01,"6-10",TRUE,"RC","No",NA,0,"Uncoded",NA,"Other",NA
"01-RC-022082","Region 01, Boston, Massachusetts","Praxair",2007-01-22,2007-03-12,"Warwick","RI","A",2007-03-01,4,NA,"TEAMSTERS LOCAL UNION NO. 251, A/W INTERNATIONAL BROTHEROOD OF TEAMSTERS",2,NA,NA,NA,NA,2,4,"N",NA,"N",NA,"Initial","Single Labor Organization","Certification of Results","Closed","All full-time and regular part-time drivers and warehouse employees employed by the Employer at its 33 A Plan Way, Warwick, Rhode Island facility, but excluding all other employees, office clerical employees, casual employees, managerial employees, p",NA,NA,NA,38,2007-01-01,2007-01-01,"<5",TRUE,"RC","Yes","TEAMSTERS LOCAL UNION NO. 251, A/W INTERNATIONAL BROTHEROOD OF TEAMSTERS",1,"Teamsters",0.5,"No",0
"01-RC-022080","Region 01, Boston, Massachusetts","Rhode Island School of Design",2007-01-12,2007-02-27,"Providence","RI","A",2007-02-15,41,NA,"NATIONAL EDUCATION ASSOCIATION RHODE ISLAND",25,NA,NA,NA,NA,12,37,"N",NA,"N","NATIONAL EDUCATION ASSOCIATION RHODE ISLAND","Initial","Single Labor Organization","Certific. of Representative","Closed","All full-time and regular part-time employees employed by Rhode Island School of Design in the following job classifications:  Technical Assistant I, Technical Assistant II, Technical Assistant III, Computer Support Specialist, Computer Support Techn",NA,NA,NA,34,2007-01-01,2007-01-01,"26-50",TRUE,"RC","Yes","NATIONAL EDUCATION ASSOCIATION RHODE ISLAND",1,"NEA",0.675675675675676,"Yes",4
"01-RC-022066","Region 01, Boston, Massachusetts","Synet Inc.",2006-11-15,2007-01-08,"Warwick","RI","A",2006-12-29,19,NA,"INTERNATIONAL BROTHERHOOD OF ELECTRICAL WORKERS LOCAL 99, AFL-CIO",10,NA,NA,NA,NA,9,19,"N",NA,"N","INTERNATIONAL BROTHERHOOD OF ELECTRICAL WORKERS LOCAL 99, AFL-CIO","Initial","Single Labor Organization","Certific. of Representative","Closed","Included: All full time and regular part time employees in the classifications of Technician I, Technician II, and Apprentice, excluding project managers, estimators, office clerical employees, guards, and supervisors as defined in the National Labor",NA,NA,NA,44,2006-10-01,2006-10-01,"11-25",TRUE,"RC","Yes","INTERNATIONAL BROTHERHOOD OF ELECTRICAL WORKERS LOCAL 99, AFL-CIO",1,"IBEW",0.526315789473684,"Yes",0
"01-RC-022065",NA,"St. Joseph Health Services of Rhode Island",2006-11-07,2006-12-26,"North Providence","RI","A",2006-12-15,18,0,"United Nurses and Allied Professionals",5,NA,NA,NA,NA,12,17,"N",1,"N",NA,"Initial","Single Labor Organization","Certification of Results","Closed","All full-time and regular part-time (defined as an employee who worked an average of 4 hours or more during the 13-week period preceding the payroll eligibility date) skilled maintenance employees employed by the Employer at its 200 High Service Avenue, North Providence, Rhode Island facility, including employees in the classifications of Plumber/Steamfitter, Stationary Engineer, Electrician-Licensed, Refrigeration Mechanic, Carpenter, Painter, Maintenance Mechanic, and Biomedical Equipment Technician; but excluding all other employees including Supervisor - Engineering, Site Manager - Engineering, Administrative Director, Supervisor - Clinical Engineering, managerial employees, temporary employees, casual employees, confidential employees, guards and supervisors as defined in the Act.",NA,NA,NA,38,2006-10-01,2006-10-01,"11-25",TRUE,"RC","Yes","United Nurses and Allied Professionals",1,"UNAP",0.294117647058824,"No",1
NA,NA,NA,NA,NA,NA,NA,NA,NA,NA,NA,NA,NA,NA,NA,NA,NA,NA,NA,NA,NA,NA,NA,NA,NA,NA,NA,NA,NA,NA,NA,NA,NA,NA,NA,NA,NA,NA,NA,NA,NA,NA,NA,NA
NA,NA,NA,NA,NA,NA,NA,NA,NA,NA,NA,NA,NA,NA,NA,NA,NA,NA,NA,NA,NA,NA,NA,NA,NA,NA,NA,NA,NA,NA,NA,NA,NA,NA,NA,NA,NA,NA,NA,NA,NA,NA,NA,NA
NA,NA,NA,NA,NA,NA,NA,NA,NA,NA,NA,NA,NA,NA,NA,NA,NA,NA,NA,NA,NA,NA,NA,NA,NA,NA,NA,NA,NA,NA,NA,NA,NA,NA,NA,NA,NA,NA,NA,NA,NA,NA,NA,NA
NA,NA,NA,NA,NA,NA,NA,NA,NA,NA,NA,NA,NA,NA,NA,NA,NA,NA,NA,NA,NA,NA,NA,NA,NA,NA,NA,NA,NA,NA,NA,NA,NA,NA,NA,NA,NA,NA,NA,NA,NA,NA,NA,NA
NA,NA,NA,NA,NA,NA,NA,NA,NA,NA,NA,NA,NA,NA,NA,NA,NA,NA,NA,NA,NA,NA,NA,NA,NA,NA,NA,NA,NA,NA,NA,NA,NA,NA,NA,NA,NA,NA,NA,NA,NA,NA,NA,NA
"01-RC-022049",NA,"Exeter Rescue Corps. Inc.",2006-08-22,2006-10-03,"Exeter","RI","A",2006-09-22,6,0,"Rhode Island State Association of Fire Fighters, a/w International Association of Firefighters, AFL-CIO",5,NA,NA,NA,NA,0,5,"N",0,"N","Rhode Island State Association of Fire Fighters, a/w International Association of Firefighters, AFL-CIO","Initial","Single Labor Organization","Certific. of Representative","Closed","All emergency medical technicians-cardiac, emergency medical technicians-paramedic, and emergency medical technicians-lieutenant employed by the Employer at its Exeter, Rhode Island facility, but excluding all other employees, including the chief, guards, and supervisors as defined in the Act",NA,NA,NA,31,2006-07-01,2006-07-01,"6-10",TRUE,"RC","Yes","Rhode Island State Association of Fire Fighters, a/w International Association of Firefighters, AFL-CIO",0,"Uncoded",1,"Yes",1
"01-RC-022041",NA,"Ocean State Job Lot",2006-07-27,2006-09-20,"North Kingstown","RI","A",2006-09-07,239,1,"United Food and Commercial Workers International Union Local 328",45,NA,NA,NA,NA,165,210,"N",11,"N",NA,"Initial","Single Labor Organization","Certification of Results","Closed","All full-time and regular part-time distribution employees including associates, team leaders, receivers, pickers, splitters and shippers employed by the Employer at its 375 Commerce Park Road, North Kingston, RI and 360 Callahan Road, North Kingston, RI locations, including but not limited to bailers, cubiscan, damages, induction, item profilers, janitors, loaders, palletizers, pickers, picking clerks, PKMS, receivers, receiving clerks, returns, run wrap, shippers, shipping clerks, sort deck, special projects, splitters, stackers, taggers, team leaders, but excluding all other employees, mechanics, battery changers, sweepers, maintenance clerks, maintenance custodians, road crew, office clerical, guards and supervisors, as defined in the Act.",NA,NA,NA,42,2006-07-01,2006-07-01,"101-500",TRUE,"RC","Yes","United Food and Commercial Workers International Union Local 328",1,"UFCW",0.214285714285714,"No",29
"01-RC-022040",NA,"Westerly Ambulance Corps., Inc.",2006-07-26,2006-09-05,"Westerly","RI","A",2006-08-23,8,0,"Rhode Island Laborers' District Council, Local Union No. 15, a/w Laborers' International Union of North America",7,NA,NA,NA,NA,0,7,"N",0,"N","Rhode Island Laborers' District Council, Local Union No. 15, a/w Laborers' International Union of North America","Initial","Single Labor Organization","Certific. of Representative","Closed","All full time emergency medical technicians employed by the Employer at its 30 Chestnut St., Westerly, Rhode Island facility, but excluding all other employees, including office clerical employees, part-time employees, per diem employees,  dispatchers, managerial employees, guards and supervisors as defined by the Act.",NA,NA,NA,28,2006-07-01,2006-07-01,"6-10",TRUE,"RC","Yes","Rhode Island Laborers' District Council, Local Union No. 15, a/w Laborers' International Union of North America",1,"LIUNA",1,"Yes",1
"01-RC-022027",NA,"Brookwood Laminating, Inc.",2006-06-08,2006-07-28,"Pacedale","RI","A",2006-07-18,54,0,"International Association of Machinists & Aerospace Workers, District Lodge 26, AFL-CIO",25,NA,NA,NA,NA,28,53,"N",0,"N",NA,"Initial","Single Labor Organization","Certification of Results","Closed","All full-time and regular part-time machine operators, inspectors, material handlers (fielders), shipping and receiving employees, lab technicians, warehouse employees, testers, maintenance employees, and mixers, including group leaders, employed at the Employer's facilities in Peacedale, RI and Plainfield, CT, but  excluding office clerical employees, confidential employees, inventory control and quality control employees, professional employees, managerial employees, guards, and supervisors as defined in the Act.",NA,NA,NA,40,2006-07-01,2006-04-01,"51-100",TRUE,"RC","Yes","International Association of Machinists & Aerospace Workers, District Lodge 26, AFL-CIO",1,"IAM",0.471698113207547,"No",1
NA,NA,NA,NA,NA,NA,NA,NA,NA,NA,NA,NA,NA,NA,NA,NA,NA,NA,NA,NA,NA,NA,NA,NA,NA,NA,NA,NA,NA,NA,NA,NA,NA,NA,NA,NA,NA,NA,NA,NA,NA,NA,NA,NA
"01-RC-022003",NA,"Pasquariello Corporation of RI, Inc.",2006-03-27,2006-05-10,"Warwick","RI","A",2006-04-27,13,0,"International Brotherhood of Electrical Workers, Local 99, AFL-CIO",7,NA,NA,NA,NA,6,13,"N",0,"N","International Brotherhood of Electrical Workers, Local 99, AFL-CIO","Initial","Single Labor Organization","Certific. of Representative","Closed","All full-time and regular part-time Rhode Island licensed electricians and Rhode Island indentured electrician apprentices employed by the Employer on construction projects in Rhode Island, but excluding all other employees, office clerical employees, managerial employees, guards and supervisors as defined in the Act.",NA,NA,NA,31,2006-04-01,2006-01-01,"11-25",TRUE,"RC","Yes","International Brotherhood of Electrical Workers, Local 99, AFL-CIO",1,"IBEW",0.538461538461538,"Yes",0
"01-RD-002077",NA,"KIK Custom Products",2006-02-13,2006-06-05,"Cumberland","RI","A",2006-05-24,252,1,"United Food and Commercial Workers International Union Local 328",73,NA,NA,NA,NA,164,237,"N",3,"N",NA,"Initial","Single Labor Organization","Certification of Results","Closed","All full-time production and maintenance employees employed by the Employer at its 35 Martin St., Cumberland, Rhode Island facility, including Packaging Department employees, Compounding, Tank Farm operators, Parts Room clerks, Line Maintenance, Salaried Production Line Supervisors, and PQA/COQA, but excluding all Facilities Maintenance, electricians, temporary employees, office clerical employees, all other employees, guards, and supervisors as defined in the Act.",NA,NA,NA,100,2006-04-01,2006-01-01,"101-500",TRUE,"RD","Yes","United Food and Commercial Workers International Union Local 328",1,"UFCW",0.308016877637131,"No",15
"01-RC-021986",NA,"North Pacific Group, Inc.",2006-01-06,2006-02-28,"Providence","RI","A",2006-02-17,10,0,"Teamsters Local Union No. 251, a/w International Brotherhood of Teamsters",4,NA,NA,NA,NA,6,10,"N",0,"N",NA,"Initial","Single Labor Organization","Certification of Results","Closed","All full-time and regular part-time drivers, warehouse and yard employees employed by the Employer at its 18 Harborside Boulevard, Providence, RI location, but excluding all managers, sales representatives, office clerical employees, all other employees, guards and supervisors as defined in the Act.",NA,NA,NA,42,2006-01-01,2006-01-01,"6-10",TRUE,"RC","Yes","Teamsters Local Union No. 251, a/w International Brotherhood of Teamsters",1,"Teamsters",0.4,"No",0
"01-RC-021980",NA,"Sodexho",2005-12-20,2006-02-06,"Woonsocket","RI","A",2006-01-27,60,0,"United Food and Commercial Workers International Union, Local 328",38,NA,NA,NA,NA,19,57,"N",0,"N","United Food and Commercial Workers International Union, Local 328","Initial","Single Labor Organization","Certific. of Representative","Closed","All full time and regular part time food service workers, including those workers who are scheduled for an average of 15 hours of work per week in the preceding quarter during the school year, who are employed by the Employer in the food service operations located at the Woonsocket, Rhode Island public schools, but excluding all other employees, office clerical employees, casual employees, temporary employees, guards and supervisors as defined in the Act.",NA,NA,NA,38,2006-01-01,2005-10-01,"51-100",TRUE,"RC","Yes","United Food and Commercial Workers International Union, Local 328",1,"UFCW",0.666666666666667,"Yes",3
"01-RC-021979",NA,"The Westerly Hospital",2005-12-19,2006-02-06,"Westerly","RI","A",2006-01-26,19,0,"United Nurses and Allied Professionals, AFL-CIO",15,NA,NA,NA,NA,4,19,"N",1,"N","United Nurses and Allied Professionals, AFL-CIO","Initial","Single Labor Organization","Certific. of Representative","Closed","All regular full-time and regular part-time business office employees and switchboard operators, employed by the Employer at its Westerly, RI facility, but excluding all other employees, guards and supervisors as defined in the Act.",NA,NA,NA,38,2006-01-01,2005-10-01,"11-25",TRUE,"RC","Yes","United Nurses and Allied Professionals, AFL-CIO",1,"UNAP",0.789473684210526,"Yes",0
"01-RC-021978",NA,"The ARC of Northern Rhode Island",2005-12-15,2006-02-06,"Woonsocket","RI","A",2006-01-27,237,0,"United Nurses & Allied Professionals",103,NA,NA,NA,NA,77,180,"N",15,"N","United Nurses & Allied Professionals","Initial","Single Labor Organization","Certific. of Representative","Closed","All non-supervisory full-time and regular part-time employees employed by the Employer in its Adult Services Day Programs and Adult Services Residential Program, including all adult services skills instructors, adult services van drivers, adult services community activities planners, ARC industries truck drivers, ARC industries skill instructors, ARC industries skills instructors/job coaches, adult support coordinators, health services PT aides, health services OT aides, health services medical assistants, health services assistants, residential direct support staff, residential community support staff, residential ILS coordinators, adult facilities maintenance persons, and adult facilities custodians, but excluding all other employees, guards and supervisors as defined in the Act.",NA,NA,NA,43,2006-01-01,2005-10-01,"101-500",TRUE,"RC","Yes","United Nurses & Allied Professionals",1,"UNAP",0.572222222222222,"Yes",57
NA,NA,NA,NA,NA,NA,NA,NA,NA,NA,NA,NA,NA,NA,NA,NA,NA,NA,NA,NA,NA,NA,NA,NA,NA,NA,NA,NA,NA,NA,NA,NA,NA,NA,NA,NA,NA,NA,NA,NA,NA,NA,NA,NA
"01-RC-021976",NA,"Motiva Enterprises",2005-12-07,2006-01-27,"Providence","RI","A",2006-01-17,8,0,"Atlantic Independent Union",3,NA,NA,NA,NA,5,8,"N",0,"N",NA,"Initial","Single Labor Organization","Certification of Results","Closed","All full time and regular part time terminal operators employed by the Employer at its Providence, Rhode Island terminal but excluding all other employees, including office clerical employees, guards, professional employees, and supervisors as defined in the Act.",NA,NA,NA,41,2006-01-01,2005-10-01,"6-10",TRUE,"RC","Yes","Atlantic Independent Union",0,"Uncoded",0.375,"No",0
"01-RC-021964",NA,"First Student, Inc.",2005-11-04,2005-12-27,"Johnston","RI","A",2005-12-16,53,0,"Amalgamated Transit Union, Division 618, AFL-CIO",26,NA,NA,NA,NA,24,50,"N",1,"N","Amalgamated Transit Union, Division 618, AFL-CIO","Initial","Single Labor Organization","Certific. of Representative","Closed","All full-time and part-time bus drivers employed by the Employer at its Johnston, Rhode Island, location, and excluding all other employees, guards and supervisors as defined in the Act.",NA,NA,NA,42,2005-10-01,2005-10-01,"51-100",TRUE,"RC","Yes","Amalgamated Transit Union, Division 618, AFL-CIO",1,"ATU",0.52,"Yes",3
NA,NA,NA,NA,NA,NA,NA,NA,NA,NA,NA,NA,NA,NA,NA,NA,NA,NA,NA,NA,NA,NA,NA,NA,NA,NA,NA,NA,NA,NA,NA,NA,NA,NA,NA,NA,NA,NA,NA,NA,NA,NA,NA,NA
NA,NA,NA,NA,NA,NA,NA,NA,NA,NA,NA,NA,NA,NA,NA,NA,NA,NA,NA,NA,NA,NA,NA,NA,NA,NA,NA,NA,NA,NA,NA,NA,NA,NA,NA,NA,NA,NA,NA,NA,NA,NA,NA,NA
"01-RC-021954",NA,"Suburban Propane, L.P.",2005-09-09,2005-10-31,"Coventry","RI","A",2005-10-21,10,0,"International Brotherhood of Teamsters Local Union No. 251",6,NA,NA,NA,NA,2,8,"N",2,"N","International Brotherhood of Teamsters Local Union No. 251","Initial","Single Labor Organization","Certific. of Representative","Closed","All full-time and regular part-time propane drivers, propane technicians, and dock attendants, employed by the Employer at the Employer's Coventry, Rhode Island facility; excluding employees employed at all other facilities; Customer Service Center Manager, Service Manager, Office Manager, sales employees, contract employees, office clerical employees, temporary and seasonal employees, and all professional employees, guards and supervisors as defined in the Act.",NA,NA,NA,42,2005-10-01,2005-07-01,"6-10",TRUE,"RC","Yes","International Brotherhood of Teamsters Local Union No. 251",1,"Teamsters",0.75,"Yes",2
NA,NA,NA,NA,NA,NA,NA,NA,NA,NA,NA,NA,NA,NA,NA,NA,NA,NA,NA,NA,NA,NA,NA,NA,NA,NA,NA,NA,NA,NA,NA,NA,NA,NA,NA,NA,NA,NA,NA,NA,NA,NA,NA,NA
"01-RC-021949",NA,"Extended Stay America",2005-08-15,2005-10-03,"West Warwick","RI","A",2005-09-23,12,0,"United Food and Commercial Workers International Union, Local 328",2,NA,NA,NA,NA,8,10,"N",2,"N",NA,"Initial","Single Labor Organization","Certification of Results","Closed","All full-time and regular part-time service and maintenance employees of the Employer at its facility located at 1200 Division Road, West Warwick, RI, including housekeepers, guest service representatives, laundry employees, maintenance engineers and porters, but excluding all other employees, managers, office clericals, guards and supervisors as defined in the Act.",NA,NA,NA,39,2005-07-01,2005-07-01,"11-25",TRUE,"RC","Yes","United Food and Commercial Workers International Union, Local 328",1,"UFCW",0.2,"No",2
"01-RC-021945",NA,"Providence Public Library",2005-08-01,2005-09-19,"Providence","RI","A",2005-09-08,102,1,"United Service & Allied Workers of Rhode Island",53,NA,NA,NA,NA,39,92,"N",6,"N","United Service & Allied Workers of Rhode Island","Initial","Single Labor Organization","Certific. of Representative","Closed","All full-time and regular part-time professional and non professional employees, including adult senior librarian, adult services librarian, adult services specialist, afternoon program specialist, assistant literacy coordinator, AV technician, book process clerk, branch librarian, business/facilities office assistant, cataloger, children's librarian, children's specialist, circulation supervisor, clerical supervisor, clerk-driver, collection development librarian, computer lab monitor, computer support specialist, computer training specialist, data processing clerk, data processing specialist, data processing technician, development associate, head of art and music, head of business services, head of circulation, librarian, library clerk, marketing associate, microfilm supervisor, multimedia specialist, office manager, outreach aide, outreach specialist, patents clerk, education coordinator (literacy), program coordinator (electronic information services), Rhode Island collection librarian, senior library clerk, senior librarian, senior supervisor, stack clerk, technical services specialist, webmaster, special collections librarian (Emeritus), and youth program coordinator (community services) employed by the Employer at its 150 Empire Street (Central Library), 708 Hope Street (Rochambeau Branch Library), 315 Academy Avenue (Mount Pleasant Branch Library), 275 Elmwood Avenue (Knight Memorial Branch Library), South Providence Branch Library, 441 Prairie Avenue, Washington Park Branch Library, 1316 Broad Street, Olneyville Branch Library, 1 Olneyville Square, Wanskuck Branch Library, 233 Veazie Street, Fox Point Branch Library, 90 Ives Street, Smith Hill Branch Library, 31 Candace, Providence, Rhode Island, but excluding maintenance employees, managerial employees, assistant director, associate director, associate director (Development), community services-VISTA, community services coordinator, co-regional librarian, department heads, director, EIS department head, Empire Branch Librarian, Head of Data Processing, human resources office assistant, library director, messenger/page, READ Teen, E Teen,  regional librarian, secretary, senior accountant, senior human resource administrator, Head of Clerical Services, Head of Reference, Head of Technical Services, Coordinator, Children's Programs, confidential employees, guards and supervisors as defined in the Act.",NA,NA,NA,38,2005-07-01,2005-07-01,"101-500",TRUE,"RC","Yes","United Service & Allied Workers of Rhode Island",0,"Uncoded",0.576086956521739,"Yes",10
"01-RC-021930",NA,"Roger Williams University",2005-06-17,2005-08-05,"Bristol","RI","A",2005-07-26,11,0,"National Education Association",9,NA,NA,NA,NA,0,9,"N",0,"N","National Education Association","Initial","Single Labor Organization","Certific. of Representative","Closed","All full-time and regular part-time shuttle drivers employed at the Employer's Ole Old Ferry Road, Bristol, RI facility, but excluding all other employees, casuals, managers and supervisors as defined in the Act.",NA,NA,NA,39,2005-07-01,2005-04-01,"11-25",TRUE,"RC","Yes","National Education Association",1,"NEA",1,"Yes",2
"01-RC-021925",NA,"Roger Williams University",2005-06-06,2005-07-25,"Bristol","RI","A",2005-07-12,17,0,"Depart of Public Safety Employees",10,NA,NA,NA,NA,5,15,"N",0,"N","Depart of Public Safety Employees","Initial","Single Labor Organization","Certific. of Representative","Closed","All fulltime and regular part time public safety officers, but excluding all other employees, director of public safety, assistant director of public safety, senior public safety officers, transportation & parking coordinator and senior public safety officer, and supervisors as defined in the Act.",NA,NA,NA,36,2005-07-01,2005-04-01,"11-25",TRUE,"RC","Yes","Depart of Public Safety Employees",0,"Uncoded",0.666666666666667,"Yes",2
NA,NA,NA,NA,NA,NA,NA,NA,NA,NA,NA,NA,NA,NA,NA,NA,NA,NA,NA,NA,NA,NA,NA,NA,NA,NA,NA,NA,NA,NA,NA,NA,NA,NA,NA,NA,NA,NA,NA,NA,NA,NA,NA,NA
"01-RC-021918",NA,"Knight Protective Service, Inc.",2005-05-17,2005-07-05,"Middleton","RI","A",2005-06-23,36,0,"International Union, Security, Police, and Fire Professionals of America (SPFPA)",21,NA,NA,NA,NA,0,21,"N",0,"N","International Union, Security, Police, and Fire Professionals of America (SPFPA)","Initial","Single Labor Organization","Certific. of Representative","Closed","All full-time and regular part-time security officers performing guard duties as defined in Section 9(b)(3) of the Act employed by the Employer at the Naval Undersea Warfare Center, Newport, Rhode Island but excluding office clerical employees, confidential employees, managerial employees, and supervisors as defined in the Act.",NA,NA,NA,37,2005-04-01,2005-04-01,"26-50",TRUE,"RC","Yes","International Union, Security, Police, and Fire Professionals of America (SPFPA)",1,"SPFPA",1,"Yes",15
"01-RC-021912",NA,"Laidlaw Education Services",2005-04-29,2005-06-20,"Lincoln","RI","A",2005-06-13,63,0,"Amalgamated Transit Union - Division 618, AFL-CIO",13,NA,NA,NA,NA,32,45,"N",0,"N",NA,"Initial","Single Labor Organization","Certification of Results","Closed","All full-time and regular part-time bus drivers and bus aides who service the Cumberland, Rhode Island School District employed by the Employer at its 713 George Washington Highway, Lincoln, Rhode Island location, but excluding all other employees, guards, and supervisors as defined in the Act.",NA,NA,NA,45,2005-04-01,2005-04-01,"51-100",TRUE,"RC","Yes","Amalgamated Transit Union - Division 618, AFL-CIO",1,"ATU",0.288888888888889,"No",18
"01-RC-021909",NA,"H.W. Ellis Painting, Inc.",2005-04-25,2005-06-13,"Smithfield","RI","A",2005-06-03,18,0,"Painters and Allied Trades, Painters District Council No. 11",11,NA,NA,NA,NA,4,15,"N",6,"N","Painters and Allied Trades, Painters District Council No. 11","Initial","Single Labor Organization","Certific. of Representative","Closed","All full-time and regular part-time journeymen and apprentice painters employed by H.W. Ellis Painting, Inc. at its Smithfield, Rhode Island location, but excluding all other employees, guards, and supervisors as defined in the Act.",NA,NA,NA,39,2005-04-01,2005-04-01,"11-25",TRUE,"RC","Yes","Painters and Allied Trades, Painters District Council No. 11",1,"IUPAT",0.733333333333333,"Yes",3
"01-RC-021899",NA,"Rhode Island School of Design",2005-03-25,2005-05-09,"Providence","RI","A",2005-04-27,22,0,"Rhode Island School of Design Public Safety Offficers Association",17,NA,NA,NA,NA,4,21,"N",1,"N","Rhode Island School of Design Public Safety Offficers Association","Initial","Single Labor Organization","Certific. of Representative","Closed","All full-time and regular part-time museum guards employed at the Employer's Museum at 224 Benefit Street, Providence, R.I., including Museum Security Officers I, Museum Security Officers II, and Museum Security Officers III, but;
Excluding the Museum Director; the Museum Assistant Director; Manager Museum Security, Safety and Facilities Operations; the Assistant Manager, Museum Security and Safety; the Museum Business and Finance Manager; all managerial employees; all confidential employees; the Coordinator for Visitor Services; all other employees; temporary employees; casual employees, and supervisors as defined in the Act.",NA,NA,NA,33,2005-04-01,2005-01-01,"11-25",TRUE,"RC","Yes","Rhode Island School of Design Public Safety Offficers Association",0,"Uncoded",0.80952380952381,"Yes",1
"01-RC-021897",NA,"First Student",2005-03-18,2005-05-09,"Providence","RI","A",2005-04-29,6,0,"International Brotherhood of Teamsters Local 251, AFL-CIO",5,NA,NA,NA,NA,1,6,"N",1,"N","International Brotherhood of Teamsters Local 251, AFL-CIO","Initial","Single Labor Organization","Certific. of Representative","Closed","All full time and regular part time technicians employed by the Employer at its 3 Ricom Way, Providence, Rhode Island facility, but excluding all other employees, technicians in charge, PM shift supervisor/technician, business office clericals, confidential employees, guards, and supervisors as defined in the Act.",NA,NA,NA,42,2005-04-01,2005-01-01,"6-10",TRUE,"RC","Yes","International Brotherhood of Teamsters Local 251, AFL-CIO",1,"Teamsters",0.833333333333333,"Yes",0
"01-RC-021888",NA,"Anthony Corrado, Inc.",2005-02-25,2005-04-25,"Lincoln","RI","A",2005-04-15,2,0,"Rhode Island Laborers' District Council",1,NA,NA,NA,NA,1,2,"N",0,"N",NA,"Initial","Revised Single Labor Org","Certification of Results","Closed","All full-time and regular part-time employees of the Employer performing laborers' work, but excluding all other employees, office clerical employees, professional employees, guards and supervisors as defined in the Act.",NA,NA,NA,49,2005-04-01,2005-01-01,"<5",TRUE,"RC","Yes","Rhode Island Laborers' District Council",1,"LIUNA",0.5,"No",0
"01-RC-021888",NA,"Anthony Corrado, Inc.",2005-02-25,2005-04-25,"Lincoln","RI","A",2005-03-31,2,0,"Rhode Island Laborers' District Council",0,NA,NA,NA,NA,0,0,"N",2,"Y",NA,"Initial","Single Labor Organization","Certification of Results","Closed","All full-time and regular part-time employees of the Employer performing laborers' work, but excluding all other employees, office clerical employees, professional employees, guards and supervisors as defined in the Act.",NA,NA,NA,34,2005-01-01,2005-01-01,"<5",FALSE,"RC","Yes","Rhode Island Laborers' District Council",1,"LIUNA",NA,"No",2
"01-RC-021881",NA,"Clem's Electric",2005-02-02,2005-09-16,"Bristol","RI","A",2005-02-25,15,0,"International Brotherhood of Electrical Workers, Local 99, AFL-CIO",5,NA,NA,NA,NA,6,11,"N",4,"Y",NA,"Initial","Single Labor Organization","Certification of Results","Closed","All full-time and regular part-time electricians and electrical apprentices licensed and/or registered with the State of Rhode Island employed by the Employer at its Bristol, RI location, but excluding all other employees, guards and supervisors as defined in the Act.",NA,NA,NA,23,2005-01-01,2005-01-01,"11-25",TRUE,"RC","Yes","International Brotherhood of Electrical Workers, Local 99, AFL-CIO",1,"IBEW",0.454545454545455,"No",4
"01-RC-021874",NA,"Northwest Transportation Service, Inc.",2005-01-19,2005-04-04,"Woonsocket","RI","A",2005-03-24,18,0,"Amalgamated Transit Union, Division 618, AFL-CIO",4,NA,NA,NA,NA,13,17,"N",2,"N",NA,"Initial","Single Labor Organization","Certification of Results","Closed","All full-time and regular part-time drivers, including paratransit drivers, passenger van drivers, and driver/trainers employed by the Employer at its facility located at 664 Front Street, Woonsocket, Rhode Island, but excluding all other employees, dispatchers, office clerical employees, mechanics, maintenance employees, guards, and supervisors as defined in the Act.",NA,NA,NA,64,2005-01-01,2005-01-01,"11-25",TRUE,"RC","Yes","Amalgamated Transit Union, Division 618, AFL-CIO",1,"ATU",0.235294117647059,"No",1
"01-RC-021850",NA,"May Company d/b/a Filenes",2004-11-19,2005-01-10,"Warwick","RI","A",2004-12-30,42,0,"United Food and Commercial Workers International Union Local 1445, AFL-CIO",23,NA,NA,NA,NA,18,41,"N",0,"N","United Food and Commercial Workers International Union Local 1445, AFL-CIO","Initial","Single Labor Organization","Certific. of Representative","Closed","All full-time and regular part-time hourly-paid and commission cosmetic employees, including counter managers, employed by the Employer at its Warwick, RI location, but excluding, all other employees, area sales managers, guards and supervisors as defined in the Act.",NA,NA,NA,41,2004-10-01,2004-10-01,"26-50",TRUE,"RC","Yes","United Food and Commercial Workers International Union Local 1445, AFL-CIO",1,"UFCW",0.560975609756098,"Yes",1
"01-RC-021844",NA,"Aramark Management Services Limited Partnership",2004-11-12,2004-12-28,"Woonsocket","RI","A",2004-12-16,44,0,"United Food and Commercial Workers International Union, Local No. 328, AFL-CIO",23,NA,NA,NA,NA,18,41,"N",0,"N","United Food and Commercial Workers International Union, Local No. 328, AFL-CIO","Initial","Single Labor Organization","Certific. of Representative","Closed","All full-time and regular part-time environmental and housekeeping employees employed by the Employer at its Landmark Medical Center and Fogarty Unit facilities, including employees who carry beepers, but excluding all other employees, professional employees, office clerical employees, guards and supervisors as defined in the Act.",NA,NA,NA,34,2004-10-01,2004-10-01,"26-50",TRUE,"RC","Yes","United Food and Commercial Workers International Union, Local No. 328, AFL-CIO",1,"UFCW",0.560975609756098,"Yes",3
"01-RC-021835",NA,"R. C. Smith Electric Co., Inc.",2004-10-15,2005-02-14,"Warwick","RI","A",2004-11-19,3,0,"International Brotherood of Electrical Workers, Local Union No. 99, AFL-CIO",1,NA,NA,NA,NA,1,2,"N",1,"Y",NA,"Initial","Single Labor Organization","Withdrawal","Closed","All Rhode Island Licensed Electricians and Apprentices employed by R.C. Smith Electric Inc.",NA,NA,NA,35,2004-10-01,2004-10-01,"<5",TRUE,"RC","Yes","International Brotherood of Electrical Workers, Local Union No. 99, AFL-CIO",0,"Uncoded",0.5,"Other",1
"01-RC-021826",NA,"CCL Custom Manufacturing, Inc.",2004-09-24,2005-02-10,"Cumberland","RI","A",2004-11-10,239,2,"United Food & Commercial Workers Local 328, AFL-CIO",137,NA,NA,NA,NA,88,225,"N",1,"N","United Food & Commercial Workers Local 328, AFL-CIO","Initial","Single Labor Organization","Certific. of Representative","Closed","All full-time production and maintenance employees employed by the Employer at its 35 Martin St., Cumberland, Rhode Island facility, including Packaging Department employees, Compounding, Tank Farm operators, Parts Room clerks, Line Maintenance, Salaried Production Line Supervisors, and PQA/COQA, but excluding all Facilities Maintenance, electricians, temporary employees, office clerical employees, all other employees, guards, and supervisors as defined in the Act.",NA,NA,NA,47,2004-10-01,2004-07-01,"101-500",TRUE,"RC","Yes","United Food & Commercial Workers Local 328, AFL-CIO",1,"UFCW",0.608888888888889,"Yes",14
"01-RC-021811",NA,"American Tele-Connect Services Inc.",2004-08-20,2005-01-07,"Cranston","RI","A",2004-09-24,7,0,"International Brotherhood of Electrical Workers Local Union 99, AFL-CIO",3,NA,NA,NA,NA,3,6,"N",1,"Y",NA,"Initial","Single Labor Organization","Certification of Results","Closed","All full-time and regular part-time Rhode Island licensed TST employees and apprentices employed by the Employer at its Cranston, Rhode Island facility, but excluding relatives of management, office clerical employees, professional employees, managerial employees, confidential employees, guards and supervisors as defined in the Act",NA,NA,NA,35,2004-07-01,2004-07-01,"6-10",TRUE,"RC","Yes","International Brotherhood of Electrical Workers Local Union 99, AFL-CIO",1,"IBEW",0.5,"No",1
"01-RD-002046",NA,"Univar, USA",2004-08-16,2004-09-24,"Providence","RI","A",2004-09-15,34,1,"International Brotherhood of Teamsters Local Union No. 251, AFL-CIO",2,NA,NA,NA,NA,29,31,"N",0,"N",NA,"Initial","Single Labor Organization","Certification of Results","Closed","All full time and regular part time working foremen, leadmen, drivers, warehousemen and helpers employed by the Employer at its Providence, Rhode Island facility, but excluding all other employees, professional employees, managerial employees, office clerical employees, guards and supervisors as defined in the Act.",NA,NA,NA,30,2004-07-01,2004-07-01,"26-50",TRUE,"RD","Yes","International Brotherhood of Teamsters Local Union No. 251, AFL-CIO",1,"Teamsters",0.0645161290322581,"No",3
"01-RC-021778",NA,"Blackstone Valley Community Health Care Inc.",2004-05-21,2004-07-13,"Central Falls","RI","A",2004-07-01,57,0,"New England Health Care Employees Union, District 1199, SEIU, AFL-CIO",50,NA,NA,NA,NA,4,54,"N",0,"N","New England Health Care Employees Union, District 1199, SEIU, AFL-CIO","Initial","Single Labor Organization","Certific. of Representative","Closed","All full-time and regular part-time time registered nurses, nurse practitioners, social workers, dental hygienists, licensed practical nurses, dental assistants, medical assistants, medical records clerks, dental receptionists, WIC nutritionists, WIC Clerks, WIC receptionists, all receptionists, family resource counselors, referral coordinators, billing clerks, lactation consultants and handyman/maintenance employee, employed by the Employer at its Rhode Island worksites, but excluding all doctors, dentists, managerial employees, confidential employees, office clerical employees, all other employees, guards and supervisors as defined by the Act.",NA,NA,NA,41,2004-07-01,2004-04-01,"51-100",TRUE,"RC","Yes","New England Health Care Employees Union, District 1199, SEIU, AFL-CIO",1,"SEIU",0.925925925925926,"Yes",3
"01-RC-021772",NA,"T.V.I. d/b/a Savers, Inc.",2004-05-10,2004-07-01,"E. Providence","RI","A",2004-06-18,29,0,"United Food and Commercial Workers Union, Local 328, AFL-CIO",10,NA,NA,NA,NA,16,26,"N",1,"N",NA,"Initial","Single Labor Organization","Certification of Results","Closed","All full-time and regular part-time operations department employees including sales clerks/cashiers and all full-time and regular part-time production department employees including recyclers/truck unloaders, pricers, sorters, floaters/sorters, assistant sorters, rackers/rollers, and raggers employed by the Employer at its East Providence, RI location, but excluding all other employees, temporary employees, operations supervisor, production supervisor, assistant operations supervisors, assistant production supervisor, managerial employees, office clerical employees, guards and supervisors as defined in the Act.",NA,NA,NA,39,2004-04-01,2004-04-01,"26-50",TRUE,"RC","Yes","United Food and Commercial Workers Union, Local 328, AFL-CIO",1,"UFCW",0.384615384615385,"No",3
"01-RC-021766",NA,"Providence Journal Company",2004-04-29,2004-06-24,"Providence","RI","A",2004-06-10,9,0,"Graphic Communications International Union Local 12N, AFL-CIO",4,NA,NA,NA,NA,5,9,"N",0,"N",NA,"Initial","Single Labor Organization","Certification of Results","Closed","All full time and regular part-time hourly wage support services technicians employed by the Employer at its facility located at 75 Fountain Street, Providence, Rhode Island, but excluding all other employees, irregular extra employees, temporary employees, casual employees, confidential employees, managerial employees, department manager, superintendent, non-hourly wage employees, guards, and supervisors as defined in the Act.",NA,NA,NA,42,2004-04-01,2004-04-01,"6-10",TRUE,"RC","Yes","Graphic Communications International Union Local 12N, AFL-CIO",0,"Uncoded",0.444444444444444,"No",0
"01-RC-021756",NA,"Kent Hospital",2004-04-02,2004-05-26,"Warwick","RI","A",2004-05-13,538,0,"New England Health Care Employees Union District 1199, Service Employees International Union, AFL-CIO",168,NA,NA,NA,NA,327,495,"N",11,"N",NA,"Initial","Single Labor Organization","Certification of Results","Closed","All full-time, regular part-time and per diem (per diem being defined as those who worked an average of 4 hours per week during the 13 weeks immediately preceding the eligibility date for this election) registered nurses including, unit registered nurses, charge nurses, senior registered nurses, care coordinators, education registered nurses, outreach education coordinators, child birth education coordinators, clinical trials registered nurses, quality assurance registered nurses, infection control registered nurses and cancer registry registered nurses employed by the Employer at Kent County Memorial Hospital, but excluding all other employees, nurse managers, assistant nurse managers, nurse supervisors, lead registered nurses, nurse practitioners, information systems registered nurses, home health registered nurses, guards and supervisors as defined by the Act.",NA,NA,NA,41,2004-04-01,2004-04-01,"500>",TRUE,"RC","Yes","New England Health Care Employees Union District 1199, Service Employees International Union, AFL-CIO",1,"SEIU",0.339393939393939,"No",43
"01-RC-021754",NA,"Deblois Oil Division of Petro",2004-03-26,2004-10-04,"Warwick","RI","A",2004-05-06,90,0,"International Brotherhood of Teamsters Local 251, AFL-CIO",40,NA,NA,NA,NA,43,83,"N",2,"N",NA,"Initial","Single Labor Organization","Certification of Results","Closed","All full-time and regular part-time drivers and mechanics employed by the Employer at its Providence, Warwick, Woonsocket and Tiverton, Rhode Island facilities and including those drivers and mechanics employed at Humphrey Oil in Tiverton, Rhode Island, but excluding drivers and mechanics employed at Humphrey Oil Thrifty in Tiverton, Rhode Island, all office clerical, managerial, confidential employees, guards and supervisors as defined in the Act.",NA,NA,NA,41,2004-04-01,2004-01-01,"51-100",TRUE,"RC","Yes","International Brotherhood of Teamsters Local 251, AFL-CIO",1,"Teamsters",0.481927710843373,"No",7
"01-RC-021751",NA,"Bryant College",2004-03-22,2004-05-12,"Smithfield","RI","A",2004-04-28,2,0,"United Service and Allied Workers of Rhode Island",2,NA,NA,NA,NA,0,2,"N",0,"N","United Service and Allied Workers of Rhode Island","Initial","Single Labor Organization","Certific. of Representative","Closed","All full time and regular part time locksmiths employed by the Employer at its North Smithfield, Rhode Island campus, but excluding all other employees, office clerical employees, professional employees, guards and supervisors as defined in the Act.
If a majority of valid ballots are cast for United Service and Allied Workers of Rhode Island, they will be taken to have indicated the employees desire to be included in the existing unit of maintenance employees, grounds workers, custodian employees, truck drivers, housekeepers and parking lot attendants currently represented by the Petitioner.  If a majority of valid ballots are not cast for representation, they will be taken to have indicated the employees' desire to remain unrepresented.",NA,NA,NA,37,2004-04-01,2004-01-01,"<5",TRUE,"RC","Yes","United Service and Allied Workers of Rhode Island",0,"Uncoded",1,"Yes",0
"01-RC-021745",NA,"Deblois Oil Division of Petro",2004-03-09,2004-05-05,"Providence","RI","A",2004-04-22,76,0,"International Brotherhood of Teamsters Local Union No. 251, AFL-CIO",49,NA,NA,NA,NA,25,74,"N",0,"N","International Brotherhood of Teamsters Local Union No. 251, AFL-CIO","Initial","Single Labor Organization","Certific. of Representative","Closed","All full time and regular part time service technicians employed by the Employer at its Providence, Warwick, Woonsocket, and Tiverton facilities, including those service technicians employed at Humphrey Oil in Tiverton, Rhode Island, but excluding drivers, office clerical employees, managerial employees, confidential employees, guards, and supervisors as defined in the Act.",NA,NA,NA,44,2004-04-01,2004-01-01,"51-100",TRUE,"RC","Yes","International Brotherhood of Teamsters Local Union No. 251, AFL-CIO",1,"Teamsters",0.662162162162162,"Yes",2
"01-RC-021729",NA,"Cogens Printing Services",2004-01-30,2004-03-15,"Providence","RI","A",2004-03-02,2,0,"Graphic Communications International Union Local 12N, AFL-CIO",2,NA,NA,NA,NA,0,2,"N",0,"N","Graphic Communications International Union Local 12N, AFL-CIO","Initial","Single Labor Organization","Certific. of Representative","Closed","All full-time and regular part-time bindery employees employed by the Employer at its 135 Washington Street, Providence, Rhode Island facility, but excluding all office clerical employees, confidential employees, guards, supervisors, managerial employees, and all other employees, and supervisors as defined in the Act.",NA,NA,NA,32,2004-01-01,2004-01-01,"<5",TRUE,"RC","Yes","Graphic Communications International Union Local 12N, AFL-CIO",0,"Uncoded",1,"Yes",0
"01-RC-021724",NA,"Providence Journal Company",2004-01-20,2004-03-15,"Providence","RI","A",2004-03-02,4,0,"Graphic Communications International Union Local 12N, AFL-CIO",4,NA,NA,NA,NA,0,4,"N",0,"N","Graphic Communications International Union Local 12N, AFL-CIO","Initial","Single Labor Organization","Certific. of Representative","Closed","All full-time and regular part-time hourly wage maintenance technician employees employed in the Maintenance Department by the Employer at its facilities located at 75 Fountain Street, Providence, Rhode Island and One Providence Place, Providence, Rhode Island, but excluding all other employees, irregular extra employees, temporary employees, casual employees, office clerical employees, confidential employees, managerial employees, department manager, superintendent, non-hourly wage employees, guards and supervisors as defined in the Act.",NA,NA,NA,42,2004-01-01,2004-01-01,"<5",TRUE,"RC","Yes","Graphic Communications International Union Local 12N, AFL-CIO",0,"Uncoded",1,"Yes",0
"01-RC-021725",NA,"Providence Journal Company",2004-01-20,2004-03-15,"Providence","RI","A",2004-03-02,7,0,"Graphic Communications International Union Local 12N, AFL-CIO",5,NA,NA,NA,NA,1,6,"N",0,"N","Graphic Communications International Union Local 12N, AFL-CIO","Initial","Single Labor Organization","Certific. of Representative","Closed","All full-time and regular part-time hourly wage HVAC employees employed in the HVAC Department by the Employer at its facilities located at 75 Fountain Street, Providence, Rhode Island and One Providence Place, Providence, Rhode Island, but excluding all other employees, irregular employees, temporary employees, casual employees, office clerical employees, confidential employees, managerial employees, department manager, superintendent, non-hourly wage employees, guards and supervisors as defined in the Act.",NA,NA,NA,42,2004-01-01,2004-01-01,"6-10",TRUE,"RC","Yes","Graphic Communications International Union Local 12N, AFL-CIO",0,"Uncoded",0.833333333333333,"Yes",1
"01-RD-002029",NA,"P.B.G.",2004-01-16,2004-03-10,"Cranston","RI","A",2004-02-27,70,0,"International Brotherhood of Teamsters Local #64, AFL-CIO",53,NA,NA,NA,NA,14,67,"N",2,"N","International Brotherhood of Teamsters Local #64, AFL-CIO","Initial","Single Labor Organization","Certific. of Representative","Closed","All full-time and regular part-time employees employed by the Employer at its 24 Kenney Drive, Cranston, Rhode Island facility, covered by the collective  bargaining agreement effective for the time period April 1, 2001 to March 31, 2004 between The Pepsi Bottling Group, Inc., Cranston, Rhode Island and the International Brotherhood of Teamsters, Local Union 64, but excluding all other employees, temporary employees employed directly by the Employer and/or through an employment agency, Pre-sell Account Managers, Reset Coordinators, office clerical employees, professional employees, guards and supervisors as defined in the Act.",NA,NA,NA,42,2004-01-01,2004-01-01,"51-100",TRUE,"RD","Yes","International Brotherhood of Teamsters Local #64, AFL-CIO",1,"Teamsters",0.791044776119403,"Yes",3
"01-RC-021719",NA,"DATTCO",2004-01-06,2004-03-01,"S. Kingstown","RI","A",2004-02-18,2,0,"International Brotherhood of Teamsters Local Union No. 251, AFL-CIO",2,NA,NA,NA,NA,0,2,"N",0,"N","International Brotherhood of Teamsters Local Union No. 251, AFL-CIO","Initial","Single Labor Organization","Certific. of Representative","Closed","All full time and regular part time mechanics employed by the Employer at its South Kingstown, Rhode Island location, but excluding all other employees, guards, professional employees, confidential employees, and supervisors as defined in the Act.",NA,NA,NA,43,2004-01-01,2004-01-01,"<5",TRUE,"RC","Yes","International Brotherhood of Teamsters Local Union No. 251, AFL-CIO",1,"Teamsters",1,"Yes",0
NA,NA,NA,NA,NA,NA,NA,NA,NA,NA,NA,NA,NA,NA,NA,NA,NA,NA,NA,NA,NA,NA,NA,NA,NA,NA,NA,NA,NA,NA,NA,NA,NA,NA,NA,NA,NA,NA,NA,NA,NA,NA,NA,NA
"01-RC-021705",NA,"Keyspan LNG LP",2003-12-01,2004-01-20,"Providence","RI","A",2004-01-08,9,0,"International Brotherhood of Teamsters Local 251, AFL-CIO",7,NA,NA,NA,NA,0,7,"N",1,"N","International Brotherhood of Teamsters Local 251, AFL-CIO","Initial","Single Labor Organization","Certific. of Representative","Closed","All full time and regular part-time employees, including senior operators, operators, technicians, and mechanics, employed by KeySpan LNG GP, LLC at its Providence, Rhode Island facility but excluding all other employees, manager/supervisor, associate coordinator, confidential employees, guards, and supervisors as defined in the Act.",NA,NA,NA,38,2004-01-01,2003-10-01,"6-10",TRUE,"RC","Yes","International Brotherhood of Teamsters Local 251, AFL-CIO",1,"Teamsters",1,"Yes",2
"01-RC-021697",NA,"Providence Journal Company",2003-11-17,2004-01-06,"Providence","RI","A",2003-12-23,3,0,"Graphic Communications Union 12N",3,NA,NA,NA,NA,0,3,"N",0,"N","Graphic Communications Union 12N","Initial","Single Labor Organization","Certific. of Representative","Closed","All regular full time and part-time electrical technician employees employed by the Employer at its One Providence Place, Providence, Rhode Island facility, but excluding the electrical supervisor, confidential employees, managerial employees, guards, and supervisors as defined in the Act.",NA,NA,NA,36,2003-10-01,2003-10-01,"<5",TRUE,"RC","Yes","Graphic Communications Union 12N",0,"Uncoded",1,"Yes",0
"01-RC-021691",NA,"Construct Oil",2003-10-31,2003-12-22,"Warwick","RI","A",2003-12-11,8,0,"International Brotherhood of Teamsters, Local 251, AFL-CIO",6,NA,NA,NA,NA,2,8,"N",0,"N","International Brotherhood of Teamsters, Local 251, AFL-CIO","Initial","Single Labor Organization","Certific. of Representative","Closed","All full-time and regular part-time truck drivers employed by the Employer at its Warwick, R.I. facility, but excluding all other employees, dispatchers, office clerical employees, professional employees, guards, and supervisors as defined in the Act.",NA,NA,NA,41,2003-10-01,2003-10-01,"6-10",TRUE,"RC","Yes","International Brotherhood of Teamsters, Local 251, AFL-CIO",1,"Teamsters",0.75,"Yes",0
"01-RC-021690",NA,"DATTCO",2003-10-29,2003-12-16,"South Kingstown","RI","A",2003-12-04,82,0,"International Brotherhood of Teamsters Local 251, AFL-CIO",40,NA,NA,NA,NA,31,71,"N",4,"N","International Brotherhood of Teamsters Local 251, AFL-CIO","Initial","Single Labor Organization","Certific. of Representative","Closed","All full time and regular part time school bus drivers, monitors and aides employed by the Employer at its South Kingstown, Rhode Island location, but excluding all other employees, dispatchers, guards, professional employees and supervisors as defined in the Act.",NA,NA,NA,36,2003-10-01,2003-10-01,"51-100",TRUE,"RC","Yes","International Brotherhood of Teamsters Local 251, AFL-CIO",1,"Teamsters",0.563380281690141,"Yes",11
NA,NA,NA,NA,NA,NA,NA,NA,NA,NA,NA,NA,NA,NA,NA,NA,NA,NA,NA,NA,NA,NA,NA,NA,NA,NA,NA,NA,NA,NA,NA,NA,NA,NA,NA,NA,NA,NA,NA,NA,NA,NA,NA,NA
"01-UD-000276","Region 01, Boston, Massachusetts","RI Disability Law Center, Inc.",2003-10-14,2008-05-09,"Providence","RI",NA,NA,5,NA,NA,NA,NA,NA,NA,NA,NA,NA,NA,NA,NA,NA,NA,NA,"Dismissal Non-adjusted","Closed",NA,NA,NA,NA,NA,NA,2003-10-01,"<5",TRUE,"UD","No",NA,0,"Uncoded",NA,"Other",NA
"01-RC-021683",NA,"Woonsocket Call",2003-10-02,2003-11-25,"Woonsocket","RI","A",2003-11-13,35,0,"Rhode Island Laborers' District Council Local Union 1322, LIUNA, AFL-CIO",19,NA,NA,NA,NA,6,25,"N",1,"N","Rhode Island Laborers' District Council Local Union 1322, LIUNA, AFL-CIO","Initial","Single Labor Organization","Certific. of Representative","Closed","All full-time and regular part-time mail room employees including inserters, joggers, machine/inserters, stackers, fork lift drivers, machine operators, strappers, flyers, and laborers employed by the Woonsocket Call at its 75 Main Street, Woonsocket Rhode Island facility but excluding all office clerical employees, professional employees, guards and supervisors as defined in the Act, and all other employees.]",NA,NA,NA,42,2003-10-01,2003-10-01,"26-50",TRUE,"RC","Yes","Rhode Island Laborers' District Council Local Union 1322, LIUNA, AFL-CIO",1,"LIUNA",0.76,"Yes",10
"01-RD-002019",NA,"Sodexho School Services",2003-09-12,2004-02-13,"Pawtucket","RI","A",2004-01-30,97,0,"Hotel & Restaurant Employees & Bartenders Union Local 217, AFL-CIO",56,NA,NA,NA,NA,33,89,"N",0,"N","Hotel & Restaurant Employees & Bartenders Union Local 217, AFL-CIO","Initial","Single Labor Organization","Certific. of Representative","Closed","All full time and regular part-time food service workers, including service workers and drivers, employed by the Employer at the following schools in Pawtucket, Rhode Island School System:  Shea High School, Tolman High Schools, Jenks Junior High School, Slater junior High School, Goff Junior High School, Potter Burns School, Greene School, Fallon School, Curtis School, Curvin-McCabe School, Winters School, Baldwin School, Cunningham School, Little School, Varieur School, and Winters Annex School, but excluding managers, office clerical employees, students, substitutes, casual and temporary employees, guards, and supervisors as defined in the National Labor Relations Act.",NA,NA,NA,140,2004-01-01,2003-07-01,"51-100",TRUE,"RD","Yes","Hotel & Restaurant Employees & Bartenders Union Local 217, AFL-CIO",0,"Uncoded",0.629213483146067,"Yes",8
"01-RC-021677",NA,"CCL Custom Manufacturing Inc.",2003-09-09,2004-01-13,"Cumberland","RI","A",2003-10-23,242,0,"United Food and Commercial Workers Local 328, AFL-CIO",92,NA,NA,NA,NA,140,232,"N",1,"N",NA,"Initial","Single Labor Organization","Certification of Results","Closed","All full-time production and maintenance employees employed by the Employer at its 35 Martin St., Cumberland, Rhode Island facility, including Packaging Department employees, Compounding, Tank Farm operators, Parts Room clerks, Line Maintenance, Salaried Production Line Supervisors, PQA/COQA, and Facilities Maintenance but excluding all electricians, temporary employees, clerical employees, all other employees, guards, and supervisors as defined in the Act.",NA,NA,NA,44,2003-10-01,2003-07-01,"101-500",TRUE,"RC","Yes","United Food and Commercial Workers Local 328, AFL-CIO",1,"UFCW",0.396551724137931,"No",10
"01-RC-021674",NA,"Electro Standards Laboratories",2003-08-26,2003-10-15,"Cranston","RI","A",2003-10-03,18,0,"International Brotherhood of Electrical Workers Local Union 99, AFL-CIO",10,NA,NA,NA,NA,8,18,"N",0,"N","International Brotherhood of Electrical Workers Local Union 99, AFL-CIO","Initial","Single Labor Organization","Certific. of Representative","Closed","All full time and regular part time licensed, license-eligible, and apprentice Rhode Island TST Workers employed by Electro Standards Laboratories at its 36 Western Industrial Drive, Cranston, RI facility, but excluding all other employees, office clerical employees, professional employees, guards, and supervisors as defined in the Act.",NA,NA,NA,38,2003-10-01,2003-07-01,"11-25",TRUE,"RC","Yes","International Brotherhood of Electrical Workers Local Union 99, AFL-CIO",1,"IBEW",0.555555555555556,"Yes",0
NA,NA,NA,NA,NA,NA,NA,NA,NA,NA,NA,NA,NA,NA,NA,NA,NA,NA,NA,NA,NA,NA,NA,NA,NA,NA,NA,NA,NA,NA,NA,NA,NA,NA,NA,NA,NA,NA,NA,NA,NA,NA,NA,NA
"01-RC-021660",NA,"Health Haven Nursing and Rehab. Center",2003-07-15,2004-04-16,"E. Providence","RI","A",2003-08-22,45,0,"New England Health Care Employees Union, District 1199, a/w Service Employees International Union, AFL-CIO",21,NA,NA,NA,NA,18,39,"N",4,"Y",NA,"Initial","Single Labor Organization","Certific. of Representative","Closed","All full-time and regular part-time service and maintenance employees and per diem service and maintenance who worked an average of 4 hours per week in the thirteen week period prior to the eligibility date for election including:  CNAs, CMTs, Dietary Aides, Cooks, Activities Employees, Housekeeping employees, employed by the Employer at its 100 Wampanoag Trail, East Providence, Rhode Island facility but excluding office clerical employees, managerial employees, Licensed Practical Nurses, confidential employees, casual employees, guards and supervisors as defined in the Act and all other employees.",NA,NA,NA,38,2003-07-01,2003-07-01,"26-50",TRUE,"RC","Yes","New England Health Care Employees Union, District 1199, a/w Service Employees International Union, AFL-CIO",1,"SEIU",0.538461538461538,"Yes",6
"01-RC-021656",NA,"Baker Commodities, Inc.",2003-07-03,2003-08-19,"Warwick","RI","A",2003-08-07,7,0,"International Brotherhood of Teamsters Local Union No. 251, AFL-CIO",7,NA,NA,NA,NA,0,7,"N",0,"N","International Brotherhood of Teamsters Local Union No. 251, AFL-CIO","Initial","Single Labor Organization","Certific. of Representative","Closed","All regular full-time and regular part-time truck drivers and warehouse employees employed by the Employer at its Riverdale Court, Warwick, Rhode Island facility, but excluding all confidential employees, guards, and supervisors as defined in the Act.",NA,NA,NA,35,2003-07-01,2003-07-01,"6-10",TRUE,"RC","Yes","International Brotherhood of Teamsters Local Union No. 251, AFL-CIO",1,"Teamsters",1,"Yes",0
"01-RD-002014",NA,"Aramark Schools, Inc.",2003-05-29,2003-07-07,"Wakefield","RI","A",2003-06-23,33,0,"RI Council 94, American Federation os State, County and Municipal Employees, AFL-CIO",7,NA,NA,NA,NA,17,24,"N",0,"N",NA,"Initial","Single Labor Organization","Certification of Results","Closed","All full-time and regular part-time cashiers, food servers, cooks, head cooks, drivers, utility, assistant head cooks, cooks helper, and head cashiers employed by the Employer at its operations in the South Kingstown, Rhode Island School District at South Kingstown High School, Wakefield, RI; Curtis Corner Middle School, Peace Dale, RI; Broad Rock Middle School, Wakefield, RI; South Road Elementary School, Kingston, RI; Peace Dale Elementary Schook, Peace Dale, RI; West Kingston Elementary School, West Kingston, RI; Wakefield Elementary School, Wakefield, RI; and Matunuck Elementary School, Wakefield, RI, but excluding the Director, Assistant Director, secretary, guards, professional employees, casual employees, temporary employees and supervisors as defined in the Act.",NA,NA,NA,25,2003-04-01,2003-04-01,"26-50",TRUE,"RD","Yes","RI Council 94, American Federation os State, County and Municipal Employees, AFL-CIO",0,"Uncoded",0.291666666666667,"No",9
"01-RC-021634",NA,"Rehabilitation Hospital of R.I.",2003-05-06,2003-06-30,"North Smithfield","RI","A",2003-06-12,10,0,"United Nurses and Allied Professionals Local 5067",8,NA,NA,NA,NA,2,10,"N",0,"N","United Nurses and Allied Professionals Local 5067","Initial","Single Labor Organization","Certific. of Representative","Closed","All casual and per diem Registered Nurses (RN's) and Licensed Practical Nurses (LPN's) employed by the Employer at its facility at 116 Eddie Dowling Highway, North Smithfield, R.I. who regulary average four (4) or more hours of work per week during the 13 weeks ending on Saturday, May 10, 2003, excluding all other professional employees, and nonprofessional employees, confidential employees, all other employees, managers, guards, and supervisors as defined in the National Labor Relations Act, as amended. 1/",NA,NA,NA,37,2003-04-01,2003-04-01,"6-10",TRUE,"RC","Yes","United Nurses and Allied Professionals Local 5067",1,"UNAP",0.8,"Yes",0
"01-RC-021625",NA,"Scott Brass",2003-04-08,2003-06-17,"Cranston","RI","A",2003-06-05,6,0,"International Brotherhood of Teamsters Local Union No. 251, AFL-CIO",5,NA,NA,NA,NA,0,5,"N",0,"N","International Brotherhood of Teamsters Local Union No. 251, AFL-CIO","Initial","Single Labor Organization","Certific. of Representative","Closed","All full-time and regular part-time quality control lab employees employed by the Employer at its Cranston, Rhode Island facility, including quality control lab technicians and quality control supervisor, but excluding all other employees, guards, and supervisors as defiined in the Act.",NA,NA,NA,58,2003-04-01,2003-04-01,"6-10",TRUE,"RC","Yes","International Brotherhood of Teamsters Local Union No. 251, AFL-CIO",1,"Teamsters",1,"Yes",1
"01-RD-002008",NA,"Union Industries",2003-03-21,2003-12-16,"Providence","RI","A",2003-12-04,70,0,"United Steelworkers of America, AFL-CIO",24,NA,NA,NA,NA,36,60,"N",10,"N",NA,"Initial","Single Labor Organization","Certification of Results","Closed","All full-time and regular part-time production and maintenance employees employed by the Employer at its 10 Admiral Street, Providence, R.I. location, including warehousers, but excluding office clerical employees, all sales personnel, guards and supervisors as defined in the Act.",NA,NA,NA,258,2003-10-01,2003-01-01,"51-100",TRUE,"RD","Yes","United Steelworkers of America, AFL-CIO",1,"USW",0.4,"No",10
"01-RC-021601",NA,"SODEXHO, INC.",2003-01-23,2003-10-06,"various","RI","A",2003-09-25,26,0,"United Food and Commercial Workers Union, Local 328, AFL-CIO",15,NA,NA,NA,NA,10,25,"N",0,"N","United Food and Commercial Workers Union, Local 328, AFL-CIO","Rerun","Single Labor Organization","Certific. of Representative","Closed","All full-time and regular part-time cafeteria workers and van drivers employed by the Employer at Westerly High School, Babcock Middle School, Bradford Elementary School, Dunn's Corner Elementary School, Springbrook Elementary School, State Elementary School, and Tower Elementary School, but excluding office clerical employees, managerial employees, students, substitute cafeteria employees, confidential employees, casual employees, guards and supervisors as defined in the Act and all other employees.",NA,NA,NA,245,2003-07-01,2003-01-01,"26-50",TRUE,"RC","Yes","United Food and Commercial Workers Union, Local 328, AFL-CIO",1,"UFCW",0.6,"Yes",1
"01-RC-021601",NA,"SODEXHO, INC.",2003-01-23,2003-10-06,"Westerly","RI","A",2003-03-18,28,0,"United Food and Commercial Workers Union, Local 328, AFL-CIO",13,NA,NA,NA,NA,14,27,"N",1,"N",NA,"Initial","Revised Single Labor Org","Certific. of Representative","Closed","All full-time and regular part-time cafeteria workers and van drivers employed by the Employer at Westerly High School, Babcock Middle School, Bradford Elementary School, Dunn's Corner Elementary School, Springbrook Elementary School, State Elementary School, and Tower Elementary School, but excluding office clerical employees, managerial employees, students, substitute cafeteria employees, confidential employees, casual employees, guards and supervisors as defined in the Act and all other employees.",NA,NA,NA,54,2003-01-01,2003-01-01,"26-50",FALSE,"RC","Yes","United Food and Commercial Workers Union, Local 328, AFL-CIO",1,"UFCW",0.481481481481481,"Yes",1
"01-RC-021601",NA,"SODEXHO, INC.",2003-01-23,2003-10-06,"Westerly","RI","A",2003-02-13,28,0,"United Food and Commercial Workers Union, Local 328, AFL-CIO",13,NA,NA,NA,NA,13,26,"N",2,"Y",NA,"Initial","Single Labor Organization","Certific. of Representative","Closed","All full-time and regular part-time cafeteria workers and van drivers employed by the Employer at Westerly High School, Babcock Middle School, Bradford Elementary School, Dunn's Corner Elementary School, Springbrook Elementary School, State Elementary School, and Tower Elementary School, but excluding office clerical employees, managerial employees, students, substitute cafeteria employees, confidential employees, casual employees, guards and supervisors as defined in the Act and all other employees.",NA,NA,NA,21,2003-01-01,2003-01-01,"26-50",FALSE,"RC","Yes","United Food and Commercial Workers Union, Local 328, AFL-CIO",1,"UFCW",0.5,"Yes",2
"01-RC-021572",NA,"All American Foods",2002-11-06,2003-06-18,"North Kingston","RI","A",2002-12-13,20,0,"International Brotherhood of Teamsters Local Union No. 251, AFL-CIO",10,NA,NA,NA,NA,7,17,"N",4,"Y",NA,"Initial","Single Labor Organization","Certific. of Representative","Closed","All full time and regular part time truck drivers employed by the Employer at its North Kingston, Rhode Island location, but excluding all other employees, warehouse employees, shipping and receiving employees, office and warehouse clerical employees, managerial employees, guards and supervisors as defined in the Act.",NA,NA,NA,37,2002-10-01,2002-10-01,"11-25",TRUE,"RC","Yes","International Brotherhood of Teamsters Local Union No. 251, AFL-CIO",1,"Teamsters",0.588235294117647,"Yes",3
"01-RC-021564",NA,"Deblois Oil Division of Petro",2002-10-10,2002-12-04,"Providence","RI","A",2002-11-21,72,1,"International Brotherhood of Teamsters Local 251, AFL-CIO",28,NA,NA,NA,NA,41,69,"N",0,"N",NA,"Initial","Single Labor Organization","Certification of Results","Closed","All full-time and regular part-time service technicians employed by the Employer at its Providence, Warwick, Woonsocket, Tiverton, Rhode Island and its Attleboro, Massachusetts facilities, but excluding drivers, office clerical employees, managerial employees, confidenttial employees, casual employees, guards and supervisors as defined in the Act.",NA,NA,NA,42,2002-10-01,2002-10-01,"51-100",TRUE,"RC","Yes","International Brotherhood of Teamsters Local 251, AFL-CIO",1,"Teamsters",0.405797101449275,"No",3
NA,NA,NA,NA,NA,NA,NA,NA,NA,NA,NA,NA,NA,NA,NA,NA,NA,NA,NA,NA,NA,NA,NA,NA,NA,NA,NA,NA,NA,NA,NA,NA,NA,NA,NA,NA,NA,NA,NA,NA,NA,NA,NA,NA
NA,NA,NA,NA,NA,NA,NA,NA,NA,NA,NA,NA,NA,NA,NA,NA,NA,NA,NA,NA,NA,NA,NA,NA,NA,NA,NA,NA,NA,NA,NA,NA,NA,NA,NA,NA,NA,NA,NA,NA,NA,NA,NA,NA
"01-RD-001990",NA,"Harborside Healthcare Greenwood",2002-09-25,2003-01-22,"Warwick","RI","A",2003-01-09,59,0,"Laborers International Union of North America, Local 1322, AFL-CIO",36,NA,NA,NA,NA,15,51,"N",0,"N","Laborers International Union of North America, Local 1322, AFL-CIO","Initial","Single Labor Organization","Certific. of Representative","Closed","All full-time and regular part-time service and maintenance employees, including CNAs, activity assistants, housekeeping, aides, dietary aides, central supply clerk, laundry aides, cooks and maintenance employees employed by the Employer at its 1139 Main Avenue, Warwick, Rhode Island facility, but excluding all other employees, including office clerical employees, receptionists, professional employees, executive managerial and confidential employees, casual employees, LPNs, RNs, temporary employees, casual on-call personnel, part-time employees who work a total of 1/5th of the regular full-time work week, or less, guards and supervisors as defined in the Act.",NA,NA,NA,106,2003-01-01,2002-07-01,"51-100",TRUE,"RD","Yes","Laborers International Union of North America, Local 1322, AFL-CIO",1,"LIUNA",0.705882352941177,"Yes",8
"01-RD-001989",NA,"Harborside Healthcare @ Pawtuxet Village",2002-09-24,2003-01-23,"Warwick","RI","A",2003-01-09,73,0,"Laborers International Union of North America, Local 1322, AFL-CIO",36,NA,NA,NA,NA,20,56,"N",0,"N","Laborers International Union of North America, Local 1322, AFL-CIO","Initial","Single Labor Organization","Certification of Results","Closed","All full-time and regular part-time service and maintenance employees, including CNAs, activity aides, housekeeping aides, dietary aides, laundry aides, cooks, and maintenance employees employed by the Employer at its 270 Post Road, Warwick, Rhode Island facility, but excluding all other employees, including office clerical employees, receptionists, professional employees, executive, managerial and confidential employees, casual employees, LPNs, and RNs, temporary employees, casual on-call personnel, part-time employees who work a total of 1/5th of the regular full-time work week or less, guards, and supervisors as defined in the Act.",NA,NA,NA,107,2003-01-01,2002-07-01,"51-100",TRUE,"RD","Yes","Laborers International Union of North America, Local 1322, AFL-CIO",1,"LIUNA",0.642857142857143,"No",17
"01-RC-021550",NA,"Falvey Linen and Uniform Supply",2002-09-09,2002-10-29,"Cranston","RI","A",2002-10-18,113,0,"Union of Needletrades, Industrial and Textile Employees, New England Regional Joint Board,  AFL-CIO",23,NA,NA,NA,NA,90,113,"N",0,"N",NA,"Initial","Single Labor Organization","Certification of Results","Closed","All full-time and regular part-time production employees, including ironers, soil, uniforms, shipping employees, team leaders, packers, folders, washroom, sewing and maintenance employees employed by the Employer at its Cranston, Rhode Island facility, but excluding outside sales employees, drivers, office clerical employees, temporary employees, professional employees, guards, and supervisors as defined in the Act as amended.",NA,NA,NA,39,2002-10-01,2002-07-01,"101-500",TRUE,"RC","Yes","Union of Needletrades, Industrial and Textile Employees, New England Regional Joint Board,  AFL-CIO",0,"Uncoded",0.20353982300885,"No",0
"01-RC-021548",NA,"New England Ambulance Service, Inc.",2002-09-04,2003-01-16,"Johnston","RI","A",2002-11-01,40,0,"International Association of EMT's and Paramedics, NAGE-SEIU, AFL-CIO",6,NA,NA,NA,NA,28,34,"N",0,"N",NA,"Initial","Single Labor Organization","Withdrawal","Closed",NA,NA,NA,NA,58,2002-10-01,2002-07-01,"26-50",TRUE,"RC","Yes","International Association of EMT's and Paramedics, NAGE-SEIU, AFL-CIO",1,"NAGE",0.176470588235294,"Other",6
"01-RC-021533",NA,"Johnson & Wales University - Campus Sec. & Safety Dept.",2002-07-22,2002-09-11,"Cranston","RI","A",2002-08-30,41,0,"Johnson & Wales Officers' Association",12,NA,NA,NA,NA,26,38,"N",0,"N",NA,"Initial","Single Labor Organization","Certification of Results","Closed","All full-time and regular part-time security guards, resident hall officers, practicum liaison officers and corporals employed by the Employer within the State of Rhode Island, but excluding officers in charge, captains, administrative assistants, director, assistant director, locksmiths, adjutant, crime prevention officer, and supervisors as defined by the Act.",NA,NA,NA,39,2002-07-01,2002-07-01,"26-50",TRUE,"RC","Yes","Johnson & Wales Officers' Association",0,"Uncoded",0.315789473684211,"No",3
"01-RC-021522","Region 01, Boston, Massachusetts","Ferreira Concrete Forms, Inc.",2002-06-28,2002-12-12,"East Providence","RI",NA,NA,10,NA,NA,NA,NA,NA,NA,NA,NA,NA,NA,NA,NA,NA,NA,NA,"Withdrawal Non-adjusted","Closed",NA,NA,NA,NA,NA,NA,2002-04-01,"6-10",TRUE,"RC","No",NA,0,"Uncoded",NA,"Other",NA
"01-RC-021498",NA,"Aramark School Support Services",2002-04-10,2002-05-22,"Wakefield","RI","A",2002-05-10,33,0,"RI Council 94, American Federation of State, County and Municipal Employees, AFL-CIO",17,NA,NA,NA,NA,16,33,"N",0,"N","RI Council 94, American Federation of State, County and Municipal Employees, AFL-CIO","Initial","Single Labor Organization","Certific. of Representative","Closed","All full time and regular part time cashiers, food servers, cooks, head cooks, drivers, utility, assistant head cooks, cooks helper, and head cashiers employed by the Employer at its operations in the South Kingstown, Rhode Island School District at South Kingstown High Schoo, Wakefield, RI; Curtis Corner Middle School, Peace Dale, RI; Broad Rock Middle School, Wakefield, RI; South Road Elementary School, Kingston, RI; Peace Dale Elementary School, Peace Dale, RI; West Kingston Elementary School, RI, Wakefield Elementary School, Wakefield, RI; and Matunuck Elementary School, Wakefield, RI but excluding the Director, Assistant Director, secretary, guards, professional employees, casual employees, temporary employees and supervisors as defined in the Act.",NA,NA,NA,30,2002-04-01,2002-04-01,"26-50",TRUE,"RC","Yes","RI Council 94, American Federation of State, County and Municipal Employees, AFL-CIO",1,"AFSCME",0.515151515151515,"Yes",0
"01-RD-001984",NA,"Comprehensive Community Action Program",2002-03-22,2002-08-05,"Cranston","RI","A",2002-07-25,62,0,"Rhode Island Laborers' District Council, Laborers'  International Union of North America, AFL-CIO",22,NA,NA,NA,NA,36,58,"N",1,"N",NA,"Initial","Single Labor Organization","Certification of Results","Closed",NA,NA,NA,NA,125,2002-07-01,2002-01-01,"51-100",TRUE,"RD","Yes","Rhode Island Laborers' District Council, Laborers'  International Union of North America, AFL-CIO",1,"LIUNA",0.379310344827586,"No",4
"01-RC-021477",NA,"Rhode Island School of Design",2002-02-21,2002-05-03,"Providence","RI","A",2002-05-03,21,0,"Rhode Island School of Design Public Safety Officers' Association",10,NA,NA,NA,NA,7,17,"N",2,"N","Rhode Island School of Design Public Safety Officers' Association","Initial","Revised Single Labor Org","Certific. of Representative","Closed","All full-time and regular part-time guards employed by the Employer in its Public Safety Department in Providence, RI, including Public Safety Officers II, Public Safety Officers III, Central Control Dispatchers, Central Control Coordinators, Quad Safety Dispatchers, Secretary/Quad Safety Dispatchers, ARMS Coordinators, and Parking Lot Attendents, but excluding Director of Public Safety, the Assistant Director of Public Safety, the Manager of Fire Safety, Public Safety Sergeants, Public Safety Department Secretary III, and all other managers and supervisors as defined in the Act.",NA,NA,NA,71,2002-04-01,2002-01-01,"11-25",TRUE,"RC","Yes","Rhode Island School of Design Public Safety Officers' Association",0,"Uncoded",0.588235294117647,"Yes",4
"01-RC-021477",NA,"Rhode Island School of Design",2002-02-21,2002-05-03,"Providence","RI","A",2002-04-04,21,0,"Rhode Island School of Design Public Safety Officers' Association",10,NA,NA,NA,NA,7,17,"N",4,"Y",NA,"Initial","Single Labor Organization","Certific. of Representative","Closed","All full-time and regular part-time guards employed by the Employer in its Public Safety Department in Providence, RI, including Public Safety Officers II, Public Safety Officers III, Central Control Dispatchers, Central Control Coordinators, Quad Safety Dispatchers, Secretary/Quad Safety Dispatchers, ARMS Coordinators, and Parking Lot Attendents, but excluding Director of Public Safety, the Assistant Director of Public Safety, the Manager of Fire Safety, Public Safety Sergeants, Public Safety Department Secretary III, and all other managers and supervisors as defined in the Act.",NA,NA,NA,42,2002-04-01,2002-01-01,"11-25",FALSE,"RC","Yes","Rhode Island School of Design Public Safety Officers' Association",0,"Uncoded",0.588235294117647,"Yes",4
NA,NA,NA,NA,NA,NA,NA,NA,NA,NA,NA,NA,NA,NA,NA,NA,NA,NA,NA,NA,NA,NA,NA,NA,NA,NA,NA,NA,NA,NA,NA,NA,NA,NA,NA,NA,NA,NA,NA,NA,NA,NA,NA,NA
NA,NA,NA,NA,NA,NA,NA,NA,NA,NA,NA,NA,NA,NA,NA,NA,NA,NA,NA,NA,NA,NA,NA,NA,NA,NA,NA,NA,NA,NA,NA,NA,NA,NA,NA,NA,NA,NA,NA,NA,NA,NA,NA,NA
"01-RC-021450",NA,"Correctional Medical Service",2001-12-06,2002-01-28,"Central Falls","RI","A",2002-01-11,8,0,"International Brotherhood of Teamsters, Local 251, AFL-CIO",8,NA,NA,NA,NA,0,8,"N",1,"N","International Brotherhood of Teamsters, Local 251, AFL-CIO","Initial","Single Labor Organization","Certific. of Representative","Closed","All full-time and regular part-time (regular part time being defined as those employees that worked at least an average of 4 hours per week during the last thirteen weeks preceding the eligibility date) registered nurses, licensed practical nurses and medical records clerks employed by the Employer at the Donald Wyatt Detention Facility located in Central Falls, Rhode Island, but excluding all managerial employees, confidential employees, office clerical employees, guards and supervisors as defined by the Act.",NA,NA,NA,36,2002-01-01,2001-10-01,"6-10",TRUE,"RC","Yes","International Brotherhood of Teamsters, Local 251, AFL-CIO",1,"Teamsters",1,"Yes",0
"01-RC-021444",NA,"Pawtuxet Valley, d/b/a Coach USA",2001-11-27,2002-01-08,"Warwick","RI","A",2001-12-27,5,0,"Amalgamated Transit Union Local 1116, AFL-CIO, CLC",5,NA,NA,NA,NA,0,5,"N",0,"N","Amalgamated Transit Union Local 1116, AFL-CIO, CLC","Initial","Single Labor Organization","Certific. of Representative","Closed","All full-time and regular part-time bus cleaners employed by the Employer at its 76 Industrial Lane, 
West Warwick, Rhode Island facility but excluding, office clerical employees, managerial employees, mechanics, maintenance employees, utility employees, bus drivers, confidential employees, casual employees, guards and supervisors as defined in the Act and all other employees.",NA,NA,NA,30,2001-10-01,2001-10-01,"<5",TRUE,"RC","Yes","Amalgamated Transit Union Local 1116, AFL-CIO, CLC",1,"ATU",1,"Yes",0
"01-RC-021406",NA,"Stanley Bostitch",2001-08-13,2001-11-13,"E. Greenwich","RI","A",2001-11-01,44,0,"International Brotherhood of Teamsters, Local 64, AFL-CIO",12,NA,NA,NA,NA,32,44,"N",0,"N",NA,"Initial","Single Labor Organization","Certification of Results","Closed","All full-time and regular part-time warehousepersons, senior warehousepersons, export and domestic customer service employees, and World Parts Center employees, employed by the Employer at its East Greenwich, Rhode Island facility, but excluding all other employees, receiving clerks, returns clerks, office clerical employees, professional employees, guards and supervisors as defined in the Act.",NA,NA,NA,80,2001-10-01,2001-07-01,"26-50",TRUE,"RC","Yes","International Brotherhood of Teamsters, Local 64, AFL-CIO",1,"Teamsters",0.272727272727273,"No",0
"01-RC-021403",NA,"Calise & Sons Bakery, Inc.",2001-08-09,2004-01-16,"Lincoln","RI","A",2002-02-20,125,4,"United Food and Commercial Workers Union, Local 328, AFL-CIO",44,NA,NA,NA,NA,62,106,"N",9,"N",NA,"Rerun","Single Labor Organization","Certification of Results","Closed","All regular full-time and part-time production and maintenance employees, including sanitation employees, and shipping and packaging employees employed by the Employer at its Lincoln, RI facility, but excluding all office clerical employees, all technical, managerial, and professional employees, all truck drivers (transport and route), all guards and supervisors as defined in the Act as amended, and all other employees.",NA,NA,NA,195,2002-01-01,2001-07-01,"101-500",TRUE,"RC","Yes","United Food and Commercial Workers Union, Local 328, AFL-CIO",1,"UFCW",0.415094339622642,"No",19
"01-RC-021403",NA,"Calise & Sons Bakery, Inc.",2001-08-09,2004-01-16,"Lincoln","RI","A",2001-09-26,130,0,"United Food and Commercial Workers Union, Local 328, AFL-CIO",52,NA,NA,NA,NA,72,124,"N",3,"N",NA,"Initial","Single Labor Organization","Certification of Results","Closed","All regular full-time and part-time production and maintenance employees, including sanitation employees, and shipping and packaging employees employed by the Employer at its Lincoln, RI facility, but excluding all office clerical employees, all technical, managerial, and professional employees, all truck drivers (transport and route), all guards and supervisors as defined in the Act as amended, and all other employees.",NA,NA,NA,48,2001-07-01,2001-07-01,"101-500",FALSE,"RC","Yes","United Food and Commercial Workers Union, Local 328, AFL-CIO",1,"UFCW",0.419354838709677,"No",6
"01-RC-021397",NA,"Dexter Credit Union",2001-07-30,2001-10-01,"Central Falls","RI","A",2001-09-12,26,0,"United Food and Commercial Workers Union, Local 328, AFL-CIO",20,NA,NA,NA,NA,4,24,"N",0,"N","United Food and Commercial Workers Union, Local 328, AFL-CIO","Initial","Single Labor Organization","Certific. of Representative","Closed","All full-time and regular part-time tellers, clerks, membership service representatives, loan processors, and mortgage underwriters employed by the Employer, but excluding all managers, guards and supervisors as defined by the Act.",NA,NA,NA,44,2001-07-01,2001-07-01,"26-50",TRUE,"RC","Yes","United Food and Commercial Workers Union, Local 328, AFL-CIO",1,"UFCW",0.833333333333333,"Yes",2
"01-RC-021391",NA,"Hillside Health Center",2001-07-06,2001-08-22,"Providence","RI","A",2001-08-10,107,0,"New England Health Care Employees Union, District 1199, a/w Service Employees International Union",56,NA,NA,NA,NA,23,79,"N",1,"N","New England Health Care Employees Union, District 1199, a/w Service Employees International Union","Initial","Single Labor Organization","Certific. of Representative","Closed","All regular full-time and part-time certified nursing assistants, certified medical technicians, rehabilitation aides, and dietary aides employed by the Employer at its Providence, Rhode Island facility, but excluding all other employees, licensed practical nurses, registered nurses, maintenance employees, housekeeping employees, laundry workers, office clerical employees, managers, guards and supervisors as defined in the Act.",NA,NA,NA,35,2001-07-01,2001-07-01,"101-500",TRUE,"RC","Yes","New England Health Care Employees Union, District 1199, a/w Service Employees International Union",1,"SEIU",0.708860759493671,"Yes",28
"01-RC-021382",NA,"Cornerstone Adult Services",2001-06-08,2001-08-02,"Warwick","RI","A",2001-07-20,13,0,"Amalgamated Transit Union, Local 618, AFL-CIO",11,NA,NA,NA,NA,1,12,"N",0,"N","Amalgamated Transit Union, Local 618, AFL-CIO","Initial","Single Labor Organization","Certific. of Representative","Closed","All full time and regular part time bus operators employed by the Employer at its 2065 Warwick Avenue, Warwick,  Rhode Island location, but excluding all other employees, guards and supervisors as defined in the Act.",NA,NA,NA,42,2001-07-01,2001-04-01,"11-25",TRUE,"RC","Yes","Amalgamated Transit Union, Local 618, AFL-CIO",1,"ATU",0.916666666666667,"Yes",1
"01-RC-021372",NA,"Asbestos Removal Contractor",2001-05-10,2002-04-10,"Johnston","RI","A",2001-06-22,19,0,"R.I. Laborers' District Council, Laborers' International Union of North America, AFL-CIO",9,NA,NA,NA,NA,9,18,"N",1,"N",NA,"Initial","Single Labor Organization","Withdrawal","Closed",NA,NA,NA,NA,43,2001-04-01,2001-04-01,"11-25",TRUE,"RC","Yes","R.I. Laborers' District Council, Laborers' International Union of North America, AFL-CIO",1,"LIUNA",0.5,"Other",1
"01-RC-021371",NA,"A.A. Wrecking Co., Inc.",2001-05-10,2001-06-26,"Johnston","RI","A",2001-06-15,11,0,"R.I. Laborers' District Council, Laborers' International Union of North America, AFL-CIO",1,NA,NA,NA,NA,8,9,"N",0,"N",NA,"Initial","Single Labor Organization","Certification of Results","Closed","All full time and regular part time laborers, employed by the Employer at its Johnston, RI facility, but excluding operators, truck drivers, all other employees, office clerical employees, managerial employees, guards and supervisors as defined in the Act.",NA,NA,NA,36,2001-04-01,2001-04-01,"11-25",TRUE,"RC","Yes","R.I. Laborers' District Council, Laborers' International Union of North America, AFL-CIO",1,"LIUNA",0.111111111111111,"No",2
"01-RC-021326",NA,"JSA Trucking",2001-03-01,2001-04-09,"Cranston","RI","A",2001-03-27,31,0,"International Association of Machinists and Aerospace Workers, District Lodge 170, AFL-CIO",17,NA,NA,NA,NA,10,27,"N",4,"N","International Association of Machinists and Aerospace Workers, District Lodge 170, AFL-CIO","Initial","Single Labor Organization","Certific. of Representative","Closed","All full time and regular part time Truck Drivers, Warehousemen, Dockmen and Driver/Mechanics employed by the Employer at its 125 Carlsbad Street, Croanston, Rhode Island  terminals, but excluding Office Clerical Employees, Confidential Employees, Guards and Supervisors as defined in the Act.",NA,NA,NA,26,2001-01-01,2001-01-01,"26-50",TRUE,"RC","Yes","International Association of Machinists and Aerospace Workers, District Lodge 170, AFL-CIO",1,"IAM",0.62962962962963,"Yes",4
"01-RC-021322",NA,"Hertz Equipment Rental",2001-02-23,2001-04-16,"Coventry","RI","A",2001-04-05,3,0,"International Union of Operating Engineers Local 57, AFL-CIO",3,NA,NA,NA,NA,0,3,"N",0,"N","International Union of Operating Engineers Local 57, AFL-CIO","Initial","Single Labor Organization","Certific. of Representative","Closed","All hourly employees in the service and transportation departments including mechanics, mechanic helpers, drivers, and steam cleaners/painters, employed by the Employer at its 140 Center of New England Blvd., Coventry, Rhode Island facility, but excluding all other employees, office clerical employees, managerial employees, confidential employees, salesmen/sales coordinators, guards and supervisors as defined in the Act.",NA,NA,NA,41,2001-04-01,2001-01-01,"<5",TRUE,"RC","Yes","International Union of Operating Engineers Local 57, AFL-CIO",1,"IUOE",1,"Yes",0
"01-RC-021305",NA,"Comprehensive Comm. Action Program",2001-01-23,2001-03-20,"Cranston","RI","A",2001-03-08,60,0,"RI Laborers' District Council, Laborers International Union, AFL-CIO",32,NA,NA,NA,NA,25,57,"N",3,"N","RI Laborers' District Council, Laborers International Union, AFL-CIO","Initial","Single Labor Organization","Certific. of Representative","Closed","All full-time and regular part-time professional and nonprofessional employees employed by the Employer in its Head Start Program at its Atwood Avenue and Gansett Avenue facilities in Cranston, Rhode Island, including registered nurses, teachers, licensed practical nursers, teacher assistants, family advocates, secretaries, data enty clerks, systems administrators, service delivery assistants, fiscal managers, food prep workers, janitors and bus drivers, but excluding all social service managers, mental health managers, educational managers, program directors, disabilities managers, project coordinators, site managers, and all other employees, managerial employees, confidential employees, guards and supervisors as defined in the Act.",NA,NA,NA,44,2001-01-01,2001-01-01,"51-100",TRUE,"RC","Yes","RI Laborers' District Council, Laborers International Union, AFL-CIO",1,"LIUNA",0.56140350877193,"Yes",3
"01-RD-001959",NA,"RI Disability Law Center, Inc.",2001-01-08,2001-04-09,"Providence","RI","A",2001-03-27,5,0,"NOLSW International Union, a/w UAW, Local 2320, AFL-CIO",5,NA,NA,NA,NA,0,5,"N",0,"N","NOLSW International Union, a/w UAW, Local 2320, AFL-CIO","Initial","Single Labor Organization","Certific. of Representative","Closed","All full-time and regular part-time staff attorneys employed by the Employer at its Providence, R.I., locations, but excluding legal advocates, intake advocates, secretary-receptionist, Executive Director, Financial Manager, independent contractors, confidential and tempooary employees and all other employees, guards and supervisors as defined in the Act.","All full-time and regular part-time legal advocates, intake advocates and secretary/receptionist employed by the Employer at is Providence, R.I. location, but excluding staff attorenys, Executive Director, Financial Manager, independent contractors, confidential and temporary employees, all other employees, guards and supervisors as defined in the Act.",NA,NA,78,2001-01-01,2001-01-01,"<5",TRUE,"RD","Yes","NOLSW International Union, a/w UAW, Local 2320, AFL-CIO",1,"UAW",1,"Yes",0
"01-RD-001959",NA,"RI Disability Law Center, Inc.",2001-01-08,2001-04-09,"Providence","RI","B",2001-03-27,5,0,"NOLSW International Union, a/w UAW, Local 2320, AFL-CIO",0,NA,NA,NA,NA,4,4,"N",0,"N",NA,"Initial","Single Labor Organization","Certific. of Representative","Closed","All full-time and regular part-time staff attorneys employed by the Employer at its Providence, R.I., locations, but excluding legal advocates, intake advocates, secretary-receptionist, Executive Director, Financial Manager, independent contractors, confidential and tempooary employees and all other employees, guards and supervisors as defined in the Act.","All full-time and regular part-time legal advocates, intake advocates and secretary/receptionist employed by the Employer at is Providence, R.I. location, but excluding staff attorenys, Executive Director, Financial Manager, independent contractors, confidential and temporary employees, all other employees, guards and supervisors as defined in the Act.",NA,NA,78,2001-01-01,2001-01-01,"<5",TRUE,"RD","Yes","NOLSW International Union, a/w UAW, Local 2320, AFL-CIO",1,"UAW",0,"Yes",1
"01-RC-021292",NA,"General Dynamics Electric Boat",2000-12-21,2001-02-21,"North Kingston","RI","A",2001-02-09,1234,0,"United Steelworkers of America, AFL-CIO, CLC",421,NA,NA,NA,NA,770,1191,"N",1,"N",NA,"Initial","Single Labor Organization","Certification of Results","Closed","All hourly production and maintenance employees employed by the Employer, at its North Kingston, Rhode Island facility working in buildings 60 (machine shop, pipe shop, sheetmetal shop, electrical shop, hanger shop, maintenance), 17 (warehousing), 537 (warehousing), 897 (warehousing), 480 (warehousing), 409 (warehousing), 924 (garage), 2005 (blast & paint facility), 2003 (automated hull mfg. & modular construction), 487 (rigging, warehousing), 2004 (heavy plate forming), 406 (steel processing), 2A (heavy forming), 536 (warehousing), including welders, learners, multi-trades workers, pipefitters, shipfitters, machinists, electricans, outside machinists, sheetmetal workers, inspectors, painters, apprentices, technicians, material-handlers, pipewelders, fabricators, maintenance workers, mechanics, riggers, crane operators, testers, sound dampeners, attendants, burners, vehicle operators, shippers, stage builders, weld support technicians, pipe grinders, and all other hourly paid employees but excluding office clerical employees, professional employees, managerial employees, planners, foremen, casual employees, all other salaried employees, guards and supervisors as defined in the Act as amended.",NA,NA,NA,50,2001-01-01,2000-10-01,"500>",TRUE,"RC","Yes","United Steelworkers of America, AFL-CIO, CLC",1,"USW",0.353484466834593,"No",43
"01-RC-021289",NA,"Women and Infants Hospital",2000-12-11,2001-03-08,"Providence","RI","A",2001-02-01,19,0,"New England Health Care Employees Union, District 1199, SEIU, AFL-CIO",13,NA,NA,NA,NA,6,19,"N",1,"N","New England Health Care Employees Union, District 1199, SEIU, AFL-CIO","Initial","Single Labor Organization","Certification of Results","Closed","And it appearing from the Tally of Ballots that New England Health Care Employees Union, District 1199, a/w Service Employees International Union, AFL-CIO,  has been designated by the,employees in the abpve-named categroy; no objections having been field to the Tally of Ballots furnish to the parties or to the conduct of the Election, within the time provided therefor; and it appearing that this organization is now the recongnized excludive bargaining  representative of certian employees of the Employer.

Pursuant to the authority vested in the undersigned by the National Labor Relations Board.

IT IS HEREBY CERTIFIED that the said organization may bargain for the employees in the above named category as part of the group of employees whic it currently represents.

Accordingly, the collective baraining unit becones:


All technical employees including laboratory technicians I, II and III, radiology technicians,  ultrasound technicians and respiratory therapists employed by the Employer at its 50 Maude Street, Providence, Rhode Island location, but excluding all pharmacists, pharmacy technicians, social workers, nutrition aides, dieticians, nutritionists, assistant laboratory supervisors, all other employees, guards and supervisors as defined in the Act.",NA,NA,NA,52,2001-01-01,2000-10-01,"11-25",TRUE,"RC","Yes","New England Health Care Employees Union, District 1199, SEIU, AFL-CIO",1,"SEIU",0.684210526315789,"No",0
"01-RC-021273",NA,"Swan Point Cemetery",2000-11-02,2000-12-18,"Providence","RI","A",2000-12-06,17,0,"Rhode Island Laborers District Council, a/w Laborers' International Union of North America, AFL-CIO",6,NA,NA,NA,NA,10,16,"N",0,"N",NA,"Initial","Single Labor Organization","Certification of Results","Closed",NA,NA,NA,NA,34,2000-10-01,2000-10-01,"11-25",TRUE,"RC","Yes","Rhode Island Laborers District Council, a/w Laborers' International Union of North America, AFL-CIO",1,"LIUNA",0.375,"No",1
NA,NA,NA,NA,NA,NA,NA,NA,NA,NA,NA,NA,NA,NA,NA,NA,NA,NA,NA,NA,NA,NA,NA,NA,NA,NA,NA,NA,NA,NA,NA,NA,NA,NA,NA,NA,NA,NA,NA,NA,NA,NA,NA,NA
NA,NA,NA,NA,NA,NA,NA,NA,NA,NA,NA,NA,NA,NA,NA,NA,NA,NA,NA,NA,NA,NA,NA,NA,NA,NA,NA,NA,NA,NA,NA,NA,NA,NA,NA,NA,NA,NA,NA,NA,NA,NA,NA,NA
"01-RC-021248",NA,"The Sawyer School",2000-09-19,2000-11-13,"Warwick and Pawtucket","RI","A",2000-11-01,57,0,"National Education Association Rhode Island",26,NA,NA,NA,NA,29,55,"N",0,"N",NA,"Initial","Single Labor Organization","Certification of Results","Closed",NA,NA,NA,NA,43,2000-10-01,2000-07-01,"51-100",TRUE,"RC","Yes","National Education Association Rhode Island",1,"NEA",0.472727272727273,"No",2
"01-RC-021244",NA,"First Student, Inc.",2000-09-14,2000-11-06,"Warwick","RI","A",2000-10-26,81,0,"Amalgamated Transit Union, AFL-CIO, CLC",47,NA,NA,NA,NA,31,78,"N",1,"N","Amalgamated Transit Union, AFL-CIO, CLC","Initial","Single Labor Organization","Certific. of Representative","Closed",NA,NA,NA,NA,42,2000-10-01,2000-07-01,"51-100",TRUE,"RC","Yes","Amalgamated Transit Union, AFL-CIO, CLC",1,"ATU",0.602564102564103,"Yes",3
"01-RC-021242",NA,"Dryvit System, Inc.",2000-09-11,2001-03-09,"West Warwick","RI","A",2001-02-22,20,0,"International Brotherhood of Teamsters, Local 251, AFL-CIO",7,NA,NA,NA,NA,13,20,"N",0,"N",NA,"Rerun","Single Labor Organization","Certification of Results","Closed","All production and maintenance  employees including quality control technicians and shipping employees employed by the Employer at its One Energy Way, West Warwick, RI plant, but excluding all office and plant clerical employees, confidential employees, managerial employees, guards and supervisors as defined in the Act.",NA,NA,NA,164,2001-01-01,2000-07-01,"11-25",TRUE,"RC","Yes","International Brotherhood of Teamsters, Local 251, AFL-CIO",1,"Teamsters",0.35,"No",0
"01-RC-021242",NA,"Dryvit System, Inc.",2000-09-11,2001-03-09,"West Warwick","RI","A",2000-10-20,21,0,"International Brotherhood of Teamsters, Local 251, AFL-CIO",11,NA,NA,NA,NA,8,19,"N",3,"Y","International Brotherhood of Teamsters, Local 251, AFL-CIO","Initial","Single Labor Organization","Certification of Results","Closed","All production and maintenance  employees including quality control technicians and shipping employees employed by the Employer at its One Energy Way, West Warwick, RI plant, but excluding all office and plant clerical employees, confidential employees, managerial employees, guards and supervisors as defined in the Act.",NA,NA,NA,39,2000-10-01,2000-07-01,"11-25",FALSE,"RC","Yes","International Brotherhood of Teamsters, Local 251, AFL-CIO",1,"Teamsters",0.578947368421053,"No",2
"01-RC-021234",NA,"Brown University",2000-09-01,2000-10-26,"Providence","RI","A",2000-10-13,6,0,"Service Employees Local 134",4,NA,NA,NA,NA,2,6,"N",0,"N","Service Employees Local 134","Initial","Single Labor Organization","Certific. of Representative","Closed",NA,NA,NA,NA,42,2000-10-01,2000-07-01,"6-10",TRUE,"RC","Yes","Service Employees Local 134",0,"Uncoded",0.666666666666667,"Yes",0
"01-RC-021218",NA,"Cubic Worldwide Technical Services",2000-07-21,2000-09-12,"Newport","RI","A",2000-08-31,8,0,"International Brotherhood of Electrical Workers, Local 99, AFL-CIO",4,NA,NA,NA,NA,4,8,"N",0,"N",NA,"Initial","Single Labor Organization","Certification of Results","Closed","All full time & part time employees including technicians l, ll & lll and order clerks at the Newport, RI location.",NA,NA,NA,41,2000-07-01,2000-07-01,"6-10",TRUE,"RC","Yes","International Brotherhood of Electrical Workers, Local 99, AFL-CIO",1,"IBEW",0.5,"No",0
"01-RC-021214",NA,"Blackstone Valley Chapter RI ARC",2000-07-07,2000-08-28,"Pawtucket","RI","B",2000-08-18,12,0,"New England Health Care Employees Union, District 1199, a/w Service Employees International Union, A",10,NA,NA,NA,NA,2,12,"N",4,"N","New England Health Care Employees Union, District 1199, a/w Service Employees International Union, A","Initial","Single Labor Organization","Certific. of Representative","Closed","All full-time and regular part-time professional and non-professional employees who regularly average 4 or more hours of work per week in the last quarter prior to the eligibility date, including registered nurses, service coordinators, physical therapists, psychologists, and social worker, all support staff, assistant directors, licensed practical nurses, office aides, psychology assistants, speech assistants, physical therapy assistants, medical appointments coordinators, vocational evaluators, and drivers employed by the Employer at its Rhode Island locations, excluding all associate directors, program directors, administrative assistants, business office clericals, managerial employees, confidential employees, guards an supervisors as defined in the Act.","Professional Employers",NA,NA,42,2000-07-01,2000-07-01,"11-25",TRUE,"RC","Yes","New England Health Care Employees Union, District 1199, a/w Service Employees International Union, A",1,"SEIU",0.833333333333333,"Yes",0
"01-RC-021214",NA,"Blackstone Valley Chapter RI ARC",2000-07-07,2000-08-28,"Pawtucket","RI","A",2000-08-18,225,0,"New England Health Care Employees Union, District 1199, a/w Service Employees International Union, A",129,NA,NA,NA,NA,80,209,"N",19,"N","New England Health Care Employees Union, District 1199, a/w Service Employees International Union, A","Initial","Single Labor Organization","Certific. of Representative","Closed","All full-time and regular part-time professional and non-professional employees who regularly average 4 or more hours of work per week in the last quarter prior to the eligibility date, including registered nurses, service coordinators, physical therapists, psychologists, and social worker, all support staff, assistant directors, licensed practical nurses, office aides, psychology assistants, speech assistants, physical therapy assistants, medical appointments coordinators, vocational evaluators, and drivers employed by the Employer at its Rhode Island locations, excluding all associate directors, program directors, administrative assistants, business office clericals, managerial employees, confidential employees, guards an supervisors as defined in the Act.","Professional Employers",NA,NA,42,2000-07-01,2000-07-01,"101-500",TRUE,"RC","Yes","New England Health Care Employees Union, District 1199, a/w Service Employees International Union, A",1,"SEIU",0.617224880382775,"Yes",16
"01-RD-001941",NA,"Laidlaw Educational Service",2000-06-02,2000-10-16,"Coventry","RI","A",2000-10-06,90,0,"New England Health Care Employees Union, District 1199, a/w Service Employees International Union, A",29,NA,NA,NA,NA,49,78,"N",5,"N",NA,"Initial","Single Labor Organization","Certification of Results","Closed",NA,NA,NA,NA,126,2000-10-01,2000-04-01,"51-100",TRUE,"RD","Yes","New England Health Care Employees Union, District 1199, a/w Service Employees International Union, A",1,"SEIU",0.371794871794872,"No",12
"01-RC-021186",NA,"Ryder Public Transportation Services (Pawtucket & N. Prov.)",2000-04-25,2000-06-19,"Central Falls","RI","A",2000-06-07,126,2,"International Brotherhood of Teamsters, Local Union No. 251, AFL-CIO",60,NA,NA,NA,NA,46,106,"N",7,"N","International Brotherhood of Teamsters, Local Union No. 251, AFL-CIO","Initial","Single Labor Organization","Certific. of Representative","Closed","All drivers, monitors, and aides employed by the Employer at its 40 Higginson Avenue, Central Falls, Rhode Island facility, but excluding all other employees, office clerical employees, yardman, managerial employees, guards and supervisors as defined in the Act",NA,NA,NA,43,2000-04-01,2000-04-01,"101-500",TRUE,"RC","Yes","International Brotherhood of Teamsters, Local Union No. 251, AFL-CIO",1,"Teamsters",0.566037735849057,"Yes",20
NA,NA,NA,NA,NA,NA,NA,NA,NA,NA,NA,NA,NA,NA,NA,NA,NA,NA,NA,NA,NA,NA,NA,NA,NA,NA,NA,NA,NA,NA,NA,NA,NA,NA,NA,NA,NA,NA,NA,NA,NA,NA,NA,NA
NA,NA,NA,NA,NA,NA,NA,NA,NA,NA,NA,NA,NA,NA,NA,NA,NA,NA,NA,NA,NA,NA,NA,NA,NA,NA,NA,NA,NA,NA,NA,NA,NA,NA,NA,NA,NA,NA,NA,NA,NA,NA,NA,NA
"01-RC-021161",NA,"Visiting Nurse Association of Care New England",2000-03-17,2000-05-08,"Warwick","RI","A",2000-04-27,16,0,"Federation of Visiting Nurses & Health Professionals, Local 5022, AFT, AFL-CIO",2,NA,NA,NA,NA,7,9,"N",4,"N",NA,"Initial","Single Labor Organization","Certification of Results","Closed","All per diem registered nurses who work an average of 4 hours per week in the 13 week period immediately preceding the payroll period ending Saturday, March 18, 2000, employed by the Employer at its Warwick and Paawtucket, RI facilities, but excluding all other employees, the Chief Executive Officer (CEO), Vice President of Therapeutic Services (VP), Nursing Supervisors, guards and supervisors as defined in the Act.",NA,NA,NA,41,2000-04-01,2000-01-01,"11-25",TRUE,"RC","Yes","Federation of Visiting Nurses & Health Professionals, Local 5022, AFT, AFL-CIO",1,"AFT",0.222222222222222,"No",7
"01-RC-021158",NA,"Commercial Painting, Inc.",2000-03-15,2002-06-12,"Pawtucket","RI","A",2001-04-12,75,1,"International Union of Painters & Allied Trades, District Council #11 and #35",24,NA,NA,NA,NA,39,63,"N",16,"Y",NA,"Initial","Single Labor Organization","Certification of Results","Closed","All full-time and regular part-time painters, wallcoverers, and foremen employed by the Employer at its 75 Beverage Hill Avenue, pawtucket, RI facility but excluding all other emplyees, office clerical workers managers, guards, and supervisors as defined in the NLRA, as amended.",NA,NA,NA,393,2001-04-01,2000-01-01,"51-100",TRUE,"RC","Yes","International Union of Painters & Allied Trades, District Council #11 and #35",1,"IUPAT",0.380952380952381,"No",12
NA,NA,NA,NA,NA,NA,NA,NA,NA,NA,NA,NA,NA,NA,NA,NA,NA,NA,NA,NA,NA,NA,NA,NA,NA,NA,NA,NA,NA,NA,NA,NA,NA,NA,NA,NA,NA,NA,NA,NA,NA,NA,NA,NA
NA,NA,NA,NA,NA,NA,NA,NA,NA,NA,NA,NA,NA,NA,NA,NA,NA,NA,NA,NA,NA,NA,NA,NA,NA,NA,NA,NA,NA,NA,NA,NA,NA,NA,NA,NA,NA,NA,NA,NA,NA,NA,NA,NA
"01-RC-021140",NA,"Airpro Mechanical Co., Inc.",2000-02-02,2000-03-10,"East Providence","RI","A",2000-03-01,15,0,"Sheet Metal Workers International Association Local 17",6,NA,NA,NA,NA,9,15,"N",0,"N",NA,"Initial","Single Labor Organization","Certification of Results","Closed","All employees of the Employer employed at its facility at 404 Wampanoag Trail, East Providence, RI,
engaged in the installation and fabrication of sheet metal at the Plant and/or construction sites, but excluding all professional,technical, managerial, office clerical, all other employees, guards and 
supervisors as defined in the Act.",NA,NA,NA,28,2000-01-01,2000-01-01,"11-25",TRUE,"RC","Yes","Sheet Metal Workers International Association Local 17",1,"SMART",0.4,"No",0
"01-RC-021126",NA,"Unicco Service Co.",2000-01-10,2000-02-25,"Providence","RI","A",2000-02-16,6,0,"Service Employees International Union, L",4,NA,NA,NA,NA,0,4,"N",0,"N","Service Employees International Union, L","Initial","Single Labor Organization","Certific. of Representative","Closed","All full time and regular part time cleaners employed by UNICCO Service Company at its operation located at 50 Jordan Street, E Providence, RI, but excluding all other employees, clerical employees, professional employees, managerial employees, guards and supervisors as defined in the Act.",NA,NA,NA,37,2000-01-01,2000-01-01,"6-10",TRUE,"RC","Yes","Service Employees International Union, L",1,"SEIU",1,"Yes",2
"01-RC-021122",NA,"Joslin Community Center",2000-01-03,2000-03-28,"Providence","RI","A",2000-03-16,9,0,"Rhode Island Laborers' District Council",4,NA,NA,NA,NA,5,9,"N",0,"N",NA,"Rerun","Revised Single Labor Org","Certification of Results","Closed","All full time and regular part time non credential employees (as defined by the Funding request) including: Associate Teacher, Teacher Assistant, Project KeyTeacher's Aide, Activity Assistant, Rite Care Employees, driver and Maintenance employees employed by the Employer at its 231 Amherst Street, Providence, RI premises, but excluding credential employees (as defined by the funding request) including:  Executive Director, Board of Directors, security employees, Office assistant, Community Activity Coordinator, Intake/Case Management Director, Child Care Project Key Director, Project Key Coordinator, Professional Employees, guards and supervisors as defined in the Act.",NA,NA,NA,73,2000-01-01,2000-01-01,"6-10",TRUE,"RC","Yes","Rhode Island Laborers' District Council",1,"LIUNA",0.444444444444444,"No",0
"01-RC-021122",NA,"Joslin Community Center",2000-01-03,2000-03-28,"Providence","RI","A",2000-03-06,9,0,"Rhode Island Laborers' District Council",3,NA,NA,NA,NA,4,7,"N",2,"Y",NA,"Rerun","Single Labor Organization","Certification of Results","Closed","All full time and regular part time non credential employees (as defined by the Funding request) including: Associate Teacher, Teacher Assistant, Project KeyTeacher's Aide, Activity Assistant, Rite Care Employees, driver and Maintenance employees employed by the Employer at its 231 Amherst Street, Providence, RI premises, but excluding credential employees (as defined by the funding request) including:  Executive Director, Board of Directors, security employees, Office assistant, Community Activity Coordinator, Intake/Case Management Director, Child Care Project Key Director, Project Key Coordinator, Professional Employees, guards and supervisors as defined in the Act.",NA,NA,NA,63,2000-01-01,2000-01-01,"6-10",FALSE,"RC","Yes","Rhode Island Laborers' District Council",1,"LIUNA",0.428571428571429,"No",2
"01-RC-021118",NA,"Landmark Medical Center",1999-12-13,2000-02-07,"Woonsocket","RI","A",2000-01-27,20,0,"United Nurses and Allied Professionals Local 5067",10,NA,NA,NA,NA,10,20,"N",0,"N",NA,"Initial","Single Labor Organization","Certification of Results","Closed","All full-time, regular part-time and eligible per diem facilities maintenance and trades employees employed by Landmark Medical Center, but excuding all other employees, all professional, clerical, and technical
employees, all managerial employees, and all guards and supervisors as defined by the Act as amended.",NA,NA,NA,45,2000-01-01,1999-10-01,"11-25",TRUE,"RC","Yes","United Nurses and Allied Professionals Local 5067",1,"UNAP",0.5,"No",0
"01-RD-001924",NA,"Providence Journal Bulletin",1999-11-23,2000-01-21,"Providence","RI","A",2000-01-12,144,1,"International Brotherhood of Teamsters,",83,NA,NA,NA,NA,39,122,"N",0,"N","International Brotherhood of Teamsters,","Initial","Single Labor Organization","Certific. of Representative","Closed","All regular part-time mailers, regular and irregular inserters/drivers and machine mainenance employees employed by the Employer at its Providence, RI location, but excluding all other employees, casual employees, office clerical employees, guards and supervisors as defined in the Act.",NA,NA,NA,50,2000-01-01,1999-10-01,"101-500",TRUE,"RD","Yes","International Brotherhood of Teamsters,",1,"Teamsters",0.680327868852459,"Yes",22
"01-RC-021108",NA,"Rhode Island Blood Center",1999-11-22,2000-01-04,"Providence","RI","A",1999-12-23,136,0,"New England Health Care Employees Union, District 1199, Service Employees International Union",50,NA,NA,NA,NA,74,124,"N",2,"N",NA,"Initial","Single Labor Organization","Certification of Results","Closed","All regular full-time, part-time and per diem service and maintenance employees, including Patient Services Representative, Phlebotomists, Driver/Blood Drives, Blood Collection Supply Inventory Person, donor Services Support Secretary, Blood Donor Medical Interviewer, Blood Center Secretary, Laboratory Assistant, Laboratory Administrative Assistant, Donor Notification Administrative Assistant, Telephone Recruiters, Blood Center Representatives, Telephone Coordinator, Hospital Services Technicians, Coordinator of Scheduling and Volunteers, Secretary Donor Resources, employed by the Employer at its Rhode Island Blood Center, Providence,RI; Aquidneck Island Donor Center, Middleton, RI, South County Donor Center, Narragansett RI, and Rhode Island Mail Donor Center, Warwick RI locations, but excluding all Laboratory Technologists, Registered Nurses, Licensed Practical Nurses,  confidential employees, including Donor Services Secretary, business office clerical employees, technical employees professional 
employees, managerial employees,  guards and supervisors, as defined in the Act, and all other employees.",NA,NA,NA,31,1999-10-01,1999-10-01,"101-500",TRUE,"RC","Yes","New England Health Care Employees Union, District 1199, Service Employees International Union",1,"SEIU",0.403225806451613,"No",12
"01-RC-021100",NA,"Rehabilitation Hospital of Rhode Island",1999-10-29,1999-12-13,"N. Smithfield","RI","A",1999-12-02,23,0,"United Nurses and Allied Professionals",15,NA,NA,NA,NA,5,20,"N",0,"N","United Nurses and Allied Professionals","Initial","Single Labor Organization","Certific. of Representative","Closed","All full-time, regular part-time and per diem CNA's who worked an average of four hours per week in the thirteen week period prior to the date of election employed by the employer at its 116 Eddie Dowling Highway, North Smithfield, RI facility, but excluding professional employees, managerial employees, 
confidential employees, guards and supervisors as defined in the Act and all other employees.",NA,NA,NA,34,1999-10-01,1999-10-01,"11-25",TRUE,"RC","Yes","United Nurses and Allied Professionals",1,"UNAP",0.75,"Yes",3
"01-RC-021061",NA,"Trinity Repertory Theatre",1999-08-19,1999-10-04,"Providence","RI","A",1999-09-23,6,0,"United Food and Commercial Workers Union, Local 328, AFL-CIO",2,NA,NA,NA,NA,4,6,"N",0,"N",NA,"Initial","Single Labor Organization","Certification of Results","Closed",NA,NA,NA,NA,35,1999-07-01,1999-07-01,"6-10",TRUE,"RC","Yes","United Food and Commercial Workers Union, Local 328, AFL-CIO",1,"UFCW",0.333333333333333,"No",0
"01-RC-021058",NA,"Claflin Company",1999-08-17,1999-10-25,"Warwick","RI","A",1999-10-14,25,0,"Rhode Island Laborers' District Council",15,NA,NA,NA,NA,8,23,"N",0,"N","Rhode Island Laborers' District Council","Initial","Single Labor Organization","Certific. of Representative","Closed","All full time and regular part time production and maintenance employees and truckdrivers employed by
the employer at its 465 Warwick Industrial Drive, Warwick RI warehouse, but excluding office clerical
employees, managerial employees, confidential employees, casual employees, guards and supervisors
as defined in the Act.",NA,NA,NA,58,1999-10-01,1999-07-01,"11-25",TRUE,"RC","Yes","Rhode Island Laborers' District Council",1,"LIUNA",0.652173913043478,"Yes",2
"01-RC-021039",NA,"Cornell Corrections (Donald Wyatt Detention Center)",1999-07-02,1999-08-17,"Central Falls","RI","A",1999-08-06,10,0,"International Brotherhood of Teamsters L",7,NA,NA,NA,NA,3,10,"N",0,"N","International Brotherhood of Teamsters L","Initial","Single Labor Organization","Certific. of Representative","Closed",NA,NA,NA,NA,35,1999-07-01,1999-07-01,"6-10",TRUE,"RC","Yes","International Brotherhood of Teamsters L",1,"Teamsters",0.7,"Yes",0
NA,NA,NA,NA,NA,NA,NA,NA,NA,NA,NA,NA,NA,NA,NA,NA,NA,NA,NA,NA,NA,NA,NA,NA,NA,NA,NA,NA,NA,NA,NA,NA,NA,NA,NA,NA,NA,NA,NA,NA,NA,NA,NA,NA
"01-RC-021018",NA,"Casella Waste Management",1999-05-11,1999-07-09,"Coventry","RI","A",1999-06-25,23,0,"Chauffeurs, Teamsters, Warehousemen and",3,NA,NA,NA,NA,19,22,"N",0,"N",NA,"Initial","Single Labor Organization","Certification of Results","Closed",NA,NA,NA,NA,45,1999-04-01,1999-04-01,"11-25",TRUE,"RC","Yes","Chauffeurs, Teamsters, Warehousemen and",1,"Teamsters",0.136363636363636,"No",1
NA,NA,NA,NA,NA,NA,NA,NA,NA,NA,NA,NA,NA,NA,NA,NA,NA,NA,NA,NA,NA,NA,NA,NA,NA,NA,NA,NA,NA,NA,NA,NA,NA,NA,NA,NA,NA,NA,NA,NA,NA,NA,NA,NA
"01-RC-020979",NA,"Bay Tower Nursing Center",1999-02-25,1999-05-05,"Providence,","RI","A",1999-05-05,92,0,"New England Health Care Employees, Distr",41,NA,NA,NA,NA,41,82,"N",0,"N",NA,"Initial","Revised Single Labor Org","Certification of Results","Closed",NA,NA,NA,NA,69,1999-04-01,1999-01-01,"51-100",TRUE,"RC","Yes","New England Health Care Employees, Distr",1,"SEIU",0.5,"No",10
"01-RC-020979",NA,"Bay Tower Nursing Center",1999-02-25,1999-05-05,"Providence,","RI","A",1999-04-06,92,0,"New England Health Care Employees, Distr",41,NA,NA,NA,NA,41,82,"N",9,"Y",NA,"Initial","Single Labor Organization","Certification of Results","Closed",NA,NA,NA,NA,40,1999-04-01,1999-01-01,"51-100",FALSE,"RC","Yes","New England Health Care Employees, Distr",1,"SEIU",0.5,"No",10
"01-RC-020972",NA,"U.S. Generating Co.",1999-02-12,1999-04-16,"Ptovidence","RI","A",1999-03-30,31,NA,"Utility Workers Local 310, a/w Brotherho",31,NA,NA,NA,NA,0,31,"N",0,"N","Utility Workers Local 310, a/w Brotherho","Initial","Single Labor Organization","Certific. of Representative","Closed",NA,NA,NA,NA,46,1999-01-01,1999-01-01,"26-50",TRUE,"RC","Yes","Utility Workers Local 310, a/w Brotherho",0,"Uncoded",1,"Yes",0
NA,NA,NA,NA,NA,NA,NA,NA,NA,NA,NA,NA,NA,NA,NA,NA,NA,NA,NA,NA,NA,NA,NA,NA,NA,NA,NA,NA,NA,NA,NA,NA,NA,NA,NA,NA,NA,NA,NA,NA,NA,NA,NA,NA
NA,NA,NA,NA,NA,NA,NA,NA,NA,NA,NA,NA,NA,NA,NA,NA,NA,NA,NA,NA,NA,NA,NA,NA,NA,NA,NA,NA,NA,NA,NA,NA,NA,NA,NA,NA,NA,NA,NA,NA,NA,NA,NA,NA
NA,NA,NA,NA,NA,NA,NA,NA,NA,NA,NA,NA,NA,NA,NA,NA,NA,NA,NA,NA,NA,NA,NA,NA,NA,NA,NA,NA,NA,NA,NA,NA,NA,NA,NA,NA,NA,NA,NA,NA,NA,NA,NA,NA
NA,NA,NA,NA,NA,NA,NA,NA,NA,NA,NA,NA,NA,NA,NA,NA,NA,NA,NA,NA,NA,NA,NA,NA,NA,NA,NA,NA,NA,NA,NA,NA,NA,NA,NA,NA,NA,NA,NA,NA,NA,NA,NA,NA
"01-RC-020950",NA,"American Disposal Services Inc.",1998-12-10,1999-02-19,"Johnston & Kingston","RI","A",1999-02-03,160,2,"Teansters Local Union No. 251, AFL-CIO",50,NA,NA,NA,NA,96,146,"N",4,"N",NA,"Initial","Single Labor Organization","Certification of Results","Closed",NA,NA,NA,NA,55,1999-01-01,1998-10-01,"101-500",TRUE,"RC","Yes","Teansters Local Union No. 251, AFL-CIO",0,"Uncoded",0.342465753424658,"No",14
NA,NA,NA,NA,NA,NA,NA,NA,NA,NA,NA,NA,NA,NA,NA,NA,NA,NA,NA,NA,NA,NA,NA,NA,NA,NA,NA,NA,NA,NA,NA,NA,NA,NA,NA,NA,NA,NA,NA,NA,NA,NA,NA,NA
"01-RC-020923",NA,"Rochambeau Worsted Co.",1998-10-29,1999-04-07,"Manville","RI","A",1999-03-29,78,0,"International Brotherhood of Teamsters,",38,NA,NA,NA,NA,40,78,"N",0,"Y",NA,"Initial","Revised Single Labor Org","Certification of Results","Closed",NA,NA,NA,NA,151,1999-01-01,1998-10-01,"51-100",TRUE,"RC","Yes","International Brotherhood of Teamsters,",1,"Teamsters",0.487179487179487,"No",0
"01-RC-020923",NA,"Rochambeau Worsted Co.",1998-10-29,1999-04-07,"Manville","RI","A",1998-12-03,78,0,"International Brotherhood of Teamsters,",35,NA,NA,NA,NA,38,73,"N",7,"Y",NA,"Initial","Single Labor Organization","Certification of Results","Closed",NA,NA,NA,NA,35,1998-10-01,1998-10-01,"51-100",FALSE,"RC","Yes","International Brotherhood of Teamsters,",1,"Teamsters",0.479452054794521,"No",5
"01-RC-020890",NA,"Harborside Healthcare - Pawtuxet Village",1998-08-31,1999-01-25,"Warwick","RI","A",1999-01-14,11,0,"Rhode Island Laborers' District Council",6,NA,NA,NA,NA,2,8,"N",1,"N","Rhode Island Laborers' District Council","Rerun","Single Labor Organization","Certific. of Representative","Closed",NA,NA,NA,NA,136,1999-01-01,1998-07-01,"11-25",TRUE,"RC","Yes","Rhode Island Laborers' District Council",1,"LIUNA",0.75,"Yes",3
"01-RC-020890",NA,"Harborside Healthcare - Pawtuxet Village",1998-08-31,1999-01-25,"Warwick","RI","A",1998-10-15,11,0,"Rhode Island Laborers' District Council",10,NA,NA,NA,NA,1,11,"N",0,"N","Rhode Island Laborers' District Council","Initial","Single Labor Organization","Certific. of Representative","Closed",NA,NA,NA,NA,45,1998-10-01,1998-07-01,"11-25",FALSE,"RC","Yes","Rhode Island Laborers' District Council",1,"LIUNA",0.909090909090909,"Yes",0
NA,NA,NA,NA,NA,NA,NA,NA,NA,NA,NA,NA,NA,NA,NA,NA,NA,NA,NA,NA,NA,NA,NA,NA,NA,NA,NA,NA,NA,NA,NA,NA,NA,NA,NA,NA,NA,NA,NA,NA,NA,NA,NA,NA
NA,NA,NA,NA,NA,NA,NA,NA,NA,NA,NA,NA,NA,NA,NA,NA,NA,NA,NA,NA,NA,NA,NA,NA,NA,NA,NA,NA,NA,NA,NA,NA,NA,NA,NA,NA,NA,NA,NA,NA,NA,NA,NA,NA
"01-RD-001901",NA,"Ryder Student Transportation",1998-04-22,2000-03-03,"Providence","RI","A",1998-11-06,128,0,"International Brotherhood of Teamsters,",57,NA,NA,NA,NA,60,117,"N",8,"Y",NA,"Initial","Single Labor Organization","Withdrawal","Closed",NA,NA,NA,NA,198,1998-10-01,1998-04-01,"101-500",TRUE,"RD","Yes","International Brotherhood of Teamsters,",1,"Teamsters",0.487179487179487,"Other",11
"01-RC-020815",NA,"Coventry Continum, Inc. d/b/a Brookside Villa",1998-04-02,2001-03-23,"Coventry","RI","A",2001-01-26,20,NA,"International Brotherhood of Teamsters, Local 64, AFL-CIO",7,NA,NA,NA,NA,9,16,"N",0,"N",NA,"Initial","Single Labor Organization","Certification of Results","Closed",NA,NA,NA,NA,1030,2001-01-01,1998-04-01,"11-25",TRUE,"RC","Yes","International Brotherhood of Teamsters, Local 64, AFL-CIO",1,"Teamsters",0.4375,"No",4
"01-RC-020761",NA,"Coventry Health Center",1998-01-30,2001-03-01,"Coventry","RI","A",2001-01-26,27,0,"International Brotherhood of Teamsters, Local 64, AFL-CIO",9,NA,NA,NA,NA,12,21,"N",0,"N",NA,"Initial","Single Labor Organization","Certification of Results","Closed",NA,NA,NA,NA,1092,2001-01-01,1998-01-01,"26-50",TRUE,"RC","Yes","International Brotherhood of Teamsters, Local 64, AFL-CIO",1,"Teamsters",0.428571428571429,"No",6
NA,NA,NA,NA,NA,NA,NA,NA,NA,NA,NA,NA,NA,NA,NA,NA,NA,NA,NA,NA,NA,NA,NA,NA,NA,NA,NA,NA,NA,NA,NA,NA,NA,NA,NA,NA,NA,NA,NA,NA,NA,NA,NA,NA
NA,NA,NA,NA,NA,NA,NA,NA,NA,NA,NA,NA,NA,NA,NA,NA,NA,NA,NA,NA,NA,NA,NA,NA,NA,NA,NA,NA,NA,NA,NA,NA,NA,NA,NA,NA,NA,NA,NA,NA,NA,NA,NA,NA
NA,NA,NA,NA,NA,NA,NA,NA,NA,NA,NA,NA,NA,NA,NA,NA,NA,NA,NA,NA,NA,NA,NA,NA,NA,NA,NA,NA,NA,NA,NA,NA,NA,NA,NA,NA,NA,NA,NA,NA,NA,NA,NA,NA
NA,NA,NA,NA,NA,NA,NA,NA,NA,NA,NA,NA,NA,NA,NA,NA,NA,NA,NA,NA,NA,NA,NA,NA,NA,NA,NA,NA,NA,NA,NA,NA,NA,NA,NA,NA,NA,NA,NA,NA,NA,NA,NA,NA
NA,NA,NA,NA,NA,NA,NA,NA,NA,NA,NA,NA,NA,NA,NA,NA,NA,NA,NA,NA,NA,NA,NA,NA,NA,NA,NA,NA,NA,NA,NA,NA,NA,NA,NA,NA,NA,NA,NA,NA,NA,NA,NA,NA
NA,NA,NA,NA,NA,NA,NA,NA,NA,NA,NA,NA,NA,NA,NA,NA,NA,NA,NA,NA,NA,NA,NA,NA,NA,NA,NA,NA,NA,NA,NA,NA,NA,NA,NA,NA,NA,NA,NA,NA,NA,NA,NA,NA
