"Case","Region","Case_Name","Date_Filed","Date_Closed","City","State","Unit ID","Tally_Date","Num_Eligible_Voters","Void Ballots","Labor_Union","Votes_For_Union","Labor Union2","Votes for Labor Union2","Labor Union3","Votes for Labor Union3","Votes_Against","Total_Ballots_Counted","Runoff Required","Challenged Ballots","Challenges are Determinative","Union to Certify","Tally_Type","Ballot_Type","Reason_Closed","Status","Voting Unit (Unit A)","Voting Unit (Unit B)","Voting Unit (Unit C)","Voting Unit (Unit D)","Length","Tally_Quarter","Filed_Quarter","size","Unique","Case_Type","Election_Data","Plot_Labor_Union","National_Count","National","Margin","Union_Cer","Didnt_Vote"
"10-RC-385801","Region 10, Atlanta, Georgia","United American Security, LLC d/b/a GardaWorld Security Services",2026-04-28,2026-07-07,"North Charleston","SC","A",2026-06-24,227,NA,"International Union, Security, Police and Fire Professionals of America (SPFPA)",40,NA,NA,NA,NA,6,46,NA,6,NA,"International Union, Security, Police and Fire Professionals of America (SPFPA)","Initial","Single Labor Organization","Certific. of Representative","Closed","Included: All employees performing guard duties as defined in section 9(b)(3) of the National Labor Relations Act, employed by the Employer at the Google data center job site located at 1669 Garrott Avenue, Moncks Corner, South Carolina.

Excluded: All other employees, office clerical employes, temporary employees, confidential employees, professional employees, managers and supervisors as defined in the Act.",NA,NA,NA,57,2026-04-01,2026-04-01,"101-500",TRUE,"RC","Yes","International Union, Security, Police and Fire Professionals of America (SPFPA)",1,"SPFPA",0.869565217391304,"Yes",181
"10-RC-385362","Region 10, Atlanta, Georgia","Legends Global",2026-04-22,2026-06-18,"Florence","SC",NA,NA,49,NA,NA,NA,NA,NA,NA,NA,NA,NA,NA,NA,NA,NA,NA,NA,"Certific. of Representative","Closed",NA,NA,NA,NA,NA,NA,2026-04-01,"26-50",TRUE,"RC","No",NA,0,"Uncoded",NA,"Yes",NA
"10-RD-385368","Region 10, Atlanta, Georgia","Georgetown Nursing Center",2026-04-22,2026-04-29,"Georgetown","SC",NA,NA,20,NA,NA,NA,NA,NA,NA,NA,NA,NA,NA,NA,NA,NA,NA,NA,"Withdrawal Non-adjusted","Closed",NA,NA,NA,NA,NA,NA,2026-04-01,"11-25",TRUE,"RD","No",NA,0,"Uncoded",NA,"Other",NA
"10-RC-384728","Region 10, Atlanta, Georgia","Garda World Security Services",2026-04-13,2026-04-20,"Moncks Corner","SC",NA,NA,201,NA,NA,NA,NA,NA,NA,NA,NA,NA,NA,NA,NA,NA,NA,NA,"Withdrawal Non-adjusted","Closed",NA,NA,NA,NA,NA,NA,2026-04-01,"101-500",TRUE,"RC","No",NA,0,"Uncoded",NA,"Other",NA
"10-RC-384229","Region 10, Atlanta, Georgia","Starbucks Corporation",2026-04-03,2026-05-18,"Greer","SC","A",2026-05-08,17,NA,"Workers United a/w Service Employees International Union, AFL-CIO",13,NA,NA,NA,NA,2,15,NA,NA,NA,"Workers United a/w Service Employees International Union, AFL-CIO","Initial","Single Labor Organization","Certific. of Representative","Closed",NA,NA,NA,NA,35,2026-04-01,2026-04-01,"11-25",TRUE,"RC","Yes","Workers United a/w Service Employees International Union, AFL-CIO",1,"WU",0.866666666666667,"Yes",2
"10-RC-379274","Region 10, Atlanta, Georgia","Garda World Security Services",2026-01-16,2026-01-29,"Moncks Corner","SC",NA,NA,162,NA,NA,NA,NA,NA,NA,NA,NA,NA,NA,NA,NA,NA,NA,NA,"Withdrawal Non-adjusted","Closed",NA,NA,NA,NA,NA,NA,2026-01-01,"101-500",TRUE,"RC","No",NA,0,"Uncoded",NA,"Other",NA
"10-RC-377842","Region 10, Atlanta, Georgia","Starbucks Corporation",2025-12-23,NA,"Greenville","SC",NA,NA,15,NA,"Workers United a/w SEIU",NA,NA,NA,NA,NA,NA,NA,NA,NA,NA,NA,NA,NA,NA,"Open",NA,NA,NA,NA,NA,NA,2025-10-01,"11-25",TRUE,"RC","No","Workers United a/w SEIU",1,"WU",NA,"Still Open",NA
"10-RC-370505","Region 10, Atlanta, Georgia","UNFI United Natural Foods, Inc.",2025-07-31,2025-09-15,"Richburg","SC","A",2025-09-05,52,NA,"International Brotherhood of Teamsters Local 509",27,NA,NA,NA,NA,15,42,NA,NA,NA,"International Brotherhood of Teamsters Local 509","Initial","Single Labor Organization","Certific. of Representative","Closed","Included: All full-time and regular part-time drivers employed by the Employer and who work at its Richburg, South Carolina facility located at 578B L&C Distribution Park, Richburg, South Carolina 29729, and all drivers who are domiciled at the Employer’s domicile located at 1801 Rutherford Road, Greenville, South Carolina 29609.

Excluded: All casual employees, clerical employees, sanitation employees, maintenance employees, confidential employees, professional employees, managers, guards and supervisors as defined in the National Labor Relations Act.",NA,NA,NA,36,2025-07-01,2025-07-01,"51-100",TRUE,"RC","Yes","International Brotherhood of Teamsters Local 509",1,"Teamsters",0.642857142857143,"Yes",10
"10-RC-370193","Region 10, Atlanta, Georgia","New Bern Transport Corporation, a wholly owned subsidiary of PepsiCo, Inc.",2025-07-28,2025-08-19,"Rock Hill","SC",NA,NA,15,NA,NA,NA,NA,NA,NA,NA,NA,NA,NA,NA,NA,NA,NA,NA,"Withdrawal Non-adjusted","Closed",NA,NA,NA,NA,NA,NA,2025-07-01,"11-25",TRUE,"RC","No",NA,0,"Uncoded",NA,"Other",NA
"10-RC-360419","Region 10, Atlanta, Georgia","Bluebird Healthcare, Inc., d/b/a Oak View Health & Rehabilitation",2025-02-18,2026-07-08,"Conway","SC","A",2025-03-21,79,1,"United Steel, Paper and Forestry, Rubber, Manufacturing, Energy, Allied Industrial and Service Workers International Union, USW",21,NA,NA,NA,NA,37,58,NA,4,NA,"United Steel, Paper and Forestry, Rubber, Manufacturing, Energy, Allied Industrial and Service Workers International Union, USW","Initial","Single Labor Organization","Certification of Results","Closed","All full-time and regular part-time Certified Nurse Assistants (CNA), laundry employees, dietary employees including cooks, housekeeping employees, Restorative Nurse Assistants (RNA),  maintenance employees, Medical Records Staff, Receptionists, Central Supply Staff, Business Office Staff, and Activities Staff who were employed by the Employer at its facility located at 3300 4th Avenue, Conway, South Carolina, but excluding all other employees, confidential employees, professional employees, managerial employees, guards, and supervisors as defined in the Act.",NA,NA,NA,31,2025-01-01,2025-01-01,"51-100",TRUE,"RC","Yes","United Steel, Paper and Forestry, Rubber, Manufacturing, Energy, Allied Industrial and Service Workers International Union, USW",1,"USW",0.362068965517241,"No",21
"10-RC-358411","Region 10, Atlanta, Georgia","Dominion Energy SC",2025-01-15,2025-01-30,"North Charleston","SC",NA,NA,8,NA,NA,NA,NA,NA,NA,NA,NA,NA,NA,NA,NA,NA,NA,NA,"Withdrawal Non-adjusted","Closed",NA,NA,NA,NA,NA,NA,2025-01-01,"6-10",TRUE,"RC","No",NA,0,"Uncoded",NA,"Other",NA
"10-RC-357241","Region 10, Atlanta, Georgia","Bradley Technologies, Inc. and American Eagle Protective Services, Joint Employers",2024-12-23,2026-05-12,"Columbia","SC",NA,NA,70,NA,NA,NA,NA,NA,NA,NA,NA,NA,NA,NA,NA,NA,NA,NA,"Certific. of Representative","Closed",NA,NA,NA,NA,NA,NA,2024-10-01,"51-100",TRUE,"RC","No",NA,0,"Uncoded",NA,"Yes",NA
"10-RC-343613","Region 10, Atlanta, Georgia","Starbucks Corporation",2024-06-04,2024-06-26,"Newberry","SC","A",2024-06-17,14,NA,"Workers United, Southern Regional Joint Board",10,NA,NA,NA,NA,1,11,NA,NA,NA,"Workers United, Southern Regional Joint Board","Initial","Single Labor Organization","Certific. of Representative","Closed","Included: All full-time and regular part-time Baristas and Shift Supervisors employed by the Employer at its facility located at 1216 Wilson Road, Newberry, South Carolina 29108.

Excluded: All other employees, store managers, assistant store managers, office clerical employees, professional employees, guards, and supervisors as defined by the Act.",NA,NA,NA,13,2024-04-01,2024-04-01,"11-25",TRUE,"RC","Yes","Workers United, Southern Regional Joint Board",1,"WU",0.909090909090909,"Yes",3
"10-RC-343274","Region 10, Atlanta, Georgia","Amentum",2024-05-30,2024-06-06,"Beaufort","SC",NA,NA,26,NA,NA,NA,NA,NA,NA,NA,NA,NA,NA,NA,NA,NA,NA,NA,"Withdrawal Non-adjusted","Closed",NA,NA,NA,NA,NA,NA,2024-04-01,"26-50",TRUE,"RC","No",NA,0,"Uncoded",NA,"Other",NA
"10-RC-342652","Region 10, Atlanta, Georgia","Innovative Solutions Unlimited, LLC",2024-05-21,2024-06-28,"Aiken","SC","A",2024-06-20,46,NA,"General Teamsters Local Union 509",24,NA,NA,NA,NA,11,35,NA,NA,NA,"General Teamsters Local Union 509","Initial","Single Labor Organization","Certific. of Representative","Closed","Included: All full-time and regular part-time security escort employees performing escort services for the Employer at the Savannah River Site located in Aiken, South Carolina.

Excluded: All other employees, lead escorts, professional employees, managers, office clerical employees, guards, and supervisors as defined by the Act.",NA,NA,NA,30,2024-04-01,2024-04-01,"26-50",TRUE,"RC","Yes","General Teamsters Local Union 509",1,"Teamsters",0.685714285714286,"Yes",11
"10-RC-336868","Region 10, Atlanta, Georgia","Luke & Associates, Inc.",2024-03-01,2024-04-24,"Beaufort","SC","A",2024-04-24,21,1,"International Union of Operating Engineers Local 465, AFL-CIO",10,NA,NA,NA,NA,5,15,NA,1,NA,"International Union of Operating Engineers Local 465, AFL-CIO","Initial","Single Labor Organization","Certific. of Representative","Closed","All full-time and regular-part time employees employed by the Employer at Marine Corps Air Station Dental Clinic and Parris Island Dental Clinic, including dental technicians, dental assistants, and hygienists, but excluding all other employees, managerial employees, office clerical employees, guards and supervisors as defined by the Act.",NA,NA,NA,54,2024-04-01,2024-01-01,"11-25",TRUE,"RC","Yes","International Union of Operating Engineers Local 465, AFL-CIO",1,"IUOE",0.666666666666667,"Yes",6
"10-RC-334420","Region 10, Atlanta, Georgia","Westinghouse Electric Co. LLC",2024-01-26,2024-03-12,"Hopkins","SC","A",2024-03-02,674,NA,"International Brotherhood of Electrical Workers, AFL-CIO",246,NA,NA,NA,NA,379,627,NA,2,NA,"International Brotherhood of Electrical Workers, AFL-CIO","Initial","Single Labor Organization","Certification of Results","Closed","All full-time and regular part-time production, maintenance, and warehouse employees employed by the Employer at its facility located at 5801 Bluff Road, Hopkins, South Carolina; but excluding all other employees, Contract Management Techs, Field Service Technicians, Irradiated Fuel Inspection Specialists, ISD Global Support Technicians, Maintenance Contract Coordinators, office clerical employees, managers, guards and supervisors as defined in the Act.",NA,NA,NA,36,2024-01-01,2024-01-01,"500>",TRUE,"RC","Yes","International Brotherhood of Electrical Workers, AFL-CIO",1,"IBEW",0.3936,"No",49
"10-RC-332976","Region 10, Atlanta, Georgia","Giant Resource Recovery - Harleyville, Inc.",2024-01-05,2024-02-08,"Harleyville","SC","A",2024-01-31,29,NA,"United Steel, Paper and Forestry, Rubber, Manufacturing, Allied Industrial and Service Workers International Union, AFL-CIO, CLC",4,NA,NA,NA,NA,23,27,NA,NA,NA,"United Steel, Paper and Forestry, Rubber, Manufacturing, Allied Industrial and Service Workers International Union, AFL-CIO, CLC","Initial","Single Labor Organization","Certification of Results","Closed","All full-time and regular part-time production and maintenance employees employed by Giant Resource Recovery at its Harleyville, South Carolina facility, including operators, fuel and material handlers, lab analysts and technicians, lead men, and maintenance technicians; but excluding temporary employees, professional employees, managerial employees, office clerical employees, guards and supervisors as defined in the Act.",NA,NA,NA,26,2024-01-01,2024-01-01,"26-50",TRUE,"RC","Yes","United Steel, Paper and Forestry, Rubber, Manufacturing, Allied Industrial and Service Workers International Union, AFL-CIO, CLC",1,"USW",0.148148148148148,"No",2
"10-RC-332812","Region 10, Atlanta, Georgia","Peace Center Foundation",2024-01-02,2024-02-08,"Greenville","SC","A",2024-01-31,5,NA,"International Alliance of Theatrical Stage Employees (IATSE) Local 322",5,NA,NA,NA,NA,0,5,NA,NA,NA,"International Alliance of Theatrical Stage Employees (IATSE) Local 322","Initial","Single Labor Organization","Certific. of Representative","Closed","All full-time production staff related to set-up, performance, and tear down of events, theatrical audio, electricians, carpentry, rigging, flyrail operation, spotlight operations, wardrobe, properties persons, video operation, and stage technicians; but excluding all management, sub-contractors, ushers, box office staff, janitorial, office clerical employees, guards, and supervisors as defined in the Act.",NA,NA,NA,29,2024-01-01,2024-01-01,"<5",TRUE,"RC","Yes","International Alliance of Theatrical Stage Employees (IATSE) Local 322",1,"IATSE",1,"Yes",0
"10-RC-328544","Region 10, Atlanta, Georgia","Garda CL East, Inc.",2023-10-24,2023-12-13,"North Charleston","SC","A",2023-12-05,17,NA,"International Union, Security, Police and Fire Professionals of America (SPFPA)",6,NA,NA,NA,NA,10,16,NA,NA,NA,"International Union, Security, Police and Fire Professionals of America (SPFPA)","Initial","Single Labor Organization","Certification of Results","Closed","All regular full-time and regular part-time Driver/Messenger guards (including those
assigned to the vault) performing guard duties as defined in section 9(b)(3) of the
National Labor Relations Act employed by the Employer at its facility located at 7395
Peppermill Lane, North Charleston, South Carolina, but excluding all office clerical
employees, professional and confidential employees, cash vault processing employees,
supervisors as defined by the Act, and all other employees.",NA,NA,NA,42,2023-10-01,2023-10-01,"11-25",TRUE,"RC","Yes","International Union, Security, Police and Fire Professionals of America (SPFPA)",1,"SPFPA",0.375,"No",1
"10-RC-323431","Region 10, Atlanta, Georgia","Starbucks Corporation",2023-08-09,2023-09-29,"Lexington","SC","A",2023-09-20,20,NA,"Workers United Southern Regional Joint Board",12,NA,NA,NA,NA,0,12,NA,NA,NA,"Workers United Southern Regional Joint Board","Initial","Single Labor Organization","Certific. of Representative","Closed","Included: All full-time and regular part-time baristas and shift supervisors employed by the Employer at its store located at 105 Saluda Pointe Court, Lexington, SC 29072.

Excluded: All store managers, assistant store managers, office clericals, confidential employees, managerial employees, professional employees, guards and supervisors as defined in the Act.",NA,NA,NA,42,2023-07-01,2023-07-01,"11-25",TRUE,"RC","Yes","Workers United Southern Regional Joint Board",1,"WU",1,"Yes",8
"10-RD-323234","Region 10, Atlanta, Georgia","Starbucks Corporation",2023-08-04,2024-03-27,"Greenville","SC",NA,NA,22,NA,NA,NA,NA,NA,NA,NA,NA,NA,NA,NA,NA,NA,NA,NA,"Dismissal Non-adjusted","Closed",NA,NA,NA,NA,NA,NA,2023-07-01,"11-25",TRUE,"RD","No",NA,0,"Uncoded",NA,"Other",NA
"10-RC-321858","Region 10, Atlanta, Georgia","Starbucks Corporation",2023-07-17,2023-09-06,"Clemson","SC","A",2023-08-28,26,NA,"Workers United, Southern Regional Joint Board",17,NA,NA,NA,NA,4,21,NA,2,NA,"Workers United, Southern Regional Joint Board","Initial","Single Labor Organization","Certific. of Representative","Closed","Included: All full-time and regular part-time baristas and shift supervisors employed by the Employer at its store located at 1082 Tiger Blvd., Clemson, SC 29613. Excluded: All store managers, assistant store managers, office clericals, confidential employees, managerial employees, professional employees, guards and supervisors as defined in the Act.",NA,NA,NA,42,2023-07-01,2023-07-01,"26-50",TRUE,"RC","Yes","Workers United, Southern Regional Joint Board",1,"WU",0.80952380952381,"Yes",5
"10-RC-320213","Region 10, Atlanta, Georgia","Koger Center for the Arts",2023-06-20,2023-06-26,"Columbia","SC",NA,NA,10,NA,NA,NA,NA,NA,NA,NA,NA,NA,NA,NA,NA,NA,NA,NA,"Withdrawal Non-adjusted","Closed",NA,NA,NA,NA,NA,NA,2023-04-01,"6-10",TRUE,"RC","No",NA,0,"Uncoded",NA,"Other",NA
"10-RC-298153","Region 10, Atlanta, Georgia","Centerra Group, LLC",2022-06-24,2022-09-13,"Aiken","SC",NA,NA,33,NA,NA,NA,NA,NA,NA,NA,NA,NA,NA,NA,NA,NA,NA,NA,"Dismissal Non-adjusted","Closed",NA,NA,NA,NA,NA,NA,2022-04-01,"26-50",TRUE,"RC","No",NA,0,"Uncoded",NA,"Other",NA
"10-RC-297844","Region 10, Atlanta, Georgia","Diversified Protection Corporation",2022-06-21,2022-07-18,"Charleston","SC",NA,NA,70,NA,NA,NA,NA,NA,NA,NA,NA,NA,NA,NA,NA,NA,NA,NA,"Withdrawal Non-adjusted","Closed",NA,NA,NA,NA,NA,NA,2022-04-01,"51-100",TRUE,"RC","No",NA,0,"Uncoded",NA,"Other",NA
"10-RC-295503","Region 10, Atlanta, Georgia","Starbucks Corporation",2022-05-10,2022-06-13,"Sumter","SC",NA,NA,47,NA,NA,NA,NA,NA,NA,NA,NA,NA,NA,NA,NA,NA,NA,NA,"Withdrawal Non-adjusted","Closed",NA,NA,NA,NA,NA,NA,2022-04-01,"26-50",TRUE,"RC","No",NA,0,"Uncoded",NA,"Other",NA
"10-RC-292644","Region 10, Atlanta, Georgia","Starbucks Corporation",2022-03-22,2022-06-08,"Anderson","SC","A",2022-05-31,23,NA,"Workers United, Southern Regional Joint Board",18,NA,NA,NA,NA,0,18,NA,NA,NA,"Workers United, Southern Regional Joint Board","Initial","Single Labor Organization","Certific. of Representative","Closed","Included: All full-time and regular part-time hourly Baristas and Shift Supervisors employed at 4686 Clemson Blvd., Anderson, SC 29621 

Excluded: All Store Managers, office clerical employees, professional employees, guards, and supervisors as defined by the Act.",NA,NA,NA,70,2022-04-01,2022-01-01,"11-25",TRUE,"RC","Yes","Workers United, Southern Regional Joint Board",1,"WU",1,"Yes",5
"10-RC-292341","Region 10, Atlanta, Georgia","Starbucks Corporation",2022-03-16,2022-06-10,"Columbia","SC","A",2022-05-26,27,1,"Workers United, Southern Regional Joint Board",12,NA,NA,NA,NA,0,0,NA,3,NA,"Workers United, Southern Regional Joint Board","Initial","Single Labor Organization","Certific. of Representative","Closed","All full-time and regular part-time hourly baristas and shift supervisors employed by Starbucks Corporation at its store #63059 located at 3009 Millwood Ave., Columbia, South Carolina, 29205, but excluding all store managers, office clerical employees, professional employees, guards, and supervisors as defined by the Act.",NA,NA,NA,71,2022-04-01,2022-01-01,"26-50",TRUE,"RC","Yes","Workers United, Southern Regional Joint Board",1,"WU",NA,"Yes",15
"10-RC-290683","Region 10, Atlanta, Georgia","Starbucks Corporation",2022-02-16,2022-06-10,"Greenville","SC","A",2022-05-16,29,NA,"Workers United, Southern Regional Joint Board",8,NA,NA,NA,NA,1,9,NA,NA,NA,"Workers United, Southern Regional Joint Board","Initial","Single Labor Organization","Certific. of Representative","Closed","Included: All full-time and regular part-time hourly Baristas and Shift Supervisors employed by Starbucks Corporation at 3905 Pelham Road, Greenville, SC 29615 (Store 10525 - often referred to as “I-85 & Pelham Parkway”).

Excluded: All Store Managers, office clerical employees, professional employees, guards, and supervisors as defined by the Act.",NA,NA,NA,89,2022-04-01,2022-01-01,"26-50",TRUE,"RC","Yes","Workers United, Southern Regional Joint Board",1,"WU",0.888888888888889,"Yes",20
"10-RD-290330","Region 10, Atlanta, Georgia","Crown Cork & Seal",2022-02-09,2022-03-01,"Spartanburg","SC",NA,NA,46,NA,NA,NA,NA,NA,NA,NA,NA,NA,NA,NA,NA,NA,NA,NA,"Withdrawal Non-adjusted","Closed",NA,NA,NA,NA,NA,NA,2022-01-01,"26-50",TRUE,"RD","No",NA,0,"Uncoded",NA,"Other",NA
"10-RC-284945","Region 10, Atlanta, Georgia","Dave Steel Company",2021-10-22,2021-12-01,"Chesnee","SC",NA,NA,47,NA,NA,NA,NA,NA,NA,NA,NA,NA,NA,NA,NA,NA,NA,NA,"Withdrawal Non-adjusted","Closed",NA,NA,NA,NA,NA,NA,2021-10-01,"26-50",TRUE,"RC","No",NA,0,"Uncoded",NA,"Other",NA
"10-RC-275718","Region 10, Atlanta, Georgia","Diversified Protection Corporation",2021-04-16,2021-05-25,"Columbia","SC",NA,NA,70,NA,NA,NA,NA,NA,NA,NA,NA,NA,NA,NA,NA,NA,NA,NA,"Dismissal Non-adjusted","Closed",NA,NA,NA,NA,NA,NA,2021-04-01,"51-100",TRUE,"RC","No",NA,0,"Uncoded",NA,"Other",NA
"10-RC-274909","Region 10, Atlanta, Georgia","The State",2021-03-31,2021-04-20,"Columbia","SC",NA,NA,28,NA,NA,NA,NA,NA,NA,NA,NA,NA,NA,NA,NA,NA,NA,NA,"Withdrawal Non-adjusted","Closed",NA,NA,NA,NA,NA,NA,2021-01-01,"26-50",TRUE,"RC","No",NA,0,"Uncoded",NA,"Other",NA
"10-RC-265801","Region 10, Atlanta, Georgia","The Island Packet",2020-09-09,2020-09-21,"Bluffton","SC",NA,NA,11,NA,NA,NA,NA,NA,NA,NA,NA,NA,NA,NA,NA,NA,NA,NA,"Withdrawal Non-adjusted","Closed",NA,NA,NA,NA,NA,NA,2020-07-01,"11-25",TRUE,"RC","No",NA,0,"Uncoded",NA,"Other",NA
"10-RC-258707","Region 10, Atlanta, Georgia","Delaware Resource Group of Oklahoma, LLC",2020-04-02,2020-05-13,"Beaufort","SC","A",2020-05-04,2,NA,"Lowcountry Contract Instructor Pilots Association",2,NA,NA,NA,NA,0,2,NA,NA,NA,"Lowcountry Contract Instructor Pilots Association","Initial","Single Labor Organization","Certific. of Representative","Closed","All full-time and regular part-time Contract Instructor Pilots (CIPs) and Contract Instructors employed by the Employer at the Marine Corp Air Station at the Pilot Training Center Bldg. 2145, 101 Drayton St. based on the Marine Corp Air Station in Beaufort, South Carolina; but excluding all other employees, manager, office clericals, guards and supervisors as defined by the Act.",NA,NA,NA,32,2020-04-01,2020-04-01,"<5",TRUE,"RC","Yes","Lowcountry Contract Instructor Pilots Association",0,"Uncoded",1,"Yes",0
"10-RC-255436","Region 10, Atlanta, Georgia","L3 Technologies, Inc.",2020-01-30,2020-03-06,"Shaw A F B","SC","A",2020-02-26,3,NA,"INTERNATIONAL ASSOCIATION OF MACHINISTS AND AEROSPACE WORKERS, AFL-CIO",3,NA,NA,NA,NA,0,3,NA,NA,NA,"INTERNATIONAL ASSOCIATION OF MACHINISTS AND AEROSPACE WORKERS, AFL-CIO","Initial","Single Labor Organization","Certific. of Representative","Closed","Included: All full and regular part time simulator technicians working at Shaw Air Force Base, Sumter SC. Excluded: All other employees, office clerical employees, professional employees, managerial employees, guards and supervisors, as defined in the Act.",NA,NA,NA,27,2020-01-01,2020-01-01,"<5",TRUE,"RC","Yes","INTERNATIONAL ASSOCIATION OF MACHINISTS AND AEROSPACE WORKERS, AFL-CIO",1,"IAM",1,"Yes",0
"10-RC-254773","Region 10, Atlanta, Georgia","Tanner Cuts LLC",2020-01-17,2020-01-27,"Columbia","SC",NA,NA,6,NA,NA,NA,NA,NA,NA,NA,NA,NA,NA,NA,NA,NA,NA,NA,"Withdrawal Non-adjusted","Closed",NA,NA,NA,NA,NA,NA,2020-01-01,"6-10",TRUE,"RC","No",NA,0,"Uncoded",NA,"Other",NA
"10-RC-253070","Region 10, Atlanta, Georgia","Carolina Waste & Recycling, LLC",2019-12-09,2020-01-21,"North Charleston","SC","A",2020-01-07,100,NA,"International Brotherhood of Teamsters Local No. 509",40,NA,NA,NA,NA,46,86,NA,NA,NA,NA,"Initial","Single Labor Organization","Certification of Results","Closed","All full-time and regular part-time Drivers and Helpers employed by the Employer at its North Charleston, South Carolina facility, but excluding all other employees, office clerical employees, professional employees, confidential employees, guards, and supervisors as defined in the Act.",NA,NA,NA,29,2020-01-01,2019-10-01,"51-100",TRUE,"RC","Yes","International Brotherhood of Teamsters Local No. 509",1,"Teamsters",0.465116279069767,"No",14
"10-RC-251345","Region 10, Atlanta, Georgia","Ameripride Services, LLC",2019-11-07,2019-12-11,"Greenville","SC","A",2019-12-03,9,NA,"International Brotherhood of Teamsters Local 509",1,NA,NA,NA,NA,8,9,NA,NA,NA,NA,"Initial","Single Labor Organization","Certification of Results","Closed","All full-time and regular part-time Customer Service Representatives and Relief Customer Service Representatives employed by the Employer at its facility located at 222 Kerns Avenue, Greenville, South Carolina, but excluding all other employees, office clerical employees, professional employees, confidential employees, guards and supervisors as defined in the Act.",NA,NA,NA,26,2019-10-01,2019-10-01,"6-10",TRUE,"RC","Yes","International Brotherhood of Teamsters Local 509",1,"Teamsters",0.111111111111111,"No",0
"10-RC-245223","Region 10, Atlanta, Georgia","BAE Systems Technology Solutions & Services, Inc.",2019-07-22,2019-08-20,"Beaufort","SC","A",2019-08-12,7,NA,"Lowcountry Contract Instructor Pilots Association",6,NA,NA,NA,NA,0,6,NA,NA,NA,"Lowcountry Contract Instructor Pilots Association","Initial","Single Labor Organization","Certific. of Representative","Closed","All full-time and regular part-time Contract Instructor Pilots, Contract Instructors, and Console Operators employed by the Employer at its facility located at Pilot Training Center Bldg. 2145, 101 Drayton St. based on the Marine Corp Air Station in Beaufort, South Carolina; excluding all other employ
ees, manager, office clericals, guards and supervisors as defined by the Act.",NA,NA,NA,21,2019-07-01,2019-07-01,"6-10",TRUE,"RC","Yes","Lowcountry Contract Instructor Pilots Association",0,"Uncoded",1,"Yes",1
"10-RC-242702","Region 10, Atlanta, Georgia","Dupré Logistics, LLC",2019-06-05,2019-06-25,"Charleston","SC",NA,NA,12,NA,NA,NA,NA,NA,NA,NA,NA,NA,NA,NA,NA,NA,NA,NA,"Withdrawal Non-adjusted","Closed",NA,NA,NA,NA,NA,NA,2019-04-01,"11-25",TRUE,"RC","No",NA,0,"Uncoded",NA,"Other",NA
"10-RC-232612","Region 10, Atlanta, Georgia","URS Federal Services, Inc.",2018-12-12,2019-01-14,"Shaw A F B","SC","A",2019-01-04,5,NA,"INTERNATIONAL ASSOCIATION OF MACHINISTS AND AEROSPACE WORKERS, AFL-CIO",5,NA,NA,NA,NA,0,5,NA,NA,NA,"INTERNATIONAL ASSOCIATION OF MACHINISTS AND AEROSPACE WORKERS, AFL-CIO","Initial","Single Labor Organization","Certific. of Representative","Closed","All full-time and regular part-time hourly employees, including Avionics Technicians I, Avionics Technicians II, and Avionics Technicians III, employed by URS Federal Services, Inc., at the facility located at Shaw Air Force Base, South Carolina; but excluding all office clerical employees, professional employees, managerial employees, guards, and supervisors as defined in the Act.",NA,NA,NA,23,2019-01-01,2018-10-01,"<5",TRUE,"RC","Yes","INTERNATIONAL ASSOCIATION OF MACHINISTS AND AEROSPACE WORKERS, AFL-CIO",1,"IAM",1,"Yes",0
"10-RC-230013","Region 10, Atlanta, Georgia","Saltus River Grill",2018-10-29,2018-11-05,"Beaufort","SC",NA,NA,50,NA,NA,NA,NA,NA,NA,NA,NA,NA,NA,NA,NA,NA,NA,NA,"Withdrawal Non-adjusted","Closed",NA,NA,NA,NA,NA,NA,2018-10-01,"26-50",TRUE,"RC","No",NA,0,"Uncoded",NA,"Other",NA
"10-RC-224757","Region 10, Atlanta, Georgia","Claycor Contractors, Inc.",2018-08-01,2018-10-12,"Walterboro","SC",NA,NA,8,NA,NA,NA,NA,NA,NA,NA,NA,NA,NA,NA,NA,NA,NA,NA,"Withdrawal Non-adjusted","Closed",NA,NA,NA,NA,NA,NA,2018-07-01,"6-10",TRUE,"RC","No",NA,0,"Uncoded",NA,"Other",NA
"10-RC-218122","Region 10, Atlanta, Georgia","South Carolina Electric & Gas Company",2018-04-10,2018-05-21,"Cayce","SC","A",2018-05-10,114,NA,"International Brotherhood Of Electrical Workers, Local 398 and 772 a/w International Brotherhood of Electrical Workers",33,NA,NA,NA,NA,78,111,NA,NA,NA,"International Brotherhood Of Electrical Workers, Local 398 and 772 a/w International Brotherhood of Electrical Workers","Initial","Single Labor Organization","Certification of Results","Closed","All full-time and regular part-time Gas Journeyman and Apprentices from the Southern Division, Eastern Division, and the Abbeville and Camden Offices of the Central Division who are employed by the Employer at its Abbeville, Beaufort, Bluffton, Camden, Charleston, Cheraw, Florence, Georgetown, Hartsville, Lake City, Marion, Myrtle Beach, Summerville, and Sumter, South Carolina facilities; but excluding all other employees, including office clerical employees, janitorial employees, grounds keeping employees, professional employees, guards and supervisors as defined in the Act.",NA,NA,NA,30,2018-04-01,2018-04-01,"101-500",TRUE,"RC","Yes","International Brotherhood Of Electrical Workers, Local 398 and 772 a/w International Brotherhood of Electrical Workers",1,"IBEW",0.297297297297297,"No",3
"10-RC-215878","Region 10, Atlanta, Georgia","The Boeing Company",2018-03-05,2019-09-09,"North Charleston","SC","A",2018-05-31,176,1,"International Association of Machinists and Aerospace Workers (IAM&AW)",104,NA,NA,NA,NA,65,169,NA,1,NA,"International Association of Machinists and Aerospace Workers (IAM&AW)","Initial","Single Labor Organization","Dismissal Non-adjusted","Closed","All full-time hourly DEJ1 flight-line readiness technicians (FRT) and DEJ1flight-line readiness technician inspectors (FRTI) employed by The Boeing Company at its manufacturing plant in North Charleston, South Carolina, excluding all other employees, including managers, supervisors, professional employees, guards, and supervisors as defined in the Act.",NA,NA,NA,87,2018-04-01,2018-01-01,"101-500",TRUE,"RC","Yes","International Association of Machinists and Aerospace Workers (IAM&AW)",1,"IAM",0.615384615384615,"Other",7
"10-RC-210237","Region 10, Atlanta, Georgia","CMC Logistics, LLC",2017-11-21,2017-12-22,"North Charleston","SC","A",2017-12-13,53,NA,"International Brotherhood of Teamsters",31,NA,NA,NA,NA,20,51,NA,NA,NA,"International Brotherhood of Teamsters","Initial","Single Labor Organization","Certific. of Representative","Closed","All regular full-time drivers, employed by the Employer at its facility located at 2396-A Aviation Avenue, North Charleston, South Carolina 29406; excluding all othe employees, guards, mechanics, clerical, salespersons, trainers, managerial employees, professional employees, and supervisors as defined in the Act.",NA,NA,NA,22,2017-10-01,2017-10-01,"51-100",TRUE,"RC","Yes","International Brotherhood of Teamsters",1,"Teamsters",0.607843137254902,"Yes",2
"10-RC-207603","Region 10, Atlanta, Georgia","South Carolina Electric and Gas",2017-10-10,2017-10-19,"Charleston","SC",NA,NA,45,NA,NA,NA,NA,NA,NA,NA,NA,NA,NA,NA,NA,NA,NA,NA,"Withdrawal Non-adjusted","Closed",NA,NA,NA,NA,NA,NA,2017-10-01,"26-50",TRUE,"RC","No",NA,0,"Uncoded",NA,"Other",NA
"10-RD-207552","Region 10, Atlanta, Georgia","Senior Living Communities, LLC, and Litchfield Retirement, LLC, a single employer; and Live Long Well Care, LLC",2017-10-06,2018-02-13,"Pawleys Island","SC","A",2017-11-02,121,NA,"United Steel, Paper and Forestry, Rubber, Manufacturing, Energy, Allied Industrial and Services Workers International Union, Local 7898",55,NA,NA,NA,NA,46,101,NA,9,"Y","United Steel, Paper and Forestry, Rubber, Manufacturing, Energy, Allied Industrial and Services Workers International Union, Local 7898","Initial","Single Labor Organization","Certific. of Representative","Closed","All full-time and regular part-time employees employed by Senior Living Communities, LLC and Litchfield Retirement LLC, a Single Employer and Live Long Well Care, LLC at its Pawleys Island, South Carolina, location including housekeepers, laundry employees, CNAs, dietary workers, activity employees, bus drivers, maintenance employees, concierges and “sitters” but excluding all professional employees, guards, and supervisors as defined in the Act.",NA,NA,NA,27,2017-10-01,2017-10-01,"101-500",TRUE,"RD","Yes","United Steel, Paper and Forestry, Rubber, Manufacturing, Energy, Allied Industrial and Services Workers International Union, Local 7898",1,"USW",0.544554455445545,"Yes",20
"10-RC-195759","Region 10, Atlanta, Georgia","Sysco Columbia, LLC",2017-03-29,2020-02-21,"Columbia","SC",NA,NA,10,NA,NA,NA,NA,NA,NA,NA,NA,NA,NA,NA,NA,NA,NA,NA,"Dismissal Non-adjusted","Closed",NA,NA,NA,NA,NA,NA,2017-01-01,"6-10",TRUE,"RC","No",NA,0,"Uncoded",NA,"Other",NA
"10-RC-195214","Region 10, Atlanta, Georgia","Blue Ridge in Georgetown",2017-03-21,2017-04-18,"Georgetown","SC","B",2017-04-07,10,NA,"United Steel, Paper and Forestry, Rubber, Manufacturing, Energy, Allied Industrial and Service Workers International Union - Local 7898",4,NA,NA,NA,NA,2,6,NA,NA,NA,"United Steel, Paper and Forestry, Rubber, Manufacturing, Energy, Allied Industrial and Service Workers International Union - Local 7898","Initial","Single Labor Organization","Certific. of Representative","Closed","Unit A Included: All regular full-time and regular part-time Certified Nursing Assistants, Housekeepers, Floor Technicians, Laundry Aids, Schedulers, Receptionists, Central Supply Clerks, Food Services/Dietary Aides, Food Services/Cooks, Maintenance Technicians, and Activity Assistants employed by Blue Ridge at its Georgetown, SC facility, but excluding PRN employees and other employees listed below.
Unit B Included: All regular full-time and regular part-time LPNs employed by Blue Ridge at its Georgetown, SC facility, but excluding PRN employees and other employees listed below.
Excluded from both Unit A and Unit B: All PRN’s in any position, RNs, Administrative Assistants, Maintenance Supervisor, MDS Coordinator, Unit Managers, Health Information Coordinator, Human Resource Director, Food Services-Dietary Manager, Administrator, Admissions Director, Activity Manager, Business Office Coordinator, Director of Nursing, Housekeeping Supervisor, Social Worker-Degreed, office clerical employees, guards and supervisors as defined in the National Labor Relations Act.",NA,NA,NA,17,2017-04-01,2017-01-01,"6-10",TRUE,"RC","Yes","United Steel, Paper and Forestry, Rubber, Manufacturing, Energy, Allied Industrial and Service Workers International Union - Local 7898",1,"USW",0.666666666666667,"Yes",4
"10-RC-195214","Region 10, Atlanta, Georgia","Blue Ridge in Georgetown",2017-03-21,2017-04-18,"Georgetown","SC","A",2017-04-07,41,NA,"United Steel, Paper and Forestry, Rubber, Manufacturing, Energy, Allied Industrial and Service Workers International Union - Local 7898",15,NA,NA,NA,NA,7,22,NA,NA,NA,"United Steel, Paper and Forestry, Rubber, Manufacturing, Energy, Allied Industrial and Service Workers International Union - Local 7898","Initial","Single Labor Organization","Certific. of Representative","Closed","Unit A Included: All regular full-time and regular part-time Certified Nursing Assistants, Housekeepers, Floor Technicians, Laundry Aids, Schedulers, Receptionists, Central Supply Clerks, Food Services/Dietary Aides, Food Services/Cooks, Maintenance Technicians, and Activity Assistants employed by Blue Ridge at its Georgetown, SC facility, but excluding PRN employees and other employees listed below.
Unit B Included: All regular full-time and regular part-time LPNs employed by Blue Ridge at its Georgetown, SC facility, but excluding PRN employees and other employees listed below.
Excluded from both Unit A and Unit B: All PRN’s in any position, RNs, Administrative Assistants, Maintenance Supervisor, MDS Coordinator, Unit Managers, Health Information Coordinator, Human Resource Director, Food Services-Dietary Manager, Administrator, Admissions Director, Activity Manager, Business Office Coordinator, Director of Nursing, Housekeeping Supervisor, Social Worker-Degreed, office clerical employees, guards and supervisors as defined in the National Labor Relations Act.",NA,NA,NA,17,2017-04-01,2017-01-01,"26-50",TRUE,"RC","Yes","United Steel, Paper and Forestry, Rubber, Manufacturing, Energy, Allied Industrial and Service Workers International Union - Local 7898",1,"USW",0.681818181818182,"Yes",19
"10-RC-194843","Region 10, Atlanta, Georgia","Sysco Columbia, LLC",2017-03-15,2021-11-01,"Columbia","SC",NA,NA,140,NA,NA,NA,NA,NA,NA,NA,NA,NA,NA,NA,NA,NA,NA,NA,"Withdrawal Non-adjusted","Closed",NA,NA,NA,NA,NA,NA,2017-01-01,"101-500",TRUE,"RC","No",NA,0,"Uncoded",NA,"Other",NA
"10-RC-194370","Region 10, Atlanta, Georgia","Sysco Food Services of Columbia, LLC",2017-03-07,2017-03-14,"Columbia","SC",NA,NA,150,NA,NA,NA,NA,NA,NA,NA,NA,NA,NA,NA,NA,NA,NA,NA,"Withdrawal Non-adjusted","Closed",NA,NA,NA,NA,NA,NA,2017-01-01,"101-500",TRUE,"RC","No",NA,0,"Uncoded",NA,"Other",NA
"10-RC-191563","Region 10, Atlanta, Georgia","The Boeing Company",2017-01-20,2017-02-24,"North Charleston","SC","A",2017-02-15,3000,NA,"International Association of Machinists and Aerospace Workers",731,NA,NA,NA,NA,2097,2828,NA,17,NA,NA,"Initial","Single Labor Organization","Certification of Results","Closed","All full-time and regular part-time production employees including aircraft machinists, aircraft painters, assemblers, equipment maintenance specialists, fabrication specialists, facility plant maintenance specialists, flight readiness technicians, product acceptance specialists, production coordinators, tool & fixture specialists, NDT quality test specialist, employed by the Employer at its North Charleston, South Carolina 787 Dreamliner production, fabrication and assembly facilities and at its Ladson, South Carolina Interiors Responsibility Center (IRC) and the Propulsion South Carolina facilities, but excluding all temporary or contract employees, sales employees, fire protection operations specialists, all other employees, confidential employees, technical employees, office clerical employees, professional employees, guards, and supervisors as defined by the Act.",NA,NA,NA,26,2017-01-01,2017-01-01,"500>",TRUE,"RC","Yes","International Association of Machinists and Aerospace Workers",1,"IAM",0.258486562942009,"No",172
"10-RC-187855","Region 10, Atlanta, Georgia","Kapstone Summerville Lumber Mill",2016-11-09,2017-04-06,"Summerville","SC","A",2017-03-28,131,1,"United Steel, Paper and Forestry, Rubber, Manufacturing, Energy, Allied Industrial and Service Workers International Union, AFL-CIO, CLC",61,NA,NA,NA,NA,61,122,NA,3,NA,NA,"Initial","Revised Single Labor Org","Certification of Results","Closed","All full-time and regular part-time production and maintenance employees employed by the Employer at its facility currently located at 200 North Maple Street, Summerville, SC 29483; excluding all temporary employees, office clerical employees, managerial employees, professional employees, guards and supervisors as defined in the Act.",NA,NA,NA,139,2017-01-01,2016-10-01,"101-500",TRUE,"RC","Yes","United Steel, Paper and Forestry, Rubber, Manufacturing, Energy, Allied Industrial and Service Workers International Union, AFL-CIO, CLC",1,"USW",0.5,"No",9
"10-RC-187855","Region 10, Atlanta, Georgia","Kapstone Summerville Lumber Mill",2016-11-09,2017-04-06,"Summerville","SC","A",2016-12-02,131,NA,"United Steel, Paper and Forestry, Rubber, Manufacturing, Energy, Allied Industrial and Service Workers International Union, AFL-CIO, CLC",60,NA,NA,NA,NA,54,125,NA,11,"Y",NA,"Initial","Single Labor Organization","Certification of Results","Closed","All full-time and regular part-time production and maintenance employees employed by the Employer at its facility currently located at 200 North Maple Street, Summerville, SC 29483; excluding all temporary employees, office clerical employees, managerial employees, professional employees, guards and supervisors as defined in the Act.",NA,NA,NA,23,2016-10-01,2016-10-01,"101-500",FALSE,"RC","Yes","United Steel, Paper and Forestry, Rubber, Manufacturing, Energy, Allied Industrial and Service Workers International Union, AFL-CIO, CLC",1,"USW",0.526315789473684,"No",17
"10-RC-185050","Region 10, Atlanta, Georgia","Autoneum North America, Inc. d/b/a Autoneum",2016-09-27,2016-10-24,"Aiken","SC","A",2016-10-14,151,1,"Retail, Wholesale and Department Store Union/UFCW - Southeast Council",74,NA,NA,NA,NA,72,146,NA,NA,NA,"Retail, Wholesale and Department Store Union/UFCW - Southeast Council","Initial","Single Labor Organization","Certific. of Representative","Closed","All full-time and regular part-time production and maintenance employees, warehouse employees, quality assurance employees, group leads, and team leads employed by the Employer at its Aiken, South Carolina facility, but excluding temporary employees, sales employees, office clerical employees, guards, professional employees and supervisors as defined in the Act.",NA,NA,NA,17,2016-10-01,2016-07-01,"101-500",TRUE,"RC","Yes","Retail, Wholesale and Department Store Union/UFCW - Southeast Council",1,"RWDSU",0.506849315068493,"Yes",5
"10-RD-183232","Region 10, Atlanta, Georgia","The Lakes at Litchfield",2016-08-31,2017-05-03,"Pawleys Island","SC",NA,NA,113,NA,NA,NA,NA,NA,NA,NA,NA,NA,NA,NA,NA,NA,NA,NA,"Withdrawal Non-adjusted","Closed",NA,NA,NA,NA,NA,NA,2016-07-01,"101-500",TRUE,"RD","No",NA,0,"Uncoded",NA,"Other",NA
"10-RD-183102","Region 10, Atlanta, Georgia","The Lakes at Litchfield",2016-08-29,2016-08-31,"Pawleys Island","SC",NA,NA,113,NA,NA,NA,NA,NA,NA,NA,NA,NA,NA,NA,NA,NA,NA,NA,"Withdrawal Non-adjusted","Closed",NA,NA,NA,NA,NA,NA,2016-07-01,"101-500",TRUE,"RD","No",NA,0,"Uncoded",NA,"Other",NA
"10-RD-177137","Region 10, Atlanta, Georgia","Springs Creative Products Group, LLC",2016-05-27,2016-06-24,"Rock Hill","SC","A",2016-06-16,39,NA,"Southern Region Workers United",24,NA,NA,NA,NA,15,39,NA,NA,NA,"Southern Region Workers United","Initial","Single Labor Organization","Certific. of Representative","Closed","All full-time and regular part-time employees employed by Springs Creative Products Group, LLC at its facility located in Rock Hill, South Carolina, excluding all office clerical employees, secretaries, clerks, professional employees, managers, mechanics, contract employees, week-end cleaners, guards, and supervisors as defined by the Act.",NA,NA,NA,20,2016-04-01,2016-04-01,"26-50",TRUE,"RD","Yes","Southern Region Workers United",1,"WU",0.615384615384615,"Yes",0
"10-RC-175469","Region 10, Atlanta, Georgia","PruittHealth - Columbia, LLC",2016-05-04,2016-08-24,"Columbia","SC",NA,NA,85,NA,NA,NA,NA,NA,NA,NA,NA,NA,NA,NA,NA,NA,NA,NA,"Withdrawal Non-adjusted","Closed",NA,NA,NA,NA,NA,NA,2016-04-01,"51-100",TRUE,"RC","No",NA,0,"Uncoded",NA,"Other",NA
"10-RC-172178","Region 10, Atlanta, Georgia","Advantage Veterans Services of Walterboro, LLC",2016-03-21,2016-12-14,"Walterboro","SC","A",2016-04-14,140,NA,"United Steel, Paper and Forestry, Rubber, Manufacturing, Energy, Allied-Industrial, and Service Workers International Union, AFL-CIO/CLC and USW Local 7898",67,NA,NA,NA,NA,42,120,NA,11,NA,"United Steel, Paper and Forestry, Rubber, Manufacturing, Energy, Allied-Industrial, and Service Workers International Union, AFL-CIO/CLC and USW Local 7898","Initial","Single Labor Organization","Certific. of Representative","Closed","All full-time and regular part-time CNA's, maintenance employees, activities assistants, and activities staff; but excluding all other employees, LPN's, RN's, guards and supervisors as defined by the Act.",NA,NA,NA,24,2016-04-01,2016-01-01,"101-500",TRUE,"RC","Yes","United Steel, Paper and Forestry, Rubber, Manufacturing, Energy, Allied-Industrial, and Service Workers International Union, AFL-CIO/CLC and USW Local 7898",1,"USW",0.614678899082569,"Yes",31
"10-RC-165127","Region 10, Atlanta, Georgia","SDH Services East, LLC, also known as Sodexo",2015-12-01,2015-12-28,"Beaufort","SC","A",2015-12-17,16,NA,"International Association of Machinists and Aerospace Workers, AFL-CIO",16,NA,NA,NA,NA,0,16,NA,NA,NA,"International Association of Machinists and Aerospace Workers, AFL-CIO","Initial","Single Labor Organization","Certific. of Representative","Closed","All full-time and regular part-time cooks, including cook 1, cook 2, and cook 3/chief cooks employed by the Employer at its facility located at 2080 Gordon Street in Beaufort, South Carolina at the Marine Corp Air Station; but excluding all other employees, office clerical employees, professional employees, IT techs, guards and supervisors as defined in the Act.",NA,NA,NA,16,2015-10-01,2015-10-01,"11-25",TRUE,"RC","Yes","International Association of Machinists and Aerospace Workers, AFL-CIO",1,"IAM",1,"Yes",0
"10-RC-162130","Region 10, Atlanta, Georgia","Concentric Methods",2015-10-19,2015-11-16,"Beaufort","SC","A",2015-11-04,12,NA,"International Union of Operating Engineers Local 465, AFL-CIO",9,NA,NA,NA,NA,1,10,NA,NA,NA,"International Union of Operating Engineers Local 465, AFL-CIO","Initial","Single Labor Organization","Certific. of Representative","Closed","All full-time and regular part-time medical records clerks handling
medical documentation employed by the Employer at the (1) Branch
Health Clinic, Marine Corps Recruit Depot, Parris Island - Medical
Disposition Board Office; (2) Branch Health Clinic, Marine Corps
Recruit Depot, Beaufort - Medical Records Department; (3) Branch
Health Clinic, Marine Corps Air Station, Beaufort - Front Desk; (4)
Branch Health Clinic, Marine Corps Recruit Depot, Parris Island -
Behavioral Health Clinic; (5) Branch Health Clinic, Marine Corps
Recruit Depot, Parris Island - Permanent Party Sick Call Clinic; (6)
Branch Health Clinic, Marine Corps Recruit Depot, Parris Island -
SMART Clinic; (8) Naval Hospital Beaufort- Urgent Care Clinic; (9)
Branch Health Clinic, Marine Corps Recruit Depot, Parris Island -
Recruit Sick Call Clinic; (10) Branch Health Clinic, Marine Corps
Air Station, Beaufort - Marine Corps Medical Home Port, Central
Appointments, as set forth in the attached Eligibility List, but
excluding all other employees, professional employees, guards and
supervisors as defined by the Act.",NA,NA,NA,16,2015-10-01,2015-10-01,"11-25",TRUE,"RC","Yes","International Union of Operating Engineers Local 465, AFL-CIO",1,"IUOE",0.9,"Yes",2
"10-RD-158949","Region 10, Atlanta, Georgia","Johnson Controls, Inc.",2015-08-28,2019-10-04,"Florence","SC",NA,NA,150,NA,NA,NA,NA,NA,NA,NA,NA,NA,NA,NA,NA,NA,NA,NA,"Dismissal Non-adjusted","Closed",NA,NA,NA,NA,NA,NA,2015-07-01,"101-500",TRUE,"RD","No",NA,0,"Uncoded",NA,"Other",NA
"10-RC-152954","Region 10, Atlanta, Georgia","Autoneum North America, Inc., d/b/a Autoneum",2015-05-26,2015-07-08,"Aiken","SC","A",2015-06-25,146,NA,"Retail, Wholesale Department Store Union/UFCW Southeast Council",68,NA,NA,NA,NA,76,144,NA,NA,NA,NA,"Initial","Single Labor Organization","Certification of Results","Closed","All full-time and regular part-time production and maintenance employees, warehouse employees, quality assurance employees, group leads, and team leads employed by the Employer at its Aiken, South Carolina, facility, but excluding temporary employees, sales employees, office clerical employees, guards, professional employees and supervisors as defined in the Act.",NA,NA,NA,30,2015-04-01,2015-04-01,"101-500",TRUE,"RC","Yes","Retail, Wholesale Department Store Union/UFCW Southeast Council",1,"UFCW",0.472222222222222,"No",2
"10-RC-152911","Region 10, Atlanta, Georgia","Harsco Rail, A Division of Harsco Corporation",2015-05-26,2015-07-02,"West Columbia","SC","A",2015-06-24,258,1,"International Association of Machinists and Aerospace Workers, AFL-CIO",77,NA,NA,NA,NA,173,250,NA,5,NA,"International Association of Machinists and Aerospace Workers, AFL-CIO","Initial","Single Labor Organization","Certification of Results","Closed","All full-time and regular part-time production and maintenance workers and material processors employed by Harsco Rail, a Division of Harsco Corporation at its facilities located at 2401 Edmund Road, 1001 Technology Drive and 1005 Technology Drive in West Columbia, South Carolina, but excluding all office clerical employees, professional employees, guards, and supervisors as defined by the Act.",NA,NA,NA,29,2015-04-01,2015-04-01,"101-500",TRUE,"RC","Yes","International Association of Machinists and Aerospace Workers, AFL-CIO",1,"IAM",0.308,"No",8
"10-RC-151812","Region 10, Atlanta, Georgia","Kapstone Paper and Packaging Corporation",2015-05-08,2015-06-16,"North Charleston","SC","A",2015-06-05,4,NA,"United Steel, Paper and Forestry, Rubber, Manufacturing, Energy, Allied Industrial and Service Workers International Union (United Steelworkers)",4,NA,NA,NA,NA,0,0,NA,NA,"N","United Steel, Paper and Forestry, Rubber, Manufacturing, Energy, Allied Industrial and Service Workers International Union (United Steelworkers)","Initial","Single Labor Organization","Certific. of Representative","Closed","All salaried non exempt transportation coordinators employed by the Employer at its facility currently located at 5600 Virginia Avenue, North Charleston, SC 29423; excluding all temporary employees, office clerical employees, guards, professional employees and supervisors as defined in the Act.",NA,NA,NA,28,2015-04-01,2015-04-01,"<5",TRUE,"RC","Yes","United Steel, Paper and Forestry, Rubber, Manufacturing, Energy, Allied Industrial and Service Workers International Union (United Steelworkers)",1,"USW",NA,"Yes",0
"10-RC-148171","Region 10, Atlanta, Georgia","The Boeing Company",2015-03-16,2015-04-17,"North Charleston","SC",NA,NA,2500,NA,NA,NA,NA,NA,NA,NA,NA,NA,NA,NA,NA,NA,NA,NA,"Withdrawal Non-adjusted","Closed",NA,NA,NA,NA,NA,NA,2015-01-01,"500>",TRUE,"RC","No",NA,0,"Uncoded",NA,"Other",NA
"10-RC-144239","Region 10, Atlanta, Georgia","Palmetto George Operating, LLC d/b/a Prince George Healthcare Center",2015-01-12,2015-04-13,"Georgetown","SC","B",2015-04-01,7,NA,"United Steel Paper and Forestry Rubber Manufacturing Energy, Allied Industrial and Service Workers Union",4,NA,NA,NA,NA,0,4,NA,NA,NA,"United Steel Paper and Forestry Rubber Manufacturing Energy, Allied Industrial and Service Workers Union","Initial","Single Labor Organization","Certific. of Representative","Closed","All full-time and regular part-time registered nurses employed at the Employer’s facility in Georgetown, South Carolina, excluding all other employees, housekeepers, laundry employees, certified nursing assistants, restorative nursing assistants, schedulers, unit secretaries, maintenance employees, dietary workers, medical records employees, social services employees, activities employees, central supply employees, drivers, licensed therapists, therapist assistants, rehab technicians, business office employees including accounts payable employees and accounts receivable employees, the Director of Nursing, the Assistant Director of Nursing, unit managers, MDS coordinators, office clerical employees, and guards and supervisors as defined in the National Labor Relations Act.","All full-time and regular part-time licensed practical nurses employed at the Employer’s facility in Georgetown, South Carolina, excluding all other employees, housekeepers, laundry employees, certified nursing assistants, restorative nursing assistants, schedulers, unit secretaries, maintenance employees, dietary workers, medical records employees, social services employees, activities employees, central supply employees, drivers, licensed therapists, therapist assistants, rehab technicians, business office employees including accounts payable employees and accounts receivable employees, the Director of Nursing, the Assistant Director of Nursing, unit managers, MDS coordinators, office clerical employees, and guards and supervisors as defined in the National Labor Relations Act.","All full-time and regular part-time licensed practical nurses employed at the Employer’s facility in Georgetown, South Carolina, excluding all other employees, housekeepers, laundry employees, certified nursing assistants, restorative nursing assistants, schedulers, unit secretaries, maintenance employees, dietary workers, medical records employees, social services employees, activities employees, central supply employees, drivers, licensed therapists, therapist assistants, rehab technicians, business office employees including accounts payable employees and accounts receivable employees, the Director of Nursing, the Assistant Director of Nursing, unit managers, MDS coordinators, office clerical employees, and guards and supervisors as defined in the National Labor Relations Act.","All full-time and regular part-time licensed practical nurses employed at the Employer’s facility in Georgetown, South Carolina, excluding all other employees, housekeepers, laundry employees, certified nursing assistants, restorative nursing assistants, schedulers, unit secretaries, maintenance employees, dietary workers, medical records employees, social services employees, activities employees, central supply employees, drivers, licensed therapists, therapist assistants, rehab technicians, business office employees including accounts payable employees and accounts receivable employees, the Director of Nursing, the Assistant Director of Nursing, unit managers, MDS coordinators, office clerical employees, and guards and supervisors as defined in the National Labor Relations Act.",79,2015-04-01,2015-01-01,"6-10",TRUE,"RC","Yes","United Steel Paper and Forestry Rubber Manufacturing Energy, Allied Industrial and Service Workers Union",1,"USW",1,"Yes",3
"10-RC-144239","Region 10, Atlanta, Georgia","Palmetto George Operating, LLC d/b/a Prince George Healthcare Center",2015-01-12,2015-04-13,"Georgetown","SC","A",2015-04-01,23,NA,"United Steel Paper and Forestry Rubber Manufacturing Energy, Allied Industrial and Service Workers Union",17,NA,NA,NA,NA,0,17,NA,NA,NA,"United Steel Paper and Forestry Rubber Manufacturing Energy, Allied Industrial and Service Workers Union","Initial","Single Labor Organization","Certific. of Representative","Closed","All full-time and regular part-time registered nurses employed at the Employer’s facility in Georgetown, South Carolina, excluding all other employees, housekeepers, laundry employees, certified nursing assistants, restorative nursing assistants, schedulers, unit secretaries, maintenance employees, dietary workers, medical records employees, social services employees, activities employees, central supply employees, drivers, licensed therapists, therapist assistants, rehab technicians, business office employees including accounts payable employees and accounts receivable employees, the Director of Nursing, the Assistant Director of Nursing, unit managers, MDS coordinators, office clerical employees, and guards and supervisors as defined in the National Labor Relations Act.","All full-time and regular part-time licensed practical nurses employed at the Employer’s facility in Georgetown, South Carolina, excluding all other employees, housekeepers, laundry employees, certified nursing assistants, restorative nursing assistants, schedulers, unit secretaries, maintenance employees, dietary workers, medical records employees, social services employees, activities employees, central supply employees, drivers, licensed therapists, therapist assistants, rehab technicians, business office employees including accounts payable employees and accounts receivable employees, the Director of Nursing, the Assistant Director of Nursing, unit managers, MDS coordinators, office clerical employees, and guards and supervisors as defined in the National Labor Relations Act.","All full-time and regular part-time licensed practical nurses employed at the Employer’s facility in Georgetown, South Carolina, excluding all other employees, housekeepers, laundry employees, certified nursing assistants, restorative nursing assistants, schedulers, unit secretaries, maintenance employees, dietary workers, medical records employees, social services employees, activities employees, central supply employees, drivers, licensed therapists, therapist assistants, rehab technicians, business office employees including accounts payable employees and accounts receivable employees, the Director of Nursing, the Assistant Director of Nursing, unit managers, MDS coordinators, office clerical employees, and guards and supervisors as defined in the National Labor Relations Act.","All full-time and regular part-time licensed practical nurses employed at the Employer’s facility in Georgetown, South Carolina, excluding all other employees, housekeepers, laundry employees, certified nursing assistants, restorative nursing assistants, schedulers, unit secretaries, maintenance employees, dietary workers, medical records employees, social services employees, activities employees, central supply employees, drivers, licensed therapists, therapist assistants, rehab technicians, business office employees including accounts payable employees and accounts receivable employees, the Director of Nursing, the Assistant Director of Nursing, unit managers, MDS coordinators, office clerical employees, and guards and supervisors as defined in the National Labor Relations Act.",79,2015-04-01,2015-01-01,"11-25",TRUE,"RC","Yes","United Steel Paper and Forestry Rubber Manufacturing Energy, Allied Industrial and Service Workers Union",1,"USW",1,"Yes",6
"10-RC-143145","Region 10, Atlanta, Georgia","Palmetto Prince George Operating, LLC",2014-12-19,2014-12-30,"Georgetown","SC",NA,NA,31,NA,NA,NA,NA,NA,NA,NA,NA,NA,NA,NA,NA,NA,NA,NA,"Withdrawal Non-adjusted","Closed",NA,NA,NA,NA,NA,NA,2014-10-01,"26-50",TRUE,"RC","No",NA,0,"Uncoded",NA,"Other",NA
"10-RC-141181","Region 10, Atlanta, Georgia","Metropolitan Security Services d/b/a Walden  Security",2014-11-19,2015-01-08,"Florence","SC","A",2014-12-30,17,NA,"International Union, Security, Police and Fire Professionals of America (SPFPA)",8,NA,NA,NA,NA,2,10,NA,NA,"N","International Union, Security, Police and Fire Professionals of America (SPFPA)","Initial","Single Labor Organization","Certific. of Representative","Closed","All full-time and part-time armed and unarmed security officers employed by the Employer at Florence Darlington Technical College in Florence, North Carolina.  Excluding all office clerical employees, professional employees, officers-in-charge and all other supervisors as defined by the Act.",NA,NA,NA,41,2014-10-01,2014-10-01,"11-25",TRUE,"RC","Yes","International Union, Security, Police and Fire Professionals of America (SPFPA)",1,"SPFPA",0.8,"Yes",7
"04-RC-140626","Region 04, Philadelphia, Pennsylvania","Tolt Solutions- Whole Foods Group",2014-11-10,2014-11-25,"Taylors","SC",NA,NA,4,NA,NA,NA,NA,NA,NA,NA,NA,NA,NA,NA,NA,NA,NA,NA,"Withdrawal Non-adjusted","Closed",NA,NA,NA,NA,NA,NA,2014-10-01,"<5",TRUE,"RC","No",NA,0,"Uncoded",NA,"Other",NA
"10-RD-140194","Region 10, Atlanta, Georgia","DUKE ENERGY",2014-11-04,2014-11-12,"BELTON","SC",NA,NA,20,NA,NA,NA,NA,NA,NA,NA,NA,NA,NA,NA,NA,NA,NA,NA,"Withdrawal Non-adjusted","Closed",NA,NA,NA,NA,NA,NA,2014-10-01,"11-25",TRUE,"RD","No",NA,0,"Uncoded",NA,"Other",NA
"10-RC-139971","Region 10, Atlanta, Georgia","CREC GROUP, LLC",2014-10-30,2014-12-22,"GOOSE CREEK","SC","A",2014-12-11,7,NA,"International Union of Operating Engineers Local 465, AFL-CIO",4,NA,NA,NA,NA,1,6,NA,1,NA,"International Union of Operating Engineers Local 465, AFL-CIO","Initial","Single Labor Organization","Certific. of Representative","Closed","All full-time and regular part-time maintenance electricians, machinery mechanics, general maintenance workers, HVAC mechanics, plumber and maintenance employees, service order dispatchers, and boiler tenders  employed by the Employer at the United States Army’s Naval Weapons Station (NWS) at Goose Creek in Charleston, South Carolina, but excluding all professional employees, managerial employees, guards and supervisors as defined in the Act.",NA,NA,NA,42,2014-10-01,2014-10-01,"6-10",TRUE,"RC","Yes","International Union of Operating Engineers Local 465, AFL-CIO",1,"IUOE",0.8,"Yes",2
"10-RC-139948","Region 10, Atlanta, Georgia","ROBINSON AVIATION (RVA), INC.",2014-10-30,2014-12-10,"GREENVILLE","SC",NA,NA,3,NA,NA,NA,NA,NA,NA,NA,NA,NA,NA,NA,NA,NA,NA,NA,"Withdrawal Non-adjusted","Closed",NA,NA,NA,NA,NA,NA,2014-10-01,"<5",TRUE,"RC","No",NA,0,"Uncoded",NA,"Other",NA
"10-RC-131691","Region 10, Atlanta, Georgia","FJC Security Services, Inc.",2014-06-27,2014-07-10,"Columbia","SC",NA,NA,50,NA,NA,NA,NA,NA,NA,NA,NA,NA,NA,NA,NA,NA,NA,NA,"Withdrawal Non-adjusted","Closed",NA,NA,NA,NA,NA,NA,2014-04-01,"26-50",TRUE,"RC","No",NA,0,"Uncoded",NA,"Other",NA
"10-RC-128915","Region 10, Atlanta, Georgia","United Parcel Service, Inc.",2014-05-19,2014-07-03,"West Columbia","SC","A",2014-06-25,2,NA,"General Drivers Warehousemen and Helpers Local Union No. 509",2,NA,NA,NA,NA,0,2,NA,NA,NA,"General Drivers Warehousemen and Helpers Local Union No. 509","Initial","Single Labor Organization","Certific. of Representative","Closed","All full time and regular part-time customer counter clerks employed by the Employer at its 1782 Old Dunbar Road, West Columbia, South Carolina facility; but excluding all other employees, dispatchers, clerical employees, professional employees, managers, guards, and supervisors as defined in the Act.",NA,NA,NA,37,2014-04-01,2014-04-01,"<5",TRUE,"RC","Yes","General Drivers Warehousemen and Helpers Local Union No. 509",0,"Uncoded",1,"Yes",0
"10-RC-128042","Region 10, Atlanta, Georgia","ADT LLC d/b/a ADT Security Services",2014-05-06,2014-06-17,"Columbia","SC","A",2014-06-05,20,NA,"International Brotherhood of Electrical Workers Local Union #776 AFL-CIO",11,NA,NA,NA,NA,8,19,NA,NA,NA,"International Brotherhood of Electrical Workers Local Union #776 AFL-CIO","Initial","Single Labor Organization","Certific. of Representative","Closed","All full time and part time installation, and Service technicians, employed at the employers Columbia, SC facility.

Excluded:
All installation coordinators, service coordinators, supply chain coordinators, administrative coordinators, office and clerical emploees, professional employees, guards, and supervisors as defined in the act.",NA,NA,NA,30,2014-04-01,2014-04-01,"11-25",TRUE,"RC","Yes","International Brotherhood of Electrical Workers Local Union #776 AFL-CIO",1,"IBEW",0.578947368421053,"Yes",1
"10-RC-127841","Region 10, Atlanta, Georgia","ADT Security Services",2014-05-02,2014-05-06,"Columbia","SC",NA,NA,24,NA,NA,NA,NA,NA,NA,NA,NA,NA,NA,NA,NA,NA,NA,NA,"Withdrawal Non-adjusted","Closed",NA,NA,NA,NA,NA,NA,2014-04-01,"11-25",TRUE,"RC","No",NA,0,"Uncoded",NA,"Other",NA
"04-RC-127744","Region 04, Philadelphia, Pennsylvania","Tolt Solutions, Inc.",2014-05-01,2014-08-11,"Taylors","SC","A",2014-07-31,25,NA,"International Brotherhood of Electrical Workers Local 98",22,NA,NA,NA,NA,2,24,NA,NA,NA,"International Brotherhood of Electrical Workers Local 98","Initial","Single Labor Organization","Certific. of Representative","Closed","INCLUDED:  All full-time and regular part-time Field Service Technicians employed by the Employer in the Philadelphia Region who are assigned to the Wakefern Group.

EXCLUDED:  All other employees, Regional Service Technicians, Field Service Supervisors, guards, and supervisors as defined in the Act.",NA,NA,NA,91,2014-07-01,2014-04-01,"11-25",TRUE,"RC","Yes","International Brotherhood of Electrical Workers Local 98",1,"IBEW",0.916666666666667,"Yes",1
"10-RC-126849","Region 10, Atlanta, Georgia","G4S Government Solutions, Inc., d/b/a WSI Savannah River Site, a/k/a WSI-SRS",2014-04-17,2016-02-24,"Aiken","SC","A",2016-02-16,76,NA,"International Guards Union of America",48,NA,NA,NA,NA,15,630,NA,NA,"N","International Guards Union of America","Initial","Single Labor Organization","Certific. of Representative","Closed","All sergeants and lieutenants in the protective forces employed by the
Employer at its Savannah River Site located in Barnwell, South Carolina,
excluding all captains and majors and supervisors as defined under the
Act.",NA,NA,NA,670,2016-01-01,2014-04-01,"51-100",TRUE,"RC","Yes","International Guards Union of America",0,"Uncoded",0.761904761904762,"Yes",13
"10-RC-125988","Region 10, Atlanta, Georgia","Senior Living Communities, LLC, and Litchfield Retirement, LLC, a Single Employer and Live Long Well Care, LLC",2014-04-07,2014-06-03,"Pawleys Island","SC","A",2014-05-23,102,NA,"United Steel, Paper and Forestry, Rubber, Manufacturing, Energy, Allied Industrial and Service Workers International Union, AFL-CIO, CLC",55,NA,NA,NA,NA,39,95,NA,1,NA,"United Steel, Paper and Forestry, Rubber, Manufacturing, Energy, Allied Industrial and Service Workers International Union, AFL-CIO, CLC","Initial","Single Labor Organization","Certific. of Representative","Closed","All full-time and regular part-time employees employed by Senior Living Communities, LLC and Litchfield Retirement LLC, a Single Employer, at its Pawleys Island, South Carolina, location including housekeepers, laundry employees, CNAs, dietary workers, activity employees, bus drivers, maintenance employees and concierges but all excluding professional employees, guards, and supervisors as defined in the Act.",NA,NA,NA,46,2014-04-01,2014-04-01,"101-500",TRUE,"RC","Yes","United Steel, Paper and Forestry, Rubber, Manufacturing, Energy, Allied Industrial and Service Workers International Union, AFL-CIO, CLC",1,"USW",0.585106382978723,"Yes",8
"10-RC-125475","Region 10, Atlanta, Georgia","SYMTECH CORPORATION",2014-03-28,2014-05-12,"Beaufort","SC","A",2014-05-02,2,NA,"International Union of Operating Engineers Local 465, AFL-CIO",2,NA,NA,NA,NA,0,2,NA,NA,NA,"International Union of Operating Engineers Local 465, AFL-CIO","Initial","Single Labor Organization","Certific. of Representative","Closed","All full-time and regular part-time Personal Assistant II employees employed at the Employer at Beaufort Naval Hospital Beaufort, SC; but excluding all professional employees, managerial employees, guards and supervisors as defined in the Act.",NA,NA,NA,35,2014-04-01,2014-01-01,"<5",TRUE,"RC","Yes","International Union of Operating Engineers Local 465, AFL-CIO",1,"IUOE",1,"Yes",0
"10-RC-123776","Region 10, Atlanta, Georgia","Southern Crescent Personnel, Inc.",2014-03-05,2014-04-14,"Beaufort","SC","A",2014-04-03,30,NA,"International Union of Operating Engineers Local 465, AFL-CIO",24,NA,NA,NA,NA,5,29,NA,NA,"N","International Union of Operating Engineers Local 465, AFL-CIO","Initial","Single Labor Organization","Certific. of Representative","Closed","All full time, part time and temporary Dental Technicians and Dental Assistants employed at the Marine Corps Air Station Beaufort, the Marine Corps Recruit Depot Parris Island and the US Naval Hospital Beaufort; excluding all office clerical employees, professional employees, managerial employees, guards and supervisors as defined in the Act.",NA,NA,NA,29,2014-04-01,2014-01-01,"26-50",TRUE,"RC","Yes","International Union of Operating Engineers Local 465, AFL-CIO",1,"IUOE",0.827586206896552,"Yes",1
"10-RC-116422","Region 10, Atlanta, Georgia","Pepsi Beverages Company",2013-11-05,2013-12-23,"Summerville","SC","A",2013-12-13,18,NA,"General Drivers Warehousemen and Helpers Local Union No. 509",8,NA,NA,NA,NA,10,18,NA,NA,NA,NA,"Initial","Single Labor Organization","Certification of Results","Closed","All full-tme and regular part-time bulk drivers, relief drivers, D Bay drivers, full service vending drivers, and fleet mechanics employed by the Employer from its Summerville, South Carolina facility, but excluding all other bulk customer representatives (BCR), pre-sell representatives (AOM), merchandisers, warehouse employees, office clerical employees, professional employees, managerial employees, guards and supervisors as defined in the Act.",NA,NA,NA,38,2013-10-01,2013-10-01,"11-25",TRUE,"RC","Yes","General Drivers Warehousemen and Helpers Local Union No. 509",0,"Uncoded",0.444444444444444,"No",0
"10-RC-116011","Region 10, Atlanta, Georgia","Coastal Management Solutions Inc.",2013-10-30,2013-12-31,"Beaufort","SC","A",2013-12-19,3,NA,"International Union of Operating Engineers, Local 465",1,NA,NA,NA,NA,0,1,NA,NA,NA,"International Union of Operating Engineers, Local 465","Initial","Single Labor Organization","Certific. of Representative","Closed","All full-time and regular part-time medical records technicians employed by the Employer at Beaufort Naval Hospital, but excluding all professional employees, managerial employees, guards and supervisors ad defined by the Act.",NA,NA,NA,50,2013-10-01,2013-10-01,"<5",TRUE,"RC","Yes","International Union of Operating Engineers, Local 465",1,"IUOE",1,"Yes",2
"10-RC-116029","Region 10, Atlanta, Georgia","Quantell, Inc.",2013-10-30,2013-12-31,"Beaufort","SC","A",2013-12-19,4,NA,"International Union of Operating Engineers, Local 465",4,NA,NA,NA,NA,0,4,NA,NA,NA,"International Union of Operating Engineers, Local 465","Initial","Single Labor Organization","Certific. of Representative","Closed","All full-time and regular part-time medical support technicians employed by the Employer at Beaufort Naval Hospital, but excluding all professional employees, managerial employees, guards and supervisors ad defined by the Act.",NA,NA,NA,50,2013-10-01,2013-10-01,"<5",TRUE,"RC","Yes","International Union of Operating Engineers, Local 465",1,"IUOE",1,"Yes",0
"10-RC-115724","Region 10, Atlanta, Georgia","PALMETTO PRINCE GEORGE OPERATING, LLC D/B/A PRINCE GEORGE HEALTHCARE CENTER",2013-10-28,2013-12-17,"Georgetown","SC","A",2013-12-06,88,NA,"United Steel, Paper and Forestry, Rubber Manufacturing, Energy, Allied Industrial and Service Workers, International Union, AFL-CIO (Local) USW 10",62,NA,NA,NA,NA,18,80,NA,4,NA,"United Steel, Paper and Forestry, Rubber Manufacturing, Energy, Allied Industrial and Service Workers, International Union, AFL-CIO (Local) USW 10","Initial","Single Labor Organization","Certific. of Representative","Closed","All full-time and regular part time employees including Housekeepers, Laundry Employees, CNAs, Restorative Nursing Assistants, Schedulers, Unit Secretaries, Maintenance Employees, and Dietary Workers employed by the Employer at its Georgetown, SC facility, but excluding all RNs, LPNs, medical records employees, social services employees, activities employees, central supply employees, drivers, licensed therapists, therapist assistants, rehab techs, business office employees including accounts payable employees and accounts receivable employees, office clerical employees, professional employees, guards and supervisors as defined in the Act. The parties agree that receptionists will vote subject to challenge.",NA,NA,NA,39,2013-10-01,2013-10-01,"51-100",TRUE,"RC","Yes","United Steel, Paper and Forestry, Rubber Manufacturing, Energy, Allied Industrial and Service Workers, International Union, AFL-CIO (Local) USW 10",1,"USW",0.775,"Yes",8
"10-RC-114188","Region 10, Atlanta, Georgia","CREC Group, LLC",2013-09-26,2013-12-31,"Charleston","SC","A",2013-12-06,5,NA,"International Union of Operating Engineers, Local 465",3,NA,NA,NA,NA,2,5,NA,NA,"N","International Union of Operating Engineers, Local 465","Initial","Single Labor Organization","Certific. of Representative","Closed","All full-time and regular part-time maintenance employees, including dispatchers employed by the Employer at the SPAWAR joint bases located in North Charleston, South Carolina;  excluding all office clerical employees, HVAC mechanics, HVAC secretary, Ventaliation Equipment Tender, professional employees, guards and supervisors as defined in the Act.",NA,NA,NA,71,2013-10-01,2013-07-01,"<5",TRUE,"RC","Yes","International Union of Operating Engineers, Local 465",1,"IUOE",0.6,"Yes",0
"10-RC-112991","Region 10, Atlanta, Georgia","MAC ACQUISITION LLC d/b/a ROMANO'S MACARONI GRILL",2013-09-10,2013-11-12,"GREENVILLE","SC","A",2013-11-02,34,NA,"NATIONAL WORKERS ASSOCIATION (NWA)",1,NA,NA,NA,NA,25,26,NA,NA,NA,"NATIONAL WORKERS ASSOCIATION (NWA)","Initial","Single Labor Organization","Certification of Results","Closed","Included: All full-time and regular part-time servers, bar servers, servers working as operations shift managers, bartenders, hosts and To Go hosts employed by the Employer at its E. Beacon Rd., Greenville, South Carolina facility. 
Excluded: All other employees to include, cooperative assistants, kitchen assistants, dishwashers, chefs, stewards, professional employees, and guards and supervisors as defined under the Act.",NA,NA,NA,53,2013-10-01,2013-07-01,"26-50",TRUE,"RC","Yes","NATIONAL WORKERS ASSOCIATION (NWA)",0,"Uncoded",0.0384615384615385,"No",8
"10-RC-110342","Region 10, Atlanta, Georgia","FEDSERV INDUSTRIES INC",2013-08-01,2013-09-18,"ANDERSON","SC","A",2013-09-10,2,NA,"International Union of Operating Engineers Local 465, AFL-CIO",2,NA,NA,NA,NA,0,2,NA,NA,NA,"International Union of Operating Engineers Local 465, AFL-CIO","Initial","Single Labor Organization","Certific. of Representative","Closed","All full-time and regular part-time service and maintenance employees employed at the Federal Building and Courthouses located in Anderson, SC and in Greenville, SC, and the Courthouse located in Spartanburg, SC; excluding all office clerical employees, professional employees, guards, and supervisors as defined in the Act.",NA,NA,NA,40,2013-07-01,2013-07-01,"<5",TRUE,"RC","Yes","International Union of Operating Engineers Local 465, AFL-CIO",1,"IUOE",1,"Yes",0
"10-RC-108737","Region 10, Atlanta, Georgia","FEDSERV INDUSTRIES, INC.",2013-07-09,2013-08-01,"CHARLESTON","SC","A",2013-07-24,2,NA,"International Union of Operating Engineers Local 465, AFL-CIO",2,NA,NA,NA,NA,0,2,NA,NA,NA,"International Union of Operating Engineers Local 465, AFL-CIO","Initial","Single Labor Organization","Certific. of Representative","Closed","All full-time and regular part-time service and maintenance employees at the Customs House located in Charleston, SC and the Beaufort Federal Court House located in Beaufort, SC; excluding all office clerical employees, professional employees, guards, and supervisors as defined in the Act.",NA,NA,NA,15,2013-07-01,2013-07-01,"<5",TRUE,"RC","Yes","International Union of Operating Engineers Local 465, AFL-CIO",1,"IUOE",1,"Yes",0
"10-RC-107055","Region 10, Atlanta, Georgia","AUTONEUM NORTH AMERICA, INC. D/B/A AUTONEUM",2013-06-12,2013-08-01,"AIKEN","SC","A",2013-07-24,162,NA,"Retail, Wholesale Department Store Union/UFCW Southeast Council",64,NA,NA,NA,NA,90,155,NA,1,NA,NA,"Initial","Single Labor Organization","Certification of Results","Closed","All full-time and regular part-time production and maintenance employees, warehouse employees, quality assurance employees, group leads, and team leads employed by the Employer at its Aiken, South Carolina, facilities, but excluding temporary employees, sales employees, office clerical employees, and guards, professional employees and supervisors as defined in the Act.",NA,NA,NA,42,2013-07-01,2013-04-01,"101-500",TRUE,"RC","Yes","Retail, Wholesale Department Store Union/UFCW Southeast Council",1,"UFCW",0.415584415584416,"No",8
"10-RC-105065","Region 10, Atlanta, Georgia","HARSCO RAIL, A DIVISION OF HARSCO CORPORATION",2013-05-14,2013-06-28,"Cayce","SC","A",2013-06-19,285,1,"International Association of Machinists and Aerospace Workers, AFL-CIO",103,NA,NA,NA,NA,166,269,NA,8,NA,NA,"Initial","Single Labor Organization","Certification of Results","Closed","All full-time and regular part-time production and maintenance workers and material processors employed by  Harsco Rail, a Division of Harsco Corporation at its facilities located at 2401 Edmunds Rd., 1001 Technology Dr., and 1005 Technology Dr., West Columbia, SC, but excluding all office clerical employees, professional employees, guards, and supervisors as defined by the Act.",NA,NA,NA,36,2013-04-01,2013-04-01,"101-500",TRUE,"RC","Yes","International Association of Machinists and Aerospace Workers, AFL-CIO",1,"IAM",0.382899628252788,"No",16
"10-RD-102923","Region 10, Atlanta, Georgia","CHARLESTON SYMPHONY ORCHESTRA",2013-04-16,2013-11-01,"Charleston","SC","A",2013-10-24,149,NA,"LOCAL 502 OF THE AMERICAN FEDERATION OF MUSICIANS OF THE UNITED STATES AND CANADA",27,NA,NA,NA,NA,49,76,NA,7,NA,"LOCAL 502 OF THE AMERICAN FEDERATION OF MUSICIANS OF THE UNITED STATES AND CANADA","Initial","Single Labor Organization","Certification of Results","Closed","All Musicians employed by the Charleston Symphony Orchestra, excluding the music director, office clerical employees, guards and supervisors as defined by the Act.",NA,NA,NA,191,2013-10-01,2013-04-01,"101-500",TRUE,"RD","Yes","LOCAL 502 OF THE AMERICAN FEDERATION OF MUSICIANS OF THE UNITED STATES AND CANADA",1,"AFM",0.355263157894737,"No",73
"10-UC-102142","Region 10, Atlanta, Georgia","QUANTELL, INC.",2013-04-05,2014-03-25,"BEAUFORT","SC",NA,NA,42,NA,NA,NA,NA,NA,NA,NA,NA,NA,NA,NA,NA,NA,NA,NA,"Withdrawal Non-adjusted","Closed",NA,NA,NA,NA,NA,NA,2013-04-01,"26-50",TRUE,"UC","No",NA,0,"Uncoded",NA,"Other",NA
"10-RC-101166","Region 10, Atlanta, Georgia","PAC TELL GROUP, INC. D/B/A U.S. FIBERS",2013-03-26,2014-09-23,"TRENTON","SC","A",2013-05-30,137,NA,"UNITED STEEL, PAPER AND FORESTRY, RUBBER, MANUFACTURING, ENERGY, ALLIED INDUSTRIAL AND SERVICE WORKERS INTERNATIONAL UNION, LOCAL 7898",71,NA,NA,NA,NA,59,137,NA,7,NA,"UNITED STEEL, PAPER AND FORESTRY, RUBBER, MANUFACTURING, ENERGY, ALLIED INDUSTRIAL AND SERVICE WORKERS INTERNATIONAL UNION, LOCAL 7898","Initial","Single Labor Organization","Certific. of Representative","Closed","All full-time and regular part-time production, janitorial, warehousemen, shipping and maintenance employees, employed by the Employer at its Trenton, South Carolina facility, excluding all other employees, including office clerical employees, professional and confidential employees, guards and supervisors as defined in the Act.",NA,NA,NA,65,2013-04-01,2013-01-01,"101-500",TRUE,"RC","Yes","UNITED STEEL, PAPER AND FORESTRY, RUBBER, MANUFACTURING, ENERGY, ALLIED INDUSTRIAL AND SERVICE WORKERS INTERNATIONAL UNION, LOCAL 7898",1,"USW",0.546153846153846,"Yes",7
"10-RC-098046","Region 10, Atlanta, Georgia","COPPER RIVER OF BOILING SPRINGS, LLC D/B/A COPPER RIVER GRILL",2013-02-11,2013-04-16,"BOILING SPRINGS","SC","A",2013-04-05,48,NA,"NATIONAL WORKERS ASSOCIATION",10,NA,NA,NA,NA,24,34,NA,2,NA,NA,"Initial","Single Labor Organization","Certification of Results","Closed","All full-time and regular part-time servers, bartenders, hostesses, and key employees employed by the Employer at its Boiling Springs, SC location, excluding cooks, dishwashers, prep cooks, office clerical employees, and professional employees, guards, and supervisors as defined under the Act.",NA,NA,NA,53,2013-04-01,2013-01-01,"26-50",TRUE,"RC","Yes","NATIONAL WORKERS ASSOCIATION",0,"Uncoded",0.294117647058824,"No",14
"10-RD-098005","Region 10, Atlanta, Georgia","DELPHI CONNECTION SYSTEMS, LLC",2013-02-11,2013-04-01,"LANDRUM","SC","A",2013-03-21,8,NA,"IUE, THE INDUSTRIAL DIVISION OF THE COMMUNICATIONS WORKERS OF AMERICA, AFL-CIO, CLC (IUE-CWA) LOCAL 709",2,NA,NA,NA,NA,5,7,NA,NA,NA,NA,"Initial","Single Labor Organization","Certification of Results","Closed","All production employees, janitors, shipping and receiving, and quality control employees employed by and working at the Delphi Connections Systems, LLC Plant in Landrum South Carolina; excluding all maintenance employees, material handlers, tool and die employees, clerical employees, professional employees, technical employees, confidential employees, guards and supervisors as defined in the National Labor Relations Act.",NA,NA,NA,38,2013-01-01,2013-01-01,"6-10",TRUE,"RD","Yes","IUE, THE INDUSTRIAL DIVISION OF THE COMMUNICATIONS WORKERS OF AMERICA, AFL-CIO, CLC (IUE-CWA) LOCAL 709",1,"CWA",0.285714285714286,"No",1
"10-RD-096659","Region 10, Atlanta, Georgia","REPUBLIC SERVICE",2013-01-18,2013-01-24,"Fort Mill","SC",NA,NA,53,NA,NA,NA,NA,NA,NA,NA,NA,NA,NA,NA,NA,NA,NA,NA,"Withdrawal Non-adjusted","Closed",NA,NA,NA,NA,NA,NA,2013-01-01,"51-100",TRUE,"RD","No",NA,0,"Uncoded",NA,"Other",NA
"11-RC-076776","Region 10, Atlanta, Georgia","Intertape Polymer Corp.",2012-03-16,2016-07-21,"COLUMBIA","SC","A",2015-05-20,183,NA,"United Steel, Paper & Forestry, Rubber, Manufacturing, Energy, Allied Industrial and Service Workers",74,NA,NA,NA,NA,80,154,NA,14,"Y",NA,"Rerun","Single Labor Organization","Withdrawal Non-adjusted","Closed","All full-time and regular part-time production and maintenance employees, including converting operators, converting technicians, converting specialists, coating operators, environmental operators, maintenance technicians, stockroom coordinator, mixing operators, quality assurance technicians, shipping/receiving/warehouse operators, shipping/receiving/warehouse coordinators, crew captains, and lead operators employed by the Employer at its facility at its Columbia, South Carolina facility located at 2000 South Beltline Rd.and/or its Blythewood, South Carolina facility located at 1091 Carolina Pines Dr.; but excluding all office clericals, professional employees, guards and supervisors as defined in the Act.",NA,NA,NA,1160,2015-04-01,2012-01-01,"101-500",TRUE,"RC","Yes","United Steel, Paper & Forestry, Rubber, Manufacturing, Energy, Allied Industrial and Service Workers",1,"USW",0.480519480519481,"Other",29
"11-RC-076776","Region 10, Atlanta, Georgia","Intertape Polymer Corp.",2012-03-16,2016-07-21,"COLUMBIA","SC","A",2012-04-27,248,NA,"United Steel, Paper & Forestry, Rubber, Manufacturing, Energy, Allied Industrial and Service Workers",97,NA,NA,NA,NA,142,239,NA,3,NA,NA,"Initial","Single Labor Organization","Withdrawal Non-adjusted","Closed","All full-time and regular part-time production and maintenance employees, including converting operators, converting technicians, converting specialists, coating operators, environmental operators, maintenance technicians, stockroom coordinator, mixing operators, quality assurance technicians, shipping/receiving/warehouse operators, shipping/receiving/warehouse coordinators, crew captains, and lead operators employed by the Employer at its facility at its Columbia, South Carolina facility located at 2000 South Beltline Rd.and/or its Blythewood, South Carolina facility located at 1091 Carolina Pines Dr.; but excluding all office clericals, professional employees, guards and supervisors as defined in the Act.",NA,NA,NA,42,2012-04-01,2012-01-01,"101-500",FALSE,"RC","Yes","United Steel, Paper & Forestry, Rubber, Manufacturing, Energy, Allied Industrial and Service Workers",1,"USW",0.405857740585774,"Other",9
"11-RC-075722","Region 10, Atlanta, Georgia","DURHAM SCHOOL SERVICES, A LIMITED PARTNERSHIP",2012-03-02,2012-04-24,"SUMMERVILLE","SC","A",2012-04-13,165,NA,"AMERICAN POSTAL WORKERS UNION, AFL-CIO, LOCAL 7029",85,NA,NA,NA,NA,66,151,NA,1,NA,"AMERICAN POSTAL WORKERS UNION, AFL-CIO, LOCAL 7029","Initial","Single Labor Organization","Certific. of Representative","Closed","All full-time and regular part-time bus drivers and monitors employed by the Employer at its facility located at 1325 Boone Hill Rd., Suite B, Summerville, South Carolina; but excluding all other employees, mechanics, maintenance workers, dispatchers, office clerical employees and guards, professional employees and supervisors as defined in the Act.",NA,NA,NA,42,2012-04-01,2012-01-01,"101-500",TRUE,"RC","Yes","AMERICAN POSTAL WORKERS UNION, AFL-CIO, LOCAL 7029",1,"APWU",0.562913907284768,"Yes",14
"11-RC-075119","Region 10, Atlanta, Georgia","ALSCO, INC.",2012-02-23,2012-04-16,"LITTLE RIVER","SC","A",2012-04-05,8,NA,"GENERAL DRIVERS, WAREHOUSEMEN, AND HELPERS LOCAL UNION NO. 509",6,NA,NA,NA,NA,1,7,NA,NA,NA,"GENERAL DRIVERS, WAREHOUSEMEN, AND HELPERS LOCAL UNION NO. 509","Initial","Single Labor Organization","Certific. of Representative","Closed","All full-time and regular part-time route sales representatives, route jumpers, tractor trailer drivers and mechanics employed by the Employer at its Little River, South Carolina service center; excluding all salaried employees, office clerical employees, and guards, professional employees and supervisors as defined by the Act.",NA,NA,NA,42,2012-04-01,2012-01-01,"6-10",TRUE,"RC","Yes","GENERAL DRIVERS, WAREHOUSEMEN, AND HELPERS LOCAL UNION NO. 509",0,"Uncoded",0.857142857142857,"Yes",1
"11-RC-073488","Region 10, Atlanta, Georgia","ALSCO, INC.",2012-01-31,2012-03-07,"Spartanburg","SC","A",2012-02-28,7,NA,"GENERAL DRIVERS, WAREHOUSEMEN AND HELPERS, TEAMSTERS LOCAL UNION NO. 509",7,NA,NA,NA,NA,0,7,NA,NA,NA,"GENERAL DRIVERS, WAREHOUSEMEN AND HELPERS, TEAMSTERS LOCAL UNION NO. 509","Initial","Single Labor Organization","Certific. of Representative","Closed","All full-time and regular part time route sales representatives employed by the Employer at its Spartanburg, South Carolina service center; excluding all salaried employees, office clerical employees, and guards, professional employees and supervisors as defined by the Act.",NA,NA,NA,28,2012-01-01,2012-01-01,"6-10",TRUE,"RC","Yes","GENERAL DRIVERS, WAREHOUSEMEN AND HELPERS, TEAMSTERS LOCAL UNION NO. 509",1,"Teamsters",1,"Yes",0
"11-RC-068882","Region 10, Atlanta, Georgia","REPUBLIC SERVICES/ALLIED WASTE SERVICE (742)",2011-11-15,2012-01-17,"FORT MILL","SC","A",2012-01-06,56,NA,"International Brotherhood of Teamsters, AFL-CIO, Local Union No. 71",30,NA,NA,NA,NA,24,56,NA,NA,NA,"International Brotherhood of Teamsters, AFL-CIO, Local Union No. 71","Initial","Single Labor Organization","Certific. of Representative","Closed","All full-time and regular part-time front end loader drivers, front load recycle drivers, residential drivers, roll-off drivers and lugger drivers employed by the Employer at its Fort Mill, South Carolina facility, excluding all office clerical employees, sales persons, mechanics including technicians for stationary equipment and maintenance clerks, managers, dispatchers, driver trainer, and guards, professional employees and supervisors as defined in the Act.",NA,NA,NA,52,2012-01-01,2011-10-01,"51-100",TRUE,"RC","Yes","International Brotherhood of Teamsters, AFL-CIO, Local Union No. 71",1,"Teamsters",0.555555555555556,"Yes",2
"11-RC-066155","Region 10, Atlanta, Georgia","ADT SECURITY SERVICES, INC.",2011-10-05,2011-11-28,"Columbia","SC","A",2011-11-16,53,NA,"International Brotherhood of Electrical Workers, AFL-CIO, Local Union 776",21,NA,NA,NA,NA,32,53,NA,NA,NA,NA,"Initial","Single Labor Organization","Certification of Results","Closed","All full-time and regular part-time service and installation technicians, and production clericals, including service coordinators, installation coordinators, supply chain coordinators, field support specialists, estimators, administrative processors, and warehouse clericals working at the employer's Columbia, SC, and Augusta, GA, facilities; excluding all other employees, office clerical employees, and professional employees, guards and supervisors as defined in the Act.",NA,NA,NA,42,2011-10-01,2011-10-01,"51-100",TRUE,"RC","Yes","International Brotherhood of Electrical Workers, AFL-CIO, Local Union 776",1,"IBEW",0.39622641509434,"No",0
"11-RC-065978","Region 10, Atlanta, Georgia","ARGOS CEMENT LLC",2011-10-04,2011-11-30,"HARLEYVILLE","SC","A",2011-11-18,56,NA,"UNITED STEEL PAPER AND FORESTRY, RUBBER MANUFACTURING, ENERGY ALLIED INDUSTRIAL AND SERVICE WORKERS,",32,NA,NA,NA,NA,23,55,NA,1,NA,"UNITED STEELWORKERS OF AMERICA, AFL-CIO, CLC","Initial","Single Labor Organization","Certific. of Representative","Closed",NA,NA,NA,NA,45,2011-10-01,2011-10-01,"51-100",TRUE,"RC","Yes","UNITED STEEL PAPER AND FORESTRY, RUBBER MANUFACTURING, ENERGY ALLIED INDUSTRIAL AND SERVICE WORKERS,",1,"USW",0.581818181818182,"Yes",1
"11-RD-064845","Region 10, Atlanta, Georgia","JOHNSON CONTROLS BATTERY GROUP, INC.",2011-09-19,2011-11-14,"FLORENCE","SC","A",2011-11-02,192,NA,"INTERNATIONAL UNION UNITED AUTOMOBILE  AEROSPACE & AGRICULTURAL IMPLEMENT WORKERS OF AMERICA UAW",105,NA,NA,NA,NA,68,173,NA,2,NA,"INTERNATIONAL UNION UNITED AUTOMOBILE  AEROSPACE & AGRICULTURAL IMPLEMENT WORKERS OF AMERICA UAW","Initial","Single Labor Organization","Certific. of Representative","Closed","All full-time and regular part-time production and maintenance employees, including conveyor formation handlers, forming process attendant, shipping decorator-packers, decal room attendants, tool crib operators, analytic lab technicians, task trainers, warehousers (including formation and shipping material handlers, boosted stock operators, and truck loaders), maintenance mechanics, and group leaders employed by the Employer at its facility located at 3046 Bill Crisp Road, Florence, South Carolina, exlcuding all office clerical employees, temporary employees contracted by staffing agencies, engineers, battery analysts, process technicians, professional employees, guards, and supervisors as defined by the Act.",NA,NA,NA,44,2011-10-01,2011-07-01,"101-500",TRUE,"RD","Yes","INTERNATIONAL UNION UNITED AUTOMOBILE  AEROSPACE & AGRICULTURAL IMPLEMENT WORKERS OF AMERICA UAW",1,"UAW",0.606936416184971,"Yes",19
"11-RC-061947","Region 10, Atlanta, Georgia","IAP World Services",2011-08-01,2011-09-13,"Beaufort","SC","A",2011-09-02,15,NA,"AMERICAN FEDERATION OF GOVERNMENT EMPLOYEES, LCOAL 1951",11,NA,NA,NA,NA,3,14,NA,NA,NA,"AMERICAN FEDERATION OF GOVERNMENT EMPLOYEES, LCOAL 1951","Initial","Single Labor Organization","Certific. of Representative","Closed","All full-time and regular part-time motor vehicle dispatchers, electricians, general maintenance workers, heavy equipment mechanics and operators, machinery maintenance mechanics, medium truck drivers, lead high voltage electricians, and high voltage electricians employed by the Employer at its Marine Corp Air Station, Beaufort, SC facility; excluding personnel assistant II, service order dispatcher, all other employees, all office clerical employees, temporary employees, confidential employees, guards, professional employees, and supervisors as defined by the Act.",NA,NA,NA,32,2011-07-01,2011-07-01,"11-25",TRUE,"RC","Yes","AMERICAN FEDERATION OF GOVERNMENT EMPLOYEES, LCOAL 1951",0,"Uncoded",0.785714285714286,"Yes",1
"11-RC-061910","Region 10, Atlanta, Georgia","RUAN TRANSPORT CORPORATION",2011-08-01,2011-08-04,"FLORENCE","SC",NA,NA,3,NA,NA,NA,NA,NA,NA,NA,NA,NA,NA,NA,NA,NA,NA,NA,"Withdrawal Non-adjusted","Closed",NA,NA,NA,NA,NA,NA,2011-07-01,"<5",TRUE,"RC","No",NA,0,"Uncoded",NA,"Other",NA
"11-UC-000098","Region 10, Atlanta, Georgia","Ruan Transport Corporation",2011-05-31,2011-08-04,"Florence","SC",NA,NA,21,NA,NA,NA,NA,NA,NA,NA,NA,NA,NA,NA,NA,NA,NA,NA,"Withdrawal Non-adjusted","Closed",NA,NA,NA,NA,NA,NA,2011-04-01,"11-25",TRUE,"UC","No",NA,0,"Uncoded",NA,"Other",NA
"11-RC-006757","Region 10, Atlanta, Georgia","AUTOMATIC FIRE SYSTEMS, LLC",2011-05-17,2012-06-07,"Hardeeville","SC","A",2012-03-29,43,NA,"LOCAL UNION 669, UNITED ASSOCIATION OF JOURNEYMEN, APPRENTICES OF THE PLUMBING AND PIPEFITTNG INDUST",1,NA,NA,NA,NA,16,17,NA,6,NA,NA,"Rerun","Single Labor Organization","Certification of Results","Closed","Inc:  All full time and regular part-time sprinkler fitter installers, apprentices, helpers, and formen.

Exc:  All designers, office clericals, and guards, professional employees and supervisors as defined in the Act.",NA,NA,NA,317,2012-01-01,2011-04-01,"26-50",TRUE,"RC","Yes","LOCAL UNION 669, UNITED ASSOCIATION OF JOURNEYMEN, APPRENTICES OF THE PLUMBING AND PIPEFITTNG INDUST",1,"UA",0.0588235294117647,"No",26
"11-RC-006757","Region 10, Atlanta, Georgia","AUTOMATIC FIRE SYSTEMS, LLC",2011-05-17,2012-06-07,"Hardeeville","SC","A",2011-06-23,14,1,"LOCAL UNION 669, UNITED ASSOCIATION OF JOURNEYMEN, APPRENTICES OF THE PLUMBING AND PIPEFITTNG INDUST",0,NA,NA,NA,NA,8,13,NA,5,NA,NA,"Initial","Single Labor Organization","Certification of Results","Closed","Inc:  All full time and regular part-time sprinkler fitter installers, apprentices, helpers, and formen.

Exc:  All designers, office clericals, and guards, professional employees and supervisors as defined in the Act.",NA,NA,NA,37,2011-04-01,2011-04-01,"11-25",FALSE,"RC","Yes","LOCAL UNION 669, UNITED ASSOCIATION OF JOURNEYMEN, APPRENTICES OF THE PLUMBING AND PIPEFITTNG INDUST",1,"UA",0,"No",6
"11-UC-000097","Region 10, Atlanta, Georgia","Support Services of America, Inc.",2011-03-31,2011-05-20,"Charleston","SC",NA,NA,20,NA,NA,NA,NA,NA,NA,NA,NA,NA,NA,NA,NA,NA,NA,NA,"Withdrawal Non-adjusted","Closed",NA,NA,NA,NA,NA,NA,2011-01-01,"11-25",TRUE,"UC","No",NA,0,"Uncoded",NA,"Other",NA
"11-RC-006752","Region 10, Atlanta, Georgia","South Carolina Electric & Gas",2011-02-09,2011-03-16,"Cayce","SC",NA,NA,13,NA,NA,NA,NA,NA,NA,NA,NA,NA,NA,NA,NA,NA,NA,NA,"Withdrawal Non-adjusted","Closed",NA,NA,NA,NA,NA,NA,2011-01-01,"11-25",TRUE,"RC","No",NA,0,"Uncoded",NA,"Other",NA
"11-RD-000730","Region 10, Atlanta, Georgia","IAP World Services",2010-07-20,2010-09-07,"Beaufort","SC","A",2010-08-26,15,NA,"INTERNATIONAL UNION OF OPERATING ENGINEERS, LOCAL 465",0,NA,NA,NA,NA,15,15,"N",NA,"N",NA,"Initial","Single Labor Organization","Certification of Results","Closed","All full-time and regular part-time motor vehicle dispatchers, warehouse specialists, maintenance carpenters and electricians, fire alarm system mechanics, general maintenance workers, HVAC mechanics, heavy equipment mechanics and operators, heavy tr",NA,NA,NA,37,2010-07-01,2010-07-01,"11-25",TRUE,"RD","Yes","INTERNATIONAL UNION OF OPERATING ENGINEERS, LOCAL 465",1,"IUOE",0,"No",0
"11-RD-000730",NA,"IAP World Services",2010-07-20,2010-09-07,"Beaufort","SC","A",2010-08-26,15,0,"International Union of Operating Engineers, Local 465",0,NA,NA,NA,NA,15,15,"N",0,"N",NA,"Initial","Single Labor Organization","Certification of Results","Closed",NA,NA,NA,NA,37,2010-07-01,2010-07-01,"11-25",FALSE,"RD","Yes","International Union of Operating Engineers, Local 465",1,"IUOE",0,"No",0
"11-RC-006738","Region 10, Atlanta, Georgia","Ruan Transport Corporation",2010-07-19,2010-09-07,"Florence","SC","A",2010-08-27,19,NA,"GENERAL DRIVERS, WAREHOUSEMEN AND HELPERS, LOCAL UNION NO. 509",18,NA,NA,NA,NA,1,19,"N",NA,"N","GENERAL DRIVERS, WAREHOUSEMEN AND HELPERS, LOCAL UNION NO. 509","Initial","Single Labor Organization","Certific. of Representative","Closed","All full-time and regular part-time drivers and yard jockeys employed by the Employer at its Florence, South Carolina, terminal; excluding all office clerical employees, and guards, professional employees, and supervisors as defined in the Act.",NA,NA,NA,39,2010-07-01,2010-07-01,"11-25",TRUE,"RC","Yes","GENERAL DRIVERS, WAREHOUSEMEN AND HELPERS, LOCAL UNION NO. 509",0,"Uncoded",0.947368421052632,"Yes",0
"11-RC-006736","Region 10, Atlanta, Georgia","Johnson Controls, Inc.",2010-07-07,2010-08-30,"Florence","SC","A",2010-08-18,149,NA,"UNITED AUTOMOBILE, AEROSPACE & AGRICULTURAL IMPLEMENT WKRS. OF AMERICA INTL. UNION, AFL-CIO",76,NA,NA,NA,NA,71,147,"N",1,"N","UNITED AUTOMOBILE, AEROSPACE & AGRICULTURAL IMPLEMENT WKRS. OF AMERICA INTL. UNION, AFL-CIO","Initial","Single Labor Organization","Certific. of Representative","Closed","All full-time and regular part-time production and maintenance employees including conveyor formation handlers, forming process attendants, shipping decorator-packers, decal room attendants, tool crib operators, analytic lab technicians, task trainer",NA,NA,NA,42,2010-07-01,2010-07-01,"101-500",TRUE,"RC","Yes","UNITED AUTOMOBILE, AEROSPACE & AGRICULTURAL IMPLEMENT WKRS. OF AMERICA INTL. UNION, AFL-CIO",1,"UAW",0.517006802721088,"Yes",2
"11-RC-006735","Region 10, Atlanta, Georgia","Computer Sciences Corporation",2010-06-14,2010-07-21,"Eastover","SC","A",2010-07-13,5,NA,"INTERNATIONAL ASSOCIATION OF MACHINISTS AND AEROSPACE WORKERS, AFL-CIO",5,NA,NA,NA,NA,0,5,"N",NA,"N","INTERNATIONAL ASSOCIATION OF MACHINISTS AND AEROSPACE WORKERS, AFL-CIO","Initial","Single Labor Organization","Certific. of Representative","Closed","All full time and regular part-time Electronic Technicians 2 and 3 employed by the Employer at its facility located at Eastover, South Carolina; excluding all other employees, office clerical employees, and guards, professional employees, and supervi",NA,NA,NA,29,2010-07-01,2010-04-01,"<5",TRUE,"RC","Yes","INTERNATIONAL ASSOCIATION OF MACHINISTS AND AEROSPACE WORKERS, AFL-CIO",1,"IAM",1,"Yes",0
"11-RC-006735",NA,"Computer Sciences Corporation",2010-06-14,2010-07-21,"Eastover","SC","A",2010-07-13,5,0,"International Association of Machinists and Aerospace Workers, AFL-CIO",5,NA,NA,NA,NA,0,5,"N",0,"N","International Association of Machinists and Aerospace Workers, AFL-CIO","Initial","Single Labor Organization","Certific. of Representative","Closed",NA,NA,NA,NA,29,2010-07-01,2010-04-01,"<5",FALSE,"RC","Yes","International Association of Machinists and Aerospace Workers, AFL-CIO",1,"IAM",1,"Yes",0
"11-RC-006729","Region 10, Atlanta, Georgia","RNW, Inc.",2010-02-25,2010-04-07,"Greer","SC",NA,NA,8,NA,NA,NA,NA,NA,NA,NA,NA,NA,NA,NA,NA,NA,NA,NA,"Withdrawal Non-adjusted","Closed",NA,NA,NA,NA,NA,NA,2010-01-01,"6-10",TRUE,"RC","No",NA,0,"Uncoded",NA,"Other",NA
"11-UC-000096","Region 10, Atlanta, Georgia","Piedmont Natural Gas",2010-02-22,2010-05-21,"Gilbert","SC",NA,NA,525,NA,NA,NA,NA,NA,NA,NA,NA,NA,NA,NA,NA,NA,NA,NA,"Withdrawal Non-adjusted","Closed",NA,NA,NA,NA,NA,NA,2010-01-01,"500>",TRUE,"UC","No",NA,0,"Uncoded",NA,"Other",NA
"11-RC-006727","Region 10, Atlanta, Georgia","Boeing Aerospace Operations",2009-12-22,2009-12-29,"Sumter","SC",NA,NA,8,NA,NA,NA,NA,NA,NA,NA,NA,NA,NA,NA,NA,NA,NA,NA,"Withdrawal Non-adjusted","Closed",NA,NA,NA,NA,NA,NA,2009-10-01,"6-10",TRUE,"RC","No",NA,0,"Uncoded",NA,"Other",NA
"11-RD-000725","Region 10, Atlanta, Georgia","Mission Critical Solutions of Tampa, Inc.",2009-11-12,2009-12-03,"Charleston","SC",NA,NA,3,NA,NA,NA,NA,NA,NA,NA,NA,NA,NA,NA,NA,NA,NA,NA,"Withdrawal Non-adjusted","Closed",NA,NA,NA,NA,NA,NA,2009-10-01,"<5",TRUE,"RD","No",NA,0,"Uncoded",NA,"Other",NA
"11-RD-000723","Region 10, Atlanta, Georgia","The Boeing Company",2009-07-30,2009-09-18,"Charleston","SC","A",2009-09-10,288,1,"INTERNATIONAL ASSOCIATION OF MACHINISTS AND AEROSPACE WORKERS, AFL-CIO",68,NA,NA,NA,NA,199,267,"N",NA,"N",NA,"Initial","Single Labor Organization","Certification of Results","Closed","All full-time and regular part-time production and maintenance employees, including assemblers, tool & die toolmakers, inspectors, bonders, millwrights, operators, maintenance mechanics, NDI technicians, and employees in the bonding class, employed b",NA,NA,NA,42,2009-07-01,2009-07-01,"101-500",TRUE,"RD","Yes","INTERNATIONAL ASSOCIATION OF MACHINISTS AND AEROSPACE WORKERS, AFL-CIO",1,"IAM",0.254681647940075,"No",21
"11-RC-006722","Region 10, Atlanta, Georgia","Land-O-Sun Dairy, LLC",2009-06-29,2009-08-18,"Florence","SC","A",2009-08-07,25,NA,"GENERAL DRIVERS, WAREHOUSEMEN AND HELPERS LOCAL UNION 509 A/W INTERNATIONAL BROTHERHOOD OF TEAMSTERS",10,NA,NA,NA,NA,14,24,"N",NA,"N",NA,"Initial","Single Labor Organization","Certification of Results","Closed","All full-time over-the-road drivers employed by the Employer at its Florence, South Carolina, facility; excluding all other employees, office clerical employees, and guards, professional employees, and supervisors as defined by the Act.",NA,NA,NA,39,2009-07-01,2009-04-01,"11-25",TRUE,"RC","Yes","GENERAL DRIVERS, WAREHOUSEMEN AND HELPERS LOCAL UNION 509 A/W INTERNATIONAL BROTHERHOOD OF TEAMSTERS",1,"Teamsters",0.416666666666667,"No",1
NA,NA,NA,NA,NA,NA,NA,NA,NA,NA,NA,NA,NA,NA,NA,NA,NA,NA,NA,NA,NA,NA,NA,NA,NA,NA,NA,NA,NA,NA,NA,NA,NA,NA,NA,NA,NA,NA,NA,NA,NA,NA,NA,NA
"11-RC-006716","Region 10, Atlanta, Georgia","Boeing Aerospace Operations, Inc.",2009-01-20,2009-03-12,"Charleston","SC","A",2009-03-04,45,NA,"INTERNATIONAL ASSOCIATION OF MACHINISTS AND AEROSPACE WORKERS, AFL-CIO",32,NA,NA,NA,NA,8,40,"N",NA,"N","INTERNATIONAL ASSOCIATION OF MACHINISTS AND AEROSPACE WORKERS, AFL-CIO","Initial","Single Labor Organization","Certific. of Representative","Closed","All full-time and regular part-time Pilot Instructors, Loadmaster Instructors, Simulator Maintenance Technicians, Schedulers, and Administrative Specialists employed by the Employer at its Charleston Air Force Base, South Carolina, facility; excluding all other employees, all office clerical employees, and guards, and professional employees and supervisors as defined in the Act.",NA,NA,NA,43,2009-01-01,2009-01-01,"26-50",TRUE,"RC","Yes","INTERNATIONAL ASSOCIATION OF MACHINISTS AND AEROSPACE WORKERS, AFL-CIO",1,"IAM",0.8,"Yes",5
"11-RD-000712","Region 10, Atlanta, Georgia","UPS Ground Freight, Inc. d/b/a UPS Freight, Inc.",2008-12-29,2009-02-05,"Gaffney","SC","A",2009-01-28,45,NA,"INTERNATIONAL ASSOCIATION OF MACHINISTS AND AEROSPACE WORKERS, AFL-CIO",27,NA,NA,NA,NA,15,42,"N",NA,"N","INTERNATIONAL ASSOCIATION OF MACHINISTS AND AEROSPACE WORKERS, AFL-CIO","Initial","Single Labor Organization","Certific. of Representative","Closed","All full-time and regular part-time employees performing work in the following classifications: check bay attendant, plant/facility maintenance, mechanic, mechanic leadman, tire changer, tire leadman, tire mechanic, parts clerk and plant/facility maintenance leadman employed by the Employer at its facility located in Gaffney, South Carolina, but excluding all drivers, dock workers, jockeys, office clericals and all professional employees, guards and supervisors as defined in the Act",NA,NA,NA,30,2009-01-01,2008-10-01,"26-50",TRUE,"RD","Yes","INTERNATIONAL ASSOCIATION OF MACHINISTS AND AEROSPACE WORKERS, AFL-CIO",1,"IAM",0.642857142857143,"Yes",3
NA,NA,NA,NA,NA,NA,NA,NA,NA,NA,NA,NA,NA,NA,NA,NA,NA,NA,NA,NA,NA,NA,NA,NA,NA,NA,NA,NA,NA,NA,NA,NA,NA,NA,NA,NA,NA,NA,NA,NA,NA,NA,NA,NA
"11-RC-006711","Region 10, Atlanta, Georgia","Boeing Aerospace Operations",2008-10-31,2008-11-10,"Charleston","SC",NA,NA,14,NA,NA,NA,NA,NA,NA,NA,NA,NA,NA,NA,NA,NA,NA,NA,"Withdrawal Non-adjusted","Closed",NA,NA,NA,NA,NA,NA,2008-10-01,"11-25",TRUE,"RC","No",NA,0,"Uncoded",NA,"Other",NA
"11-RC-006710","Region 10, Atlanta, Georgia","DynCorp International, LLC",2008-10-27,2008-12-15,"Shaw AFB","SC","A",2008-12-05,10,NA,"INTERNATIONAL ASSOCIATION OF MACHINISTS AND AEROSPACE WORKERS, AFL-CIO",10,NA,NA,NA,NA,0,10,"N",NA,"N","INTERNATIONAL ASSOCIATION OF MACHINISTS AND AEROSPACE WORKERS, AFL-CIO","Initial","Single Labor Organization","Certific. of Representative","Closed","All full-time and regular part-time Supply Technicians employed at the Employer's facility located at Shaw Air Force, South Carolina; but excluding all office clerical employees, professional employees, managerial employees, and guards and supervisors as defined in the Act.",NA,NA,NA,39,2008-10-01,2008-10-01,"6-10",TRUE,"RC","Yes","INTERNATIONAL ASSOCIATION OF MACHINISTS AND AEROSPACE WORKERS, AFL-CIO",1,"IAM",1,"Yes",0
"11-RC-006710",NA,"DynCorp International, LLC",2008-10-27,2008-12-15,"Shaw AFB,  Sumter","SC","A",2008-12-05,10,0,"International Association of Machinists and Aerospace Workers, AFL-CIO",10,NA,NA,NA,NA,0,10,"N",0,"N","International Association of Machinists and Aerospace Workers, AFL-CIO","Initial","Single Labor Organization","Certific. of Representative","Closed","All full-time and regular part-time Supply Technicians employed at the Employer's facility located at Shaw Air Force, South Carolina; but excluding all office clerical employees, professional employees, managerial employees, and guards and supervisors as defined in the Act.",NA,NA,NA,39,2008-10-01,2008-10-01,"6-10",FALSE,"RC","Yes","International Association of Machinists and Aerospace Workers, AFL-CIO",1,"IAM",1,"Yes",0
"11-RC-006709","Region 10, Atlanta, Georgia","Boeing Aerospace Operations",2008-09-26,2008-10-07,"CHARLESTON","SC",NA,NA,15,NA,NA,NA,NA,NA,NA,NA,NA,NA,NA,NA,NA,NA,NA,NA,"Withdrawal Non-adjusted","Closed",NA,NA,NA,NA,NA,NA,2008-07-01,"11-25",TRUE,"RC","No",NA,0,"Uncoded",NA,"Other",NA
"11-RC-006708","Region 10, Atlanta, Georgia","Alsco Inc.",2008-09-17,2008-11-07,"Columbia","SC","A",2008-10-28,2,NA,"TEAMSTERS LOCAL UNION NO. 509, A/W INTERNATIONAL BROTHERHOOD OF TEAMSTERS",2,NA,NA,NA,NA,0,2,"N",1,"N","TEAMSTERS LOCAL UNION NO. 509, A/W INTERNATIONAL BROTHERHOOD OF TEAMSTERS","Initial","Single Labor Organization","Certific. of Representative","Closed","All full-time and regular part-time office clerical employees employed by the Employer at its Columbia, South Carolina, facility; excluding all other employees, and guards, professional employees, and supervisors as defined in the Act.",NA,NA,NA,41,2008-10-01,2008-07-01,"<5",TRUE,"RC","Yes","TEAMSTERS LOCAL UNION NO. 509, A/W INTERNATIONAL BROTHERHOOD OF TEAMSTERS",1,"Teamsters",1,"Yes",0
"11-RC-006708",NA,"Alsco Inc.",2008-09-17,2008-11-07,"Columbia","SC","A",2008-10-28,2,0,"Teamsters Local Union No. 509, a/w International Brotherhood of Teamsters",2,NA,NA,NA,NA,0,2,"N",1,"N","Teamsters Local Union No. 509, a/w International Brotherhood of Teamsters","Initial","Single Labor Organization","Certific. of Representative","Closed","All full-time and regular part-time office clerical employees employed by the Employer at its Columbia, South Carolina, facility; excluding all other employees, and guards, professional employees, and supervisors as defined in the Act.",NA,NA,NA,41,2008-10-01,2008-07-01,"<5",FALSE,"RC","Yes","Teamsters Local Union No. 509, a/w International Brotherhood of Teamsters",1,"Teamsters",1,"Yes",0
"11-RC-006706","Region 10, Atlanta, Georgia","Alsco",2008-08-18,2008-08-20,"Columbia","SC",NA,NA,3,NA,NA,NA,NA,NA,NA,NA,NA,NA,NA,NA,NA,NA,NA,NA,"Withdrawal Non-adjusted","Closed",NA,NA,NA,NA,NA,NA,2008-07-01,"<5",TRUE,"RC","No",NA,0,"Uncoded",NA,"Other",NA
NA,NA,NA,NA,NA,NA,NA,NA,NA,NA,NA,NA,NA,NA,NA,NA,NA,NA,NA,NA,NA,NA,NA,NA,NA,NA,NA,NA,NA,NA,NA,NA,NA,NA,NA,NA,NA,NA,NA,NA,NA,NA,NA,NA
NA,NA,NA,NA,NA,NA,NA,NA,NA,NA,NA,NA,NA,NA,NA,NA,NA,NA,NA,NA,NA,NA,NA,NA,NA,NA,NA,NA,NA,NA,NA,NA,NA,NA,NA,NA,NA,NA,NA,NA,NA,NA,NA,NA
"11-RC-006705","Region 10, Atlanta, Georgia","Robinson Aviation (RVA), Inc.",2008-07-21,2009-02-23,"Greenville","SC","A",2009-02-12,4,NA,"PROFESSIONAL AIR TRAFFIC CONTROLLERS ORGANIZATION, INC. (PATCO)",3,NA,NA,NA,NA,0,3,"N",NA,"N","PROFESSIONAL AIR TRAFFIC CONTROLLERS ORGANIZATION, INC. (PATCO)","Initial","Single Labor Organization","Certific. of Representative","Closed","all full-time and regular part-time air traffic control specialists employed by the Employer at its Donaldson Center tower, located in Greenville, South Carolina; excluding, air traffic control managers, guards and supervisors as defined in the Ac",NA,NA,NA,206,2009-01-01,2008-07-01,"<5",TRUE,"RC","Yes","PROFESSIONAL AIR TRAFFIC CONTROLLERS ORGANIZATION, INC. (PATCO)",1,"PATCO",1,"Yes",1
"11-RC-006705",NA,"Robinson Aviation (RVA), Inc.",2008-07-21,2009-02-23,"Greenville","SC","A",2009-02-12,4,0,"Professional Air Traffic Controllers Organization, Inc. (PATCO)",3,NA,NA,NA,NA,0,3,"N",0,"N","Professional Air Traffic Controllers Organization, Inc. (PATCO)","Initial","Single Labor Organization","Certific. of Representative","Closed","all full-time and regular part-time air traffic control specialists employed by the Employer at its Donaldson Center tower, located in Greenville, South Carolina; excluding, air traffic control managers, guards and supervisors as defined in the Act.",NA,NA,NA,206,2009-01-01,2008-07-01,"<5",FALSE,"RC","Yes","Professional Air Traffic Controllers Organization, Inc. (PATCO)",1,"PATCO",1,"Yes",1
"11-RC-006704","Region 10, Atlanta, Georgia","Robinson Aviation Inc. (RVA)",2008-07-11,2008-07-18,"Greenville","SC",NA,NA,4,NA,NA,NA,NA,NA,NA,NA,NA,NA,NA,NA,NA,NA,NA,NA,"Withdrawal Non-adjusted","Closed",NA,NA,NA,NA,NA,NA,2008-07-01,"<5",TRUE,"RC","No",NA,0,"Uncoded",NA,"Other",NA
"11-RC-006700","Region 10, Atlanta, Georgia","Southeastern Protective Services, Inc.",2008-06-03,2008-07-25,"Rock Hill","SC","A",2008-07-10,35,NA,"INTERNATIONAL UNION, SECURITY, POLICE, AND FIRE PROFESSIONALS OF AMERICA (SPFPA)",25,NA,NA,NA,NA,0,25,"N",NA,"N","INTERNATIONAL UNION, SECURITY, POLICE, AND FIRE PROFESSIONALS OF AMERICA (SPFPA)","Initial","Single Labor Organization","Certific. of Representative","Closed","All full-time and regular part-time security officers employed by the Employer at Seymour Johnson Air Force Base located in Goldsboro, North Carolina, excluding all other employees, shift supervisors, technical employees, office clerical employee",NA,NA,NA,37,2008-07-01,2008-04-01,"26-50",TRUE,"RC","Yes","INTERNATIONAL UNION, SECURITY, POLICE, AND FIRE PROFESSIONALS OF AMERICA (SPFPA)",1,"SPFPA",1,"Yes",10
"31-RC-008698","Region 31, Los Angeles, California","Defense Support Services, LLC/DSII",2008-05-23,2008-07-09,"Greenville","SC","A",2008-06-24,22,NA,"INT'L BROTHERHOOD OF BOILERMAKERS, IRON SHIP BUILDERS, BLACKSMITHS, FORGERS & HELPERS, LOCAL 344, AF",21,NA,NA,NA,NA,0,21,"N",NA,"N","INT'L BROTHERHOOD OF BOILERMAKERS, IRON SHIP BUILDERS, BLACKSMITHS, FORGERS & HELPERS, LOCAL 344, AF","Initial","Single Labor Organization","Certific. of Representative","Closed","Included:  All full-time and regular part-time plant clericals, material control production employees, maintenance employees, quality assurance employees, and Leadmen employed by the Employer at U.S. Naval Weapons Station, China Lake, California VX9.",NA,NA,NA,32,2008-04-01,2008-04-01,"11-25",TRUE,"RC","Yes","INT'L BROTHERHOOD OF BOILERMAKERS, IRON SHIP BUILDERS, BLACKSMITHS, FORGERS & HELPERS, LOCAL 344, AF",0,"Uncoded",1,"Yes",1
"11-RD-000701","Region 10, Atlanta, Georgia","UPS Freight, Inc.",2008-05-23,2008-11-14,"North Augusta","SC",NA,NA,21,NA,NA,NA,NA,NA,NA,NA,NA,NA,NA,NA,NA,NA,NA,NA,"Withdrawal Non-adjusted","Closed",NA,NA,NA,NA,NA,NA,2008-04-01,"11-25",TRUE,"RD","No",NA,0,"Uncoded",NA,"Other",NA
"11-RC-006698","Region 10, Atlanta, Georgia","Southeastern Protective Services, Inc.",2008-05-09,2008-06-24,"Rock Hill","SC","A",2008-06-10,36,NA,"INTERNATIONAL UNION, SECURITY, POLICE, AND FIRE PROFESSIONAL OF AMERICA (SPFPA)",25,NA,NA,NA,NA,1,26,"N",NA,"N","INTERNATIONAL UNION, SECURITY, POLICE, AND FIRE PROFESSIONAL OF AMERICA (SPFPA)","Initial","Single Labor Organization","Certific. of Representative","Closed","All full-time and regular part-time security officers employed by the Employer at Shaw Air Force Base located in Sumter, South Carolina; excluding all other employees, shift supervisors, technical employees, office clerical employees, profe",NA,NA,NA,32,2008-04-01,2008-04-01,"26-50",TRUE,"RC","Yes","INTERNATIONAL UNION, SECURITY, POLICE, AND FIRE PROFESSIONAL OF AMERICA (SPFPA)",1,"SPFPA",0.961538461538462,"Yes",10
"11-RC-006693","Region 10, Atlanta, Georgia","Stericycle",2008-03-18,2008-04-01,"Cayce","SC",NA,NA,16,NA,NA,NA,NA,NA,NA,NA,NA,NA,NA,NA,NA,NA,NA,NA,"Withdrawal Non-adjusted","Closed",NA,NA,NA,NA,NA,NA,2008-01-01,"11-25",TRUE,"RC","No",NA,0,"Uncoded",NA,"Other",NA
NA,NA,NA,NA,NA,NA,NA,NA,NA,NA,NA,NA,NA,NA,NA,NA,NA,NA,NA,NA,NA,NA,NA,NA,NA,NA,NA,NA,NA,NA,NA,NA,NA,NA,NA,NA,NA,NA,NA,NA,NA,NA,NA,NA
NA,NA,NA,NA,NA,NA,NA,NA,NA,NA,NA,NA,NA,NA,NA,NA,NA,NA,NA,NA,NA,NA,NA,NA,NA,NA,NA,NA,NA,NA,NA,NA,NA,NA,NA,NA,NA,NA,NA,NA,NA,NA,NA,NA
"11-RC-006689","Region 10, Atlanta, Georgia","American Security Programs, Inc.",2008-01-08,2008-02-26,"Goose Creek","SC","A",2008-02-13,111,NA,"INTERNATIONAL UNION, SECURITY, POLICE AND FIRE PROFESSIONALS OF AMERICA (SPFPA)",80,NA,NA,NA,NA,1,81,"N",1,"N","INTERNATIONAL UNION, SECURITY, POLICE AND FIRE PROFESSIONALS OF AMERICA (SPFPA)","Initial","Single Labor Organization","Certific. of Representative","Closed","All full time and regular part-time security officers, employed by the Employer at the Naval Weapons Station located in Goose Creek, South Carolina; but excluding all other employees, office clerical employees, and professional employees and supervis",NA,NA,NA,36,2008-01-01,2008-01-01,"101-500",TRUE,"RC","Yes","INTERNATIONAL UNION, SECURITY, POLICE AND FIRE PROFESSIONALS OF AMERICA (SPFPA)",1,"SPFPA",0.987654320987654,"Yes",30
"11-RC-006688","Region 10, Atlanta, Georgia","Wackenhut Service, Inc. (WSI)",2008-01-07,2008-02-26,"Columbia","SC","A",2008-02-12,64,NA,"INTERNATIONAL UNION SECURITY, POLICE AND FIRE PROFESSIONAL OF AMERICA",40,NA,NA,NA,NA,5,45,"N",NA,"N","INTERNATIONAL UNION SECURITY, POLICE AND FIRE PROFESSIONAL OF AMERICA","Initial","Single Labor Organization","Certific. of Representative","Closed","All full-time and regular part-time security officers performing guard duties in Section 9(b)3 of the National Labor Relations Act, as amended, employed by the Employer at For Jackson, South Carolina; excluding all other employees, technical employee",NA,NA,NA,36,2008-01-01,2008-01-01,"51-100",TRUE,"RC","Yes","INTERNATIONAL UNION SECURITY, POLICE AND FIRE PROFESSIONAL OF AMERICA",0,"Uncoded",0.888888888888889,"Yes",19
NA,NA,NA,NA,NA,NA,NA,NA,NA,NA,NA,NA,NA,NA,NA,NA,NA,NA,NA,NA,NA,NA,NA,NA,NA,NA,NA,NA,NA,NA,NA,NA,NA,NA,NA,NA,NA,NA,NA,NA,NA,NA,NA,NA
"11-RC-006679","Region 10, Atlanta, Georgia","Vought Aircraft Industries",2007-09-17,2007-11-08,"North Charleston","SC","A",2007-10-27,130,NA,"INTERNATIONAL ASSOCIATION OF MACHINISTS AND AEROSPACE WORKERS, AFL-CIO",67,NA,NA,NA,NA,60,127,"N",NA,"N","INTERNATIONAL ASSOCIATION OF MACHINISTS AND AEROSPACE WORKERS, AFL-CIO","Initial","Single Labor Organization","Certific. of Representative","Closed","All full-time and regular part-time production and maintenance employees, including assemblers, tool & die toolmakers, inspectors, bonders, millwrights, operators, maintenance mechanics, NDI tech nicians, and quality inspectors and assemblers in the",NA,NA,NA,40,2007-10-01,2007-07-01,"101-500",TRUE,"RC","Yes","INTERNATIONAL ASSOCIATION OF MACHINISTS AND AEROSPACE WORKERS, AFL-CIO",1,"IAM",0.52755905511811,"Yes",3
NA,NA,NA,NA,NA,NA,NA,NA,NA,NA,NA,NA,NA,NA,NA,NA,NA,NA,NA,NA,NA,NA,NA,NA,NA,NA,NA,NA,NA,NA,NA,NA,NA,NA,NA,NA,NA,NA,NA,NA,NA,NA,NA,NA
"11-RC-006673","Region 10, Atlanta, Georgia","UPS Freight Inc.",2007-07-20,2007-09-05,"Gaffney","SC",NA,NA,362,NA,NA,NA,NA,NA,NA,NA,NA,NA,NA,NA,NA,NA,NA,NA,"Withdrawal Non-adjusted","Closed",NA,NA,NA,NA,NA,NA,2007-07-01,"101-500",TRUE,"RC","No",NA,0,"Uncoded",NA,"Other",NA
"11-RC-006669","Region 10, Atlanta, Georgia","Newman Technology South Carolina, Inc.",2007-05-29,2007-07-06,"Aiken","SC",NA,NA,213,NA,NA,NA,NA,NA,NA,NA,NA,NA,NA,NA,NA,NA,NA,NA,"Withdrawal Non-adjusted","Closed",NA,NA,NA,NA,NA,NA,2007-04-01,"101-500",TRUE,"RC","No",NA,0,"Uncoded",NA,"Other",NA
"11-RD-000696","Region 10, Atlanta, Georgia","Windstream South Carolina, Inc., a subsidiary of Windstream Corporation",2007-04-24,2007-06-01,"Lexington","SC","A",2007-05-23,32,NA,"COMMUNICATION WORKERS OF AMERICA, AFL-CIO",8,NA,NA,NA,NA,22,30,"N",NA,"N",NA,"Initial","Single Labor Organization","Certification of Results","Closed","All plant and commercial department employees employed by the Employer at its Lexington and Inman, South Carolina facilities; excluding all engineers, confidential employees, professional employees, managerial employees, guards, superviosrs and all o",NA,NA,NA,29,2007-04-01,2007-04-01,"26-50",TRUE,"RD","Yes","COMMUNICATION WORKERS OF AMERICA, AFL-CIO",1,"CWA",0.266666666666667,"No",2
"11-RC-006662","Region 10, Atlanta, Georgia","Celanese Corporation",2007-03-06,2007-05-14,"Enoree","SC","A",2007-04-17,70,NA,"INTERNATIONAL BROTHERHOOD OF TEAMSTERS, LOCAL 509",21,NA,NA,NA,NA,43,64,"N",5,"N",NA,"Initial","Single Labor Organization","Certification of Results","Closed","All full time and regular part time production and maintenance employees, including reactor operators, filtration operators, VAE operators, VAE lead operators, trainer/releif operators, material handling leads, shipping warehouse opertors, receiving",NA,NA,NA,42,2007-04-01,2007-01-01,"51-100",TRUE,"RC","Yes","INTERNATIONAL BROTHERHOOD OF TEAMSTERS, LOCAL 509",1,"Teamsters",0.328125,"No",6
"11-RC-006661","Region 10, Atlanta, Georgia","Veolia Transportation, Inc.",2007-03-02,2007-04-20,"Charleston","SC","A",2007-03-29,4,NA,"AMALGAMATED TRANSIT UNION, LOCAL 610",4,NA,NA,NA,NA,0,4,"N",NA,"N","AMALGAMATED TRANSIT UNION, LOCAL 610","Initial","Single Labor Organization","Certific. of Representative","Closed","All full-time and regular part-time para transit dispatchers, schedulers and reservation employees meployed by the Wmployer at its North Charleston, South carolina facility; excluding all other employees, office clerical employees, and guards, profes",NA,NA,NA,27,2007-01-01,2007-01-01,"<5",TRUE,"RC","Yes","AMALGAMATED TRANSIT UNION, LOCAL 610",1,"ATU",1,"Yes",0
"11-RC-006661",NA,"Veolia Transportation, Inc.",2007-03-02,2007-04-20,"North Charleston","SC","A",2007-03-29,4,0,"Amalgamated Transit Union, Local 610",4,NA,NA,NA,NA,0,4,"N",0,"N","Amalgamated Transit Union, Local 610","Initial","Single Labor Organization","Certific. of Representative","Closed","All full-time and regular part-time para transit dispatchers, schedulers and reservation employees meployed by the Wmployer at its North Charleston, South carolina facility; excluding all other employees, office clerical employees, and guards, professional employees, and supervisors as defined in the Act.

If a majority of valid balltos are cast for the incumbent, they will be taken to have indicated the employees' desire to be included in the existing para transit drivers unit currently represented by the Amalgamated Transit Union, Local 610.  If a majority of valid ballots are case against representation, they will be taken to have indicated the employees' desire to reamin unrepresented.  In any event, a certification of results will issue.",NA,NA,NA,27,2007-01-01,2007-01-01,"<5",FALSE,"RC","Yes","Amalgamated Transit Union, Local 610",1,"ATU",1,"Yes",0
"11-RC-006660","Region 10, Atlanta, Georgia","Coastal Concrete Inc.",2007-02-14,2007-02-21,"Bluffton","SC",NA,NA,27,NA,NA,NA,NA,NA,NA,NA,NA,NA,NA,NA,NA,NA,NA,NA,"Withdrawal Non-adjusted","Closed",NA,NA,NA,NA,NA,NA,2007-01-01,"26-50",TRUE,"RC","No",NA,0,"Uncoded",NA,"Other",NA
NA,NA,NA,NA,NA,NA,NA,NA,NA,NA,NA,NA,NA,NA,NA,NA,NA,NA,NA,NA,NA,NA,NA,NA,NA,NA,NA,NA,NA,NA,NA,NA,NA,NA,NA,NA,NA,NA,NA,NA,NA,NA,NA,NA
"11-RC-006656","Region 10, Atlanta, Georgia","Waste Management Inc. of South Carolina",2007-01-12,2007-02-22,"Elgin","SC",NA,NA,50,NA,NA,NA,NA,NA,NA,NA,NA,NA,NA,NA,NA,NA,NA,NA,"Withdrawal Non-adjusted","Closed",NA,NA,NA,NA,NA,NA,2007-01-01,"26-50",TRUE,"RC","No",NA,0,"Uncoded",NA,"Other",NA
"11-RC-006655","Region 10, Atlanta, Georgia","Securitas Security Services U.S.A., Inc.",2007-01-11,2007-01-23,"Greenville","SC",NA,NA,100,NA,NA,NA,NA,NA,NA,NA,NA,NA,NA,NA,NA,NA,NA,NA,"Withdrawal Non-adjusted","Closed",NA,NA,NA,NA,NA,NA,2007-01-01,"51-100",TRUE,"RC","No",NA,0,"Uncoded",NA,"Other",NA
"11-RC-006653","Region 10, Atlanta, Georgia","Tri-Command Property Management, LLC",2006-11-13,2007-01-09,"Beaufort","SC","A",2006-12-22,48,NA,"INTERNATIONAL UNION OF OPERATING ENGINEERS LOCAL 465, AFL-CIO",30,NA,NA,NA,NA,13,43,"N",1,"N","INTERNATIONAL UNION OF OPERATING ENGINEERS LOCAL 465, AFL-CIO","Initial","Single Labor Organization","Certific. of Representative","Closed","All full-time and regular part-time maintenance employees employed by the Employer at the Tri-Command Militrary Housing facility in Laurel Bay, Beaufort, South Carolina; excluding all other employees, dispatchers, lifeguards, Quality Assurance employ",NA,NA,NA,39,2006-10-01,2006-10-01,"26-50",TRUE,"RC","Yes","INTERNATIONAL UNION OF OPERATING ENGINEERS LOCAL 465, AFL-CIO",1,"IUOE",0.697674418604651,"Yes",5
"11-RC-006652",NA,"First Student, Inc.",2006-11-06,2006-12-27,"Three locations - see notes","SC","A",2006-12-14,345,1,"Teamsters Local Union No. 509 a/w International Brotherhood of Teamsters",251,NA,NA,NA,NA,47,298,"N",5,"N","Teamsters Local Union No. 509 a/w International Brotherhood of Teamsters","Initial","Single Labor Organization","Certific. of Representative","Closed","All full-time and regular part-time school bus drivers and aides employed by the Employer at or out of its following Charleston, South carolian area facilities:  Axeala (North Charleston); Ladson; Mt. Pleasant/Carior-Pickney; James Island, Baptist Hill: Johns Islane; and St. James santee; but excluding all other employees, including mechanics, dispatchers, office lcerical employees and guards, professional employees and supervisors as defined in the Act.",NA,NA,NA,38,2006-10-01,2006-10-01,"101-500",TRUE,"RC","Yes","Teamsters Local Union No. 509 a/w International Brotherhood of Teamsters",1,"Teamsters",0.842281879194631,"Yes",47
NA,NA,NA,NA,NA,NA,NA,NA,NA,NA,NA,NA,NA,NA,NA,NA,NA,NA,NA,NA,NA,NA,NA,NA,NA,NA,NA,NA,NA,NA,NA,NA,NA,NA,NA,NA,NA,NA,NA,NA,NA,NA,NA,NA
NA,NA,NA,NA,NA,NA,NA,NA,NA,NA,NA,NA,NA,NA,NA,NA,NA,NA,NA,NA,NA,NA,NA,NA,NA,NA,NA,NA,NA,NA,NA,NA,NA,NA,NA,NA,NA,NA,NA,NA,NA,NA,NA,NA
NA,NA,NA,NA,NA,NA,NA,NA,NA,NA,NA,NA,NA,NA,NA,NA,NA,NA,NA,NA,NA,NA,NA,NA,NA,NA,NA,NA,NA,NA,NA,NA,NA,NA,NA,NA,NA,NA,NA,NA,NA,NA,NA,NA
"11-RD-000690",NA,"Omnova Solutions, Inc.",2006-09-20,2006-10-26,"Chester","SC","A",2006-10-11,52,0,"International Union of Operating Engineers, Local 470, AFL-CIO",17,NA,NA,NA,NA,34,51,"N",0,"N",NA,"Initial","Single Labor Organization","Certification of Results","Closed","All hourly paid full-time and regular part-time production and maintenance employees employed by the employer at its Chester, South carolian facility; but excuding all office clerical employees, quality control technicians, laboratory technicians (applications and synthesis) and guards, professional employees and supervisors as defined in the Act.",NA,NA,NA,21,2006-10-01,2006-07-01,"51-100",TRUE,"RD","Yes","International Union of Operating Engineers, Local 470, AFL-CIO",1,"IUOE",0.333333333333333,"No",1
NA,NA,NA,NA,NA,NA,NA,NA,NA,NA,NA,NA,NA,NA,NA,NA,NA,NA,NA,NA,NA,NA,NA,NA,NA,NA,NA,NA,NA,NA,NA,NA,NA,NA,NA,NA,NA,NA,NA,NA,NA,NA,NA,NA
NA,NA,NA,NA,NA,NA,NA,NA,NA,NA,NA,NA,NA,NA,NA,NA,NA,NA,NA,NA,NA,NA,NA,NA,NA,NA,NA,NA,NA,NA,NA,NA,NA,NA,NA,NA,NA,NA,NA,NA,NA,NA,NA,NA
"11-RD-000688","Region 10, Atlanta, Georgia","Giant Cement Company",2006-09-05,2008-03-28,"Harleyville","SC","A",2008-03-14,141,NA,"UNITED STEEL, PAPER AND FORESTRY, RUBBER MANUFACTURING, ENERGY, ALLIED AND INDUSTRIAL SERVICE WORKER",102,NA,NA,NA,NA,19,121,"N",1,"N","UNITED STEEL, PAPER AND FORESTRY, RUBBER MANUFACTURING, ENERGY, ALLIED AND INDUSTRIAL SERVICE WORKER","Initial","Single Labor Organization","Certific. of Representative","Closed","All full time and regular part-time production and maintenance employees, including mix men, employed by the Employer at its Harleyville, South Carolina, facility; but excluding all salaried employees, salaried office clerical employees, labo",NA,NA,NA,556,2008-01-01,2006-07-01,"101-500",TRUE,"RD","Yes","UNITED STEEL, PAPER AND FORESTRY, RUBBER MANUFACTURING, ENERGY, ALLIED AND INDUSTRIAL SERVICE WORKER",1,"USW",0.84297520661157,"Yes",20
"11-RC-006646",NA,"Goodwill Industries of Lower South Carolina, Inc.",2006-07-14,2006-09-06,"Beaufort","SC","A",2006-08-25,15,0,"International Association of Machinists and Aerospace Workers, AFL-CIO",5,NA,NA,NA,NA,10,15,"N",1,"N",NA,"Initial","Single Labor Organization","Certification of Results","Closed","All full-time and regular part-time """"RE"""" dsignated employees, including food service workers, cashiers, and storeroom workers, employed by the Employer at the United states Mariene Corps Air Station, Mess Hall, uilding 442, bueaufort, South Carolina location; excluding managerial employees, temporary employees (including cooks), employees employed pursuant to a Certificate of disability, chief cooks, office clerical employees and guards, professional employees and supervisors as defined in the Act.",NA,NA,NA,42,2006-07-01,2006-07-01,"11-25",TRUE,"RC","Yes","International Association of Machinists and Aerospace Workers, AFL-CIO",1,"IAM",0.333333333333333,"No",0
"11-RD-000685",NA,"Intercoastal Express Inc.",2006-07-11,2006-08-14,"West Columbia","SC","A",2006-08-01,22,0,"Teamsters Local Union 509, affiliated with the International Brotherhood of Teamsters",2,NA,NA,NA,NA,17,19,"N",0,"N",NA,"Initial","Single Labor Organization","Certification of Results","Closed","All drivers and lead or cover drivers employed by the Employer at and out of the DHL facility located in West Columbia, South Carolina; but excluding the dispatcher, temporary employees, office clerical employees, guards and supervisors as defined in the Act.",NA,NA,NA,21,2006-07-01,2006-07-01,"11-25",TRUE,"RD","Yes","Teamsters Local Union 509, affiliated with the International Brotherhood of Teamsters",1,"Teamsters",0.105263157894737,"No",3
"11-RC-006641",NA,"ATC/Vancom, Inc.",2006-06-14,2006-08-02,"Walterboro & Beaufort","SC","A",2006-07-20,41,1,"International Association of Machinists and Aerospace Workers, AFL-CIO",32,NA,NA,NA,NA,3,35,"N",0,"N","International Association of Machinists and Aerospace Workers, AFL-CIO","Initial","Single Labor Organization","Certific. of Representative","Closed","All full-time and regular part-time drivers employed at the Employer's facilities located in Beaufot and Walterboro, South Carolina; excluding all office clerical employees, managerial employees and guards, professional employees and supervisors as defined in the Act.",NA,NA,NA,36,2006-07-01,2006-04-01,"26-50",TRUE,"RC","Yes","International Association of Machinists and Aerospace Workers, AFL-CIO",1,"IAM",0.914285714285714,"Yes",6
"11-RD-000682",NA,"Gino Morena Enterprises, LLC",2006-05-31,2006-12-14,"Fort Jackson","SC","A",2006-07-11,27,NA,"United Food and Commerical Workers Union, Local 204",14,NA,NA,NA,NA,9,23,"N",2,"N","United Food and Commerical Workers Union, Local 204","Initial","Single Labor Organization","Certific. of Representative","Closed","All full-time and regular part-time barbers employed by the Employer at its barber shops located at the Fort Jackson Army and Air Force Exchange, Fort Jackson, South carolina; excluding the base manager, all office clerical employees and guards, professional employees and supervisors as defined in the Act.",NA,NA,NA,41,2006-07-01,2006-04-01,"26-50",TRUE,"RD","Yes","United Food and Commerical Workers Union, Local 204",0,"Uncoded",0.608695652173913,"Yes",4
NA,NA,NA,NA,NA,NA,NA,NA,NA,NA,NA,NA,NA,NA,NA,NA,NA,NA,NA,NA,NA,NA,NA,NA,NA,NA,NA,NA,NA,NA,NA,NA,NA,NA,NA,NA,NA,NA,NA,NA,NA,NA,NA,NA
"11-RC-006635",NA,"L-3 Vertex Aerospace LLC",2006-04-10,2006-06-05,"Beaufort","SC","A",2006-05-18,2,0,"International Association of Machinists and Aerospace Workers, AFL-CIO",2,NA,NA,NA,NA,0,2,"N",0,"N","International Association of Machinists and Aerospace Workers, AFL-CIO","Initial","Single Labor Organization","Certific. of Representative","Closed","All full-time aricraft mechanics and lead aircraft mechanics employed by the Employer at its Marine Corps Air Station facility at Beaufort, South Carolina; excluding all office clerical empoyees, managerial employees, professional employees, guards and supervisors as defined in the Act.",NA,NA,NA,38,2006-04-01,2006-04-01,"<5",TRUE,"RC","Yes","International Association of Machinists and Aerospace Workers, AFL-CIO",1,"IAM",1,"Yes",0
"11-RC-006634",NA,"Laurel Baye Healthcare Center Blackville",2006-04-07,2006-06-05,"Blackville","SC","A",2006-05-19,35,0,"United Food & Commerical Workers Union, Local 204",13,NA,NA,NA,NA,21,34,"N",1,"N",NA,"Initial","Single Labor Organization","Certification of Results","Closed","All full-time and regular part-time nursing assistants, activtieis employees and rehabilitation aides employed by the Employer at its Blackville, South Carolina facility; excluding all other employees, office clerical employees, LPN charge nurses, medical records employees, technical, managerial and professional employees, guards and other supervisors as defined in the Act.",NA,NA,NA,42,2006-04-01,2006-04-01,"26-50",TRUE,"RC","Yes","United Food & Commerical Workers Union, Local 204",0,"Uncoded",0.382352941176471,"No",1
"11-RC-006632",NA,"Veolia Transportation, Inc.",2006-03-27,2006-05-10,"North Charleston","SC","A",2006-04-26,2,0,"Amalgamated Transit Union Local 610",2,NA,NA,NA,NA,0,2,"N",1,"N","Amalgamated Transit Union Local 610","Initial","Single Labor Organization","Certification of Results","Closed","All full-time and regular part-trime customer service representatives employed by the employer at its North Charleston, South Carolina facility; excluding all office clerical employees, and guards, professional employees, and supervisors as defined in the Act.",NA,NA,NA,30,2006-04-01,2006-01-01,"<5",TRUE,"RC","Yes","Amalgamated Transit Union Local 610",1,"ATU",1,"No",0
NA,NA,NA,NA,NA,NA,NA,NA,NA,NA,NA,NA,NA,NA,NA,NA,NA,NA,NA,NA,NA,NA,NA,NA,NA,NA,NA,NA,NA,NA,NA,NA,NA,NA,NA,NA,NA,NA,NA,NA,NA,NA,NA,NA
"11-RD-000679",NA,"South Carolina Electric and Gas Company",2005-12-02,2006-01-26,"Columbia","SC","A",2006-01-12,31,1,"International Association of Machinists and Aerospace Workers, AFL-CIO",11,NA,NA,NA,NA,16,27,"N",3,"N",NA,"Initial","Single Labor Organization","Certification of Results","Closed","All full time and regular part time mechanics and working foreman, including mechanic A, Mechanic B, apprentice mechanic, mechanic herlper, working foreman - apinter/body repairman A, painter/boty repairman B, apprentice painter/body repairman, apinter/body repairman helper, parts man, parts handler, utility man and utility man A employed by the Employer at its Columbia, Florence, Langley and denmark, South Carolina facilities; excluding all office clerical employees and guards, professional employees and supervisors as defined in the Act.",NA,NA,NA,41,2006-01-01,2005-10-01,"26-50",TRUE,"RD","Yes","International Association of Machinists and Aerospace Workers, AFL-CIO",1,"IAM",0.407407407407407,"No",4
NA,NA,NA,NA,NA,NA,NA,NA,NA,NA,NA,NA,NA,NA,NA,NA,NA,NA,NA,NA,NA,NA,NA,NA,NA,NA,NA,NA,NA,NA,NA,NA,NA,NA,NA,NA,NA,NA,NA,NA,NA,NA,NA,NA
NA,NA,NA,NA,NA,NA,NA,NA,NA,NA,NA,NA,NA,NA,NA,NA,NA,NA,NA,NA,NA,NA,NA,NA,NA,NA,NA,NA,NA,NA,NA,NA,NA,NA,NA,NA,NA,NA,NA,NA,NA,NA,NA,NA
NA,NA,NA,NA,NA,NA,NA,NA,NA,NA,NA,NA,NA,NA,NA,NA,NA,NA,NA,NA,NA,NA,NA,NA,NA,NA,NA,NA,NA,NA,NA,NA,NA,NA,NA,NA,NA,NA,NA,NA,NA,NA,NA,NA
NA,NA,NA,NA,NA,NA,NA,NA,NA,NA,NA,NA,NA,NA,NA,NA,NA,NA,NA,NA,NA,NA,NA,NA,NA,NA,NA,NA,NA,NA,NA,NA,NA,NA,NA,NA,NA,NA,NA,NA,NA,NA,NA,NA
"11-RC-006606",NA,"Intercoastal Express, Inc.",2005-05-16,2005-07-07,"West Columbia","SC","A",2005-06-23,28,0,"Teamsters Local Union 509, affiliated with Internaitonal Brotherhood of Teamsters, AFL-CIO",20,NA,NA,NA,NA,8,28,"N",0,"N","Teamsters Local Union 509, affiliated with Internaitonal Brotherhood of Teamsters, AFL-CIO","Initial","Single Labor Organization","Certific. of Representative","Closed","All drivers and lead or cover drivers employed by the Employer at and out of the DHL facility located in West Columbia, South Carolina; but excluding dispatcher, temporary employees, office clerical employees, guards and superviosrs as defined in the Act.",NA,NA,NA,38,2005-04-01,2005-04-01,"26-50",TRUE,"RC","Yes","Teamsters Local Union 509, affiliated with Internaitonal Brotherhood of Teamsters, AFL-CIO",1,"Teamsters",0.714285714285714,"Yes",0
"11-RC-006607",NA,"CSX, Inc.",2005-05-16,2005-07-07,"West Columbia","SC","A",2005-06-23,40,0,"Teamsters Local Union 509, affiliated with International Brotherhood of Teamsters, AFL-CIO",12,NA,NA,NA,NA,23,35,"N",0,"N",NA,"Initial","Single Labor Organization","Certification of Results","Closed","All drivers, lead drivers, and dock workers employed by the Employer at and out of the DHL facility located in West Columbia, South Carolina; but excluding office clerical employees, guards and supervisors as defined in the Act.",NA,NA,NA,38,2005-04-01,2005-04-01,"26-50",TRUE,"RC","Yes","Teamsters Local Union 509, affiliated with International Brotherhood of Teamsters, AFL-CIO",1,"Teamsters",0.342857142857143,"No",5
"11-RC-006602",NA,"Wessin Transport, Inc.",2005-04-05,2005-06-03,"North Charleston","SC","A",2005-05-20,41,1,"Teamsters Local Union 509, affiliated with International Brotherhood of Teamsters, AFL-CIO",15,NA,NA,NA,NA,21,36,"N",1,"N",NA,"Initial","Single Labor Organization","Certification of Results","Closed","All drivers, lead drivers, and dock workers employed by the Employer at and out of the DHL facility located in North charleston, south caroina; but excluding all line haul drivers, temporary employees, office clerical employees, guards and sueprvisors as defined int he Act.",NA,NA,NA,45,2005-04-01,2005-04-01,"26-50",TRUE,"RC","Yes","Teamsters Local Union 509, affiliated with International Brotherhood of Teamsters, AFL-CIO",1,"Teamsters",0.416666666666667,"No",5
"11-RC-006598",NA,"3-V Inc.",2005-03-02,2005-04-28,"Georgetown","SC","A",2005-04-14,118,0,"Paper, Allied-Industrial, Chemical and Energy Workers International Union, AFL-CIO, CLC",67,NA,NA,NA,NA,33,100,"N",5,"N","Paper, Allied-Industrial, Chemical and Energy Workers International Union, AFL-CIO, CLC","Initial","Single Labor Organization","Certific. of Representative","Closed","All production and maintenance employees, including warehouse/logistics and plant clerical employees, employed by the employer at its Georgetown, South carolina, facility; excluding quality control employees, office clerical employees, technical employees, and guards, professional employees, and superviosrs as defined in the Act.",NA,NA,NA,43,2005-04-01,2005-01-01,"101-500",TRUE,"RC","Yes","Paper, Allied-Industrial, Chemical and Energy Workers International Union, AFL-CIO, CLC",0,"Uncoded",0.67,"Yes",18
"11-RC-006597",NA,"Johnson Controls World Services, Inc.",2005-02-25,2005-04-20,"Beaufort","SC","A",2005-04-06,33,0,"International Union of Operating Engineers, Local 465, AFL-CIO",23,NA,NA,NA,NA,5,28,"N",2,"N","International Union of Operating Engineers, Local 465, AFL-CIO","Initial","Single Labor Organization","Certific. of Representative","Closed","Alll full-time and regular part-time maintenance employees employed by the Employer at its jobsite lcoated at Beaufort Marine Corp Air Station, Beaufort, South carolina; excluding all office clerical employees and guards, professional employees and supervisors as defined in the Act.",NA,NA,NA,40,2005-04-01,2005-01-01,"26-50",TRUE,"RC","Yes","International Union of Operating Engineers, Local 465, AFL-CIO",1,"IUOE",0.821428571428571,"Yes",5
"11-RC-006594",NA,"Boral Brick Inc.",2005-02-15,2005-04-20,"Van Wyck","SC","A",2005-03-29,74,0,"United Steel Workers of America, AFL-CIO, CLC",16,NA,NA,NA,NA,53,69,"N",3,"N",NA,"Initial","Single Labor Organization","Certification of Results","Closed","All full-time regular and regular part-time production and maintenance employees, including manufacturing and warehouse employees, employed by the Employer at its Van Wyck, South Carolina facility; but excluding all office clerical employees, sales employees, service representatives, salaried employees, over-the-road and other delivery truck drivers, temporary outside contracted workers, watchmen and guards, professional employees and superviosrs as defined in the Act.",NA,NA,NA,42,2005-01-01,2005-01-01,"51-100",TRUE,"RC","Yes","United Steel Workers of America, AFL-CIO, CLC",1,"USW",0.231884057971014,"No",5
"11-RD-000671",NA,"The Wackenhut Corporation, Nuclear Services Division",2004-11-15,2005-03-17,"Jenkinsville","SC","A",2005-03-03,102,0,"International Union, Security, Police & Fire Profession of America (SPFPA)",5,NA,NA,NA,NA,40,45,"N",0,"N",NA,"Initial","Single Labor Organization","Certification of Results","Closed","All full-time and regular part-time security officers employed by the Employer at the V. C. Summer Nuclear Station located in Jenkinsville, South Caorlina; excluding all CAS/SAS operators, office clerical employees, professional employees and supervisors as defined in the Act.",NA,NA,NA,108,2005-01-01,2004-10-01,"101-500",TRUE,"RD","Yes","International Union, Security, Police & Fire Profession of America (SPFPA)",1,"SPFPA",0.111111111111111,"No",57
"11-RD-000670",NA,"Carolina Telephone and Telegraph Company",2004-11-05,2004-12-30,"Beaufort & Hampton","SC","A",2004-12-17,53,0,"Local Union 1649 International Brotherhood of Electrical Workers",31,NA,NA,NA,NA,21,52,"N",0,"N","Local Union 1649 International Brotherhood of Electrical Workers","Initial","Single Labor Organization","Certific. of Representative","Closed","All full-time and regular part-time Operations department employees employed by the Employer at its Beaufort, Laurel Bay, St. Helena, Ridgeland, Hampton, Estill, Holly Hill, Branchville, Eutawville, and Lowcountry, South Carolina exchanges; but excluding all office clerical employees, Engineering Section employees of the Customer Service Department, technical employees, formen, and guards, professional employees and supervisors as defined in the Act.",NA,NA,NA,42,2004-10-01,2004-10-01,"51-100",TRUE,"RD","Yes","Local Union 1649 International Brotherhood of Electrical Workers",1,"IBEW",0.596153846153846,"Yes",1
"11-RD-000665",NA,"Thyssen Krupp SteeleServices",2004-08-23,2004-10-13,"Aiken","SC","A",2004-09-29,10,1,"International Union of Operating Engineers, Local 470",2,NA,NA,NA,NA,7,9,"N",0,"N",NA,"Initial","Single Labor Organization","Certification of Results","Closed","All full-time and part-time production and maintenance employees, truck drivers, and lead person employed by the Employer at its Aiken, South Carolina, facility; but excluding sales persons, temporary employees, office clerical employes and guards, professional employees and supervisors as defined in the Act.",NA,NA,NA,37,2004-07-01,2004-07-01,"6-10",TRUE,"RD","Yes","International Union of Operating Engineers, Local 470",1,"IUOE",0.222222222222222,"No",1
"11-RC-006579",NA,"Transit Management of Spartanburg, Inc.",2004-08-12,2004-10-13,"Spartanburg","SC","A",2004-09-22,15,0,"United Transportation Union",12,NA,NA,NA,NA,1,13,"N",0,"N","United Transportation Union","Initial","Single Labor Organization","Certific. of Representative","Closed","All full-time and regular part-time bus operators employed by the Employer at its Spartanburg, South Carolina facility; excluding all other employees, mechanics, custodians, dispatchers, office clerical employees, and guards, professional employees and supervisors as defined in the Act.",NA,NA,NA,41,2004-07-01,2004-07-01,"11-25",TRUE,"RC","Yes","United Transportation Union",0,"Uncoded",0.923076923076923,"Yes",2
"11-RC-006578",NA,"Northern Management Services, Inc.",2004-07-29,2004-09-17,"Columbia","SC","A",2004-09-01,7,NA,"International Union Operating Engineers, Local 465, AFL-CIO",7,NA,NA,NA,NA,0,7,"N",0,"N","International Union Operating Engineers, Local 465, AFL-CIO","Initial","Single Labor Organization","Certific. of Representative","Closed","All full-time and regular part-time general maintenance employees including HVAC technicians and lead/chief engineer employed by the Employer at the Strom tghurmond Federal Building, the Storm Thurmond Federal Courthouse, the J. Bratton Davis United States Bankruptcy Courthouse, the Matthew J. Perry, Jr. United States Courthouse and the Veteran Administration Regional Office Facility in the Varo Building located in Columbia, South Carolina,  and the John L. McMillan Federal Building located in Florence, South Carolina; but excluding custodial employees, office clerical and guards, profesisonal employees and supervisors as defined in the Act.",NA,NA,NA,34,2004-07-01,2004-07-01,"6-10",TRUE,"RC","Yes","International Union Operating Engineers, Local 465, AFL-CIO",1,"IUOE",1,"Yes",0
"11-RC-006565",NA,"Coatex, L.L.C.",2004-03-24,2004-05-20,"Chester","SC","A",2004-05-05,13,NA,"UNITE, AFL-CIO",2,NA,NA,NA,NA,7,9,"N",3,"N",NA,"Initial","Single Labor Organization","Certification of Results","Closed","All full time and regular part-time production and maintenance employees, laboratory employees and the Bulk Material Handler employed by the Employer at its Chester, South Carolina facility; but excluding the Administrative Assistant, the Receptionist/Administrative Assistant, the Commercial Assistant, the Plant Accountant, the Secretary, sales employees, and all professionals, guards and supervisors as defined inthe Act.",NA,NA,NA,42,2004-04-01,2004-01-01,"11-25",TRUE,"RC","Yes","UNITE, AFL-CIO",0,"Uncoded",0.222222222222222,"No",4
"11-RD-000657",NA,"The Wackenhut Corporation, Nuclear Services Division",2004-01-30,2004-03-10,"Jenkinsville","SC","A",2004-02-25,73,0,"International Union, Security, Police, & Fire Professionals of America (SPFPA)",42,NA,NA,NA,NA,15,57,"N",0,"N","International Union, Security, Police, & Fire Professionals of America (SPFPA)","Initial","Single Labor Organization","Certific. of Representative","Closed","All full-time and regular part-time security officers employed by the Employer at the V.C.Summer Nuclear Station located in Jenkinsville, South Carolina; excluding all CAS/SAS operators, office clerical employees, professional employees and supervisors as defined in the Act.",NA,NA,NA,26,2004-01-01,2004-01-01,"51-100",TRUE,"RD","Yes","International Union, Security, Police, & Fire Professionals of America (SPFPA)",1,"SPFPA",0.736842105263158,"Yes",16
NA,NA,NA,NA,NA,NA,NA,NA,NA,NA,NA,NA,NA,NA,NA,NA,NA,NA,NA,NA,NA,NA,NA,NA,NA,NA,NA,NA,NA,NA,NA,NA,NA,NA,NA,NA,NA,NA,NA,NA,NA,NA,NA,NA
"05-RC-015659",NA,"Coastal International Security (CIS)",2003-11-28,2004-03-31,"Surfside Beach","SC","A",2004-01-27,30,0,"International Union Security Police and Fire Professionals of America (SPFPA)",0,NA,NA,NA,NA,0,0,"N",0,"N",NA,"Initial","Single Labor Organization","Certific. of Representative","Closed","All full-time and regular part-time security officers employed by the Employer at the Washington Plaza, located at 8903 and 8905 Presidential Parkway, Upper Marlboro, MD; Silver Hill Plaza, located at 3701 St. Barnabas Road, Suitland, Maryland; and Bowie Computer Center, located at 17101 Melford Boulevard, Bowie, MD, but excluding all-non guard employees, office clerical employees, professional, project managers and supervisors as defined by the Act.",NA,NA,NA,60,2004-01-01,2003-10-01,"26-50",FALSE,"RC","Yes","International Union Security Police and Fire Professionals of America (SPFPA)",1,"SPFPA",NA,"Yes",30
"05-RC-015657",NA,"Coastal International Security (CIS)",2003-11-28,2004-02-06,"Surfside Beach","SC","A",2004-01-23,31,1,"International Union Security Police and Fire Professionals of America (SPFPA)",14,NA,NA,NA,NA,0,14,"N",0,"N","International Union Security Police and Fire Professionals of America (SPFPA)","Initial","Single Labor Organization","Certific. of Representative","Closed","All full-time and regular part time security officers working under the Employer's contract to provide security services for the United States Government at Winder Building at 600 Seventeenth Street, NW, 750 Seventeenth Street, NW, 1724 F Street, NW, 726 Jackson Place NW in Washington, DC; but excluding all non-guard employees, all employees working at other locations, professional employees, office clerical employees, project managers, managers, managers and supervisors as defined by the Act.",NA,NA,NA,56,2004-01-01,2003-10-01,"26-50",TRUE,"RC","Yes","International Union Security Police and Fire Professionals of America (SPFPA)",1,"SPFPA",1,"Yes",17
"11-RC-006554",NA,"South Carolina Centers for Equal Justice, Inc.",2003-11-25,2006-05-17,"Greenville","SC","A",2004-04-07,33,0,"National Organization of Legal Services Workers, UAW Local 2320",15,NA,NA,NA,NA,18,33,"N",0,"N",NA,"Initial","Single Labor Organization","Certification of Results","Closed","All professional employees, including all attorneys employed by the Employer in its South Carolina offices; excluding all other employes; the executive director, chief operating officer, all deputy directors, human resources director, controller, grants & compliance administrator, executive/administrative assistant, accounting clerk (accounts payable)/H.R. assistant, anagaing attorneys, accountant, grants writer/resource developement assistant, and any other managerial employees, confidential employees, and guards and supervisors as defined in the Act.","All non-professional employees, including all paralegals, outreach workers, intake workers, office managers, receptionists, secretaries and tax clinic coordinators, employed by the Employer in its South Carolian officers; excluding the executive director, chief operating officer, all deptury directors, human resources director, controller, grants & compliance administrator, executive/administrative assistant, accounting clerk (accounts payable)/H.R. assistant, naanging attorneys, accountant, grants writer/resource development assistant, and any other managerial employees, confidential employees and professional employees, guards, and superviosrs as defined in the Act.",NA,NA,134,2004-04-01,2003-10-01,"26-50",TRUE,"RC","Yes","National Organization of Legal Services Workers, UAW Local 2320",1,"UAW",0.454545454545455,"No",0
"11-RC-006554",NA,"South Carolina Centers for Equal Justice, Inc.",2003-11-25,2006-05-17,"Greenville","SC","B",2004-04-07,69,0,"National Organization of Legal Services Workers, UAW Local 2320",31,NA,NA,NA,NA,33,33,"N",2,"N",NA,"Initial","Single Labor Organization","Certification of Results","Closed","All professional employees, including all attorneys employed by the Employer in its South Carolina offices; excluding all other employes; the executive director, chief operating officer, all deputy directors, human resources director, controller, grants & compliance administrator, executive/administrative assistant, accounting clerk (accounts payable)/H.R. assistant, anagaing attorneys, accountant, grants writer/resource developement assistant, and any other managerial employees, confidential employees, and guards and supervisors as defined in the Act.","All non-professional employees, including all paralegals, outreach workers, intake workers, office managers, receptionists, secretaries and tax clinic coordinators, employed by the Employer in its South Carolian officers; excluding the executive director, chief operating officer, all deptury directors, human resources director, controller, grants & compliance administrator, executive/administrative assistant, accounting clerk (accounts payable)/H.R. assistant, naanging attorneys, accountant, grants writer/resource development assistant, and any other managerial employees, confidential employees and professional employees, guards, and superviosrs as defined in the Act.",NA,NA,134,2004-04-01,2003-10-01,"51-100",TRUE,"RC","Yes","National Organization of Legal Services Workers, UAW Local 2320",1,"UAW",0.484375,"No",5
"11-RC-006552",NA,"Starcraft Aerospace, Inc.",2003-11-07,2003-12-24,"Greenville","SC","A",2003-12-11,8,0,"International Association of Machinists and Aerospace Workers, AFL-CIO",5,NA,NA,NA,NA,2,7,"N",2,"N","International Association of Machinists and Aerospace Workers, AFL-CIO","Initial","Single Labor Organization","Certific. of Representative","Closed","All full-time and regular part-time technicians employed by the Employer at its Greenville, South Carolina facility, but excluding all other employees, office clerical employees and professional employees, guards and supervisors as defined in the Act.",NA,NA,NA,34,2003-10-01,2003-10-01,"6-10",TRUE,"RC","Yes","International Association of Machinists and Aerospace Workers, AFL-CIO",1,"IAM",0.714285714285714,"Yes",1
NA,NA,NA,NA,NA,NA,NA,NA,NA,NA,NA,NA,NA,NA,NA,NA,NA,NA,NA,NA,NA,NA,NA,NA,NA,NA,NA,NA,NA,NA,NA,NA,NA,NA,NA,NA,NA,NA,NA,NA,NA,NA,NA,NA
"11-RC-006541",NA,"DESA Inc.",2003-08-13,2003-09-29,"Wedgefield","SC","A",2003-09-12,6,NA,"International Association of Machinists and Aerospace Workers, AFL-CIO",5,NA,NA,NA,NA,1,6,"N",0,"N","International Association of Machinists and Aerospace Workers, AFL-CIO","Initial","Single Labor Organization","Certific. of Representative","Closed","All full time and regular part time Fcomputer Operators 3 and 4 and Air Traffic Control and Heavy Equipment Oeprators employed by the Employer at its Wedgefield, South Carolina facility, but excluding all office clericla employees, maanagerial employees and guards, profesisonal employees and supervisors, as defined in the Act.",NA,NA,NA,30,2003-07-01,2003-07-01,"6-10",TRUE,"RC","Yes","International Association of Machinists and Aerospace Workers, AFL-CIO",1,"IAM",0.833333333333333,"Yes",0
NA,NA,NA,NA,NA,NA,NA,NA,NA,NA,NA,NA,NA,NA,NA,NA,NA,NA,NA,NA,NA,NA,NA,NA,NA,NA,NA,NA,NA,NA,NA,NA,NA,NA,NA,NA,NA,NA,NA,NA,NA,NA,NA,NA
"11-RC-006540",NA,"Ahntech Inc.",2003-08-04,2003-09-05,"Wedgefield","SC","A",2003-08-22,0,NA,"International Association of Machinists and Aerospace Workers, AFL-CIO",22,NA,NA,NA,NA,0,22,"N",0,"N","International Association of Machinists and Aerospace Workers, AFL-CIO","Initial","Single Labor Organization","Certific. of Representative","Closed","All full-time and regular part-time employees in the classifications of electronic technician  1, 2 and 3, supply clerks, administrative clerk, general maintenance, and quality control employees employed by the Employer at its Wedgefield, South Carolina facility; excluding all office clerical employees, managerial employees, and guards, professional employees and supervisors, as defined in the Act.",NA,NA,NA,18,2003-07-01,2003-07-01,NA,TRUE,"RC","Yes","International Association of Machinists and Aerospace Workers, AFL-CIO",1,"IAM",1,"Yes",-22
"11-RC-006531",NA,"QualServ Corporation",2003-04-16,2003-06-11,"Columbia","SC","A",2003-05-28,72,0,"Sheet Metal Workers International Association, Local Union 399",23,NA,NA,NA,NA,49,72,"N",9,"N",NA,"Initial","Single Labor Organization","Certification of Results","Closed","All full-time and regular part-time production and maintenance employees, icnlduing warehouse employees, team leaders, programmers, and buyer/sotre semployees employed by the Employer at tis Columbia, South carolina facility; excluding all sales employees, the shop clerk, the inventory control specialist, all office clerical employees and professional employees, guards and supervisors as defined in the Act..",NA,NA,NA,42,2003-04-01,2003-04-01,"51-100",TRUE,"RC","Yes","Sheet Metal Workers International Association, Local Union 399",1,"SMART",0.319444444444444,"No",0
"11-RC-006526",NA,"First Student, Inc.",2003-03-24,2004-08-20,"Charleston","SC","A",2004-05-06,341,1,"Amalgamated Transit Union, Local 610, AFL-CIO",145,NA,NA,NA,NA,150,295,"N",2,"N",NA,"Rerun","Single Labor Organization","Certification of Results","Closed","All full-time and regular part-time school bus drivers employed by the Employer at or out of its following Charleston, SC area facilities:  Azeala (N. Charleston); Ladson; Mt. Pleasant/Cario-Pinckney; James Island; Baptist Hill; Johns Island; and St. James Santee, but excluding all other employees, all dispatchers, office clerical employees and guards, professional employees and supervisors as defined in the Act.",NA,NA,NA,409,2004-04-01,2003-01-01,"101-500",TRUE,"RC","Yes","Amalgamated Transit Union, Local 610, AFL-CIO",1,"ATU",0.491525423728814,"No",46
"11-RC-006526",NA,"First Student, Inc.",2003-03-24,2004-08-20,"Charleston","SC","A",2003-05-02,345,0,"Amalgamated Transit Union, Local 610, AFL-CIO",132,NA,NA,NA,NA,178,310,"N",2,"N",NA,"Initial","Single Labor Organization","Certification of Results","Closed","All full-time and regular part-time school bus drivers employed by the Employer at or out of its following Charleston, SC area facilities:  Azeala (N. Charleston); Ladson; Mt. Pleasant/Cario-Pinckney; James Island; Baptist Hill; Johns Island; and St. James Santee, but excluding all other employees, all dispatchers, office clerical employees and guards, professional employees and supervisors as defined in the Act.",NA,NA,NA,39,2003-04-01,2003-01-01,"101-500",FALSE,"RC","Yes","Amalgamated Transit Union, Local 610, AFL-CIO",1,"ATU",0.425806451612903,"No",35
"11-RC-006523",NA,"Land-O-Sun Dairies, Inc. d/b/a Pet Dairy",2003-03-10,2003-05-01,"Florence","SC","A",2003-04-17,137,1,"General Drivers, Warehouseman and Helpers Local Union No. 509 affiliated with International Brotherhood of Teamsters, AFL-CIO",60,NA,NA,NA,NA,70,130,"N",3,"N",NA,"Initial","Single Labor Organization","Certification of Results","Closed","All full-time and regular part-time employees, including box/cart loaders, cratehandlers, equipment mechanics, equipment specialist trainees, filler operators, filleroperator trainees, fill machine oeprators, jug feeder trainees, janitors, leadmen, laboratory technicians, maintenance mechanics """"A"""", """"B"""", and """"C"""", oeprators, OTR drivers, pausteurizers, pullers, production clerks, relief operatos, route salesmane, senior pasteurizers, sanitizers, shipper/checkers, shipping clerks, trailer spotters, and warehousemen employed by the Employer at its Florence, South Carolina facility; excluding office clerical employees, management officials, subcontrat employees, guards and supervisors as defined in the Act.",NA,NA,NA,38,2003-04-01,2003-01-01,"101-500",TRUE,"RC","Yes","General Drivers, Warehouseman and Helpers Local Union No. 509 affiliated with International Brotherhood of Teamsters, AFL-CIO",1,"Teamsters",0.461538461538462,"No",7
"11-RD-000642",NA,"South Carolina Electric & Gas Company",2002-11-15,2003-01-28,"Jenkinsville","SC","A",2003-01-14,330,0,"International Brotherhood of Electrical Workers, Local Union 772, AFL-CIO",128,NA,NA,NA,NA,171,0,"N",299,"N",NA,"Initial","Single Labor Organization","Certification of Results","Closed","Included:  All full-time and regular part-time operations and maintenance employees employed by the Employer at its Jenkinsville, SOuth Carolina, facility, including Planning Assistants; Technical Specialists III: Senior Nuclear Reactor Operators; Nuclear Rector Operators; Senior Auxiliary Oeprators, Auxiliary Opertors; Planning Specialists; Test Specialists II; Test Specialists III; Procedure Specialists; Instrumentation and Control (I & C) Mechanics; Tool Room Attendants; Plant Mechanics; Plant Electricians; Plant Electrician Apprentices; Specialist Planning; Instrument Mechanics; Instrument Mechnaic Apprentices; Instrumentations & Control (I & C) Specialists; Storekeepers; Materials Couriers; Planner Maintenance; Scheduling Coordiantors; Instructor Nuclear Technician in Oeprations Support; Wastewater Assistants; Health Physics Specialists; Health Physics Clerks; Surveillance Specialists III in Materials and Procurement; Quality Control Inspectos I, II and III; Quality Control Palnning Specilists; Quality Assurance Surveillance Specilists II and III; Nuclear Training Instructos III; Nuclear Technical Insturctors;Simulator Oeprator Specilists; Quality Assurance/Quality Control Instructors; Security Instrument Mechanics; and Facility Man-A; employed by the Employer at its Jenkinsville, South Carolina plant.
Excluded:  All Chemistry Specilists; Senior Chemistry Specilists; Outage Coordinator; Project Support Specialists; Mechanical Plannign Coordiantors; Corrdinatos Instrument Planning; Coordinators Civil/Mods; Coordinators Electical; Coordiantors; Coordinator - Year 2000; Assistant Controllers; CFCIP Coordiantors; Senior Engineers; Associate Engineers; Project Support Specilists; Engineers; Procurement Team Leaders; Team Leader Procurement Associates; Procurement Agent; Procurement Associates II and III; Assistant Engineers; Engineering Specilist III; Plant Support Engineers; Shift Engineers; Technicians; Coordinator Regulatory Support; Licensing/OE SPecilists; PSA/PRA Senior Engineers; Administrative Team Leader; Nuclear Operations Building; Administrative Team Leader Nuclear Craft Training Center; Administrative Team Leaders Auxiliary Services and Secuirty Builings; Administrative Team Leader Service Building; Administrative Team Leaders Document Control and Records; Pool Clerical Employees in Nuclear Operations Building; Mail Couriers; Reprographic Specilists; Coordinator Emergency Services; Coordinator Access  Control; Coordinator Security Operations; Emergency Plan Specialists; Security Training Assistants; Shift Leaders; other office clerical employees; and guards, professional employees, and supervisors as defined in the Act.",NA,NA,NA,60,2003-01-01,2002-10-01,"101-500",TRUE,"RD","Yes","International Brotherhood of Electrical Workers, Local Union 772, AFL-CIO",1,"IBEW",NA,"No",31
"11-RC-006504",NA,"Charter Communications, LLC d/b/a Charter Communications",2002-10-17,2002-12-11,"Spartanburg","SC","A",2002-11-27,81,1,"Communications Workers of America Local 3716",21,NA,NA,NA,NA,58,79,"N",0,"N",NA,"Initial","Single Labor Organization","Certification of Results","Closed","Inc:  All CLI Technicians, Construction Coordinators, Customer Counter Representatives, the Customer Counter Representative Lead, Data Services Technicians, Dispatchers, the Headend Coordinator, Headend Technicians, the Headend Technician Senior, Installer Repair Technicians, Purchasing Coordinators, Schedulers, Service Technicians, System Technicians, the System Technician Senior, Warehouse Converter Technicians, the Arehouse Lead, Warehouse employees, Installers, and Specials Services Representatives, employed by the Employer at its Spartanburg, South Carolina facility.

Exc:  The Department Assistant, Technical Operations Manager, Plant Manager, Technical Supervisor, Construction Manager, Customer Care Manager, IT Manager, Technical Trainers, Chief Engineers, Dispatch Supervisor, Warehouse Supervisors, and guards, professional employees and other supervisors as defined in the Act.",NA,NA,NA,41,2002-10-01,2002-10-01,"51-100",TRUE,"RC","Yes","Communications Workers of America Local 3716",1,"CWA",0.265822784810127,"No",2
NA,NA,NA,NA,NA,NA,NA,NA,NA,NA,NA,NA,NA,NA,NA,NA,NA,NA,NA,NA,NA,NA,NA,NA,NA,NA,NA,NA,NA,NA,NA,NA,NA,NA,NA,NA,NA,NA,NA,NA,NA,NA,NA,NA
NA,NA,NA,NA,NA,NA,NA,NA,NA,NA,NA,NA,NA,NA,NA,NA,NA,NA,NA,NA,NA,NA,NA,NA,NA,NA,NA,NA,NA,NA,NA,NA,NA,NA,NA,NA,NA,NA,NA,NA,NA,NA,NA,NA
"11-RC-006493",NA,"Showa Denko Carbon, Inc.",2002-08-12,2002-10-10,"Ridgeville","SC","A",2002-09-26,128,0,"Teamsters Local Union No. 509",53,NA,NA,NA,NA,68,121,"N",0,"N",NA,"Initial","Single Labor Organization","Certification of Results","Closed","All production and maintenance employees employed by the Employer at its Ridgeville, South Carolina plant; excluding all engineers, office clerical employees, amanagerial employees, professional employees, and guards and superviors as defined in the Act.",NA,NA,NA,45,2002-07-01,2002-07-01,"101-500",TRUE,"RC","Yes","Teamsters Local Union No. 509",1,"Teamsters",0.43801652892562,"No",7
"11-RC-006492",NA,"Kentucky-Tennessee Clay Company",2002-08-02,2002-09-26,"Langley","SC","A",2002-09-12,35,0,"International Brotherhood of Boilermakers, Iron Ship Builders, Blacksmiths, Forgers & Helpers, AFL-CIO",16,NA,NA,NA,NA,19,35,"N",3,"N",NA,"Initial","Single Labor Organization","Certification of Results","Closed","All full-time and regular part-time production and maintenance employees, including mining and processing employees and leadmen employed by the Employer at its Langley, South Caorlina facility; excluding lab technicians, office clerical employees, guards, professional employees and supervisors as defined in the Act.",NA,NA,NA,41,2002-07-01,2002-07-01,"26-50",TRUE,"RC","Yes","International Brotherhood of Boilermakers, Iron Ship Builders, Blacksmiths, Forgers & Helpers, AFL-CIO",1,"IBB",0.457142857142857,"No",0
"11-RD-000634",NA,"South Carolina Electric & Gas Company",2002-05-09,2002-06-19,"Cope","SC","A",2002-06-05,51,0,"Local #398, International Brotherhood of Electrical Workers, AFL-CIO-CFL",15,NA,NA,NA,NA,27,42,"N",0,"N",NA,"Initial","Single Labor Organization","Certification of Results","Closed","All full-time and regular part-time production and maintenance employees, including employees performing functions entitled Control Room technicians, Outside Operatior, Relief Contro Room Technician, Maintenance Technician, Material Handler technician, Chemist, Storeroom Technician, and Construction Coordiantor employed by the Employer at its Cope electric generating plant located in Cope, South Caorlina; excluding all other employees, including the Plant Manager, Administrative Assistant, Production Superintendent, Environmental and Safety Coordinator, Budget-Scheduler Analyst, Technical Superintendent, Operations Specialist, Engineers, Coordinator of Training, Operations Team Leaders, Electrical and Instrumentation Team Leader, Mechnical Maintenance Team Leader, Stores and Projects Teams Leader, Material Handling Team Leader, office clerical employees and guards, professional employees and supervisors as defined in the Act.",NA,NA,NA,27,2002-04-01,2002-04-01,"51-100",TRUE,"RD","Yes","Local #398, International Brotherhood of Electrical Workers, AFL-CIO-CFL",1,"IBEW",0.357142857142857,"No",9
"11-RC-006470",NA,"PET/Land-O-Sun Dairies, LLC",2002-02-11,2002-03-27,"Belvedere","SC","A",2002-03-12,9,0,"Teamsters Local Union 509/International Brotherhood ofTeamsters",5,NA,NA,NA,NA,4,9,"N",0,"N","Teamsters Local Union 509/International Brotherhood ofTeamsters","Initial","Single Labor Organization","Certification of Results","Closed","All full-time and regular part-time routemen and senior routeman employed by the Employer at its Belvedere, South Carolina, facility; excluding all office clerical employees and guards, professional employees and supervisors as defined in the Act.

If a majority of valid balltos are cast for the incumbent union, they will be taken to have indicated the employees' desire to be included in the existing unit currently represented by Teamsters Local Union Nos. 22, 28, 61, 509, 549, 592, and 822.  If a majority of valid ballots are not cast for representation, they will be taken to have indicated the employees' desire to reamin unrepresented.",NA,NA,NA,29,2002-01-01,2002-01-01,"6-10",TRUE,"RC","Yes","Teamsters Local Union 509/International Brotherhood ofTeamsters",1,"Teamsters",0.555555555555556,"No",0
NA,NA,NA,NA,NA,NA,NA,NA,NA,NA,NA,NA,NA,NA,NA,NA,NA,NA,NA,NA,NA,NA,NA,NA,NA,NA,NA,NA,NA,NA,NA,NA,NA,NA,NA,NA,NA,NA,NA,NA,NA,NA,NA,NA
NA,NA,NA,NA,NA,NA,NA,NA,NA,NA,NA,NA,NA,NA,NA,NA,NA,NA,NA,NA,NA,NA,NA,NA,NA,NA,NA,NA,NA,NA,NA,NA,NA,NA,NA,NA,NA,NA,NA,NA,NA,NA,NA,NA
"11-RD-000631",NA,"PrimeSouth, Inc.",2001-12-10,2002-01-31,"Aiken","SC","A",2002-01-16,40,1,"IBEW Local 772",9,NA,NA,NA,NA,29,38,"N",0,"N",NA,"Initial","Single Labor Organization","Certification of Results","Closed","All full-time and regular part-time electricians, I&C technicians, mechanics, equipment operatores, control room operators, chemistry lab technicians and auxiliary oeprators employed by the Employer at its Aiken, South Carolina facility; but excluding the plant manager, administrative assistants, fuel yard supervisor, maintenenac supervisor, oeprations supervisor, environmental technician, safety/training specialist, planner scheduler, storekeeper, unit supervisors and guards and supervisors as defined in the Act.",NA,NA,NA,37,2002-01-01,2001-10-01,"26-50",TRUE,"RD","Yes","IBEW Local 772",1,"IBEW",0.236842105263158,"No",2
"11-RC-006454",NA,"Unlimited Security, Inc.",2001-07-12,2001-09-12,"Florence","SC","A",2001-08-29,20,0,"Federation of Police Security and Correction Officers - AFSPA",19,NA,NA,NA,NA,0,19,"N",3,"N","Federation of Police Security and Correction Officers - AFSPA","Initial","Single Labor Organization","Certific. of Representative","Closed","All full-time and regular part-time Security Officers employed by the Employer at its Florence and Columbia, South Carolina facilities, but excludign all other employees, managerial employees, office lcerical employees and professional employees and supervisors as defined in the Act.",NA,NA,NA,48,2001-07-01,2001-07-01,"11-25",TRUE,"RC","Yes","Federation of Police Security and Correction Officers - AFSPA",0,"Uncoded",1,"Yes",1
"11-RC-006448",NA,"WSI of the Southeast, LLC",2001-06-08,2001-09-17,"Georgetown","SC","A",2001-07-26,35,0,"International Longshoremen's Association, Local 1422, AFL-CIO",13,NA,NA,NA,NA,12,25,"N",9,"Y",NA,"Initial","Single Labor Organization","Withdrawal","Closed","All longshoremen, dockworkers, leadmen, crane opeators, lift oeprators, and checkers employed by the Employer in South Carolina; excluding all office clerical employees, and guards, professional employees and supervisors as defined by the Act.",NA,NA,NA,48,2001-07-01,2001-04-01,"26-50",TRUE,"RC","Yes","International Longshoremen's Association, Local 1422, AFL-CIO",1,"ILA",0.52,"Other",10
"11-RC-006442",NA,"GIS SC, Inc.",2001-03-27,2001-05-18,"Charleston Heights","SC","A",2001-05-04,21,0,"International Longshoremen's Association, Local 1422-A,  AFL-CIO",16,NA,NA,NA,NA,4,20,"N",0,"N","International Longshoremen's Association, Local 1422-A,  AFL-CIO","Initial","Single Labor Organization","Certific. of Representative","Closed","All hourly paid full-time and regular part-time mechanics, painters, blasters, equipment mechanics, inspectors, and lift operators employed by the Employer at its Charleston Heights, SC facility; excluding all truck drivers, salespersons, office clerical employees and guards, professional employees and supervisors as defined in the Act.",NA,NA,NA,38,2001-04-01,2001-01-01,"11-25",TRUE,"RC","Yes","International Longshoremen's Association, Local 1422-A,  AFL-CIO",1,"ILA",0.8,"Yes",1
"11-RC-006440",NA,"L-3 Communications",2001-03-21,2001-05-02,"Beaufort","SC","A",2001-04-17,6,0,"International Association of Machinists and Aerospace Workers, AFL-CIO",6,NA,NA,NA,NA,0,6,"N",0,"N","International Association of Machinists and Aerospace Workers, AFL-CIO","Initial","Single Labor Organization","Certific. of Representative","Closed","All full-time and regular part-time electronic techs I, II, and III, and computer operators I, II, and III employed by the Employer at the Marine Corps Air Station in Beaufort, South Carolina; excluding all office clerical employees, and guards, professional employees, and supervisors as defined in the Act.",NA,NA,NA,27,2001-04-01,2001-01-01,"6-10",TRUE,"RC","Yes","International Association of Machinists and Aerospace Workers, AFL-CIO",1,"IAM",1,"Yes",0
"11-RC-006437",NA,"Southeastern Clay Company",2001-02-23,2001-04-24,"Aiken","SC","A",2001-04-05,26,0,"Construction, Production & Maintenance Workers Local #1137 a/w Laborers' International Union",8,NA,NA,NA,NA,18,26,"N",1,"N",NA,"Initial","Single Labor Organization","Certification of Results","Closed","All mining employees, production and maintenance employees, janitorial employees, and truckdrivers employed by the Employer at its Aiken, South Carolina, facility; excluding all office clericla employees and guards, professional employees, and supervisors as defined in the Act.",NA,NA,NA,41,2001-04-01,2001-01-01,"26-50",TRUE,"RC","Yes","Construction, Production & Maintenance Workers Local #1137 a/w Laborers' International Union",1,"LIUNA",0.307692307692308,"No",0
"11-RC-006433",NA,"Giant Resource Recovery Company, Inc.",2001-02-02,2001-03-30,"Harleyville","SC","A",2001-03-16,34,0,"Paper, Allied-Industrial, Chemical and Energy Workers International Union, AFL-CIO,CLC(PACE)",11,NA,NA,NA,NA,22,33,"N",0,"N",NA,"Initial","Single Labor Organization","Certification of Results","Closed","All production and maintenance employees and laboratory employees employed byt he Employer at its Harleyville, South Carolina, facility; excluding all officec clerical employees, and guards, professional employees, and supervisors as defined in the Act.",NA,NA,NA,42,2001-01-01,2001-01-01,"26-50",TRUE,"RC","Yes","Paper, Allied-Industrial, Chemical and Energy Workers International Union, AFL-CIO,CLC(PACE)",1,"USW",0.333333333333333,"No",1
"11-RC-006427",NA,"Blue Circle Cement Company",2000-11-06,2000-12-29,"Harleyville","SC","A",2000-12-15,87,0,"Paper, Allied-Industrial, Chemical & Energy Workers International Union, AFL-CIO-CLC",25,NA,NA,NA,NA,58,83,"N",3,"N",NA,"Initial","Single Labor Organization",NA,"Closed","All full-time and regular part-time production and maintenance employees, including laboratory employees, shipping employees, pack house employees, yard employees, instrumentation technician, utility employee, shop employees, quarry employees, electricla maintenance employees, console operators, console relief operator, storeroom employees, heavy equipment operator; and leadpersons employed by the Employer at its Harleyville, South Carolina faiclity; excluding office clerical employees and guards, professional employees, and supervisors as defined in the Act.",NA,NA,NA,39,2000-10-01,2000-10-01,"51-100",TRUE,"RC","Yes","Paper, Allied-Industrial, Chemical & Energy Workers International Union, AFL-CIO-CLC",0,"Uncoded",0.301204819277108,"Other",4
"11-RC-006426",NA,"The Wackenhut Corporation, Nuclear Services Division",2000-10-30,2001-02-07,"Jenkinsville","SC","A",2000-12-12,37,0,"International Union, United Plant Guard Workers of America (UPGWA)",33,NA,NA,NA,NA,2,35,"N",0,"N","International Union, United Plant Guard Workers of America (UPGWA)","Initial","Single Labor Organization","Certific. of Representative","Closed","Inc:  All full-time and regular part-time security officers employed by the Employer at the V.C. Summer Nuclear Station located in Jenkinsville, South Carolina, excluding all CAS/SAS operators, office clerical employees, and professional employees, and supervisors as defined in the Act.",NA,NA,NA,43,2000-10-01,2000-10-01,"26-50",TRUE,"RC","Yes","International Union, United Plant Guard Workers of America (UPGWA)",0,"Uncoded",0.942857142857143,"Yes",2
NA,NA,NA,NA,NA,NA,NA,NA,NA,NA,NA,NA,NA,NA,NA,NA,NA,NA,NA,NA,NA,NA,NA,NA,NA,NA,NA,NA,NA,NA,NA,NA,NA,NA,NA,NA,NA,NA,NA,NA,NA,NA,NA,NA
NA,NA,NA,NA,NA,NA,NA,NA,NA,NA,NA,NA,NA,NA,NA,NA,NA,NA,NA,NA,NA,NA,NA,NA,NA,NA,NA,NA,NA,NA,NA,NA,NA,NA,NA,NA,NA,NA,NA,NA,NA,NA,NA,NA
"11-RC-006420",NA,"Norway Telephone Company, Inc.",2000-09-14,2000-11-07,"Williston","SC","A",2000-10-18,2,0,"Communications Workers of America, AFL-CIO",2,NA,NA,NA,NA,0,0,"N",0,"N","Communications Workers of America, AFL-CIO","Initial","Single Labor Organization","Certific. of Representative","Closed","All full-time and regular part-time customer service technicians and customer sales & service representatives employed by the Employer at its Norway, South Carolina facility; excluding managers and guards, professional employees and supervisors as defined in the Act.",NA,NA,NA,34,2000-10-01,2000-07-01,"<5",TRUE,"RC","Yes","Communications Workers of America, AFL-CIO",1,"CWA",NA,"Yes",0
"11-RC-006418",NA,"TDS Telecom - Williston; TDS Telecom - Norway; TDS Telecom - North",2000-09-07,2000-11-07,"Williston","SC","A",2000-10-18,12,0,"Communications Workers of America, AFL-CIO",5,NA,NA,NA,NA,7,12,"N",0,"N",NA,"Initial","Single Labor Organization","Certification of Results","Closed","All full-time and regular part-time customer service technicians and customer sales & service representtives employed by the Employer at its Williston, South Carolina dn North, South Carolina, facilities; excluding managers and guards, professional employees and sueprvisors as defined in the Act.",NA,NA,NA,41,2000-10-01,2000-07-01,"11-25",TRUE,"RC","Yes","Communications Workers of America, AFL-CIO",1,"CWA",0.416666666666667,"No",0
"11-RD-000607",NA,"Primesouth, Inc.",2000-08-17,2000-09-27,"Aiken","SC","A",2000-09-12,39,0,"IBEW Local 772",20,NA,NA,NA,NA,19,39,"N",0,"N","IBEW Local 772","Initial","Single Labor Organization","Certific. of Representative","Closed","All full-time and regular part-time electriacians, I & C technicians, mechanics, equipment operators, control room operators, chemistry lab technicianbs and suxiliary operators employed by the Employer at its Aiken, South Carolina facility but excluding the plant manager, administrative assistants, fuel yard supervisor, maintenance supervisor, operations supervisor, environmental technician, safety/training specialist, plannter scheduler, storekeeper, unit supervisors and guards and supervisors as defined in the Act.",NA,NA,NA,26,2000-07-01,2000-07-01,"26-50",TRUE,"RD","Yes","IBEW Local 772",1,"IBEW",0.512820512820513,"Yes",0
"11-RC-006409",NA,"3V Chemical, Inc.",2000-07-03,2000-08-24,"Georgetown","SC","A",2000-08-10,153,0,"United Steelworkers of AMerica AFL-CIO-CLC, Local 7898",35,NA,NA,NA,NA,106,141,"N",0,"N",NA,"Initial","Single Labor Organization","Certification of Results","Closed","All production, maintenance, quality control and plant clerical employees employed by the Employrer at its Georgetown, Southe Carolina, facility; excluding office clerical employees, technical employees, and guards, professional employees, and supervisors as defined in the Act.",NA,NA,NA,38,2000-07-01,2000-07-01,"101-500",TRUE,"RC","Yes","United Steelworkers of AMerica AFL-CIO-CLC, Local 7898",1,"USW",0.24822695035461,"No",12
"11-RC-006406",NA,"South Carolina Electric and Gas Company",2000-06-02,2001-04-09,"Columbia","SC","A",2001-03-22,319,1,"International Brotherhood of Electrical Workers, Local Union 772, AFL-CIO",158,NA,NA,NA,NA,153,311,"N",3,"N","International Brotherhood of Electrical Workers, Local Union 772, AFL-CIO","Initial","Revised Single Labor Org","Certific. of Representative","Closed","All full-time and regular part-time operations and maintenance employees employed by the Employer at its Jenkinsville, South Carolina, facility, including Planning Assistants; Technical Specialists III, Senior Nuclear Reactor Operators; Nuclear Reactor Operators, Senior Auxiliary Operators, Auxiliary Operators; Planning Specialists; Test Specialists III; Test Specialists III; Procedure Specialists; Instrumentation and Control (I & C) Mechanics; Tool Room Attenadants; Plant Mechanics; Plant Electricians; Specialist Planning; Instrument Mechanics;  Instrument Mechanic Apprentices; Instrumentation & Control (I & C) Speciallists; Storekeepers; Materials Couriers; Planner Maintenance; Scheduling Coordinators; Instructor Nuclear Technician in Iperations Support; Wastewater Assistants; Health Physics Specilists; Health Physics Clerks; Surveillance Specialists III in Materials and Procurement; Inspectos III in Materials and Procurement; Quality Control Inspectors I, II and III; Quality Control Planning Specialists; Qualit Assurance Surveillance Specialists II and III; Nurclear Training Instructors III, Nuclear Technical Instructors; and Facility Man-A; but excluding, Chemistry Specialists; Senior Chemistry Specialists; Outage Coordinator, Project Support Specialists; Mechanical Planning Coordinators; Coordinators Instrument Planning; Coordinators Civil/Mods; Coordinators; Coordinators Instrument Planning; Coordinators Civil/Mods; Coordinators Electrical; Coordiantors Mechanical Planning; Adminsitrative Shift Engineers; Shift Engineers; NPDES/Hazardous Waste Coordinators; Coordinator - Year 2000; Assistant Controllers; CFCIP Coordinators; Senior Engineers; Associate Engineers; Project Support Specilists; Engineers; Procurement Team Leaders; Team Leader Procurement Associates; Procurement Agent; Procurement Associates II and III; Assistant Engineers; Engineering Specialist III; Plant Support Engineers; Shift Engineers; Technicians; Coordinator Regulatory Support; Licensing/OC Specilists; PSA/PRA Senior Engineers; Adminsitrative Team Leader Nuclear Craft Training Centers; Administrative Team Leaders Auxiliary Services and Security Buildings; Administrative Team Leader Service Building; Administrative Team Leaders Coument Control and Records; Pool Clerical Employees in Nuclear Operations Building; Mail Couriers; Reprographic Specialists; Coordinator Emergency Services; Coordinator Access Control; Coordinator Security Operations; Emergency Plan Specialists; Security Training Assistants; Shift Leaders; other office clerical employees; and guars, professional employees, and supervisors as defined in the Act.",NA,NA,NA,293,2001-01-01,2000-04-01,"101-500",TRUE,"RC","Yes","International Brotherhood of Electrical Workers, Local Union 772, AFL-CIO",1,"IBEW",0.508038585209003,"Yes",8
"11-RC-006406",NA,"South Carolina Electric and Gas Company",2000-06-02,2001-04-09,"Columbia","SC","A",2000-10-13,319,NA,"International Brotherhood of Electrical Workers, Local Union 772, AFL-CIO",156,NA,NA,NA,NA,143,299,"N",16,"N",NA,"Initial","Revised Single Labor Org","Certific. of Representative","Closed","All full-time and regular part-time operations and maintenance employees employed by the Employer at its Jenkinsville, South Carolina, facility, including Planning Assistants; Technical Specialists III, Senior Nuclear Reactor Operators; Nuclear Reactor Operators, Senior Auxiliary Operators, Auxiliary Operators; Planning Specialists; Test Specialists III; Test Specialists III; Procedure Specialists; Instrumentation and Control (I & C) Mechanics; Tool Room Attenadants; Plant Mechanics; Plant Electricians; Specialist Planning; Instrument Mechanics;  Instrument Mechanic Apprentices; Instrumentation & Control (I & C) Speciallists; Storekeepers; Materials Couriers; Planner Maintenance; Scheduling Coordinators; Instructor Nuclear Technician in Iperations Support; Wastewater Assistants; Health Physics Specilists; Health Physics Clerks; Surveillance Specialists III in Materials and Procurement; Inspectos III in Materials and Procurement; Quality Control Inspectors I, II and III; Quality Control Planning Specialists; Qualit Assurance Surveillance Specialists II and III; Nurclear Training Instructors III, Nuclear Technical Instructors; and Facility Man-A; but excluding, Chemistry Specialists; Senior Chemistry Specialists; Outage Coordinator, Project Support Specialists; Mechanical Planning Coordinators; Coordinators Instrument Planning; Coordinators Civil/Mods; Coordinators; Coordinators Instrument Planning; Coordinators Civil/Mods; Coordinators Electrical; Coordiantors Mechanical Planning; Adminsitrative Shift Engineers; Shift Engineers; NPDES/Hazardous Waste Coordinators; Coordinator - Year 2000; Assistant Controllers; CFCIP Coordinators; Senior Engineers; Associate Engineers; Project Support Specilists; Engineers; Procurement Team Leaders; Team Leader Procurement Associates; Procurement Agent; Procurement Associates II and III; Assistant Engineers; Engineering Specialist III; Plant Support Engineers; Shift Engineers; Technicians; Coordinator Regulatory Support; Licensing/OC Specilists; PSA/PRA Senior Engineers; Adminsitrative Team Leader Nuclear Craft Training Centers; Administrative Team Leaders Auxiliary Services and Security Buildings; Administrative Team Leader Service Building; Administrative Team Leaders Coument Control and Records; Pool Clerical Employees in Nuclear Operations Building; Mail Couriers; Reprographic Specialists; Coordinator Emergency Services; Coordinator Access Control; Coordinator Security Operations; Emergency Plan Specialists; Security Training Assistants; Shift Leaders; other office clerical employees; and guars, professional employees, and supervisors as defined in the Act.",NA,NA,NA,133,2000-10-01,2000-04-01,"101-500",FALSE,"RC","Yes","International Brotherhood of Electrical Workers, Local Union 772, AFL-CIO",1,"IBEW",0.521739130434783,"Yes",20
"11-RC-006406",NA,"South Carolina Electric and Gas Company",2000-06-02,2001-04-09,"Columbia","SC","A",2000-08-23,319,0,"International Brotherhood of Electrical Workers, Local Union 772, AFL-CIO",147,NA,NA,NA,NA,128,275,"N",40,"Y",NA,"Initial","Single Labor Organization","Certific. of Representative","Closed","All full-time and regular part-time operations and maintenance employees employed by the Employer at its Jenkinsville, South Carolina, facility, including Planning Assistants; Technical Specialists III, Senior Nuclear Reactor Operators; Nuclear Reactor Operators, Senior Auxiliary Operators, Auxiliary Operators; Planning Specialists; Test Specialists III; Test Specialists III; Procedure Specialists; Instrumentation and Control (I & C) Mechanics; Tool Room Attenadants; Plant Mechanics; Plant Electricians; Specialist Planning; Instrument Mechanics;  Instrument Mechanic Apprentices; Instrumentation & Control (I & C) Speciallists; Storekeepers; Materials Couriers; Planner Maintenance; Scheduling Coordinators; Instructor Nuclear Technician in Iperations Support; Wastewater Assistants; Health Physics Specilists; Health Physics Clerks; Surveillance Specialists III in Materials and Procurement; Inspectos III in Materials and Procurement; Quality Control Inspectors I, II and III; Quality Control Planning Specialists; Qualit Assurance Surveillance Specialists II and III; Nurclear Training Instructors III, Nuclear Technical Instructors; and Facility Man-A; but excluding, Chemistry Specialists; Senior Chemistry Specialists; Outage Coordinator, Project Support Specialists; Mechanical Planning Coordinators; Coordinators Instrument Planning; Coordinators Civil/Mods; Coordinators; Coordinators Instrument Planning; Coordinators Civil/Mods; Coordinators Electrical; Coordiantors Mechanical Planning; Adminsitrative Shift Engineers; Shift Engineers; NPDES/Hazardous Waste Coordinators; Coordinator - Year 2000; Assistant Controllers; CFCIP Coordinators; Senior Engineers; Associate Engineers; Project Support Specilists; Engineers; Procurement Team Leaders; Team Leader Procurement Associates; Procurement Agent; Procurement Associates II and III; Assistant Engineers; Engineering Specialist III; Plant Support Engineers; Shift Engineers; Technicians; Coordinator Regulatory Support; Licensing/OC Specilists; PSA/PRA Senior Engineers; Adminsitrative Team Leader Nuclear Craft Training Centers; Administrative Team Leaders Auxiliary Services and Security Buildings; Administrative Team Leader Service Building; Administrative Team Leaders Coument Control and Records; Pool Clerical Employees in Nuclear Operations Building; Mail Couriers; Reprographic Specialists; Coordinator Emergency Services; Coordinator Access Control; Coordinator Security Operations; Emergency Plan Specialists; Security Training Assistants; Shift Leaders; other office clerical employees; and guars, professional employees, and supervisors as defined in the Act.",NA,NA,NA,82,2000-07-01,2000-04-01,"101-500",FALSE,"RC","Yes","International Brotherhood of Electrical Workers, Local Union 772, AFL-CIO",1,"IBEW",0.534545454545455,"Yes",44
"11-RC-006395",NA,"Carolina Security Patrol Incorporated",2000-04-26,2000-06-07,"Charleston","SC","A",2000-05-24,9,0,"United Government Security Officers of America for and on Behalf of Local #204",7,NA,NA,NA,NA,0,7,"N",2,"N","United Government Security Officers of America for and on Behalf of Local #204","Initial","Single Labor Organization","Certific. of Representative","Closed","Included   All full-time and regular part-time security officers, including leads and assistant leads, employed by the Employer at the Federal Buildings in Charleston, South Carolina; excluding all managers, temporary employees, substitute employees, office clerical employees, professional employees, and supervisors as defined in the Act..",NA,NA,NA,28,2000-04-01,2000-04-01,"6-10",TRUE,"RC","Yes","United Government Security Officers of America for and on Behalf of Local #204",1,"UGSOA",1,"Yes",2
NA,NA,NA,NA,NA,NA,NA,NA,NA,NA,NA,NA,NA,NA,NA,NA,NA,NA,NA,NA,NA,NA,NA,NA,NA,NA,NA,NA,NA,NA,NA,NA,NA,NA,NA,NA,NA,NA,NA,NA,NA,NA,NA,NA
NA,NA,NA,NA,NA,NA,NA,NA,NA,NA,NA,NA,NA,NA,NA,NA,NA,NA,NA,NA,NA,NA,NA,NA,NA,NA,NA,NA,NA,NA,NA,NA,NA,NA,NA,NA,NA,NA,NA,NA,NA,NA,NA,NA
"11-RC-006386",NA,"Charter Communications",2000-03-10,2000-05-11,"Spartanburg","SC","A",2000-04-28,60,1,"Communications Workers of America, AFL-CIO",7,NA,NA,NA,NA,50,57,"N",0,"N",NA,"Initial","Single Labor Organization","Certification of Results","Closed","All systems techs, installer repair techs, video techs, warehousepersons, dispatchers, and customer service representatives employed by the Employer at its Spartanburg, South Carolina, faicllity; excluding all office clerical employees, secretarial employees, confidential employees, salesmen, managers, and guards, professional employees, and supervisors as defined in the Act.",NA,NA,NA,49,2000-04-01,2000-01-01,"51-100",TRUE,"RC","Yes","Communications Workers of America, AFL-CIO",1,"CWA",0.12280701754386,"No",3
"11-RC-006385",NA,"Clariant Corp.",2000-03-06,2000-05-22,"Carlisle","SC","A",2000-05-05,48,0,"International Union of Operating Engineers, Local 470, AFL-CIO",26,NA,NA,NA,NA,22,0,"N",0,"N","International Union of Operating Engineers, Local 470, AFL-CIO","Initial","Single Labor Organization","Certific. of Representative","Closed","All full-time and regular part-time hourly paid production employees including warehouse operators, packaging operators, ground 1 operators, ground 2 operators, dryer operators 1, dryer opertors 2, laboratory technicians, production operators, store clerks, lead warehouse opertors, and control room operators employed by the Employer at its Carlisle, South Carolina facility, but excluding all office clerical employees, management personnel, and guards, professional employees and supervisors as defined in the Act.",NA,NA,NA,60,2000-04-01,2000-01-01,"26-50",TRUE,"RC","Yes","International Union of Operating Engineers, Local 470, AFL-CIO",1,"IUOE",NA,"Yes",0
NA,NA,NA,NA,NA,NA,NA,NA,NA,NA,NA,NA,NA,NA,NA,NA,NA,NA,NA,NA,NA,NA,NA,NA,NA,NA,NA,NA,NA,NA,NA,NA,NA,NA,NA,NA,NA,NA,NA,NA,NA,NA,NA,NA
NA,NA,NA,NA,NA,NA,NA,NA,NA,NA,NA,NA,NA,NA,NA,NA,NA,NA,NA,NA,NA,NA,NA,NA,NA,NA,NA,NA,NA,NA,NA,NA,NA,NA,NA,NA,NA,NA,NA,NA,NA,NA,NA,NA
"11-RC-006380",NA,"Interstate Brands, Inc.",2000-02-10,2000-04-20,"Greenville","SC","A",2000-03-23,18,0,"Local 2828, UAW",3,NA,NA,NA,NA,14,17,"N",0,"N",NA,"Initial","Single Labor Organization","Certification of Results","Closed","All full time and regular part time route salesmen, route salesmen trainees, relief salesmen and thrift store employees employed by the Employer at its Greenville, South Carolina, depot; excluding all dispatchers, office clerical employees and guards, professional employees, and supervisors as defined in the Act.",NA,NA,NA,42,2000-01-01,2000-01-01,"11-25",TRUE,"RC","Yes","Local 2828, UAW",1,"UAW",0.176470588235294,"No",1
"11-RC-006378",NA,"Duracell, A Division of the Gillette Company",2000-02-04,2000-03-31,"Lancaster","SC","A",2000-03-17,915,3,"United Steelworkers of America, AFL-CIO",226,NA,NA,NA,NA,595,821,"N",20,"N",NA,"Initial","Single Labor Organization","Certification of Results","Closed","All full-time and reguar part-time production and maintenance employees, employed by the Employer at its Lancaster, South Carolina, facility, including those in the following departments and job categories:  cell assembly, cell aging clerk, powder room, maintenance, testing, metals, plastics, central stores, shipping, receiving, warehouse, transportation clerk, environmental health and safety, facilities, machine shop, quality employees, millwright, incoming inspection, plant clerks, production control/material handlers, production delivery systems, electronics, mechanics, and electricians; excluding all other employees, temporary employees, office clerical employees, and guards, professional employees, and supervisors as defined in the Act.",NA,NA,NA,42,2000-01-01,2000-01-01,"500>",TRUE,"RC","Yes","United Steelworkers of America, AFL-CIO",1,"USW",0.275274056029233,"No",94
"11-RC-006376",NA,"Kentucky Tennessee Clay Company",2000-01-31,2000-11-02,"Langley","SC","A",2000-03-15,45,0,"Cement, Lime, Gypsum & Allied Wkrs Div. of the International Brotherhood of Boilermakers",23,NA,NA,NA,NA,21,44,"N",1,"N","Cement, Lime, Gypsum & Allied Wkrs Div. of the International Brotherhood of Boilermakers","Initial","Single Labor Organization","Certific. of Representative","Closed","All full-time and regular part-time production and maintenance employees, including mining and processing employees and leadmen employed by the employer at its Langley, South Carolina facility; EXCLUDING lab technicians, office clerical employees, guards, professional employees and supervisors as defined in the Act.",NA,NA,NA,44,2000-01-01,2000-01-01,"26-50",TRUE,"RC","Yes","Cement, Lime, Gypsum & Allied Wkrs Div. of the International Brotherhood of Boilermakers",1,"IBB",0.522727272727273,"Yes",1
"11-RC-006377",NA,"Interstate Brands",2000-01-31,2000-03-23,"Anderson","SC","A",2000-03-09,13,0,"Bakery, Confectionery, Tobacco Workers and Grain Millers International Union Local 503",8,NA,NA,NA,NA,4,12,"N",0,"N","Bakery, Confectionery, Tobacco Workers and Grain Millers International Union Local 503","Initial","Single Labor Organization","Certific. of Representative","Closed","All full time and regular part time route salesmen, route salesmen trainees, relief salesmen and thrift store employees employed by the Employer at its Anderson, South Carolina, depot; excluding all dispatchers, office clerical employees and guards, professional employees, and supervisors as defined in the Act.",NA,NA,NA,38,2000-01-01,2000-01-01,"11-25",TRUE,"RC","Yes","Bakery, Confectionery, Tobacco Workers and Grain Millers International Union Local 503",1,"BCTGM",0.666666666666667,"Yes",1
"11-RC-006375",NA,"Sodexho Marriott Services, Inc.",2000-01-20,2000-03-16,"Georgetown","SC","A",2000-03-02,36,0,"United Steelworkers of America - Local 7898",19,NA,NA,NA,NA,16,35,"N",0,"N","United Steelworkers of America - Local 7898","Initial","Single Labor Organization","Certific. of Representative","Closed","Included:  All full-time and regular part-time food service employees including dietary clerks and lead people emplyed by Sodexho Marriott Services, Inc. at its Georgetown Memorial Hospital location in Georgetown, South Carolina; excluding the bookkeeper, dieticians, mental disability assistance agency referrals, office clerical employees and guards, professional employees and supervisors as defined in the Act.",NA,NA,NA,42,2000-01-01,2000-01-01,"26-50",TRUE,"RC","Yes","United Steelworkers of America - Local 7898",1,"USW",0.542857142857143,"Yes",1
"11-RC-006368",NA,"South Carolina Electric & Gas Company",1999-12-13,2000-02-03,"Cope","SC","A",2000-01-20,50,1,"Local 398, IBEW, AFL-CIO-CFL",37,NA,NA,NA,NA,15,52,"N",0,"N","Local 398, IBEW, AFL-CIO-CFL","Initial","Single Labor Organization","Certific. of Representative","Closed","All full-time and regular part-time production and maintenance employees, including employees performing functions entitled Control Room Technicians, Outside Operator, Relief Control Room Technician, Maintenance Technician, Material Handler Technician, Chemist, Storeroom Technician, and Construction Coordinator employed by the Employer at its Cope electric generating plant located in Cope, South Carolina; excluding all other employees, including the Plant Manager, Administrative Assistant, Production Superintendent, Environmental and Safety Coordinator, Budget-Scheduler analyst, Technical Superintendent, Operations Specialist, Engineers, Coordinator of Training, Operations Team Leaders, Electrical and Instrumentation Team leader, Mechanical Maintenance Team Leader, Stores and Projects Team Leader, Material Handling Team Leader, office clerical employees and guards, professional employees and supervisors as defined in the Act.",NA,NA,NA,38,2000-01-01,1999-10-01,"26-50",TRUE,"RC","Yes","Local 398, IBEW, AFL-CIO-CFL",1,"IBEW",0.711538461538462,"Yes",-2
"11-RC-006367",NA,"Charleston Marine Container, Inc.",1999-12-09,2000-11-09,"Charleston","SC","A",2000-10-26,81,0,"United Steelworkers of America, AFL-CIO",38,NA,NA,NA,NA,39,77,"N",0,"N",NA,"Initial","Revised Single Labor Org","Certification of Results","Closed","All full time production, maintenance, and warehouse employees, including crew leaders employed by the employer at its Charleston, South Carolina, facility; but excluding office clerical employees, professional employees, guards, and supervisors as defined in the Act.",NA,NA,NA,322,2000-10-01,1999-10-01,"51-100",TRUE,"RC","Yes","United Steelworkers of America, AFL-CIO",1,"USW",0.493506493506494,"No",4
"11-RC-006367",NA,"Charleston Marine Container, Inc.",1999-12-09,2000-11-09,"Charleston","SC","A",2000-02-07,81,0,"United Steelworkers of America, AFL-CIO",35,NA,NA,NA,NA,37,72,"N",5,"Y",NA,"Initial","Single Labor Organization","Certification of Results","Closed","All full time production, maintenance, and warehouse employees, including crew leaders employed by the employer at its Charleston, South Carolina, facility; but excluding office clerical employees, professional employees, guards, and supervisors as defined in the Act.",NA,NA,NA,60,2000-01-01,1999-10-01,"51-100",FALSE,"RC","Yes","United Steelworkers of America, AFL-CIO",1,"USW",0.486111111111111,"No",9
"11-RC-006364",NA,"Land-O-Sun Dairies",1999-11-23,2000-01-21,"Belvedere","SC","A",2000-01-06,6,3,"Teamsters Local Union #549",3,NA,NA,NA,NA,3,6,"N",0,"N",NA,"Initial","Single Labor Organization","Certification of Results","Closed","All routemen employed by the Employer at its Belvedere, South Carolina facility; excluding all guards, professional employees, and supervisors as defined in the Act.",NA,NA,NA,44,2000-01-01,1999-10-01,"6-10",TRUE,"RC","Yes","Teamsters Local Union #549",1,"Teamsters",0.5,"No",0
"11-RC-006363",NA,"Omnova Solutions, Inc.",1999-11-18,2000-01-28,"Chester","SC","A",2000-01-08,71,0,"International Union of Operating Engineers, Local 470, AFL-CIO",36,NA,NA,NA,NA,32,68,"N",2,"N","International Union of Operating Engineers, Local 470, AFL-CIO","Initial","Single Labor Organization","Certific. of Representative","Closed","All hourly paid full-time and regular part-time production and maintenance employees employed by the Employer at its Chester, South Carolina facility, but excluding all office clerical employees, quality control technicians, laboratory technicians (applications and synthesis) and guards, professional employees and supervisors as defined in the Act.",NA,NA,NA,51,2000-01-01,1999-10-01,"51-100",TRUE,"RC","Yes","International Union of Operating Engineers, Local 470, AFL-CIO",1,"IUOE",0.529411764705882,"Yes",3
"11-RC-006360",NA,"Pirelli Cable & Systems LLC",1999-10-18,2001-07-13,"Abbeville","SC","A",1999-12-09,195,0,"International Brotherhood of Electrical Workers, Local Union 2236, AFL-CIO",72,NA,NA,NA,NA,119,191,"N",12,"N",NA,"Initial","Single Labor Organization","Withdrawal","Closed",NA,NA,NA,NA,52,1999-10-01,1999-10-01,"101-500",TRUE,"RC","Yes","International Brotherhood of Electrical Workers, Local Union 2236, AFL-CIO",1,"IBEW",0.37696335078534,"Other",4
"11-RC-006358",NA,"Johnson Controls World Services, Inc.",1999-10-04,1999-11-18,"Aiken","SC","A",1999-11-10,36,0,"Transport Workers Union of America, AFL-CIO",20,NA,NA,NA,NA,14,34,"N",0,"N","Transport Workers Union of America, AFL-CIO","Initial","Single Labor Organization","Certific. of Representative","Closed","All full-time and regular part-time service and maintenance employees employed by th Employer at its Savannah River Site, Aiken, South Carolina facility; but excluding all other employees, office clerical employees, administrative employees and guards, professsional employees and supervisors as defined in the Act.",NA,NA,NA,37,1999-10-01,1999-10-01,"26-50",TRUE,"RC","Yes","Transport Workers Union of America, AFL-CIO",1,"TWU",0.588235294117647,"Yes",2
"11-RD-000599",NA,"Amerada Hess Corporation",1999-09-27,1999-12-29,"N. Charleston","SC","A",1999-12-15,40,0,"Teamsters Local Union No. 509, affiliated with the International Brotherhood of Teamsters",22,NA,NA,NA,NA,16,38,"N",0,"N","Teamsters Local Union No. 509, affiliated with the International Brotherhood of Teamsters","Initial","Single Labor Organization","Certific. of Representative","Closed","All full-time drivers and garage mechanics employed by the Employer at its North Charleston, South Carolina facility; excluding all other employees including, dispatchers, plant operators, clerical employees, supervisors and guards as defined in the Act.",NA,NA,NA,79,1999-10-01,1999-07-01,"26-50",TRUE,"RD","Yes","Teamsters Local Union No. 509, affiliated with the International Brotherhood of Teamsters",1,"Teamsters",0.578947368421053,"Yes",2
"11-RC-006355",NA,"Servicemaster Company, Inc. d/b/a Servicemaster Healthcare Management Services",1999-08-23,1999-10-07,"Georgetown","SC","A",1999-09-29,38,0,"United Steelworkers of America, Local 7898",30,NA,NA,NA,NA,8,38,"N",4,"N","United Steelworkers of America, Local 7898","Initial","Single Labor Organization","Certific. of Representative","Closed","All full-time and regular part-time housekeeping and  & clinical equipment employees employed by ServiceMaster Company, Inc. d/b/a ServiceMaster Healthcare Management Services  at its Georgetown, Memorial Hospital location in Georgetown, South Carolina, EXCLUDING office clerical employees, professional employees, guards and supervisors as defined in the Act.",NA,NA,NA,37,1999-07-01,1999-07-01,"26-50",TRUE,"RC","Yes","United Steelworkers of America, Local 7898",1,"USW",0.789473684210526,"Yes",0
"11-RC-006350",NA,"Haddon House Food Products",1999-07-23,2000-01-21,"Richburg","SC","A",1999-09-16,206,0,"United Food and Commercial Workers International Union, AFL-CIO, Local 204",75,NA,NA,NA,NA,108,183,"N",18,"N",NA,"Initial","Single Labor Organization","Certification of Results","Closed","All full-time and regular part-time warehouse and distribution employees, including part-time temporary employees, employed by the Employer and Flavor Delite at the Employer's Richburg, South Carolina facility, but excluding office clerical employees, truck drivers and guards, professional employees and supervisors as defined in the Act.",NA,NA,NA,55,1999-07-01,1999-07-01,"101-500",TRUE,"RC","Yes","United Food and Commercial Workers International Union, AFL-CIO, Local 204",1,"UFCW",0.409836065573771,"No",23
"11-RD-000597",NA,"The Methodist Oaks",1999-06-17,1999-10-01,"Orangeburg","SC","A",1999-09-23,181,0,"National Association of Government Employees",48,NA,NA,NA,NA,80,128,"N",0,"N",NA,"Initial","Single Labor Organization","Certification of Results","Closed","All Certified Nursing Assistants, Housekeeping Aides, Laundry Aides, Head Cooks, Assistant Cooks, Salad Makers Dietary Aides, and Maintenance Helpers employed by the Employer at its Orangeburg, South Carolina facility, but excludinf all office clerical employees, registered nurses, licensed practical nurses, charge nurses, social workers, activities coordinators, managerial personnel and supervisors in the Act.",NA,NA,NA,98,1999-07-01,1999-04-01,"101-500",TRUE,"RD","Yes","National Association of Government Employees",1,"NAGE",0.375,"No",53
NA,NA,NA,NA,NA,NA,NA,NA,NA,NA,NA,NA,NA,NA,NA,NA,NA,NA,NA,NA,NA,NA,NA,NA,NA,NA,NA,NA,NA,NA,NA,NA,NA,NA,NA,NA,NA,NA,NA,NA,NA,NA,NA,NA
NA,NA,NA,NA,NA,NA,NA,NA,NA,NA,NA,NA,NA,NA,NA,NA,NA,NA,NA,NA,NA,NA,NA,NA,NA,NA,NA,NA,NA,NA,NA,NA,NA,NA,NA,NA,NA,NA,NA,NA,NA,NA,NA,NA
"11-RC-006327",NA,"The Earthgrains Company",1999-03-08,2003-07-29,"Orangeburg","SC","A",1999-04-22,18,0,"International Brotherhood of Electrical Workers, AFL-CIO, Local 776",2,NA,NA,NA,NA,16,18,"N",0,"N",NA,"Initial","Single Labor Organization","Withdrawal","Closed","All full time and regular part time maintenance department employees, including mechanics, lead mechanics, maintenance department plant clerical employees, and painters employed by the employer at its Orangeburg, SC facility; excluding all other employees, office clerical employees, and guards, professional employees and supervisors as defined in the Act.",NA,NA,NA,45,1999-04-01,1999-01-01,"11-25",TRUE,"RC","Yes","International Brotherhood of Electrical Workers, AFL-CIO, Local 776",1,"IBEW",0.111111111111111,"Other",0
NA,NA,NA,NA,NA,NA,NA,NA,NA,NA,NA,NA,NA,NA,NA,NA,NA,NA,NA,NA,NA,NA,NA,NA,NA,NA,NA,NA,NA,NA,NA,NA,NA,NA,NA,NA,NA,NA,NA,NA,NA,NA,NA,NA
NA,NA,NA,NA,NA,NA,NA,NA,NA,NA,NA,NA,NA,NA,NA,NA,NA,NA,NA,NA,NA,NA,NA,NA,NA,NA,NA,NA,NA,NA,NA,NA,NA,NA,NA,NA,NA,NA,NA,NA,NA,NA,NA,NA
NA,NA,NA,NA,NA,NA,NA,NA,NA,NA,NA,NA,NA,NA,NA,NA,NA,NA,NA,NA,NA,NA,NA,NA,NA,NA,NA,NA,NA,NA,NA,NA,NA,NA,NA,NA,NA,NA,NA,NA,NA,NA,NA,NA
"11-RC-006312",NA,"Boeing Aircraft, Inc.",1998-12-22,2000-01-21,"Charleston","SC","A",1999-02-18,12,0,"International Association of Machinists and Aerospace Workers, AFL-CIO",3,NA,NA,NA,NA,7,10,"N",1,"N",NA,"Initial","Single Labor Organization","Withdrawal","Closed",NA,NA,NA,NA,58,1999-01-01,1998-10-01,"11-25",TRUE,"RC","Yes","International Association of Machinists and Aerospace Workers, AFL-CIO",1,"IAM",0.3,"Other",2
NA,NA,NA,NA,NA,NA,NA,NA,NA,NA,NA,NA,NA,NA,NA,NA,NA,NA,NA,NA,NA,NA,NA,NA,NA,NA,NA,NA,NA,NA,NA,NA,NA,NA,NA,NA,NA,NA,NA,NA,NA,NA,NA,NA
NA,NA,NA,NA,NA,NA,NA,NA,NA,NA,NA,NA,NA,NA,NA,NA,NA,NA,NA,NA,NA,NA,NA,NA,NA,NA,NA,NA,NA,NA,NA,NA,NA,NA,NA,NA,NA,NA,NA,NA,NA,NA,NA,NA
NA,NA,NA,NA,NA,NA,NA,NA,NA,NA,NA,NA,NA,NA,NA,NA,NA,NA,NA,NA,NA,NA,NA,NA,NA,NA,NA,NA,NA,NA,NA,NA,NA,NA,NA,NA,NA,NA,NA,NA,NA,NA,NA,NA
NA,NA,NA,NA,NA,NA,NA,NA,NA,NA,NA,NA,NA,NA,NA,NA,NA,NA,NA,NA,NA,NA,NA,NA,NA,NA,NA,NA,NA,NA,NA,NA,NA,NA,NA,NA,NA,NA,NA,NA,NA,NA,NA,NA
NA,NA,NA,NA,NA,NA,NA,NA,NA,NA,NA,NA,NA,NA,NA,NA,NA,NA,NA,NA,NA,NA,NA,NA,NA,NA,NA,NA,NA,NA,NA,NA,NA,NA,NA,NA,NA,NA,NA,NA,NA,NA,NA,NA
NA,NA,NA,NA,NA,NA,NA,NA,NA,NA,NA,NA,NA,NA,NA,NA,NA,NA,NA,NA,NA,NA,NA,NA,NA,NA,NA,NA,NA,NA,NA,NA,NA,NA,NA,NA,NA,NA,NA,NA,NA,NA,NA,NA
NA,NA,NA,NA,NA,NA,NA,NA,NA,NA,NA,NA,NA,NA,NA,NA,NA,NA,NA,NA,NA,NA,NA,NA,NA,NA,NA,NA,NA,NA,NA,NA,NA,NA,NA,NA,NA,NA,NA,NA,NA,NA,NA,NA
NA,NA,NA,NA,NA,NA,NA,NA,NA,NA,NA,NA,NA,NA,NA,NA,NA,NA,NA,NA,NA,NA,NA,NA,NA,NA,NA,NA,NA,NA,NA,NA,NA,NA,NA,NA,NA,NA,NA,NA,NA,NA,NA,NA
NA,NA,NA,NA,NA,NA,NA,NA,NA,NA,NA,NA,NA,NA,NA,NA,NA,NA,NA,NA,NA,NA,NA,NA,NA,NA,NA,NA,NA,NA,NA,NA,NA,NA,NA,NA,NA,NA,NA,NA,NA,NA,NA,NA
NA,NA,NA,NA,NA,NA,NA,NA,NA,NA,NA,NA,NA,NA,NA,NA,NA,NA,NA,NA,NA,NA,NA,NA,NA,NA,NA,NA,NA,NA,NA,NA,NA,NA,NA,NA,NA,NA,NA,NA,NA,NA,NA,NA
